PermitNum,StatusCurrent,AppliedDate,AppliedYear,IssuedDate,CompletedDate,YearCompleted,PermitType,PermitTypeMapped,PermitClass,PermitClassGroup,PermitClassMapped,WorkClass,WorkClassGroup,WorkClassMapped,Description,ApplicantName,Contractor if no applicant,ContractorName,HousingUnits,EstProjectCost,Project Number,Project Number Hardcoded,OriginalAddress,CommunityCode,CommunityName,Latitude,Longitude,LocationCount,LocationTypes,LocationAddresses,LocationsWKT,LocationsGeoJSON,Point,ADDRESS,Assessed Value Before,Assessed Value After
BP2022-04059,Completed,2022-03-18,2022,2022-05-16,2023-05-19,2023,Commercial / Multi Family Project,Building,1606 - Ths Townhouse,Townhouse,Residential,New,New,New,Part 9 - Row House - Ambleton - Building 2,TRUMAN HOMES 1995,,TRUMAN HOMES 1995,5,"$1,167,492",1,1,#4 90 AMBLESIDE PA NW,ABT,AMBLETON,51.18345672,-114.1165833,6,Titled Parcel;Building;Building;Building;Building;Building,2000 144 AV NW;#5 90 AMBLESIDE PA NW;#2 90 AMBLESIDE PA NW;#4 90 AMBLESIDE PA NW;#3 90 AMBLESIDE PA NW;#1 90 AMBLESIDE PA NW,"MULTIPOINT (-114.11658334324612 51.18345671866443,-114.10998739045728 51.1865222745212,-114.10999040086696 51.18635672972671,-114.10999105768416 51.18647041953752,-114.10999054099226 51.18641560194559,-114.10998629267807 51.186301439065346)","{""type"":""MultiPoint"",""coordinates"":[[-114.1165833,51.1834567],[-114.1099874,51.1865223],[-114.1099904,51.1863567],[-114.1099911,51.1864704],[-114.1099905,51.1864156],[-114.1099863,51.1863014]]}",POINT (-114.11658334324612 51.18345671866443),90 AMBLESIDE PA NW,a,
BP2022-04070,Completed,2022-03-18,2022,2022-05-17,2025-02-28,2025,Commercial / Multi Family Project,Building,1606 - Ths Townhouse,Townhouse,Residential,New,New,New,Part 9 - Row House - Ambleton - Building 3,TRUMAN HOMES 1995,,TRUMAN HOMES 1995,4,"$933,984",1,1,#8 90 AMBLESIDE PA NW,ABT,AMBLETON,51.18345672,-114.1165833,5,Titled Parcel;Building;Building;Building;Building,2000 144 AV NW;#7 90 AMBLESIDE PA NW;#8 90 AMBLESIDE PA NW;#9 90 AMBLESIDE PA NW;#6 90 AMBLESIDE PA NW,"MULTIPOINT (-114.11658334324612 51.18345671866443,-114.10999150380604 51.186657850553864,-114.10999163287202 51.18671207519977,-114.10998721767906 51.186768209894495,-114.10999061658917 51.18660361763063)","{""type"":""MultiPoint"",""coordinates"":[[-114.1165833,51.1834567],[-114.1099915,51.1866579],[-114.1099916,51.1867121],[-114.1099872,51.1867682],[-114.1099906,51.1866036]]}",POINT (-114.11658334324612 51.18345671866443),90 AMBLESIDE PA NW,a,
BP2022-03216,Completed,2022-03-03,2022,2022-06-24,2023-08-28,2023,Commercial / Multi Family Project,Building,1606 - Ths Townhouse,Townhouse,Residential,New,New,New,6 Plex Rowhouse,TRUMAN HOMES 1995,,,6,"$1,110,922",1,1,280 AMBLETON ST NW,ABT,AMBLETON,51.18709846,-114.1109474,6,Titled Parcel;Titled Parcel;Titled Parcel;Titled Parcel;Titled Parcel;Titled Parcel,264 AMBLETON ST NW;276 AMBLETON ST NW;260 AMBLETON ST NW;280 AMBLETON ST NW;268 AMBLETON ST NW;272 AMBLETON ST NW,"MULTIPOINT (-114.11094736514407 51.1870984592287,-114.11094711345088 51.187255776004626,-114.11093933229904 51.18703554022916,-114.1109473681784 51.18731420761871,-114.11094726577095 51.18715239642191,-114.11094718070223 51.187206333601026)","{""type"":""MultiPoint"",""coordinates"":[[-114.1109474,51.1870985],[-114.1109471,51.1872558],[-114.1109393,51.1870355],[-114.1109474,51.1873142],[-114.1109473,51.1871524],[-114.1109472,51.1872063]]}",POINT (-114.11094736514407 51.1870984592287),280 AMBLETON ST NW,a,
BP2022-02487,Completed,2022-02-17,2022,2023-03-21,2023-09-15,2023,Commercial / Multi Family Project,Building,1606 - Ths Townhouse,Townhouse,Residential,New,New,New,5 Plex Rowhouse With 5 Secondary Suites,TRUMAN HOMES 1995,,TRUMAN HOMES 1995,10,"$1,082,976",1,1,84B AMBLEFIELD TC NW,ABT,AMBLETON,51.18739183,-114.1096592,15,Titled Parcel;Titled Parcel;Titled Parcel;Titled Parcel;Titled Parcel;Building;Building;Building;Building;Building;Building Suite;Building Suite;Building Suite;Building Suite;Building Suite,88 AMBLEFIELD TC NW;96 AMBLEFIELD TC NW;84 AMBLEFIELD TC NW;100 AMBLEFIELD TC NW;92 AMBLEFIELD TC NW;88 AMBLEFIELD TC NW;84 AMBLEFIELD TC NW;92 AMBLEFIELD TC NW;100 AMBLEFIELD TC NW;96 AMBLEFIELD TC NW;84B AMBLEFIELD TC NW;100B AMBLEFIELD TC NW;88B AMBLEFIELD TC NW;96B AMBLEFIELD TC NW;92B AMBLEFIELD TC NW,"MULTIPOINT (-114.10965918092901 51.18739183288556,-114.10950966486944 51.18745040477006,-114.10974390013635 51.187364784908006,-114.10941026151497 51.18748645582503,-114.10958464284506 51.18742336602478,-114.10972823559948 51.18747279964389,-114.10980673879395 51.187442422339984,-114.10965595979218 51.187499242640556,-114.10950340796576 51.18755662175527,-114.10957923915068 51.18752737079461,-114.10978964686635 51.187389121559605,-114.10947496715403 51.18756737286089,-114.1097164923445 51.18741893648708,-114.10951490146093 51.187493118048316,-114.10963741866726 51.18744401045072)","{""type"":""MultiPoint"",""coordinates"":[[-114.1096592,51.1873918],[-114.1095097,51.1874504],[-114.1097439,51.1873648],[-114.1094103,51.1874865],[-114.1095846,51.1874234],[-114.1097282,51.1874728],[-114.1098067,51.1874424],[-114.109656,51.1874992],[-114.1095034,51.1875566],[-114.1095792,51.1875274],[-114.1097896,51.1873891],[-114.109475,51.1875674],[-114.1097165,51.1874189],[-114.1095149,51.1874931],[-114.1096374,51.187444]]}",POINT (-114.10965918092901 51.18739183288556),84B AMBLEFIELD TC NW,a,
BP2021-17189,Completed,2021-10-01,2021,2023-02-27,2024-08-26,2024,Commercial / Multi Family Project,Building,1606 - Ths Townhouse,Townhouse,Residential,New,New,New,"Albert Park Rowhomes (Building A, B and Waste and Storage Building)",FORMED ALLIANCE ARCHITECTURE STUDIO,,,16,"$3,439,985",2,2,#108 1302 34 ST SE,ALB,ALBERT PARK/RADISSON HEIGHTS,51.04228222,-113.9844429,19,Titled Parcel;Building;Building;Building Suite;Building Suite;Building Suite;Building Suite;Building Suite;Building Suite;Building Suite;Building Suite;Building Suite;Building Suite;Building Suite;Building Suite;Building Suite;Building Suite;Building Suite;Building Suite,1302 34 ST SE;#200 1302 34 ST SE;#100 1302 34 ST SE;#203 1302 34 ST SE;#104 1302 34 ST SE;#111 1302 34 ST SE;#105 1302 34 ST SE;#108 1302 34 ST SE;#107 1302 34 ST SE;#101 1302 34 ST SE;#103 1302 34 ST SE;#110 1302 34 ST SE;#106 1302 34 ST SE;#102 1302 34 ST SE;#204 1302 34 ST SE;#205 1302 34 ST SE;#109 1302 34 ST SE;#202 1302 34 ST SE;#201 1302 34 ST SE,"MULTIPOINT (-113.98444289021465 51.04228222051515,-113.98432308093946 51.04223347114238,-113.98421838009227 51.04233200254772,-113.98432080145679 51.04226951069205,-113.98427040031892 51.04237367699032,-113.98433663310507 51.042302334344214,-113.98413400423141 51.04237401814371,-113.98411479226999 51.04230194481406,-113.98403496920983 51.042374004657816,-113.98442376736106 51.04236834863683,-113.98431794271154 51.04237404296849,-113.98431852305706 51.04230233191578,-113.9841170204449 51.04237472602615,-113.98433603888837 51.04237297561648,-113.98423534266156 51.042267710238754,-113.98423933099586 51.04219670983398,-113.98413515550173 51.04230158799045,-113.98441248869997 51.04223812180488,-113.98441306304612 51.042226345326036)","{""type"":""MultiPoint"",""coordinates"":[[-113.9844429,51.0422822],[-113.9843231,51.0422335],[-113.9842184,51.042332],[-113.9843208,51.0422695],[-113.9842704,51.0423737],[-113.9843366,51.0423023],[-113.984134,51.042374],[-113.9841148,51.0423019],[-113.984035,51.042374],[-113.9844238,51.0423683],[-113.9843179,51.042374],[-113.9843185,51.0423023],[-113.984117,51.0423747],[-113.984336,51.042373],[-113.9842353,51.0422677],[-113.9842393,51.0421967],[-113.9841352,51.0423016],[-113.9844125,51.0422381],[-113.9844131,51.0422263]]}",POINT (-113.98444289021465 51.04228222051515),1302 34 ST SE,a,
BP2019-12584,Completed,2019-09-13,2019,2019-10-24,2020-12-17,2020,Commercial / Multi Family Project,Building,1606 - Ths Townhouse,Townhouse,Residential,New,New,New,4 Unit Residential 2 Storey Rowhouse,HABITAT FOR HUMANITY,,HABITAT FOR HUMANITY,4,"$875,000",2,2,#3 1305 36 ST SE,ALB,ALBERT PARK/RADISSON HEIGHTS,51.04207958,-113.9818678,6,Titled Parcel;Building;Building Suite;Building Suite;Building Suite;Building Suite,1305 36 ST SE;1305 36 ST SE;#3 1305 36 ST SE;#1 1305 36 ST SE;#2 1305 36 ST SE;#4 1305 36 ST SE,"MULTIPOINT (-113.98186783556261 51.04207958030707,-113.98203164477701 51.04217273029278,-113.9820599546254 51.04212528680905,-113.98188565552313 51.04212846926119,-113.98197563655448 51.042124554657256,-113.98214711068077 51.042125300154595)","{""type"":""MultiPoint"",""coordinates"":[[-113.9818678,51.0420796],[-113.9820316,51.0421727],[-113.98206,51.0421253],[-113.9818857,51.0421285],[-113.9819756,51.0421246],[-113.9821471,51.0421253]]}",POINT (-113.98186783556261 51.04207958030707),1305 36 ST SE,a,
BP2020-01960,Completed,2020-02-18,2020,2020-02-21,2021-07-16,2021,Commercial / Multi Family Project,Building,1606 - Ths Townhouse,Townhouse,Residential,New,New,New,8B Radisson -  Habitat for Humanity 4 unit rowhouse,HABITAT FOR HUMANITY,,,4,"$875,000",2,2,#3 1313 36 ST SE,ALB,ALBERT PARK/RADISSON HEIGHTS,51.04207958,-113.9818678,6,Titled Parcel;Building;Building Suite;Building Suite;Building Suite;Building Suite,1305 36 ST SE;1313 36 ST SE;#2 1313 36 ST SE;#1 1313 36 ST SE;#4 1313 36 ST SE;#3 1313 36 ST SE,"MULTIPOINT (-113.98186783556261 51.04207958030707,-113.98203326602756 51.041999696079856,-113.98197510146396 51.04203357843387,-113.98187819438328 51.04202714477612,-113.98214375209089 51.0420336043217,-113.98205999031369 51.04203288130546)","{""type"":""MultiPoint"",""coordinates"":[[-113.9818678,51.0420796],[-113.9820333,51.0419997],[-113.9819751,51.0420336],[-113.9818782,51.0420271],[-113.9821438,51.0420336],[-113.98206,51.0420329]]}",POINT (-113.98186783556261 51.04207958030707),1313 36 ST SE,a,
BP2021-07968,Completed,2021-05-11,2021,2021-07-29,2024-07-18,2024,Commercial / Multi Family Project,Building,1606 - Ths Townhouse,Townhouse,Residential,New,New,New,"3 -Unit Residential Rowhouse; located at 210, 214, 218 ALPINE AV SW",GENESIS BUILDERS GROUP,,GENESIS BUILDERS GROUP,3,"$731,530",3,3,214 ALPINE AV SW,ALP,ALPINE PARK,50.91750523,-114.1405114,7,Titled Parcel;Titled Parcel;Titled Parcel;Titled Parcel;Building;Building;Building,15113 37 ST SW;218 ALPINE AV SW;214 ALPINE AV SW;210 ALPINE AV SW;210 ALPINE AV SW;218 ALPINE AV SW;214 ALPINE AV SW,"MULTIPOINT (-114.14051140887629 50.91750523136649,-114.14075279170125 50.91606655079675,-114.14066412236565 50.916066657647264,-114.14055224399067 50.91606679236964,-114.14058418489519 50.91614228737371,-114.14075127192282 50.916147327218376,-114.14066396336459 50.91614600302834)","{""type"":""MultiPoint"",""coordinates"":[[-114.1405114,50.9175052],[-114.1407528,50.9160666],[-114.1406641,50.9160667],[-114.1405522,50.9160668],[-114.1405842,50.9161423],[-114.1407513,50.9161473],[-114.140664,50.916146]]}",POINT (-114.14051140887629 50.91750523136649),214 ALPINE AV SW,a,
BP2022-05829,Completed,2022-04-12,2022,2022-06-29,2022-12-28,2022,Commercial / Multi Family Project,Building,1606 - Ths Townhouse,Townhouse,Residential,New,New,New,3 Unit Residential Rowhouse - Bldg 3,GENESIS BUILDERS GROUP,,GENESIS BUILDERS GROUP,3,"$706,968",3,3,254 ALPINE AV SW,ALP,ALPINE PARK,50.91606555,-114.1415826,3,Titled Parcel;Titled Parcel;Titled Parcel,254 ALPINE AV SW;246 ALPINE AV SW;250 ALPINE AV SW,"MULTIPOINT (-114.1415826427961 50.91606554752506,-114.14140538946184 50.91606576231577,-114.14149405879292 50.91606565490235)","{""type"":""MultiPoint"",""coordinates"":[[-114.1415826,50.9160655],[-114.1414054,50.9160658],[-114.1414941,50.9160657]]}",POINT (-114.1415826427961 50.91606554752506),254 ALPINE AV SW,a,
BP2019-01240,Completed,2019-02-05,2019,2019-04-03,2020-03-18,2020,Commercial / Multi Family Project,Building,1606 - Ths Townhouse,Townhouse,Residential,New,New,New,Oldstreet -4 plex non-stacked townhouse,BMP CONSTRUCTION MANAGEMENT,,BMP CONSTRUCTION MANAGEMENT,4,"$963,760",4,4,2106 49 AV SW,ALT,ALTADORE,51.0100531,-114.1094966,5,Titled Parcel;Building;Building;Building;Building,2102 49 AV SW;2108 49 AV SW;4929 20 ST SW;2106 49 AV SW;2110 49 AV SW,"MULTIPOINT (-114.10949657929051 51.01005310021835,-114.1097126557762 51.01006075461374,-114.10954148660369 51.01006756764909,-114.10963046307413 51.010061299227196,-114.10979634805499 51.01006161993044)","{""type"":""MultiPoint"",""coordinates"":[[-114.1094966,51.0100531],[-114.1097127,51.0100608],[-114.1095415,51.0100676],[-114.1096305,51.0100613],[-114.1097963,51.0100616]]}",POINT (-114.10949657929051 51.01005310021835),2106 49 AV SW,a,
BP2018-16602,Completed,2018-12-21,2018,2019-02-14,2020-07-21,2020,Commercial / Multi Family Project,Building,1606 - Ths Townhouse,Townhouse,Residential,New,New,New,New  Building - Marlo Townhomes,CASOLA KOPPE,,,14,"$2,466,452",4,4,1708 36 AV SW,ALT,ALTADORE,51.02250633,-114.1018899,2,Titled Parcel;Building,1723 35 AV SW;1708 36 AV SW,"MULTIPOINT (-114.10188990201569 51.02250633111815,-114.1012906370231 51.02222873554971)","{""type"":""MultiPoint"",""coordinates"":[[-114.1018899,51.0225063],[-114.1012906,51.0222287]]}",POINT (-114.10188990201569 51.02250633111815),1708 36 AV SW,a,
BP2019-08007,Completed,2019-06-21,2019,2019-07-11,2020-12-18,2020,Commercial / Multi Family Project,Building,1606 - Ths Townhouse,Townhouse,Residential,New,New,New,New Building - MARLO 2,CASOLA KOPPE,,,7,"$1,325,893",4,4,1709 35 AV SW,ALT,ALTADORE,51.02250633,-114.1018899,2,Titled Parcel;Building,1723 35 AV SW;1709 35 AV SW,"MULTIPOINT (-114.10188990201569 51.02250633111815,-114.10118800000303 51.022479423312284)","{""type"":""MultiPoint"",""coordinates"":[[-114.1018899,51.0225063],[-114.101188,51.0224794]]}",POINT (-114.10188990201569 51.02250633111815),1709 35 AV SW,a,
BP2018-01053,Completed,2018-01-31,2018,2018-02-14,2019-06-12,2019,Commercial / Multi Family Project,Building,1606 - Ths Townhouse,Townhouse,Residential,New,New,New,New - Part 9 Group C - 4 Unit Townhouse,FLECHAS ARCHITECTURE,,,4,"$1,178,300",4,4,1748 36 AV SW,ALT,ALTADORE,51.02231188,-114.1032289,8,Titled Parcel;Titled Parcel;Titled Parcel;Titled Parcel;Building;Building;Building;Building,3624 17 ST SW;3620 17 ST SW;3622 17 ST SW;1748 36 AV SW;3624 17 ST SW;1748 36 AV SW;3620 17 ST SW;3622 17 ST SW,"MULTIPOINT (-114.10322888662537 51.02231187591683,-114.10322936571912 51.02248268113545,-114.1032245706611 51.02238379789489,-114.10322366533556 51.02213657999661,-114.10317541692768 51.02231655286954,-114.10316458621811 51.0221890695014,-114.10317428561396 51.02248114757862,-114.10317473961814 51.022351757409666)","{""type"":""MultiPoint"",""coordinates"":[[-114.1032289,51.0223119],[-114.1032294,51.0224827],[-114.1032246,51.0223838],[-114.1032237,51.0221366],[-114.1031754,51.0223166],[-114.1031646,51.0221891],[-114.1031743,51.0224811],[-114.1031747,51.0223518]]}",POINT (-114.10322888662537 51.02231187591683),1748 36 AV SW,a,
BP2019-06554,Completed,2019-05-29,2019,2019-07-23,2020-10-13,2020,Commercial / Multi Family Project,Building,1606 - Ths Townhouse,Townhouse,Residential,New,New,New,ALTADOR 5 PLEX STACKED HOUSES WITH 6 GARAGES (new0,MATT WILSON VENTURES,,,5,"$1,273,417",4,4,1502 37 AV SW,ALT,ALTADORE,51.02136604,-114.0948712,7,Titled Parcel;Building;Building;Building;Building;Building;Building,3725 14 ST SW;1502 37 AV SW;1508 37 AV SW;1504 37 AV SW;1510 37 AV SW;1506 37 AV SW;3723 14 ST SW,"MULTIPOINT (-114.09487123581673 51.0213660441425,-114.09495593037022 51.02128952633329,-114.09519879507052 51.021289706306156,-114.09503738901948 51.02128964889904,-114.09526234977399 51.02128903421972,-114.09511944592622 51.02128958213585,-114.09502172917723 51.02140350810357)","{""type"":""MultiPoint"",""coordinates"":[[-114.0948712,51.021366],[-114.0949559,51.0212895],[-114.0951988,51.0212897],[-114.0950374,51.0212896],[-114.0952623,51.021289],[-114.0951194,51.0212896],[-114.0950217,51.0214035]]}",POINT (-114.09487123581673 51.0213660441425),1502 37 AV SW,a,
BP2022-16083,Completed,2022-09-20,2022,2023-03-24,2025-03-07,2025,Commercial / Multi Family Project,Building,1606 - Ths Townhouse,Townhouse,Residential,New,New,New,New 4- unit townhouse.,MGS CUSTOM HOMES,,,4,"$1,065,319",5,5,1603 37 AV SW,ALT,ALTADORE,51.02103513,-114.0982453,5,Titled Parcel;Building;Building;Building;Building,1611 37 AV SW;1607 37 AV SW;1603 37 AV SW;1605 37 AV SW;1609 37 AV SW,"MULTIPOINT (-114.098245271552 51.02103512954674,-114.09802581612038 51.02098950196125,-114.0978432310757 51.02098965497908,-114.09793365414565 51.02098957923448,-114.09811623687467 51.02098832932505)","{""type"":""MultiPoint"",""coordinates"":[[-114.0982453,51.0210351],[-114.0980258,51.0209895],[-114.0978432,51.0209897],[-114.0979337,51.0209896],[-114.0981162,51.0209883]]}",POINT (-114.098245271552 51.02103512954674),1603 37 AV SW,a,
BP2020-17263,Completed,2020-11-25,2020,2021-01-28,2021-12-03,2021,Commercial / Multi Family Project,Building,1606 - Ths Townhouse,Townhouse,Residential,New,New,New,New - Part 9 Group C- Altadore Townhouses,MODERN OFFICE OF DESIGN & ARCHITECTURE,,RNDSQR CONSTRUCTION,6,"$2,024,960",5,5,2208R 49 AV SW,ALT,ALTADORE,51.01004852,-114.114283,13,Titled Parcel;Building;Building;Building;Building;Building;Building;Building Suite;Building Suite;Building Suite;Building Suite;Building Suite;Building Suite,2212 49 AV SW;2204 49 AV SW;2202 49 AV SW;2208 49 AV SW;4929 21A ST SW;2206 49 AV SW;4927 21A ST SW;4927R 21A ST SW;2202R 49 AV SW;4929R 21A ST SW;2208R 49 AV SW;2206R 49 AV SW;2204R 49 AV SW,"MULTIPOINT (-114.11428298474716 51.01004851693228,-114.1139943196482 51.01009962717768,-114.11389985741684 51.01010006989619,-114.11415364083763 51.0100962982435,-114.11394589878142 51.010187136075,-114.11407705154551 51.01009813504024,-114.11394546400355 51.01023650842637,-114.11399223127636 51.01026500539516,-114.11389256514607 51.010130687240114,-114.11399774071174 51.010204696508296,-114.11418403621776 51.01014277273033,-114.11411872235703 51.010105483957986,-114.1141262781123 51.010112614472)","{""type"":""MultiPoint"",""coordinates"":[[-114.114283,51.0100485],[-114.1139943,51.0100996],[-114.1138999,51.0101001],[-114.1141536,51.0100963],[-114.1139459,51.0101871],[-114.1140771,51.0100981],[-114.1139455,51.0102365],[-114.1139922,51.010265],[-114.1138926,51.0101307],[-114.1139977,51.0102047],[-114.114184,51.0101428],[-114.1141187,51.0101055],[-114.1141263,51.0101126]]}",POINT (-114.11428298474716 51.01004851693228),2208R 49 AV SW,a,
BP2018-03382,Completed,2018-03-29,2018,2018-05-11,2019-02-06,2019,Commercial / Multi Family Project,Building,1606 - Ths Townhouse,Townhouse,Residential,New,New,New,Altadore 48 - 4 units non stacked townhouses,RNDSQR,,RNDSQR CONSTRUCTION,4,"$860,520",5,5,1703 48 AV SW,ALT,ALTADORE,51.01049694,-114.1007915,5,Titled Parcel;Building;Building;Building;Building,1701 48 AV SW;4909 16 ST SW;1703 48 AV SW;4907 16 ST SW;4905 16 ST SW,"MULTIPOINT (-114.10079150693446 51.01049693810219,-114.1007873558593 51.010317433575466,-114.10083574310038 51.010465813246526,-114.10078519758954 51.010367032103666,-114.10078467939223 51.01039093639976)","{""type"":""MultiPoint"",""coordinates"":[[-114.1007915,51.0104969],[-114.1007874,51.0103174],[-114.1008357,51.0104658],[-114.1007852,51.010367],[-114.1007847,51.0103909]]}",POINT (-114.10079150693446 51.01049693810219),1703 48 AV SW,a,
BP2018-06248,Completed,2018-05-24,2018,2018-07-04,2019-10-09,2019,Commercial / Multi Family Project,Building,1606 - Ths Townhouse,Townhouse,Residential,New,New,New,,RNDSQR CONSTRUCTION,,,4,"$948,049",5,5,1750 50 AV SW,ALT,ALTADORE,51.00883174,-114.1031777,5,Titled Parcel;Building;Building;Building;Building,1748 50 AV SW;5020 17 ST SW;5018 17 ST SW;5016 17 ST SW;1750 50 AV SW,"MULTIPOINT (-114.10317774453463 51.00883174420729,-114.10320649451708 51.00893831077522,-114.10320709870072 51.008998667700986,-114.10321048142453 51.00903969412065,-114.1032091760689 51.008875280978565)","{""type"":""MultiPoint"",""coordinates"":[[-114.1031777,51.0088317],[-114.1032065,51.0089383],[-114.1032071,51.0089987],[-114.1032105,51.0090397],[-114.1032092,51.0088753]]}",POINT (-114.10317774453463 51.00883174420729),1750 50 AV SW,a,
BP2019-15173,Completed,2019-11-06,2019,2023-02-01,2025-12-02,2025,Commercial / Multi Family Project,Building,1606 - Ths Townhouse,Townhouse,Residential,New,New,New,New Building - MARLO 4,URBAN IMAGE FINE HOMES,,,10,"$1,893,410",5,5,#104 1708 36 AV SW,ALT,ALTADORE,51.02214297,-114.1010521,12,Titled Parcel;Building;Building Suite;Building Suite;Building Suite;Building Suite;Building Suite;Building Suite;Building Suite;Building Suite;Building Suite;Building Suite,1708 36 AV SW;1708 36 AV SW;#102 1708 36 AV SW;#104 1708 36 AV SW;#201 1708 36 AV SW;#11 1708 36 AV SW;#12 1708 36 AV SW;#101 1708 36 AV SW;#13 1708 36 AV SW;#103 1708 36 AV SW;#203 1708 36 AV SW;#202 1708 36 AV SW,"MULTIPOINT (-114.1010520570059 51.02214297355511,-114.1012906370239 51.022228736181894,-114.10125161815641 51.022186527062956,-114.10143445517869 51.02218865190418,-114.10114753523136 51.02218546650767,-114.10114843446554 51.02218604107467,-114.1012516169032 51.022185951718704,-114.10114934544956 51.02218546494082,-114.10134212906732 51.02218644860552,-114.10134123108504 51.02218644938425,-114.10134212655863 51.02218529791702,-114.10125161441634 51.02218481001997)","{""type"":""MultiPoint"",""coordinates"":[[-114.1010521,51.022143],[-114.1012906,51.0222287],[-114.1012516,51.0221865],[-114.1014345,51.0221887],[-114.1011475,51.0221855],[-114.1011484,51.022186],[-114.1012516,51.022186],[-114.1011493,51.0221855],[-114.1013421,51.0221864],[-114.1013412,51.0221864],[-114.1013421,51.0221853],[-114.1012516,51.0221848]]}",POINT (-114.1010520570059 51.02214297355511),1708 36 AV SW,a,
BP2022-20247,Completed,2022-12-19,2022,2023-02-08,2024-10-30,2024,Commercial / Multi Family Project,Building,1606 - Ths Townhouse,Townhouse,Residential,New,New,New,14 Unit Residential Rowhouse - Building C,GRAVITY ARCHITECTURE,,AVALON INDUSTRIES,14,"$1,933,202",6,6,#310 81 ARBOUR LAKE VW NW,ARB,ARBOUR LAKE,51.1306366,-114.2159599,16,Titled Parcel;Building;Building Suite;Building Suite;Building Suite;Building Suite;Building Suite;Building Suite;Building Suite;Building Suite;Building Suite;Building Suite;Building Suite;Building Suite;Building Suite;Building Suite,81 ARBOUR LAKE VW NW;#300 81 ARBOUR LAKE VW NW;#305 81 ARBOUR LAKE VW NW;#314 81 ARBOUR LAKE VW NW;#302 81 ARBOUR LAKE VW NW;#311 81 ARBOUR LAKE VW NW;#304 81 ARBOUR LAKE VW NW;#307 81 ARBOUR LAKE VW NW;#310 81 ARBOUR LAKE VW NW;#309 81 ARBOUR LAKE VW NW;#306 81 ARBOUR LAKE VW NW;#303 81 ARBOUR LAKE VW NW;#313 81 ARBOUR LAKE VW NW;#308 81 ARBOUR LAKE VW NW;#312 81 ARBOUR LAKE VW NW;#301 81 ARBOUR LAKE VW NW,"MULTIPOINT (-114.21595991895694 51.13063659822156,-114.2149356610935 51.13054071400427,-114.21498310720511 51.13050352666426,-114.21496443879255 51.13071381905129,-114.21506012036296 51.13064323649624,-114.21488969079645 51.130572675647606,-114.21500828736397 51.13055105341227,-114.21493051505776 51.13041085950008,-114.2148637788812 51.1305275324663,-114.21483784388732 51.130480483523186,-114.21495643581962 51.130457908449394,-114.21503647548425 51.13059714527549,-114.21494002464595 51.130668196685434,-114.2148157181042 51.13043533337568,-114.21491562262317 51.130622097842355,-114.21507998475654 51.1306874468454)","{""type"":""MultiPoint"",""coordinates"":[[-114.2159599,51.1306366],[-114.2149357,51.1305407],[-114.2149831,51.1305035],[-114.2149644,51.1307138],[-114.2150601,51.1306432],[-114.2148897,51.1305727],[-114.2150083,51.1305511],[-114.2149305,51.1304109],[-114.2148638,51.1305275],[-114.2148378,51.1304805],[-114.2149564,51.1304579],[-114.2150365,51.1305971],[-114.21494,51.1306682],[-114.2148157,51.1304353],[-114.2149156,51.1306221],[-114.21508,51.1306874]]}",POINT (-114.21595991895694 51.13063659822156),81 ARBOUR LAKE VW NW,a,
BP2022-20490,Completed,2022-12-26,2022,2023-03-06,2024-10-30,2024,Commercial / Multi Family Project,Building,1606 - Ths Townhouse,Townhouse,Residential,New,New,New,14 Unit Residential Rowhouse - Building D,GRAVITY ARCHITECTURE,,AVALON INDUSTRIES,14,"$1,933,202",6,6,#410 81 ARBOUR LAKE VW NW,ARB,ARBOUR LAKE,51.1306366,-114.2159599,16,Titled Parcel;Building;Building Suite;Building Suite;Building Suite;Building Suite;Building Suite;Building Suite;Building Suite;Building Suite;Building Suite;Building Suite;Building Suite;Building Suite;Building Suite;Building Suite,81 ARBOUR LAKE VW NW;#400 81 ARBOUR LAKE VW NW;#404 81 ARBOUR LAKE VW NW;#408 81 ARBOUR LAKE VW NW;#405 81 ARBOUR LAKE VW NW;#403 81 ARBOUR LAKE VW NW;#401 81 ARBOUR LAKE VW NW;#409 81 ARBOUR LAKE VW NW;#411 81 ARBOUR LAKE VW NW;#413 81 ARBOUR LAKE VW NW;#402 81 ARBOUR LAKE VW NW;#406 81 ARBOUR LAKE VW NW;#414 81 ARBOUR LAKE VW NW;#412 81 ARBOUR LAKE VW NW;#407 81 ARBOUR LAKE VW NW;#410 81 ARBOUR LAKE VW NW,"MULTIPOINT (-114.21595991895694 51.13063659822156,-114.21474882043961 51.13019379742491,-114.21481457052418 51.13018796827342,-114.21462276266865 51.13007272296424,-114.2147878994873 51.13014235001724,-114.21483821501369 51.130234068532346,-114.21489005280174 51.13032435487891,-114.21464867630186 51.130118342648586,-114.21469675187929 51.13021387693213,-114.21474858392071 51.13030606915026,-114.21486792159945 51.13028111054823,-114.21476727402948 51.13009719710271,-114.2147737427727 51.13035215765104,-114.21472645168018 51.130259489647834,-114.21474058324749 51.13004729981486,-114.21467158209352 51.13016539719647)","{""type"":""MultiPoint"",""coordinates"":[[-114.2159599,51.1306366],[-114.2147488,51.1301938],[-114.2148146,51.130188],[-114.2146228,51.1300727],[-114.2147879,51.1301424],[-114.2148382,51.1302341],[-114.2148901,51.1303244],[-114.2146487,51.1301183],[-114.2146968,51.1302139],[-114.2147486,51.1303061],[-114.2148679,51.1302811],[-114.2147673,51.1300972],[-114.2147737,51.1303522],[-114.2147265,51.1302595],[-114.2147406,51.1300473],[-114.2146716,51.1301654]]}",POINT (-114.21595991895694 51.13063659822156),81 ARBOUR LAKE VW NW,a,
BP2022-13319,Completed,2022-08-03,2022,2022-11-08,2024-05-27,2024,Commercial / Multi Family Project,Building,1606 - Ths Townhouse,Townhouse,Residential,New,New,New,16 Unit Residential Rowhouse - Building A,GRAVITY ARCHITECTURE,,AVALON MASTER BUILDER,16,"$2,196,642",6,6,#111 81 ARBOUR LAKE VW NW,ARB,ARBOUR LAKE,51.1306366,-114.2159599,18,Titled Parcel;Building;Building Suite;Building Suite;Building Suite;Building Suite;Building Suite;Building Suite;Building Suite;Building Suite;Building Suite;Building Suite;Building Suite;Building Suite;Building Suite;Building Suite;Building Suite;Building Suite,81 ARBOUR LAKE VW NW;#100 81 ARBOUR LAKE VW NW;#105 81 ARBOUR LAKE VW NW;#107 81 ARBOUR LAKE VW NW;#113 81 ARBOUR LAKE VW NW;#111 81 ARBOUR LAKE VW NW;#102 81 ARBOUR LAKE VW NW;#110 81 ARBOUR LAKE VW NW;#101 81 ARBOUR LAKE VW NW;#106 81 ARBOUR LAKE VW NW;#104 81 ARBOUR LAKE VW NW;#115 81 ARBOUR LAKE VW NW;#114 81 ARBOUR LAKE VW NW;#116 81 ARBOUR LAKE VW NW;#109 81 ARBOUR LAKE VW NW;#112 81 ARBOUR LAKE VW NW;#108 81 ARBOUR LAKE VW NW;#103 81 ARBOUR LAKE VW NW,"MULTIPOINT (-114.21595991895694 51.13063659822156,-114.21553334398816 51.130632377905194,-114.21549517228846 51.13059319959097,-114.21534892698658 51.13060488577177,-114.21559532218126 51.13066937279634,-114.2154348873757 51.13067751636375,-114.21573323673171 51.13057456572713,-114.21536179380674 51.13068656867762,-114.21581316821849 51.130570498788494,-114.21542432792249 51.13060046785639,-114.21557225076472 51.13058699854574,-114.21574665378589 51.130657676925125,-114.21567184186196 51.13066280414153,-114.21583225730056 51.13065359052072,-114.21528582124523 51.130690987604744,-114.21551482567783 51.130674869975614,-114.21526956691882 51.130608960330875,-114.215656707241 51.13057899491231)","{""type"":""MultiPoint"",""coordinates"":[[-114.2159599,51.1306366],[-114.2155333,51.1306324],[-114.2154952,51.1305932],[-114.2153489,51.1306049],[-114.2155953,51.1306694],[-114.2154349,51.1306775],[-114.2157332,51.1305746],[-114.2153618,51.1306866],[-114.2158132,51.1305705],[-114.2154243,51.1306005],[-114.2155723,51.130587],[-114.2157467,51.1306577],[-114.2156718,51.1306628],[-114.2158323,51.1306536],[-114.2152858,51.130691],[-114.2155148,51.1306749],[-114.2152696,51.130609],[-114.2156567,51.130579]]}",POINT (-114.21595991895694 51.13063659822156),81 ARBOUR LAKE VW NW,a,
BP2022-15623,Completed,2022-09-13,2022,2022-12-22,2025-01-21,2025,Commercial / Multi Family Project,Building,1606 - Ths Townhouse,Townhouse,Residential,New,New,New,9 Unit Residential Rowhouse - Building B,GRAVITY ARCHITECTURE,,AVALON INDUSTRIES,9,"$1,292,123",6,6,#207 81 ARBOUR LAKE VW NW,ARB,ARBOUR LAKE,51.1306366,-114.2159599,11,Titled Parcel;Building;Building Suite;Building Suite;Building Suite;Building Suite;Building Suite;Building Suite;Building Suite;Building Suite;Building Suite,81 ARBOUR LAKE VW NW;#200 81 ARBOUR LAKE VW NW;#208 81 ARBOUR LAKE VW NW;#201 81 ARBOUR LAKE VW NW;#210 81 ARBOUR LAKE VW NW;#203 81 ARBOUR LAKE VW NW;#204 81 ARBOUR LAKE VW NW;#205 81 ARBOUR LAKE VW NW;#202 81 ARBOUR LAKE VW NW;#209 81 ARBOUR LAKE VW NW;#207 81 ARBOUR LAKE VW NW,"MULTIPOINT (-114.21595991895694 51.13063659822156,-114.21535756568171 51.130225975615666,-114.21540994089058 51.13023194715148,-114.21534168069155 51.130346240954154,-114.21545403042775 51.13032405443185,-114.21529530879664 51.13025178255445,-114.21526674804413 51.130205448717135,-114.21524182642273 51.130090616303065,-114.21531367208924 51.13029884533787,-114.21543171663363 51.130278527181886,-114.2153872321153 51.13018441593586)","{""type"":""MultiPoint"",""coordinates"":[[-114.2159599,51.1306366],[-114.2153576,51.130226],[-114.2154099,51.1302319],[-114.2153417,51.1303462],[-114.215454,51.1303241],[-114.2152953,51.1302518],[-114.2152667,51.1302054],[-114.2152418,51.1300906],[-114.2153137,51.1302988],[-114.2154317,51.1302785],[-114.2153872,51.1301844]]}",POINT (-114.21595991895694 51.13063659822156),81 ARBOUR LAKE VW NW,a,
BP2023-02666,Completed,2023-03-03,2023,2023-05-23,2024-12-12,2024,Commercial / Multi Family Project,Building,1606 - Ths Townhouse,Townhouse,Residential,New,New,New,12 Unit Residential Rowhouse - Building E,GRAVITY ARCHITECTURE,,AVALON INDUSTRIES,12,"$1,589,157",6,6,#509 81 ARBOUR LAKE VW NW,ARB,ARBOUR LAKE,51.1306366,-114.2159599,14,Titled Parcel;Building;Building Suite;Building Suite;Building Suite;Building Suite;Building Suite;Building Suite;Building Suite;Building Suite;Building Suite;Building Suite;Building Suite;Building Suite,81 ARBOUR LAKE VW NW;#500 81 ARBOUR LAKE VW NW;#509 81 ARBOUR LAKE VW NW;#511 81 ARBOUR LAKE VW NW;#508 81 ARBOUR LAKE VW NW;#502 81 ARBOUR LAKE VW NW;#504 81 ARBOUR LAKE VW NW;#506 81 ARBOUR LAKE VW NW;#501 81 ARBOUR LAKE VW NW;#512 81 ARBOUR LAKE VW NW;#510 81 ARBOUR LAKE VW NW;#503 81 ARBOUR LAKE VW NW;#505 81 ARBOUR LAKE VW NW;#507 81 ARBOUR LAKE VW NW,"MULTIPOINT (-114.21595991895694 51.13063659822156,-114.21473572289453 51.12981563738006,-114.21469022749554 51.12978658556172,-114.21460044709646 51.12986630842517,-114.21473370899128 51.12974797624659,-114.21470895559 51.129912495684415,-114.21479477842848 51.129832771016986,-114.21488284508688 51.1297502014444,-114.2146566068034 51.129952191028444,-114.21455470703248 51.12990778053069,-114.21464279679918 51.12982699104161,-114.21474790495883 51.12987317551584,-114.21483767519047 51.129791313029465,-114.21477716889935 51.12970472831329)","{""type"":""MultiPoint"",""coordinates"":[[-114.2159599,51.1306366],[-114.2147357,51.1298156],[-114.2146902,51.1297866],[-114.2146004,51.1298663],[-114.2147337,51.129748],[-114.214709,51.1299125],[-114.2147948,51.1298328],[-114.2148828,51.1297502],[-114.2146566,51.1299522],[-114.2145547,51.1299078],[-114.2146428,51.129827],[-114.2147479,51.1298732],[-114.2148377,51.1297913],[-114.2147772,51.1297047]]}",POINT (-114.21595991895694 51.13063659822156),81 ARBOUR LAKE VW NW,a,
BP2023-02661,Completed,2023-03-03,2023,2023-05-31,2025-01-08,2025,Commercial / Multi Family Project,Building,1606 - Ths Townhouse,Townhouse,Residential,New,New,New,12 Unit Residential Rowhouse - Building F,GRAVITY ARCHITECTURE,,AVALON INDUSTRIES,12,"$1,588,972",6,6,#609 81 ARBOUR LAKE VW NW,ARB,ARBOUR LAKE,51.1306366,-114.2159599,14,Titled Parcel;Building;Building Suite;Building Suite;Building Suite;Building Suite;Building Suite;Building Suite;Building Suite;Building Suite;Building Suite;Building Suite;Building Suite;Building Suite,81 ARBOUR LAKE VW NW;#600 81 ARBOUR LAKE VW NW;#601 81 ARBOUR LAKE VW NW;#605 81 ARBOUR LAKE VW NW;#606 81 ARBOUR LAKE VW NW;#604 81 ARBOUR LAKE VW NW;#611 81 ARBOUR LAKE VW NW;#607 81 ARBOUR LAKE VW NW;#603 81 ARBOUR LAKE VW NW;#602 81 ARBOUR LAKE VW NW;#612 81 ARBOUR LAKE VW NW;#609 81 ARBOUR LAKE VW NW;#610 81 ARBOUR LAKE VW NW;#608 81 ARBOUR LAKE VW NW,"MULTIPOINT (-114.21595991895694 51.13063659822156,-114.21507448521052 51.12950343484299,-114.21498764392081 51.12964666423447,-114.21516643726564 51.12948554717893,-114.21521274285716 51.12944300402566,-114.215122778377 51.1295258200622,-114.21492126065922 51.12955591921215,-114.21510420576952 51.12939360799035,-114.2150774099498 51.12956408239885,-114.21502940729967 51.12960733879727,-114.21487834664914 51.1295966760739,-114.21501442851368 51.12947369075676,-114.21497095414482 51.12951372951413,-114.21505450096946 51.12943330764335)","{""type"":""MultiPoint"",""coordinates"":[[-114.2159599,51.1306366],[-114.2150745,51.1295034],[-114.2149876,51.1296467],[-114.2151664,51.1294855],[-114.2152127,51.129443],[-114.2151228,51.1295258],[-114.2149213,51.1295559],[-114.2151042,51.1293936],[-114.2150774,51.1295641],[-114.2150294,51.1296073],[-114.2148783,51.1295967],[-114.2150144,51.1294737],[-114.214971,51.1295137],[-114.2150545,51.1294333]]}",POINT (-114.21595991895694 51.13063659822156),81 ARBOUR LAKE VW NW,a,
BP2018-07136,Completed,2018-06-07,2018,2018-06-12,2020-02-13,2020,Commercial / Multi Family Project,Building,1606 - Ths Townhouse,Townhouse,Residential,New,New,New,Auburn Bay Phase 38 - Bldg. #4 New Townhouse,BROOKFIELD RESIDENTIAL (ALBERTA),,,8,"$1,567,694",7,7,90 AUBURN MEADOWS VW SE,AUB,AUBURN BAY,50.89313851,-113.946882,16,Titled Parcel;Titled Parcel;Titled Parcel;Titled Parcel;Titled Parcel;Titled Parcel;Titled Parcel;Titled Parcel;Building;Building;Building;Building;Building;Building;Building;Building,62 AUBURN MEADOWS VW SE;82 AUBURN MEADOWS VW SE;78 AUBURN MEADOWS VW SE;90 AUBURN MEADOWS VW SE;66 AUBURN MEADOWS VW SE;70 AUBURN MEADOWS VW SE;86 AUBURN MEADOWS VW SE;74 AUBURN MEADOWS VW SE;90 AUBURN MEADOWS VW SE;74 AUBURN MEADOWS VW SE;66 AUBURN MEADOWS VW SE;82 AUBURN MEADOWS VW SE;70 AUBURN MEADOWS VW SE;78 AUBURN MEADOWS VW SE;86 AUBURN MEADOWS VW SE;62 AUBURN MEADOWS VW SE,"MULTIPOINT (-113.94688198612556 50.89313851347754,-113.94680823092699 50.89338570402392,-113.94682263860945 50.89334076074688,-113.94677850460434 50.89348907510824,-113.94686587683333 50.8931924459574,-113.94685146412259 50.89324188422277,-113.94679383230981 50.89343514228697,-113.94683705138128 50.89329132248593,-113.94671770696505 50.893478969622485,-113.94676456994773 50.89328109483357,-113.9467947679009 50.89318786464838,-113.94675844013842 50.893383847374295,-113.94677666045153 50.89323637525396,-113.94675699634035 50.893328657301566,-113.946740333662 50.893431405036466,-113.94681136426792 50.89314315610782)","{""type"":""MultiPoint"",""coordinates"":[[-113.946882,50.8931385],[-113.9468082,50.8933857],[-113.9468226,50.8933408],[-113.9467785,50.8934891],[-113.9468659,50.8931924],[-113.9468515,50.8932419],[-113.9467938,50.8934351],[-113.9468371,50.8932913],[-113.9467177,50.893479],[-113.9467646,50.8932811],[-113.9467948,50.8931879],[-113.9467584,50.8933838],[-113.9467767,50.8932364],[-113.946757,50.8933287],[-113.9467403,50.8934314],[-113.9468114,50.8931432]]}",POINT (-113.94688198612556 50.89313851347754),90 AUBURN MEADOWS VW SE,a,
BP2018-10905,Completed,2018-08-16,2018,2018-09-10,2020-02-13,2020,Commercial / Multi Family Project,Building,1606 - Ths Townhouse,Townhouse,Residential,New,New,New,Regatta Building 06 - 6-Plex,BROOKFIELD RESIDENTIAL (ALBERTA),,,6,"$134,000",7,7,233 AUBURN MEADOWS DR SE,AUB,AUBURN BAY,50.89372238,-113.9458285,12,Titled Parcel;Titled Parcel;Titled Parcel;Titled Parcel;Titled Parcel;Titled Parcel;Building;Building;Building;Building;Building;Building,233 AUBURN MEADOWS DR SE;249 AUBURN MEADOWS DR SE;253 AUBURN MEADOWS DR SE;237 AUBURN MEADOWS DR SE;245 AUBURN MEADOWS DR SE;241 AUBURN MEADOWS DR SE;241 AUBURN MEADOWS DR SE;237 AUBURN MEADOWS DR SE;253 AUBURN MEADOWS DR SE;249 AUBURN MEADOWS DR SE;245 AUBURN MEADOWS DR SE;233 AUBURN MEADOWS DR SE,"MULTIPOINT (-113.94582851357245 50.8937223773315,-113.94614526850052 50.89372252387843,-113.94622812456251 50.89372256207005,-113.94591136963375 50.89372241574792,-113.94606730221145 50.893722487887,-113.94598933592252 50.893722451843495,-113.94598421833629 50.89366133567593,-113.94590523962336 50.893664148927584,-113.94622190119877 50.89367095678944,-113.94614368133375 50.89366901485904,-113.94606695179023 50.89366897943788,-113.94583077018375 50.89366411439838)","{""type"":""MultiPoint"",""coordinates"":[[-113.9458285,50.8937224],[-113.9461453,50.8937225],[-113.9462281,50.8937226],[-113.9459114,50.8937224],[-113.9460673,50.8937225],[-113.9459893,50.8937225],[-113.9459842,50.8936613],[-113.9459052,50.8936641],[-113.9462219,50.893671],[-113.9461437,50.893669],[-113.946067,50.893669],[-113.9458308,50.8936641]]}",POINT (-113.94582851357245 50.8937223773315),233 AUBURN MEADOWS DR SE,a,
BP2019-04497,Completed,2019-04-23,2019,2019-05-06,2020-03-20,2020,Commercial / Multi Family Project,Building,1606 - Ths Townhouse,Townhouse,Residential,New,New,New,Regatta - Auburn Bay Phase 38 - Building 11,BROOKFIELD RESIDENTIAL (ALBERTA),,BROOKFIELD RESIDENTIAL (ALBERTA),5,"$761,133",7,7,244 AUBURN MEADOWS MR SE,AUB,AUBURN BAY,50.89316533,-113.9465484,10,Titled Parcel;Titled Parcel;Titled Parcel;Titled Parcel;Titled Parcel;Building;Building;Building;Building;Building,250 AUBURN MEADOWS MR SE;248 AUBURN MEADOWS MR SE;244 AUBURN MEADOWS MR SE;252 AUBURN MEADOWS MR SE;246 AUBURN MEADOWS MR SE;244 AUBURN MEADOWS MR SE;246 AUBURN MEADOWS MR SE;250 AUBURN MEADOWS MR SE;248 AUBURN MEADOWS MR SE;252 AUBURN MEADOWS MR SE,"MULTIPOINT (-113.94654844565179 50.893165331150215,-113.94653403261343 50.89321476937653,-113.94650431094216 50.89331364541219,-113.94656375930212 50.89311139834968,-113.94651962469221 50.893259712618864,-113.94642325178702 50.89329670710087,-113.94643796076703 50.89324962439638,-113.94646402654061 50.893153299851136,-113.94644818210239 50.89319896162385,-113.94647649204244 50.893104067509356)","{""type"":""MultiPoint"",""coordinates"":[[-113.9465484,50.8931653],[-113.946534,50.8932148],[-113.9465043,50.8933136],[-113.9465638,50.8931114],[-113.9465196,50.8932597],[-113.9464233,50.8932967],[-113.946438,50.8932496],[-113.946464,50.8931533],[-113.9464482,50.893199],[-113.9464765,50.8931041]]}",POINT (-113.94654844565179 50.893165331150215),244 AUBURN MEADOWS MR SE,a,
BP2020-00183,Completed,2020-01-07,2020,2020-03-09,2021-03-24,2021,Commercial / Multi Family Project,Building,1606 - Ths Townhouse,Townhouse,Residential,New,New,New,The Regatta Townhouse Building #10,BROOKFIELD RESIDENTIAL (ALBERTA),,BROOKFIELD RESIDENTIAL (ALBERTA),6,"$1,052,580",7,7,276 AUBURN MEADOWS MR SE,AUB,AUBURN BAY,50.89304817,-113.945909,12,Titled Parcel;Titled Parcel;Titled Parcel;Titled Parcel;Titled Parcel;Titled Parcel;Building;Building;Building;Building;Building;Building,274 AUBURN MEADOWS MR SE;266 AUBURN MEADOWS MR SE;272 AUBURN MEADOWS MR SE;268 AUBURN MEADOWS MR SE;270 AUBURN MEADOWS MR SE;276 AUBURN MEADOWS MR SE;276 AUBURN MEADOWS MR SE;270 AUBURN MEADOWS MR SE;274 AUBURN MEADOWS MR SE;272 AUBURN MEADOWS MR SE;266 AUBURN MEADOWS MR SE;268 AUBURN MEADOWS MR SE,"MULTIPOINT (-113.94590902343505 50.89304816705345,-113.94623009492258 50.893048315370834,-113.94598698859811 50.893048203150244,-113.9461429047105 50.89304827518108,-113.94606493954711 50.89304823918841,-113.94582616857002 50.89304812863572,-113.94582624772244 50.89310242808269,-113.94606224052954 50.89309600164454,-113.94590522287622 50.893101871364806,-113.94598326195592 50.893099525156664,-113.9462155007946 50.8930942833476,-113.94613933939722 50.89309543491145)","{""type"":""MultiPoint"",""coordinates"":[[-113.945909,50.8930482],[-113.9462301,50.8930483],[-113.945987,50.8930482],[-113.9461429,50.8930483],[-113.9460649,50.8930482],[-113.9458262,50.8930481],[-113.9458262,50.8931024],[-113.9460622,50.893096],[-113.9459052,50.8931019],[-113.9459833,50.8930995],[-113.9462155,50.8930943],[-113.9461393,50.8930954]]}",POINT (-113.94590902343505 50.89304816705345),276 AUBURN MEADOWS MR SE,a,
BP2020-12629,Completed,2020-09-09,2020,2020-09-29,2021-07-20,2021,Commercial / Multi Family Project,Building,1606 - Ths Townhouse,Townhouse,Residential,New,New,New,"New 6 Unit townhouse (Regatta, Building #12)",BROOKFIELD RESIDENTIAL (ALBERTA),,BROOKFIELD RESIDENTIAL (ALBERTA),6,"$886,082",7,7,232 AUBURN MEADOWS MR SE,AUB,AUBURN BAY,50.89351567,-113.94597,13,Titled Parcel;Titled Parcel;Titled Parcel;Titled Parcel;Titled Parcel;Titled Parcel;Building;Building;Building;Building;Building;Building;Building,224 AUBURN MEADOWS MR SE;228 AUBURN MEADOWS MR SE;222 AUBURN MEADOWS MR SE;226 AUBURN MEADOWS MR SE;230 AUBURN MEADOWS MR SE;232 AUBURN MEADOWS MR SE;236 AUBURN MEADOWS MR SE;230 AUBURN MEADOWS MR SE;222 AUBURN MEADOWS MR SE;228 AUBURN MEADOWS MR SE;224 AUBURN MEADOWS MR SE;226 AUBURN MEADOWS MR SE;232 AUBURN MEADOWS MR SE,"MULTIPOINT (-113.94597001606337 50.89351567364603,-113.94612594795088 50.893515745706566,-113.9458871745832 50.89351563527793,-113.94604799622144 50.8935157097089,-113.94620392810926 50.893515781665286,-113.94628214991248 50.893515817683095,-113.94635631545304 50.89347084800537,-113.94619964545788 50.89347000277511,-113.94588938225957 50.89346273033986,-113.9461229296259 50.89347068659445,-113.94596385055632 50.89346347503865,-113.94604056389603 50.89346493992505,-113.94627637384725 50.893470757306034)","{""type"":""MultiPoint"",""coordinates"":[[-113.94597,50.8935157],[-113.9461259,50.8935157],[-113.9458872,50.8935156],[-113.946048,50.8935157],[-113.9462039,50.8935158],[-113.9462821,50.8935158],[-113.9463563,50.8934708],[-113.9461996,50.89347],[-113.9458894,50.8934627],[-113.9461229,50.8934707],[-113.9459639,50.8934635],[-113.9460406,50.8934649],[-113.9462764,50.8934708]]}",POINT (-113.94597001606337 50.89351567364603),232 AUBURN MEADOWS MR SE,a,
BP2021-09536,Completed,2021-06-01,2021,2021-07-12,2022-05-25,2022,Commercial / Multi Family Project,Building,1606 - Ths Townhouse,Townhouse,Residential,New,New,New,"New 8 Unit townhouse (Regatta, Building #8)",BROOKFIELD RESIDENTIAL (ALBERTA),,BROOKFIELD RESIDENTIAL (ALBERTA),8,"$1,266,392",7,7,79 AUBURN MEADOWS ST SE,AUB,AUBURN BAY,50.89311528,-113.9452417,16,Titled Parcel;Titled Parcel;Titled Parcel;Titled Parcel;Titled Parcel;Titled Parcel;Titled Parcel;Titled Parcel;Building;Building;Building;Building;Building;Building;Building;Building,79 AUBURN MEADOWS ST SE;87 AUBURN MEADOWS ST SE;91 AUBURN MEADOWS ST SE;89 AUBURN MEADOWS ST SE;85 AUBURN MEADOWS ST SE;93 AUBURN MEADOWS ST SE;81 AUBURN MEADOWS ST SE;83 AUBURN MEADOWS ST SE;85 AUBURN MEADOWS ST SE;91 AUBURN MEADOWS ST SE;79 AUBURN MEADOWS ST SE;89 AUBURN MEADOWS ST SE;81 AUBURN MEADOWS ST SE;93 AUBURN MEADOWS ST SE;87 AUBURN MEADOWS ST SE;83 AUBURN MEADOWS ST SE,"MULTIPOINT (-113.94524174168517 50.89311528074584,-113.94524150450302 50.89331755492317,-113.94524138854631 50.89341644451841,-113.94524144652475 50.893366999720996,-113.94524156248113 50.893268110124914,-113.94524132529692 50.89347038429692,-113.94524167843686 50.89316922052714,-113.94524162045909 50.89321866532623,-113.94532262582646 50.89326892125572,-113.9453250502514 50.89341992688668,-113.94532025485286 50.89312083738558,-113.94532422885153 50.89336877358348,-113.94532104991035 50.89317020167493,-113.94532579196621 50.89346629748913,-113.94532339458638 50.89331646955788,-113.9453218044423 50.89321775896121)","{""type"":""MultiPoint"",""coordinates"":[[-113.9452417,50.8931153],[-113.9452415,50.8933176],[-113.9452414,50.8934164],[-113.9452414,50.893367],[-113.9452416,50.8932681],[-113.9452413,50.8934704],[-113.9452417,50.8931692],[-113.9452416,50.8932187],[-113.9453226,50.8932689],[-113.9453251,50.8934199],[-113.9453203,50.8931208],[-113.9453242,50.8933688],[-113.945321,50.8931702],[-113.9453258,50.8934663],[-113.9453234,50.8933165],[-113.9453218,50.8932178]]}",POINT (-113.94524174168517 50.89311528074584),79 AUBURN MEADOWS ST SE,a,
BP2021-03575,Completed,2021-03-10,2021,2021-03-23,2021-12-02,2021,Commercial / Multi Family Project,Building,1606 - Ths Townhouse,Townhouse,Residential,New,New,New,"New 5 Unit townhouse (Regatta, Building #9)",BROOKFIELD RESIDENTIAL (ALBERTA),,BROOKFIELD RESIDENTIAL (ALBERTA),5,"$744,539",7,7,214 AUBURN MEADOWS MR SE,AUB,AUBURN BAY,50.89325028,-113.9455555,10,Titled Parcel;Titled Parcel;Titled Parcel;Titled Parcel;Titled Parcel;Building;Building;Building;Building;Building,206 AUBURN MEADOWS MR SE;210 AUBURN MEADOWS MR SE;208 AUBURN MEADOWS MR SE;214 AUBURN MEADOWS MR SE;212 AUBURN MEADOWS MR SE;210 AUBURN MEADOWS MR SE;206 AUBURN MEADOWS MR SE;208 AUBURN MEADOWS MR SE;212 AUBURN MEADOWS MR SE;214 AUBURN MEADOWS MR SE,"MULTIPOINT (-113.9455555208521 50.89325027702411,-113.94555540032009 50.89335366160264,-113.94555545796592 50.89330421680443,-113.94555527978736 50.89345704617934,-113.94555534267408 50.89340310640042,-113.9456339808307 50.893350587693085,-113.94563362307389 50.89325497022433,-113.94563379484498 50.893302778955594,-113.94563417439575 50.89340409607347,-113.94563434700511 50.893451185606445)","{""type"":""MultiPoint"",""coordinates"":[[-113.9455555,50.8932503],[-113.9455554,50.8933537],[-113.9455555,50.8933042],[-113.9455553,50.893457],[-113.9455553,50.8934031],[-113.945634,50.8933506],[-113.9456336,50.893255],[-113.9456338,50.8933028],[-113.9456342,50.8934041],[-113.9456343,50.8934512]]}",POINT (-113.9455555208521 50.89325027702411),214 AUBURN MEADOWS MR SE,a,
BP2022-14892,Completed,2022-08-30,2022,2022-10-04,2024-05-09,2024,Commercial / Multi Family Project,Building,1606 - Ths Townhouse,Townhouse,Residential,New,New,New,4 Unit Residential Rowhouse,ANTHEM BELMONT TOWNHOMES 1 DEVELOPMENTS,,ANTHEM BELMONT TOWNHOMES 1 DEVELOPMENTS,4,"$749,585",8,8,446 210 AV SW,BLM,BELMONT,50.86327134,-114.0666014,5,Titled Parcel;Building;Building;Building;Building,440 210 AV SW;442 210 AV SW;446 210 AV SW;444 210 AV SW;448 210 AV SW,"MULTIPOINT (-114.06660140032821 50.863271341576535,-114.06663988229037 50.86336107592281,-114.06679491719831 50.863360393964186,-114.06671786894054 50.86336103137154,-114.06687102960699 50.86336094372412)","{""type"":""MultiPoint"",""coordinates"":[[-114.0666014,50.8632713],[-114.0666399,50.8633611],[-114.0667949,50.8633604],[-114.0667179,50.863361],[-114.066871,50.8633609]]}",POINT (-114.06660140032821 50.863271341576535),446 210 AV SW,a,
BP2022-14888,Completed,2022-08-30,2022,2022-09-29,2024-05-09,2024,Commercial / Multi Family Project,Building,1606 - Ths Townhouse,Townhouse,Residential,New,New,New,3 Unit Residential Rowhouse,ANTHEM BELMONT TOWNHOMES 1 DEVELOPMENTS,,ANTHEM BELMONT TOWNHOMES 1 DEVELOPMENTS,3,"$563,015",8,8,436 210 AV SW,BLM,BELMONT,50.86327153,-114.0662763,4,Titled Parcel;Building;Building;Building,430 210 AV SW;432 210 AV SW;436 210 AV SW;434 210 AV SW,"MULTIPOINT (-114.06627628611162 50.86327152663539,-114.06629316215363 50.86336186670309,-114.0664491488193 50.86336118466316,-114.06637210055531 50.86336182184228)","{""type"":""MultiPoint"",""coordinates"":[[-114.0662763,50.8632715],[-114.0662932,50.8633619],[-114.0664491,50.8633612],[-114.0663721,50.8633618]]}",POINT (-114.06627628611162 50.86327152663539),436 210 AV SW,a,
BP2022-14896,Completed,2022-08-30,2022,2022-10-04,2024-07-25,2024,Commercial / Multi Family Project,Building,1606 - Ths Townhouse,Townhouse,Residential,New,New,New,8 Unit Residential Rowhouse,ANTHEM BELMONT TOWNHOMES 1 DEVELOPMENTS,,ANTHEM BELMONT TOWNHOMES 1 DEVELOPMENTS,8,"$1,495,865",8,8,#512 857 BELMONT DR SW,BLM,BELMONT,50.86353673,-114.0662828,9,Titled Parcel;Building;Building;Building;Building;Building;Building;Building;Building,#518 857 BELMONT DR SW;#512 857 BELMONT DR SW;#504 857 BELMONT DR SW;#516 857 BELMONT DR SW;#508 857 BELMONT DR SW;#502 857 BELMONT DR SW;#510 857 BELMONT DR SW;#506 857 BELMONT DR SW;#514 857 BELMONT DR SW,"MULTIPOINT (-114.06628278456793 50.86353672838585,-114.06647032710104 50.86358976171158,-114.06678040012952 50.86358958471927,-114.06630777514657 50.86358926082754,-114.06662630116469 50.86358967278323,-114.06685744961163 50.863589540610995,-114.0665445639369 50.863589719411564,-114.06670523995051 50.86358962769697,-114.06639234091159 50.86359039943808)","{""type"":""MultiPoint"",""coordinates"":[[-114.0662828,50.8635367],[-114.0664703,50.8635898],[-114.0667804,50.8635896],[-114.0663078,50.8635893],[-114.0666263,50.8635897],[-114.0668574,50.8635895],[-114.0665446,50.8635897],[-114.0667052,50.8635896],[-114.0663923,50.8635904]]}",POINT (-114.06628278456793 50.86353672838585),857 BELMONT DR SW,a,
BP2022-14897,Completed,2022-08-30,2022,2022-10-06,2024-07-25,2024,Commercial / Multi Family Project,Building,1606 - Ths Townhouse,Townhouse,Residential,New,New,New,6 Unit Residential Rowhouse,ANTHEM BELMONT TOWNHOMES 1 DEVELOPMENTS,,ANTHEM BELMONT TOWNHOMES 1 DEVELOPMENTS,6,"$1,194,998",8,8,#503 857 BELMONT DR SW,BLM,BELMONT,50.86381056,-114.066924,7,Titled Parcel;Building;Building;Building;Building;Building;Building,#501 857 BELMONT DR SW;#505 857 BELMONT DR SW;#509 857 BELMONT DR SW;#503 857 BELMONT DR SW;#507 857 BELMONT DR SW;#511 857 BELMONT DR SW;#513 857 BELMONT DR SW,"MULTIPOINT (-114.06692397691546 50.86381055795196,-114.06677169891613 50.86376330374802,-114.06654505270266 50.86376343318354,-114.06687204647223 50.86376396550107,-114.06666119760804 50.86376479632155,-114.06643794545408 50.863764213399506,-114.06632631886248 50.86376355768306)","{""type"":""MultiPoint"",""coordinates"":[[-114.066924,50.8638106],[-114.0667717,50.8637633],[-114.0665451,50.8637634],[-114.066872,50.863764],[-114.0666612,50.8637648],[-114.0664379,50.8637642],[-114.0663263,50.8637636]]}",POINT (-114.06692397691546 50.86381055795196),857 BELMONT DR SW,a,
BP2022-18633,Completed,2022-11-08,2022,2023-01-12,2024-09-06,2024,Commercial / Multi Family Project,Building,1606 - Ths Townhouse,Townhouse,Residential,New,New,New,3 Unit Residential Rowhouse,ANTHEM BELMONT TOWNHOMES 1 DEVELOPMENTS,,ANTHEM BELMONT TOWNHOMES 1 DEVELOPMENTS,3,"$563,015",8,8,#131 857 BELMONT DR SW,BLM,BELMONT,50.86390081,-114.0663127,4,Titled Parcel;Building;Building;Building,#135 857 BELMONT DR SW;#133 857 BELMONT DR SW;#132 857 BELMONT DR SW;#131 857 BELMONT DR SW,"MULTIPOINT (-114.06631274856477 50.86390080695143,-114.06633448836958 50.86396478551888,-114.06641002965863 50.86396260293984,-114.06648897008465 50.863963268210156)","{""type"":""MultiPoint"",""coordinates"":[[-114.0663127,50.8639008],[-114.0663345,50.8639648],[-114.06641,50.8639626],[-114.066489,50.8639633]]}",POINT (-114.06631274856477 50.86390080695143),857 BELMONT DR SW,a,
BP2022-18634,Completed,2022-11-08,2022,2023-01-12,2024-09-06,2024,Commercial / Multi Family Project,Building,1606 - Ths Townhouse,Townhouse,Residential,New,New,New,2 Unit Residential Rowhouse,ANTHEM BELMONT TOWNHOMES 1 DEVELOPMENTS,,ANTHEM BELMONT TOWNHOMES 1 DEVELOPMENTS,2,"$376,446",8,8,#126 857 BELMONT DR SW,BLM,BELMONT,50.86410745,-114.0665384,3,Titled Parcel;Building;Building,#127 857 BELMONT DR SW;#125 857 BELMONT DR SW;#126 857 BELMONT DR SW,"MULTIPOINT (-114.06653838285426 50.86410744886634,-114.06641759855732 50.86419074720592,-114.06642155208048 50.864133856149074)","{""type"":""MultiPoint"",""coordinates"":[[-114.0665384,50.8641074],[-114.0664176,50.8641907],[-114.0664216,50.8641339]]}",POINT (-114.06653838285426 50.86410744886634),857 BELMONT DR SW,a,
BP2022-18636,Completed,2022-11-08,2022,2023-01-12,2024-09-13,2024,Commercial / Multi Family Project,Building,1606 - Ths Townhouse,Townhouse,Residential,New,New,New,6 Unit Residential Rowhouse,ANTHEM BELMONT TOWNHOMES 1 DEVELOPMENTS,,ANTHEM BELMONT TOWNHOMES 1 DEVELOPMENTS,6,"$1,122,725",8,8,#323 857 BELMONT DR SW,BLM,BELMONT,50.86423861,-114.0651076,7,Titled Parcel;Building;Building;Building;Building;Building;Building,857 BELMONT DR SW;#321 857 BELMONT DR SW;#323 857 BELMONT DR SW;#319 857 BELMONT DR SW;#327 857 BELMONT DR SW;#325 857 BELMONT DR SW;#317 857 BELMONT DR SW,"MULTIPOINT (-114.06510764985202 50.86423861090151,-114.06683841084987 50.864093693535466,-114.06683984316676 50.864042314785685,-114.06683848294581 50.86414411848187,-114.06683518981868 50.863947176131695,-114.06683675952264 50.86399189156291,-114.06684005674727 50.86419169273353)","{""type"":""MultiPoint"",""coordinates"":[[-114.0651076,50.8642386],[-114.0668384,50.8640937],[-114.0668398,50.8640423],[-114.0668385,50.8641441],[-114.0668352,50.8639472],[-114.0668368,50.8639919],[-114.0668401,50.8641917]]}",POINT (-114.06510764985202 50.86423861090151),857 BELMONT DR SW,a,
BP2023-08954,Completed,2023-06-09,2023,2024-05-13,2025-05-30,2025,Commercial / Multi Family Project,Building,1606 - Ths Townhouse,Townhouse,Residential,New,New,New,6 Unit Resi. Rowhouse -Building 22,ANTHEM BELMONT TOWNHOMES 1 DEVELOPMENTS,,,6,"$1,194,998",8,8,#233 857 BELMONT DR SW,BLM,BELMONT,50.8646736,-114.0669254,7,Titled Parcel;Building;Building;Building;Building;Building;Building,#235 857 BELMONT DR SW;#233 857 BELMONT DR SW;#223 857 BELMONT DR SW;#227 857 BELMONT DR SW;#229 857 BELMONT DR SW;#231 857 BELMONT DR SW;#225 857 BELMONT DR SW,"MULTIPOINT (-114.0669253829266 50.86467359908918,-114.06687523423216 50.86472127490103,-114.06632648403132 50.86472099467365,-114.06654353188124 50.864720871135894,-114.06665723460448 50.864721399599134,-114.0667643592751 50.86472133837356,-114.06644017084759 50.86472032768566)","{""type"":""MultiPoint"",""coordinates"":[[-114.0669254,50.8646736],[-114.0668752,50.8647213],[-114.0663265,50.864721],[-114.0665435,50.8647209],[-114.0666572,50.8647214],[-114.0667644,50.8647213],[-114.0664402,50.8647203]]}",POINT (-114.0669253829266 50.86467359908918),857 BELMONT DR SW,a,
BP2022-07059,Completed,2022-04-29,2022,2022-08-02,2024-01-29,2024,Commercial / Multi Family Project,Building,1606 - Ths Townhouse,Townhouse,Residential,New,New,New,"Building 4 - 9 Unit Rowhouse, Part 9, Group C occupancy",ANTHEM BELMONT TOWNHOMES I DEVELOPMENTS,,ANTHEM BELMONT TOWNHOMES 1 DEVELOPMENTS,9,"$1,516,301",8,8,#523 857 BELMONT DR SW,BLM,BELMONT,50.86380647,-114.0662045,10,Titled Parcel;Building;Building;Building;Building;Building;Building;Building;Building;Building,#517 857 BELMONT DR SW;#523 857 BELMONT DR SW;#535 857 BELMONT DR SW;#525 857 BELMONT DR SW;#521 857 BELMONT DR SW;#531 857 BELMONT DR SW;#533 857 BELMONT DR SW;#529 857 BELMONT DR SW;#527 857 BELMONT DR SW;#519 857 BELMONT DR SW,"MULTIPOINT (-114.06620454033094 50.863806473228,-114.06602179625935 50.86375175563031,-114.0655501055276 50.863750241460004,-114.06594474650858 50.86375179918706,-114.06609695502223 50.86375052641165,-114.06570795523407 50.86375015270557,-114.06562903038093 50.863750197109475,-114.06578313406534 50.863753086054345,-114.0658658183091 50.863749470389166,-114.06617400477069 50.86375048275443)","{""type"":""MultiPoint"",""coordinates"":[[-114.0662045,50.8638065],[-114.0660218,50.8637518],[-114.0655501,50.8637502],[-114.0659447,50.8637518],[-114.066097,50.8637505],[-114.065708,50.8637502],[-114.065629,50.8637502],[-114.0657831,50.8637531],[-114.0658658,50.8637495],[-114.066174,50.8637505]]}",POINT (-114.06620454033094 50.863806473228),857 BELMONT DR SW,a,
BP2023-06141,Completed,2023-05-02,2023,2023-09-18,2025-02-06,2025,Commercial / Multi Family Project,Building,1606 - Ths Townhouse,Townhouse,Residential,New,New,New,2 Unit Rowhouse,ANTHEM BELMONT TOWNHOMES I DEVELOPMENTS,,,2,"$376,446",8,8,#121 857 BELMONT DR SW,BLM,BELMONT,50.86426927,-114.0665414,3,Titled Parcel;Building;Building,#123 857 BELMONT DR SW;#122 857 BELMONT DR SW;#121 857 BELMONT DR SW,"MULTIPOINT (-114.06654141166412 50.864269267386845,-114.06641859816813 50.864304407379464,-114.06642186503204 50.864354111305154)","{""type"":""MultiPoint"",""coordinates"":[[-114.0665414,50.8642693],[-114.0664186,50.8643044],[-114.0664219,50.8643541]]}",POINT (-114.06654141166412 50.864269267386845),857 BELMONT DR SW,a,
BP2018-12540,Completed,2018-09-17,2018,2019-01-02,2023-12-12,2023,Commercial / Multi Family Project,Building,1606 - Ths Townhouse,Townhouse,Residential,New,New,New,New Townhouse,ANTHEM PROPERTIES,,,6,"$468,527",9,9,#528 857 BELMONT DR SW,BLM,BELMONT,50.86354163,-114.0655571,7,Titled Parcel;Building;Building;Building;Building;Building;Building,#534 857 BELMONT DR SW;#526 857 BELMONT DR SW;#530 857 BELMONT DR SW;#532 857 BELMONT DR SW;#522 857 BELMONT DR SW;#524 857 BELMONT DR SW;#528 857 BELMONT DR SW,"MULTIPOINT (-114.06555705771646 50.86354163325822,-114.06591451219747 50.8635868225285,-114.06568335874495 50.863583383800396,-114.06557060018197 50.86358558682292,-114.06614904149204 50.86358668984989,-114.06604192043619 50.86358746971036,-114.06581640948244 50.863586167676516)","{""type"":""MultiPoint"",""coordinates"":[[-114.0655571,50.8635416],[-114.0659145,50.8635868],[-114.0656834,50.8635834],[-114.0655706,50.8635856],[-114.066149,50.8635867],[-114.0660419,50.8635875],[-114.0658164,50.8635862]]}",POINT (-114.06555705771646 50.86354163325822),857 BELMONT DR SW,a,
BP2022-10242,Completed,2022-06-13,2022,2022-08-04,2024-03-22,2024,Commercial / Multi Family Project,Building,1606 - Ths Townhouse,Townhouse,Residential,New,New,New,New 5 Unit Rowhouse (Bldg #7),ANTHEM PROPERTIES GROUP,,,5,"$941,123",10,10,426 210 AV SW,BLM,BELMONT,50.86327631,-114.0657647,6,Titled Parcel;Building;Building;Building;Building;Building,416 210 AV SW;426 210 AV SW;424 210 AV SW;420 210 AV SW;422 210 AV SW;418 210 AV SW,"MULTIPOINT (-114.06576470666337 50.86327631100642,-114.06611933037108 50.86336018528076,-114.0660413445596 50.86336082277262,-114.06587879591362 50.8633621013124,-114.06595490580357 50.863360871648176,-114.06580457447863 50.86336273652135)","{""type"":""MultiPoint"",""coordinates"":[[-114.0657647,50.8632763],[-114.0661193,50.8633602],[-114.0660413,50.8633608],[-114.0658788,50.8633621],[-114.0659549,50.8633609],[-114.0658046,50.8633627]]}",POINT (-114.06576470666337 50.86327631100642),426 210 AV SW,a,
BP2023-06650,Completed,2023-05-09,2023,2023-06-02,2024-05-13,2024,Commercial / Multi Family Project,Building,1606 - Ths Townhouse,Townhouse,Residential,New,New,New,7 Unit Rowhouse,ARCADIS PROFESSIONAL SERVICES (CANADA),,MORRISON HOMES (CALGARY MULTI),7,"$1,661,361",10,10,#1001 400 BELMONT ST SW,BLM,BELMONT,50.8695944,-114.0609532,8,Titled Parcel;Building;Building;Building;Building;Building;Building;Building,400 BELMONT ST SW;#1001 400 BELMONT ST SW;#1003 400 BELMONT ST SW;#1006 400 BELMONT ST SW;#1004 400 BELMONT ST SW;#1007 400 BELMONT ST SW;#1002 400 BELMONT ST SW;#1005 400 BELMONT ST SW,"MULTIPOINT (-114.06095319001032 50.86959440487827,-114.06012633854041 50.8702263545789,-114.06030375938869 50.87022626305399,-114.06053382324451 50.870229955732704,-114.06039397701839 50.87022716935105,-114.06062705529557 50.87023275717719,-114.06022558270723 50.8702310591279,-114.0604526260146 50.87022809193199)","{""type"":""MultiPoint"",""coordinates"":[[-114.0609532,50.8695944],[-114.0601263,50.8702264],[-114.0603038,50.8702263],[-114.0605338,50.87023],[-114.060394,50.8702272],[-114.0606271,50.8702328],[-114.0602256,50.8702311],[-114.0604526,50.8702281]]}",POINT (-114.06095319001032 50.86959440487827),400 BELMONT ST SW,a,
BP2023-08972,Completed,2023-06-09,2023,2023-06-30,2024-06-19,2024,Commercial / Multi Family Project,Building,1606 - Ths Townhouse,Townhouse,Residential,New,New,New,"A new, two storeys , 8 unit rowhouse, Part 9, Group C occupancy",ARCADIS PROFESSIONAL SERVICES (CANADA),,MORRISON HOMES (CALGARY MULTI),8,"$1,883,296",10,10,#701 400 BELMONT ST SW,BLM,BELMONT,50.8695944,-114.0609532,9,Titled Parcel;Building;Building;Building;Building;Building;Building;Building;Building,400 BELMONT ST SW;#703 400 BELMONT ST SW;#704 400 BELMONT ST SW;#706 400 BELMONT ST SW;#701 400 BELMONT ST SW;#702 400 BELMONT ST SW;#708 400 BELMONT ST SW;#705 400 BELMONT ST SW;#707 400 BELMONT ST SW,"MULTIPOINT (-114.06095319001032 50.86959440487827,-114.05945663449768 50.86975763514997,-114.05945067448431 50.8697966458166,-114.0594492980243 50.86989845832108,-114.05945648199477 50.869637753511626,-114.05945355964795 50.86970816471922,-114.05944944324892 50.87001263130492,-114.05945225427264 50.86985468448266,-114.05944936457594 50.869950780113946)","{""type"":""MultiPoint"",""coordinates"":[[-114.0609532,50.8695944],[-114.0594566,50.8697576],[-114.0594507,50.8697966],[-114.0594493,50.8698985],[-114.0594565,50.8696378],[-114.0594536,50.8697082],[-114.0594494,50.8700126],[-114.0594523,50.8698547],[-114.0594494,50.8699508]]}",POINT (-114.06095319001032 50.86959440487827),400 BELMONT ST SW,a,
BP2023-09014,Completed,2023-06-12,2023,2023-07-06,2024-06-19,2024,Commercial / Multi Family Project,Building,1606 - Ths Townhouse,Townhouse,Residential,New,New,New,6 Unit Rowhouse,ARCADIS PROFESSIONAL SERVICES (CANADA),,MORRISON HOMES (CALGARY MULTI),6,"$1,492,990",10,10,#801 400 BELMONT ST SW,BLM,BELMONT,50.8695944,-114.0609532,7,Titled Parcel;Building;Building;Building;Building;Building;Building,400 BELMONT ST SW;#801 400 BELMONT ST SW;#805 400 BELMONT ST SW;#802 400 BELMONT ST SW;#806 400 BELMONT ST SW;#803 400 BELMONT ST SW;#804 400 BELMONT ST SW,"MULTIPOINT (-114.06095319001032 50.86959440487827,-114.05940612420588 50.87023529081569,-114.05976397670513 50.87023415520372,-114.05950084191394 50.87023333669141,-114.05985119537732 50.87023411051526,-114.05958053071114 50.87023329604328,-114.05967076254817 50.870234202892036)","{""type"":""MultiPoint"",""coordinates"":[[-114.0609532,50.8695944],[-114.0594061,50.8702353],[-114.059764,50.8702342],[-114.0595008,50.8702333],[-114.0598512,50.8702341],[-114.0595805,50.8702333],[-114.0596708,50.8702342]]}",POINT (-114.06095319001032 50.86959440487827),400 BELMONT ST SW,a,
BP2023-06752,Completed,2023-05-10,2023,2023-07-25,2025-06-09,2025,Commercial / Multi Family Project,Building,1606 - Ths Townhouse,Townhouse,Residential,New,New,New,Townhouse Style Apartment Building - New Building - Sonoma at Belmont Block 8 Building 600 & 900,ARCADIS PROFESSIONAL SERVICES (CANADA),,MORRISON HOMES (CALGARY MULTI),32,"$7,272,601",10,10,#611 400 BELMONT ST SW,BLM,BELMONT,50.86982385,-114.0605613,35,Titled Parcel;Building;Building;Building Suite;Building Suite;Building Suite;Building Suite;Building Suite;Building Suite;Building Suite;Building Suite;Building Suite;Building Suite;Building Suite;Building Suite;Building Suite;Building Suite;Building Suite;Building Suite;Building Suite;Building Suite;Building Suite;Building Suite;Building Suite;Building Suite;Building Suite;Building Suite;Building Suite;Building Suite;Building Suite;Building Suite;Building Suite;Building Suite;Building Suite;Building Suite,#600 400 BELMONT ST SW;#900 400 BELMONT ST SW;#600 400 BELMONT ST SW;#901 400 BELMONT ST SW;#904 400 BELMONT ST SW;#905 400 BELMONT ST SW;#909 400 BELMONT ST SW;#612 400 BELMONT ST SW;#615 400 BELMONT ST SW;#601 400 BELMONT ST SW;#606 400 BELMONT ST SW;#916 400 BELMONT ST SW;#608 400 BELMONT ST SW;#907 400 BELMONT ST SW;#915 400 BELMONT ST SW;#609 400 BELMONT ST SW;#913 400 BELMONT ST SW;#605 400 BELMONT ST SW;#616 400 BELMONT ST SW;#607 400 BELMONT ST SW;#914 400 BELMONT ST SW;#903 400 BELMONT ST SW;#908 400 BELMONT ST SW;#611 400 BELMONT ST SW;#902 400 BELMONT ST SW;#613 400 BELMONT ST SW;#610 400 BELMONT ST SW;#603 400 BELMONT ST SW;#604 400 BELMONT ST SW;#912 400 BELMONT ST SW;#602 400 BELMONT ST SW;#906 400 BELMONT ST SW;#911 400 BELMONT ST SW;#614 400 BELMONT ST SW;#910 400 BELMONT ST SW,"MULTIPOINT (-114.0605612854461 50.8698238546274,-114.06019664173945 50.86994374515872,-114.0601933523753 50.86971729762489,-114.05984334266958 50.869981981512,-114.06012452167693 50.86998468684998,-114.06022376165825 50.86998654157137,-114.05985078233915 50.86991156798173,-114.06017385600843 50.869758221189485,-114.05988967131482 50.869759320284714,-114.0598204073249 50.86967848171761,-114.06030757139716 50.86967918397753,-114.06052136952087 50.86990551356313,-114.06049250451171 50.869678135343335,-114.06040871019817 50.86998549306223,-114.06042665005644 50.86990556263567,-114.06047156467544 50.86975616145636,-114.06023719814777 50.86990661349737,-114.06019630107228 50.8696792414132,-114.0598009617764 50.86975936576587,-114.06038725310388 50.8696743870695,-114.06032741392919 50.86990656690627,-114.06003279734117 50.869982837169154,-114.06050644175812 50.86998544244296,-114.06026706798647 50.86975722015984,-114.0599380777192 50.869982885845296,-114.0600956585491 50.86975730853451,-114.06037533027099 50.86976002303421,-114.06001137038189 50.86968218646793,-114.06010909641769 50.869678333411954,-114.06014247059306 50.86991141805594,-114.05991364067673 50.869683189612374,-114.06031548110123 50.86998458833275,-114.06004775111602 50.86991146682104,-114.05999642150603 50.86975735958375,-114.05995301499829 50.86990961862683)","{""type"":""MultiPoint"",""coordinates"":[[-114.0605613,50.8698239],[-114.0601966,50.8699437],[-114.0601934,50.8697173],[-114.0598433,50.869982],[-114.0601245,50.8699847],[-114.0602238,50.8699865],[-114.0598508,50.8699116],[-114.0601739,50.8697582],[-114.0598897,50.8697593],[-114.0598204,50.8696785],[-114.0603076,50.8696792],[-114.0605214,50.8699055],[-114.0604925,50.8696781],[-114.0604087,50.8699855],[-114.0604267,50.8699056],[-114.0604716,50.8697562],[-114.0602372,50.8699066],[-114.0601963,50.8696792],[-114.059801,50.8697594],[-114.0603873,50.8696744],[-114.0603274,50.8699066],[-114.0600328,50.8699828],[-114.0605064,50.8699854],[-114.0602671,50.8697572],[-114.0599381,50.8699829],[-114.0600957,50.8697573],[-114.0603753,50.86976],[-114.0600114,50.8696822],[-114.0601091,50.8696783],[-114.0601425,50.8699114],[-114.0599136,50.8696832],[-114.0603155,50.8699846],[-114.0600478,50.8699115],[-114.0599964,50.8697574],[-114.059953,50.8699096]]}",POINT (-114.0605612854461 50.8698238546274),400 BELMONT ST SW,a,
BP2018-15734,Completed,2018-11-30,2018,2019-01-03,2019-07-25,2019,Commercial / Multi Family Project,Building,1606 - Ths Townhouse,Townhouse,Residential,New,New,New,Belmont Building 4 (new),HOMES BY AVI (CALGARY),,HOMES BY AVI (CALGARY),5,"$872,614",11,11,404 BELMONT AV SW,BLM,BELMONT,50.86552406,-114.0653208,10,Titled Parcel;Titled Parcel;Titled Parcel;Titled Parcel;Titled Parcel;Building;Building;Building;Building;Building,406 BELMONT AV SW;408 BELMONT AV SW;410 BELMONT AV SW;404 BELMONT AV SW;402 BELMONT AV SW;410 BELMONT AV SW;402 BELMONT AV SW;406 BELMONT AV SW;404 BELMONT AV SW;408 BELMONT AV SW,"MULTIPOINT (-114.06532078121779 50.86552406362521,-114.06540736603367 50.8655240151382,-114.06550494619748 50.86552396041686,-114.06523396910765 50.86552411217504,-114.06512058864449 50.86554215550921,-114.06551997140829 50.865561206591785,-114.06517572261556 50.865593745382775,-114.06535084142733 50.86556510418186,-114.06526290737962 50.865575617754764,-114.06543503373972 50.86556077776832)","{""type"":""MultiPoint"",""coordinates"":[[-114.0653208,50.8655241],[-114.0654074,50.865524],[-114.0655049,50.865524],[-114.065234,50.8655241],[-114.0651206,50.8655422],[-114.06552,50.8655612],[-114.0651757,50.8655937],[-114.0653508,50.8655651],[-114.0652629,50.8655756],[-114.065435,50.8655608]]}",POINT (-114.06532078121779 50.86552406362521),404 BELMONT AV SW,a,
BP2018-07976,Completed,2018-06-21,2018,2018-07-03,2019-02-08,2019,Commercial / Multi Family Project,Building,1606 - Ths Townhouse,Townhouse,Residential,New,New,New,Belmont Building 1 (new),HOMES BY AVI (CANADA),,,5,"$868,629",11,11,432 BELMONT AV SW,BLM,BELMONT,50.86552325,-114.0667515,6,Titled Parcel;Titled Parcel;Titled Parcel;Titled Parcel;Titled Parcel;Building,436 BELMONT AV SW;434 BELMONT AV SW;438 BELMONT AV SW;432 BELMONT AV SW;440 BELMONT AV SW;432 BELMONT AV SW,"MULTIPOINT (-114.06675149760378 50.86552325419416,-114.06666492699755 50.86552330367014,-114.06683808241566 50.86552320464584,-114.06656734683737 50.86552335936121,-114.06694475433531 50.865523143514324,-114.06657847761501 50.86559849152977)","{""type"":""MultiPoint"",""coordinates"":[[-114.0667515,50.8655233],[-114.0666649,50.8655233],[-114.0668381,50.8655232],[-114.0665673,50.8655234],[-114.0669448,50.8655231],[-114.0665785,50.8655985]]}",POINT (-114.06675149760378 50.86552325419416),432 BELMONT AV SW,a,
BP2018-05147,Completed,2018-05-04,2018,2018-05-11,2018-12-12,2018,Commercial / Multi Family Project,Building,1606 - Ths Townhouse,Townhouse,Residential,New,New,New,Belmont Building 2 (new),HOMES BY AVI (CANADA),,,5,"$870,141",11,11,422 BELMONT AV SW,BLM,BELMONT,50.86552342,-114.0664588,6,Titled Parcel;Titled Parcel;Titled Parcel;Titled Parcel;Titled Parcel;Building,430 BELMONT AV SW;426 BELMONT AV SW;428 BELMONT AV SW;424 BELMONT AV SW;422 BELMONT AV SW;422 BELMONT AV SW,"MULTIPOINT (-114.06645875712316 50.86552342123977,-114.066274606355 50.86552352594498,-114.06636117696235 50.86552347675849,-114.06618802154154 50.865523575075315,-114.06609044137986 50.8655236303677,-114.06610194743719 50.86559344927224)","{""type"":""MultiPoint"",""coordinates"":[[-114.0664588,50.8655234],[-114.0662746,50.8655235],[-114.0663612,50.8655235],[-114.066188,50.8655236],[-114.0660904,50.8655236],[-114.0661019,50.8655934]]}",POINT (-114.06645875712316 50.86552342123977),422 BELMONT AV SW,a,
BP2018-04643,Completed,2018-04-26,2018,2018-05-11,2019-10-17,2019,Commercial / Multi Family Project,Building,1606 - Ths Townhouse,Townhouse,Residential,New,New,New,Belmont Building 3 (new),HOMES BY AVI (CANADA),,,5,"$831,238",11,11,420 BELMONT AV SW,BLM,BELMONT,50.86552369,-114.0659819,5,Titled Parcel;Titled Parcel;Titled Parcel;Titled Parcel;Titled Parcel,420 BELMONT AV SW;412 BELMONT AV SW;414 BELMONT AV SW;416 BELMONT AV SW;418 BELMONT AV SW,"MULTIPOINT (-114.06598185166399 50.865523691802586,-114.06561353591502 50.865523899425654,-114.06571111607819 50.86552384453196,-114.0657976866871 50.8655237957634,-114.06588427150166 50.86552374692261)","{""type"":""MultiPoint"",""coordinates"":[[-114.0659819,50.8655237],[-114.0656135,50.8655239],[-114.0657111,50.8655238],[-114.0657977,50.8655238],[-114.0658843,50.8655237]]}",POINT (-114.06598185166399 50.865523691802586),420 BELMONT AV SW,a,
BP2019-00799,Completed,2019-01-24,2019,2019-01-31,2019-09-19,2019,Commercial / Multi Family Project,Building,1606 - Ths Townhouse,Townhouse,Residential,New,New,New,"New two story, six unit residential townhouse",HOMES BY AVI (CANADA),,HOMES BY AVI (CANADA),6,"$1,026,574",11,11,388 BELMONT AV SW,BLM,BELMONT,50.86552481,-114.0639795,7,Titled Parcel;Titled Parcel;Titled Parcel;Titled Parcel;Titled Parcel;Titled Parcel;Building,386 BELMONT AV SW;380 BELMONT AV SW;382 BELMONT AV SW;384 BELMONT AV SW;378 BELMONT AV SW;388 BELMONT AV SW;388 BELMONT AV SW,"MULTIPOINT (-114.06397951917343 50.86552480652083,-114.06371979312516 50.865524948596175,-114.06380637794541 50.865524901296766,-114.06389294855953 50.865524853940904,-114.06362221295585 50.86552500182512,-114.06407711354753 50.86552475298538,-114.06406560407831 50.865595339883576)","{""type"":""MultiPoint"",""coordinates"":[[-114.0639795,50.8655248],[-114.0637198,50.8655249],[-114.0638064,50.8655249],[-114.0638929,50.8655249],[-114.0636222,50.865525],[-114.0640771,50.8655248],[-114.0640656,50.8655953]]}",POINT (-114.06397951917343 50.86552480652083),388 BELMONT AV SW,a,
BP2018-15106,Completed,2018-11-16,2018,2018-11-28,2022-03-07,2022,Commercial / Multi Family Project,Building,1606 - Ths Townhouse,Townhouse,Residential,New,New,New,Building 10 - Residential 3 Storey Rowhouse,NORR ARCHITECTS ENGINEERS PLANNERS,,,8,"$1,565,000",11,11,376 210 AV SW,BLM,BELMONT,50.86339026,-114.0637614,8,Building;Building;Building;Building;Building;Building;Building;Building,374 210 AV SW;370 210 AV SW;382 210 AV SW;372 210 AV SW;376 210 AV SW;368 210 AV SW;380 210 AV SW;378 210 AV SW,"MULTIPOINT (-114.06376141687711 50.86339025621864,-114.06364396643373 50.86338913363753,-114.06400948522759 50.86339190945505,-114.06370505135195 50.863390889326965,-114.06382437363884 50.86338962846914,-114.06357913458004 50.86338976231116,-114.06394465337516 50.86339253833168,-114.0638854561196 50.863389595052524)","{""type"":""MultiPoint"",""coordinates"":[[-114.0637614,50.8633903],[-114.063644,50.8633891],[-114.0640095,50.8633919],[-114.0637051,50.8633909],[-114.0638244,50.8633896],[-114.0635791,50.8633898],[-114.0639447,50.8633925],[-114.0638855,50.8633896]]}",POINT (-114.06376141687711 50.86339025621864),376 210 AV SW,a,
BP2019-02973,Completed,2019-03-22,2019,2019-03-28,2021-10-22,2021,Commercial / Multi Family Project,Building,1606 - Ths Townhouse,Townhouse,Residential,New,New,New,Building 23 - Residential 3 Storey Rowhouse,NORR ARCHITECTS ENGINEERS PLANNERS,,,4,"$823,269",11,11,#203 850 BELMONT DR SW,BLM,BELMONT,50.86356498,-114.0639786,8,Titled Parcel;Titled Parcel;Titled Parcel;Titled Parcel;Building;Building;Building;Building,#205 850 BELMONT DR SW;#207 850 BELMONT DR SW;#209 850 BELMONT DR SW;#203 850 BELMONT DR SW;#207 850 BELMONT DR SW;#209 850 BELMONT DR SW;#203 850 BELMONT DR SW;#205 850 BELMONT DR SW,"MULTIPOINT (-114.06397857000017 50.86356498418849,-114.06391797026993 50.86356501738943,-114.0638511628316 50.86356505395494,-114.06404901399026 50.86356494555461,-114.06391688785058 50.86365646440998,-114.06385486502711 50.86365470934453,-114.0640486244633 50.86365389297219,-114.06398171843298 50.86365463987764)","{""type"":""MultiPoint"",""coordinates"":[[-114.0639786,50.863565],[-114.063918,50.863565],[-114.0638512,50.8635651],[-114.064049,50.8635649],[-114.0639169,50.8636565],[-114.0638549,50.8636547],[-114.0640486,50.8636539],[-114.0639817,50.8636546]]}",POINT (-114.06397857000017 50.86356498418849),850 BELMONT DR SW,a,
BP2019-02974,Completed,2019-03-22,2019,2019-03-29,2021-11-04,2021,Commercial / Multi Family Project,Building,1606 - Ths Townhouse,Townhouse,Residential,New,New,New,Building 22 - Residential 3 Storey Townhouse,NORR ARCHITECTS ENGINEERS PLANNERS,,,4,"$823,269",11,11,#221 850 BELMONT DR SW,BLM,BELMONT,50.86356513,-114.0637106,8,Titled Parcel;Titled Parcel;Titled Parcel;Titled Parcel;Building;Building;Building;Building,#215 850 BELMONT DR SW;#219 850 BELMONT DR SW;#221 850 BELMONT DR SW;#217 850 BELMONT DR SW;#215 850 BELMONT DR SW;#221 850 BELMONT DR SW;#217 850 BELMONT DR SW;#219 850 BELMONT DR SW,"MULTIPOINT (-114.06371061577715 50.86356513075529,-114.06358305234943 50.863565200314376,-114.06351624491039 50.863565236688196,-114.0636436520803 50.86356516728733,-114.06370734208798 50.86365419661604,-114.06352035761137 50.86365429852393,-114.06364908611768 50.86365422839809,-114.0635786135819 50.86365426680614)","{""type"":""MultiPoint"",""coordinates"":[[-114.0637106,50.8635651],[-114.0635831,50.8635652],[-114.0635162,50.8635652],[-114.0636437,50.8635652],[-114.0637073,50.8636542],[-114.0635204,50.8636543],[-114.0636491,50.8636542],[-114.0635786,50.8636543]]}",POINT (-114.06371061577715 50.86356513075529),850 BELMONT DR SW,a,
BP2019-02972,Completed,2019-03-22,2019,2019-03-29,2022-05-18,2022,Commercial / Multi Family Project,Building,1606 - Ths Townhouse,Townhouse,Residential,New,New,New,Building 8 - Residential 3 Storey Townhouse,NORR ARCHITECTS ENGINEERS PLANNERS,,,5,"$1,008,591",11,11,#506 850 BELMONT DR SW,BLM,BELMONT,50.8636508,-114.0632283,11,Titled Parcel;Titled Parcel;Titled Parcel;Titled Parcel;Titled Parcel;Titled Parcel;Building;Building;Building;Building;Building,#506 850 BELMONT DR SW;#502 850 BELMONT DR SW;#504 850 BELMONT DR SW;850 BELMONT DR SE;#510 850 BELMONT DR SW;#508 850 BELMONT DR SW;#508 850 BELMONT DR SW;#510 850 BELMONT DR SW;#504 850 BELMONT DR SW;#506 850 BELMONT DR SW;#502 850 BELMONT DR SW,"MULTIPOINT (-114.06322826310574 50.86365079818223,-114.06322861028885 50.863560897849034,-114.0632284072638 50.863610343039,-114.06460556837874 50.86443217517293,-114.06322800319968 50.86373170845245,-114.06322812707324 50.863686758313584,-114.06308911758667 50.86368962043704,-114.06308916765717 50.8637267221992,-114.0630860136864 50.863610644837856,-114.06308606505239 50.86364870853135,-114.06308294310918 50.86356688310665)","{""type"":""MultiPoint"",""coordinates"":[[-114.0632283,50.8636508],[-114.0632286,50.8635609],[-114.0632284,50.8636103],[-114.0646056,50.8644322],[-114.063228,50.8637317],[-114.0632281,50.8636868],[-114.0630891,50.8636896],[-114.0630892,50.8637267],[-114.063086,50.8636106],[-114.0630861,50.8636487],[-114.0630829,50.8635669]]}",POINT (-114.06322826310574 50.86365079818223),850 BELMONT DR SW,a,
BP2019-02970,Completed,2019-03-22,2019,2019-03-29,2023-06-21,2023,Commercial / Multi Family Project,Building,1606 - Ths Townhouse,Townhouse,Residential,New,New,New,Building 24 - Residential 3 Storey Townhouse,NORR ARCHITECTS ENGINEERS PLANNERS,,,6,"$1,194,088",11,11,#149 850 BELMONT DR SW,BLM,BELMONT,50.86392899,-114.0641408,12,Titled Parcel;Titled Parcel;Titled Parcel;Titled Parcel;Titled Parcel;Titled Parcel;Building;Building;Building;Building;Building;Building,#143 850 BELMONT DR SW;#149 850 BELMONT DR SW;#147 850 BELMONT DR SW;#141 850 BELMONT DR SW;#139 850 BELMONT DR SW;#145 850 BELMONT DR SW;#141 850 BELMONT DR SW;#149 850 BELMONT DR SW;#145 850 BELMONT DR SW;#143 850 BELMONT DR SW;#147 850 BELMONT DR SW;#139 850 BELMONT DR SW,"MULTIPOINT (-114.06414076826934 50.86392899074992,-114.06414122678645 50.863807625307075,-114.06414104696917 50.86385257547688,-114.06414061873275 50.86396495088816,-114.06414050994151 50.864009901017724,-114.06414089743298 50.8638885356156,-114.06399792938703 50.863967897025915,-114.06398869536895 50.863811862413804,-114.06400084192828 50.86389557975605,-114.06399788249628 50.863933645098264,-114.0639947809577 50.86385752834947,-114.06400401761465 50.86401546884139)","{""type"":""MultiPoint"",""coordinates"":[[-114.0641408,50.863929],[-114.0641412,50.8638076],[-114.064141,50.8638526],[-114.0641406,50.863965],[-114.0641405,50.8640099],[-114.0641409,50.8638885],[-114.0639979,50.8639679],[-114.0639887,50.8638119],[-114.0640008,50.8638956],[-114.0639979,50.8639336],[-114.0639948,50.8638575],[-114.064004,50.8640155]]}",POINT (-114.06414076826934 50.86392899074992),850 BELMONT DR SW,a,
BP2019-02968,Completed,2019-03-22,2019,2019-04-01,2023-04-20,2023,Commercial / Multi Family Project,Building,1606 - Ths Townhouse,Townhouse,Residential,New,New,New,Building 7 - Residential 3 Storey Townhouse,NORR ARCHITECTS ENGINEERS PLANNERS,,,4,"$823,269",11,11,#518 850 BELMONT DR SW,BLM,BELMONT,50.8639446,-114.063094,4,Building;Building;Building;Building,#522 850 BELMONT DR SW;#516 850 BELMONT DR SW;#518 850 BELMONT DR SW;#520 850 BELMONT DR SW,"MULTIPOINT (-114.06309397901678 50.86394460158152,-114.0630907954049 50.86381710692267,-114.06308934100596 50.8638551714287,-114.06309241545453 50.86390178298993)","{""type"":""MultiPoint"",""coordinates"":[[-114.063094,50.8639446],[-114.0630908,50.8638171],[-114.0630893,50.8638552],[-114.0630924,50.8639018]]}",POINT (-114.06309397901678 50.86394460158152),850 BELMONT DR SW,a,
BP2019-02971,Completed,2019-03-22,2019,2019-04-01,2023-03-03,2023,Commercial / Multi Family Project,Building,1606 - Ths Townhouse,Townhouse,Residential,New,New,New,Building 21 - Residential 3 Storey Townhouse,NORR ARCHITECTS ENGINEERS PLANNERS,,,6,"$1,194,088",11,11,#525 850 BELMONT DR SW,BLM,BELMONT,50.86396985,-114.0634075,12,Titled Parcel;Titled Parcel;Titled Parcel;Titled Parcel;Titled Parcel;Titled Parcel;Building;Building;Building;Building;Building;Building,#523 850 BELMONT DR SW;#515 850 BELMONT DR SW;#517 850 BELMONT DR SW;#525 850 BELMONT DR SW;#521 850 BELMONT DR SW;#519 850 BELMONT DR SW;#517 850 BELMONT DR SW;#515 850 BELMONT DR SW;#521 850 BELMONT DR SW;#519 850 BELMONT DR SW;#525 850 BELMONT DR SW;#523 850 BELMONT DR SW,"MULTIPOINT (-114.06340751239196 50.86396984644879,-114.06340805999457 50.86380802589784,-114.06340792208844 50.863852976043624,-114.06340732577183 50.86401030161283,-114.06340764219023 50.86392939131533,-114.06340779229056 50.8638934311776,-114.06355727571223 50.863851699140994,-114.06355722073548 50.86381126208716,-114.06356114928859 50.86393197785744,-114.06355639232731 50.86389154336457,-114.06356406545575 50.864008094717605,-114.0635583693141 50.86396647405495)","{""type"":""MultiPoint"",""coordinates"":[[-114.0634075,50.8639698],[-114.0634081,50.863808],[-114.0634079,50.863853],[-114.0634073,50.8640103],[-114.0634076,50.8639294],[-114.0634078,50.8638934],[-114.0635573,50.8638517],[-114.0635572,50.8638113],[-114.0635611,50.863932],[-114.0635564,50.8638915],[-114.0635641,50.8640081],[-114.0635584,50.8639665]]}",POINT (-114.06340751239196 50.86396984644879),850 BELMONT DR SW,a,
BP2022-17026,Completed,2022-10-05,2022,2022-11-24,2024-05-21,2024,Commercial / Multi Family Project,Building,1606 - Ths Townhouse,Townhouse,Residential,New,New,New,4 Unit Residential Rowhouse - Building 6,NORR ARCHITECTS ENGINEERS PLANNERS,,STREETSIDE DEVELOPMENT,4,"$823,269",12,12,#528 850 BELMONT DR SW,BLM,BELMONT,50.86410929,-114.0632266,8,Titled Parcel;Titled Parcel;Titled Parcel;Titled Parcel;Building;Building;Building;Building,#532 850 BELMONT DR SW;#534 850 BELMONT DR SW;#530 850 BELMONT DR SW;#528 850 BELMONT DR SW;#532 850 BELMONT DR SW;#528 850 BELMONT DR SW;#530 850 BELMONT DR SW;#534 850 BELMONT DR SW,"MULTIPOINT (-114.0632265819479 50.86410928981143,-114.06322647227755 50.86415423993933,-114.06322671798253 50.8640733296827,-114.0632268926001 50.86402388451205,-114.06308066723585 50.86411206576452,-114.06308507927635 50.86403403905037,-114.0630851319283 50.86407305568187,-114.06308072244391 50.86415297928699)","{""type"":""MultiPoint"",""coordinates"":[[-114.0632266,50.8641093],[-114.0632265,50.8641542],[-114.0632267,50.8640733],[-114.0632269,50.8640239],[-114.0630807,50.8641121],[-114.0630851,50.864034],[-114.0630851,50.8640731],[-114.0630807,50.864153]]}",POINT (-114.0632265819479 50.86410928981143),850 BELMONT DR SW,a,
BP2022-10620,Completed,2022-06-17,2022,2022-07-11,2024-02-15,2024,Commercial / Multi Family Project,Building,1606 - Ths Townhouse,Townhouse,Residential,New,New,New,"A new, three storey, 8 unit rowhouse, Part 9, Group C occupancy",NORR ARCHITECTS ENGINEERS PLANNERS,,STREETSIDE DEVELOPMENT,8,"$1,564,930",12,12,#119 850 BELMONT DR SW,BLM,BELMONT,50.86418071,-114.0641399,16,Titled Parcel;Titled Parcel;Titled Parcel;Titled Parcel;Titled Parcel;Titled Parcel;Titled Parcel;Titled Parcel;Building;Building;Building;Building;Building;Building;Building;Building,#129 850 BELMONT DR SW;#127 850 BELMONT DR SW;#133 850 BELMONT DR SW;#125 850 BELMONT DR SW;#123 850 BELMONT DR SW;#119 850 BELMONT DR SW;#121 850 BELMONT DR SW;#131 850 BELMONT DR SW;#133 850 BELMONT DR SW;#121 850 BELMONT DR SW;#131 850 BELMONT DR SW;#119 850 BELMONT DR SW;#127 850 BELMONT DR SW;#125 850 BELMONT DR SW;#123 850 BELMONT DR SW;#129 850 BELMONT DR SW,"MULTIPOINT (-114.06413986356355 50.86418071163487,-114.06413972019297 50.86422116677497,-114.0641401929204 50.86409980133043,-114.06413958486033 50.86425712690359,-114.06413944148932 50.86429758204314,-114.06413919736326 50.86437849229801,-114.06413930615629 50.8643335421713,-114.06413999889581 50.864144751505776,-114.0639936086191 50.86410110443051,-114.06399392641256 50.864333253377296,-114.06399065305703 50.86414201061341,-114.0639984946924 50.86438082602339,-114.06399527198545 50.864216220643755,-114.06399381309285 50.86425047339532,-114.06399387040489 50.86429233985682,-114.06399070775714 50.86418197119423)","{""type"":""MultiPoint"",""coordinates"":[[-114.0641399,50.8641807],[-114.0641397,50.8642212],[-114.0641402,50.8640998],[-114.0641396,50.8642571],[-114.0641394,50.8642976],[-114.0641392,50.8643785],[-114.0641393,50.8643335],[-114.06414,50.8641448],[-114.0639936,50.8641011],[-114.0639939,50.8643333],[-114.0639907,50.864142],[-114.0639985,50.8643808],[-114.0639953,50.8642162],[-114.0639938,50.8642505],[-114.0639939,50.8642923],[-114.0639907,50.864182]]}",POINT (-114.06413986356355 50.86418071163487),850 BELMONT DR SW,a,
BP2022-16197,Completed,2022-09-21,2022,2022-10-21,2024-10-02,2024,Commercial / Multi Family Project,Building,1606 - Ths Townhouse,Townhouse,Residential,New,New,New,"A new, three storey, 8 unit rowhouse, Part 9, Group C occupancy",NORR ARCHITECTS ENGINEERS PLANNERS,,STREETSIDE DEVELOPMENT,8,"$1,564,930",12,12,#531 850 BELMONT DR SW,BLM,BELMONT,50.86418111,-114.0634067,16,Titled Parcel;Titled Parcel;Titled Parcel;Titled Parcel;Titled Parcel;Titled Parcel;Titled Parcel;Titled Parcel;Building;Building;Building;Building;Building;Building;Building;Building,#535 850 BELMONT DR SW;#541 850 BELMONT DR SW;#545 850 BELMONT DR SW;#539 850 BELMONT DR SW;#537 850 BELMONT DR SW;#543 850 BELMONT DR SW;#533 850 BELMONT DR SW;#531 850 BELMONT DR SW;#541 850 BELMONT DR SW;#531 850 BELMONT DR SW;#535 850 BELMONT DR SW;#543 850 BELMONT DR SW;#539 850 BELMONT DR SW;#533 850 BELMONT DR SW;#537 850 BELMONT DR SW;#545 850 BELMONT DR SW,"MULTIPOINT (-114.06340673353678 50.864181112196,-114.0634063238352 50.86429798259456,-114.06340599320708 50.86437889289464,-114.06340645363515 50.864257527463394,-114.06340660373722 50.86422156732771,-114.06340617373272 50.86433394272978,-114.06340688363845 50.86414515205984,-114.06340700734074 50.864100201924046,-114.06355317601108 50.864294720263395,-114.06355761123457 50.86409848383132,-114.06355395430877 50.86417757097307,-114.06355041505455 50.864332776493505,-114.06355501926508 50.864260826908925,-114.06355767187134 50.86414308325641,-114.06355400767012 50.864216821343426,-114.06355140759122 50.86437321303323)","{""type"":""MultiPoint"",""coordinates"":[[-114.0634067,50.8641811],[-114.0634063,50.864298],[-114.063406,50.8643789],[-114.0634065,50.8642575],[-114.0634066,50.8642216],[-114.0634062,50.8643339],[-114.0634069,50.8641452],[-114.063407,50.8641002],[-114.0635532,50.8642947],[-114.0635576,50.8640985],[-114.063554,50.8641776],[-114.0635504,50.8643328],[-114.063555,50.8642608],[-114.0635577,50.8641431],[-114.063554,50.8642168],[-114.0635514,50.8643732]]}",POINT (-114.06340673353678 50.864181112196),850 BELMONT DR SW,a,
BP2022-18308,Completed,2022-11-01,2022,2022-11-15,2024-06-20,2024,Commercial / Multi Family Project,Building,1606 - Ths Townhouse,Townhouse,Residential,New,New,New,4 Unit Residential Rowhouse - Building #5,NORR ARCHITECTS ENGINEERS PLANNERS,,STREETSIDE DEVELOPMENT,4,"$823,269",12,12,#540 850 BELMONT DR SW,BLM,BELMONT,50.86423515,-114.0632261,5,Titled Parcel;Titled Parcel;Titled Parcel;Titled Parcel;Building,#540 850 BELMONT DR SW;#542 850 BELMONT DR SW;#544 850 BELMONT DR SW;#546 850 BELMONT DR SW;#540 850 BELMONT DR SW,"MULTIPOINT (-114.06322612713346 50.864235150248696,-114.06322595251449 50.86428459541754,-114.06322581647879 50.864320555544964,-114.06322569260188 50.86436550567892,-114.06308083926564 50.864239553054766)","{""type"":""MultiPoint"",""coordinates"":[[-114.0632261,50.8642352],[-114.063226,50.8642846],[-114.0632258,50.8643206],[-114.0632257,50.8643655],[-114.0630808,50.8642396]]}",POINT (-114.06322612713346 50.864235150248696),850 BELMONT DR SW,a,
BP2022-12439,Completed,2022-07-18,2022,2022-08-11,2024-04-01,2024,Commercial / Multi Family Project,Building,1606 - Ths Townhouse,Townhouse,Residential,New,New,New,6 Unit Residential Rowhouse - Building 26,NORR ARCHITECTS ENGINEERS PLANNERS,,STREETSIDE DEVELOPMENT,6,"$1,194,088",12,12,#103 850 BELMONT DR SW,BLM,BELMONT,50.86462122,-114.0641401,12,Titled Parcel;Titled Parcel;Titled Parcel;Titled Parcel;Titled Parcel;Titled Parcel;Building;Building;Building;Building;Building;Building,#105 850 BELMONT DR SW;#103 850 BELMONT DR SW;#109 850 BELMONT DR SW;#113 850 BELMONT DR SW;#111 850 BELMONT DR SW;#107 850 BELMONT DR SW;#107 850 BELMONT DR SW;#109 850 BELMONT DR SW;#111 850 BELMONT DR SW;#103 850 BELMONT DR SW;#105 850 BELMONT DR SW;#113 850 BELMONT DR SW,"MULTIPOINT (-114.06414014124182 50.86462122213469,-114.06414001824355 50.86466617226695,-114.06414041994577 50.864544806870754,-114.06414072893061 50.864459401575964,-114.0641405552784 50.8645088467439,-114.06414027657485 50.864585262008305,-114.06399726894814 50.86458538545539,-114.06399421816893 50.86454637946143,-114.06399416606186 50.86450831577447,-114.06399186397368 50.86466340375125,-114.06399482085946 50.86462344152263,-114.06399411135814 50.8644683551959)","{""type"":""MultiPoint"",""coordinates"":[[-114.0641401,50.8646212],[-114.06414,50.8646662],[-114.0641404,50.8645448],[-114.0641407,50.8644594],[-114.0641406,50.8645088],[-114.0641403,50.8645853],[-114.0639973,50.8645854],[-114.0639942,50.8645464],[-114.0639942,50.8645083],[-114.0639919,50.8646634],[-114.0639948,50.8646234],[-114.0639941,50.8644684]]}",POINT (-114.06414014124182 50.86462122213469),850 BELMONT DR SW,a,
BP2022-05382,Completed,2022-04-05,2022,2022-05-03,2023-12-04,2023,Commercial / Multi Family Project,Building,1606 - Ths Townhouse,Townhouse,Residential,New,New,New,Group C (Division B 9.10.15),NORR ARCHITECTS ENGINEERS PLANNERS,,STREETSIDE DEVELOPMENT,8,"$1,564,930",12,12,826 BELMONT DR SW,BLM,BELMONT,50.86464344,-114.0646058,16,Titled Parcel;Titled Parcel;Titled Parcel;Titled Parcel;Titled Parcel;Titled Parcel;Titled Parcel;Titled Parcel;Building;Building;Building;Building;Building;Building;Building;Building,834 BELMONT DR SW;828 BELMONT DR SW;838 BELMONT DR SW;836 BELMONT DR SW;826 BELMONT DR SW;840 BELMONT DR SW;832 BELMONT DR SW;830 BELMONT DR SW;830 BELMONT DR SW;832 BELMONT DR SW;834 BELMONT DR SW;838 BELMONT DR SW;828 BELMONT DR SW;826 BELMONT DR SW;836 BELMONT DR SW;840 BELMONT DR SW,"MULTIPOINT (-114.06460580353041 50.86464344035107,-114.06460538261794 50.86476031075128,-114.06460608147326 50.8645670250866,-114.06460595271085 50.86460748021656,-114.06460523165546 50.86480526089853,-114.06460624663991 50.86452207492964,-114.0646056747676 50.86468389548049,-114.064605531799 50.8647243506175,-114.0644640259877 50.86472189367145,-114.06446171513869 50.86468407396357,-114.064461669878 50.864651251451434,-114.0644615547494 50.86456776126426,-114.06446408306476 50.86476328365883,-114.06445963497737 50.86480324672197,-114.06445936931041 50.86461058190327,-114.0644615035882 50.864530659508475)","{""type"":""MultiPoint"",""coordinates"":[[-114.0646058,50.8646434],[-114.0646054,50.8647603],[-114.0646061,50.864567],[-114.064606,50.8646075],[-114.0646052,50.8648053],[-114.0646062,50.8645221],[-114.0646057,50.8646839],[-114.0646055,50.8647244],[-114.064464,50.8647219],[-114.0644617,50.8646841],[-114.0644617,50.8646513],[-114.0644616,50.8645678],[-114.0644641,50.8647633],[-114.0644596,50.8648032],[-114.0644594,50.8646106],[-114.0644615,50.8645307]]}",POINT (-114.06460580353041 50.86464344035107),826 BELMONT DR SW,a,
BP2022-09145,Completed,2022-05-30,2022,2022-06-22,2023-12-21,2023,Commercial / Multi Family Project,Building,1606 - Ths Townhouse,Townhouse,Residential,New,New,New,7 Unit Residential Rowhouse - Block 16,NORR ARCHITECTS ENGINEERS PLANNERS,,STREETSIDE DEVELOPMENT,7,"$1,379,410",12,12,808 BELMONT DR SW,BLM,BELMONT,50.86497159,-114.0645818,14,Titled Parcel;Titled Parcel;Titled Parcel;Titled Parcel;Titled Parcel;Titled Parcel;Titled Parcel;Building;Building;Building;Building;Building;Building;Building,820 BELMONT DR SW;812 BELMONT DR SW;808 BELMONT DR SW;816 BELMONT DR SW;810 BELMONT DR SW;814 BELMONT DR SW;818 BELMONT DR SW;808 BELMONT DR SW;816 BELMONT DR SW;810 BELMONT DR SW;818 BELMONT DR SW;812 BELMONT DR SW;820 BELMONT DR SW;814 BELMONT DR SW,"MULTIPOINT (-114.06458175218133 50.86497158912461,-114.0644342919306 50.86510202579931,-114.06435735317295 50.86517398834392,-114.06450404055326 50.86503905718907,-114.06439958801793 50.86513350999451,-114.06446915205967 50.865070541507315,-114.06453895741129 50.86500757284453,-114.06425034302573 50.86512376615916,-114.06439899092135 50.86498881607597,-114.06429087782843 50.865086633069076,-114.06442601247663 50.8649595386738,-114.06432579496456 50.865055220708534,-114.0644643064402 50.864925265583196,-114.06435957460563 50.865023089763596)","{""type"":""MultiPoint"",""coordinates"":[[-114.0645818,50.8649716],[-114.0644343,50.865102],[-114.0643574,50.865174],[-114.064504,50.8650391],[-114.0643996,50.8651335],[-114.0644692,50.8650705],[-114.064539,50.8650076],[-114.0642503,50.8651238],[-114.064399,50.8649888],[-114.0642909,50.8650866],[-114.064426,50.8649595],[-114.0643258,50.8650552],[-114.0644643,50.8649253],[-114.0643596,50.8650231]]}",POINT (-114.06458175218133 50.86497158912461),808 BELMONT DR SW,a,
BP2023-08350,Completed,2023-06-01,2023,2023-06-23,2024-12-06,2024,Commercial / Multi Family Project,Building,1606 - Ths Townhouse,Townhouse,Residential,New,New,New,"A new, two storey, 6 unit rowhouse, Part 9, Group C occupancy",NORR ARCHITECTS ENGINEERS PLANNERS,,STREETSIDE DEVELOPMENT,6,"$1,189,666",12,12,#551 850 BELMONT DR SW,BLM,BELMONT,50.86458117,-114.0633959,12,Titled Parcel;Titled Parcel;Titled Parcel;Titled Parcel;Titled Parcel;Titled Parcel;Building;Building;Building;Building;Building;Building,#557 850 BELMONT DR SW;#551 850 BELMONT DR SW;#559 850 BELMONT DR SW;#561 850 BELMONT DR SW;#555 850 BELMONT DR SW;#553 850 BELMONT DR SW;#551 850 BELMONT DR SW;#555 850 BELMONT DR SW;#561 850 BELMONT DR SW;#557 850 BELMONT DR SW;#559 850 BELMONT DR SW;#553 850 BELMONT DR SW,"MULTIPOINT (-114.06339586907349 50.86458117369008,-114.0633963153238 50.86445980827082,-114.06339572505813 50.86462162882671,-114.0633955384257 50.86466208398618,-114.06339601918452 50.864545213556404,-114.06339614899389 50.864504758426975,-114.06354872181294 50.86446657578326,-114.06354976851613 50.86454685603064,-114.06355367644237 50.86466281608028,-114.06354981863598 50.86458372404681,-114.06355174794085 50.8646235667339,-114.06354688824969 50.86450760720159)","{""type"":""MultiPoint"",""coordinates"":[[-114.0633959,50.8645812],[-114.0633963,50.8644598],[-114.0633957,50.8646216],[-114.0633955,50.8646621],[-114.063396,50.8645452],[-114.0633961,50.8645048],[-114.0635487,50.8644666],[-114.0635498,50.8645469],[-114.0635537,50.8646628],[-114.0635498,50.8645837],[-114.0635517,50.8646236],[-114.0635469,50.8645076]]}",POINT (-114.06339586907349 50.86458117369008),850 BELMONT DR SW,a,
BP2023-08767,Completed,2023-06-07,2023,2023-07-18,2024-12-12,2024,Commercial / Multi Family Project,Building,1606 - Ths Townhouse,Townhouse,Residential,New,New,New,"A new, two storey, 4 unit rowhouse, Part 9, Group C occupancy",NORR ARCHITECTS ENGINEERS PLANNERS,,STREETSIDE DEVELOPMENT,4,"$818,329",12,12,#415 850 BELMONT DR SW,BLM,BELMONT,50.86492256,-114.0638294,8,Titled Parcel;Titled Parcel;Titled Parcel;Titled Parcel;Building;Building;Building;Building,#415 850 BELMONT DR SW;#417 850 BELMONT DR SW;#419 850 BELMONT DR SW;#421 850 BELMONT DR SW;#421 850 BELMONT DR SW;#417 850 BELMONT DR SW;#419 850 BELMONT DR SW;#415 850 BELMONT DR SW,"MULTIPOINT (-114.06382942135896 50.8649225578919,-114.06389510848756 50.86492252195247,-114.06395570997762 50.864922488762765,-114.06402251935576 50.86492245213672,-114.0640265512641 50.86482727266199,-114.06389969629836 50.86482852885953,-114.06395982806781 50.86482790258399,-114.06383486083155 50.864827970994966)","{""type"":""MultiPoint"",""coordinates"":[[-114.0638294,50.8649226],[-114.0638951,50.8649225],[-114.0639557,50.8649225],[-114.0640225,50.8649225],[-114.0640266,50.8648273],[-114.0638997,50.8648285],[-114.0639598,50.8648279],[-114.0638349,50.864828]]}",POINT (-114.06382942135896 50.8649225578919),850 BELMONT DR SW,a,
BP2018-15556,Completed,2018-11-27,2018,2018-12-10,2022-05-13,2022,Commercial / Multi Family Project,Building,1606 - Ths Townhouse,Townhouse,Residential,New,New,New,Building 9 - Residential 3 Storey Rowhouse,STREETSIDE DEVELOPMENT,,,8,"$1,565,000",13,13,362 210 AV SW,BLM,BELMONT,50.86326886,-114.0629772,16,Titled Parcel;Titled Parcel;Titled Parcel;Titled Parcel;Titled Parcel;Titled Parcel;Titled Parcel;Titled Parcel;Building;Building;Building;Building;Building;Building;Building;Building,348 210 AV SW;354 210 AV SW;350 210 AV SW;362 210 AV SW;360 210 AV SW;356 210 AV SW;352 210 AV SW;358 210 AV SW;356 210 AV SW;360 210 AV SW;350 210 AV SW;348 210 AV SW;358 210 AV SW;354 210 AV SW;352 210 AV SW;362 210 AV SW,"MULTIPOINT (-114.06297716676825 50.86326885830592,-114.06318409379409 50.86326874647419,-114.06306288089444 50.86326881202705,-114.06343995770314 50.863268607687736,-114.06336589183492 50.86326864792044,-114.06324469314116 50.863268713654406,-114.06312349444691 50.86326877926251,-114.0633052924881 50.86326868080315,-114.06324740762842 50.86335366782501,-114.0633686049339 50.863352415407064,-114.06306323618485 50.86335317413551,-114.06299934352856 50.86335499765163,-114.06330753750983 50.863353041886015,-114.06318351256083 50.86335370243028,-114.06312619370753 50.86335314010314,-114.0634362668096 50.86335416766629)","{""type"":""MultiPoint"",""coordinates"":[[-114.0629772,50.8632689],[-114.0631841,50.8632687],[-114.0630629,50.8632688],[-114.06344,50.8632686],[-114.0633659,50.8632686],[-114.0632447,50.8632687],[-114.0631235,50.8632688],[-114.0633053,50.8632687],[-114.0632474,50.8633537],[-114.0633686,50.8633524],[-114.0630632,50.8633532],[-114.0629993,50.863355],[-114.0633075,50.863353],[-114.0631835,50.8633537],[-114.0631262,50.8633531],[-114.0634363,50.8633542]]}",POINT (-114.06297716676825 50.86326885830592),362 210 AV SW,a,
BP2018-14608,Completed,2018-11-02,2018,2018-11-21,2019-11-26,2019,Commercial / Multi Family Project,Building,1606 - Ths Townhouse,Townhouse,Residential,New,New,New,Building 11 - Residential 3 Storey Rowhouse,STREETSIDE DEVELOPMENT,,,5,"$1,008,591",13,13,396 210 AV SW,BLM,BELMONT,50.86347852,-114.064392,5,Building;Building;Building;Building;Building,396 210 AV SW;394 210 AV SW;390 210 AV SW;392 210 AV SW;388 210 AV SW,"MULTIPOINT (-114.06439202376924 50.86347851561796,-114.06434313424498 50.86345118596391,-114.06424629260707 50.86340663984475,-114.06429800396236 50.86343039894924,-114.06419551150393 50.86337753114674)","{""type"":""MultiPoint"",""coordinates"":[[-114.064392,50.8634785],[-114.0643431,50.8634512],[-114.0642463,50.8634066],[-114.064298,50.8634304],[-114.0641955,50.8633775]]}",POINT (-114.06439202376924 50.86347851561796),396 210 AV SW,a,
BP2018-14610,Completed,2018-11-02,2018,2018-11-21,2020-02-04,2020,Commercial / Multi Family Project,Building,1606 - Ths Townhouse,Townhouse,Residential,New,New,New,Building 14 - Residential 3 Storey Rowhouse,STREETSIDE DEVELOPMENT,,,8,"$1,564,930",13,13,858 BELMONT DR SW,BLM,BELMONT,50.86417596,-114.0646046,8,Titled Parcel;Titled Parcel;Titled Parcel;Titled Parcel;Titled Parcel;Titled Parcel;Titled Parcel;Titled Parcel,864 BELMONT DR SW;856 BELMONT DR SW;858 BELMONT DR SW;870 BELMONT DR SW;868 BELMONT DR SW;866 BELMONT DR SW;862 BELMONT DR SW;860 BELMONT DR SW,"MULTIPOINT (-114.06460458924666 50.864175960330684,-114.06460401737176 50.864337780891184,-114.06460418253981 50.864292830732445,-114.06460504656144 50.86405459489163,-114.06460486718942 50.86409954506007,-114.06460472422143 50.86414000020115,-114.06460446048374 50.86421641546336,-114.06460431130311 50.864252375600294)","{""type"":""MultiPoint"",""coordinates"":[[-114.0646046,50.864176],[-114.064604,50.8643378],[-114.0646042,50.8642928],[-114.064605,50.8640546],[-114.0646049,50.8640995],[-114.0646047,50.86414],[-114.0646045,50.8642164],[-114.0646043,50.8642524]]}",POINT (-114.06460458924666 50.864175960330684),858 BELMONT DR SW,a,
BP2018-11841,Completed,2018-09-04,2018,2018-10-02,2019-10-03,2019,Commercial / Multi Family Project,Building,1606 - Ths Townhouse,Townhouse,Residential,New,New,New,Building 12 - Residential 3 Storey Rowhouse,STREETSIDE DEVELOPMENT,,,4,"$691,173",13,13,890 BELMONT DR SW,BLM,BELMONT,50.86443218,-114.0646056,5,Titled Parcel;Building;Building;Building;Building,850 BELMONT DR SE;892 BELMONT DR SW;894 BELMONT DR SW;890 BELMONT DR SW;896 BELMONT DR SW,"MULTIPOINT (-114.06460556837874 50.86443217517293,-114.06447030447198 50.86368125117548,-114.06447118461932 50.86363962692232,-114.06446940519584 50.86371930640318,-114.06446923299025 50.8635944351972)","{""type"":""MultiPoint"",""coordinates"":[[-114.0646056,50.8644322],[-114.0644703,50.8636813],[-114.0644712,50.8636396],[-114.0644694,50.8637193],[-114.0644692,50.8635944]]}",POINT (-114.06460556837874 50.86443217517293),890 BELMONT DR SW,a,
BP2018-14609,Completed,2018-11-02,2018,2018-11-21,2019-10-03,2019,Commercial / Multi Family Project,Building,1606 - Ths Townhouse,Townhouse,Residential,New,New,New,Building 13 - Residential 3 Storey Rowhouse,STREETSIDE DEVELOPMENT,,,5,"$1,008,591",13,13,876 BELMONT DR SW,BLM,BELMONT,50.86443218,-114.0646056,6,Titled Parcel;Building;Building;Building;Building;Building,850 BELMONT DR SE;882 BELMONT DR SW;876 BELMONT DR SW;878 BELMONT DR SW;884 BELMONT DR SW;880 BELMONT DR SW,"MULTIPOINT (-114.06460556837874 50.86443217517293,-114.06447053736974 50.863850128465636,-114.06446881371535 50.86397025398589,-114.06446875384619 50.86392684124123,-114.06446859065422 50.86380850577509,-114.06447246742846 50.86388997114227)","{""type"":""MultiPoint"",""coordinates"":[[-114.0646056,50.8644322],[-114.0644705,50.8638501],[-114.0644688,50.8639703],[-114.0644688,50.8639268],[-114.0644686,50.8638085],[-114.0644725,50.86389]]}",POINT (-114.06460556837874 50.86443217517293),876 BELMONT DR SW,a,
BP2020-04241,Completed,2020-04-09,2020,2020-05-13,2020-11-23,2020,Commercial / Multi Family Project,Building,1606 - Ths Townhouse,Townhouse,Residential,New,New,New,6 Unit Rowhouse - Building 9,,HBA URBAN (TOWNHOMES) LP,HBA URBAN (TOWNHOMES) LP,6,"$1,019,370",14,14,352 BELMONT AV SW,BLM,BELMONT,50.86552117,-114.0623867,6,Titled Parcel;Titled Parcel;Titled Parcel;Titled Parcel;Titled Parcel;Titled Parcel,352 BELMONT AV SW;342 BELMONT AV SW;348 BELMONT AV SW;344 BELMONT AV SW;350 BELMONT AV SW;346 BELMONT AV SW,"MULTIPOINT (-114.06238665077679 50.86552117374948,-114.06193176441109 50.86552141599346,-114.06220250000278 50.865521272030215,-114.06202934457606 50.86552136417773,-114.06228907061286 50.865521225863915,-114.06211592939248 50.8655213181323)","{""type"":""MultiPoint"",""coordinates"":[[-114.0623867,50.8655212],[-114.0619318,50.8655214],[-114.0622025,50.8655213],[-114.0620293,50.8655214],[-114.0622891,50.8655212],[-114.0621159,50.8655213]]}",POINT (-114.06238665077679 50.86552117374948),352 BELMONT AV SW,a,
BP2020-06496,Completed,2020-05-27,2020,2020-06-24,2020-11-23,2020,Commercial / Multi Family Project,Building,1606 - Ths Townhouse,Townhouse,Residential,New,New,New,5 Unit Rowhouse - Building 10,,HBA URBAN (TOWNHOMES) LP,HBA URBAN (TOWNHOMES) LP,5,"$858,370",14,14,340 BELMONT AV SW,BLM,BELMONT,50.86552153,-114.0617256,5,Titled Parcel;Titled Parcel;Titled Parcel;Titled Parcel;Titled Parcel,338 BELMONT AV SW;340 BELMONT AV SW;334 BELMONT AV SW;332 BELMONT AV SW;336 BELMONT AV SW,"MULTIPOINT (-114.06172559452595 50.865521525202816,-114.06182317469154 50.86552147355944,-114.06155243909674 50.86552161664286,-114.0614446733168 50.86552167342221,-114.0616390239144 50.865521570951195)","{""type"":""MultiPoint"",""coordinates"":[[-114.0617256,50.8655215],[-114.0618232,50.8655215],[-114.0615524,50.8655216],[-114.0614447,50.8655217],[-114.061639,50.8655216]]}",POINT (-114.06172559452595 50.865521525202816),340 BELMONT AV SW,a,
BP2021-19658,Completed,2021-11-16,2021,2021-12-08,2025-02-07,2025,Commercial / Multi Family Project,Building,1606 - Ths Townhouse,Townhouse,Residential,New,New,New,4 Plex Townhouse,PHASE ONE,,,4,"$1,144,242",15,15,2024 22 AV NW,BNF,BANFF TRAIL,51.07272213,-114.1078427,5,Titled Parcel;Building;Building;Building;Building,2312 20 ST NW;2024 22 AV NW;2308 20 ST NW;2306 20 ST NW;2310 20 ST NW,"MULTIPOINT (-114.10784266879025 51.072722126592495,-114.10772778431375 51.07253650545374,-114.10777367848276 51.07259987644959,-114.10781012620366 51.072534128184564,-114.10777502794932 51.07265253682845)","{""type"":""MultiPoint"",""coordinates"":[[-114.1078427,51.0727221],[-114.1077278,51.0725365],[-114.1077737,51.0725999],[-114.1078101,51.0725341],[-114.107775,51.0726525]]}",POINT (-114.10784266879025 51.072722126592495),2024 22 AV NW,a,
BP2018-00508,Completed,2018-01-17,2018,2018-07-03,2018-12-05,2018,Commercial / Multi Family Project,Building,1606 - Ths Townhouse,Townhouse,Residential,New,New,New,Part 9 Residential 2 Storey Rowhouse w/ Secondary Suites & 4-Vehicle Garage,STONE WEST HOMES,,,4,"$789,959",16,16,2305 19 ST NW,BNF,BANFF TRAIL,51.07272788,-114.1064745,9,Titled Parcel;Building;Building;Building;Building;Building Suite;Building Suite;Building Suite;Building Suite,2319 19 ST NW;2307 19 ST NW;2311 19 ST NW;2315 19 ST NW;2004 22 AV NW;2317 19 ST NW;2313 19 ST NW;2305 19 ST NW;2309 19 ST NW,"MULTIPOINT (-114.10647450513312 51.07272787554869,-114.10655171487156 51.07255341414462,-114.1065472813206 51.07259872623937,-114.10656157022125 51.072650799497616,-114.1065634732356 51.07249773924593,-114.10656157022125 51.072650799497616,-114.1065472813206 51.07259872623937,-114.1065634732356 51.07249773924593,-114.10655171487156 51.07255341414462)","{""type"":""MultiPoint"",""coordinates"":[[-114.1064745,51.0727279],[-114.1065517,51.0725534],[-114.1065473,51.0725987],[-114.1065616,51.0726508],[-114.1065635,51.0724977],[-114.1065616,51.0726508],[-114.1065473,51.0725987],[-114.1065635,51.0724977],[-114.1065517,51.0725534]]}",POINT (-114.10647450513312 51.07272787554869),2305 19 ST NW,a,
BP2022-13751,Completed,2022-08-10,2022,2022-10-21,2023-11-15,2023,Commercial / Multi Family Project,Building,1606 - Ths Townhouse,Townhouse,Residential,New,New,New,"A new 4 unit rowhouse, Part 9, Group C occupancy classified under 9.10.2.1.",YOUR PROPERTY,,YOUR PROPERTY,8,"$851,549",17,17,2831R 24 ST NW,BNF,BANFF TRAIL,51.07827193,-114.1185019,9,Titled Parcel;Building;Building;Building;Building;Building Suite;Building Suite;Building Suite;Building Suite,3405 CASCADE RD NW;#3 3403 CASCADE RD NW;2831 24 ST NW;#2 3403 CASCADE RD NW;#1 3403 CASCADE RD NW;2831R 24 ST NW;#2R 3403 CASCADE RD NW;#3R 3403 CASCADE RD NW;#1R 3403 CASCADE RD NW,"MULTIPOINT (-114.11850193381999 51.07827193053602,-114.1183730638427 51.07822586309857,-114.11812025697179 51.078226882921456,-114.11828615999089 51.07822825241791,-114.1182077768143 51.078231010624414,-114.11808430911657 51.07818787703314,-114.11825809987245 51.07818770136587,-114.11841306538797 51.07818678038598,-114.11823926426075 51.07818848454059)","{""type"":""MultiPoint"",""coordinates"":[[-114.1185019,51.0782719],[-114.1183731,51.0782259],[-114.1181203,51.0782269],[-114.1182862,51.0782283],[-114.1182078,51.078231],[-114.1180843,51.0781879],[-114.1182581,51.0781877],[-114.1184131,51.0781868],[-114.1182393,51.0781885]]}",POINT (-114.11850193381999 51.07827193053602),2831R 24 ST NW,a,
BP2020-15028,Completed,2020-10-15,2020,2021-01-06,2022-05-17,2022,Commercial / Multi Family Project,Building,1606 - Ths Townhouse,Townhouse,Residential,New,New,New,Part 9 Townhome 4 units,,SUNSTAR HOMES,SUNSTAR HOMES,4,"$916,863",18,18,#1B 2636 MORLEY TR NW,BNF,BANFF TRAIL,51.07679899,-114.1101075,6,Titled Parcel;Building;Building;Building;Building;Building Suite,2636 MORLEY TR NW;#1 2636 MORLEY TR NW;#3 2636 MORLEY TR NW;#4 2636 MORLEY TR NW;#2 2636 MORLEY TR NW;#1B 2636 MORLEY TR NW,"MULTIPOINT (-114.11010753869154 51.07679898832125,-114.1100862549386 51.07682633701324,-114.10998450298652 51.07690920981993,-114.10994155224047 51.07694682710972,-114.11003651725589 51.07686634299623,-114.11005520299018 51.07678450127728)","{""type"":""MultiPoint"",""coordinates"":[[-114.1101075,51.076799],[-114.1100863,51.0768263],[-114.1099845,51.0769092],[-114.1099416,51.0769468],[-114.1100365,51.0768663],[-114.1100552,51.0767845]]}",POINT (-114.11010753869154 51.07679898832125),2636 MORLEY TR NW,a,
BP2017-08492,Completed,2017-07-06,2017,2017-09-12,2018-10-30,2018,Commercial / Multi Family Project,Building,1606 - Ths Townhouse,Townhouse,Residential,New,New,New,3 storey 4-plex,CUBIT DESIGN GROUP,,MJ HOMES,4,"$793,802",19,19,#1 2412 17A ST SW,BNK,BANKVIEW,51.03278044,-114.1032493,5,Titled Parcel;Building;Building;Building;Building,2412 17A ST SW;#1 2412 17A ST SW;#2 2410 17A ST SW;#1 2410 17A ST SW;#2 2412 17A ST SW,"MULTIPOINT (-114.10324926172457 51.03278043653604,-114.10317938018757 51.03279602355913,-114.10300446636381 51.03284969386231,-114.1031760599142 51.032828848084165,-114.10300844325224 51.032772153724515)","{""type"":""MultiPoint"",""coordinates"":[[-114.1032493,51.0327804],[-114.1031794,51.032796],[-114.1030045,51.0328497],[-114.1031761,51.0328288],[-114.1030084,51.0327722]]}",POINT (-114.10324926172457 51.03278043653604),2412 17A ST SW,a,
BP2017-14522,Completed,2017-10-31,2017,2018-01-22,2019-01-02,2019,Commercial / Multi Family Project,Building,1606 - Ths Townhouse,Townhouse,Residential,New,New,New,,RICK BALBI ARCHITECT,,,4,"$848,662",19,19,1700 19 AV SW,BNK,BANKVIEW,51.0366575,-114.1004016,1,Titled Parcel,1700 19 AV SW,POINT (-114.10040161310644 51.03665750049432),"{""type"":""Point"",""coordinates"":[-114.1004016,51.0366575]}",POINT (-114.10040161310644 51.03665750049432),1700 19 AV SW,a,
BP2018-02073,Completed,2018-02-27,2018,2018-09-13,2021-07-02,2021,Commercial / Multi Family Project,Building,1606 - Ths Townhouse,Townhouse,Residential,New,New,New,Bankview Rowhouse - 5-Plex,SUPERIOR DRAFTING & DESIGN,,,5,"$1,224,349",19,19,2320 16A ST SW,BNK,BANKVIEW,51.03346627,-114.1002486,6,Titled Parcel;Building;Building;Building;Building;Building,2318 16A ST SW;2328 16A ST SW;2320 16A ST SW;2322 16A ST SW;2326 16A ST SW;2324 16A ST SW,"MULTIPOINT (-114.10024862412199 51.03346627026605,-114.1001689221735 51.0333848914403,-114.10016538490125 51.033562765731155,-114.10016529271417 51.03352000155413,-114.10016313285226 51.03343076212414,-114.10016420610609 51.033472284875025)","{""type"":""MultiPoint"",""coordinates"":[[-114.1002486,51.0334663],[-114.1001689,51.0333849],[-114.1001654,51.0335628],[-114.1001653,51.03352],[-114.1001631,51.0334308],[-114.1001642,51.0334723]]}",POINT (-114.10024862412199 51.03346627026605),2320 16A ST SW,a,
BP2018-01127,Completed,2018-02-02,2018,2018-03-22,2019-05-27,2019,Commercial / Multi Family Project,Building,1606 - Ths Townhouse,Townhouse,Residential,New,New,New,4-plex c/w detached garage,,CALGARY TECHNOLOGY HOMES,CALGARY TECHNOLOGY HOMES,4,"$1,151,238",20,20,#1 1816 17 ST SW,BNK,BANKVIEW,51.03728675,-114.1014138,6,Titled Parcel;Titled Parcel;Building;Building;Building;Building,1814 17 ST SW;1816 17 ST SW;#2 1816 17 ST SW;#1 1814 17 ST SW;#2 1814 17 ST SW;#1 1816 17 ST SW,"MULTIPOINT (-114.10141381840555 51.037286753947264,-114.10141381141915 51.03721823409755,-114.10106263509584 51.037207984332646,-114.10134008606911 51.03728564024684,-114.1010816708815 51.0372870506794,-114.10134938109141 51.03722616500683)","{""type"":""MultiPoint"",""coordinates"":[[-114.1014138,51.0372868],[-114.1014138,51.0372182],[-114.1010626,51.037208],[-114.1013401,51.0372856],[-114.1010817,51.0372871],[-114.1013494,51.0372262]]}",POINT (-114.10141381840555 51.037286753947264),1816 17 ST SW,a,
BP2019-06488,Completed,2019-05-28,2019,2019-08-09,2023-05-26,2023,Commercial / Multi Family Project,Building,1606 - Ths Townhouse,Townhouse,Residential,New,New,New,New - 17 Unit Townhouse Project - Bow 17,FORMED ALLIANCE ARCHITECTURE STUDIO,,,10,"$1,601,797",21,21,#410 6527 36 AV NW,BOW,BOWNESS,51.08558538,-114.1842037,6,Titled Parcel;Building;Building;Building;Building;Building,6527 36 AV NW;#410 6527 36 AV NW;#450 6527 36 AV NW;#420 6527 36 AV NW;#440 6527 36 AV NW;#430 6527 36 AV NW,"MULTIPOINT (-114.18420368106706 51.085585382567295,-114.18394903383808 51.08532291626828,-114.18394739111653 51.08509586650109,-114.18394825030823 51.085269312039074,-114.18394775020757 51.08514681944403,-114.18394820673912 51.085200747817346)","{""type"":""MultiPoint"",""coordinates"":[[-114.1842037,51.0855854],[-114.183949,51.0853229],[-114.1839474,51.0850959],[-114.1839483,51.0852693],[-114.1839478,51.0851468],[-114.1839482,51.0852007]]}",POINT (-114.18420368106706 51.085585382567295),6527 36 AV NW,a,
BP2021-06301,Completed,2021-04-19,2021,2021-06-02,2023-05-23,2023,Commercial / Multi Family Project,Building,1606 - Ths Townhouse,Townhouse,Residential,New,New,New,"Bow 17 Developments - Block 2 Building: 3 storey, 6 residential units",FORMED ALLIANCE ARCHITECTURE STUDIO,,ONYX HOMES,6,"$1,092,490",21,21,#215 6527 36 AV NW,BOW,BOWNESS,51.08558538,-114.1842037,18,Titled Parcel;Building;Building;Building;Building;Building;Building;Building;Building;Building;Building;Building;Building;Building;Building;Building;Building;Building,6527 36 AV NW;#415 6527 36 AV NW;#125 6527 36 AV NW;#315 6527 36 AV NW;#205 6527 36 AV NW;#215 6527 36 AV NW;#135 6527 36 AV NW;#445 6527 36 AV NW;#105 6527 36 AV NW;#425 6527 36 AV NW;#115 6527 36 AV NW;#435 6527 36 AV NW;#355 6527 36 AV NW;#345 6527 36 AV NW;#325 6527 36 AV NW;#225 6527 36 AV NW;#335 6527 36 AV NW;#455 6527 36 AV NW,"MULTIPOINT (-114.18420368106706 51.085585382567295,-114.18394909130662 51.085305017725,-114.18399936921372 51.08555527422311,-114.18441641299492 51.0853028521678,-114.1842859954982 51.085553276558834,-114.18436699252318 51.085552438675656,-114.18408246050386 51.08555704923786,-114.18394216076156 51.085126637416145,-114.18380260224687 51.08555249127654,-114.1839466124623 51.08525221624445,-114.18388531864609 51.08555331411475,-114.1839423701889 51.08517944246842,-114.18441779999019 51.08508093073371,-114.18441574338007 51.085134449544945,-114.18441451872975 51.0852536186778,-114.18448368653335 51.08555153542488,-114.18441424635381 51.08518511774435,-114.18394139314479 51.085077042557494)","{""type"":""MultiPoint"",""coordinates"":[[-114.1842037,51.0855854],[-114.1839491,51.085305],[-114.1839994,51.0855553],[-114.1844164,51.0853029],[-114.184286,51.0855533],[-114.184367,51.0855524],[-114.1840825,51.085557],[-114.1839422,51.0851266],[-114.1838026,51.0855525],[-114.1839466,51.0852522],[-114.1838853,51.0855533],[-114.1839424,51.0851794],[-114.1844178,51.0850809],[-114.1844157,51.0851344],[-114.1844145,51.0852536],[-114.1844837,51.0855515],[-114.1844142,51.0851851],[-114.1839414,51.085077]]}",POINT (-114.18420368106706 51.085585382567295),6527 36 AV NW,a,
BP2021-06302,Completed,2021-04-19,2021,2021-06-02,2023-05-19,2023,Commercial / Multi Family Project,Building,1606 - Ths Townhouse,Townhouse,Residential,New,New,New,"Bow 17 Developments - Block 1 Building: 3 storey, 8 residential units,",FORMED ALLIANCE ARCHITECTURE STUDIO,,ONYX HOMES,8,"$1,399,486",21,21,#110 6527 36 AV NW,BOW,BOWNESS,51.08558538,-114.1842037,5,Titled Parcel;Building;Building;Building;Building,6527 36 AV NW;#140 6527 36 AV NW;#120 6527 36 AV NW;#110 6527 36 AV NW;#130 6527 36 AV NW,"MULTIPOINT (-114.18420368106706 51.085585382567295,-114.1841122338369 51.08555331658746,-114.1839154045613 51.08555281730749,-114.1838318194275 51.085552481299246,-114.18403116058856 51.0855529318177)","{""type"":""MultiPoint"",""coordinates"":[[-114.1842037,51.0855854],[-114.1841122,51.0855533],[-114.1839154,51.0855528],[-114.1838318,51.0855525],[-114.1840312,51.0855529]]}",POINT (-114.18420368106706 51.085585382567295),6527 36 AV NW,a,
BP2017-13451,Completed,2017-10-06,2017,2017-11-21,2018-12-13,2018,Commercial / Multi Family Project,Building,1606 - Ths Townhouse,Townhouse,Residential,New,New,New,9.10.15. - 5 Unit Townhouse - Building B,HABITAT FOR HUMANITY,,,5,"$1,452,320",22,22,#2 6324 BOWWOOD DR NW,BOW,BOWNESS,51.08478712,-114.1801533,7,Titled Parcel;Building;Building Suite;Building Suite;Building Suite;Building Suite;Building Suite,6328 BOWWOOD DR NW;6324 BOWWOOD DR NW;#2 6324 BOWWOOD DR NW;#1 6324 BOWWOOD DR NW;#3 6324 BOWWOOD DR NW;#4 6324 BOWWOOD DR NW;#5 6324 BOWWOOD DR NW,"MULTIPOINT (-114.18015325743954 51.08478711763439,-114.1798608741836 51.084827140374124,-114.17994554606364 51.08478419223706,-114.17988470211377 51.08475517728218,-114.17989045224128 51.0848356530433,-114.17983622306699 51.084874553909785,-114.17978263731034 51.08484381070863)","{""type"":""MultiPoint"",""coordinates"":[[-114.1801533,51.0847871],[-114.1798609,51.0848271],[-114.1799455,51.0847842],[-114.1798847,51.0847552],[-114.1798905,51.0848357],[-114.1798362,51.0848746],[-114.1797826,51.0848438]]}",POINT (-114.18015325743954 51.08478711763439),6324 BOWWOOD DR NW,a,
BP2017-13452,Completed,2017-10-06,2017,2017-11-21,2019-04-15,2019,Commercial / Multi Family Project,Building,1606 - Ths Townhouse,Townhouse,Residential,New,New,New,9.10.15. - 5 Unit Townhouse - Building A,HABITAT FOR HUMANITY,,,5,"$1,452,320",22,22,#1 6328 BOWWOOD DR NW,BOW,BOWNESS,51.08478712,-114.1801533,7,Titled Parcel;Building;Building Suite;Building Suite;Building Suite;Building Suite;Building Suite,6328 BOWWOOD DR NW;6328 BOWWOOD DR NW;#4 6328 BOWWOOD DR NW;#5 6328 BOWWOOD DR NW;#2 6328 BOWWOOD DR NW;#3 6328 BOWWOOD DR NW;#1 6328 BOWWOOD DR NW,"MULTIPOINT (-114.18015325743954 51.08478711763439,-114.18003755439968 51.08490678669427,-114.17995605781901 51.084925745542925,-114.18002142215666 51.084953620799986,-114.1801162459192 51.084863847643184,-114.17999757842364 51.084881731080095,-114.18004269320376 51.08482971025185)","{""type"":""MultiPoint"",""coordinates"":[[-114.1801533,51.0847871],[-114.1800376,51.0849068],[-114.1799561,51.0849257],[-114.1800214,51.0849536],[-114.1801162,51.0848638],[-114.1799976,51.0848817],[-114.1800427,51.0848297]]}",POINT (-114.18015325743954 51.08478711763439),6328 BOWWOOD DR NW,a,
BP2023-04464,Completed,2023-04-05,2023,2023-05-09,2024-08-22,2024,Commercial / Multi Family Project,Building,1606 - Ths Townhouse,Townhouse,Residential,New,New,New,Project scope: 4 Unit Residential Rowhouse,HOMES 101,,HOMES 101,4,"$1,002,400",23,23,6603 BOW CR NW,BOW,BOWNESS,51.08789236,-114.1834872,5,Titled Parcel;Building;Building;Building;Building,3921 65 ST NW;3923 65 ST NW;3925 65 ST NW;6603 BOW CR NW;3927 65 ST NW,"MULTIPOINT (-114.18348718735693 51.087892361572415,-114.18349147294443 51.087994234843464,-114.18344930635163 51.08802997204606,-114.1833620075163 51.08810955974336,-114.18340490326463 51.08807047726966)","{""type"":""MultiPoint"",""coordinates"":[[-114.1834872,51.0878924],[-114.1834915,51.0879942],[-114.1834493,51.08803],[-114.183362,51.0881096],[-114.1834049,51.0880705]]}",POINT (-114.18348718735693 51.087892361572415),6603 BOW CR NW,a,
BP2022-02400,Completed,2022-02-16,2022,2022-07-29,2023-09-07,2023,Commercial / Multi Family Project,Building,1606 - Ths Townhouse,Townhouse,Residential,New,New,New,"Group C (Division B, 9.10.15)",OPTIMA DEVELOPMENTS,,OPTIMA DEVELOPMENTS,4,"$868,048",23,23,4656B 85 ST NW,BOW,BOWNESS,51.0939736,-114.2103399,9,Titled Parcel;Building;Building;Building;Building;Building Suite;Building Suite;Building Suite;Building Suite,8541 46 AV NW;4658 85 ST NW;8543 46 AV NW;8545 46 AV NW;4656 85 ST NW;4656B 85 ST NW;8543B 46 AV NW;8545B 46 AV NW;4658B 85 ST NW,"MULTIPOINT (-114.21033994903415 51.093973598856415,-114.2106509868187 51.09394778691387,-114.21046614815138 51.09392982580041,-114.2105515544267 51.09392857529421,-114.21065178840554 51.09386656380348,-114.21069944283433 51.09387013673347,-114.21043264356993 51.093970861019734,-114.21051688262311 51.09397034080287,-114.21067875675301 51.09392029141785)","{""type"":""MultiPoint"",""coordinates"":[[-114.2103399,51.0939736],[-114.210651,51.0939478],[-114.2104661,51.0939298],[-114.2105516,51.0939286],[-114.2106518,51.0938666],[-114.2106994,51.0938701],[-114.2104326,51.0939709],[-114.2105169,51.0939703],[-114.2106788,51.0939203]]}",POINT (-114.21033994903415 51.093973598856415),4656B 85 ST NW,a,
BP2022-13163,Completed,2022-07-31,2022,2022-09-23,2023-07-21,2023,Commercial / Multi Family Project,Building,1606 - Ths Townhouse,Townhouse,Residential,New,New,New,"3 Unit Rowhouse, Developed Basements",INTEGER HOMES,,INTEGER HOMES,3,"$435,798",24,24,822 CENTRE AV NE,BRD,BRIDGELAND/RIVERSIDE,51.052478,-114.044845,4,Titled Parcel;Building;Building;Building,818 CENTRE AV NE;820 CENTRE AV NE;101 7A ST NE;822 CENTRE AV NE,"MULTIPOINT (-114.0448450442697 51.05247799551613,-114.04473284311288 51.05252855175549,-114.04458001431824 51.0525280168222,-114.04465784902656 51.05252947041443)","{""type"":""MultiPoint"",""coordinates"":[[-114.044845,51.052478],[-114.0447328,51.0525286],[-114.04458,51.052528],[-114.0446578,51.0525295]]}",POINT (-114.0448450442697 51.05247799551613),822 CENTRE AV NE,a,
BP2018-04869,Completed,2018-05-01,2018,2018-06-20,2019-02-21,2019,Commercial / Multi Family Project,Building,1606 - Ths Townhouse,Townhouse,Residential,New,New,New,Bridgeland Tri-Plex - Residential,K HICKERSON CONTRACTING,,,3,"$711,555",25,25,#1 532 4 AV NE,BRD,BRIDGELAND/RIVERSIDE,51.05619883,-114.0505351,4,Titled Parcel;Building;Building;Building,532 4 AV NE;#1 532 4 AV NE;#2 532 4 AV NE;#3 532 4 AV NE,"MULTIPOINT (-114.0505351413024 51.056198828946414,-114.05051182619819 51.05623128290906,-114.05050763434494 51.056285393820694,-114.05050344280465 51.05633980139215)","{""type"":""MultiPoint"",""coordinates"":[[-114.0505351,51.0561988],[-114.0505118,51.0562313],[-114.0505076,51.0562854],[-114.0505034,51.0563398]]}",POINT (-114.0505351413024 51.056198828946414),532 4 AV NE,a,
BP2017-13729,Completed,2017-10-12,2017,2018-11-08,2020-09-25,2020,Commercial / Multi Family Project,Building,1606 - Ths Townhouse,Townhouse,Residential,New,New,New,Bridgeland Townhouse - Building 2,KRIEHL DESIGN,,,6,"$666,210",25,25,#1 505 6 ST NE,BRD,BRIDGELAND/RIVERSIDE,51.0563511,-114.0485216,7,Titled Parcel;Building;Building;Building;Building;Building;Building,505 6 ST NE;#6 505 6 ST NE;#2 505 6 ST NE;#5 505 6 ST NE;#4 505 6 ST NE;#1 505 6 ST NE;#3 505 6 ST NE,"MULTIPOINT (-114.04852164468036 51.05635109588952,-114.04880877216782 51.05666647041407,-114.04880222964637 51.05649461675657,-114.04880590470736 51.056625442550775,-114.0488020759145 51.056579057218094,-114.04880218902247 51.05645596998632,-114.04881170582723 51.056539813089316)","{""type"":""MultiPoint"",""coordinates"":[[-114.0485216,51.0563511],[-114.0488088,51.0566665],[-114.0488022,51.0564946],[-114.0488059,51.0566254],[-114.0488021,51.0565791],[-114.0488022,51.056456],[-114.0488117,51.0565398]]}",POINT (-114.04852164468036 51.05635109588952),505 6 ST NE,a,
BP2018-15792,Completed,2018-12-03,2018,2019-09-06,2020-09-29,2020,Commercial / Multi Family Project,Building,1606 - Ths Townhouse,Townhouse,Residential,New,New,New,New Bridgeland - Group C - 6 Unit Rowhouse,KRIEHL DESIGN,,,6,"$1,500,000",25,25,656 4 AV NE,BRD,BRIDGELAND/RIVERSIDE,51.0563511,-114.0485216,7,Titled Parcel;Building;Building;Building;Building;Building;Building,505 6 ST NE;660 4 AV NE;650 4 AV NE;656 4 AV NE;658 4 AV NE;654 4 AV NE;652 4 AV NE,"MULTIPOINT (-114.04852164468036 51.05635109588952,-114.04855145627153 51.05622778056825,-114.04889348242914 51.05622793466377,-114.04868591141633 51.05622891128586,-114.04861797063549 51.05622834624304,-114.04874958597108 51.05622829142602,-114.04882366065101 51.056229150491056)","{""type"":""MultiPoint"",""coordinates"":[[-114.0485216,51.0563511],[-114.0485515,51.0562278],[-114.0488935,51.0562279],[-114.0486859,51.0562289],[-114.048618,51.0562283],[-114.0487496,51.0562283],[-114.0488237,51.0562292]]}",POINT (-114.04852164468036 51.05635109588952),656 4 AV NE,a,
BP2021-15269,Completed,2021-08-31,2021,2022-03-22,2023-03-29,2023,Commercial / Multi Family Project,Building,1606 - Ths Townhouse,Townhouse,Residential,New,New,New,4 unit live/work townhouse.,YOUR PROPERTY,,YOUR PROPERTY,4,"$1,167,258",26,26,1050 1 AV NE,BRD,BRIDGELAND/RIVERSIDE,51.05334778,-114.0384672,6,Titled Parcel;Building;Building;Building;Building;Building,1058 1 AV NE;202 9A ST NE;1050 1 AV NE;1054 1 AV NE;1052 1 AV NE;1056 1 AV NE,"MULTIPOINT (-114.03846716295358 51.05334777653581,-114.03871020124468 51.05342385720847,-114.03879442764146 51.05340873554438,-114.03865630225746 51.05340914089496,-114.03873385115635 51.05340839604502,-114.03857988044714 51.05341023592053)","{""type"":""MultiPoint"",""coordinates"":[[-114.0384672,51.0533478],[-114.0387102,51.0534239],[-114.0387944,51.0534087],[-114.0386563,51.0534091],[-114.0387339,51.0534084],[-114.0385799,51.0534102]]}",POINT (-114.03846716295358 51.05334777653581),1050 1 AV NE,a,
BP2022-17485,Completed,2022-10-16,2022,2023-05-31,2024-08-08,2024,Commercial / Multi Family Project,Building,1606 - Ths Townhouse,Townhouse,Residential,New,New,New,"A new, three storey, 4 unit rowhouse, Part 9, Group C occupancy",,MPHOMES,MPHOMES,4,"$861,930",27,27,#3 516 5 ST NE,BRD,BRIDGELAND/RIVERSIDE,51.05659326,-114.049842,5,Titled Parcel;Building;Building;Building;Building,514 5 ST NE;#1 516 5 ST NE;#4 516 5 ST NE;#2 516 5 ST NE;#3 516 5 ST NE,"MULTIPOINT (-114.04984198472634 51.056593262671505,-114.04976723836472 51.056631707573366,-114.04962990997568 51.056679339535286,-114.04963514963823 51.05663033437234,-114.04976729089351 51.05668071048914)","{""type"":""MultiPoint"",""coordinates"":[[-114.049842,51.0565933],[-114.0497672,51.0566317],[-114.0496299,51.0566793],[-114.0496351,51.0566303],[-114.0497673,51.0566807]]}",POINT (-114.04984198472634 51.056593262671505),516 5 ST NE,a,
BP2022-17486,Completed,2022-10-16,2022,2023-05-31,2024-08-08,2024,Commercial / Multi Family Project,Building,1606 - Ths Townhouse,Townhouse,Residential,New,New,New,"A new, two storey, 4 unit rowhouse, Part 9, Group C occupancy",,MPHOMES,MPHOMES,4,"$861,978",27,27,#3 512 5 ST NE,BRD,BRIDGELAND/RIVERSIDE,51.05659326,-114.049842,5,Titled Parcel;Building;Building;Building;Building,514 5 ST NE;#3 512 5 ST NE;#2 512 5 ST NE;#1 512 5 ST NE;#4 512 5 ST NE,"MULTIPOINT (-114.04984198472634 51.056593262671505,-114.04977018232631 51.056557019764334,-114.04963727167022 51.05650712942116,-114.0497731405802 51.056508977465086,-114.04963431379483 51.05655565716143)","{""type"":""MultiPoint"",""coordinates"":[[-114.049842,51.0565933],[-114.0497702,51.056557],[-114.0496373,51.0565071],[-114.0497731,51.056509],[-114.0496343,51.0565557]]}",POINT (-114.04984198472634 51.056593262671505),512 5 ST NE,a,
BP2019-09027,Completed,2019-07-11,2019,2019-11-15,2021-06-15,2021,Commercial / Multi Family Project,Building,1606 - Ths Townhouse,Townhouse,Residential,New,New,New,New - 7 unit townhouse - Bridlewood Affordable Housing -  Building 1,METAFOR ARCHITECTURE,,,7,"$1,750,000",28,28,#900 2375 162 AV SW,BRI,BRIDLEWOOD,50.90650016,-114.1147473,2,Titled Parcel;Building,2375 162 AV SW;#900 2375 162 AV SW,"MULTIPOINT (-114.11474731175042 50.90650016198865,-114.11416906375662 50.905790324926365)","{""type"":""MultiPoint"",""coordinates"":[[-114.1147473,50.9065002],[-114.1141691,50.9057903]]}",POINT (-114.11474731175042 50.90650016198865),2375 162 AV SW,a,
BP2019-09028,Completed,2019-07-11,2019,2019-11-15,2021-06-15,2021,Commercial / Multi Family Project,Building,1606 - Ths Townhouse,Townhouse,Residential,New,New,New,New - 7 unit townhouse - Bridlewood Affordable Housing -  Building 2,METAFOR ARCHITECTURE,,,7,"$1,750,000",28,28,#100 2375 162 AV SW,BRI,BRIDLEWOOD,50.90650016,-114.1147473,2,Titled Parcel;Building,2375 162 AV SW;#100 2375 162 AV SW,"MULTIPOINT (-114.11474731175042 50.90650016198865,-114.11417227767109 50.90617422866882)","{""type"":""MultiPoint"",""coordinates"":[[-114.1147473,50.9065002],[-114.1141723,50.9061742]]}",POINT (-114.11474731175042 50.90650016198865),2375 162 AV SW,a,
BP2019-09029,Completed,2019-07-11,2019,2019-11-15,2021-06-15,2021,Commercial / Multi Family Project,Building,1606 - Ths Townhouse,Townhouse,Residential,New,New,New,New - 7 unit townhouse - Bridlewood Affordable Housing -  Building 3,METAFOR ARCHITECTURE,,,7,"$1,750,000",28,28,#200 2375 162 AV SW,BRI,BRIDLEWOOD,50.90650016,-114.1147473,2,Titled Parcel;Building,2375 162 AV SW;#200 2375 162 AV SW,"MULTIPOINT (-114.11474731175042 50.90650016198865,-114.11449810105766 50.906434150705294)","{""type"":""MultiPoint"",""coordinates"":[[-114.1147473,50.9065002],[-114.1144981,50.9064342]]}",POINT (-114.11474731175042 50.90650016198865),2375 162 AV SW,a,
BP2019-09030,Completed,2019-07-11,2019,2019-11-15,2021-06-15,2021,Commercial / Multi Family Project,Building,1606 - Ths Townhouse,Townhouse,Residential,New,New,New,New - 7 unit townhouse - Bridlewood Affordable Housing -  Building 4,METAFOR ARCHITECTURE,,,7,"$1,750,000",28,28,#400 2375 162 AV SW,BRI,BRIDLEWOOD,50.90650016,-114.1147473,2,Titled Parcel;Building,2375 162 AV SW;#400 2375 162 AV SW,"MULTIPOINT (-114.11474731175042 50.90650016198865,-114.11495518048973 50.906429395391335)","{""type"":""MultiPoint"",""coordinates"":[[-114.1147473,50.9065002],[-114.1149552,50.9064294]]}",POINT (-114.11474731175042 50.90650016198865),2375 162 AV SW,a,
BP2019-09035,Completed,2019-07-11,2019,2019-11-18,2021-06-15,2021,Commercial / Multi Family Project,Building,1606 - Ths Townhouse,Townhouse,Residential,New,New,New,New - 7 unit townhouse - Bridlewood Affordable Housing -  Building 5,METAFOR ARCHITECTURE,,,7,"$1,750,000",28,28,#300 2375 162 AV SW,BRI,BRIDLEWOOD,50.90650016,-114.1147473,2,Titled Parcel;Building,2375 162 AV SW;#300 2375 162 AV SW,"MULTIPOINT (-114.11474731175042 50.90650016198865,-114.1146953057604 50.90617227765859)","{""type"":""MultiPoint"",""coordinates"":[[-114.1147473,50.9065002],[-114.1146953,50.9061723]]}",POINT (-114.11474731175042 50.90650016198865),2375 162 AV SW,a,
BP2019-09036,Completed,2019-07-11,2019,2019-11-18,2021-06-15,2021,Commercial / Multi Family Project,Building,1606 - Ths Townhouse,Townhouse,Residential,New,New,New,New - 7 unit townhouse - Bridlewood Affordable Housing -  Building 6,METAFOR ARCHITECTURE,,,7,"$1,750,000",28,28,#700 2375 162 AV SW,BRI,BRIDLEWOOD,50.90650016,-114.1147473,2,Titled Parcel;Building,2375 162 AV SW;#700 2375 162 AV SW,"MULTIPOINT (-114.11474731175042 50.90650016198865,-114.11466982956124 50.90598826039914)","{""type"":""MultiPoint"",""coordinates"":[[-114.1147473,50.9065002],[-114.1146698,50.9059883]]}",POINT (-114.11474731175042 50.90650016198865),2375 162 AV SW,a,
BP2019-09039,Completed,2019-07-11,2019,2019-11-18,2021-06-15,2021,Commercial / Multi Family Project,Building,1606 - Ths Townhouse,Townhouse,Residential,New,New,New,New - 7 unit townhouse - Bridlewood Affordable Housing -  Building 7,METAFOR ARCHITECTURE,,,7,"$1,750,000",28,28,#800 2375 162 AV SW,BRI,BRIDLEWOOD,50.90650016,-114.1147473,2,Titled Parcel;Building,2375 162 AV SW;#800 2375 162 AV SW,"MULTIPOINT (-114.11474731175042 50.90650016198865,-114.11466463699298 50.90572082342733)","{""type"":""MultiPoint"",""coordinates"":[[-114.1147473,50.9065002],[-114.1146646,50.9057208]]}",POINT (-114.11474731175042 50.90650016198865),2375 162 AV SW,a,
BP2019-09040,Completed,2019-07-11,2019,2019-11-18,2021-06-15,2021,Commercial / Multi Family Project,Building,1606 - Ths Townhouse,Townhouse,Residential,New,New,New,New - 8 unit townhouse - Bridlewood Affordable Housing -  Building 8,METAFOR ARCHITECTURE,,,8,"$2,000,000",28,28,#500 2375 162 AV SW,BRI,BRIDLEWOOD,50.90650016,-114.1147473,2,Titled Parcel;Building,2375 162 AV SW;#500 2375 162 AV SW,"MULTIPOINT (-114.11474731175042 50.90650016198865,-114.11507938681797 50.90608131698131)","{""type"":""MultiPoint"",""coordinates"":[[-114.1147473,50.9065002],[-114.1150794,50.9060813]]}",POINT (-114.11474731175042 50.90650016198865),2375 162 AV SW,a,
BP2019-09041,Completed,2019-07-11,2019,2019-11-19,2021-06-15,2021,Commercial / Multi Family Project,Building,1606 - Ths Townhouse,Townhouse,Residential,New,New,New,New - 5 unit townhouse - Bridlewood Affordable Housing -  Building 9,METAFOR ARCHITECTURE,,,5,"$1,250,000",28,28,#600 2375 162 AV SW,BRI,BRIDLEWOOD,50.90650016,-114.1147473,2,Titled Parcel;Building,2375 162 AV SW;#600 2375 162 AV SW,"MULTIPOINT (-114.11474731175042 50.90650016198865,-114.11508073651336 50.90570603911105)","{""type"":""MultiPoint"",""coordinates"":[[-114.1147473,50.9065002],[-114.1150807,50.905706]]}",POINT (-114.11474731175042 50.90650016198865),2375 162 AV SW,a,
BP2022-08435,Completed,2022-05-19,2022,2022-07-05,2023-10-20,2023,Commercial / Multi Family Project,Building,1606 - Ths Townhouse,Townhouse,Residential,New,New,New,7 Unit Residential Rowhouse - Block 10,MINTO COMMUNITIES,,MINTO COMMUNITIES,7,"$1,366,682",29,29,8520 21 AV SE,BVD,BELVEDERE,51.03458964,-113.910385,14,Titled Parcel;Titled Parcel;Titled Parcel;Titled Parcel;Titled Parcel;Titled Parcel;Titled Parcel;Building;Building;Building;Building;Building;Building;Building,8526 21 AV SE;8530 21 AV SE;8522 21 AV SE;8532 21 AV SE;8520 21 AV SE;8528 21 AV SE;8524 21 AV SE;8524 21 AV SE;8522 21 AV SE;8528 21 AV SE;8526 21 AV SE;8530 21 AV SE;8520 21 AV SE;8532 21 AV SE,"MULTIPOINT (-113.91038503185955 51.03458963712324,-113.91025516032698 51.0345895374668,-113.91051490339284 51.03458973663536,-113.91017712905082 51.034589477520385,-113.91059304873012 51.034589796443505,-113.91032420938082 51.0345895904693,-113.91044585433845 51.03458968374552,-113.91045242856791 51.0346776714755,-113.91051580462658 51.03467700982758,-113.91033021307898 51.03467757776845,-113.91039019447902 51.03467762377433,-113.910266837017 51.034678239315724,-113.91058483955337 51.03467706266525,-113.9101989284334 51.03467818715568)","{""type"":""MultiPoint"",""coordinates"":[[-113.910385,51.0345896],[-113.9102552,51.0345895],[-113.9105149,51.0345897],[-113.9101771,51.0345895],[-113.910593,51.0345898],[-113.9103242,51.0345896],[-113.9104459,51.0345897],[-113.9104524,51.0346777],[-113.9105158,51.034677],[-113.9103302,51.0346776],[-113.9103902,51.0346776],[-113.9102668,51.0346782],[-113.9105848,51.0346771],[-113.9101989,51.0346782]]}",POINT (-113.91038503185955 51.03458963712324),8520 21 AV SE,a,
BP2022-07046,Completed,2022-04-29,2022,2022-08-17,2023-08-09,2023,Commercial / Multi Family Project,Building,1606 - Ths Townhouse,Townhouse,Residential,New,New,New,6 Unit Residential Rowhouse - Block 8,MINTO COMMUNITIES,,MINTO COMMUNITIES,6,"$1,240,110",29,29,#421 8535 19 AV SE,BVD,BELVEDERE,51.03476569,-113.9113776,12,Titled Parcel;Titled Parcel;Titled Parcel;Titled Parcel;Titled Parcel;Titled Parcel;Building;Building;Building;Building;Building;Building,#423 8535 19 AV SE;#426 8535 19 AV SE;#421 8535 19 AV SE;#422 8535 19 AV SE;#424 8535 19 AV SE;#425 8535 19 AV SE;#423 8535 19 AV SE;#426 8535 19 AV SE;#425 8535 19 AV SE;#424 8535 19 AV SE;#422 8535 19 AV SE;#421 8535 19 AV SE,"MULTIPOINT (-113.91137761807175 51.03476569415525,-113.91137782961043 51.034639837804534,-113.91137741808862 51.034855591509874,-113.91137752096955 51.0348016530843,-113.91137769523206 51.034725240335476,-113.9113777353038 51.034689281362716,-113.91152728695882 51.03476193297027,-113.91152298676133 51.034639201637084,-113.91152515994969 51.03468844014768,-113.91152848939277 51.03472197443855,-113.91152721629648 51.03479904260752,-113.91152712526373 51.0348468500323)","{""type"":""MultiPoint"",""coordinates"":[[-113.9113776,51.0347657],[-113.9113778,51.0346398],[-113.9113774,51.0348556],[-113.9113775,51.0348017],[-113.9113777,51.0347252],[-113.9113777,51.0346893],[-113.9115273,51.0347619],[-113.911523,51.0346392],[-113.9115252,51.0346884],[-113.9115285,51.034722],[-113.9115272,51.034799],[-113.9115271,51.0348469]]}",POINT (-113.91137761807175 51.03476569415525),8535 19 AV SE,a,
BP2022-13573,Completed,2022-08-08,2022,2022-09-07,2023-12-01,2023,Commercial / Multi Family Project,Building,1606 - Ths Townhouse,Townhouse,Residential,New,New,New,7 Unit Residential Rowhouse - Block 18,MINTO COMMUNITIES,,MINTO COMMUNITIES,7,"$1,442,681",29,29,#301 8535 19 AV SE,BVD,BELVEDERE,51.03485919,-113.9101993,14,Titled Parcel;Titled Parcel;Titled Parcel;Titled Parcel;Titled Parcel;Titled Parcel;Titled Parcel;Building;Building;Building;Building;Building;Building;Building,#301 8535 19 AV SE;#302 8535 19 AV SE;#307 8535 19 AV SE;#305 8535 19 AV SE;#304 8535 19 AV SE;#306 8535 19 AV SE;#303 8535 19 AV SE;#302 8535 19 AV SE;#307 8535 19 AV SE;#301 8535 19 AV SE;#305 8535 19 AV SE;#306 8535 19 AV SE;#304 8535 19 AV SE;#303 8535 19 AV SE,"MULTIPOINT (-113.91019930574484 51.03485918708724,-113.91027495645831 51.03485924519113,-113.91059465415206 51.03485949019567,-113.9104560847413 51.03485938410856,-113.91039526190934 51.03485933749142,-113.91051556736099 51.034859429667875,-113.91033443907753 51.03485929084263,-113.91027645193167 51.034970809143225,-113.91059332875224 51.03497034179522,-113.91020629159009 51.03497004506855,-113.91046091829969 51.03497024042541,-113.91052429338967 51.034970288962356,-113.9104020757613 51.03497090551932,-113.91034209535303 51.0349701493301)","{""type"":""MultiPoint"",""coordinates"":[[-113.9101993,51.0348592],[-113.910275,51.0348592],[-113.9105947,51.0348595],[-113.9104561,51.0348594],[-113.9103953,51.0348593],[-113.9105156,51.0348594],[-113.9103344,51.0348593],[-113.9102765,51.0349708],[-113.9105933,51.0349703],[-113.9102063,51.03497],[-113.9104609,51.0349702],[-113.9105243,51.0349703],[-113.9104021,51.0349709],[-113.9103421,51.0349701]]}",POINT (-113.91019930574484 51.03485918708724),8535 19 AV SE,a,
BP2022-03755,Completed,2022-03-14,2022,2022-06-21,2023-04-13,2023,Commercial / Multi Family Project,Building,1606 - Ths Townhouse,Townhouse,Residential,New,New,New,4 Unit Residential Rowhouse - Block 3,MINTO COMMUNITIES,,MINTO COMMUNITIES,4,"$895,017",29,29,8513 19 AV SE,BVD,BELVEDERE,51.035103,-113.9116261,5,Titled Parcel;Building;Building;Building;Building,1880 84 ST SE;8513 19 AV SE;8511 19 AV SE;8509 19 AV SE;8515 19 AV SE,"MULTIPOINT (-113.91162612756835 51.03510299797583,-113.910788384453 51.03555109385252,-113.910852501741 51.03555114277782,-113.91092418900298 51.035551673894545,-113.91071820668829 51.03555151671912)","{""type"":""MultiPoint"",""coordinates"":[[-113.9116261,51.035103],[-113.9107884,51.0355511],[-113.9108525,51.0355511],[-113.9109242,51.0355517],[-113.9107182,51.0355515]]}",POINT (-113.91162612756835 51.03510299797583),8513 19 AV SE,a,
BP2022-03756,Completed,2022-03-14,2022,2022-06-21,2023-03-30,2023,Commercial / Multi Family Project,Building,1606 - Ths Townhouse,Townhouse,Residential,New,New,New,2 Unit Residential Rowhouse - Block 4,MINTO COMMUNITIES,,MINTO COMMUNITIES,2,"$403,771",29,29,8505 19 AV SE,BVD,BELVEDERE,51.035103,-113.9116261,3,Titled Parcel;Building;Building,1880 84 ST SE;8505 19 AV SE;8503 19 AV SE,"MULTIPOINT (-113.91162612756835 51.03510299797583,-113.91103207680015 51.0355522325305,-113.9111082695283 51.03555276696401)","{""type"":""MultiPoint"",""coordinates"":[[-113.9116261,51.035103],[-113.9110321,51.0355522],[-113.9111083,51.0355528]]}",POINT (-113.91162612756835 51.03510299797583),8505 19 AV SE,a,
BP2022-07919,Completed,2022-05-12,2022,2022-06-21,2023-07-21,2023,Commercial / Multi Family Project,Building,1606 - Ths Townhouse,Townhouse,Residential,New,New,New,4 Unit Residential Rowhouse - Block 7,MINTO COMMUNITIES,,MINTO COMMUNITIES,4,"$887,096",29,29,#417 8535 19 AV SE,BVD,BELVEDERE,51.035103,-113.9116261,5,Titled Parcel;Building;Building;Building;Building,1880 84 ST SE;#417 8535 19 AV SE;#415 8535 19 AV SE;#418 8535 19 AV SE;#416 8535 19 AV SE,"MULTIPOINT (-113.91162612756835 51.03510299797583,-113.91152914562484 51.03496886944487,-113.91152786030024 51.03505235628301,-113.91153037454212 51.03492249225277,-113.9115279418154 51.035009547153884)","{""type"":""MultiPoint"",""coordinates"":[[-113.9116261,51.035103],[-113.9115291,51.0349689],[-113.9115279,51.0350524],[-113.9115304,51.0349225],[-113.9115279,51.0350095]]}",POINT (-113.91162612756835 51.03510299797583),8535 19 AV SE,a,
BP2022-12179,Completed,2022-07-13,2022,2022-08-25,2023-12-12,2023,Commercial / Multi Family Project,Building,1606 - Ths Townhouse,Townhouse,Residential,New,New,New,2 Unit Residential Rowhouse - Block 13,MINTO COMMUNITIES,,MINTO COMMUNITIES,2,"$403,771",29,29,#111 8535 19 AV SE,BVD,BELVEDERE,51.035103,-113.9116261,4,Titled Parcel;Titled Parcel;Building;Building,1880 84 ST SE;8535 19 AV SE;#111 8535 19 AV SE;#112 8535 19 AV SE,"MULTIPOINT (-113.91162612756835 51.03510299797583,-113.91009625619327 51.03562323661307,-113.9098006264106 51.03523803178105,-113.90979958276033 51.035188083924105)","{""type"":""MultiPoint"",""coordinates"":[[-113.9116261,51.035103],[-113.9100963,51.0356232],[-113.9098006,51.035238],[-113.9097996,51.0351881]]}",POINT (-113.91162612756835 51.03510299797583),8535 19 AV SE,a,
BP2022-13566,Completed,2022-08-08,2022,2022-09-07,2023-11-22,2023,Commercial / Multi Family Project,Building,1606 - Ths Townhouse,Townhouse,Residential,New,New,New,7 Unit Residential Rowhouse - Block 17,MINTO COMMUNITIES,,MINTO COMMUNITIES,7,"$1,442,681",29,29,#310 8535 19 AV SE,BVD,BELVEDERE,51.035103,-113.9116261,9,Titled Parcel;Titled Parcel;Building;Building;Building;Building;Building;Building;Building,1880 84 ST SE;8535 19 AV SE;#310 8535 19 AV SE;#314 8535 19 AV SE;#316 8535 19 AV SE;#313 8535 19 AV SE;#311 8535 19 AV SE;#315 8535 19 AV SE;#312 8535 19 AV SE,"MULTIPOINT (-113.91162612756835 51.03510299797583,-113.91009625619327 51.03562323661307,-113.91074384912017 51.034969027477004,-113.91099395890278 51.03496778885246,-113.91112749706008 51.03496718028563,-113.91093397712714 51.03496774315625,-113.9108094925327 51.03496836740135,-113.91105620763895 51.034967836243155,-113.91087513596067 51.03496769829909)","{""type"":""MultiPoint"",""coordinates"":[[-113.9116261,51.035103],[-113.9100963,51.0356232],[-113.9107438,51.034969],[-113.910994,51.0349678],[-113.9111275,51.0349672],[-113.910934,51.0349677],[-113.9108095,51.0349684],[-113.9110562,51.0349678],[-113.9108751,51.0349677]]}",POINT (-113.91162612756835 51.03510299797583),8535 19 AV SE,a,
BP2022-05688,Completed,2022-04-11,2022,2022-08-17,2023-07-04,2023,Commercial / Multi Family Project,Building,1606 - Ths Townhouse,Townhouse,Residential,New,New,New,5 Unit Residential Rowhouse - Block 5,MINTO COMMUNITIES,,MINTO COMMUNITIES,5,"$1,075,705",29,29,#401 8535 19 AV SE,BVD,BELVEDERE,51.03544891,-113.9113763,10,Titled Parcel;Titled Parcel;Titled Parcel;Titled Parcel;Titled Parcel;Building;Building;Building;Building;Building,#404 8535 19 AV SE;#403 8535 19 AV SE;#405 8535 19 AV SE;#402 8535 19 AV SE;#401 8535 19 AV SE;#403 8535 19 AV SE;#401 8535 19 AV SE;#404 8535 19 AV SE;#405 8535 19 AV SE;#402 8535 19 AV SE,"MULTIPOINT (-113.9113762863775 51.03544891415826,-113.91137624630326 51.03548487312632,-113.91137638068824 51.035399470606535,-113.91137614062404 51.03552532691917,-113.91137604631264 51.03557477046982,-113.91152591461416 51.03548263121019,-113.91152686840822 51.03557325759706,-113.9115237155565 51.03544695821899,-113.91152268024994 51.035399140956706,-113.91152470060447 51.03552116934749)","{""type"":""MultiPoint"",""coordinates"":[[-113.9113763,51.0354489],[-113.9113762,51.0354849],[-113.9113764,51.0353995],[-113.9113761,51.0355253],[-113.911376,51.0355748],[-113.9115259,51.0354826],[-113.9115269,51.0355733],[-113.9115237,51.035447],[-113.9115227,51.0353991],[-113.9115247,51.0355212]]}",POINT (-113.9113762863775 51.03544891415826),8535 19 AV SE,a,
BP2022-10993,Completed,2022-06-23,2022,2022-07-13,2023-12-11,2023,Commercial / Multi Family Project,Building,1606 - Ths Townhouse,Townhouse,Residential,New,New,New,5 Unit Residential Rowhouse - Block 12,MINTO COMMUNITIES,,MINTO COMMUNITIES,5,"$1,073,479",29,29,#115 8535 19 AV SE,BVD,BELVEDERE,51.03562324,-113.9100963,7,Titled Parcel;Titled Parcel;Building;Building;Building;Building;Building,8535 19 AV SE;1880 84 ST SE;#118 8535 19 AV SE;#119 8535 19 AV SE;#116 8535 19 AV SE;#115 8535 19 AV SE;#117 8535 19 AV SE,"MULTIPOINT (-113.91009625619327 51.03562323661307,-113.91162612756835 51.03510299797583,-113.90980567247911 51.03496687783846,-113.90980688055245 51.034924779769185,-113.90980664507107 51.03504608727986,-113.90980655642046 51.035091755143014,-113.90980560044123 51.03500398747266)","{""type"":""MultiPoint"",""coordinates"":[[-113.9100963,51.0356232],[-113.9116261,51.035103],[-113.9098057,51.0349669],[-113.9098069,51.0349248],[-113.9098066,51.0350461],[-113.9098066,51.0350918],[-113.9098056,51.035004]]}",POINT (-113.91009625619327 51.03562323661307),8535 19 AV SE,a,
BP2022-11001,Completed,2022-06-23,2022,2022-07-13,2023-11-10,2023,Commercial / Multi Family Project,Building,1606 - Ths Townhouse,Townhouse,Residential,New,New,New,6 Unit Residential Rowhouse - Block 11,MINTO COMMUNITIES,,MINTO COMMUNITIES,6,"$1,240,110",29,29,#127 8535 19 AV SE,BVD,BELVEDERE,51.03562324,-113.9100963,8,Titled Parcel;Titled Parcel;Building;Building;Building;Building;Building;Building,8535 19 AV SE;1880 84 ST SE;#122 8535 19 AV SE;#125 8535 19 AV SE;#126 8535 19 AV SE;#123 8535 19 AV SE;#127 8535 19 AV SE;#124 8535 19 AV SE,"MULTIPOINT (-113.91009625619327 51.03562323661307,-113.91162612756835 51.03510299797583,-113.90980250633523 51.03484985581196,-113.90980387094606 51.03472711979825,-113.90980282217211 51.034687159546216,-113.90980259083558 51.034806327504384,-113.90980403301515 51.034643632106686,-113.90980266702883 51.034767078311425)","{""type"":""MultiPoint"",""coordinates"":[[-113.9100963,51.0356232],[-113.9116261,51.035103],[-113.9098025,51.0348499],[-113.9098039,51.0347271],[-113.9098028,51.0346872],[-113.9098026,51.0348063],[-113.909804,51.0346436],[-113.9098027,51.0347671]]}",POINT (-113.91009625619327 51.03562323661307),8535 19 AV SE,a,
BP2022-12069,Completed,2022-07-12,2022,2022-08-19,2024-01-09,2024,Commercial / Multi Family Project,Building,1606 - Ths Townhouse,Townhouse,Residential,New,New,New,8 Unit Residential Rowhouse - Block 14,MINTO COMMUNITIES,,MINTO COMMUNITIES,8,"$1,634,315",29,29,#101 8535 19 AV SE,BVD,BELVEDERE,51.03562324,-113.9100963,10,Titled Parcel;Titled Parcel;Building;Building;Building;Building;Building;Building;Building;Building,8535 19 AV SE;1880 84 ST SE;#101 8535 19 AV SE;#105 8535 19 AV SE;#106 8535 19 AV SE;#107 8535 19 AV SE;#102 8535 19 AV SE;#104 8535 19 AV SE;#108 8535 19 AV SE;#103 8535 19 AV SE,"MULTIPOINT (-113.91009625619327 51.03562323661307,-113.91162612756835 51.03510299797583,-113.90980106983203 51.03558981901148,-113.9098013842861 51.03542784194536,-113.90980145355356 51.03539216168194,-113.9098026630384 51.035349344436895,-113.90980228347621 51.0355448622107,-113.9098024372283 51.03546566263509,-113.90980162533415 51.03530367570648,-113.90980123328987 51.03550562114317)","{""type"":""MultiPoint"",""coordinates"":[[-113.9100963,51.0356232],[-113.9116261,51.035103],[-113.9098011,51.0355898],[-113.9098014,51.0354278],[-113.9098015,51.0353922],[-113.9098027,51.0353493],[-113.9098023,51.0355449],[-113.9098024,51.0354657],[-113.9098016,51.0353037],[-113.9098012,51.0355056]]}",POINT (-113.91009625619327 51.03562323661307),8535 19 AV SE,a,
BP2023-06806,Completed,2023-05-11,2023,2023-08-09,2024-04-22,2024,Commercial / Multi Family Project,Building,1606 - Ths Townhouse,Townhouse,Residential,New,New,New,7 Unit Rowhouse - Block 20,MINTO COMMUNITIES,,,7,"$1,449,948",29,29,8574 19 AV SE,BVD,BELVEDERE,51.0358614,-113.9100112,8,Titled Parcel;Building;Building;Building;Building;Building;Building;Building,8580 19 AV SE;8564 19 AV SE;8574 19 AV SE;8566 19 AV SE;8568 19 AV SE;8570 19 AV SE;8572 19 AV SE;8562 19 AV SE,"MULTIPOINT (-113.9100112316933 51.035861399531875,-113.90924904963057 51.03593290796778,-113.90892913936595 51.035935508869166,-113.90918264869065 51.035933809301795,-113.9091253176418 51.035933764737436,-113.90906494779358 51.03593467069397,-113.90900308272897 51.03593462254175,-113.90931845340693 51.035934867666185)","{""type"":""MultiPoint"",""coordinates"":[[-113.9100112,51.0358614],[-113.909249,51.0359329],[-113.9089291,51.0359355],[-113.9091826,51.0359338],[-113.9091253,51.0359338],[-113.9090649,51.0359347],[-113.9090031,51.0359346],[-113.9093185,51.0359349]]}",POINT (-113.9100112316933 51.035861399531875),8574 19 AV SE,a,
BP2023-06992,Completed,2023-05-15,2023,2023-08-03,2024-05-10,2024,Commercial / Multi Family Project,Building,1606 - Ths Townhouse,Townhouse,Residential,New,New,New,5 Unit Rowhouse - Block 21,MINTO COMMUNITIES,,,5,"$1,074,478",29,29,8556 19 AV SE,BVD,BELVEDERE,51.0358614,-113.9100112,6,Titled Parcel;Building;Building;Building;Building;Building,8580 19 AV SE;8550 19 AV SE;8556 19 AV SE;8552 19 AV SE;8554 19 AV SE;8548 19 AV SE,"MULTIPOINT (-113.9100112316933 51.035861399531875,-113.90967608269592 51.03593608853042,-113.90946935541594 51.03593688149201,-113.9096127044362 51.03593699244479,-113.90954781854596 51.03593598933123,-113.90974699783378 51.03593804914236)","{""type"":""MultiPoint"",""coordinates"":[[-113.9100112,51.0358614],[-113.9096761,51.0359361],[-113.9094694,51.0359369],[-113.9096127,51.035937],[-113.9095478,51.035936],[-113.909747,51.035938]]}",POINT (-113.9100112316933 51.035861399531875),8556 19 AV SE,a,
BP2023-07341,Completed,2023-05-18,2023,2023-08-09,2024-10-16,2024,Commercial / Multi Family Project,Building,1606 - Ths Townhouse,Townhouse,Residential,New,New,New,2 Unit Rowhouse - Block 22,MINTO COMMUNITIES,,,2,"$446,312",29,29,8540 19 AV SE,BVD,BELVEDERE,51.0358614,-113.9100112,3,Titled Parcel;Building;Building,8580 19 AV SE;8542 19 AV SE;8540 19 AV SE,"MULTIPOINT (-113.9100112316933 51.035861399531875,-113.90986621374586 51.035935291394686,-113.90994769217212 51.03593820395466)","{""type"":""MultiPoint"",""coordinates"":[[-113.9100112,51.0358614],[-113.9098662,51.0359353],[-113.9099477,51.0359382]]}",POINT (-113.9100112316933 51.035861399531875),8540 19 AV SE,a,
BP2019-12529,Completed,2019-09-12,2019,2019-11-29,2020-11-24,2020,Commercial / Multi Family Project,Building,1606 - Ths Townhouse,Townhouse,Residential,New,New,New,New - Part 9 Group C - 4 unit townhouse,CALTON DEVELOPMENTS,,CALTON DEVELOPMENTS,4,"$721,985",30,30,1418 19 AV NW,CAP,CAPITOL HILL,51.06975002,-114.0933428,2,Titled Parcel;Building,1418 19 AV NW;1418 19 AV NW,"MULTIPOINT (-114.09334281722754 51.06975002473219,-114.09327939761428 51.069850921772215)","{""type"":""MultiPoint"",""coordinates"":[[-114.0933428,51.06975],[-114.0932794,51.0698509]]}",POINT (-114.09334281722754 51.06975002473219),1418 19 AV NW,a,
BP2018-12201,Completed,2018-09-11,2018,2018-11-30,2019-09-09,2019,Commercial / Multi Family Project,Building,1606 - Ths Townhouse,Townhouse,Residential,New,New,New,4 unit Row Houses with Suites,EAGLE CREST CONSTRUCTION,,ARLUX HOMES,4,"$854,900",30,30,2432 17 ST NW,CAP,CAPITOL HILL,51.07386012,-114.1019454,9,Titled Parcel;Building;Building;Building;Building;Building Suite;Building Suite;Building Suite;Building Suite,2418 17 ST NW;2426 17 ST NW;1741 24 AV NW;2430 17 ST NW;2422 17 ST NW;2420 17 ST NW;2424 17 ST NW;2428 17 ST NW;2432 17 ST NW,"MULTIPOINT (-114.10194542645581 51.073860119161445,-114.10187184646871 51.07398086091296,-114.10187211970062 51.07410530496301,-114.10186836109992 51.07404422329035,-114.10186989135109 51.07391578624474,-114.10187080334049 51.073915210109824,-114.10187184646871 51.07398086091296,-114.10186746211438 51.0740442240737,-114.10187030745756 51.0741053065422)","{""type"":""MultiPoint"",""coordinates"":[[-114.1019454,51.0738601],[-114.1018718,51.0739809],[-114.1018721,51.0741053],[-114.1018684,51.0740442],[-114.1018699,51.0739158],[-114.1018708,51.0739152],[-114.1018718,51.0739809],[-114.1018675,51.0740442],[-114.1018703,51.0741053]]}",POINT (-114.10194542645581 51.073860119161445),2432 17 ST NW,a,
BP2021-12338,Completed,2021-07-13,2021,2021-08-19,2022-09-28,2022,Commercial / Multi Family Project,Building,1606 - Ths Townhouse,Townhouse,Residential,New,New,New,CH Park 8 4-Plex Townhouses c/w Secondary Suites,FORMED ALLIANCE ARCHITECTURE STUDIO,,,8,"$1,740,706",31,31,#7B 1313B 20 AV NW,CAP,CAPITOL HILL,51.07041526,-114.0906781,6,Titled Parcel;Building;Building Suite;Building Suite;Building Suite;Building Suite,1313 20 AV NW;1313 20 AV NW;#5B 1313B 20 AV NW;#8B 1313B 20 AV NW;#6B 1313B 20 AV NW;#7B 1313B 20 AV NW,"MULTIPOINT (-114.09067809627712 51.07041525600255,-114.0905774265263 51.07022977773505,-114.09050212273168 51.07023242508981,-114.09071448207656 51.07023333026813,-114.09052476675257 51.07023240755726,-114.09067484433807 51.07023336101984)","{""type"":""MultiPoint"",""coordinates"":[[-114.0906781,51.0704153],[-114.0905774,51.0702298],[-114.0905021,51.0702324],[-114.0907145,51.0702333],[-114.0905248,51.0702324],[-114.0906748,51.0702334]]}",POINT (-114.09067809627712 51.07041525600255),1313B 20 AV NW,a,
BP2023-05926,Completed,2023-04-28,2023,2023-10-17,2024-12-05,2024,Commercial / Multi Family Project,Building,1606 - Ths Townhouse,Townhouse,Residential,New,New,New,"New, Group C, Stacked apartment",FORMED ALLIANCE ARCHITECTURE STUDIO,,GILL DEVELOPMENTS,4,"$958,926",31,31,#1R 1221 17 AV NW,CAP,CAPITOL HILL,51.067738,-114.0886707,5,Titled Parcel;Building;Building;Building Suite;Building Suite,1221 17 AV NW;#2 1221 17 AV NW;#1 1221 17 AV NW;#1R 1221 17 AV NW;#2R 1221 17 AV NW,"MULTIPOINT (-114.08867066460772 51.06773800083221,-114.08872474766768 51.06769019752186,-114.08861827896551 51.067688498320685,-114.08865891831971 51.06766123770537,-114.08868278626733 51.06766025770312)","{""type"":""MultiPoint"",""coordinates"":[[-114.0886707,51.067738],[-114.0887247,51.0676902],[-114.0886183,51.0676885],[-114.0886589,51.0676612],[-114.0886828,51.0676603]]}",POINT (-114.08867066460772 51.06773800083221),1221 17 AV NW,a,
BP2023-05927,Completed,2023-04-28,2023,2024-10-16,2025-05-08,2025,Commercial / Multi Family Project,Building,1606 - Ths Townhouse,Townhouse,Residential,New,New,New,"New, Group C, Stacked apartment & F3 Storage Garage",FORMED ALLIANCE ARCHITECTURE STUDIO,,GILL DEVELOPMENTS,4,"$611,342",31,31,#3R 1221 17 AV NW,CAP,CAPITOL HILL,51.067738,-114.0886707,5,Titled Parcel;Building;Building;Building Suite;Building Suite,1221 17 AV NW;#4 1221 17 AV NW;#3 1221 17 AV NW;#3R 1221 17 AV NW;#4R 1221 17 AV NW,"MULTIPOINT (-114.08867066460772 51.06773800083221,-114.08872223970523 51.06756497290593,-114.08861578622752 51.06756362428929,-114.08866103686786 51.06753790640533,-114.08867970975938 51.067536103291296)","{""type"":""MultiPoint"",""coordinates"":[[-114.0886707,51.067738],[-114.0887222,51.067565],[-114.0886158,51.0675636],[-114.088661,51.0675379],[-114.0886797,51.0675361]]}",POINT (-114.08867066460772 51.06773800083221),1221 17 AV NW,a,
BP2018-15433,Completed,2018-11-23,2018,2019-03-05,2020-07-31,2020,Commercial / Multi Family Project,Building,1606 - Ths Townhouse,Townhouse,Residential,New,New,New,New Building,JACKSON MCCORMICK DESIGN GROUP,,,7,"$1,584,886",32,32,#22 1426 23 AV NW,CAP,CAPITOL HILL,51.07331876,-114.0935569,8,Titled Parcel;Building;Building;Building;Building;Building;Building;Building,1426 23 AV NW;#26 1426 23 AV NW;#22 1426 23 AV NW;#28 1426 23 AV NW;#30 1426 23 AV NW;#32 1426 23 AV NW;#34 1426 23 AV NW;#24 1426 23 AV NW,"MULTIPOINT (-114.09355694574674 51.073318762116195,-114.09414924602073 51.07357458270228,-114.09402012158219 51.07357468662128,-114.09421116222039 51.07357500927533,-114.09427459001695 51.073574958142984,-114.09433499171689 51.07357443296451,-114.09439313980842 51.07357438602812,-114.09408657354025 51.07357415670513)","{""type"":""MultiPoint"",""coordinates"":[[-114.0935569,51.0733188],[-114.0941492,51.0735746],[-114.0940201,51.0735747],[-114.0942112,51.073575],[-114.0942746,51.073575],[-114.094335,51.0735744],[-114.0943931,51.0735744],[-114.0940866,51.0735742]]}",POINT (-114.09355694574674 51.073318762116195),1426 23 AV NW,a,
BP2018-15437,Completed,2018-11-23,2018,2019-03-06,2020-09-09,2020,Commercial / Multi Family Project,Building,1606 - Ths Townhouse,Townhouse,Residential,New,New,New,New Building,JACKSON MCCORMICK DESIGN GROUP,,,7,"$1,584,886",32,32,#4 1426 23 AV NW,CAP,CAPITOL HILL,51.07331876,-114.0935569,8,Titled Parcel;Building;Building;Building;Building;Building;Building;Building,1426 23 AV NW;#6 1426 23 AV NW;#10 1426 23 AV NW;#12 1426 23 AV NW;#8 1426 23 AV NW;#16 1426 23 AV NW;#14 1426 23 AV NW;#4 1426 23 AV NW,"MULTIPOINT (-114.09355694574674 51.073318762116195,-114.09361463838088 51.07357405911866,-114.09373846980824 51.07357443634542,-114.09380189664165 51.07357390901667,-114.09367731085725 51.07357448536885,-114.09392498412842 51.073573333735524,-114.09386305655552 51.07357433638092,-114.09354742725344 51.073573160013204)","{""type"":""MultiPoint"",""coordinates"":[[-114.0935569,51.0733188],[-114.0936146,51.0735741],[-114.0937385,51.0735744],[-114.0938019,51.0735739],[-114.0936773,51.0735745],[-114.093925,51.0735733],[-114.0938631,51.0735743],[-114.0935474,51.0735732]]}",POINT (-114.09355694574674 51.073318762116195),1426 23 AV NW,a,
BP2018-15438,Completed,2018-11-23,2018,2019-03-06,2020-05-29,2020,Commercial / Multi Family Project,Building,1606 - Ths Townhouse,Townhouse,Residential,New,New,New,,JACKSON MCCORMICK DESIGN GROUP,,,5,"$1,160,884",32,32,1430 23 AV NW,CAP,CAPITOL HILL,51.07331876,-114.0935569,6,Titled Parcel;Building;Building;Building;Building;Building,1426 23 AV NW;1434 23 AV NW;1438 23 AV NW;1432 23 AV NW;1436 23 AV NW;1430 23 AV NW,"MULTIPOINT (-114.09355694574674 51.073318762116195,-114.0938728689544 51.0733814277103,-114.09401114136962 51.07338221556677,-114.09379405839671 51.07338119430774,-114.09395167771075 51.073380771081744,-114.09372373873855 51.073381250704934)","{""type"":""MultiPoint"",""coordinates"":[[-114.0935569,51.0733188],[-114.0938729,51.0733814],[-114.0940111,51.0733822],[-114.0937941,51.0733812],[-114.0939517,51.0733808],[-114.0937237,51.0733813]]}",POINT (-114.09355694574674 51.073318762116195),1430 23 AV NW,a,
BP2018-15439,Completed,2018-11-23,2018,2019-03-06,2020-01-15,2020,Commercial / Multi Family Project,Building,1606 - Ths Townhouse,Townhouse,Residential,New,New,New,,JACKSON MCCORMICK DESIGN GROUP,,,5,"$1,160,884",32,32,1444 23 AV NW,CAP,CAPITOL HILL,51.07331876,-114.0935569,6,Titled Parcel;Building;Building;Building;Building;Building,1426 23 AV NW;1448 23 AV NW;1450 23 AV NW;1452 23 AV NW;1444 23 AV NW;1446 23 AV NW,"MULTIPOINT (-114.09355694574674 51.073318762116195,-114.0942527771514 51.073380825372006,-114.09433441305372 51.07338105618548,-114.09439953985192 51.0733815969339,-114.09411166754899 51.07338123571434,-114.09417585256388 51.073381777345524)","{""type"":""MultiPoint"",""coordinates"":[[-114.0935569,51.0733188],[-114.0942528,51.0733808],[-114.0943344,51.0733811],[-114.0943995,51.0733816],[-114.0941117,51.0733812],[-114.0941759,51.0733818]]}",POINT (-114.09355694574674 51.073318762116195),1444 23 AV NW,a,
BP2018-11577,Completed,2018-08-29,2018,2018-10-18,2019-09-10,2019,Commercial / Multi Family Project,Building,1606 - Ths Townhouse,Townhouse,Residential,New,New,New,Residential Part 9 - 4 Plex & Garage,SYSTEMIC ARCHITECTURE,,HOMES BY SORENSEN,4,"$709,873",32,32,1304 19 AV NW,CAP,CAPITOL HILL,51.06975715,-114.0899887,5,Titled Parcel;Building;Building;Building;Building,1302 19 AV NW;2011 12 ST NW;2009 12 ST NW;2007 12 ST NW;1304 19 AV NW,"MULTIPOINT (-114.08998874911661 51.06975714960224,-114.08997092371004 51.06993892599642,-114.08996235190926 51.069881848020955,-114.08995740281883 51.06982401212213,-114.09000801252235 51.06975775506107)","{""type"":""MultiPoint"",""coordinates"":[[-114.0899887,51.0697571],[-114.0899709,51.0699389],[-114.0899624,51.0698818],[-114.0899574,51.069824],[-114.090008,51.0697578]]}",POINT (-114.08998874911661 51.06975714960224),1304 19 AV NW,a,
BP2022-17809,Completed,2022-10-21,2022,2023-01-24,2023-11-15,2023,Commercial / Multi Family Project,Building,1606 - Ths Townhouse,Townhouse,Residential,New,New,New,"New 4 Unit Rowhouse, With Secondary Suites",YOUR PROPERTY,,YOUR PROPERTY,8,"$727,381",33,33,2003B 11 ST NW,CAP,CAPITOL HILL,51.07002423,-114.0875089,9,Titled Parcel;Building;Building;Building;Building;Building Suite;Building Suite;Building Suite;Building Suite,2011 11 ST NW;2007 11 ST NW;2003 11 ST NW;2009 11 ST NW;2005 11 ST NW;2007B 11 ST NW;2005B 11 ST NW;2003B 11 ST NW;2009B 11 ST NW,"MULTIPOINT (-114.08750889092003 51.07002422829378,-114.08758982072163 51.069895417255,-114.08759470910819 51.06978659331723,-114.08759107665819 51.06995606080503,-114.08759313240454 51.069850816890025,-114.08751504465262 51.06988262698185,-114.08751098533317 51.069825896046815,-114.08754200372506 51.06976486874246,-114.08752080943665 51.06993577874026)","{""type"":""MultiPoint"",""coordinates"":[[-114.0875089,51.0700242],[-114.0875898,51.0698954],[-114.0875947,51.0697866],[-114.0875911,51.0699561],[-114.0875931,51.0698508],[-114.087515,51.0698826],[-114.087511,51.0698259],[-114.087542,51.0697649],[-114.0875208,51.0699358]]}",POINT (-114.08750889092003 51.07002422829378),2003B 11 ST NW,a,
BP2022-02690,Completed,2022-02-23,2022,2022-11-02,2024-08-09,2024,Commercial / Multi Family Project,Building,1606 - Ths Townhouse,Townhouse,Residential,New,New,New,4 Unit Residential Rowhouse - Building B,,EAGLE CREST CONSTRUCTION,EAGLE CREST CONSTRUCTION,4,"$665,785",34,34,#201B 1722 17 AV NW,CAP,CAPITOL HILL,51.06796388,-114.1007946,11,Titled Parcel;Building;Building;Building;Building;Building;Building;Building Suite;Building Suite;Building Suite;Building Suite,1722 17 AV NW;#202 1722 17 AV NW;1718 17 AV NW;#203 1722 17 AV NW;#201 1722 17 AV NW;#204 1722 17 AV NW;#200 1722 17 AV NW;#203B 1722 17 AV NW;#202B 1722 17 AV NW;#201B 1722 17 AV NW;#204B 1722 17 AV NW,"MULTIPOINT (-114.10079460462879 51.06796387683274,-114.10073556539058 51.06816143142928,-114.10067971409799 51.06803982193695,-114.10086189371117 51.068161870872515,-114.10062056689678 51.068161530469716,-114.10097864595154 51.0681612217081,-114.10080265260092 51.06816137359935,-114.10080783407749 51.06814270651462,-114.10068672901305 51.068142810885966,-114.10056737888698 51.068142913622104,-114.10092284679176 51.06814260727767)","{""type"":""MultiPoint"",""coordinates"":[[-114.1007946,51.0679639],[-114.1007356,51.0681614],[-114.1006797,51.0680398],[-114.1008619,51.0681619],[-114.1006206,51.0681615],[-114.1009786,51.0681612],[-114.1008027,51.0681614],[-114.1008078,51.0681427],[-114.1006867,51.0681428],[-114.1005674,51.0681429],[-114.1009228,51.0681426]]}",POINT (-114.10079460462879 51.06796387683274),1722 17 AV NW,a,
BP2023-00573,Completed,2023-01-17,2023,2023-07-26,2024-05-31,2024,Commercial / Multi Family Project,Building,1606 - Ths Townhouse,Townhouse,Residential,New,New,New,4-unit rowhouse with secondary suites.,,UTOPIA CONSTRUCTION,UTOPIA CONSTRUCTION,4,"$764,350",35,35,#2 1810 18 ST NW,CAP,CAPITOL HILL,51.06823041,-114.1043926,9,Titled Parcel;Building;Building;Building;Building;Building Suite;Building Suite;Building Suite;Building Suite,1810 18 ST NW;#4 1810 18 ST NW;#7 1810 18 ST NW;#1 1810 18 ST NW;#5 1810 18 ST NW;#6 1810 18 ST NW;#2 1810 18 ST NW;#8 1810 18 ST NW;#3 1810 18 ST NW,"MULTIPOINT (-114.10439255112186 51.06823041020461,-114.10428790369171 51.06813840413334,-114.10428707159072 51.06818716500802,-114.10429161116069 51.06810569629727,-114.10428607379573 51.06816219251184,-114.10439597171089 51.06811460183572,-114.1043321874057 51.068105066770165,-114.10439516647826 51.0681752560604,-114.10432659394891 51.068136589650294)","{""type"":""MultiPoint"",""coordinates"":[[-114.1043926,51.0682304],[-114.1042879,51.0681384],[-114.1042871,51.0681872],[-114.1042916,51.0681057],[-114.1042861,51.0681622],[-114.104396,51.0681146],[-114.1043322,51.0681051],[-114.1043952,51.0681753],[-114.1043266,51.0681366]]}",POINT (-114.10439255112186 51.06823041020461),1810 18 ST NW,a,
BP2018-12777,Completed,2018-09-21,2018,2018-11-07,2019-05-22,2019,Commercial / Multi Family Project,Building,1606 - Ths Townhouse,Townhouse,Residential,New,New,New,,HOMES BY AVI (CANADA),,,5,"$947,865",36,36,335 CARRINGVUE WY NW,CAR,CARRINGTON,51.18150204,-114.0781098,6,Titled Parcel;Titled Parcel;Titled Parcel;Titled Parcel;Titled Parcel;Building,319 CARRINGVUE WY NW;323 CARRINGVUE WY NW;327 CARRINGVUE WY NW;335 CARRINGVUE WY NW;331 CARRINGVUE WY NW;335 CARRINGVUE WY NW,"MULTIPOINT (-114.07810981636109 51.18150204413336,-114.07810348831971 51.18143912169382,-114.07809968517162 51.18138069232968,-114.07809108442422 51.181259339501146,-114.07809739141318 51.18132675671917,-114.07796659986158 51.181271522419216)","{""type"":""MultiPoint"",""coordinates"":[[-114.0781098,51.181502],[-114.0781035,51.1814391],[-114.0780997,51.1813807],[-114.0780911,51.1812593],[-114.0780974,51.1813268],[-114.0779666,51.1812715]]}",POINT (-114.07810981636109 51.18150204413336),335 CARRINGVUE WY NW,a,
BP2018-15115,Completed,2018-11-16,2018,2018-11-26,2019-06-25,2019,Commercial / Multi Family Project,Building,1606 - Ths Townhouse,Townhouse,Residential,New,New,New,New 6 unit townhouse,HOMES BY AVI (CANADA),,,6,"$914,343",36,36,52 CARRINGTON BV NW,CAR,CARRINGTON,51.1826497,-114.0758396,7,Titled Parcel;Titled Parcel;Titled Parcel;Titled Parcel;Titled Parcel;Titled Parcel;Building,40 CARRINGTON BV NW;48 CARRINGTON BV NW;44 CARRINGTON BV NW;36 CARRINGTON BV NW;52 CARRINGTON BV NW;32 CARRINGTON BV NW;52 CARRINGTON BV NW,"MULTIPOINT (-114.07583960157744 51.18264970179342,-114.07583944669118 51.182555311917355,-114.07583952782198 51.18260475423359,-114.07583967533309 51.182694649352925,-114.07583935818514 51.18250137484463,-114.07583976384012 51.18274858642386,-114.07595166368911 51.18250861047732)","{""type"":""MultiPoint"",""coordinates"":[[-114.0758396,51.1826497],[-114.0758394,51.1825553],[-114.0758395,51.1826048],[-114.0758397,51.1826946],[-114.0758394,51.1825014],[-114.0758398,51.1827486],[-114.0759517,51.1825086]]}",POINT (-114.07583960157744 51.18264970179342),52 CARRINGTON BV NW,a,
BP2018-15117,Completed,2018-11-16,2018,2018-11-26,2019-07-19,2019,Commercial / Multi Family Project,Building,1606 - Ths Townhouse,Townhouse,Residential,New,New,New,New 6 unit townhouse and detached garage,HOMES BY AVI (CANADA),,,6,"$989,037",36,36,28 CARRINGTON BV NW,CAR,CARRINGTON,51.18295984,-114.0758401,7,Titled Parcel;Titled Parcel;Titled Parcel;Titled Parcel;Titled Parcel;Titled Parcel;Building,16 CARRINGTON BV NW;24 CARRINGTON BV NW;20 CARRINGTON BV NW;28 CARRINGTON BV NW;8 CARRINGTON BV NW;12 CARRINGTON BV NW;28 CARRINGTON BV NW,"MULTIPOINT (-114.07584011049529 51.18295983994687,-114.0758399556063 51.182865450075845,-114.07584003673853 51.182914892389434,-114.07583986709867 51.18281151300598,-114.07591029457222 51.18306317392418,-114.0758447898947 51.183004784518566,-114.07596995192816 51.182818566294344)","{""type"":""MultiPoint"",""coordinates"":[[-114.0758401,51.1829598],[-114.07584,51.1828655],[-114.07584,51.1829149],[-114.0758399,51.1828115],[-114.0759103,51.1830632],[-114.0758448,51.1830048],[-114.07597,51.1828186]]}",POINT (-114.07584011049529 51.18295983994687),28 CARRINGTON BV NW,a,
BP2018-15190,Completed,2018-11-19,2018,2018-11-26,2019-08-23,2019,Commercial / Multi Family Project,Building,1606 - Ths Townhouse,Townhouse,Residential,New,New,New,New 6 unit townhouse,HOMES BY AVI (CANADA),,,6,"$915,118",36,36,148 CARRINGVUE WY NW,CAR,CARRINGTON,51.18305809,-114.0768126,7,Titled Parcel;Titled Parcel;Titled Parcel;Titled Parcel;Titled Parcel;Titled Parcel;Building,148 CARRINGVUE WY NW;132 CARRINGVUE WY NW;140 CARRINGVUE WY NW;136 CARRINGVUE WY NW;144 CARRINGVUE WY NW;128 CARRINGVUE WY NW;148 CARRINGVUE WY NW,"MULTIPOINT (-114.07681259365503 51.18305809028476,-114.07681227926734 51.18286032102783,-114.07681242183888 51.18295471090621,-114.07681236143972 51.18290976334035,-114.07681249654144 51.18299965846233,-114.076812189625 51.182806383959154,-114.0766952334124 51.18304831475783)","{""type"":""MultiPoint"",""coordinates"":[[-114.0768126,51.1830581],[-114.0768123,51.1828603],[-114.0768124,51.1829547],[-114.0768124,51.1829098],[-114.0768125,51.1829997],[-114.0768122,51.1828064],[-114.0766952,51.1830483]]}",POINT (-114.07681259365503 51.18305809028476),148 CARRINGVUE WY NW,a,
BP2019-01155,Completed,2019-02-01,2019,2019-02-07,2019-09-06,2019,Commercial / Multi Family Project,Building,1606 - Ths Townhouse,Townhouse,Residential,New,New,New,New 6 unit townhouse,HOMES BY AVI (CANADA),,HOMES BY AVI (CANADA),6,"$923,200",36,36,116 CARRINGVUE WY NW,CAR,CARRINGTON,51.18274795,-114.0768121,12,Titled Parcel;Titled Parcel;Titled Parcel;Titled Parcel;Titled Parcel;Titled Parcel;Building;Building;Building;Building;Building;Building,124 CARRINGVUE WY NW;104 CARRINGVUE WY NW;108 CARRINGVUE WY NW;112 CARRINGVUE WY NW;120 CARRINGVUE WY NW;116 CARRINGVUE WY NW;120 CARRINGVUE WY NW;108 CARRINGVUE WY NW;112 CARRINGVUE WY NW;116 CARRINGVUE WY NW;104 CARRINGVUE WY NW;124 CARRINGVUE WY NW,"MULTIPOINT (-114.07681209251277 51.182747952134186,-114.07681167418693 51.182496245804536,-114.07681176382768 51.18255018287609,-114.0768118459986 51.182599625191244,-114.07681199540089 51.182689520308635,-114.07681192069964 51.18264457275011,-114.0766349519654 51.18269876076717,-114.07663471108809 51.18255349025642,-114.07663478402183 51.18259747593805,-114.07663485694084 51.182641452629845,-114.076636742811 51.18249351982623,-114.07663715384896 51.18274140561458)","{""type"":""MultiPoint"",""coordinates"":[[-114.0768121,51.182748],[-114.0768117,51.1824962],[-114.0768118,51.1825502],[-114.0768118,51.1825996],[-114.076812,51.1826895],[-114.0768119,51.1826446],[-114.076635,51.1826988],[-114.0766347,51.1825535],[-114.0766348,51.1825975],[-114.0766349,51.1826415],[-114.0766367,51.1824935],[-114.0766372,51.1827414]]}",POINT (-114.07681209251277 51.182747952134186),116 CARRINGVUE WY NW,a,
BP2017-16151,Completed,2017-12-12,2017,2018-01-08,2018-05-28,2018,Commercial / Multi Family Project,Building,1606 - Ths Townhouse,Townhouse,Residential,New,New,New,New - Group C - 4 Unit Townhouse Carrington,MATTAMY HOMES CALGARY,,,4,"$690,000",36,36,271 CARRINGTON CI NW,CAR,CARRINGTON,51.1812405,-114.0916635,5,Titled Parcel;Titled Parcel;Titled Parcel;Titled Parcel;Building,271 CARRINGTON CI NW;1235 140 AV NW;1231 140 AV NW;1239 140 AV NW;271 CARRINGTON CI NW,"MULTIPOINT (-114.09166354951887 51.18124050401972,-114.0913795742651 51.18130814758479,-114.0912826448215 51.1813082232475,-114.09146609133782 51.18130807998211,-114.09155837363562 51.181214768456925)","{""type"":""MultiPoint"",""coordinates"":[[-114.0916635,51.1812405],[-114.0913796,51.1813081],[-114.0912826,51.1813082],[-114.0914661,51.1813081],[-114.0915584,51.1812148]]}",POINT (-114.09166354951887 51.18124050401972),271 CARRINGTON CI NW,a,
BP2017-16152,Completed,2017-12-12,2017,2018-01-08,2018-06-25,2018,Commercial / Multi Family Project,Building,1606 - Ths Townhouse,Townhouse,Residential,New,New,New,New - Group C - 3 Unit Townhouse Carrington,MATTAMY HOMES CALGARY,,,3,"$510,069",36,36,1227 140 AV NW,CAR,CARRINGTON,51.18130839,-114.0910722,4,Titled Parcel;Titled Parcel;Titled Parcel;Building,1223 140 AV NW;1219 140 AV NW;1227 140 AV NW;1227 140 AV NW,"MULTIPOINT (-114.09107219479306 51.18130838724745,-114.09096762770261 51.18130846859394,-114.0911698107675 51.18130831122413,-114.09116115947077 51.181214979733355)","{""type"":""MultiPoint"",""coordinates"":[[-114.0910722,51.1813084],[-114.0909676,51.1813085],[-114.0911698,51.1813083],[-114.0911612,51.181215]]}",POINT (-114.09107219479306 51.18130838724745),1227 140 AV NW,a,
BP2018-11080,Completed,2018-08-20,2018,2018-09-06,2019-03-15,2019,Commercial / Multi Family Project,Building,1606 - Ths Townhouse,Townhouse,Residential,New,New,New,New - Carrington - Part 9 Group C - 4 unit townhouse,MATTAMY HOMES CALGARY,,MATTAMY HOMES CALGARY,4,"$692,271",36,36,25 CARRINGTON RI NW,CAR,CARRINGTON,51.18038374,-114.0894194,2,Titled Parcel;Building,25 CARRINGTON RI NW;25 CARRINGTON RI NW,"MULTIPOINT (-114.08941944194993 51.18038374098014,-114.08947780322436 51.18043923365149)","{""type"":""MultiPoint"",""coordinates"":[[-114.0894194,51.1803837],[-114.0894778,51.1804392]]}",POINT (-114.08941944194993 51.18038374098014),25 CARRINGTON RI NW,a,
BP2018-01573,Completed,2018-02-14,2018,2018-02-22,2018-09-13,2018,Commercial / Multi Family Project,Building,1606 - Ths Townhouse,Townhouse,Residential,New,New,New,New - Carrington - Part 9 Group C - 3 unit Townhouse,MATTAMY HOMES CALGARY,,,3,"$2,853,280",36,36,1457 CARRINGTON BV NW,CAR,CARRINGTON,51.18058978,-114.090359,4,Titled Parcel;Titled Parcel;Titled Parcel;Building,1453 CARRINGTON BV NW;1449 CARRINGTON BV NW;1457 CARRINGTON BV NW;1457 CARRINGTON BV NW,"MULTIPOINT (-114.09035900032889 51.18058977822597,-114.09035888609874 51.18053134639892,-114.09035912334642 51.1806527048083,-114.09047994934954 51.180644511870646)","{""type"":""MultiPoint"",""coordinates"":[[-114.090359,51.1805898],[-114.0903589,51.1805313],[-114.0903591,51.1806527],[-114.0904799,51.1806445]]}",POINT (-114.09035900032889 51.18058977822597),1457 CARRINGTON BV NW,a,
BP2018-11116,Completed,2018-08-21,2018,2018-09-06,2019-02-08,2019,Commercial / Multi Family Project,Building,1606 - Ths Townhouse,Townhouse,Residential,New,New,New,New - Carrington - Part 9 Group C - 4 unit townhouse,MATTAMY HOMES CALGARY,,,4,"$664,232",36,36,57 CARRINGTON RI NW,CAR,CARRINGTON,51.18079731,-114.0893471,5,Titled Parcel;Titled Parcel;Titled Parcel;Titled Parcel;Building,65 CARRINGTON RI NW;69 CARRINGTON RI NW;57 CARRINGTON RI NW;61 CARRINGTON RI NW;57 CARRINGTON RI NW,"MULTIPOINT (-114.08934705580178 51.180797314444824,-114.08934717744252 51.18086024102666,-114.08934682989873 51.18068045079106,-114.08934695153864 51.18074337737414,-114.08948030088541 51.18068770222275)","{""type"":""MultiPoint"",""coordinates"":[[-114.0893471,51.1807973],[-114.0893472,51.1808602],[-114.0893468,51.1806805],[-114.089347,51.1807434],[-114.0894803,51.1806877]]}",POINT (-114.08934705580178 51.180797314444824),57 CARRINGTON RI NW,a,
BP2018-11038,Completed,2018-08-20,2018,2018-09-06,2019-03-11,2019,Commercial / Multi Family Project,Building,1606 - Ths Townhouse,Townhouse,Residential,New,New,New,New - Carrington - Part 9 Group C - 3 unit townhouse,MATTAMY HOMES CALGARY,,MATTAMY HOMES CALGARY,3,"$505,300",36,36,73 CARRINGTON RI NW,CAR,CARRINGTON,51.18092766,-114.0893473,4,Titled Parcel;Titled Parcel;Titled Parcel;Building,73 CARRINGTON RI NW;77 CARRINGTON RI NW;81 CARRINGTON RI NW;73 CARRINGTON RI NW,"MULTIPOINT (-114.08934730777234 51.18092766236357,-114.08934742941398 51.18099058894398,-114.08934755413091 51.18106250504597,-114.08947362664567 51.18093412818602)","{""type"":""MultiPoint"",""coordinates"":[[-114.0893473,51.1809277],[-114.0893474,51.1809906],[-114.0893476,51.1810625],[-114.0894736,51.1809341]]}",POINT (-114.08934730777234 51.18092766236357),73 CARRINGTON RI NW,a,
BP2018-04570,Completed,2018-04-25,2018,2018-05-09,2019-06-20,2019,Commercial / Multi Family Project,Building,1606 - Ths Townhouse,Townhouse,Residential,New,New,New,New - Carrington - Part 9 Group C - 6 unit Townhouse,MATTAMY HOMES CALGARY,,,6,"$1,101,006",36,36,1207 140 AV NW,CAR,CARRINGTON,51.18130857,-114.0908409,6,Titled Parcel;Titled Parcel;Titled Parcel;Titled Parcel;Titled Parcel;Titled Parcel,1215 140 AV NW;1481 CARRINGTON BV NW;1477 CARRINGTON BV NW;1211 140 AV NW;1485 CARRINGTON BV NW;1207 140 AV NW,"MULTIPOINT (-114.09084092002117 51.181308567039174,-114.09037139471468 51.18108419252827,-114.09035979995069 51.18099880099893,-114.09068496878673 51.18130419325458,-114.09040887511456 51.18118304834259,-114.0905162925706 51.18127286053432)","{""type"":""MultiPoint"",""coordinates"":[[-114.0908409,51.1813086],[-114.0903714,51.1810842],[-114.0903598,51.1809988],[-114.090685,51.1813042],[-114.0904089,51.181183],[-114.0905163,51.1812729]]}",POINT (-114.09084092002117 51.181308567039174),1207 140 AV NW,a,
BP2018-08400,Completed,2018-06-28,2018,2018-07-18,2019-01-28,2019,Commercial / Multi Family Project,Building,1606 - Ths Townhouse,Townhouse,Residential,New,New,New,New - Carrington - Part 9 Group C - 7unit townhouse,MATTAMY HOMES CALGARY,,,7,"$1,290,870",36,36,91 CARRINGTON RI NW,CAR,CARRINGTON,51.1813275,-114.089609,8,Titled Parcel;Titled Parcel;Titled Parcel;Titled Parcel;Titled Parcel;Titled Parcel;Titled Parcel;Building,1169 140 AV NW;1480 CARRINGTON BV NW;91 CARRINGTON RI NW;1484 CARRINGTON BV NW;1476 CARRINGTON BV NW;1165 140 AV NW;1173 140 AV NW;91 CARRINGTON RI NW,"MULTIPOINT (-114.08960904838322 51.18132749603527,-114.08996054435931 51.181124962005995,-114.0893285966525 51.1812737733454,-114.0899426876656 51.18124633431428,-114.08995948262977 51.18103506757631,-114.08948464958493 51.18134557029173,-114.08977879781149 51.1813003973322,-114.08939648312533 51.181254573808964)","{""type"":""MultiPoint"",""coordinates"":[[-114.089609,51.1813275],[-114.0899605,51.181125],[-114.0893286,51.1812738],[-114.0899427,51.1812463],[-114.0899595,51.1810351],[-114.0894846,51.1813456],[-114.0897788,51.1813004],[-114.0893965,51.1812546]]}",POINT (-114.08960904838322 51.18132749603527),91 CARRINGTON RI NW,a,
BP2021-21579,Completed,2021-12-22,2021,2022-01-05,2022-10-28,2022,Commercial / Multi Family Project,Building,1606 - Ths Townhouse,Townhouse,Residential,New,New,New,4 Unit Rowhouse - Part 9,MATTAMY HOMES CALGARY,,MATTAMY (ABERDEEN HEIGHTS),4,"$708,804",37,37,1457 148 AV NW,CAR,CARRINGTON,51.18720376,-114.0932953,4,Titled Parcel;Titled Parcel;Titled Parcel;Titled Parcel,1453 148 AV NW;1457 148 AV NW;1449 148 AV NW;1445 148 AV NW,"MULTIPOINT (-114.09329532568336 51.18720376071896,-114.09339364072224 51.18720368228644,-114.09320881188187 51.187203829668505,-114.09311049684216 51.187203907945715)","{""type"":""MultiPoint"",""coordinates"":[[-114.0932953,51.1872038],[-114.0933936,51.1872037],[-114.0932088,51.1872038],[-114.0931105,51.1872039]]}",POINT (-114.09329532568336 51.18720376071896),1457 148 AV NW,a,
BP2021-21581,Completed,2021-12-22,2021,2022-01-06,2022-10-14,2022,Commercial / Multi Family Project,Building,1606 - Ths Townhouse,Townhouse,Residential,New,New,New,4 Unit Rowhouse - Part 9,MATTAMY HOMES CALGARY,,MATTAMY (ABERDEEN HEIGHTS),4,"$708,853",37,37,1458 148 AV NW,CAR,CARRINGTON,51.18741957,-114.0932225,4,Titled Parcel;Titled Parcel;Titled Parcel;Titled Parcel,1450 148 AV NW;1458 148 AV NW;1446 148 AV NW;1454 148 AV NW,"MULTIPOINT (-114.0932225074249 51.18741956712135,-114.09340733712811 51.18741941971721,-114.09312419192622 51.187419645410316,-114.09330902163026 51.187419498161475)","{""type"":""MultiPoint"",""coordinates"":[[-114.0932225,51.1874196],[-114.0934073,51.1874194],[-114.0931242,51.1874196],[-114.093309,51.1874195]]}",POINT (-114.0932225074249 51.18741956712135),1458 148 AV NW,a,
BP2021-21582,Completed,2021-12-22,2021,2022-01-06,2022-11-28,2022,Commercial / Multi Family Project,Building,1606 - Ths Townhouse,Townhouse,Residential,New,New,New,4 Unit Rowhouse - Part 9,MATTAMY HOMES CALGARY,,MATTAMY (ABERDEEN HEIGHTS),4,"$711,424",37,37,1442 148 AV NW,CAR,CARRINGTON,51.18741981,-114.0929158,4,Titled Parcel;Titled Parcel;Titled Parcel;Titled Parcel,1438 148 AV NW;1442 148 AV NW;1434 148 AV NW;1430 148 AV NW,"MULTIPOINT (-114.09291575963447 51.18741981111242,-114.09301407513408 51.187419732998606,-114.09282924542755 51.18741987978153,-114.09273091562251 51.18741995775139)","{""type"":""MultiPoint"",""coordinates"":[[-114.0929158,51.1874198],[-114.0930141,51.1874197],[-114.0928292,51.1874199],[-114.0927309,51.18742]]}",POINT (-114.09291575963447 51.18741981111242),1442 148 AV NW,a,
BP2022-17898,Completed,2022-10-24,2022,2022-11-14,2023-11-28,2023,Commercial / Multi Family Project,Building,1606 - Ths Townhouse,Townhouse,Residential,New,New,New,"New 4-Unit Rowhouse (Blk 22, Lots 29 - 32)",MATTAMY HOMES CALGARY,,MATTAMY (ABERDEEN HEIGHTS),4,"$834,684",37,37,1881 CARRINGTON BV NW,CAR,CARRINGTON,51.18647421,-114.0893332,4,Titled Parcel;Titled Parcel;Titled Parcel;Titled Parcel,1873 CARRINGTON BV NW;1877 CARRINGTON BV NW;1869 CARRINGTON BV NW;1881 CARRINGTON BV NW,"MULTIPOINT (-114.08933322763161 51.18647420727676,-114.08930208257239 51.186523673390624,-114.08937460580357 51.18642023857996,-114.08926511864192 51.18658213345124)","{""type"":""MultiPoint"",""coordinates"":[[-114.0893332,51.1864742],[-114.0893021,51.1865237],[-114.0893746,51.1864202],[-114.0892651,51.1865821]]}",POINT (-114.08933322763161 51.18647420727676),1881 CARRINGTON BV NW,a,
BP2022-03342,Completed,2022-03-07,2022,2022-04-01,2022-12-16,2022,Commercial / Multi Family Project,Building,1606 - Ths Townhouse,Townhouse,Residential,New,New,New,"A new 4 unit rowhouse, Part 9, Group C occupancy",MATTAMY HOMES CALGARY,,MATTAMY HOMES CALGARY,4,"$865,931",37,37,62 CARRINGHAM WY NW,CAR,CARRINGTON,51.18674972,-114.0933873,4,Titled Parcel;Titled Parcel;Titled Parcel;Titled Parcel,74 CARRINGHAM WY NW;62 CARRINGHAM WY NW;70 CARRINGHAM WY NW;66 CARRINGHAM WY NW,"MULTIPOINT (-114.09338727325776 51.186749716826995,-114.09309125820795 51.18674995271275,-114.09328216459939 51.18674980067076,-114.09319636686725 51.18674986904047)","{""type"":""MultiPoint"",""coordinates"":[[-114.0933873,51.1867497],[-114.0930913,51.18675],[-114.0932822,51.1867498],[-114.0931964,51.1867499]]}",POINT (-114.09338727325776 51.186749716826995),62 CARRINGHAM WY NW,a,
BP2022-06296,Completed,2022-04-20,2022,2022-05-16,2023-01-19,2023,Commercial / Multi Family Project,Building,1606 - Ths Townhouse,Townhouse,Residential,New,New,New,4 Plex Rowhouse,MATTAMY HOMES CALGARY,,MATTAMY (ABERDEEN HEIGHTS),4,"$865,931",37,37,46 CARRINGHAM WY NW,CAR,CARRINGTON,51.18675005,-114.0929668,4,Titled Parcel;Titled Parcel;Titled Parcel;Titled Parcel,58 CARRINGHAM WY NW;54 CARRINGHAM WY NW;50 CARRINGHAM WY NW;46 CARRINGHAM WY NW,"MULTIPOINT (-114.09296683862121 51.18675005163555,-114.09286172996082 51.18675013510164,-114.09277593222704 51.18675020316305,-114.09267082356571 51.18675028645765)","{""type"":""MultiPoint"",""coordinates"":[[-114.0929668,51.1867501],[-114.0928617,51.1867501],[-114.0927759,51.1867502],[-114.0926708,51.1867503]]}",POINT (-114.09296683862121 51.18675005163555),46 CARRINGHAM WY NW,a,
BP2022-03330,Completed,2022-03-07,2022,2022-04-13,2022-11-23,2022,Commercial / Multi Family Project,Building,1606 - Ths Townhouse,Townhouse,Residential,New,New,New,"New 4 unit rowhouse, Part 9, Group C occupancy classified under 9.10.2.1.",MATTAMY HOMES CALGARY,,MATTAMY HOMES CALGARY,4,"$865,931",37,37,78 CARRINGHAM WY NW,CAR,CARRINGTON,51.18675396,-114.0937027,4,Titled Parcel;Titled Parcel;Titled Parcel;Titled Parcel,90 CARRINGHAM WY NW;94 CARRINGHAM WY NW;78 CARRINGHAM WY NW;82 CARRINGHAM WY NW,"MULTIPOINT (-114.09370269417032 51.18675395941114,-114.09381423068797 51.186749375278005,-114.09353677753569 51.18675409216477,-114.09361679630075 51.18675402816933)","{""type"":""MultiPoint"",""coordinates"":[[-114.0937027,51.186754],[-114.0938142,51.1867494],[-114.0935368,51.1867541],[-114.0936168,51.186754]]}",POINT (-114.09370269417032 51.18675395941114),78 CARRINGHAM WY NW,a,
BP2022-14975,Completed,2022-08-31,2022,2022-09-15,2023-07-20,2023,Commercial / Multi Family Project,Building,1606 - Ths Townhouse,Townhouse,Residential,New,New,New,"New 4 Unit Rowhouse (Blk 22, Lots 11-14)",MATTAMY HOMES CALGARY,,MATTAMY HOMES CALGARY,4,"$834,684",37,37,1359 148 AV NW,CAR,CARRINGTON,51.18719248,-114.0904945,4,Titled Parcel;Titled Parcel;Titled Parcel;Titled Parcel,1347 148 AV NW;1359 148 AV NW;1351 148 AV NW;1355 148 AV NW,"MULTIPOINT (-114.09049450060854 51.187192476153974,-114.0907892862088 51.18720573206531,-114.09059598574395 51.18719689237794,-114.09068542648359 51.18720131784942)","{""type"":""MultiPoint"",""coordinates"":[[-114.0904945,51.1871925],[-114.0907893,51.1872057],[-114.090596,51.1871969],[-114.0906854,51.1872013]]}",POINT (-114.09049450060854 51.187192476153974),1359 148 AV NW,a,
BP2022-12290,Completed,2022-07-15,2022,2022-09-12,2023-05-12,2023,Commercial / Multi Family Project,Building,1606 - Ths Townhouse,Townhouse,Residential,New,New,New,5 Plex Rowhouse,MATTAMY HOMES CALGARY,,MATTAMY (ABERDEEN HEIGHTS),5,"$1,149,710",37,37,11 CARRINGHAM WY NW,CAR,CARRINGTON,51.18720527,-114.0913849,5,Titled Parcel;Titled Parcel;Titled Parcel;Titled Parcel;Titled Parcel,1383 148 AV NW;1391 148 AV NW;1387 148 AV NW;1395 148 AV NW;11 CARRINGHAM WY NW,"MULTIPOINT (-114.0913848983151 51.187205268396504,-114.09156972717074 51.18720512389555,-114.09148321336248 51.18720519156921,-114.09165625528318 51.187205056146716,-114.09187047645015 51.18712398250511)","{""type"":""MultiPoint"",""coordinates"":[[-114.0913849,51.1872053],[-114.0915697,51.1872051],[-114.0914832,51.1872052],[-114.0916563,51.1872051],[-114.0918705,51.187124]]}",POINT (-114.0913848983151 51.187205268396504),11 CARRINGHAM WY NW,a,
BP2023-03358,Completed,2023-03-17,2023,2023-05-25,2024-01-04,2024,Commercial / Multi Family Project,Building,1606 - Ths Townhouse,Townhouse,Residential,New,New,New,"A new, two storey, 4 unit rowhouse, Part 9, Group C occupancy",MATTAMY HOMES CALGARY,,MATTAMY (ABERDEEN HEIGHTS),4,"$834,684",37,37,1833 CARRINGTON BV NW,CAR,CARRINGTON,51.18584461,-114.0897632,4,Titled Parcel;Titled Parcel;Titled Parcel;Titled Parcel,1829 CARRINGTON BV NW;1821 CARRINGTON BV NW;1825 CARRINGTON BV NW;1833 CARRINGTON BV NW,"MULTIPOINT (-114.08976316571841 51.18584461206144,-114.08983463391807 51.18573668300369,-114.08979660405275 51.1857906493002,-114.08972513568094 51.185898578333806)","{""type"":""MultiPoint"",""coordinates"":[[-114.0897632,51.1858446],[-114.0898346,51.1857367],[-114.0897966,51.1857906],[-114.0897251,51.1858986]]}",POINT (-114.08976316571841 51.18584461206144),1833 CARRINGTON BV NW,a,
BP2022-10814,Completed,2022-06-21,2022,2022-08-05,2023-08-01,2023,Commercial / Multi Family Project,Building,1606 - Ths Townhouse,Townhouse,Residential,New,New,New,New 4 Unit Rowhouse (TH2-40/41/42/43),ROHIT COMMUNITIES CALGARY,,ROHIT COMMUNITIES CALGARY,4,"$779,016",37,37,233 CARRINGTON BV NW,CAR,CARRINGTON,51.1799037,-114.0753786,4,Titled Parcel;Titled Parcel;Titled Parcel;Titled Parcel,245 CARRINGTON BV NW;233 CARRINGTON BV NW;241 CARRINGTON BV NW;237 CARRINGTON BV NW,"MULTIPOINT (-114.07537859536413 51.179903700243855,-114.07536875482866 51.180070012806674,-114.07537762531206 51.179966627548495,-114.07537335803829 51.18001607268831)","{""type"":""MultiPoint"",""coordinates"":[[-114.0753786,51.1799037],[-114.0753688,51.18007],[-114.0753776,51.1799666],[-114.0753734,51.1800161]]}",POINT (-114.07537859536413 51.179903700243855),233 CARRINGTON BV NW,a,
BP2022-10436,Completed,2022-06-15,2022,2022-08-12,2023-09-01,2023,Commercial / Multi Family Project,Building,1606 - Ths Townhouse,Townhouse,Residential,New,New,New,New 3 Unit Rowhouse (TH2-48/49/50),ROHIT COMMUNITIES CALGARY,,ROHIT COMMUNITIES CALGARY,3,"$558,615",37,37,234 CARRINGTON GA NW,CAR,CARRINGTON,51.17991335,-114.0743404,3,Titled Parcel;Titled Parcel;Titled Parcel,238 CARRINGTON GA NW;242 CARRINGTON GA NW;234 CARRINGTON GA NW,"MULTIPOINT (-114.0743404360512 51.17991335400651,-114.07442760845538 51.17991329858598,-114.07425326364674 51.17991340936209)","{""type"":""MultiPoint"",""coordinates"":[[-114.0743404,51.1799134],[-114.0744276,51.1799133],[-114.0742533,51.1799134]]}",POINT (-114.0743404360512 51.17991335400651),234 CARRINGTON GA NW,a,
BP2022-10426,Completed,2022-06-15,2022,2022-08-12,2023-10-16,2023,Commercial / Multi Family Project,Building,1606 - Ths Townhouse,Townhouse,Residential,New,New,New,New 3 Unit Rowhouse (TH2-51/52/53),ROHIT COMMUNITIES CALGARY,,ROHIT COMMUNITIES CALGARY,3,"$558,615",37,37,222 CARRINGTON GA NW,CAR,CARRINGTON,51.17991353,-114.0740702,3,Titled Parcel;Titled Parcel;Titled Parcel,226 CARRINGTON GA NW;230 CARRINGTON GA NW;222 CARRINGTON GA NW,"MULTIPOINT (-114.0740702087476 51.179913525392884,-114.07415738115265 51.17991347017369,-114.07398303634228 51.17991358054713)","{""type"":""MultiPoint"",""coordinates"":[[-114.0740702,51.1799135],[-114.0741574,51.1799135],[-114.073983,51.1799136]]}",POINT (-114.0740702087476 51.179913525392884),222 CARRINGTON GA NW,a,
BP2022-09518,Completed,2022-06-02,2022,2022-07-11,2023-07-05,2023,Commercial / Multi Family Project,Building,1606 - Ths Townhouse,Townhouse,Residential,New,New,New,New 4 Unit Rowhouse (TH2-36/37/38/39),ROHIT COMMUNITIES CALGARY,,ROHIT COMMUNITIES CALGARY,4,"$779,016",37,37,217 CARRINGTON BV NW,CAR,CARRINGTON,51.18029027,-114.0753534,4,Titled Parcel;Titled Parcel;Titled Parcel;Titled Parcel,217 CARRINGTON BV NW;229 CARRINGTON BV NW;221 CARRINGTON BV NW;225 CARRINGTON BV NW,"MULTIPOINT (-114.07535340992384 51.18029026606005,-114.07536405184689 51.18013294251401,-114.07535679747065 51.1802363267273,-114.07536009222136 51.18018688221638)","{""type"":""MultiPoint"",""coordinates"":[[-114.0753534,51.1802903],[-114.0753641,51.1801329],[-114.0753568,51.1802363],[-114.0753601,51.1801869]]}",POINT (-114.07535340992384 51.18029026606005),217 CARRINGTON BV NW,a,
BP2022-09514,Completed,2022-06-02,2022,2022-07-11,2023-05-15,2023,Commercial / Multi Family Project,Building,1606 - Ths Townhouse,Townhouse,Residential,New,New,New,New 4 Unit Rowhouse (TH2-32/33/34/35),ROHIT COMMUNITIES CALGARY,,ROHIT COMMUNITIES CALGARY,4,"$779,016",37,37,201 CARRINGTON BV NW,CAR,CARRINGTON,51.18045658,-114.0753451,4,Titled Parcel;Titled Parcel;Titled Parcel;Titled Parcel,205 CARRINGTON BV NW;201 CARRINGTON BV NW;209 CARRINGTON BV NW;213 CARRINGTON BV NW,"MULTIPOINT (-114.07534507097407 51.18045657764269,-114.07534288480481 51.18051051619941,-114.07534727876781 51.18040713383397,-114.07535003702385 51.18035319490776)","{""type"":""MultiPoint"",""coordinates"":[[-114.0753451,51.1804566],[-114.0753429,51.1805105],[-114.0753473,51.1804071],[-114.07535,51.1803532]]}",POINT (-114.07534507097407 51.18045657764269),201 CARRINGTON BV NW,a,
BP2022-09513,Completed,2022-06-02,2022,2022-07-11,2023-04-10,2023,Commercial / Multi Family Project,Building,1606 - Ths Townhouse,Townhouse,Residential,New,New,New,New 4 Unit Rowhouse (TH2-28/29/30/31),ROHIT COMMUNITIES CALGARY,,ROHIT COMMUNITIES CALGARY,4,"$779,016",37,37,185 CARRINGTON BV NW,CAR,CARRINGTON,51.18056895,-114.0753408,4,Titled Parcel;Titled Parcel;Titled Parcel;Titled Parcel,197 CARRINGTON BV NW;185 CARRINGTON BV NW;193 CARRINGTON BV NW;189 CARRINGTON BV NW,"MULTIPOINT (-114.07534083467937 51.18056894943033,-114.07533720814557 51.180730763207656,-114.07533929211252 51.180622887571516,-114.07533817129138 51.18067233067834)","{""type"":""MultiPoint"",""coordinates"":[[-114.0753408,51.1805689],[-114.0753372,51.1807308],[-114.0753393,51.1806229],[-114.0753382,51.1806723]]}",POINT (-114.07534083467937 51.18056894943033),185 CARRINGTON BV NW,a,
BP2022-09166,Completed,2022-05-31,2022,2022-08-08,2023-02-17,2023,Commercial / Multi Family Project,Building,1606 - Ths Townhouse,Townhouse,Residential,New,New,New,New 4 Unit Rowhouse (TH2-20/21/22/23),ROHIT COMMUNITIES CALGARY,,ROHIT COMMUNITIES CALGARY,4,"$779,016",37,37,153 CARRINGTON BV NW,CAR,CARRINGTON,51.18116676,-114.0753367,4,Titled Parcel;Titled Parcel;Titled Parcel;Titled Parcel,153 CARRINGTON BV NW;157 CARRINGTON BV NW;165 CARRINGTON BV NW;161 CARRINGTON BV NW,"MULTIPOINT (-114.07533673167389 51.18116675543335,-114.07533664375887 51.18111281834713,-114.07533646095322 51.181009438939675,-114.07533656317034 51.18106337601765)","{""type"":""MultiPoint"",""coordinates"":[[-114.0753367,51.1811668],[-114.0753366,51.1811128],[-114.0753365,51.1810094],[-114.0753366,51.1810634]]}",POINT (-114.07533673167389 51.18116675543335),153 CARRINGTON BV NW,a,
BP2022-08920,Completed,2022-05-26,2022,2022-08-05,2023-02-08,2023,Commercial / Multi Family Project,Building,1606 - Ths Townhouse,Townhouse,Residential,New,New,New,New 3 Unit Rowhouse (TH2-17/18/19),ROHIT COMMUNITIES CALGARY,,ROHIT COMMUNITIES CALGARY,3,"$954,156",37,37,149 CARRINGTON BV NW,CAR,CARRINGTON,51.18133756,-114.075337,6,Titled Parcel;Titled Parcel;Titled Parcel;Building;Building;Building,141 CARRINGTON BV NW;145 CARRINGTON BV NW;149 CARRINGTON BV NW;141 CARRINGTON BV NW;149 CARRINGTON BV NW;145 CARRINGTON BV NW,"MULTIPOINT (-114.07533699577051 51.18133755621231,-114.07533690785465 51.18128361912767,-114.07533683424175 51.18122968203332,-114.07518793786569 51.181331970716265,-114.07518777767844 51.181233499577914,-114.07518861233486 51.18128059515579)","{""type"":""MultiPoint"",""coordinates"":[[-114.075337,51.1813376],[-114.0753369,51.1812836],[-114.0753368,51.1812297],[-114.0751879,51.181332],[-114.0751878,51.1812335],[-114.0751886,51.1812806]]}",POINT (-114.07533699577051 51.18133755621231),149 CARRINGTON BV NW,a,
BP2018-16594,Completed,2018-12-21,2018,2019-01-10,2019-08-01,2019,Commercial / Multi Family Project,Building,1606 - Ths Townhouse,Townhouse,Residential,New,New,New,,TRICOR DESIGN GROUP,,,4,"$744,000",38,38,1213 CARRINGTON BV NW,CAR,CARRINGTON,51.17865383,-114.0886638,5,Titled Parcel;Titled Parcel;Titled Parcel;Titled Parcel;Building,1209 CARRINGTON BV NW;1213 CARRINGTON BV NW;1205 CARRINGTON BV NW;1201 CARRINGTON BV NW;1213 CARRINGTON BV NW,"MULTIPOINT (-114.08866377221992 51.178653832132426,-114.08875513267047 51.17865376286254,-114.08857493751391 51.17865839418301,-114.08847862860053 51.17865846705447,-114.08874669910593 51.17855929830635)","{""type"":""MultiPoint"",""coordinates"":[[-114.0886638,51.1786538],[-114.0887551,51.1786538],[-114.0885749,51.1786584],[-114.0884786,51.1786585],[-114.0887467,51.1785593]]}",POINT (-114.08866377221992 51.178653832132426),1213 CARRINGTON BV NW,a,
BP2018-16593,Completed,2018-12-21,2018,2019-01-11,2019-08-14,2019,Commercial / Multi Family Project,Building,1606 - Ths Townhouse,Townhouse,Residential,New,New,New,,TRICOR DESIGN GROUP,,,5,"$930,000",38,38,1233 CARRINGTON BV NW,CAR,CARRINGTON,51.17866703,-114.0890354,6,Titled Parcel;Titled Parcel;Titled Parcel;Titled Parcel;Titled Parcel;Building,1225 CARRINGTON BV NW;1217 CARRINGTON BV NW;1221 CARRINGTON BV NW;1233 CARRINGTON BV NW;1229 CARRINGTON BV NW;1233 CARRINGTON BV NW,"MULTIPOINT (-114.0890354184077 51.17866703419596,-114.08885425904495 51.1786536876238,-114.08894910350234 51.17865811032063,-114.0892066926848 51.178693872317346,-114.08912078942137 51.17867595872658,-114.08923151331888 51.17859367408642)","{""type"":""MultiPoint"",""coordinates"":[[-114.0890354,51.178667],[-114.0888543,51.1786537],[-114.0889491,51.1786581],[-114.0892067,51.1786939],[-114.0891208,51.178676],[-114.0892315,51.1785937]]}",POINT (-114.0890354184077 51.17866703419596),1233 CARRINGTON BV NW,a,
BP2018-15305,Completed,2018-11-21,2018,2019-01-08,2019-05-31,2019,Commercial / Multi Family Project,Building,1606 - Ths Townhouse,Townhouse,Residential,New,New,New,,TRICOR DESIGN GROUP,,TRUMAN HOMES 1995,4,"$744,000",38,38,1249 CARRINGTON BV NW,CAR,CARRINGTON,51.17878351,-114.0895494,5,Titled Parcel;Titled Parcel;Titled Parcel;Titled Parcel;Building,1249 CARRINGTON BV NW;1237 CARRINGTON BV NW;1241 CARRINGTON BV NW;1245 CARRINGTON BV NW;1249 CARRINGTON BV NW,"MULTIPOINT (-114.08954938300549 51.17878350581185,-114.08929089408812 51.17871178714383,-114.08938103954044 51.178734192133014,-114.08946151698352 51.17875660444554,-114.08960699359346 51.178696182374246)","{""type"":""MultiPoint"",""coordinates"":[[-114.0895494,51.1787835],[-114.0892909,51.1787118],[-114.089381,51.1787342],[-114.0894615,51.1787566],[-114.089607,51.1786962]]}",POINT (-114.08954938300549 51.17878350581185),1249 CARRINGTON BV NW,a,
BP2019-08833,Completed,2019-07-09,2019,2019-07-17,2019-12-11,2019,Commercial / Multi Family Project,Building,1606 - Ths Townhouse,Townhouse,Residential,New,New,New,4 plex row house,TRUMAN HOMES 1995,,TRUMAN HOMES 1995,4,"$670,000",38,38,1254 CARRINGTON BV NW,CAR,CARRINGTON,51.1791206,-114.0895653,4,Titled Parcel;Titled Parcel;Titled Parcel;Titled Parcel,1266 CARRINGTON BV NW;1262 CARRINGTON BV NW;1258 CARRINGTON BV NW;1254 CARRINGTON BV NW,"MULTIPOINT (-114.08956526774864 51.179120600948,-114.08946675668194 51.17906224438863,-114.0893975512095 51.17902633917696,-114.08928199003233 51.17898147977939)","{""type"":""MultiPoint"",""coordinates"":[[-114.0895653,51.1791206],[-114.0894668,51.1790622],[-114.0893976,51.1790263],[-114.089282,51.1789815]]}",POINT (-114.08956526774864 51.179120600948),1254 CARRINGTON BV NW,a,
BP2019-08831,Completed,2019-07-09,2019,2019-08-01,2020-05-28,2020,Commercial / Multi Family Project,Building,1606 - Ths Townhouse,Townhouse,Residential,New,New,New,4 plex row house,TRUMAN HOMES 1995,,TRUMAN HOMES 1995,4,"$670,000",38,38,1274 CARRINGTON BV NW,CAR,CARRINGTON,51.17921041,-114.089679,4,Titled Parcel;Titled Parcel;Titled Parcel;Titled Parcel,1274 CARRINGTON BV NW;1298 CARRINGTON BV NW;1282 CARRINGTON BV NW;1290 CARRINGTON BV NW,"MULTIPOINT (-114.08967898597618 51.17921040911505,-114.08982923918602 51.1794215477434,-114.0897463540081 51.17928676844197,-114.08978170467438 51.179336183720736)","{""type"":""MultiPoint"",""coordinates"":[[-114.089679,51.1792104],[-114.0898292,51.1794215],[-114.0897464,51.1792868],[-114.0897817,51.1793362]]}",POINT (-114.08967898597618 51.17921040911505),1274 CARRINGTON BV NW,a,
BP2022-05156,Completed,2022-04-01,2022,2022-04-29,2023-07-19,2023,Commercial / Multi Family Project,Building,1606 - Ths Townhouse,Townhouse,Residential,New,New,New,5 Plex Rowhouse( Building 1),TRUMAN HOMES 1995,,TRUMAN HOMES 1995,5,"$1,189,086",39,39,#302 14225 1 ST NW,CAR,CARRINGTON,51.18075429,-114.0736785,6,Titled Parcel;Building;Building;Building;Building;Building,14225 1 ST NW;#301 14225 1 ST NW;#303 14225 1 ST NW;#302 14225 1 ST NW;#305 14225 1 ST NW;#304 14225 1 ST NW,"MULTIPOINT (-114.07367847894845 51.180754293317186,-114.07412375883526 51.18111895977526,-114.07429913929789 51.18111966658216,-114.07421406579495 51.18111890252849,-114.07447845432836 51.18112119765785,-114.07439468103017 51.18111960587164)","{""type"":""MultiPoint"",""coordinates"":[[-114.0736785,51.1807543],[-114.0741238,51.181119],[-114.0742991,51.1811197],[-114.0742141,51.1811189],[-114.0744785,51.1811212],[-114.0743947,51.1811196]]}",POINT (-114.07367847894845 51.180754293317186),14225 1 ST NW,a,
BP2022-05158,Completed,2022-04-01,2022,2022-05-02,2023-05-26,2023,Commercial / Multi Family Project,Building,1606 - Ths Townhouse,Townhouse,Residential,New,New,New,5-Plex Rowhouse( Building 2),TRUMAN HOMES 1995,,TRUMAN HOMES 1995,5,"$1,183,808",39,39,#401 14225 1 ST NW,CAR,CARRINGTON,51.18075429,-114.0736785,6,Titled Parcel;Building;Building;Building;Building;Building,14225 1 ST NW;#405 14225 1 ST NW;#401 14225 1 ST NW;#402 14225 1 ST NW;#403 14225 1 ST NW;#404 14225 1 ST NW,"MULTIPOINT (-114.07367847894845 51.180754293317186,-114.07470846984282 51.1809088173419,-114.07470751433497 51.18113174915676,-114.07470742525089 51.18107663444302,-114.0747073388261 51.18102316480995,-114.07470724308784 51.18096393289742)","{""type"":""MultiPoint"",""coordinates"":[[-114.0736785,51.1807543],[-114.0747085,51.1809088],[-114.0747075,51.1811317],[-114.0747074,51.1810766],[-114.0747073,51.1810232],[-114.0747072,51.1809639]]}",POINT (-114.07367847894845 51.180754293317186),14225 1 ST NW,a,
BP2022-05159,Completed,2022-04-01,2022,2022-05-02,2023-07-10,2023,Commercial / Multi Family Project,Building,1606 - Ths Townhouse,Townhouse,Residential,New,New,New,6 Plex Rowhouse (Building 3),TRUMAN HOMES 1995,,TRUMAN HOMES 1995,6,"$1,413,306",39,39,#501 14225 1 ST NW,CAR,CARRINGTON,51.18075429,-114.0736785,7,Titled Parcel;Building;Building;Building;Building;Building;Building,14225 1 ST NW;#505 14225 1 ST NW;#506 14225 1 ST NW;#504 14225 1 ST NW;#502 14225 1 ST NW;#501 14225 1 ST NW;#503 14225 1 ST NW,"MULTIPOINT (-114.07367847894845 51.180754293317186,-114.07471189143449 51.180601148685405,-114.07471441836329 51.18054520525987,-114.07471197786325 51.18065461832236,-114.0747082384794 51.18076567729507,-114.07470833022248 51.18082243709299,-114.07470945092565 51.18071056174679)","{""type"":""MultiPoint"",""coordinates"":[[-114.0736785,51.1807543],[-114.0747119,51.1806011],[-114.0747144,51.1805452],[-114.074712,51.1806546],[-114.0747082,51.1807657],[-114.0747083,51.1808224],[-114.0747095,51.1807106]]}",POINT (-114.07367847894845 51.180754293317186),14225 1 ST NW,a,
BP2022-05161,Completed,2022-04-01,2022,2022-05-02,2023-06-19,2023,Commercial / Multi Family Project,Building,1606 - Ths Townhouse,Townhouse,Residential,New,New,New,4 Plex Rowhouse (Building 4),TRUMAN HOMES 1995,,TRUMAN HOMES 1995,4,"$948,567",39,39,#601 14225 1 ST NW,CAR,CARRINGTON,51.18075429,-114.0736785,5,Titled Parcel;Building;Building;Building;Building,14225 1 ST NW;#604 14225 1 ST NW;#603 14225 1 ST NW;#602 14225 1 ST NW;#601 14225 1 ST NW,"MULTIPOINT (-114.07367847894845 51.180754293317186,-114.07472709417716 51.180291009358776,-114.07472456859978 51.18034777083295,-114.07471942035227 51.18040124381531,-114.07471820792564 51.1804563593666)","{""type"":""MultiPoint"",""coordinates"":[[-114.0736785,51.1807543],[-114.0747271,51.180291],[-114.0747246,51.1803478],[-114.0747194,51.1804012],[-114.0747182,51.1804564]]}",POINT (-114.07367847894845 51.180754293317186),14225 1 ST NW,a,
BP2022-05162,Completed,2022-04-01,2022,2022-05-02,2023-07-19,2023,Commercial / Multi Family Project,Building,1606 - Ths Townhouse,Townhouse,Residential,New,New,New,6-Plex Rowhouse (Building 5),TRUMAN HOMES 1995,,TRUMAN HOMES 1995,6,"$1,413,387",39,39,#701 14225 1 ST NW,CAR,CARRINGTON,51.18075429,-114.0736785,7,Titled Parcel;Building;Building;Building;Building;Building;Building,14225 1 ST NW;#703 14225 1 ST NW;#705 14225 1 ST NW;#704 14225 1 ST NW;#701 14225 1 ST NW;#706 14225 1 ST NW;#702 14225 1 ST NW,"MULTIPOINT (-114.07367847894845 51.180754293317186,-114.07434232760231 51.180306887256016,-114.0741591021558 51.18030864861698,-114.07425595803309 51.180308587186396,-114.07451247930548 51.18030430689861,-114.07407533428857 51.180309519728645,-114.07442739564648 51.18030518808982)","{""type"":""MultiPoint"",""coordinates"":[[-114.0736785,51.1807543],[-114.0743423,51.1803069],[-114.0741591,51.1803086],[-114.074256,51.1803086],[-114.0745125,51.1803043],[-114.0740753,51.1803095],[-114.0744274,51.1803052]]}",POINT (-114.07367847894845 51.180754293317186),14225 1 ST NW,a,
BP2022-05165,Completed,2022-04-01,2022,2022-05-02,2023-05-26,2023,Commercial / Multi Family Project,Building,1606 - Ths Townhouse,Townhouse,Residential,New,New,New,7 Plex Rowhouse (Building 6),TRUMAN HOMES 1995,,TRUMAN HOMES 1995,7,"$1,658,799",39,39,14215 1 ST NW,CAR,CARRINGTON,51.18075429,-114.0736785,8,Titled Parcel;Building;Building;Building;Building;Building;Building;Building,14225 1 ST NW;14215 1 ST NW;14211 1 ST NW;14213 1 ST NW;14209 1 ST NW;14219 1 ST NW;14221 1 ST NW;14217 1 ST NW,"MULTIPOINT (-114.07367847894845 51.180754293317186,-114.0738059613696 51.180461055583606,-114.07380577878173 51.180346708942345,-114.07380456396078 51.1804010064392,-114.0738056973353 51.18029570242886,-114.07380351609652 51.180568823548256,-114.07380491993128 51.180623937437915,-114.07380474785222 51.180516171125305)","{""type"":""MultiPoint"",""coordinates"":[[-114.0736785,51.1807543],[-114.073806,51.1804611],[-114.0738058,51.1803467],[-114.0738046,51.180401],[-114.0738057,51.1802957],[-114.0738035,51.1805688],[-114.0738049,51.1806239],[-114.0738047,51.1805162]]}",POINT (-114.07367847894845 51.180754293317186),14215 1 ST NW,a,
BP2022-05168,Completed,2022-04-01,2022,2022-05-02,2023-07-19,2023,Commercial / Multi Family Project,Building,1606 - Ths Townhouse,Townhouse,Residential,New,New,New,7 Plex Rowhouse(Building 7),TRUMAN HOMES 1995,,TRUMAN HOMES 1995,7,"$1,658,799",39,39,14235 1 ST NW,CAR,CARRINGTON,51.18075429,-114.0736785,8,Titled Parcel;Building;Building;Building;Building;Building;Building;Building,14225 1 ST NW;14235 1 ST NW;14233 1 ST NW;14231 1 ST NW;14241 1 ST NW;14237 1 ST NW;14229 1 ST NW;14239 1 ST NW,"MULTIPOINT (-114.07367847894845 51.180754293317186,-114.07380153971961 51.180970260992545,-114.07380406253068 51.18091103641678,-114.07380397977826 51.18085921186235,-114.07380311696326 51.18113396821694,-114.07380294357905 51.18102538386794,-114.07380389045186 51.180803270109514,-114.07380171179399 51.181078027296735)","{""type"":""MultiPoint"",""coordinates"":[[-114.0736785,51.1807543],[-114.0738015,51.1809703],[-114.0738041,51.180911],[-114.073804,51.1808592],[-114.0738031,51.181134],[-114.0738029,51.1810254],[-114.0738039,51.1808033],[-114.0738017,51.181078]]}",POINT (-114.07367847894845 51.180754293317186),14235 1 ST NW,a,
BP2022-05169,Completed,2022-04-01,2022,2022-05-02,2023-06-15,2023,Commercial / Multi Family Project,Building,1606 - Ths Townhouse,Townhouse,Residential,New,New,New,4-plex Rowhouse( Building 8),TRUMAN HOMES 1995,,TRUMAN HOMES 1995,4,"$953,846",39,39,#202 14225 1 ST NW,CAR,CARRINGTON,51.18075429,-114.0736785,5,Titled Parcel;Building;Building;Building;Building,14225 1 ST NW;#203 14225 1 ST NW;#204 14225 1 ST NW;#201 14225 1 ST NW;#202 14225 1 ST NW,"MULTIPOINT (-114.07367847894845 51.180754293317186,-114.07428045536679 51.180894284111105,-114.07436682734571 51.180893402208206,-114.07409984232508 51.180894398637086,-114.07419276489156 51.18089351271386)","{""type"":""MultiPoint"",""coordinates"":[[-114.0736785,51.1807543],[-114.0742805,51.1808943],[-114.0743668,51.1808934],[-114.0740998,51.1808944],[-114.0741928,51.1808935]]}",POINT (-114.07367847894845 51.180754293317186),14225 1 ST NW,a,
BP2022-05170,Completed,2022-04-01,2022,2022-05-02,2023-07-10,2023,Commercial / Multi Family Project,Building,1606 - Ths Townhouse,Townhouse,Residential,New,New,New,4 Plex Rowhouse (Building 9),TRUMAN HOMES 1995,,TRUMAN HOMES 1995,4,"$953,846",39,39,#102 14225 1 ST NW,CAR,CARRINGTON,51.18075429,-114.0736785,5,Titled Parcel;Building;Building;Building;Building,14225 1 ST NW;#104 14225 1 ST NW;#103 14225 1 ST NW;#101 14225 1 ST NW;#102 14225 1 ST NW,"MULTIPOINT (-114.07367847894845 51.180754293317186,-114.07436100630144 51.18052897957727,-114.07427463631792 51.180530679521546,-114.07409663171003 51.180533264506266,-114.07419218256494 51.180530731835766)","{""type"":""MultiPoint"",""coordinates"":[[-114.0736785,51.1807543],[-114.074361,51.180529],[-114.0742746,51.1805307],[-114.0740966,51.1805333],[-114.0741922,51.1805307]]}",POINT (-114.07367847894845 51.180754293317186),14225 1 ST NW,a,
BP2019-16239,Completed,2019-11-29,2019,2019-12-13,2021-02-23,2021,Commercial / Multi Family Project,Building,1606 - Ths Townhouse,Townhouse,Residential,New,New,New,Group C 6 Unit Rowhouse  Building #7,,HOMES BY AVI (CANADA),HOMES BY AVI (CANADA),6,"$913,461",40,40,148 CARRINGTON BV NW,CAR,CARRINGTON,51.18140465,-114.0758376,6,Titled Parcel;Titled Parcel;Titled Parcel;Titled Parcel;Titled Parcel;Titled Parcel,136 CARRINGTON BV NW;144 CARRINGTON BV NW;128 CARRINGTON BV NW;148 CARRINGTON BV NW;132 CARRINGTON BV NW;140 CARRINGTON BV NW,"MULTIPOINT (-114.07583758722691 51.18140465423879,-114.07583743972666 51.181314759099514,-114.07583775685316 51.18150803364723,-114.07584182752313 51.18125182959013,-114.07583766835238 51.1814540965648,-114.07583751347669 51.181359706669326)","{""type"":""MultiPoint"",""coordinates"":[[-114.0758376,51.1814047],[-114.0758374,51.1813148],[-114.0758378,51.181508],[-114.0758418,51.1812518],[-114.0758377,51.1814541],[-114.0758375,51.1813597]]}",POINT (-114.07583758722691 51.18140465423879),148 CARRINGTON BV NW,a,
BP2019-16118,Completed,2019-11-28,2019,2019-12-13,2020-10-06,2020,Commercial / Multi Family Project,Building,1606 - Ths Townhouse,Townhouse,Residential,New,New,New,Group C 6 Unit Rowhouse Building #5,,HOMES BY AVI (CANADA),HOMES BY AVI (CANADA),6,"$834,334",40,40,44 CARRINGVUE WY NW,CAR,CARRINGTON,51.18162426,-114.0768103,7,Titled Parcel;Titled Parcel;Titled Parcel;Titled Parcel;Titled Parcel;Titled Parcel;Building,36 CARRINGVUE WY NW;52 CARRINGVUE WY NW;32 CARRINGVUE WY NW;40 CARRINGVUE WY NW;44 CARRINGVUE WY NW;48 CARRINGVUE WY NW;44 CARRINGVUE WY NW,"MULTIPOINT (-114.07681025363893 51.18162426305954,-114.07681056053407 51.18181753760199,-114.0768101640029 51.18157032597939,-114.07681032833582 51.181669210625934,-114.07681038873008 51.18171415820139,-114.07681047089709 51.18176360052365,-114.0766853983491 51.1817155167014)","{""type"":""MultiPoint"",""coordinates"":[[-114.0768103,51.1816243],[-114.0768106,51.1818175],[-114.0768102,51.1815703],[-114.0768103,51.1816692],[-114.0768104,51.1817142],[-114.0768105,51.1817636],[-114.0766854,51.1817155]]}",POINT (-114.07681025363893 51.18162426305954),44 CARRINGVUE WY NW,a,
BP2019-16110,Completed,2019-11-28,2019,2019-12-18,2020-08-04,2020,Commercial / Multi Family Project,Building,1606 - Ths Townhouse,Townhouse,Residential,New,New,New,"The scope of this building permit is a new 6-unit rowhouse complex (approx. 7349 ft2) w/o garages; located at 56, 60, 64, 68, 72, 76,  CARRINGVUE WY NW. A.K.A. Building 4",,HOMES BY AVI (CANADA),HOMES BY AVI (CANADA),6,"$922,128",40,40,76 CARRINGVUE WY NW,CAR,CARRINGTON,51.18197935,-114.0768108,6,Titled Parcel;Titled Parcel;Titled Parcel;Titled Parcel;Titled Parcel;Titled Parcel,64 CARRINGVUE WY NW;68 CARRINGVUE WY NW;56 CARRINGVUE WY NW;72 CARRINGVUE WY NW;60 CARRINGVUE WY NW;76 CARRINGVUE WY NW,"MULTIPOINT (-114.07681082944674 51.18197934883404,-114.07681090414515 51.1820242963977,-114.07681065764113 51.181875969436305,-114.0768109863136 51.18207373871733,-114.07681075474852 51.181934401270034,-114.07681107595221 51.1821276757928)","{""type"":""MultiPoint"",""coordinates"":[[-114.0768108,51.1819793],[-114.0768109,51.1820243],[-114.0768107,51.181876],[-114.076811,51.1820737],[-114.0768108,51.1819344],[-114.0768111,51.1821277]]}",POINT (-114.07681082944674 51.18197934883404),76 CARRINGVUE WY NW,a,
BP2019-16105,Completed,2019-11-28,2019,2019-12-18,2020-08-26,2020,Commercial / Multi Family Project,Building,1606 - Ths Townhouse,Townhouse,Residential,New,New,New,"The scope of this building permit is a new 6-unit rowhouse complex (approx. 683 m2) w/o garages; located at 80, 84, 88, 92, 96, 100 CARRINGTON BV NW Â¿ A.K.A. Building 9.",,HOMES BY AVI (CANADA),HOMES BY AVI (CANADA),6,"$912,139",40,40,100 CARRINGTON BV NW,CAR,CARRINGTON,51.18202943,-114.0758386,6,Titled Parcel;Titled Parcel;Titled Parcel;Titled Parcel;Titled Parcel;Titled Parcel,88 CARRINGTON BV NW;92 CARRINGTON BV NW;96 CARRINGTON BV NW;100 CARRINGTON BV NW;84 CARRINGTON BV NW;80 CARRINGTON BV NW,"MULTIPOINT (-114.0758385980718 51.18202942542764,-114.07583852431894 51.18198447786301,-114.07583844319102 51.181935035541514,-114.0758383546881 51.18188109846303,-114.07583867182484 51.18207437299194,-114.07583876032874 51.18212831006863)","{""type"":""MultiPoint"",""coordinates"":[[-114.0758386,51.1820294],[-114.0758385,51.1819845],[-114.0758384,51.181935],[-114.0758384,51.1818811],[-114.0758387,51.1820744],[-114.0758388,51.1821283]]}",POINT (-114.0758385980718 51.18202942542764),100 CARRINGTON BV NW,a,
BP2019-05157,Completed,2019-05-06,2019,2019-05-16,2019-11-07,2019,Commercial / Multi Family Project,Building,1606 - Ths Townhouse,Townhouse,Residential,New,New,New,"6 Unit Residential 2 Storey Rowhouse, Group C",,HOMES BY AVI (CANADA),HOMES BY AVI (CANADA),6,"$912,776",40,40,92 CARRINGVUE WY NW,CAR,CARRINGTON,51.18243781,-114.0768116,12,Titled Parcel;Titled Parcel;Titled Parcel;Titled Parcel;Titled Parcel;Titled Parcel;Building;Building;Building;Building;Building;Building,100 CARRINGVUE WY NW;96 CARRINGVUE WY NW;80 CARRINGVUE WY NW;88 CARRINGVUE WY NW;92 CARRINGVUE WY NW;84 CARRINGVUE WY NW;84 CARRINGVUE WY NW;96 CARRINGVUE WY NW;92 CARRINGVUE WY NW;100 CARRINGVUE WY NW;80 CARRINGVUE WY NW;88 CARRINGVUE WY NW,"MULTIPOINT (-114.07681157707643 51.18243781397646,-114.07681148743626 51.18238387690385,-114.07681117306099 51.18218610762399,-114.07681134486964 51.18228948701622,-114.07681140526634 51.18233443458687,-114.07681127017011 51.182244539454615,-114.0766902363784 51.182243540106995,-114.07668933671737 51.18238232093815,-114.07668869179001 51.18233844350407,-114.07669337503592 51.18242834464335,-114.07668845143303 51.18219358650208,-114.0766886124514 51.182290628288285)","{""type"":""MultiPoint"",""coordinates"":[[-114.0768116,51.1824378],[-114.0768115,51.1823839],[-114.0768112,51.1821861],[-114.0768113,51.1822895],[-114.0768114,51.1823344],[-114.0768113,51.1822445],[-114.0766902,51.1822435],[-114.0766893,51.1823823],[-114.0766887,51.1823384],[-114.0766934,51.1824283],[-114.0766885,51.1821936],[-114.0766886,51.1822906]]}",POINT (-114.07681157707643 51.18243781397646),92 CARRINGVUE WY NW,a,
BP2022-20067,Completed,2022-12-14,2022,2023-01-24,2023-08-23,2023,Commercial / Multi Family Project,Building,1606 - Ths Townhouse,Townhouse,Residential,New,New,New,New 4 - Unit Rowhouse (Bldg 13),,HOMES BY AVI (CANADA),HOMES BY AVI (CANADA),4,"$756,278",41,41,243 142 AV NW,CAR,CARRINGTON,51.18151788,-114.0745055,4,Titled Parcel;Titled Parcel;Titled Parcel;Titled Parcel,243 142 AV NW;247 142 AV NW;255 142 AV NW;251 142 AV NW,"MULTIPOINT (-114.07450548219435 51.18151787913208,-114.07459469587303 51.18152231704946,-114.0747601433882 51.18152670621294,-114.07467313231328 51.181522267015986)","{""type"":""MultiPoint"",""coordinates"":[[-114.0745055,51.1815179],[-114.0745947,51.1815223],[-114.0747601,51.1815267],[-114.0746731,51.1815223]]}",POINT (-114.07450548219435 51.18151787913208),243 142 AV NW,a,
BP2022-19647,Completed,2022-12-02,2022,2023-03-20,2023-09-19,2023,Commercial / Multi Family Project,Building,1606 - Ths Townhouse,Townhouse,Residential,New,New,New,"New 5 unit Rowhouse, Building 12",,HOMES BY AVI (CANADA),HOMES BY AVI (CANADA),5,"$892,466",41,41,231 142 AV NW,CAR,CARRINGTON,51.18151794,-114.0744055,10,Titled Parcel;Titled Parcel;Titled Parcel;Titled Parcel;Titled Parcel;Building;Building;Building;Building;Building,239 142 AV NW;223 142 AV NW;227 142 AV NW;235 142 AV NW;231 142 AV NW;239 142 AV NW;235 142 AV NW;231 142 AV NW;223 142 AV NW;227 142 AV NW,"MULTIPOINT (-114.0744055343835 51.18151794273495,-114.07407023436221 51.18151815548308,-114.07415942648532 51.18151809898441,-114.0743163279584 51.18151799943031,-114.07423787722198 51.18151804923367,-114.07440268000683 51.18145070291632,-114.07431563628973 51.181452538161494,-114.0742371122447 51.18145140139384,-114.0740668226658 51.18145091600919,-114.07415575624319 51.1814502573789)","{""type"":""MultiPoint"",""coordinates"":[[-114.0744055,51.1815179],[-114.0740702,51.1815182],[-114.0741594,51.1815181],[-114.0743163,51.181518],[-114.0742379,51.181518],[-114.0744027,51.1814507],[-114.0743156,51.1814525],[-114.0742371,51.1814514],[-114.0740668,51.1814509],[-114.0741558,51.1814503]]}",POINT (-114.0744055343835 51.18151794273495),231 142 AV NW,a,
BP2022-17330,Completed,2022-10-12,2022,2022-10-27,2023-06-28,2023,Commercial / Multi Family Project,Building,1606 - Ths Townhouse,Townhouse,Residential,New,New,New,New 4 - Unit Rowhouse (Bldg 11),,HOMES BY AVI (CANADA),HOMES BY AVI (CANADA),4,"$696,788",41,41,207 142 AV NW,CAR,CARRINGTON,51.18151839,-114.073702,4,Titled Parcel;Titled Parcel;Titled Parcel;Titled Parcel,207 142 AV NW;219 142 AV NW;211 142 AV NW;215 142 AV NW,"MULTIPOINT (-114.07370196643328 51.18151838804212,-114.07397028654977 51.181518218714146,-114.07380262938558 51.18151832458918,-114.07388108012327 51.181518275077664)","{""type"":""MultiPoint"",""coordinates"":[[-114.073702,51.1815184],[-114.0739703,51.1815182],[-114.0738026,51.1815183],[-114.0738811,51.1815183]]}",POINT (-114.07370196643328 51.18151838804212),207 142 AV NW,a,
BP2022-05455,Completed,2022-04-06,2022,2022-05-03,2023-02-13,2023,Commercial / Multi Family Project,Building,1606 - Ths Townhouse,Townhouse,Residential,New,New,New,"A new 4 unit rowhouse, Part 9, Group C occupancy",,HOMES BY AVI (CANADA),HOMES BY AVI (CANADA),4,"$664,600",41,41,256 142 AV NW,CAR,CARRINGTON,51.18181887,-114.0747604,4,Titled Parcel;Titled Parcel;Titled Parcel;Titled Parcel,256 142 AV NW;252 142 AV NW;248 142 AV NW;244 142 AV NW,"MULTIPOINT (-114.07476038711475 51.181818865553325,-114.07467330419638 51.18182341592522,-114.07459485294217 51.181823465968144,-114.07450565317339 51.181828017564825)","{""type"":""MultiPoint"",""coordinates"":[[-114.0747604,51.1818189],[-114.0746733,51.1818234],[-114.0745949,51.1818235],[-114.0745057,51.181828]]}",POINT (-114.07476038711475 51.181818865553325),256 142 AV NW,a,
BP2022-09679,Completed,2022-06-06,2022,2022-07-06,2023-04-18,2023,Commercial / Multi Family Project,Building,1606 - Ths Townhouse,Townhouse,Residential,New,New,New,New 5 Unit Rowhouse (Bldg 9),,HOMES BY AVI (CANADA),HOMES BY AVI (CANADA),5,"$884,568",41,41,236 142 AV NW,CAR,CARRINGTON,51.18183273,-114.0741596,10,Titled Parcel;Titled Parcel;Titled Parcel;Titled Parcel;Titled Parcel;Building;Building;Building;Building;Building,228 142 AV NW;224 142 AV NW;236 142 AV NW;232 142 AV NW;240 142 AV NW;224 142 AV NW;236 142 AV NW;232 142 AV NW;228 142 AV NW;240 142 AV NW,"MULTIPOINT (-114.07415960235423 51.18183273217539,-114.07407039532107 51.181832788683494,-114.07431649766818 51.18182813786385,-114.07423804640534 51.181828187667534,-114.07440570469187 51.18182808116811,-114.07423464790568 51.181894002119115,-114.07423464790568 51.181894002119115,-114.07423464790568 51.181894002119115,-114.07423464790568 51.181894002119115,-114.07423464790568 51.181894002119115)","{""type"":""MultiPoint"",""coordinates"":[[-114.0741596,51.1818327],[-114.0740704,51.1818328],[-114.0743165,51.1818281],[-114.074238,51.1818282],[-114.0744057,51.1818281],[-114.0742346,51.181894],[-114.0742346,51.181894],[-114.0742346,51.181894],[-114.0742346,51.181894],[-114.0742346,51.181894]]}",POINT (-114.07415960235423 51.18183273217539),236 142 AV NW,a,
BP2022-17321,Completed,2022-10-12,2022,2022-10-27,2023-07-20,2023,Commercial / Multi Family Project,Building,1606 - Ths Townhouse,Townhouse,Residential,New,New,New,New 4-Unit Rowhouse (Bldg 10),,HOMES BY AVI (CANADA),HOMES BY AVI (CANADA),4,"$681,808",41,41,220 142 AV NW,CAR,CARRINGTON,51.18183291,-114.0738813,4,Titled Parcel;Titled Parcel;Titled Parcel;Titled Parcel,216 142 AV NW;212 142 AV NW;208 142 AV NW;220 142 AV NW,"MULTIPOINT (-114.07388125409734 51.181832908269826,-114.07380280282563 51.18183295778167,-114.07370388413887 51.18183302013585,-114.07397044682824 51.18183285191497)","{""type"":""MultiPoint"",""coordinates"":[[-114.0738813,51.1818329],[-114.0738028,51.181833],[-114.0737039,51.181833],[-114.0739704,51.1818329]]}",POINT (-114.07388125409734 51.181832908269826),220 142 AV NW,a,
BP2022-05338,Completed,2022-04-05,2022,2022-05-09,2023-03-31,2023,Commercial / Multi Family Project,Building,1606 - Ths Townhouse,Townhouse,Residential,New,New,New,"A new 6 unit rowhouse, Part 9, Group C occupancy",,HOMES BY AVI (CANADA),HOMES BY AVI (CANADA),6,"$992,321",41,41,81 CARRINGTON BV NW,CAR,CARRINGTON,51.18200278,-114.0753381,6,Titled Parcel;Titled Parcel;Titled Parcel;Titled Parcel;Titled Parcel;Titled Parcel,89 CARRINGTON BV NW;85 CARRINGTON BV NW;97 CARRINGTON BV NW;81 CARRINGTON BV NW;93 CARRINGTON BV NW;101 CARRINGTON BV NW,"MULTIPOINT (-114.07533806578557 51.182002780224344,-114.0753381463784 51.182052222545835,-114.07533791890349 51.181903895570876,-114.07533824895144 51.18211514913622,-114.07533798519297 51.18195333790242,-114.07533411153693 51.181831981840936)","{""type"":""MultiPoint"",""coordinates"":[[-114.0753381,51.1820028],[-114.0753381,51.1820522],[-114.0753379,51.1819039],[-114.0753382,51.1821151],[-114.075338,51.1819533],[-114.0753341,51.181832]]}",POINT (-114.07533806578557 51.182002780224344),81 CARRINGTON BV NW,a,
BP2018-01560,Completed,2018-02-14,2018,2018-07-24,2019-05-17,2019,Commercial / Multi Family Project,Building,1606 - Ths Townhouse,Townhouse,Residential,New,New,New,CB05 - 4 unit row house,BMP CONSTRUCTION MANAGEMENT,,,4,"$1,144,118",42,42,#1 1818 5 ST SW,CLI,CLIFF BUNGALOW,51.03641649,-114.0740085,5,Titled Parcel;Building;Building;Building;Building,1818 5 ST SW;#1 1818 5 ST SW;#2 1818 5 ST SW;#4 1818 5 ST SW;#3 1818 5 ST SW,"MULTIPOINT (-114.07400853491221 51.03641649124643,-114.07392776502736 51.03639990234309,-114.07383761054514 51.0363994648998,-114.0736712489588 51.03640046886054,-114.07375386244175 51.036401864104505)","{""type"":""MultiPoint"",""coordinates"":[[-114.0740085,51.0364165],[-114.0739278,51.0363999],[-114.0738376,51.0363995],[-114.0736712,51.0364005],[-114.0737539,51.0364019]]}",POINT (-114.07400853491221 51.03641649124643),1818 5 ST SW,a,
BP2021-09908,Completed,2021-06-04,2021,2021-07-06,2023-07-31,2023,Commercial / Multi Family Project,Building,1606 - Ths Townhouse,Townhouse,Residential,New,New,New,"Part 9, 6 Unit Rowhouse building",KNIGHTSBRIDGE CUSTOM HOME BUILDERS,,KNIGHTSBRIDGE CUSTOM HOME BUILDERS,6,"$1,735,458",43,43,2222 5 ST SW,CLI,CLIFF BUNGALOW,51.03258709,-114.0736427,7,Titled Parcel;Building;Building;Building;Building;Building;Building,2214 5 ST SW;2222 5 ST SW;2218 5 ST SW;2220 5 ST SW;2216 5 ST SW;2224 5 ST SW;538 23 AV SW,"MULTIPOINT (-114.0736427339521 51.03258708863986,-114.0736838827589 51.03270610501635,-114.07368744405821 51.03280314715585,-114.0736851081766 51.032759620244256,-114.07368638383409 51.0328538050825,-114.07368380468222 51.03265686818714,-114.07368372546534 51.03260691217796)","{""type"":""MultiPoint"",""coordinates"":[[-114.0736427,51.0325871],[-114.0736839,51.0327061],[-114.0736874,51.0328031],[-114.0736851,51.0327596],[-114.0736864,51.0328538],[-114.0736838,51.0326569],[-114.0736837,51.0326069]]}",POINT (-114.0736427339521 51.03258708863986),2222 5 ST SW,a,
BP2017-13702,Completed,2017-10-12,2017,2017-11-16,2018-04-13,2018,Commercial / Multi Family Project,Building,1606 - Ths Townhouse,Townhouse,Residential,New,New,New,Cornerstone Row Houses - Building 1,JAYMAN BUILT,,,5,"$860,600",44,44,1621 CORNERSTONE BV NE,CNS,CORNERSTONE,51.16293955,-113.9384626,5,Titled Parcel;Titled Parcel;Titled Parcel;Titled Parcel;Titled Parcel,1633 CORNERSTONE BV NE;1629 CORNERSTONE BV NE;1625 CORNERSTONE BV NE;1621 CORNERSTONE BV NE;1637 CORNERSTONE BV NE,"MULTIPOINT (-113.93846260454293 51.16293955059963,-113.93846261911993 51.16288561329878,-113.93846263369682 51.16283167599744,-113.9384672186348 51.162759761996355,-113.93846259230205 51.163002477452494)","{""type"":""MultiPoint"",""coordinates"":[[-113.9384626,51.1629396],[-113.9384626,51.1628856],[-113.9384626,51.1628317],[-113.9384672,51.1627598],[-113.9384626,51.1630025]]}",POINT (-113.93846260454293 51.16293955059963),1621 CORNERSTONE BV NE,a,
BP2021-20467,Completed,2021-11-30,2021,2022-01-24,2022-11-23,2022,Commercial / Multi Family Project,Building,1606 - Ths Townhouse,Townhouse,Residential,New,New,New,Part 9 Townhouse - Building 10,NORR ARCHITECTS ENGINEERS PLANNERS,,CORNERHAVEN MULTI-FAMILY,5,"$1,081,803",45,45,210 CORNER GLEN CI NE,CNS,CORNERSTONE,51.15321636,-113.9366243,6,Titled Parcel;Building;Building;Building;Building;Building,50 CORNER MEADOWS MR NE;202 CORNER GLEN CI NE;206 CORNER GLEN CI NE;210 CORNER GLEN CI NE;208 CORNER GLEN CI NE;204 CORNER GLEN CI NE,"MULTIPOINT (-113.93662430241723 51.153216361146576,-113.93731417247882 51.153535242191396,-113.93731744204308 51.153632996482784,-113.93730936395927 51.15372932434015,-113.9373162431979 51.15368437120869,-113.93731523887946 51.15358161993341)","{""type"":""MultiPoint"",""coordinates"":[[-113.9366243,51.1532164],[-113.9373142,51.1535352],[-113.9373174,51.153633],[-113.9373094,51.1537293],[-113.9373162,51.1536844],[-113.9373152,51.1535816]]}",POINT (-113.93662430241723 51.153216361146576),210 CORNER GLEN CI NE,a,
BP2021-19063,Completed,2021-11-04,2021,2021-12-01,2022-11-16,2022,Commercial / Multi Family Project,Building,1606 - Ths Townhouse,Townhouse,Residential,New,New,New,Part 9 - Row House,NORR ARCHITECTS ENGINEERS PLANNERS,,SHANE HOMES,5,"$1,091,688",45,45,876 CORNERSTONE BV NE,CNS,CORNERSTONE,51.15321636,-113.9366243,6,Titled Parcel;Building;Building;Building;Building;Building,50 CORNER MEADOWS MR NE;884 CORNERSTONE BV NE;880 CORNERSTONE BV NE;878 CORNERSTONE BV NE;882 CORNERSTONE BV NE;876 CORNERSTONE BV NE,"MULTIPOINT (-113.93662430241723 51.153216361146576,-113.93766694475762 51.15401792765677,-113.93767464581859 51.15391446186384,-113.93766999359606 51.153866302283255,-113.93767080884622 51.1539614392878,-113.93766721874591 51.153814565855406)","{""type"":""MultiPoint"",""coordinates"":[[-113.9366243,51.1532164],[-113.9376669,51.1540179],[-113.9376746,51.1539145],[-113.93767,51.1538663],[-113.9376708,51.1539614],[-113.9376672,51.1538146]]}",POINT (-113.93662430241723 51.153216361146576),876 CORNERSTONE BV NE,a,
BP2021-19131,Completed,2021-11-04,2021,2021-12-01,2022-11-23,2022,Commercial / Multi Family Project,Building,1606 - Ths Townhouse,Townhouse,Residential,New,New,New,Part 9 - Row House,NORR ARCHITECTS ENGINEERS PLANNERS,,SHANE HOMES,6,"$1,265,445",45,45,6505 COUNTRY HILLS BV NE,CNS,CORNERSTONE,51.15321636,-113.9366243,7,Titled Parcel;Building;Building;Building;Building;Building;Building,50 CORNER MEADOWS MR NE;6507 COUNTRY HILLS BV NE;6515 COUNTRY HILLS BV NE;6511 COUNTRY HILLS BV NE;6509 COUNTRY HILLS BV NE;6505 COUNTRY HILLS BV NE;6513 COUNTRY HILLS BV NE,"MULTIPOINT (-113.93662430241723 51.153216361146576,-113.93726515562491 51.15397965104802,-113.93695219777115 51.15397888947868,-113.93711387940625 51.15397956982073,-113.93719329995977 51.153978425867116,-113.93734362872362 51.153981482030325,-113.9370344596441 51.15398012939909)","{""type"":""MultiPoint"",""coordinates"":[[-113.9366243,51.1532164],[-113.9372652,51.1539797],[-113.9369522,51.1539789],[-113.9371139,51.1539796],[-113.9371933,51.1539784],[-113.9373436,51.1539815],[-113.9370345,51.1539801]]}",POINT (-113.93662430241723 51.153216361146576),6505 COUNTRY HILLS BV NE,a,
BP2022-00534,Completed,2022-01-13,2022,2022-02-22,2023-03-16,2023,Commercial / Multi Family Project,Building,1606 - Ths Townhouse,Townhouse,Residential,New,New,New,Part 9 - Row House - 6 units,NORR ARCHITECTS ENGINEERS PLANNERS,,SHANE HOMES,7,"$1,433,775",45,45,6533 COUNTRY HILLS BV NE,CNS,CORNERSTONE,51.15321636,-113.9366243,8,Titled Parcel;Building;Building;Building;Building;Building;Building;Building,50 CORNER MEADOWS MR NE;6525 COUNTRY HILLS BV NE;6531 COUNTRY HILLS BV NE;6521 COUNTRY HILLS BV NE;6529 COUNTRY HILLS BV NE;6523 COUNTRY HILLS BV NE;6527 COUNTRY HILLS BV NE;6533 COUNTRY HILLS BV NE,"MULTIPOINT (-113.93662430241723 51.153216361146576,-113.93666381177091 51.15397814037886,-113.93642744261189 51.153977418848804,-113.93682645192476 51.15397822832584,-113.93651537930364 51.15397865322857,-113.9367375718038 51.153976993669694,-113.93658817918556 51.153979286026455,-113.93635370585574 51.1539720299611)","{""type"":""MultiPoint"",""coordinates"":[[-113.9366243,51.1532164],[-113.9366638,51.1539781],[-113.9364274,51.1539774],[-113.9368265,51.1539782],[-113.9365154,51.1539787],[-113.9367376,51.153977],[-113.9365882,51.1539793],[-113.9363537,51.153972]]}",POINT (-113.93662430241723 51.153216361146576),6533 COUNTRY HILLS BV NE,a,
BP2022-03741,Completed,2022-03-13,2022,2022-05-12,2023-08-18,2023,Commercial / Multi Family Project,Building,1606 - Ths Townhouse,Townhouse,Residential,New,New,New,Part 9 - Row House,NORR ARCHITECTS ENGINEERS PLANNERS,,SHANE HOMES,5,"$1,080,700",45,45,424 CORNER GLEN CI NE,CNS,CORNERSTONE,51.15321636,-113.9366243,7,Titled Parcel;Titled Parcel;Building;Building;Building;Building;Building,50 CORNER MEADOWS MR NE;414 CORNER GLEN CI NE;422 CORNER GLEN CI NE;416 CORNER GLEN CI NE;424 CORNER GLEN CI NE;418 CORNER GLEN CI NE;420 CORNER GLEN CI NE,"MULTIPOINT (-113.93662430241723 51.153216361146576,-113.9362639768487 51.15374654977207,-113.93636557301483 51.153585386210864,-113.93636877874708 51.15372809731176,-113.93636679014978 51.15353187198687,-113.93637111530533 51.15368172141317,-113.93636777904338 51.153633913087475)","{""type"":""MultiPoint"",""coordinates"":[[-113.9366243,51.1532164],[-113.936264,51.1537465],[-113.9363656,51.1535854],[-113.9363688,51.1537281],[-113.9363668,51.1535319],[-113.9363711,51.1536817],[-113.9363678,51.1536339]]}",POINT (-113.93662430241723 51.153216361146576),424 CORNER GLEN CI NE,a,
BP2022-03770,Completed,2022-03-14,2022,2022-05-17,2023-06-02,2023,Commercial / Multi Family Project,Building,1606 - Ths Townhouse,Townhouse,Residential,New,New,New,Part 9 - Row House - Cornerhaven Townhomes - Bldg 3,NORR ARCHITECTS ENGINEERS PLANNERS,,SHANE HOMES,6,"$1,271,484",45,45,425 CORNER GLEN CI NE,CNS,CORNERSTONE,51.15321636,-113.9366243,8,Titled Parcel;Titled Parcel;Building;Building;Building;Building;Building;Building,50 CORNER MEADOWS MR NE;427 CORNER GLEN CI NE;417 CORNER GLEN CI NE;421 CORNER GLEN CI NE;423 CORNER GLEN CI NE;419 CORNER GLEN CI NE;425 CORNER GLEN CI NE;415 CORNER GLEN CI NE,"MULTIPOINT (-113.93662430241723 51.153216361146576,-113.9361109706837 51.15346778976264,-113.93599557829367 51.15367152913154,-113.93599117735756 51.153577334052365,-113.93599465537447 51.153522391728195,-113.93599564838432 51.15362086397687,-113.93599697208356 51.153480294857964,-113.9360000468524 51.15372718597798)","{""type"":""MultiPoint"",""coordinates"":[[-113.9366243,51.1532164],[-113.936111,51.1534678],[-113.9359956,51.1536715],[-113.9359912,51.1535773],[-113.9359947,51.1535224],[-113.9359956,51.1536209],[-113.935997,51.1534803],[-113.936,51.1537272]]}",POINT (-113.93662430241723 51.153216361146576),425 CORNER GLEN CI NE,a,
BP2022-05671,Completed,2022-04-10,2022,2022-05-11,2023-10-03,2023,Commercial / Multi Family Project,Building,1606 - Ths Townhouse,Townhouse,Residential,New,New,New,Part 9.10.15. RowHouse,NORR ARCHITECTS ENGINEERS PLANNERS,,SHANE HOMES,7,"$1,513,291",45,45,30 CORNER MEADOWS MR NE,CNS,CORNERSTONE,51.15321636,-113.9366243,9,Titled Parcel;Titled Parcel;Building;Building;Building;Building;Building;Building;Building,50 CORNER MEADOWS MR NE;16 CORNER MEADOWS MR NE;22 CORNER MEADOWS MR NE;24 CORNER MEADOWS MR NE;28 CORNER MEADOWS MR NE;18 CORNER MEADOWS MR NE;30 CORNER MEADOWS MR NE;20 CORNER MEADOWS MR NE;26 CORNER MEADOWS MR NE,"MULTIPOINT (-113.93662430241723 51.153216361146576,-113.9377487197807 51.15321247014821,-113.93756082146989 51.15327836241041,-113.9374723114271 51.15327926802645,-113.93732579870729 51.153278236724894,-113.9377180118509 51.15327939910321,-113.93724644984155 51.153280108961695,-113.93763866557968 51.15327935682982,-113.93740211334837 51.15327923048225)","{""type"":""MultiPoint"",""coordinates"":[[-113.9366243,51.1532164],[-113.9377487,51.1532125],[-113.9375608,51.1532784],[-113.9374723,51.1532793],[-113.9373258,51.1532782],[-113.937718,51.1532794],[-113.9372464,51.1532801],[-113.9376387,51.1532794],[-113.9374021,51.1532792]]}",POINT (-113.93662430241723 51.153216361146576),30 CORNER MEADOWS MR NE,a,
BP2022-05674,Completed,2022-04-10,2022,2022-05-11,2023-08-18,2023,Commercial / Multi Family Project,Building,1606 - Ths Townhouse,Townhouse,Residential,New,New,New,Part 9.10.15. RowHouse,NORR ARCHITECTS ENGINEERS PLANNERS,,SHANE HOMES,5,"$1,081,564",45,45,44 CORNER MEADOWS MR NE,CNS,CORNERSTONE,51.15321636,-113.9366243,7,Titled Parcel;Titled Parcel;Building;Building;Building;Building;Building,50 CORNER MEADOWS MR NE;34 CORNER MEADOWS MR NE;38 CORNER MEADOWS MR NE;36 CORNER MEADOWS MR NE;42 CORNER MEADOWS MR NE;44 CORNER MEADOWS MR NE;40 CORNER MEADOWS MR NE,"MULTIPOINT (-113.93662430241723 51.153216361146576,-113.9371378787388 51.15321214348231,-113.9370282108923 51.153278076903355,-113.93711367501353 51.153278122879925,-113.93687102185676 51.15327606841116,-113.93678861403778 51.1532779476761,-113.93694121730799 51.15327803003986)","{""type"":""MultiPoint"",""coordinates"":[[-113.9366243,51.1532164],[-113.9371379,51.1532121],[-113.9370282,51.1532781],[-113.9371137,51.1532781],[-113.936871,51.1532761],[-113.9367886,51.1532779],[-113.9369412,51.153278]]}",POINT (-113.93662430241723 51.153216361146576),44 CORNER MEADOWS MR NE,a,
BP2022-05673,Completed,2022-04-10,2022,2022-05-11,2023-09-13,2023,Commercial / Multi Family Project,Building,1606 - Ths Townhouse,Townhouse,Residential,New,New,New,Part 9.10.15. RowHouse,NORR ARCHITECTS ENGINEERS PLANNERS,,SHANE HOMES,8,"$1,678,122",45,45,116 CORNER GLEN CI NE,CNS,CORNERSTONE,51.15344105,-113.9365355,10,Titled Parcel;Titled Parcel;Building;Building;Building;Building;Building;Building;Building;Building,100 CORNER GLEN CI NE;50 CORNER MEADOWS MR NE;104 CORNER GLEN CI NE;102 CORNER GLEN CI NE;108 CORNER GLEN CI NE;116 CORNER GLEN CI NE;106 CORNER GLEN CI NE;112 CORNER GLEN CI NE;110 CORNER GLEN CI NE;114 CORNER GLEN CI NE,"MULTIPOINT (-113.93653548550314 51.153441052150946,-113.93662430241723 51.153216361146576,-113.9366402557325 51.1535077665785,-113.93655743266622 51.15350986120525,-113.93679115681948 51.15350926856732,-113.93710771053259 51.15351229787215,-113.93671853877625 51.153512087987295,-113.93694432970157 51.15351149075136,-113.936870573004 51.15351074079423,-113.93702714984138 51.153511535365816)","{""type"":""MultiPoint"",""coordinates"":[[-113.9365355,51.1534411],[-113.9366243,51.1532164],[-113.9366403,51.1535078],[-113.9365574,51.1535099],[-113.9367912,51.1535093],[-113.9371077,51.1535123],[-113.9367185,51.1535121],[-113.9369443,51.1535115],[-113.9368706,51.1535107],[-113.9370271,51.1535115]]}",POINT (-113.93653548550314 51.153441052150946),116 CORNER GLEN CI NE,a,
BP2022-03707,Completed,2022-03-11,2022,2022-04-07,2023-04-14,2023,Commercial / Multi Family Project,Building,1606 - Ths Townhouse,Townhouse,Residential,New,New,New,6 Unit Rowhouse,NORR ARCHITECTS ENGINEERS PLANNERS,,SHANE HOMES,5,"$1,068,544",45,45,409 CORNER GLEN CI NE,CNS,CORNERSTONE,51.15378692,-113.9361064,7,Titled Parcel;Titled Parcel;Building;Building;Building;Building;Building,411 CORNER GLEN CI NE;50 CORNER MEADOWS MR NE;409 CORNER GLEN CI NE;403 CORNER GLEN CI NE;407 CORNER GLEN CI NE;405 CORNER GLEN CI NE;401 CORNER GLEN CI NE,"MULTIPOINT (-113.93610637037762 51.15378691683781,-113.93662430241723 51.153216361146576,-113.93599766549883 51.15380567257271,-113.93599178536064 51.153954087081196,-113.93598964683673 51.1538570435522,-113.93599072323849 51.15390556981559,-113.93599966781797 51.154001187726784)","{""type"":""MultiPoint"",""coordinates"":[[-113.9361064,51.1537869],[-113.9366243,51.1532164],[-113.9359977,51.1538057],[-113.9359918,51.1539541],[-113.9359896,51.153857],[-113.9359907,51.1539056],[-113.9359997,51.1540012]]}",POINT (-113.93610637037762 51.15378691683781),409 CORNER GLEN CI NE,a,
BP2022-01124,Completed,2022-01-25,2022,2022-02-22,2023-05-19,2023,Commercial / Multi Family Project,Building,1606 - Ths Townhouse,Townhouse,Residential,New,New,New,Part 9 - Row House 8 units,NORR ARCHITECTS ENGINEERS PLANNERS,,SHANE HOMES,8,"$1,680,719",45,45,316 CORNER GLEN CI NE,CNS,CORNERSTONE,51.15382343,-113.9371295,10,Titled Parcel;Titled Parcel;Building;Building;Building;Building;Building;Building;Building;Building,300 CORNER GLEN CI NE;50 CORNER MEADOWS MR NE;308 CORNER GLEN CI NE;314 CORNER GLEN CI NE;304 CORNER GLEN CI NE;316 CORNER GLEN CI NE;302 CORNER GLEN CI NE;310 CORNER GLEN CI NE;312 CORNER GLEN CI NE;306 CORNER GLEN CI NE,"MULTIPOINT (-113.937129500818 51.15382342946679,-113.93662430241723 51.153216361146576,-113.93687023612341 51.15375763004797,-113.93663650877109 51.15375964319376,-113.93702908657377 51.15375842584377,-113.93655934966401 51.15375889119744,-113.93711077887947 51.1537577596161,-113.93678401157132 51.15375901282369,-113.93671592733547 51.15375968618587,-113.93694852447526 51.153758382447904)","{""type"":""MultiPoint"",""coordinates"":[[-113.9371295,51.1538234],[-113.9366243,51.1532164],[-113.9368702,51.1537576],[-113.9366365,51.1537596],[-113.9370291,51.1537584],[-113.9365593,51.1537589],[-113.9371108,51.1537578],[-113.936784,51.153759],[-113.9367159,51.1537597],[-113.9369485,51.1537584]]}",POINT (-113.937129500818 51.15382342946679),316 CORNER GLEN CI NE,a,
BP2018-13294,Completed,2018-10-03,2018,2018-10-19,2019-05-20,2019,Commercial / Multi Family Project,Building,1606 - Ths Townhouse,Townhouse,Residential,New,New,New,New Townhouse - 5 Unit,SHANE HOMES,,SHANE HOMES,5,"$1,062,150",46,46,806 CORNERSTONE BV NE,CNS,CORNERSTONE,51.15234499,-113.9377707,6,Titled Parcel;Titled Parcel;Titled Parcel;Titled Parcel;Titled Parcel;Building,806 CORNERSTONE BV NE;794 CORNERSTONE BV NE;790 CORNERSTONE BV NE;802 CORNERSTONE BV NE;798 CORNERSTONE BV NE;806 CORNERSTONE BV NE,"MULTIPOINT (-113.93777068438239 51.152344988609485,-113.93777069970042 51.152174186827416,-113.93776982665801 51.15211125938636,-113.93776981958526 51.1522865559586,-113.93777071291845 51.15222812424243,-113.93763714678575 51.15233822925479)","{""type"":""MultiPoint"",""coordinates"":[[-113.9377707,51.152345],[-113.9377707,51.1521742],[-113.9377698,51.1521113],[-113.9377698,51.1522866],[-113.9377707,51.1522281],[-113.9376371,51.1523382]]}",POINT (-113.93777068438239 51.152344988609485),806 CORNERSTONE BV NE,a,
BP2018-06970,Completed,2018-06-05,2018,2018-06-19,2019-01-11,2019,Commercial / Multi Family Project,Building,1606 - Ths Townhouse,Townhouse,Residential,New,New,New,New Townhouse - 5 Unit,SHANE HOMES,,,5,"$1,075,774",46,46,826 CORNERSTONE BV NE,CNS,CORNERSTONE,51.15247534,-113.9377698,6,Titled Parcel;Titled Parcel;Titled Parcel;Titled Parcel;Titled Parcel;Building,814 CORNERSTONE BV NE;822 CORNERSTONE BV NE;810 CORNERSTONE BV NE;818 CORNERSTONE BV NE;826 CORNERSTONE BV NE;826 CORNERSTONE BV NE,"MULTIPOINT (-113.93776975149397 51.152475336844475,-113.93776976363353 51.15258321166081,-113.9377697729103 51.152416904666346,-113.93776886420014 51.152529273777624,-113.9377653133244 51.15265063104835,-113.93764148645528 51.15263936410232)","{""type"":""MultiPoint"",""coordinates"":[[-113.9377698,51.1524753],[-113.9377698,51.1525832],[-113.9377698,51.1524169],[-113.9377689,51.1525293],[-113.9377653,51.1526506],[-113.9376415,51.1526394]]}",POINT (-113.93776975149397 51.152475336844475),826 CORNERSTONE BV NE,a,
BP2018-06969,Completed,2018-06-05,2018,2018-06-19,2018-11-13,2018,Commercial / Multi Family Project,Building,1606 - Ths Townhouse,Townhouse,Residential,New,New,New,New Townhouse - 5 Unit,SHANE HOMES,,,5,"$1,062,161",46,46,846 CORNERSTONE BV NE,CNS,CORNERSTONE,51.15283042,-113.9377697,6,Titled Parcel;Titled Parcel;Titled Parcel;Titled Parcel;Titled Parcel;Building,838 CORNERSTONE BV NE;846 CORNERSTONE BV NE;830 CORNERSTONE BV NE;834 CORNERSTONE BV NE;842 CORNERSTONE BV NE;846 CORNERSTONE BV NE,"MULTIPOINT (-113.93776968841743 51.15283042471921,-113.93776534530684 51.15295627634562,-113.93777059713217 51.15271805561375,-113.93776968949493 51.15277648731739,-113.93776968733987 51.15288436212053,-113.93763447711423 51.15294025016565)","{""type"":""MultiPoint"",""coordinates"":[[-113.9377697,51.1528304],[-113.9377653,51.1529563],[-113.9377706,51.1527181],[-113.9377697,51.1527765],[-113.9377697,51.1528844],[-113.9376345,51.1529403]]}",POINT (-113.93776968841743 51.15283042471921),846 CORNERSTONE BV NE,a,
BP2022-15804,Completed,2022-09-15,2022,2022-10-05,2024-04-19,2024,Commercial / Multi Family Project,Building,1606 - Ths Townhouse,Townhouse,Residential,New,New,New,New 5 Unit Rowhouse (Bldg #5),STEALTH HOMES,,CORNERSTONE TOWNHOMES - LUX,5,"$1,656,243",47,47,1128 CORNERSTONE BV NE,CNS,CORNERSTONE,51.15540497,-113.9359835,6,Titled Parcel;Building;Building;Building;Building;Building,75 CORNERSTONE RO NE;1128 CORNERSTONE BV NE;1130 CORNERSTONE BV NE;1132 CORNERSTONE BV NE;1134 CORNERSTONE BV NE;1136 CORNERSTONE BV NE,"MULTIPOINT (-113.93598347399777 51.15540497123143,-113.93767256154433 51.154973512361536,-113.93767362832402 51.15501989907852,-113.93767016084655 51.155068413905774,-113.93766896523704 51.15511764910817,-113.93766890370932 51.15516331605774)","{""type"":""MultiPoint"",""coordinates"":[[-113.9359835,51.155405],[-113.9376726,51.1549735],[-113.9376736,51.1550199],[-113.9376702,51.1550684],[-113.937669,51.1551176],[-113.9376689,51.1551633]]}",POINT (-113.93598347399777 51.15540497123143),1128 CORNERSTONE BV NE,a,
BP2022-11847,Completed,2022-07-07,2022,2022-08-31,2023-12-04,2023,Commercial / Multi Family Project,Building,1606 - Ths Townhouse,Townhouse,Residential,New,New,New,New 5 Unit Rowhouse (Bldg 1),STEALTH HOMES,,CORNERSTONE TOWNHOMES - LUX,5,"$1,664,644",47,47,3 CORNERSTONE RO NE,CNS,CORNERSTONE,51.155414,-113.9360503,6,Titled Parcel;Building;Building;Building;Building;Building,75 CORNERSTONE RO NE;11 CORNERSTONE RO NE;5 CORNERSTONE RO NE;7 CORNERSTONE RO NE;9 CORNERSTONE RO NE;3 CORNERSTONE RO NE,"MULTIPOINT (-113.93605031791242 51.15541399735583,-113.93739821046151 51.15533965461395,-113.93762892508936 51.15534097346691,-113.9375485603597 51.15534093059005,-113.93747197024165 51.15534028737493,-113.93770078448047 51.155341011759184)","{""type"":""MultiPoint"",""coordinates"":[[-113.9360503,51.155414],[-113.9373982,51.1553397],[-113.9376289,51.155341],[-113.9375486,51.1553409],[-113.937472,51.1553403],[-113.9377008,51.155341]]}",POINT (-113.93605031791242 51.15541399735583),3 CORNERSTONE RO NE,a,
BP2022-14832,Completed,2022-08-29,2022,2022-09-14,2024-04-15,2024,Commercial / Multi Family Project,Building,1606 - Ths Townhouse,Townhouse,Residential,New,New,New,New 5 Unit Rowhouse (Bldg 11),STEALTH HOMES,,CORNERSTONE TOWNHOMES - LUX,5,"$1,656,243",47,47,1110 CORNERSTONE BV NE,CNS,CORNERSTONE,51.155414,-113.9360503,6,Titled Parcel;Building;Building;Building;Building;Building,75 CORNERSTONE RO NE;1114 CORNERSTONE BV NE;1110 CORNERSTONE BV NE;1112 CORNERSTONE BV NE;1116 CORNERSTONE BV NE;1118 CORNERSTONE BV NE,"MULTIPOINT (-113.93605031791242 51.15541399735583,-113.93767618088665 51.15481225949375,-113.9376785825271 51.1547166387806,-113.9376773774491 51.15476230512409,-113.93767611745331 51.15485934679582,-113.93767605400768 51.15490644308704)","{""type"":""MultiPoint"",""coordinates"":[[-113.9360503,51.155414],[-113.9376762,51.1548123],[-113.9376786,51.1547166],[-113.9376774,51.1547623],[-113.9376761,51.1548593],[-113.9376761,51.1549064]]}",POINT (-113.93605031791242 51.15541399735583),1110 CORNERSTONE BV NE,a,
BP2023-05081,Completed,2023-04-17,2023,2023-11-06,2024-07-22,2024,Commercial / Multi Family Project,Building,1606 - Ths Townhouse,Townhouse,Residential,New,New,New,"A new, two storey, 5 unit rowhouse, Part 9, Group C occupancy",STEALTH HOMES,,CORNERSTONE TOWNHOMES - LUX,5,"$1,546,483",47,47,#101 75 CORNERSTONE RO NE,CNS,CORNERSTONE,51.1549651,-113.9371259,6,Titled Parcel;Building;Building;Building;Building;Building,#111 75 CORNERSTONE RO NE;#101 75 CORNERSTONE RO NE;#107 75 CORNERSTONE RO NE;#103 75 CORNERSTONE RO NE;#105 75 CORNERSTONE RO NE;#109 75 CORNERSTONE RO NE,"MULTIPOINT (-113.93712591950622 51.15496510225005,-113.93766657208549 51.1551645014377,-113.93767016647828 51.15502179403192,-113.93766889407884 51.15511741534161,-113.937668959458 51.15506888971249,-113.93767023280056 51.15497256721655)","{""type"":""MultiPoint"",""coordinates"":[[-113.9371259,51.1549651],[-113.9376666,51.1551645],[-113.9376702,51.1550218],[-113.9376689,51.1551174],[-113.937669,51.1550689],[-113.9376702,51.1549726]]}",POINT (-113.93712591950622 51.15496510225005),75 CORNERSTONE RO NE,a,
BP2022-14969,Completed,2022-08-31,2022,2022-11-10,2024-05-22,2024,Commercial / Multi Family Project,Building,1606 - Ths Townhouse,Townhouse,Residential,New,New,New,5 Unit Rowhouse - Building 2,TRICOR DESIGN GROUP,,SAN CONSTRUCTIONS,5,"$1,989,201",47,47,312 CORNER MEADOWS SQ NE,CNS,CORNERSTONE,51.15320954,-113.9324612,6,Titled Parcel;Building;Building;Building;Building;Building,240 CORNER MEADOWS MR NE;312 CORNER MEADOWS SQ NE;314 CORNER MEADOWS SQ NE;318 CORNER MEADOWS SQ NE;316 CORNER MEADOWS SQ NE;320 CORNER MEADOWS SQ NE,"MULTIPOINT (-113.93246117296273 51.153209536773105,-113.93205897851769 51.154009806742465,-113.93215201994742 51.1540098607445,-113.93232447932564 51.154010670821336,-113.93223824300868 51.15400991072302,-113.93241297726641 51.15400929264624)","{""type"":""MultiPoint"",""coordinates"":[[-113.9324612,51.1532095],[-113.932059,51.1540098],[-113.932152,51.1540099],[-113.9323245,51.1540107],[-113.9322382,51.1540099],[-113.932413,51.1540093]]}",POINT (-113.93246117296273 51.153209536773105),312 CORNER MEADOWS SQ NE,a,
BP2022-14986,Completed,2022-08-31,2022,2022-11-18,2024-05-22,2024,Commercial / Multi Family Project,Building,1606 - Ths Townhouse,Townhouse,Residential,New,New,New,4 Unit Rowhouse - Building 1,TRICOR DESIGN GROUP,,SAN CONSTRUCTIONS,4,"$1,353,733",47,47,306 CORNER MEADOWS SQ NE,CNS,CORNERSTONE,51.15320954,-113.9324612,5,Titled Parcel;Building;Building;Building;Building,240 CORNER MEADOWS MR NE;306 CORNER MEADOWS SQ NE;308 CORNER MEADOWS SQ NE;302 CORNER MEADOWS SQ NE;304 CORNER MEADOWS SQ NE,"MULTIPOINT (-113.93246117296273 51.153209536773105,-113.9318536126836 51.15400968728446,-113.93193870545161 51.154010447000985,-113.9316788794797 51.154009585361074,-113.93177192090825 51.15400963966543)","{""type"":""MultiPoint"",""coordinates"":[[-113.9324612,51.1532095],[-113.9318536,51.1540097],[-113.9319387,51.1540104],[-113.9316789,51.1540096],[-113.9317719,51.1540096]]}",POINT (-113.93246117296273 51.153209536773105),306 CORNER MEADOWS SQ NE,a,
BP2023-00234,Completed,2023-01-08,2023,2023-10-13,2024-07-30,2024,Commercial / Multi Family Project,Building,1606 - Ths Townhouse,Townhouse,Residential,New,New,New,6 Unit Residential Rowhouse - Bldg 3,TRICOR DESIGN GROUP,,SAN CONSTRUCTIONS,6,"$1,563,035",47,47,214 CORNER MEADOWS SQ NE,CNS,CORNERSTONE,51.15320954,-113.9324612,7,Titled Parcel;Building;Building;Building;Building;Building;Building,240 CORNER MEADOWS MR NE;214 CORNER MEADOWS SQ NE;224 CORNER MEADOWS SQ NE;216 CORNER MEADOWS SQ NE;222 CORNER MEADOWS SQ NE;220 CORNER MEADOWS SQ NE;218 CORNER MEADOWS SQ NE,"MULTIPOINT (-113.93246117296273 51.153209536773105,-113.93167880364119 51.15354791717608,-113.93167840042432 51.15382096601631,-113.93167872496038 51.15360119828844,-113.93167999849936 51.15376483610102,-113.93168007436492 51.15371346077649,-113.93168016006685 51.15365542418886)","{""type"":""MultiPoint"",""coordinates"":[[-113.9324612,51.1532095],[-113.9316788,51.1535479],[-113.9316784,51.153821],[-113.9316787,51.1536012],[-113.93168,51.1537648],[-113.9316801,51.1537135],[-113.9316802,51.1536554]]}",POINT (-113.93246117296273 51.153209536773105),214 CORNER MEADOWS SQ NE,a,
BP2023-00236,Completed,2023-01-08,2023,2023-10-11,2024-07-30,2024,Commercial / Multi Family Project,Building,1606 - Ths Townhouse,Townhouse,Residential,New,New,New,5 Unit Residential Rowhouse - Bldg 4,TRICOR DESIGN GROUP,,SAN CONSTRUCTIONS,5,"$1,302,500",47,47,202 CORNER MEADOWS SQ NE,CNS,CORNERSTONE,51.15320954,-113.9324612,6,Titled Parcel;Building;Building;Building;Building;Building,240 CORNER MEADOWS MR NE;208 CORNER MEADOWS SQ NE;206 CORNER MEADOWS SQ NE;204 CORNER MEADOWS SQ NE;202 CORNER MEADOWS SQ NE;210 CORNER MEADOWS SQ NE,"MULTIPOINT (-113.93246117296273 51.153209536773105,-113.93165786240543 51.15339330238266,-113.9316579509361 51.15333336899497,-113.93165953989615 51.153283414902155,-113.93165886451999 51.15322776010077,-113.93165778229336 51.15344753638961)","{""type"":""MultiPoint"",""coordinates"":[[-113.9324612,51.1532095],[-113.9316579,51.1533933],[-113.931658,51.1533334],[-113.9316595,51.1532834],[-113.9316589,51.1532278],[-113.9316578,51.1534475]]}",POINT (-113.93246117296273 51.153209536773105),202 CORNER MEADOWS SQ NE,a,
BP2023-00288,Completed,2023-01-09,2023,2023-07-03,2024-08-14,2024,Commercial / Multi Family Project,Building,1606 - Ths Townhouse,Townhouse,Residential,New,New,New,5 Unit Rowhouse - Bldg 6,TRICOR DESIGN GROUP,,SAN CONSTRUCTIONS,5,"$1,696,703",47,47,105 CORNER MEADOWS SQ NE,CNS,CORNERSTONE,51.15320954,-113.9324612,6,Titled Parcel;Building;Building;Building;Building;Building,240 CORNER MEADOWS MR NE;111 CORNER MEADOWS SQ NE;109 CORNER MEADOWS SQ NE;105 CORNER MEADOWS SQ NE;113 CORNER MEADOWS SQ NE;107 CORNER MEADOWS SQ NE,"MULTIPOINT (-113.93246117296273 51.153209536773105,-113.93200933808048 51.15349182608663,-113.93200659086534 51.153435334055416,-113.93200675253053 51.15332532882544,-113.93200643094303 51.153544152661595,-113.93200667125548 51.1533806325909)","{""type"":""MultiPoint"",""coordinates"":[[-113.9324612,51.1532095],[-113.9320093,51.1534918],[-113.9320066,51.1534353],[-113.9320068,51.1533253],[-113.9320064,51.1535442],[-113.9320067,51.1533806]]}",POINT (-113.93246117296273 51.153209536773105),105 CORNER MEADOWS SQ NE,a,
BP2023-00646,Completed,2023-01-18,2023,2023-08-23,2024-06-20,2024,Commercial / Multi Family Project,Building,1606 - Ths Townhouse,Townhouse,Residential,New,New,New,6 Unit Residential Rowhouse - Bldg 1,TRICOR DESIGN GROUP,,360 CUSTOM HOMES,6,"$1,690,894",47,47,336 CORNER MEADOWS SQ NE,CNS,CORNERSTONE,51.15320957,-113.9325147,7,Titled Parcel;Building;Building;Building;Building;Building;Building,210 CORNER MEADOWS MR NE;340 CORNER MEADOWS SQ NE;334 CORNER MEADOWS SQ NE;342 CORNER MEADOWS SQ NE;344 CORNER MEADOWS SQ NE;336 CORNER MEADOWS SQ NE;338 CORNER MEADOWS SQ NE,"MULTIPOINT (-113.93251473268153 51.15320956768469,-113.93319593795233 51.15400550831961,-113.93293497654483 51.15400891886485,-113.9332829397687 51.154000793503165,-113.93337369811445 51.15400798294625,-113.93302197838102 51.15400421323208,-113.93310706702569 51.154007830778106)","{""type"":""MultiPoint"",""coordinates"":[[-113.9325147,51.1532096],[-113.9331959,51.1540055],[-113.932935,51.1540089],[-113.9332829,51.1540008],[-113.9333737,51.154008],[-113.933022,51.1540042],[-113.9331071,51.1540078]]}",POINT (-113.93251473268153 51.15320956768469),336 CORNER MEADOWS SQ NE,a,
BP2023-00651,Completed,2023-01-18,2023,2023-10-03,2024-07-03,2024,Commercial / Multi Family Project,Building,1606 - Ths Townhouse,Townhouse,Residential,New,New,New,4 Unit Residential Rowhouse - Bldg 2,TRICOR DESIGN GROUP,,360 CUSTOM HOMES,4,"$1,353,431",47,47,324 CORNER MEADOWS SQ NE,CNS,CORNERSTONE,51.15320957,-113.9325147,5,Titled Parcel;Building;Building;Building;Building,210 CORNER MEADOWS MR NE;330 CORNER MEADOWS SQ NE;328 CORNER MEADOWS SQ NE;324 CORNER MEADOWS SQ NE;326 CORNER MEADOWS SQ NE,"MULTIPOINT (-113.93251473268153 51.15320956768469,-113.93281585323501 51.15400529064081,-113.93273263935865 51.15400999829859,-113.9325548757643 51.154009895941066,-113.9326324079076 51.15400994061784)","{""type"":""MultiPoint"",""coordinates"":[[-113.9325147,51.1532096],[-113.9328159,51.1540053],[-113.9327326,51.15401],[-113.9325549,51.1540099],[-113.9326324,51.1540099]]}",POINT (-113.93251473268153 51.15320956768469),324 CORNER MEADOWS SQ NE,a,
BP2023-00624,Completed,2023-01-18,2023,2023-03-24,2024-02-26,2024,Commercial / Multi Family Project,Building,1606 - Ths Townhouse,Townhouse,Residential,New,New,New,5 Unit Residential Rowhouse - Bldg 8,TRICOR DESIGN GROUP,,360 CUSTOM HOMES,5,"$1,990,680",47,47,503 CORNER MEADOWS SQ NE,CNS,CORNERSTONE,51.15322755,-113.932517,6,Titled Parcel;Building;Building;Building;Building;Building,210 CORNER MEADOWS MR NE;509 CORNER MEADOWS SQ NE;507 CORNER MEADOWS SQ NE;505 CORNER MEADOWS SQ NE;503 CORNER MEADOWS SQ NE;511 CORNER MEADOWS SQ NE,"MULTIPOINT (-113.93251696491387 51.153227548105725,-113.93265094860719 51.15348881717522,-113.93265858808545 51.15343530668556,-113.9326548923404 51.1533817896696,-113.93266063068585 51.1533282780843,-113.93265842363846 51.15354828745882)","{""type"":""MultiPoint"",""coordinates"":[[-113.932517,51.1532275],[-113.9326509,51.1534888],[-113.9326586,51.1534353],[-113.9326549,51.1533818],[-113.9326606,51.1533283],[-113.9326584,51.1535483]]}",POINT (-113.93251696491387 51.153227548105725),503 CORNER MEADOWS SQ NE,a,
BP2023-00655,Completed,2023-01-19,2023,2023-08-31,2024-07-15,2024,Commercial / Multi Family Project,Building,1606 - Ths Townhouse,Townhouse,Residential,New,New,New,5 Unit Residential Rowhouse - Bldg 3,TRICOR DESIGN GROUP,,360 CUSTOM HOMES,5,"$1,696,703",47,47,402 CORNER MEADOWS SQ NE,CNS,CORNERSTONE,51.15377633,-113.9332435,10,Titled Parcel;Titled Parcel;Titled Parcel;Titled Parcel;Titled Parcel;Building;Building;Building;Building;Building,404 CORNER MEADOWS SQ NE;406 CORNER MEADOWS SQ NE;408 CORNER MEADOWS SQ NE;410 CORNER MEADOWS SQ NE;402 CORNER MEADOWS SQ NE;408 CORNER MEADOWS SQ NE;410 CORNER MEADOWS SQ NE;402 CORNER MEADOWS SQ NE;406 CORNER MEADOWS SQ NE;404 CORNER MEADOWS SQ NE,"MULTIPOINT (-113.93324352554373 51.1537763285336,-113.93324351760474 51.15372239113443,-113.93324350966569 51.15366845373476,-113.93324352250626 51.15361002156345,-113.93324351918848 51.15383026592413,-113.93332389222931 51.153664022776155,-113.93333531719863 51.15361170102442,-113.93333121049075 51.153832904929885,-113.93333326012883 51.15371992523595,-113.9333237328259 51.15377463030311)","{""type"":""MultiPoint"",""coordinates"":[[-113.9332435,51.1537763],[-113.9332435,51.1537224],[-113.9332435,51.1536685],[-113.9332435,51.15361],[-113.9332435,51.1538303],[-113.9333239,51.153664],[-113.9333353,51.1536117],[-113.9333312,51.1538329],[-113.9333333,51.1537199],[-113.9333237,51.1537746]]}",POINT (-113.93324352554373 51.1537763285336),402 CORNER MEADOWS SQ NE,a,
BP2023-00274,Completed,2023-01-09,2023,2023-07-03,2024-08-30,2024,Commercial / Multi Family Project,Building,1606 - Ths Townhouse,Townhouse,Residential,New,New,New,5 Unit Rowhouse - Bldg 5,TRICOR DESIGN GROUP,,SAN CONSTRUCTIONS,5,"$1,696,703",47,47,117 CORNER MEADOWS SQ NE,CNS,CORNERSTONE,51.15384298,-113.9318993,10,Titled Parcel;Titled Parcel;Titled Parcel;Titled Parcel;Titled Parcel;Building;Building;Building;Building;Building,125 CORNER MEADOWS SQ NE;123 CORNER MEADOWS SQ NE;121 CORNER MEADOWS SQ NE;119 CORNER MEADOWS SQ NE;117 CORNER MEADOWS SQ NE;117 CORNER MEADOWS SQ NE;123 CORNER MEADOWS SQ NE;119 CORNER MEADOWS SQ NE;125 CORNER MEADOWS SQ NE;121 CORNER MEADOWS SQ NE,"MULTIPOINT (-113.93189925673086 51.15384297540416,-113.93189927126943 51.153784543235396,-113.9318992648976 51.1537306058368,-113.93189925852573 51.15367666843772,-113.93189926644797 51.15362273104644,-113.93201406774249 51.15361943572665,-113.93201382168137 51.153786884227536,-113.93201398245954 51.153677472315046,-113.93201374059838 51.153842062134814,-113.93201390137705 51.15373265022335)","{""type"":""MultiPoint"",""coordinates"":[[-113.9318993,51.153843],[-113.9318993,51.1537845],[-113.9318993,51.1537306],[-113.9318993,51.1536767],[-113.9318993,51.1536227],[-113.9320141,51.1536194],[-113.9320138,51.1537869],[-113.932014,51.1536775],[-113.9320137,51.1538421],[-113.9320139,51.1537327]]}",POINT (-113.93189925673086 51.15384297540416),117 CORNER MEADOWS SQ NE,a,
BP2019-11128,Completed,2019-08-16,2019,2019-08-28,2020-09-25,2020,Commercial / Multi Family Project,Building,1606 - Ths Townhouse,Townhouse,Residential,New,New,New,"Novella Building 01, 8 unit residential 3 storey rowhouse",TRUMAN HOMES 1995,,,8,"$1,755,162",48,48,7 CORNER MEADOWS PA NE,CNS,CORNERSTONE,51.15142243,-113.9356883,9,Titled Parcel;Building;Building;Building;Building;Building;Building;Building;Building,39 CORNER MEADOWS PA NE;7 CORNER MEADOWS PA NE;31 CORNER MEADOWS PA NE;23 CORNER MEADOWS PA NE;15 CORNER MEADOWS PA NE;11 CORNER MEADOWS PA NE;27 CORNER MEADOWS PA NE;19 CORNER MEADOWS PA NE;35 CORNER MEADOWS PA NE,"MULTIPOINT (-113.93568834933828 51.1514224315255,-113.9363939629168 51.151348689348616,-113.93590269594016 51.15134914035178,-113.93606266826804 51.15134922790062,-113.93623058775675 51.15134931956339,-113.93629979665761 51.15134935727253,-113.93597757835856 51.15134989153626,-113.93614662703223 51.15134998393758,-113.93582158059372 51.15134909587581)","{""type"":""MultiPoint"",""coordinates"":[[-113.9356883,51.1514224],[-113.936394,51.1513487],[-113.9359027,51.1513491],[-113.9360627,51.1513492],[-113.9362306,51.1513493],[-113.9362998,51.1513494],[-113.9359776,51.1513499],[-113.9361466,51.15135],[-113.9358216,51.1513491]]}",POINT (-113.93568834933828 51.1514224315255),7 CORNER MEADOWS PA NE,a,
BP2019-11129,Completed,2019-08-16,2019,2019-08-30,2020-10-16,2020,Commercial / Multi Family Project,Building,1606 - Ths Townhouse,Townhouse,Residential,New,New,New,"Novella Building 02, 8 unit residential 3 storey 8 plex",TRUMAN HOMES 1995,,,8,"$1,773,485",48,48,#201 39 CORNER MEADOWS PA NE,CNS,CORNERSTONE,51.15142243,-113.9356883,9,Titled Parcel;Building;Building;Building;Building;Building;Building;Building;Building,39 CORNER MEADOWS PA NE;#208 39 CORNER MEADOWS PA NE;#203 39 CORNER MEADOWS PA NE;#202 39 CORNER MEADOWS PA NE;#204 39 CORNER MEADOWS PA NE;#206 39 CORNER MEADOWS PA NE;#201 39 CORNER MEADOWS PA NE;#205 39 CORNER MEADOWS PA NE;#207 39 CORNER MEADOWS PA NE,"MULTIPOINT (-113.93568834933828 51.1514224315255,-113.93638580208263 51.15108824809091,-113.9362518438429 51.151150967308254,-113.93615540534721 51.151151624887966,-113.93638798840212 51.15115104142436,-113.93614642062299 51.151085258980025,-113.93602720791291 51.15115155484767,-113.93602275634775 51.15108376206768,-113.93625193429294 51.15108531652984)","{""type"":""MultiPoint"",""coordinates"":[[-113.9356883,51.1514224],[-113.9363858,51.1510882],[-113.9362518,51.151151],[-113.9361554,51.1511516],[-113.936388,51.151151],[-113.9361464,51.1510853],[-113.9360272,51.1511516],[-113.9360228,51.1510838],[-113.9362519,51.1510853]]}",POINT (-113.93568834933828 51.1514224315255),39 CORNER MEADOWS PA NE,a,
BP2019-11130,Completed,2019-08-16,2019,2019-08-30,2020-10-20,2020,Commercial / Multi Family Project,Building,1606 - Ths Townhouse,Townhouse,Residential,New,New,New,"Novella Building 03, 8 unit residential 3 storey rowhouse",TRUMAN HOMES 1995,,,8,"$1,755,162",48,48,650 CORNERSTONE WY NE,CNS,CORNERSTONE,51.15142243,-113.9356883,9,Titled Parcel;Building;Building;Building;Building;Building;Building;Building;Building,39 CORNER MEADOWS PA NE;662 CORNERSTONE WY NE;668 CORNERSTONE WY NE;680 CORNERSTONE WY NE;654 CORNERSTONE WY NE;658 CORNERSTONE WY NE;676 CORNERSTONE WY NE;650 CORNERSTONE WY NE;672 CORNERSTONE WY NE,"MULTIPOINT (-113.93568834933828 51.1514224315255,-113.9361421515775 51.15089545087013,-113.93606614269505 51.150893269833475,-113.9358154133637 51.1508902828316,-113.9363043787134 51.15089696866125,-113.93623063753891 51.15089835782561,-113.93590163061796 51.15089033010782,-113.93638720453548 51.150899872416076,-113.93597763948772 51.150892511251364)","{""type"":""MultiPoint"",""coordinates"":[[-113.9356883,51.1514224],[-113.9361422,51.1508955],[-113.9360661,51.1508933],[-113.9358154,51.1508903],[-113.9363044,51.150897],[-113.9362306,51.1508984],[-113.9359016,51.1508903],[-113.9363872,51.1508999],[-113.9359776,51.1508925]]}",POINT (-113.93568834933828 51.1514224315255),650 CORNERSTONE WY NE,a,
BP2019-11133,Completed,2019-08-16,2019,2019-08-30,2020-09-25,2020,Commercial / Multi Family Project,Building,1606 - Ths Townhouse,Townhouse,Residential,New,New,New,"Novella Building 04, 4 unit residential 3 storey rowhouse",TRUMAN HOMES 1995,,,4,"$880,693",48,48,#301 39 CORNER MEADOWS PA NE,CNS,CORNERSTONE,51.15142243,-113.9356883,5,Titled Parcel;Building;Building;Building;Building,39 CORNER MEADOWS PA NE;#301 39 CORNER MEADOWS PA NE;#303 39 CORNER MEADOWS PA NE;#304 39 CORNER MEADOWS PA NE;#302 39 CORNER MEADOWS PA NE,"MULTIPOINT (-113.93568834933828 51.1514224315255,-113.93552026095252 51.15100999642322,-113.93551927496856 51.15090724509462,-113.93551820608107 51.15085372959448,-113.93551805692519 51.15096075933362)","{""type"":""MultiPoint"",""coordinates"":[[-113.9356883,51.1514224],[-113.9355203,51.15101],[-113.9355193,51.1509072],[-113.9355182,51.1508537],[-113.9355181,51.1509608]]}",POINT (-113.93568834933828 51.1514224315255),39 CORNER MEADOWS PA NE,a,
BP2019-11135,Completed,2019-08-16,2019,2019-08-30,2020-09-15,2020,Commercial / Multi Family Project,Building,1606 - Ths Townhouse,Townhouse,Residential,New,New,New,"Novella Building 05, 4 unit residential 3 storey rowhouse",TRUMAN HOMES 1995,,,4,"$880,693",48,48,#101 39 CORNER MEADOWS PA NE,CNS,CORNERSTONE,51.15142243,-113.9356883,5,Titled Parcel;Building;Building;Building;Building,39 CORNER MEADOWS PA NE;#101 39 CORNER MEADOWS PA NE;#103 39 CORNER MEADOWS PA NE;#104 39 CORNER MEADOWS PA NE;#102 39 CORNER MEADOWS PA NE,"MULTIPOINT (-113.93568834933828 51.1514224315255,-113.93551747022724 51.151381749547475,-113.93551761441311 51.15127828867244,-113.93551769098448 51.15122334446556,-113.9355175448071 51.15132823468201)","{""type"":""MultiPoint"",""coordinates"":[[-113.9356883,51.1514224],[-113.9355175,51.1513817],[-113.9355176,51.1512783],[-113.9355177,51.1512233],[-113.9355175,51.1513282]]}",POINT (-113.93568834933828 51.1514224315255),39 CORNER MEADOWS PA NE,a,
BP2019-04191,Completed,2019-04-17,2019,2019-04-25,2020-07-16,2020,Commercial / Multi Family Project,Building,1606 - Ths Townhouse,Townhouse,Residential,New,New,New,New residential 7plex building,TRUMAN HOMES 1995,,,7,"$1,576,648",48,48,#521 72 CORNERSTONE MR NE,CNS,CORNERSTONE,51.16421674,-113.9397636,8,Titled Parcel;Building;Building;Building;Building;Building;Building;Building,72 CORNERSTONE MR NE;#527 72 CORNERSTONE MR NE;#521 72 CORNERSTONE MR NE;#525 72 CORNERSTONE MR NE;#523 72 CORNERSTONE MR NE;#529 72 CORNERSTONE MR NE;#533 72 CORNERSTONE MR NE;#531 72 CORNERSTONE MR NE,"MULTIPOINT (-113.93976364500418 51.16421674389641,-113.94019791397226 51.16458276942609,-113.94019621342642 51.16473689436853,-113.94019482706935 51.164636992806045,-113.94019173569671 51.16468361102499,-113.94019798286914 51.16452948840547,-113.94019509404471 51.164430538963565,-113.94019804683712 51.16448001895059)","{""type"":""MultiPoint"",""coordinates"":[[-113.9397636,51.1642167],[-113.9401979,51.1645828],[-113.9401962,51.1647369],[-113.9401948,51.164637],[-113.9401917,51.1646836],[-113.940198,51.1645295],[-113.9401951,51.1644305],[-113.940198,51.16448]]}",POINT (-113.93976364500418 51.16421674389641),72 CORNERSTONE MR NE,a,
BP2019-04285,Completed,2019-04-18,2019,2019-04-26,2020-08-14,2020,Commercial / Multi Family Project,Building,1606 - Ths Townhouse,Townhouse,Residential,New,New,New,7 plex row house,TRUMAN HOMES 1995,,,7,"$1,576,648",48,48,#503 72 CORNERSTONE MR NE,CNS,CORNERSTONE,51.16421674,-113.9397636,8,Titled Parcel;Building;Building;Building;Building;Building;Building;Building,72 CORNERSTONE MR NE;#503 72 CORNERSTONE MR NE;#505 72 CORNERSTONE MR NE;#515 72 CORNERSTONE MR NE;#511 72 CORNERSTONE MR NE;#507 72 CORNERSTONE MR NE;#509 72 CORNERSTONE MR NE;#513 72 CORNERSTONE MR NE,"MULTIPOINT (-113.93976364500418 51.16421674389641,-113.94019645494944 51.165125063184945,-113.94019198716686 51.16507511497238,-113.94019912319523 51.16481966262877,-113.94019142932788 51.16492051243835,-113.94018673994785 51.16503086573419,-113.94018984241696 51.16497568947397,-113.94019905553114 51.164871990755245)","{""type"":""MultiPoint"",""coordinates"":[[-113.9397636,51.1642167],[-113.9401965,51.1651251],[-113.940192,51.1650751],[-113.9401991,51.1648197],[-113.9401914,51.1649205],[-113.9401867,51.1650309],[-113.9401898,51.1649757],[-113.9401991,51.164872]]}",POINT (-113.93976364500418 51.16421674389641),72 CORNERSTONE MR NE,a,
BP2019-04286,Completed,2019-04-18,2019,2019-05-06,2020-03-03,2020,Commercial / Multi Family Project,Building,1606 - Ths Townhouse,Townhouse,Residential,New,New,New,Row house 6 plex(building 8),TRUMAN HOMES 1995,,,6,"$1,309,441",48,48,90 CORNERSTONE MR NE,CNS,CORNERSTONE,51.16421674,-113.9397636,7,Titled Parcel;Building;Building;Building;Building;Building;Building,72 CORNERSTONE MR NE;100 CORNERSTONE MR NE;94 CORNERSTONE MR NE;96 CORNERSTONE MR NE;90 CORNERSTONE MR NE;98 CORNERSTONE MR NE;92 CORNERSTONE MR NE,"MULTIPOINT (-113.93976364500418 51.16421674389641,-113.93879073463125 51.16425856169702,-113.93904986305931 51.164257510369914,-113.9389552854734 51.16425746105658,-113.9392162949042 51.164261165813905,-113.93888152496478 51.164257422544324,-113.93911606022088 51.16425754484003)","{""type"":""MultiPoint"",""coordinates"":[[-113.9397636,51.1642167],[-113.9387907,51.1642586],[-113.9390499,51.1642575],[-113.9389553,51.1642575],[-113.9392163,51.1642612],[-113.9388815,51.1642574],[-113.9391161,51.1642575]]}",POINT (-113.93976364500418 51.16421674389641),90 CORNERSTONE MR NE,a,
BP2019-04288,Completed,2019-04-18,2019,2019-04-26,2020-02-21,2020,Commercial / Multi Family Project,Building,1606 - Ths Townhouse,Townhouse,Residential,New,New,New,row house 4 plex (building 9),TRUMAN HOMES 1995,,,4,"$873,148",48,48,78 CORNERSTONE MR NE,CNS,CORNERSTONE,51.16421674,-113.9397636,5,Titled Parcel;Building;Building;Building;Building,72 CORNERSTONE MR NE;84 CORNERSTONE MR NE;78 CORNERSTONE MR NE;82 CORNERSTONE MR NE;80 CORNERSTONE MR NE,"MULTIPOINT (-113.93976364500418 51.16421674389641,-113.93933356566718 51.16425884445601,-113.93957756584017 51.16425897073439,-113.93941490693275 51.16425651336842,-113.93950190687278 51.16425655839173)","{""type"":""MultiPoint"",""coordinates"":[[-113.9397636,51.1642167],[-113.9393336,51.1642588],[-113.9395776,51.164259],[-113.9394149,51.1642565],[-113.9395019,51.1642566]]}",POINT (-113.93976364500418 51.16421674389641),78 CORNERSTONE MR NE,a,
BP2019-04289,Completed,2019-04-18,2019,2019-04-25,2020-02-21,2020,Commercial / Multi Family Project,Building,1606 - Ths Townhouse,Townhouse,Residential,New,New,New,6 plex row house,TRUMAN HOMES 1995,,,6,"$1,309,441",48,48,58 CORNERSTONE MR NE,CNS,CORNERSTONE,51.16421674,-113.9397636,7,Titled Parcel;Building;Building;Building;Building;Building;Building,72 CORNERSTONE MR NE;60 CORNERSTONE MR NE;64 CORNERSTONE MR NE;66 CORNERSTONE MR NE;68 CORNERSTONE MR NE;58 CORNERSTONE MR NE;62 CORNERSTONE MR NE,"MULTIPOINT (-113.93976364500418 51.16421674389641,-113.94018094456814 51.16424976987498,-113.94002016984453 51.164249687555,-113.93995776151493 51.16424965554112,-113.93986506810816 51.164251990160885,-113.94027740479403 51.16425338800962,-113.9401147412587 51.16425449147585)","{""type"":""MultiPoint"",""coordinates"":[[-113.9397636,51.1642167],[-113.9401809,51.1642498],[-113.9400202,51.1642497],[-113.9399578,51.1642497],[-113.9398651,51.164252],[-113.9402774,51.1642534],[-113.9401147,51.1642545]]}",POINT (-113.93976364500418 51.16421674389641),58 CORNERSTONE MR NE,a,
BP2019-10321,Completed,2019-08-02,2019,2019-08-16,2020-04-20,2020,Commercial / Multi Family Project,Building,1606 - Ths Townhouse,Townhouse,Residential,New,New,New,row house 5 plex (building 6),TRUMAN HOMES 1995,,,5,"$1,090,227",48,48,1727 CORNERSTONE BV NE,CNS,CORNERSTONE,51.16421674,-113.9397636,6,Titled Parcel;Building;Building;Building;Building;Building,72 CORNERSTONE MR NE;1735 CORNERSTONE BV NE;1729 CORNERSTONE BV NE;1731 CORNERSTONE BV NE;1733 CORNERSTONE BV NE;1727 CORNERSTONE BV NE,"MULTIPOINT (-113.93976364500418 51.16421674389641,-113.9385713417271 51.16481715615513,-113.93857759052125 51.16466589230204,-113.93857297858683 51.164725823201415,-113.93857291539936 51.164773395859314,-113.93857462893824 51.1646135625838)","{""type"":""MultiPoint"",""coordinates"":[[-113.9397636,51.1642167],[-113.9385713,51.1648172],[-113.9385776,51.1646659],[-113.938573,51.1647258],[-113.9385729,51.1647734],[-113.9385746,51.1646136]]}",POINT (-113.93976364500418 51.16421674389641),1727 CORNERSTONE BV NE,a,
BP2019-10322,Completed,2019-08-02,2019,2019-08-21,2020-03-18,2020,Commercial / Multi Family Project,Building,1606 - Ths Townhouse,Townhouse,Residential,New,New,New,Row house 4 plex (building 5),TRUMAN HOMES 1995,,,4,"$873,148",48,48,1741 CORNERSTONE BV NE,CNS,CORNERSTONE,51.16421674,-113.9397636,5,Titled Parcel;Building;Building;Building;Building,72 CORNERSTONE MR NE;1745 CORNERSTONE BV NE;1747 CORNERSTONE BV NE;1743 CORNERSTONE BV NE;1741 CORNERSTONE BV NE,"MULTIPOINT (-113.93976364500418 51.16421674389641,-113.93857864991946 51.16500934754596,-113.93857706613163 51.165060721982016,-113.93858023750028 51.16495511443508,-113.93856970864601 51.16490563942253)","{""type"":""MultiPoint"",""coordinates"":[[-113.9397636,51.1642167],[-113.9385786,51.1650093],[-113.9385771,51.1650607],[-113.9385802,51.1649551],[-113.9385697,51.1649056]]}",POINT (-113.93976364500418 51.16421674389641),1741 CORNERSTONE BV NE,a,
BP2019-10323,Completed,2019-08-02,2019,2019-08-21,2020-04-01,2020,Commercial / Multi Family Project,Building,1606 - Ths Townhouse,Townhouse,Residential,New,New,New,row house 6 plex (building 7),TRUMAN HOMES 1995,,,6,"$1,309,441",48,48,1711 CORNERSTONE BV NE,CNS,CORNERSTONE,51.16421674,-113.9397636,7,Titled Parcel;Building;Building;Building;Building;Building;Building,72 CORNERSTONE MR NE;1715 CORNERSTONE BV NE;1717 CORNERSTONE BV NE;1713 CORNERSTONE BV NE;1721 CORNERSTONE BV NE;1719 CORNERSTONE BV NE;1711 CORNERSTONE BV NE,"MULTIPOINT (-113.93976364500418 51.16421674389641,-113.93856549199623 51.16437737536591,-113.93855974006115 51.16443445598202,-113.93856366950132 51.16432861509402,-113.93855960893083 51.164533161161046,-113.93856346728978 51.1644808350229,-113.93856373743819 51.164277473583915)","{""type"":""MultiPoint"",""coordinates"":[[-113.9397636,51.1642167],[-113.9385655,51.1643774],[-113.9385597,51.1644345],[-113.9385637,51.1643286],[-113.9385596,51.1645332],[-113.9385635,51.1644808],[-113.9385637,51.1642775]]}",POINT (-113.93976364500418 51.16421674389641),1711 CORNERSTONE BV NE,a,
BP2019-11621,Completed,2019-08-27,2019,2019-09-09,2020-04-17,2020,Commercial / Multi Family Project,Building,1606 - Ths Townhouse,Townhouse,Residential,New,New,New,"9.10.15. 6 Unit Rowhouse, Building 4",TRUMAN HOMES 1995,,,6,"$1,307,683",48,48,6467 128 AV NE,CNS,CORNERSTONE,51.16421674,-113.9397636,7,Titled Parcel;Building;Building;Building;Building;Building;Building,72 CORNERSTONE MR NE;6475 128 AV NE;6471 128 AV NE;6473 128 AV NE;6467 128 AV NE;6469 128 AV NE;6477 128 AV NE,"MULTIPOINT (-113.93976364500418 51.16421674389641,-113.93889323631642 51.165121773765655,-113.93906422388916 51.1651209100618,-113.93897193217113 51.16512086195289,-113.93922008697164 51.16511814145655,-113.93913535874701 51.16511809740587,-113.93881152616326 51.165120778164784)","{""type"":""MultiPoint"",""coordinates"":[[-113.9397636,51.1642167],[-113.9388932,51.1651218],[-113.9390642,51.1651209],[-113.9389719,51.1651209],[-113.9392201,51.1651181],[-113.9391354,51.1651181],[-113.9388115,51.1651208]]}",POINT (-113.93976364500418 51.16421674389641),6467 128 AV NE,a,
BP2019-13192,Completed,2019-09-25,2019,2019-10-16,2020-04-27,2020,Commercial / Multi Family Project,Building,1606 - Ths Townhouse,Townhouse,Residential,New,New,New,4 plex roe house,TRUMAN HOMES 1995,,,4,"$873,148",48,48,#414 72 CORNERSTONE MR NE,CNS,CORNERSTONE,51.16421674,-113.9397636,5,Titled Parcel;Building;Building;Building;Building,72 CORNERSTONE MR NE;#418 72 CORNERSTONE MR NE;#416 72 CORNERSTONE MR NE;#414 72 CORNERSTONE MR NE;#420 72 CORNERSTONE MR NE,"MULTIPOINT (-113.93976364500418 51.16421674389641,-113.93987268413892 51.16450839399501,-113.93987260992354 51.164565477592106,-113.93987027724017 51.16461114330097,-113.93987501867285 51.16446129894796)","{""type"":""MultiPoint"",""coordinates"":[[-113.9397636,51.1642167],[-113.9398727,51.1645084],[-113.9398726,51.1645655],[-113.9398703,51.1646111],[-113.939875,51.1644613]]}",POINT (-113.93976364500418 51.16421674389641),72 CORNERSTONE MR NE,a,
BP2019-13194,Completed,2019-09-25,2019,2019-10-11,2020-05-04,2020,Commercial / Multi Family Project,Building,1606 - Ths Townhouse,Townhouse,Residential,New,New,New,4 plex row house,TRUMAN HOMES 1995,,,4,"$873,148",48,48,#402 72 CORNERSTONE MR NE,CNS,CORNERSTONE,51.16421674,-113.9397636,5,Titled Parcel;Building;Building;Building;Building,72 CORNERSTONE MR NE;#402 72 CORNERSTONE MR NE;#406 72 CORNERSTONE MR NE;#408 72 CORNERSTONE MR NE;#404 72 CORNERSTONE MR NE,"MULTIPOINT (-113.93976364500418 51.16421674389641,-113.93986542575014 51.16485660043057,-113.93986784195354 51.16474671343227,-113.93987243366395 51.16470104888562,-113.93986776773156 51.16480379702704)","{""type"":""MultiPoint"",""coordinates"":[[-113.9397636,51.1642167],[-113.9398654,51.1648566],[-113.9398678,51.1647467],[-113.9398724,51.164701],[-113.9398678,51.1648038]]}",POINT (-113.93976364500418 51.16421674389641),72 CORNERSTONE MR NE,a,
BP2019-13195,Completed,2019-09-25,2019,2019-10-11,2020-06-11,2020,Commercial / Multi Family Project,Building,1606 - Ths Townhouse,Townhouse,Residential,New,New,New,4 plex row house,TRUMAN HOMES 1995,,,4,"$873,148",48,48,#316 72 CORNERSTONE MR NE,CNS,CORNERSTONE,51.16421674,-113.9397636,5,Titled Parcel;Building;Building;Building;Building,72 CORNERSTONE MR NE;#316 72 CORNERSTONE MR NE;#322 72 CORNERSTONE MR NE;#318 72 CORNERSTONE MR NE;#320 72 CORNERSTONE MR NE,"MULTIPOINT (-113.93976364500418 51.16421674389641,-113.93938414180087 51.16493056076851,-113.93962700357187 51.16492925701508,-113.93946813180519 51.164926325232116,-113.93955209817881 51.16492921833499)","{""type"":""MultiPoint"",""coordinates"":[[-113.9397636,51.1642167],[-113.9393841,51.1649306],[-113.939627,51.1649293],[-113.9394681,51.1649263],[-113.9395521,51.1649292]]}",POINT (-113.93976364500418 51.16421674389641),72 CORNERSTONE MR NE,a,
BP2019-13196,Completed,2019-09-25,2019,2019-10-15,2020-08-14,2020,Commercial / Multi Family Project,Building,1606 - Ths Townhouse,Townhouse,Residential,New,New,New,5 plex row house,TRUMAN HOMES 1995,,,5,"$1,090,227",48,48,#302 72 CORNERSTONE MR NE,CNS,CORNERSTONE,51.16421674,-113.9397636,6,Titled Parcel;Building;Building;Building;Building;Building,72 CORNERSTONE MR NE;#302 72 CORNERSTONE MR NE;#306 72 CORNERSTONE MR NE;#310 72 CORNERSTONE MR NE;#304 72 CORNERSTONE MR NE;#308 72 CORNERSTONE MR NE,"MULTIPOINT (-113.93976364500418 51.16421674389641,-113.93890748670675 51.16493031282253,-113.93907773072114 51.16492897226466,-113.93922980427874 51.164926201673,-113.93898239398654 51.164928922578156,-113.9391435465572 51.16492615683367)","{""type"":""MultiPoint"",""coordinates"":[[-113.9397636,51.1642167],[-113.9389075,51.1649303],[-113.9390777,51.164929],[-113.9392298,51.1649262],[-113.9389824,51.1649289],[-113.9391435,51.1649262]]}",POINT (-113.93976364500418 51.16421674389641),72 CORNERSTONE MR NE,a,
BP2019-13197,Completed,2019-09-25,2019,2019-10-15,2020-09-16,2020,Commercial / Multi Family Project,Building,1606 - Ths Townhouse,Townhouse,Residential,New,New,New,5 plex row house,TRUMAN HOMES 1995,,,5,"$1,090,227",48,48,#202 72 CORNERSTONE MR NE,CNS,CORNERSTONE,51.16421674,-113.9397636,6,Titled Parcel;Building;Building;Building;Building;Building,72 CORNERSTONE MR NE;#210 72 CORNERSTONE MR NE;#204 72 CORNERSTONE MR NE;#202 72 CORNERSTONE MR NE;#208 72 CORNERSTONE MR NE;#206 72 CORNERSTONE MR NE,"MULTIPOINT (-113.93976364500418 51.16421674389641,-113.93889856418915 51.16481186187329,-113.93889876594147 51.16465915651683,-113.93890111089283 51.164604932783504,-113.93889409596164 51.16476333395664,-113.93889642851477 51.16470768087967)","{""type"":""MultiPoint"",""coordinates"":[[-113.9397636,51.1642167],[-113.9388986,51.1648119],[-113.9388988,51.1646592],[-113.9389011,51.1646049],[-113.9388941,51.1647633],[-113.9388964,51.1647077]]}",POINT (-113.93976364500418 51.16421674389641),72 CORNERSTONE MR NE,a,
BP2019-13198,Completed,2019-09-25,2019,2019-10-16,2020-09-10,2020,Commercial / Multi Family Project,Building,1606 - Ths Townhouse,Townhouse,Residential,New,New,New,4 plex row house,TRUMAN HOMES 1995,,,4,"$873,148",48,48,#114 72 CORNERSTONE MR NE,CNS,CORNERSTONE,51.16421674,-113.9397636,5,Titled Parcel;Building;Building;Building;Building,72 CORNERSTONE MR NE;#116 72 CORNERSTONE MR NE;#118 72 CORNERSTONE MR NE;#114 72 CORNERSTONE MR NE;#120 72 CORNERSTONE MR NE,"MULTIPOINT (-113.93976364500418 51.16421674389641,-113.9391577767667 51.164466636488065,-113.93907379696032 51.16446374309479,-113.93923949076765 51.164463829270204,-113.93899208294957 51.164466550196906)","{""type"":""MultiPoint"",""coordinates"":[[-113.9397636,51.1642167],[-113.9391578,51.1644666],[-113.9390738,51.1644637],[-113.9392395,51.1644638],[-113.9389921,51.1644666]]}",POINT (-113.93976364500418 51.16421674389641),72 CORNERSTONE MR NE,a,
BP2019-13199,Completed,2019-09-25,2019,2019-10-17,2020-06-11,2020,Commercial / Multi Family Project,Building,1606 - Ths Townhouse,Townhouse,Residential,New,New,New,4 plex row house,TRUMAN HOMES 1995,,,4,"$873,148",48,48,#102 72 CORNERSTONE MR NE,CNS,CORNERSTONE,51.16421674,-113.9397636,5,Titled Parcel;Building;Building;Building;Building,72 CORNERSTONE MR NE;#106 72 CORNERSTONE MR NE;#108 72 CORNERSTONE MR NE;#104 72 CORNERSTONE MR NE;#102 72 CORNERSTONE MR NE,"MULTIPOINT (-113.93976364500418 51.16421674389641,-113.93944603629627 51.16446107768694,-113.9393643204386 51.1644653143864,-113.93954137019873 51.16446255633261,-113.93961626053843 51.16446259501194)","{""type"":""MultiPoint"",""coordinates"":[[-113.9397636,51.1642167],[-113.939446,51.1644611],[-113.9393643,51.1644653],[-113.9395414,51.1644626],[-113.9396163,51.1644626]]}",POINT (-113.93976364500418 51.16421674389641),72 CORNERSTONE MR NE,a,
BP2019-11620,Completed,2019-08-27,2019,2019-09-09,2021-03-25,2021,Commercial / Multi Family Project,Building,1606 - Ths Townhouse,Townhouse,Residential,New,New,New,"6 Unit Rowhouse, Building 3",TRUMAN HOMES 1995,,,6,"$1,307,683",48,48,6451 128 AV NE,CNS,CORNERSTONE,51.16421674,-113.9397636,7,Titled Parcel;Building;Building;Building;Building;Building;Building,72 CORNERSTONE MR NE;6457 128 AV NE;6459 128 AV NE;6453 128 AV NE;6455 128 AV NE;6451 128 AV NE;6461 128 AV NE,"MULTIPOINT (-113.93976364500418 51.16421674389641,-113.939661944623 51.16511741729424,-113.93958023321561 51.16511737512171,-113.93983141290153 51.16511940137216,-113.93975273260484 51.16511936087902,-113.93991160751753 51.16512039548228,-113.93950759837257 51.16511923438043)","{""type"":""MultiPoint"",""coordinates"":[[-113.9397636,51.1642167],[-113.9396619,51.1651174],[-113.9395802,51.1651174],[-113.9398314,51.1651194],[-113.9397527,51.1651194],[-113.9399116,51.1651204],[-113.9395076,51.1651192]]}",POINT (-113.93976364500418 51.16421674389641),6451 128 AV NE,a,
BP2021-15749,Completed,2021-09-08,2021,2021-10-13,2022-12-14,2022,Commercial / Multi Family Project,Building,1606 - Ths Townhouse,Townhouse,Residential,New,New,New,5-Unit Residential Rowhouse - Building 11; located at 50 CORNERSTONE PS NE,TRUMAN HOMES 1995,,TRUMAN HOMES 1995,5,"$1,164,743",48,48,16 CORNERSTONE PS NE,CNS,CORNERSTONE,51.16422287,-113.9430277,6,Titled Parcel;Building;Building;Building;Building;Building,14 CORNERSTONE PS NE;22 CORNERSTONE PS NE;16 CORNERSTONE PS NE;18 CORNERSTONE PS NE;24 CORNERSTONE PS NE;20 CORNERSTONE PS NE,"MULTIPOINT (-113.9430276572602 51.16422287377884,-113.94331936385736 51.164284557929896,-113.9430549298391 51.16428656902383,-113.94314686420873 51.164285193389524,-113.943413553726 51.16428603286585,-113.94322743035478 51.16428523251537)","{""type"":""MultiPoint"",""coordinates"":[[-113.9430277,51.1642229],[-113.9433194,51.1642846],[-113.9430549,51.1642866],[-113.9431469,51.1642852],[-113.9434136,51.164286],[-113.9432274,51.1642852]]}",POINT (-113.9430276572602 51.16422287377884),16 CORNERSTONE PS NE,a,
BP2021-07268,Completed,2021-04-30,2021,2021-05-20,2022-05-25,2022,Commercial / Multi Family Project,Building,1606 - Ths Townhouse,Townhouse,Residential,New,New,New,Group C - Residential (4 unit rowhouse),TRUMAN HOMES 1995,,TRUMAN HOMES 1995,4,"$795,561",48,48,#301 50 CORNERSTONE PS NE,CNS,CORNERSTONE,51.16422338,-113.9440814,5,Titled Parcel;Building;Building;Building;Building,50 CORNERSTONE PS NE;#303 50 CORNERSTONE PS NE;#301 50 CORNERSTONE PS NE;#302 50 CORNERSTONE PS NE;#304 50 CORNERSTONE PS NE,"MULTIPOINT (-113.9440813638201 51.16422338218834,-113.94431135988627 51.165036506670994,-113.94430957999948 51.164947311528394,-113.94430952629573 51.16499190865065,-113.94431130045768 51.16508585926066)","{""type"":""MultiPoint"",""coordinates"":[[-113.9440814,51.1642234],[-113.9443114,51.1650365],[-113.9443096,51.1649473],[-113.9443095,51.1649919],[-113.9443113,51.1650859]]}",POINT (-113.9440813638201 51.16422338218834),50 CORNERSTONE PS NE,a,
BP2021-07269,Completed,2021-04-30,2021,2021-05-20,2022-05-25,2022,Commercial / Multi Family Project,Building,1606 - Ths Townhouse,Townhouse,Residential,New,New,New,Group C - Residential (7 Unit Rowhouse),TRUMAN HOMES 1995,,TRUMAN HOMES 1995,7,"$1,452,848",48,48,#201 50 CORNERSTONE PS NE,CNS,CORNERSTONE,51.16422338,-113.9440814,8,Titled Parcel;Building;Building;Building;Building;Building;Building;Building,50 CORNERSTONE PS NE;#203 50 CORNERSTONE PS NE;#201 50 CORNERSTONE PS NE;#207 50 CORNERSTONE PS NE;#204 50 CORNERSTONE PS NE;#202 50 CORNERSTONE PS NE;#206 50 CORNERSTONE PS NE;#205 50 CORNERSTONE PS NE,"MULTIPOINT (-113.9440813638201 51.16422338218834,-113.94430328816912 51.16467497016774,-113.94430623438252 51.1645792328781,-113.9443077714997 51.16487000954304,-113.94430416807556 51.16472789205841,-113.94430522844168 51.164630967251405,-113.94430594938362 51.164815891595225,-113.9443060030905 51.1647712944716)","{""type"":""MultiPoint"",""coordinates"":[[-113.9440814,51.1642234],[-113.9443033,51.164675],[-113.9443062,51.1645792],[-113.9443078,51.16487],[-113.9443042,51.1647279],[-113.9443052,51.164631],[-113.9443059,51.1648159],[-113.944306,51.1647713]]}",POINT (-113.9440813638201 51.16422338218834),50 CORNERSTONE PS NE,a,
BP2021-07282,Completed,2021-04-30,2021,2021-05-20,2022-06-20,2022,Commercial / Multi Family Project,Building,1606 - Ths Townhouse,Townhouse,Residential,New,New,New,Group C - Residential (8 Unit Rowhouse) Building 4,TRUMAN HOMES 1995,,TRUMAN HOMES 1995,8,"$1,258,704",48,48,6303 128 AV NE,CNS,CORNERSTONE,51.16422338,-113.9440814,9,Titled Parcel;Building;Building;Building;Building;Building;Building;Building;Building,50 CORNERSTONE PS NE;6309 128 AV NE;6307 128 AV NE;6317 128 AV NE;6305 128 AV NE;6303 128 AV NE;6313 128 AV NE;6311 128 AV NE;6315 128 AV NE,"MULTIPOINT (-113.9440813638201 51.16422338218834,-113.94385033919036 51.16510021997049,-113.94391729707554 51.165098822750615,-113.94359554538552 51.16510723510209,-113.94397915024078 51.16509778262998,-113.94404043191936 51.165096391610916,-113.9437255015869 51.16510372883679,-113.94377997844732 51.165101615516804,-113.94366137507281 51.16510476772854)","{""type"":""MultiPoint"",""coordinates"":[[-113.9440814,51.1642234],[-113.9438503,51.1651002],[-113.9439173,51.1650988],[-113.9435955,51.1651072],[-113.9439792,51.1650978],[-113.9440404,51.1650964],[-113.9437255,51.1651037],[-113.94378,51.1651016],[-113.9436614,51.1651048]]}",POINT (-113.9440813638201 51.16422338218834),6303 128 AV NE,a,
BP2021-07285,Completed,2021-04-30,2021,2021-05-20,2022-07-05,2022,Commercial / Multi Family Project,Building,1606 - Ths Townhouse,Townhouse,Residential,New,New,New,Group C - Residential (8 Unit Rowhouse) Building 5,TRUMAN HOMES 1995,,TRUMAN HOMES 1995,8,"$1,261,282",48,48,6323 128 AV NE,CNS,CORNERSTONE,51.16422338,-113.9440814,9,Titled Parcel;Building;Building;Building;Building;Building;Building;Building;Building,50 CORNERSTONE PS NE;6323 128 AV NE;6337 128 AV NE;6327 128 AV NE;6331 128 AV NE;6333 128 AV NE;6329 128 AV NE;6325 128 AV NE;6335 128 AV NE,"MULTIPOINT (-113.9440813638201 51.16422338218834,-113.94349624737157 51.165107546766116,-113.94304682359734 51.16511053810378,-113.94336913988674 51.16510819547956,-113.94323180953769 51.16510883909469,-113.94317790629738 51.16510953208949,-113.94330671565639 51.16510852482665,-113.9434309917681 51.16510822540432,-113.94311719823116 51.165109502587086)","{""type"":""MultiPoint"",""coordinates"":[[-113.9440814,51.1642234],[-113.9434962,51.1651075],[-113.9430468,51.1651105],[-113.9433691,51.1651082],[-113.9432318,51.1651088],[-113.9431779,51.1651095],[-113.9433067,51.1651085],[-113.943431,51.1651082],[-113.9431172,51.1651095]]}",POINT (-113.9440813638201 51.16422338218834),6323 128 AV NE,a,
BP2021-15665,Completed,2021-09-07,2021,2021-10-13,2022-09-09,2022,Commercial / Multi Family Project,Building,1606 - Ths Townhouse,Townhouse,Residential,New,New,New,7-Unit Residential Rowhouse - Building 7; located at 50 CORNERSTONE PS NE,TRUMAN HOMES 1995,,TRUMAN HOMES 1995,7,"$1,633,923",48,48,#501 50 CORNERSTONE PS NE,CNS,CORNERSTONE,51.16422338,-113.9440814,9,Titled Parcel;Titled Parcel;Building;Building;Building;Building;Building;Building;Building,50 CORNERSTONE PS NE;#500 50 CORNERSTONE PS NE;#505 50 CORNERSTONE PS NE;#501 50 CORNERSTONE PS NE;#502 50 CORNERSTONE PS NE;#503 50 CORNERSTONE PS NE;#504 50 CORNERSTONE PS NE;#506 50 CORNERSTONE PS NE;#507 50 CORNERSTONE PS NE,"MULTIPOINT (-113.9440813638201 51.16422338218834,-113.94375022935849 51.16447493081233,-113.94366393353181 51.16470638814432,-113.94366041877112 51.16448138703873,-113.94366110468951 51.16454036779854,-113.94366482689158 51.164595079984316,-113.94366400537847 51.1646474077511,-113.94366538069094 51.164762528571124,-113.94366455570403 51.164817706021545)","{""type"":""MultiPoint"",""coordinates"":[[-113.9440814,51.1642234],[-113.9437502,51.1644749],[-113.9436639,51.1647064],[-113.9436604,51.1644814],[-113.9436611,51.1645404],[-113.9436648,51.1645951],[-113.943664,51.1646474],[-113.9436654,51.1647625],[-113.9436646,51.1648177]]}",POINT (-113.9440813638201 51.16422338218834),50 CORNERSTONE PS NE,a,
BP2021-15666,Completed,2021-09-07,2021,2021-10-13,2022-09-15,2022,Commercial / Multi Family Project,Building,1606 - Ths Townhouse,Townhouse,Residential,New,New,New,6-Unit Residential Rowhouse - Building 8; located at 50 CORNERSTONE PS NE,TRUMAN HOMES 1995,,TRUMAN HOMES 1995,6,"$1,396,291",48,48,30 CORNERSTONE PS NE,CNS,CORNERSTONE,51.16422338,-113.9440814,8,Titled Parcel;Titled Parcel;Building;Building;Building;Building;Building;Building,50 CORNERSTONE PS NE;28 CORNERSTONE PS NE;32 CORNERSTONE PS NE;34 CORNERSTONE PS NE;36 CORNERSTONE PS NE;30 CORNERSTONE PS NE;40 CORNERSTONE PS NE;38 CORNERSTONE PS NE,"MULTIPOINT (-113.9440813638201 51.16422338218834,-113.94353246555444 51.164227613305854,-113.94364960293467 51.16428757614325,-113.94373244151667 51.16428832619025,-113.9438243776062 51.16428552068603,-113.94356334814168 51.164286105225656,-113.94399572739874 51.16428988186623,-113.94390835738882 51.164288410669144)","{""type"":""MultiPoint"",""coordinates"":[[-113.9440814,51.1642234],[-113.9435325,51.1642276],[-113.9436496,51.1642876],[-113.9437324,51.1642883],[-113.9438244,51.1642855],[-113.9435633,51.1642861],[-113.9439957,51.1642899],[-113.9439084,51.1642884]]}",POINT (-113.9440813638201 51.16422338218834),30 CORNERSTONE PS NE,a,
BP2021-15667,Completed,2021-09-07,2021,2021-10-14,2022-11-03,2022,Commercial / Multi Family Project,Building,1606 - Ths Townhouse,Townhouse,Residential,New,New,New,8-Unit Residential Rowhouse - Building 9; located at 50 CORNERSTONE PS NE,TRUMAN HOMES 1995,,TRUMAN HOMES 1995,8,"$1,859,465",48,48,#601 50 CORNERSTONE PS NE,CNS,CORNERSTONE,51.16422338,-113.9440814,10,Titled Parcel;Titled Parcel;Building;Building;Building;Building;Building;Building;Building;Building,50 CORNERSTONE PS NE;#600 50 CORNERSTONE PS NE;#602 50 CORNERSTONE PS NE;#607 50 CORNERSTONE PS NE;#603 50 CORNERSTONE PS NE;#601 50 CORNERSTONE PS NE;#605 50 CORNERSTONE PS NE;#608 50 CORNERSTONE PS NE;#606 50 CORNERSTONE PS NE;#604 50 CORNERSTONE PS NE,"MULTIPOINT (-113.9440813638201 51.16422338218834,-113.94329537056596 51.16446122689851,-113.94337892881295 51.16452838334162,-113.94338238425345 51.16480072338708,-113.94337980838534 51.16458071193037,-113.94337993796681 51.16447486904607,-113.94338156946341 51.16469547335992,-113.94338325801293 51.16485780744158,-113.9433815097697 51.16474423264185,-113.94337973996242 51.16463659992108)","{""type"":""MultiPoint"",""coordinates"":[[-113.9440814,51.1642234],[-113.9432954,51.1644612],[-113.9433789,51.1645284],[-113.9433824,51.1648007],[-113.9433798,51.1645807],[-113.9433799,51.1644749],[-113.9433816,51.1646955],[-113.9433833,51.1648578],[-113.9433815,51.1647442],[-113.9433797,51.1646366]]}",POINT (-113.9440813638201 51.16422338218834),50 CORNERSTONE PS NE,a,
BP2021-15748,Completed,2021-09-08,2021,2021-10-13,2022-12-08,2022,Commercial / Multi Family Project,Building,1606 - Ths Townhouse,Townhouse,Residential,New,New,New,8-Unit Residential Rowhouse - Building 10; located at 50 CORNERSTONE PS NE,TRUMAN HOMES 1995,,TRUMAN HOMES 1995,8,"$1,859,465",48,48,#701 50 CORNERSTONE PS NE,CNS,CORNERSTONE,51.16422338,-113.9440814,10,Titled Parcel;Titled Parcel;Building;Building;Building;Building;Building;Building;Building;Building,50 CORNERSTONE PS NE;#700 50 CORNERSTONE PS NE;#707 50 CORNERSTONE PS NE;#702 50 CORNERSTONE PS NE;#705 50 CORNERSTONE PS NE;#704 50 CORNERSTONE PS NE;#703 50 CORNERSTONE PS NE;#706 50 CORNERSTONE PS NE;#701 50 CORNERSTONE PS NE;#708 50 CORNERSTONE PS NE,"MULTIPOINT (-113.9440813638201 51.16422338218834,-113.94313089204401 51.16446114705841,-113.94306150177255 51.164801520543094,-113.94305956142423 51.1645310780201,-113.94306276569829 51.16469234309261,-113.94306055914463 51.164638117061806,-113.94306063031073 51.16458031429869,-113.9430649731314 51.16474585894898,-113.94305963258023 51.16447328424547,-113.94306256100516 51.16485860469032)","{""type"":""MultiPoint"",""coordinates"":[[-113.9440814,51.1642234],[-113.9431309,51.1644611],[-113.9430615,51.1648015],[-113.9430596,51.1645311],[-113.9430628,51.1646923],[-113.9430606,51.1646381],[-113.9430606,51.1645803],[-113.943065,51.1647459],[-113.9430596,51.1644733],[-113.9430626,51.1648586]]}",POINT (-113.9440813638201 51.16422338218834),50 CORNERSTONE PS NE,a,
BP2021-15753,Completed,2021-09-08,2021,2021-10-14,2022-12-29,2022,Commercial / Multi Family Project,Building,1606 - Ths Townhouse,Townhouse,Residential,New,New,New,7-Unit Residential Rowhouse - Building 14; located at 1201 CORNERSTONE ST NE,TRUMAN HOMES 1995,,TRUMAN HOMES 1995,7,"$1,458,863",48,48,1203 CORNERSTONE ST NE,CNS,CORNERSTONE,51.16424965,-113.9426358,9,Titled Parcel;Titled Parcel;Building;Building;Building;Building;Building;Building;Building,1201 CORNERSTONE ST NE;50 CORNERSTONE PS NE;1215 CORNERSTONE ST NE;1207 CORNERSTONE ST NE;1213 CORNERSTONE ST NE;1203 CORNERSTONE ST NE;1211 CORNERSTONE ST NE;1205 CORNERSTONE ST NE;1209 CORNERSTONE ST NE,"MULTIPOINT (-113.94263578835172 51.1642496509301,-113.9440813638201 51.16422338218834,-113.94273721423629 51.16456161100067,-113.9427351805287 51.16437965254665,-113.94273727519884 51.16451237527195,-113.94272963431725 51.16427475977292,-113.94273507538517 51.16446456777445,-113.94273524503267 51.1643275581415,-113.94273853385504 51.164419612733234)","{""type"":""MultiPoint"",""coordinates"":[[-113.9426358,51.1642497],[-113.9440814,51.1642234],[-113.9427372,51.1645616],[-113.9427352,51.1643797],[-113.9427373,51.1645124],[-113.9427296,51.1642748],[-113.9427351,51.1644646],[-113.9427352,51.1643276],[-113.9427385,51.1644196]]}",POINT (-113.94263578835172 51.1642496509301),1203 CORNERSTONE ST NE,a,
BP2021-15664,Completed,2021-09-07,2021,2021-10-14,2022-08-17,2022,Commercial / Multi Family Project,Building,1606 - Ths Townhouse,Townhouse,Residential,New,New,New,8-Unit Residential Rowhouse - Building 6; located at 50 CORNERSTONE PS NE.,TRUMAN HOMES 1995,,TRUMAN HOMES 1995,8,"$1,904,125",48,48,#401 50 CORNERSTONE PS NE,CNS,CORNERSTONE,51.16446602,-113.9439216,10,Titled Parcel;Titled Parcel;Building;Building;Building;Building;Building;Building;Building;Building,#400 50 CORNERSTONE PS NE;50 CORNERSTONE PS NE;#403 50 CORNERSTONE PS NE;#404 50 CORNERSTONE PS NE;#402 50 CORNERSTONE PS NE;#406 50 CORNERSTONE PS NE;#407 50 CORNERSTONE PS NE;#405 50 CORNERSTONE PS NE;#401 50 CORNERSTONE PS NE;#408 50 CORNERSTONE PS NE,"MULTIPOINT (-113.9439215959347 51.164466023534885,-113.9440813638201 51.16422338218834,-113.94398563251112 51.16458572308655,-113.94398782758059 51.1646385197565,-113.94398645423622 51.164532918871025,-113.94398769102789 51.164751266608114,-113.9439861292866 51.16480121179099,-113.94398699778722 51.164697985222645,-113.94398424661784 51.16447868386626,-113.94398755333107 51.16486495735954)","{""type"":""MultiPoint"",""coordinates"":[[-113.9439216,51.164466],[-113.9440814,51.1642234],[-113.9439856,51.1645857],[-113.9439878,51.1646385],[-113.9439865,51.1645329],[-113.9439877,51.1647513],[-113.9439861,51.1648012],[-113.943987,51.164698],[-113.9439842,51.1644787],[-113.9439876,51.164865]]}",POINT (-113.9439215959347 51.164466023534885),50 CORNERSTONE PS NE,a,
BP2021-15751,Completed,2021-09-08,2021,2021-10-13,2023-01-17,2023,Commercial / Multi Family Project,Building,1606 - Ths Townhouse,Townhouse,Residential,New,New,New,6-Unit Residential Rowhouse - Building 13; located at 1219 CORNERSTONE ST NE,TRUMAN HOMES 1995,,TRUMAN HOMES 1995,6,"$1,255,061",48,48,1221 CORNERSTONE ST NE,CNS,CORNERSTONE,51.16463171,-113.9426351,8,Titled Parcel;Titled Parcel;Building;Building;Building;Building;Building;Building,1219 CORNERSTONE ST NE;50 CORNERSTONE PS NE;1227 CORNERSTONE ST NE;1223 CORNERSTONE ST NE;1229 CORNERSTONE ST NE;1231 CORNERSTONE ST NE;1225 CORNERSTONE ST NE;1221 CORNERSTONE ST NE,"MULTIPOINT (-113.9426351428901 51.16463170644243,-113.9440813638201 51.16422338218834,-113.94273920130709 51.164792796193204,-113.94273819372005 51.1646943241864,-113.94273802055065 51.16483418349579,-113.9427413562488 51.16488841008358,-113.94274039619663 51.164739992170716,-113.94273825468183 51.16464508845879)","{""type"":""MultiPoint"",""coordinates"":[[-113.9426351,51.1646317],[-113.9440814,51.1642234],[-113.9427392,51.1647928],[-113.9427382,51.1646943],[-113.942738,51.1648342],[-113.9427414,51.1648884],[-113.9427404,51.16474],[-113.9427383,51.1646451]]}",POINT (-113.9426351428901 51.16463170644243),1221 CORNERSTONE ST NE,a,
BP2021-15750,Completed,2021-09-08,2021,2021-10-13,2023-01-24,2023,Commercial / Multi Family Project,Building,1606 - Ths Townhouse,Townhouse,Residential,New,New,New,3-Unit Residential Rowhouse - Building 12; located at 128 AV NE,TRUMAN HOMES 1995,,TRUMAN HOMES 1995,3,"$601,354",48,48,6343 128 AV NE,CNS,CORNERSTONE,51.16513973,-113.9428696,5,Titled Parcel;Titled Parcel;Building;Building;Building,6341 128 AV NE;50 CORNERSTONE PS NE;6345 128 AV NE;6347 128 AV NE;6343 128 AV NE,"MULTIPOINT (-113.94286962453054 51.16513973066063,-113.9440813638201 51.16422338218834,-113.94285399455782 51.16503766468937,-113.94279388126951 51.16500766415665,-113.9429084330711 51.16506658367604)","{""type"":""MultiPoint"",""coordinates"":[[-113.9428696,51.1651397],[-113.9440814,51.1642234],[-113.942854,51.1650377],[-113.9427939,51.1650077],[-113.9429084,51.1650666]]}",POINT (-113.94286962453054 51.16513973066063),6343 128 AV NE,a,
BP2022-09863,Completed,2022-06-07,2022,2022-08-25,2023-11-17,2023,Commercial / Multi Family Project,Building,1606 - Ths Townhouse,Townhouse,Residential,New,New,New,"New 6 unit rowhouse, Part 9, Group C occupancy",TRUMAN HOMES 1995,,TRUMAN HOMES 1995,6,"$1,419,447",48,48,717 CORNERSTONE BV NE,CNS,CORNERSTONE,51.15099294,-113.9394462,8,Titled Parcel;Titled Parcel;Building;Building;Building;Building;Building;Building,100 CORNERSTONE PR NE;6221 COUNTRY HILLS BV NE;709 CORNERSTONE BV NE;725 CORNERSTONE BV NE;705 CORNERSTONE BV NE;721 CORNERSTONE BV NE;713 CORNERSTONE BV NE;717 CORNERSTONE BV NE,"MULTIPOINT (-113.93944616876155 51.15099293784519,-113.9443814206454 51.154060830990325,-113.93857830506825 51.15093897944107,-113.93857801321457 51.15115883719516,-113.9385783784577 51.15088369362434,-113.9385780891587 51.151101627613954,-113.93857823252583 51.15099362699825,-113.93857918996434 51.15104762784673)","{""type"":""MultiPoint"",""coordinates"":[[-113.9394462,51.1509929],[-113.9443814,51.1540608],[-113.9385783,51.150939],[-113.938578,51.1511588],[-113.9385784,51.1508837],[-113.9385781,51.1511016],[-113.9385782,51.1509936],[-113.9385792,51.1510476]]}",POINT (-113.93944616876155 51.15099293784519),717 CORNERSTONE BV NE,a,
BP2022-09971,Completed,2022-06-08,2022,2022-08-03,2023-11-24,2023,Commercial / Multi Family Project,Building,1606 - Ths Townhouse,Townhouse,Residential,New,New,New,"New 5 unit rowhouse, Part 9, Group C occupancy",TRUMAN HOMES 1995,,TRUMAN HOMES 1995,5,"$1,186,293",48,48,106 CORNERSTONE PR NE,CNS,CORNERSTONE,51.15099294,-113.9394462,7,Titled Parcel;Titled Parcel;Building;Building;Building;Building;Building,100 CORNERSTONE PR NE;6221 COUNTRY HILLS BV NE;94 CORNERSTONE PR NE;106 CORNERSTONE PR NE;98 CORNERSTONE PR NE;110 CORNERSTONE PR NE;102 CORNERSTONE PR NE,"MULTIPOINT (-113.93944616876155 51.15099293784519,-113.9443814206454 51.154060830990325,-113.93929673916561 51.151314129631885,-113.93929815553072 51.15114970215226,-113.939296809103 51.15126082152191,-113.93929941082563 51.151097149779744,-113.9392980826468 51.1512052576541)","{""type"":""MultiPoint"",""coordinates"":[[-113.9394462,51.1509929],[-113.9443814,51.1540608],[-113.9392967,51.1513141],[-113.9392982,51.1511497],[-113.9392968,51.1512608],[-113.9392994,51.1510971],[-113.9392981,51.1512053]]}",POINT (-113.93944616876155 51.15099293784519),106 CORNERSTONE PR NE,a,
BP2022-09861,Completed,2022-06-07,2022,2022-08-25,2023-11-21,2023,Commercial / Multi Family Project,Building,1606 - Ths Townhouse,Townhouse,Residential,New,New,New,"New 7 unit rowhouse, Part 9, Group C occupancy",TRUMAN HOMES 1995,,TRUMAN HOMES 1995,7,"$1,652,708",48,48,51 CORNERSTONE LN NE,CNS,CORNERSTONE,51.15406083,-113.9443814,8,Titled Parcel;Building;Building;Building;Building;Building;Building;Building,6221 COUNTRY HILLS BV NE;43 CORNERSTONE LN NE;47 CORNERSTONE LN NE;55 CORNERSTONE LN NE;39 CORNERSTONE LN NE;51 CORNERSTONE LN NE;59 CORNERSTONE LN NE;35 CORNERSTONE LN NE,"MULTIPOINT (-113.9443814206454 51.154060830990325,-113.93922118211277 51.15154405256577,-113.93913609282255 51.15154400832339,-113.93896780098663 51.1515439206374,-113.93931100255644 51.15154409920096,-113.93904910249516 51.151543963028594,-113.93887892391581 51.151543874231606,-113.93939986611196 51.151543551959904)","{""type"":""MultiPoint"",""coordinates"":[[-113.9443814,51.1540608],[-113.9392212,51.1515441],[-113.9391361,51.151544],[-113.9389678,51.1515439],[-113.939311,51.1515441],[-113.9390491,51.151544],[-113.9388789,51.1515439],[-113.9393999,51.1515436]]}",POINT (-113.9443814206454 51.154060830990325),51 CORNERSTONE LN NE,a,
BP2022-16637,Completed,2022-09-28,2022,2022-11-09,2023-08-28,2023,Commercial / Multi Family Project,Building,1606 - Ths Townhouse,Townhouse,Residential,New,New,New,3-unit town house.,TRUMAN HOMES 1995,,TRUMAN HOMES 1995,3,"$623,178",48,48,31 CORNERSTONE PH NE,CNS,CORNERSTONE,51.15707996,-113.9415874,3,Titled Parcel;Titled Parcel;Titled Parcel,31 CORNERSTONE PH NE;35 CORNERSTONE PH NE;39 CORNERSTONE PH NE,"MULTIPOINT (-113.94158741826848 51.15707996222473,-113.94149144012599 51.15707991425976,-113.9413953276325 51.15708436092891)","{""type"":""MultiPoint"",""coordinates"":[[-113.9415874,51.15708],[-113.9414914,51.1570799],[-113.9413953,51.1570844]]}",POINT (-113.94158741826848 51.15707996222473),31 CORNERSTONE PH NE,a,
BP2022-16640,Completed,2022-09-28,2022,2022-10-19,2023-08-30,2023,Commercial / Multi Family Project,Building,1606 - Ths Townhouse,Townhouse,Residential,New,New,New,New 4 unit rowhouse units 43-55,TRUMAN HOMES 1995,,TRUMAN HOMES 1995,4,"$831,725",48,48,43 CORNERSTONE PH NE,CNS,CORNERSTONE,51.15708431,-113.9412903,4,Titled Parcel;Titled Parcel;Titled Parcel;Titled Parcel,43 CORNERSTONE PH NE;47 CORNERSTONE PH NE;55 CORNERSTONE PH NE;51 CORNERSTONE PH NE,"MULTIPOINT (-113.94129028630758 51.157084308258085,-113.94119399937537 51.15707976511392,-113.94101494601536 51.15706169584574,-113.94110716732726 51.15707073187073)","{""type"":""MultiPoint"",""coordinates"":[[-113.9412903,51.1570843],[-113.941194,51.1570798],[-113.9410149,51.1570617],[-113.9411072,51.1570707]]}",POINT (-113.94129028630758 51.157084308258085),43 CORNERSTONE PH NE,a,
BP2022-16660,Completed,2022-09-28,2022,2022-10-19,2023-07-31,2023,Commercial / Multi Family Project,Building,1606 - Ths Townhouse,Townhouse,Residential,New,New,New,New 3 Unit Rowhouse - units 59-67,TRUMAN HOMES 1995,,TRUMAN HOMES 1995,3,"$624,790",48,48,59 CORNERSTONE PH NE,CNS,CORNERSTONE,51.15709757,-113.9408386,3,Titled Parcel;Titled Parcel;Titled Parcel,63 CORNERSTONE PH NE;59 CORNERSTONE PH NE;67 CORNERSTONE PH NE,"MULTIPOINT (-113.9408385827919 51.15709756502613,-113.9409187562976 51.15707063686458,-113.94077467420628 51.157137985708864)","{""type"":""MultiPoint"",""coordinates"":[[-113.9408386,51.1570976],[-113.9409188,51.1570706],[-113.9407747,51.157138]]}",POINT (-113.9408385827919 51.15709756502613),59 CORNERSTONE PH NE,a,
BP2022-16575,Completed,2022-09-27,2022,2022-11-25,2023-08-16,2023,Commercial / Multi Family Project,Building,1606 - Ths Townhouse,Townhouse,Residential,New,New,New,New 4 Unit Rowhouse - units 71- 83,TRUMAN HOMES 1995,,TRUMAN HOMES 1995,4,"$831,725",48,48,6660 COUNTRY HILLS BV NE,CNS,CORNERSTONE,51.15734923,-113.9407454,5,Titled Parcel;Titled Parcel;Titled Parcel;Titled Parcel;Titled Parcel,83 CORNERSTONE PH NE;75 CORNERSTONE PH NE;6660 COUNTRY HILLS BV NE;79 CORNERSTONE PH NE;71 CORNERSTONE PH NE,"MULTIPOINT (-113.94074544144645 51.157349225567415,-113.9407157940316 51.15723684104589,-113.94455311534128 51.154568822893346,-113.94072151450061 51.157290781305235,-113.94073461277351 51.15718740800069)","{""type"":""MultiPoint"",""coordinates"":[[-113.9407454,51.1573492],[-113.9407158,51.1572368],[-113.9445531,51.1545688],[-113.9407215,51.1572908],[-113.9407346,51.1571874]]}",POINT (-113.94074544144645 51.157349225567415),6660 COUNTRY HILLS BV NE,a,
BP2022-16663,Completed,2022-09-28,2022,2022-10-19,2023-09-20,2023,Commercial / Multi Family Project,Building,1606 - Ths Townhouse,Townhouse,Residential,New,New,New,New 4 unit rowhouse units 87-99,TRUMAN HOMES 1995,,TRUMAN HOMES 1995,4,"$831,073",48,48,87 CORNERSTONE PH NE,CNS,CORNERSTONE,51.15741665,-113.9407501,4,Titled Parcel;Titled Parcel;Titled Parcel;Titled Parcel,87 CORNERSTONE PH NE;95 CORNERSTONE PH NE;91 CORNERSTONE PH NE;99 CORNERSTONE PH NE,"MULTIPOINT (-113.94075010113413 51.15741664962674,-113.94075009440557 51.15753351389997,-113.94075009201289 51.157479576540595,-113.94075007674579 51.15759194602847)","{""type"":""MultiPoint"",""coordinates"":[[-113.9407501,51.1574166],[-113.9407501,51.1575335],[-113.9407501,51.1574796],[-113.9407501,51.1575919]]}",POINT (-113.94075010113413 51.15741664962674),87 CORNERSTONE PH NE,a,
BP2022-17339,Completed,2022-10-12,2022,2023-04-13,2024-01-05,2024,Commercial / Multi Family Project,Building,1606 - Ths Townhouse,Townhouse,Residential,New,New,New,New 9 unit rowhouse-building #1,TRUMAN HOMES 1995,,,9,"$765,096",48,48,219 CORNERSTONE HT NE,CNS,CORNERSTONE,51.15771796,-113.9410672,10,Titled Parcel;Building;Building;Building;Building;Building;Building;Building;Building;Building,106 CORNERSTONE PH NE;235 CORNERSTONE HT NE;243 CORNERSTONE HT NE;227 CORNERSTONE HT NE;251 CORNERSTONE HT NE;239 CORNERSTONE HT NE;219 CORNERSTONE HT NE;247 CORNERSTONE HT NE;223 CORNERSTONE HT NE;231 CORNERSTONE HT NE,"MULTIPOINT (-113.94106718814992 51.15771796004619,-113.94146567483683 51.15779582991061,-113.94129736476782 51.15779218570567,-113.94165479079555 51.15779473776512,-113.94112716168613 51.15779328679315,-113.9413881393422 51.15779341784435,-113.94182688918468 51.157798392329326,-113.94121035967163 51.157794515256455,-113.94174179138678 51.157795967747,-113.94156968699542 51.157797077520996)","{""type"":""MultiPoint"",""coordinates"":[[-113.9410672,51.157718],[-113.9414657,51.1577958],[-113.9412974,51.1577922],[-113.9416548,51.1577947],[-113.9411272,51.1577933],[-113.9413881,51.1577934],[-113.9418269,51.1577984],[-113.9412104,51.1577945],[-113.9417418,51.157796],[-113.9415697,51.1577971]]}",POINT (-113.94106718814992 51.15771796004619),219 CORNERSTONE HT NE,a,
BP2022-17341,Completed,2022-10-12,2022,2023-04-13,2024-01-05,2024,Commercial / Multi Family Project,Building,1606 - Ths Townhouse,Townhouse,Residential,New,New,New,New 7 unit rowhouse-building #2,TRUMAN HOMES 1995,,,7,"$597,277",48,48,870 CORNERSTONE ST NE,CNS,CORNERSTONE,51.15771796,-113.9410672,8,Titled Parcel;Building;Building;Building;Building;Building;Building;Building,106 CORNERSTONE PH NE;858 CORNERSTONE ST NE;870 CORNERSTONE ST NE;878 CORNERSTONE ST NE;866 CORNERSTONE ST NE;882 CORNERSTONE ST NE;874 CORNERSTONE ST NE;862 CORNERSTONE ST NE,"MULTIPOINT (-113.94106718814992 51.15771796004619,-113.94209592637044 51.15740131313292,-113.9421032727688 51.15757376349236,-113.9420918099905 51.157674845414746,-113.94209579685449 51.157504782901306,-113.94210119227566 51.157728364905616,-113.94209376993747 51.15761656707116,-113.9420996446683 51.157457212056016)","{""type"":""MultiPoint"",""coordinates"":[[-113.9410672,51.157718],[-113.9420959,51.1574013],[-113.9421033,51.1575738],[-113.9420918,51.1576748],[-113.9420958,51.1575048],[-113.9421012,51.1577284],[-113.9420938,51.1576166],[-113.9420996,51.1574572]]}",POINT (-113.94106718814992 51.15771796004619),870 CORNERSTONE ST NE,a,
BP2022-17342,Completed,2022-10-12,2022,2023-04-13,2024-01-22,2024,Commercial / Multi Family Project,Building,1606 - Ths Townhouse,Townhouse,Residential,New,New,New,New 6 unit rowhouse-building #2,TRUMAN HOMES 1995,,,6,"$520,636",48,48,#22 106 CORNERSTONE PH NE,CNS,CORNERSTONE,51.15771796,-113.9410672,7,Titled Parcel;Building;Building;Building;Building;Building;Building,106 CORNERSTONE PH NE;#23 106 CORNERSTONE PH NE;#24 106 CORNERSTONE PH NE;#21 106 CORNERSTONE PH NE;#22 106 CORNERSTONE PH NE;#25 106 CORNERSTONE PH NE;#26 106 CORNERSTONE PH NE,"MULTIPOINT (-113.94106718814992 51.15771796004619,-113.94178930287566 51.15760809162921,-113.94178938218471 51.15754506586667,-113.94153778302464 51.15760202410098,-113.94165691328256 51.157608025675806,-113.94165511328913 51.15753904788756,-113.94152082487072 51.15754850077666)","{""type"":""MultiPoint"",""coordinates"":[[-113.9410672,51.157718],[-113.9417893,51.1576081],[-113.9417894,51.1575451],[-113.9415378,51.157602],[-113.9416569,51.157608],[-113.9416551,51.157539],[-113.9415208,51.1575485]]}",POINT (-113.94106718814992 51.15771796004619),106 CORNERSTONE PH NE,a,
BP2022-17343,Completed,2022-10-12,2022,2023-04-04,2024-01-22,2024,Commercial / Multi Family Project,Building,1606 - Ths Townhouse,Townhouse,Residential,New,New,New,6 Unit Residential Rowhouse -Phase 5- Building 4,TRUMAN HOMES 1995,,,6,"$520,636",48,48,#12 106 CORNERSTONE PH NE,CNS,CORNERSTONE,51.15771796,-113.9410672,7,Titled Parcel;Building;Building;Building;Building;Building;Building,106 CORNERSTONE PH NE;#12 106 CORNERSTONE PH NE;#14 106 CORNERSTONE PH NE;#16 106 CORNERSTONE PH NE;#11 106 CORNERSTONE PH NE;#13 106 CORNERSTONE PH NE;#15 106 CORNERSTONE PH NE,"MULTIPOINT (-113.94106718814992 51.15771796004619,-113.94123329803783 51.15760781363387,-113.94137333428867 51.15754128924191,-113.94112936500085 51.157544735573346,-113.94112739627968 51.15760895599615,-113.9413694555846 51.15761263743222,-113.94124283338348 51.157540037144514)","{""type"":""MultiPoint"",""coordinates"":[[-113.9410672,51.157718],[-113.9412333,51.1576078],[-113.9413733,51.1575413],[-113.9411294,51.1575447],[-113.9411274,51.157609],[-113.9413695,51.1576126],[-113.9412428,51.15754]]}",POINT (-113.94106718814992 51.15771796004619),106 CORNERSTONE PH NE,a,
BP2022-17344,Completed,2022-10-12,2022,2023-04-04,2024-01-22,2024,Commercial / Multi Family Project,Building,1606 - Ths Townhouse,Townhouse,Residential,New,New,New,9 Unit Residential Rowhouse - Building 5,TRUMAN HOMES 1995,,,9,"$765,096",48,48,34 CORNERSTONE PH NE,CNS,CORNERSTONE,51.15771796,-113.9410672,10,Titled Parcel;Building;Building;Building;Building;Building;Building;Building;Building;Building,106 CORNERSTONE PH NE;22 CORNERSTONE PH NE;46 CORNERSTONE PH NE;30 CORNERSTONE PH NE;34 CORNERSTONE PH NE;50 CORNERSTONE PH NE;18 CORNERSTONE PH NE;38 CORNERSTONE PH NE;26 CORNERSTONE PH NE;42 CORNERSTONE PH NE,"MULTIPOINT (-113.94106718814992 51.15771796004619,-113.94173475703525 51.15736546322654,-113.94121280655055 51.15736520209005,-113.94157211775453 51.157366568728335,-113.94147189782458 51.15736294977346,-113.94112580527366 51.15736515833609,-113.94182364231045 51.15736788070838,-113.94137544433083 51.15736528370896,-113.94165533227323 51.15736542363985,-113.94129790353941 51.15736761806754)","{""type"":""MultiPoint"",""coordinates"":[[-113.9410672,51.157718],[-113.9417348,51.1573655],[-113.9412128,51.1573652],[-113.9415721,51.1573666],[-113.9414719,51.1573629],[-113.9411258,51.1573652],[-113.9418236,51.1573679],[-113.9413754,51.1573653],[-113.9416553,51.1573654],[-113.9412979,51.1573676]]}",POINT (-113.94106718814992 51.15771796004619),34 CORNERSTONE PH NE,a,
BP2018-04544,Completed,2018-04-25,2018,2018-07-31,2019-07-25,2019,Commercial / Multi Family Project,Building,1606 - Ths Townhouse,Townhouse,Residential,New,New,New,Copper Stone Building 22 - Townhouses - 6 units stacked,VESTA PROPERTIES (COPPERFIELD),,,6,"$850,000",49,49,264 COPPERLEAF WY SE,CPF,COPPERFIELD,50.91373335,-113.9279664,7,Titled Parcel;Building;Building;Building;Building;Building;Building,95 COPPERSTONE RD SE;258 COPPERLEAF WY SE;264 COPPERLEAF WY SE;256 COPPERLEAF WY SE;260 COPPERLEAF WY SE;262 COPPERLEAF WY SE;254 COPPERLEAF WY SE,"MULTIPOINT (-113.92796636451399 50.91373334743231,-113.9275265361209 50.91306539258981,-113.9274422324736 50.91317860446468,-113.92755214348676 50.913031003987214,-113.92750077197213 50.91309998785783,-113.92747500778518 50.91313458311993,-113.92758015908547 50.912993371504726)","{""type"":""MultiPoint"",""coordinates"":[[-113.9279664,50.9137333],[-113.9275265,50.9130654],[-113.9274422,50.9131786],[-113.9275521,50.913031],[-113.9275008,50.9131],[-113.927475,50.9131346],[-113.9275802,50.9129934]]}",POINT (-113.92796636451399 50.91373334743231),264 COPPERLEAF WY SE,a,
BP2018-14762,Completed,2018-11-07,2018,2018-11-15,2019-07-25,2019,Commercial / Multi Family Project,Building,1606 - Ths Townhouse,Townhouse,Residential,New,New,New,New Building -  Copperstone (Phase 2),VESTA PROPERTIES (COPPERFIELD),,,6,"$850,000",49,49,238 COPPERLEAF WY SE,CPF,COPPERFIELD,50.91373335,-113.9279664,7,Titled Parcel;Building;Building;Building;Building;Building;Building,95 COPPERSTONE RD SE;242 COPPERLEAF WY SE;238 COPPERLEAF WY SE;246 COPPERLEAF WY SE;240 COPPERLEAF WY SE;248 COPPERLEAF WY SE;244 COPPERLEAF WY SE,"MULTIPOINT (-113.92796636451399 50.91373334743231,-113.92768791232895 50.91278774849251,-113.92773265343419 50.91270243470358,-113.92764886181776 50.91286218796364,-113.9277071950903 50.91275098259347,-113.92762798157945 50.91290199146146,-113.92767058351033 50.91282077578405)","{""type"":""MultiPoint"",""coordinates"":[[-113.9279664,50.9137333],[-113.9276879,50.9127877],[-113.9277327,50.9127024],[-113.9276489,50.9128622],[-113.9277072,50.912751],[-113.927628,50.912902],[-113.9276706,50.9128208]]}",POINT (-113.92796636451399 50.91373334743231),238 COPPERLEAF WY SE,a,
BP2018-14763,Completed,2018-11-07,2018,2018-11-16,2019-10-03,2019,Commercial / Multi Family Project,Building,1606 - Ths Townhouse,Townhouse,Residential,New,New,New,New Building - Copperstone (Phase 2),VESTA PROPERTIES (COPPERFIELD),,,6,"$850,000",49,49,109 COPPERSTONE RD SE,CPF,COPPERFIELD,50.91373335,-113.9279664,7,Titled Parcel;Building;Building;Building;Building;Building;Building,95 COPPERSTONE RD SE;117 COPPERSTONE RD SE;109 COPPERSTONE RD SE;113 COPPERSTONE RD SE;119 COPPERSTONE RD SE;115 COPPERSTONE RD SE;111 COPPERSTONE RD SE,"MULTIPOINT (-113.92796636451399 50.91373334743231,-113.92729670913542 50.913392447498204,-113.92751836084447 50.91347647040833,-113.92740462141028 50.913433355927246,-113.92723336600193 50.913368440866144,-113.92734970593581 50.91341253703585,-113.92745346837513 50.91345186959842)","{""type"":""MultiPoint"",""coordinates"":[[-113.9279664,50.9137333],[-113.9272967,50.9133924],[-113.9275184,50.9134765],[-113.9274046,50.9134334],[-113.9272334,50.9133684],[-113.9273497,50.9134125],[-113.9274535,50.9134519]]}",POINT (-113.92796636451399 50.91373334743231),109 COPPERSTONE RD SE,a,
BP2018-14764,Completed,2018-11-07,2018,2018-11-19,2019-10-03,2019,Commercial / Multi Family Project,Building,1606 - Ths Townhouse,Townhouse,Residential,New,New,New,New Building - Copperstone BLDG 25,VESTA PROPERTIES (COPPERFIELD),,,6,"$850,000",49,49,101 COPPERSTONE RD SE,CPF,COPPERFIELD,50.91376936,-113.9280443,7,Titled Parcel;Building;Building;Building;Building;Building;Building,91 COPPERSTONE RD SE;99 COPPERSTONE RD SE;97 COPPERSTONE RD SE;101 COPPERSTONE RD SE;95 COPPERSTONE RD SE;103 COPPERSTONE RD SE;93 COPPERSTONE RD SE,"MULTIPOINT (-113.92804432297658 50.9137693552488,-113.9277636302344 50.913571861800875,-113.92782022287675 50.91359347264823,-113.92771144341985 50.91355191679217,-113.92787312040677 50.91361367875535,-113.92764639469478 50.913527073264795,-113.92793137596512 50.913635928861396)","{""type"":""MultiPoint"",""coordinates"":[[-113.9280443,50.9137694],[-113.9277636,50.9135719],[-113.9278202,50.9135935],[-113.9277114,50.9135519],[-113.9278731,50.9136137],[-113.9276464,50.9135271],[-113.9279314,50.9136359]]}",POINT (-113.92804432297658 50.9137693552488),101 COPPERSTONE RD SE,a,
BP2019-14548,Completed,2019-10-23,2019,2019-10-31,2020-10-21,2020,Commercial / Multi Family Project,Building,1606 - Ths Townhouse,Townhouse,Residential,New,New,New,New Building - Copperstone Phase Two,VESTA PROPERTIES (COPPERFIELD),,,7,"$990,000",49,49,59 COPPERSTONE RD SE,CPF,COPPERFIELD,50.91376487,-113.9280558,8,Titled Parcel;Building;Building;Building;Building;Building;Building;Building,91 COPPERSTONE RD SE;63 COPPERSTONE RD SE;59 COPPERSTONE RD SE;61 COPPERSTONE RD SE;71 COPPERSTONE RD SE;65 COPPERSTONE RD SE;67 COPPERSTONE RD SE;69 COPPERSTONE RD SE,"MULTIPOINT (-113.92805577745433 50.913764867338436,-113.92890304302266 50.91401418281121,-113.92901073129791 50.914054640117705,-113.9289459790193 50.914030318913326,-113.92866911979121 50.913926289369606,-113.92884349264362 50.91399180654342,-113.92878024707413 50.91396804354108,-113.92873080187266 50.91394946713212)","{""type"":""MultiPoint"",""coordinates"":[[-113.9280558,50.9137649],[-113.928903,50.9140142],[-113.9290107,50.9140546],[-113.928946,50.9140303],[-113.9286691,50.9139263],[-113.9288435,50.9139918],[-113.9287802,50.913968],[-113.9287308,50.9139495]]}",POINT (-113.92805577745433 50.913764867338436),59 COPPERSTONE RD SE,a,
BP2019-14547,Completed,2019-10-23,2019,2019-10-30,2020-09-11,2020,Commercial / Multi Family Project,Building,1606 - Ths Townhouse,Townhouse,Residential,New,New,New,New Building Copperstone Phase Two (Building #1),VESTA PROPERTIES (COPPERFIELD),,,6,"$850,000",49,49,77 COPPERSTONE RD SE,CPF,COPPERFIELD,50.91397194,-113.9285523,7,Titled Parcel;Building;Building;Building;Building;Building;Building,75 COPPERSTONE RD SE;77 COPPERSTONE RD SE;79 COPPERSTONE RD SE;87 COPPERSTONE RD SE;81 COPPERSTONE RD SE;83 COPPERSTONE RD SE;85 COPPERSTONE RD SE,"MULTIPOINT (-113.928552327066 50.91397194078197,-113.92855537198923 50.913887230469705,-113.92848204923222 50.913860251731506,-113.92826139929781 50.91377904512284,-113.92843723697383 50.913843763700804,-113.9283819358963 50.91382340354701,-113.9283322061674 50.913805105482275)","{""type"":""MultiPoint"",""coordinates"":[[-113.9285523,50.9139719],[-113.9285554,50.9138872],[-113.928482,50.9138603],[-113.9282614,50.913779],[-113.9284372,50.9138438],[-113.9283819,50.9138234],[-113.9283322,50.9138051]]}",POINT (-113.928552327066 50.91397194078197),77 COPPERSTONE RD SE,a,
BP2020-16505,Completed,2020-11-10,2020,2020-11-19,2023-03-23,2023,Commercial / Multi Family Project,Building,1606 - Ths Townhouse,Townhouse,Residential,New,New,New,New Building - Copperstone Bldg #2,VESTA PROPERTIES (COPPERFIELD),,VESTA PROPERTIES (COPPERFIELD),5,"$904,411",49,49,303 COPPERSTONE MR SE,CPF,COPPERFIELD,50.91365285,-113.9286302,6,Titled Parcel;Building;Building;Building;Building;Building,402 COPPERSTONE MR SE;311 COPPERSTONE MR SE;307 COPPERSTONE MR SE;309 COPPERSTONE MR SE;305 COPPERSTONE MR SE;303 COPPERSTONE MR SE,"MULTIPOINT (-113.92863021799366 50.91365284565087,-113.92840272484773 50.913518549542296,-113.92850831227013 50.913555508942046,-113.9284616513975 50.913539172616865,-113.92856841856779 50.91357655521196,-113.92863156649894 50.91359865513266)","{""type"":""MultiPoint"",""coordinates"":[[-113.9286302,50.9136528],[-113.9284027,50.9135185],[-113.9285083,50.9135555],[-113.9284617,50.9135392],[-113.9285684,50.9135766],[-113.9286316,50.9135987]]}",POINT (-113.92863021799366 50.91365284565087),303 COPPERSTONE MR SE,a,
BP2021-16750,Completed,2021-09-24,2021,2022-05-13,2022-10-14,2022,Commercial / Multi Family Project,Building,1606 - Ths Townhouse,Townhouse,Residential,New,New,New,New 6 Unit Rowhouse - Bldg #8,VESTA PROPERTIES (COPPERFIELD),,VESTA PROPERTIES (COPPERFIELD),6,"$1,444,325",49,49,604 COPPERSTONE MR SE,CPF,COPPERFIELD,50.91292933,-113.9289234,7,Titled Parcel;Building;Building;Building;Building;Building;Building,602 COPPERSTONE MR SE;604 COPPERSTONE MR SE;612 COPPERSTONE MR SE;606 COPPERSTONE MR SE;610 COPPERSTONE MR SE;614 COPPERSTONE MR SE;608 COPPERSTONE MR SE,"MULTIPOINT (-113.92892343819794 50.91292933450892,-113.92901580177254 50.912918252162385,-113.92901608036408 50.91273510031291,-113.92901588499615 50.912863539447336,-113.92901601705118 50.912776723690584,-113.92901614367683 50.91269347693493,-113.92901594288055 50.91282548507261)","{""type"":""MultiPoint"",""coordinates"":[[-113.9289234,50.9129293],[-113.9290158,50.9129183],[-113.9290161,50.9127351],[-113.9290159,50.9128635],[-113.929016,50.9127767],[-113.9290161,50.9126935],[-113.9290159,50.9128255]]}",POINT (-113.92892343819794 50.91292933450892),604 COPPERSTONE MR SE,a,
BP2021-16746,Completed,2021-09-24,2021,2022-06-06,2023-03-22,2023,Commercial / Multi Family Project,Building,1606 - Ths Townhouse,Townhouse,Residential,New,New,New,New 4 Unit Copperstone Rowhouse - Bldg #7,VESTA PROPERTIES (COPPERFIELD),,VESTA PROPERTIES (COPPERFIELD),4,"$1,012,476",49,49,503 COPPERSTONE MR SE,CPF,COPPERFIELD,50.91293796,-113.9283339,5,Titled Parcel;Building;Building;Building;Building,511 COPPERSTONE MR SE;505 COPPERSTONE MR SE;509 COPPERSTONE MR SE;503 COPPERSTONE MR SE;507 COPPERSTONE MR SE,"MULTIPOINT (-113.92833389339911 50.91293796409026,-113.92856316237174 50.91295993215426,-113.92844170032664 50.91291765001877,-113.92862514421158 50.912981500961166,-113.92849801115588 50.91293725561116)","{""type"":""MultiPoint"",""coordinates"":[[-113.9283339,50.912938],[-113.9285632,50.9129599],[-113.9284417,50.9129177],[-113.9286251,50.9129815],[-113.928498,50.9129373]]}",POINT (-113.92833389339911 50.91293796409026),503 COPPERSTONE MR SE,a,
BP2021-16754,Completed,2021-09-24,2021,2022-06-10,2023-01-30,2023,Commercial / Multi Family Project,Building,1606 - Ths Townhouse,Townhouse,Residential,New,New,New,New 5 Unit stacked Rowhouse - Bldg #19,VESTA PROPERTIES (COPPERFIELD),,VESTA PROPERTIES (COPPERFIELD),5,"$1,245,132",49,49,515 COPPERSTONE MR SE,CPF,COPPERFIELD,50.91293796,-113.9283339,6,Titled Parcel;Building;Building;Building;Building;Building,511 COPPERSTONE MR SE;517 COPPERSTONE MR SE;515 COPPERSTONE MR SE;523 COPPERSTONE MR SE;521 COPPERSTONE MR SE;519 COPPERSTONE MR SE,"MULTIPOINT (-113.92833389339911 50.91293796409026,-113.92827697342376 50.91284286953068,-113.92833563964855 50.91286573999616,-113.92810399666782 50.912779024485054,-113.92816717201723 50.91280094487832,-113.92821980289256 50.912827614433134)","{""type"":""MultiPoint"",""coordinates"":[[-113.9283339,50.912938],[-113.928277,50.9128429],[-113.9283356,50.9128657],[-113.928104,50.912779],[-113.9281672,50.9128009],[-113.9282198,50.9128276]]}",POINT (-113.92833389339911 50.91293796409026),515 COPPERSTONE MR SE,a,
BP2021-06192,Completed,2021-04-16,2021,2022-05-13,2022-05-30,2022,Commercial / Multi Family Project,Building,1606 - Ths Townhouse,Townhouse,Residential,New,New,New,Partial Permit - Copperstone Townhomes - Bldg 5,VESTA PROPERTIES (COPPERFIELD),,VESTA PROPERTIES (COPPERFIELD),8,"$1,232,841",49,49,424 COPPERSTONE MR SE,CPF,COPPERFIELD,50.91335186,-113.9289227,9,Titled Parcel;Building;Building;Building;Building;Building;Building;Building;Building,422 COPPERSTONE MR SE;428 COPPERSTONE MR SE;436 COPPERSTONE MR SE;430 COPPERSTONE MR SE;438 COPPERSTONE MR SE;432 COPPERSTONE MR SE;426 COPPERSTONE MR SE;434 COPPERSTONE MR SE;424 COPPERSTONE MR SE,"MULTIPOINT (-113.92892270932404 50.91335186115617,-113.92900910958066 50.913241760009704,-113.92900838526687 50.913072892572515,-113.92900892053069 50.913197772128235,-113.92900817685839 50.913022935358974,-113.92900876512957 50.91315970863608,-113.92900927914796 50.91327985946968,-113.929008595481 50.91312166311489,-113.92900948755849 50.91332981668102)","{""type"":""MultiPoint"",""coordinates"":[[-113.9289227,50.9133519],[-113.9290091,50.9132418],[-113.9290084,50.9130729],[-113.9290089,50.9131978],[-113.9290082,50.9130229],[-113.9290088,50.9131597],[-113.9290093,50.9132799],[-113.9290086,50.9131217],[-113.9290095,50.9133298]]}",POINT (-113.92892270932404 50.91335186115617),424 COPPERSTONE MR SE,a,
BP2021-06195,Completed,2021-04-16,2021,2022-05-25,2022-06-28,2022,Commercial / Multi Family Project,Building,1606 - Ths Townhouse,Townhouse,Residential,New,New,New,Copperstone Townhouse (6 units) - Bldg 6,VESTA PROPERTIES (COPPERFIELD),,VESTA PROPERTIES (COPPERFIELD),6,"$901,014",49,49,304 COPPERSTONE MR SE,CPF,COPPERFIELD,50.91350877,-113.9282487,7,Titled Parcel;Building;Building;Building;Building;Building;Building,422 COPPERSTONE MR SE;312 COPPERSTONE MR SE;306 COPPERSTONE MR SE;304 COPPERSTONE MR SE;310 COPPERSTONE MR SE;308 COPPERSTONE MR SE;314 COPPERSTONE MR SE,"MULTIPOINT (-113.92824871771722 50.9135087728441,-113.9283913711169 50.9132257672766,-113.92856087481181 50.91328380226643,-113.92862649613186 50.913306272291784,-113.92844272247986 50.91324334711687,-113.92850466252999 50.91326455636348,-113.92833901066989 50.91320784517674)","{""type"":""MultiPoint"",""coordinates"":[[-113.9282487,50.9135088],[-113.9283914,50.9132258],[-113.9285609,50.9132838],[-113.9286265,50.9133063],[-113.9284427,50.9132433],[-113.9285047,50.9132646],[-113.928339,50.9132078]]}",POINT (-113.92824871771722 50.9135087728441),304 COPPERSTONE MR SE,a,
BP2022-15846,Completed,2022-09-15,2022,2023-11-02,2024-05-22,2024,Commercial / Multi Family Project,Building,1606 - Ths Townhouse,Townhouse,Residential,New,New,New,Copper Stone Townhouses - Bldg 13,VESTA PROPERTIES (COPPERFIELD),,VESTA PROPERTIES (COPPERFIELD),5,"$1,245,132",49,49,136 COPPERLEAF WY SE,CPF,COPPERFIELD,50.91146849,-113.9289569,6,Titled Parcel;Building;Building;Building;Building;Building,134 COPPERLEAF WY SE;142 COPPERLEAF WY SE;140 COPPERLEAF WY SE;136 COPPERLEAF WY SE;138 COPPERLEAF WY SE;144 COPPERLEAF WY SE,"MULTIPOINT (-113.92895694680476 50.911468489722765,-113.92883912059231 50.91166457847567,-113.92888139038745 50.91164055613872,-113.92899203172828 50.9115776759134,-113.92893036353065 50.91161271714201,-113.92878458250749 50.911695587488815)","{""type"":""MultiPoint"",""coordinates"":[[-113.9289569,50.9114685],[-113.9288391,50.9116646],[-113.9288814,50.9116406],[-113.928992,50.9115777],[-113.9289304,50.9116127],[-113.9287846,50.9116956]]}",POINT (-113.92895694680476 50.911468489722765),136 COPPERLEAF WY SE,a,
BP2022-15848,Completed,2022-09-15,2022,2023-11-02,2024-08-02,2024,Commercial / Multi Family Project,Building,1606 - Ths Townhouse,Townhouse,Residential,New,New,New,6 Unit Residential Rowhouse - Building 14,VESTA PROPERTIES (COPPERFIELD),,VESTA PROPERTIES (COPPERFIELD),6,"$1,476,678",49,49,150 COPPERLEAF WY SE,CPF,COPPERFIELD,50.91146849,-113.9289569,7,Titled Parcel;Building;Building;Building;Building;Building;Building,134 COPPERLEAF WY SE;150 COPPERLEAF WY SE;152 COPPERLEAF WY SE;154 COPPERLEAF WY SE;160 COPPERLEAF WY SE;156 COPPERLEAF WY SE;158 COPPERLEAF WY SE,"MULTIPOINT (-113.92895694680476 50.911468489722765,-113.92869637532458 50.91176133102953,-113.92864135118907 50.9117938859482,-113.92859630420877 50.91182054055183,-113.92845411767064 50.91190467127302,-113.92854892298217 50.911848578160374,-113.92850761916628 50.911873005514934)","{""type"":""MultiPoint"",""coordinates"":[[-113.9289569,50.9114685],[-113.9286964,50.9117613],[-113.9286414,50.9117939],[-113.9285963,50.9118205],[-113.9284541,50.9119047],[-113.9285489,50.9118486],[-113.9285076,50.911873]]}",POINT (-113.92895694680476 50.911468489722765),150 COPPERLEAF WY SE,a,
BP2022-15850,Completed,2022-09-15,2022,2023-11-02,2024-07-26,2024,Commercial / Multi Family Project,Building,1606 - Ths Townhouse,Townhouse,Residential,New,New,New,4 Unit Residential Rowhouse - Building 15,VESTA PROPERTIES (COPPERFIELD),,VESTA PROPERTIES (COPPERFIELD),4,"$1,012,453",49,49,166 COPPERLEAF WY SE,CPF,COPPERFIELD,50.9118816,-113.928258,5,Titled Parcel;Building;Building;Building;Building,218 COPPERLEAF WY SE;166 COPPERLEAF WY SE;170 COPPERLEAF WY SE;168 COPPERLEAF WY SE;172 COPPERLEAF WY SE,"MULTIPOINT (-113.9282580024375 50.91188159962254,-113.9283430773577 50.91195784160539,-113.92825381814531 50.91201344351125,-113.92828884761435 50.911991340788155,-113.92819922037823 50.912045755753894)","{""type"":""MultiPoint"",""coordinates"":[[-113.928258,50.9118816],[-113.9283431,50.9119578],[-113.9282538,50.9120134],[-113.9282888,50.9119913],[-113.9281992,50.9120458]]}",POINT (-113.9282580024375 50.91188159962254),166 COPPERLEAF WY SE,a,
BP2022-15839,Completed,2022-09-15,2022,2023-10-26,2024-02-21,2024,Commercial / Multi Family Project,Building,1606 - Ths Townhouse,Townhouse,Residential,New,New,New,6 Unit Residential Rowhouse - Building 12,VESTA PROPERTIES (COPPERFIELD),,VESTA PROPERTIES (COPPERFIELD),6,"$1,444,279",49,49,640 COPPERSTONE MR SE,CPF,COPPERFIELD,50.91189999,-113.9289286,7,Titled Parcel;Building;Building;Building;Building;Building;Building,652 COPPERSTONE MR SE;640 COPPERSTONE MR SE;646 COPPERSTONE MR SE;642 COPPERSTONE MR SE;644 COPPERSTONE MR SE;648 COPPERSTONE MR SE;650 COPPERSTONE MR SE,"MULTIPOINT (-113.92892858937027 50.911899989602745,-113.92901514826866 50.91216059768334,-113.92901637283593 50.91202863510264,-113.92901562594645 50.91210832147462,-113.92901601631904 50.912066698290985,-113.92901674712745 50.911988234540466,-113.9290172070673 50.91193826873399)","{""type"":""MultiPoint"",""coordinates"":[[-113.9289286,50.9119],[-113.9290151,50.9121606],[-113.9290164,50.9120286],[-113.9290156,50.9121083],[-113.929016,50.9120667],[-113.9290167,50.9119882],[-113.9290172,50.9119383]]}",POINT (-113.92892858937027 50.911899989602745),640 COPPERSTONE MR SE,a,
BP2022-15831,Completed,2022-09-15,2022,2023-10-24,2024-02-02,2024,Commercial / Multi Family Project,Building,1606 - Ths Townhouse,Townhouse,Residential,New,New,New,8 Unit Residential Rowhouse - Building 10,VESTA PROPERTIES (COPPERFIELD),,VESTA PROPERTIES (COPPERFIELD),8,"$1,899,880",49,49,620 COPPERSTONE MR SE,CPF,COPPERFIELD,50.91226408,-113.9289246,9,Titled Parcel;Building;Building;Building;Building;Building;Building;Building;Building,636 COPPERSTONE MR SE;628 COPPERSTONE MR SE;622 COPPERSTONE MR SE;624 COPPERSTONE MR SE;632 COPPERSTONE MR SE;634 COPPERSTONE MR SE;620 COPPERSTONE MR SE;626 COPPERSTONE MR SE;630 COPPERSTONE MR SE,"MULTIPOINT (-113.9289245509582 50.91226407970419,-113.92901788455917 50.912399704765924,-113.92901554017394 50.91252931129341,-113.9290163162453 50.91248653763506,-113.92901932812622 50.912320090740955,-113.92902015050156 50.912274916795354,-113.92901462342927 50.91258042752929,-113.92901712269725 50.9124424874235,-113.92901859834447 50.91236048209477)","{""type"":""MultiPoint"",""coordinates"":[[-113.9289246,50.9122641],[-113.9290179,50.9123997],[-113.9290155,50.9125293],[-113.9290163,50.9124865],[-113.9290193,50.9123201],[-113.9290202,50.9122749],[-113.9290146,50.9125804],[-113.9290171,50.9124425],[-113.9290186,50.9123605]]}",POINT (-113.9289245509582 50.91226407970419),620 COPPERSTONE MR SE,a,
BP2022-15852,Completed,2022-09-15,2022,2023-11-03,2024-06-13,2024,Commercial / Multi Family Project,Building,1606 - Ths Townhouse,Townhouse,Residential,New,New,New,4 Unit Residential Rowhouse - Building 16,VESTA PROPERTIES (COPPERFIELD),,VESTA PROPERTIES (COPPERFIELD),4,"$1,012,453",49,49,210 COPPERLEAF WY SE,CPF,COPPERFIELD,50.91234427,-113.9277504,5,Titled Parcel;Building;Building;Building;Building,218 COPPERLEAF WY SE;210 COPPERLEAF WY SE;212 COPPERLEAF WY SE;216 COPPERLEAF WY SE;214 COPPERLEAF WY SE,"MULTIPOINT (-113.92775038600415 50.91234426852338,-113.92795720614293 50.912204485886285,-113.9279282421198 50.91224903114228,-113.92788108999244 50.91232151487997,-113.92790869996017 50.912279063456104)","{""type"":""MultiPoint"",""coordinates"":[[-113.9277504,50.9123443],[-113.9279572,50.9122045],[-113.9279282,50.912249],[-113.9278811,50.9123215],[-113.9279087,50.9122791]]}",POINT (-113.92775038600415 50.91234426852338),210 COPPERLEAF WY SE,a,
BP2022-10811,Completed,2022-06-21,2022,2022-09-06,2023-11-23,2023,Commercial / Multi Family Project,Building,1606 - Ths Townhouse,Townhouse,Residential,New,New,New,Copperstone Townhomes - Bldg 11,VESTA PROPERTIES (COPPERFIELD),,VESTA PROPERTIES (COPPERFIELD),7,"$1,709,311",49,49,548 COPPERSTONE MR SE,CPF,COPPERFIELD,50.91239881,-113.9287263,8,Titled Parcel;Building;Building;Building;Building;Building;Building;Building,546 COPPERSTONE MR SE;554 COPPERSTONE MR SE;560 COPPERSTONE MR SE;556 COPPERSTONE MR SE;552 COPPERSTONE MR SE;550 COPPERSTONE MR SE;558 COPPERSTONE MR SE;548 COPPERSTONE MR SE,"MULTIPOINT (-113.92872630170545 50.912398807949025,-113.92857125296051 50.912263648353246,-113.92856731045674 50.91214518550769,-113.92856986597259 50.91222218590375,-113.92857270809307 50.912307043681096,-113.92857398564543 50.91234568322206,-113.92856875121062 50.91218867971702,-113.92857553548073 50.91239224306581)","{""type"":""MultiPoint"",""coordinates"":[[-113.9287263,50.9123988],[-113.9285713,50.9122636],[-113.9285673,50.9121452],[-113.9285699,50.9122222],[-113.9285727,50.912307],[-113.928574,50.9123457],[-113.9285688,50.9121887],[-113.9285755,50.9123922]]}",POINT (-113.92872630170545 50.912398807949025),548 COPPERSTONE MR SE,a,
BP2022-10767,Completed,2022-06-20,2022,2022-09-06,2023-06-26,2023,Commercial / Multi Family Project,Building,1606 - Ths Townhouse,Townhouse,Residential,New,New,New,Copperstone Townhomes - Bldg 17,VESTA PROPERTIES (COPPERFIELD),,VESTA PROPERTIES (COPPERFIELD),4,"$1,012,453",49,49,531 COPPERSTONE MR SE,CPF,COPPERFIELD,50.91265468,-113.928167,5,Titled Parcel;Building;Building;Building;Building,527 COPPERSTONE MR SE;535 COPPERSTONE MR SE;529 COPPERSTONE MR SE;531 COPPERSTONE MR SE;533 COPPERSTONE MR SE,"MULTIPOINT (-113.92816697055474 50.91265467845053,-113.92828059201305 50.912449930514185,-113.92821168568075 50.912585600290164,-113.92823617592572 50.91253738432177,-113.92825061048107 50.912508949025224)","{""type"":""MultiPoint"",""coordinates"":[[-113.928167,50.9126547],[-113.9282806,50.9124499],[-113.9282117,50.9125856],[-113.9282362,50.9125374],[-113.9282506,50.9125089]]}",POINT (-113.92816697055474 50.91265467845053),531 COPPERSTONE MR SE,a,
BP2022-10774,Completed,2022-06-20,2022,2022-09-06,2023-07-12,2023,Commercial / Multi Family Project,Building,1606 - Ths Townhouse,Townhouse,Residential,New,New,New,Copperstone Townhomes - Bldg 18,VESTA PROPERTIES (COPPERFIELD),,VESTA PROPERTIES (COPPERFIELD),6,"$1,476,678",49,49,222 COPPERLEAF WY SE,CPF,COPPERFIELD,50.91266795,-113.9278225,7,Titled Parcel;Building;Building;Building;Building;Building;Building,527 COPPERSTONE MR SE;226 COPPERLEAF WY SE;222 COPPERLEAF WY SE;232 COPPERLEAF WY SE;224 COPPERLEAF WY SE;228 COPPERLEAF WY SE;230 COPPERLEAF WY SE,"MULTIPOINT (-113.9278224649532 50.91266795091022,-113.9278136258355 50.91249868287423,-113.92784525145834 50.91241595003142,-113.92776649417058 50.912621977710465,-113.92782653310373 50.912464915651704,-113.927796934887 50.91254234567841,-113.92778435596193 50.9125752590561)","{""type"":""MultiPoint"",""coordinates"":[[-113.9278225,50.912668],[-113.9278136,50.9124987],[-113.9278453,50.912416],[-113.9277665,50.912622],[-113.9278265,50.9124649],[-113.9277969,50.9125423],[-113.9277844,50.9125753]]}",POINT (-113.9278224649532 50.91266795091022),222 COPPERLEAF WY SE,a,
BP2022-10807,Completed,2022-06-21,2022,2022-09-06,2023-10-12,2023,Commercial / Multi Family Project,Building,1606 - Ths Townhouse,Townhouse,Residential,New,New,New,Copperstone Townhomes - Bldg 9,VESTA PROPERTIES (COPPERFIELD),,VESTA PROPERTIES (COPPERFIELD),7,"$1,709,311",49,49,530 COPPERSTONE MR SE,CPF,COPPERFIELD,50.91277189,-113.9287299,8,Titled Parcel;Building;Building;Building;Building;Building;Building;Building,528 COPPERSTONE MR SE;538 COPPERSTONE MR SE;532 COPPERSTONE MR SE;536 COPPERSTONE MR SE;530 COPPERSTONE MR SE;542 COPPERSTONE MR SE;534 COPPERSTONE MR SE;540 COPPERSTONE MR SE,"MULTIPOINT (-113.92872985577206 50.912771892585766,-113.92856517450096 50.91256514921701,-113.92856146441925 50.91268500081279,-113.92856409681248 50.91260031719897,-113.92856035692218 50.91272105877971,-113.92856770281205 50.91248342322766,-113.9285627956217 50.9126421465887,-113.92856635610505 50.91252712249775)","{""type"":""MultiPoint"",""coordinates"":[[-113.9287299,50.9127719],[-113.9285652,50.9125651],[-113.9285615,50.912685],[-113.9285641,50.9126003],[-113.9285604,50.9127211],[-113.9285677,50.9124834],[-113.9285628,50.9126421],[-113.9285664,50.9125271]]}",POINT (-113.92872985577206 50.912771892585766),530 COPPERSTONE MR SE,a,
BP2017-09458,Completed,2017-07-25,2017,2017-08-10,2018-06-19,2018,Commercial / Multi Family Project,Building,1606 - Ths Townhouse,Townhouse,Residential,New,New,New,New - Group C - 8 Unit Townhouse  - Cranston Building 20,BROOKFIELD RESIDENTIAL (ALBERTA),,,8,"$958,792",50,50,1003 CRANBROOK WK SE,CRA,CRANSTON,50.8639979,-113.9751304,11,Titled Parcel;Titled Parcel;Titled Parcel;Building;Building;Building;Building;Building;Building;Building;Building,1083 CRANSTON AV SE;975 CRANSTON AV SE;20821 40 ST SE;1009 CRANBROOK WK SE;1003 CRANBROOK WK SE;1017 CRANBROOK WK SE;1005 CRANBROOK WK SE;1007 CRANBROOK WK SE;1015 CRANBROOK WK SE;1013 CRANBROOK WK SE;1011 CRANBROOK WK SE,"MULTIPOINT (-113.97513035489433 50.863997904688006,-113.97638545170372 50.86435327086223,-113.97554903743307 50.86827723773881,-113.9774092240138 50.86589430747585,-113.97731003271021 50.86581685727937,-113.97752927074627 50.86599993629468,-113.97733595638076 50.865850763643905,-113.9773708899749 50.86587788429203,-113.97749658323849 50.86596924709368,-113.97745994581348 50.86593998653224,-113.97743910103505 50.865919997712986)","{""type"":""MultiPoint"",""coordinates"":[[-113.9751304,50.8639979],[-113.9763855,50.8643533],[-113.975549,50.8682772],[-113.9774092,50.8658943],[-113.97731,50.8658169],[-113.9775293,50.8659999],[-113.977336,50.8658508],[-113.9773709,50.8658779],[-113.9774966,50.8659692],[-113.9774599,50.86594],[-113.9774391,50.86592]]}",POINT (-113.97513035489433 50.863997904688006),1003 CRANBROOK WK SE,a,
BP2017-10082,Completed,2017-08-03,2017,2017-08-25,2018-10-24,2018,Commercial / Multi Family Project,Building,1606 - Ths Townhouse,Townhouse,Residential,New,New,New,New - Group C Townhouses - Cranston Building 23,BROOKFIELD RESIDENTIAL (ALBERTA),,BROOKFIELD RESIDENTIAL (ALBERTA),10,"$1,483,998",50,50,103 CRANBROOK WK SE,CRA,CRANSTON,50.86435327,-113.9763855,13,Titled Parcel;Titled Parcel;Titled Parcel;Building;Building;Building;Building;Building;Building;Building;Building;Building;Building,975 CRANSTON AV SE;20821 40 ST SE;1083 CRANSTON AV SE;105 CRANBROOK WK SE;115 CRANBROOK WK SE;107 CRANBROOK WK SE;111 CRANBROOK WK SE;113 CRANBROOK WK SE;119 CRANBROOK WK SE;121 CRANBROOK WK SE;117 CRANBROOK WK SE;103 CRANBROOK WK SE;109 CRANBROOK WK SE,"MULTIPOINT (-113.97638545170372 50.86435327086223,-113.97554903743307 50.86827723773881,-113.97513035489433 50.863997904688006,-113.97710961422456 50.86520885070094,-113.97691054082976 50.86533940039035,-113.97705040083729 50.865245230638294,-113.97697031111173 50.865297662587864,-113.97694492896804 50.865319062793134,-113.97682142742264 50.86539717950797,-113.97677009906504 50.86543106164455,-113.9768716190655 50.86536364773382,-113.97715473486552 50.86517353778721,-113.97701149149778 50.86527340666606)","{""type"":""MultiPoint"",""coordinates"":[[-113.9763855,50.8643533],[-113.975549,50.8682772],[-113.9751304,50.8639979],[-113.9771096,50.8652089],[-113.9769105,50.8653394],[-113.9770504,50.8652452],[-113.9769703,50.8652977],[-113.9769449,50.8653191],[-113.9768214,50.8653972],[-113.9767701,50.8654311],[-113.9768716,50.8653636],[-113.9771547,50.8651735],[-113.9770115,50.8652734]]}",POINT (-113.97638545170372 50.86435327086223),103 CRANBROOK WK SE,a,
BP2017-11594,Completed,2017-08-31,2017,2017-09-28,2018-08-30,2018,Commercial / Multi Family Project,Building,1606 - Ths Townhouse,Townhouse,Residential,New,New,New,"Cranston Phase 81, Brookfield Homes, Building #22, 10-plex Multifamily",BROOKFIELD RESIDENTIAL (ALBERTA),,,10,"$1,480,163",50,50,143 CRANBROOK WK SE,CRA,CRANSTON,50.86513568,-113.9777859,11,Titled Parcel;Building;Building;Building;Building;Building;Building;Building;Building;Building;Building,875 CRANSTON AV SE;147 CRANBROOK WK SE;143 CRANBROOK WK SE;157 CRANBROOK WK SE;151 CRANBROOK WK SE;153 CRANBROOK WK SE;159 CRANBROOK WK SE;161 CRANBROOK WK SE;145 CRANBROOK WK SE;149 CRANBROOK WK SE;155 CRANBROOK WK SE,"MULTIPOINT (-113.97778592983437 50.86513567682283,-113.97715225502311 50.865625950603935,-113.97706879882683 50.865676601936606,-113.97739474786994 50.86551289449628,-113.97726785742947 50.865578514909906,-113.9772971938304 50.86554676790243,-113.97745171095109 50.86548864147556,-113.97751204299074 50.86545975922056,-113.97710375817752 50.8656505557494,-113.97720469880231 50.86560597606449,-113.97734061585447 50.865528580558646)","{""type"":""MultiPoint"",""coordinates"":[[-113.9777859,50.8651357],[-113.9771523,50.865626],[-113.9770688,50.8656766],[-113.9773947,50.8655129],[-113.9772679,50.8655785],[-113.9772972,50.8655468],[-113.9774517,50.8654886],[-113.977512,50.8654598],[-113.9771038,50.8656506],[-113.9772047,50.865606],[-113.9773406,50.8655286]]}",POINT (-113.97778592983437 50.86513567682283),143 CRANBROOK WK SE,a,
BP2017-16555,Completed,2017-12-21,2017,2018-01-08,2018-11-12,2018,Commercial / Multi Family Project,Building,1606 - Ths Townhouse,Townhouse,Residential,New,New,New,"Cranston Phase 81, Brookfield Homes, Building #19, 6-plex Multifamily",BROOKFIELD RESIDENTIAL (ALBERTA),,,6,"$946,716",50,50,1014 CRANBROOK WK SE,CRA,CRANSTON,50.86513568,-113.9777859,8,Titled Parcel;Titled Parcel;Building;Building;Building;Building;Building;Building,875 CRANSTON AV SE;1002 CRANBROOK WK SE;1004 CRANBROOK WK SE;1006 CRANBROOK WK SE;1008 CRANBROOK WK SE;1010 CRANBROOK WK SE;1014 CRANBROOK WK SE;1012 CRANBROOK WK SE,"MULTIPOINT (-113.97778592983437 50.86513567682283,-113.976981826911 50.86597159199984,-113.97707937032244 50.86596166824402,-113.97712671590065 50.86599699928034,-113.97717123977334 50.86602163163374,-113.97720843180988 50.86604947197215,-113.9772850811877 50.866121200221116,-113.97723547816861 50.866082650386076)","{""type"":""MultiPoint"",""coordinates"":[[-113.9777859,50.8651357],[-113.9769818,50.8659716],[-113.9770794,50.8659617],[-113.9771267,50.865997],[-113.9771712,50.8660216],[-113.9772084,50.8660495],[-113.9772851,50.8661212],[-113.9772355,50.8660827]]}",POINT (-113.97778592983437 50.86513567682283),1014 CRANBROOK WK SE,a,
BP2018-10909,Completed,2018-08-16,2018,2018-09-11,2020-01-17,2020,Commercial / Multi Family Project,Building,1606 - Ths Townhouse,Townhouse,Residential,New,New,New,New - Group C Townhouses - Riverstone Building 4,BROOKFIELD RESIDENTIAL (ALBERTA),,,5,"$864,609",50,50,893 CRANSTON AV SE,CRA,CRANSTON,50.86481196,-113.9773995,6,Titled Parcel;Building;Building;Building;Building;Building,891 CRANSTON AV SE;893 CRANSTON AV SE;895 CRANSTON AV SE;897 CRANSTON AV SE;901 CRANSTON AV SE;899 CRANSTON AV SE,"MULTIPOINT (-113.97739946216734 50.864811962220855,-113.97727813972325 50.864853589390485,-113.97722026756908 50.86482075557789,-113.97716766371062 50.86479219302262,-113.97705719101936 50.86472462041207,-113.97710679524644 50.86475746167476)","{""type"":""MultiPoint"",""coordinates"":[[-113.9773995,50.864812],[-113.9772781,50.8648536],[-113.9772203,50.8648208],[-113.9771677,50.8647922],[-113.9770572,50.8647246],[-113.9771068,50.8647575]]}",POINT (-113.97739946216734 50.864811962220855),893 CRANSTON AV SE,a,
BP2018-03422,Completed,2018-03-29,2018,2018-04-12,2019-02-25,2019,Commercial / Multi Family Project,Building,1606 - Ths Townhouse,Townhouse,Residential,New,New,New,New - Part 9 Group C - 5 Unit Townhouse,BROOKFIELD RESIDENTIAL (ALBERTA),,,5,"$893,628",50,50,879 CRANSTON AV SE,CRA,CRANSTON,50.86483894,-113.9774429,6,Titled Parcel;Building;Building;Building;Building;Building,889 CRANSTON AV SE;879 CRANSTON AV SE;885 CRANSTON AV SE;887 CRANSTON AV SE;883 CRANSTON AV SE;881 CRANSTON AV SE,"MULTIPOINT (-113.97744293270308 50.86483894066479,-113.97758538393924 50.86508283115769,-113.97744035387551 50.864972432847665,-113.97739526820924 50.864936266298876,-113.97748995451785 50.86501382344622,-113.9775387922459 50.86504666437584)","{""type"":""MultiPoint"",""coordinates"":[[-113.9774429,50.8648389],[-113.9775854,50.8650828],[-113.9774404,50.8649724],[-113.9773953,50.8649363],[-113.97749,50.8650138],[-113.9775388,50.8650467]]}",POINT (-113.97744293270308 50.86483894066479),879 CRANSTON AV SE,a,
BP2018-01153,Completed,2018-02-02,2018,2018-02-14,2018-12-19,2018,Commercial / Multi Family Project,Building,1606 - Ths Townhouse,Townhouse,Residential,New,New,New,New - Group C Townhouses - Cranston Building 24,BROOKFIELD RESIDENTIAL (ALBERTA),,BROOKFIELD RESIDENTIAL (ALBERTA),8,"$1,236,624",50,50,125 CRANBROOK WK SE,CRA,CRANSTON,50.86554446,-113.9764655,9,Titled Parcel;Building;Building;Building;Building;Building;Building;Building;Building,123 CRANBROOK WK SE;129 CRANBROOK WK SE;133 CRANBROOK WK SE;125 CRANBROOK WK SE;139 CRANBROOK WK SE;137 CRANBROOK WK SE;127 CRANBROOK WK SE;131 CRANBROOK WK SE;135 CRANBROOK WK SE,"MULTIPOINT (-113.97646552521027 50.86554446355588,-113.97666118797186 50.86561978519069,-113.97674404539589 50.8656883056078,-113.97657327849846 50.86554127579835,-113.97687704646226 50.865792876860425,-113.97682406116309 50.865758254812704,-113.9766121696872 50.865578744971366,-113.97670120120598 50.865657973758715,-113.97678066530808 50.865722924437904)","{""type"":""MultiPoint"",""coordinates"":[[-113.9764655,50.8655445],[-113.9766612,50.8656198],[-113.976744,50.8656883],[-113.9765733,50.8655413],[-113.976877,50.8657929],[-113.9768241,50.8657583],[-113.9766122,50.8655787],[-113.9767012,50.865658],[-113.9767807,50.8657229]]}",POINT (-113.97646552521027 50.86554446355588),125 CRANBROOK WK SE,a,
BP2019-00854,Completed,2019-01-25,2019,2019-02-07,2019-09-09,2019,Commercial / Multi Family Project,Building,1606 - Ths Townhouse,Townhouse,Residential,New,New,New,New - Group C Townhouses - Cranston Building 12,BROOKFIELD RESIDENTIAL (ALBERTA),,,5,"$912,882",50,50,710 CRANBROOK WK SE,CRA,CRANSTON,50.86620956,-113.9756664,6,Titled Parcel;Building;Building;Building;Building;Building,712 CRANBROOK WK SE;704 CRANBROOK WK SE;710 CRANBROOK WK SE;706 CRANBROOK WK SE;708 CRANBROOK WK SE;702 CRANBROOK WK SE,"MULTIPOINT (-113.97566635326987 50.86620956042919,-113.97545894345272 50.866075871522234,-113.97559137995862 50.866197201492106,-113.97549050124795 50.86611832897886,-113.97554967776115 50.86615688156109,-113.97540991004043 50.86603768063114)","{""type"":""MultiPoint"",""coordinates"":[[-113.9756664,50.8662096],[-113.9754589,50.8660759],[-113.9755914,50.8661972],[-113.9754905,50.8661183],[-113.9755497,50.8661569],[-113.9754099,50.8660377]]}",POINT (-113.97566635326987 50.86620956042919),710 CRANBROOK WK SE,a,
BP2019-07372,Completed,2019-06-12,2019,2019-07-04,2020-02-03,2020,Commercial / Multi Family Project,Building,1606 - Ths Townhouse,Townhouse,Residential,New,New,New,New - Part 9 Group C - 6 unit townhouse - Cranston Building 17,BROOKFIELD RESIDENTIAL (ALBERTA),,BROOKFIELD RESIDENTIAL (ALBERTA),6,"$843,580",50,50,914 CRANBROOK WK SE,CRA,CRANSTON,50.86620973,-113.9764949,7,Titled Parcel;Building;Building;Building;Building;Building;Building,902 CRANBROOK WK SE;908 CRANBROOK WK SE;910 CRANBROOK WK SE;914 CRANBROOK WK SE;904 CRANBROOK WK SE;906 CRANBROOK WK SE;912 CRANBROOK WK SE,"MULTIPOINT (-113.9764948810051 50.86620973021419,-113.97666989937754 50.8662680745287,-113.97670145059504 50.866297693921744,-113.97678374191787 50.86636443416775,-113.97657859993743 50.86620490142789,-113.97662988011405 50.866240952654465,-113.97673527394716 50.866329093780834)","{""type"":""MultiPoint"",""coordinates"":[[-113.9764949,50.8662097],[-113.9766699,50.8662681],[-113.9767015,50.8662977],[-113.9767837,50.8663644],[-113.9765786,50.8662049],[-113.9766299,50.866241],[-113.9767353,50.8663291]]}",POINT (-113.9764948810051 50.86620973021419),914 CRANBROOK WK SE,a,
BP2020-17968,Completed,2020-12-09,2020,2020-12-29,2021-09-24,2021,Commercial / Multi Family Project,Building,1606 - Ths Townhouse,Townhouse,Residential,New,New,New,New  - Part 9 Group C - The Retreat 6 unit townhouse,BROOKFIELD RESIDENTIAL (ALBERTA),,BROOKFIELD RESIDENTIAL (ALBERTA),6,"$1,026,329",50,50,214 CRANBROOK WK SE,CRA,CRANSTON,50.86495575,-113.9771055,7,Titled Parcel;Building;Building;Building;Building;Building;Building,202 CRANBROOK WK SE;214 CRANBROOK WK SE;212 CRANBROOK WK SE;210 CRANBROOK WK SE;204 CRANBROOK WK SE;206 CRANBROOK WK SE;208 CRANBROOK WK SE,"MULTIPOINT (-113.97710550486093 50.86495574511783,-113.97677233799851 50.864813349430044,-113.97683020959266 50.86484665993531,-113.97688130845033 50.864873307471846,-113.97703762253839 50.86497086197257,-113.97697974970413 50.86493945745307,-113.97692932234794 50.864904782012374)","{""type"":""MultiPoint"",""coordinates"":[[-113.9771055,50.8649557],[-113.9767723,50.8648133],[-113.9768302,50.8648467],[-113.9768813,50.8648733],[-113.9770376,50.8649709],[-113.9769797,50.8649395],[-113.9769293,50.8649048]]}",POINT (-113.97710550486093 50.86495574511783),214 CRANBROOK WK SE,a,
BP2020-01193,Completed,2020-01-31,2020,2020-03-10,2020-10-22,2020,Commercial / Multi Family Project,Building,1606 - Ths Townhouse,Townhouse,Residential,New,New,New,The Retreat - Building #25,BROOKFIELD RESIDENTIAL (ALBERTA),,BROOKFIELD RESIDENTIAL (ALBERTA),8,"$1,345,671",50,50,621 CRANBROOK WK SE,CRA,CRANSTON,50.86590411,-113.9767111,9,Titled Parcel;Building;Building;Building;Building;Building;Building;Building;Building,637 CRANBROOK WK SE;625 CRANBROOK WK SE;623 CRANBROOK WK SE;631 CRANBROOK WK SE;635 CRANBROOK WK SE;627 CRANBROOK WK SE;621 CRANBROOK WK SE;629 CRANBROOK WK SE;633 CRANBROOK WK SE,"MULTIPOINT (-113.97671105113695 50.86590411321333,-113.97641306471934 50.865737837080516,-113.97636403087735 50.86569965557795,-113.97653930725849 50.86583419947197,-113.97663228734379 50.865915559734304,-113.97645532688546 50.86576710809637,-113.97632006755173 50.86566360571578,-113.97649421888626 50.86580314789577,-113.97658890819261 50.865875239836946)","{""type"":""MultiPoint"",""coordinates"":[[-113.9767111,50.8659041],[-113.9764131,50.8657378],[-113.976364,50.8656997],[-113.9765393,50.8658342],[-113.9766323,50.8659156],[-113.9764553,50.8657671],[-113.9763201,50.8656636],[-113.9764942,50.8658031],[-113.9765889,50.8658752]]}",POINT (-113.97671105113695 50.86590411321333),621 CRANBROOK WK SE,a,
BP2020-11529,Completed,2020-08-20,2020,2020-09-09,2021-07-29,2021,Commercial / Multi Family Project,Building,1606 - Ths Townhouse,Townhouse,Residential,New,New,New,New - Group C Part 9 - The Retreat Building 16,BROOKFIELD RESIDENTIAL (ALBERTA),,BROOKFIELD RESIDENTIAL (ALBERTA),8,"$717,724",50,50,803 CRANBROOK WK SE,CRA,CRANSTON,50.86633104,-113.9762047,9,Titled Parcel;Building;Building;Building;Building;Building;Building;Building;Building,801 CRANBROOK WK SE;803 CRANBROOK WK SE;811 CRANBROOK WK SE;809 CRANBROOK WK SE;815 CRANBROOK WK SE;807 CRANBROOK WK SE;817 CRANBROOK WK SE;813 CRANBROOK WK SE;805 CRANBROOK WK SE,"MULTIPOINT (-113.97620467398669 50.86633103654048,-113.97631523688716 50.86630974371536,-113.97642457004727 50.86641680988995,-113.97638454863693 50.86639396717626,-113.97649445790677 50.8664578543866,-113.97637215929747 50.866368981433254,-113.97653109638789 50.86648461602618,-113.9764561267837 50.86643536264837,-113.97633496569351 50.8663447188533)","{""type"":""MultiPoint"",""coordinates"":[[-113.9762047,50.866331],[-113.9763152,50.8663097],[-113.9764246,50.8664168],[-113.9763845,50.866394],[-113.9764945,50.8664579],[-113.9763722,50.866369],[-113.9765311,50.8664846],[-113.9764561,50.8664354],[-113.976335,50.8663447]]}",POINT (-113.97620467398669 50.86633103654048),803 CRANBROOK WK SE,a,
BP2021-02895,Completed,2021-02-25,2021,2021-03-16,2021-12-07,2021,Commercial / Multi Family Project,Building,1606 - Ths Townhouse,Townhouse,Residential,New,New,New,Interior Alteration - Part 9 Group C - The Retreat Building 26,BROOKFIELD RESIDENTIAL (ALBERTA),,BROOKFIELD RESIDENTIAL (ALBERTA),7,"$1,196,733",50,50,639 CRANBROOK WK SE,CRA,CRANSTON,50.86600746,-113.976498,11,Titled Parcel;Building;Building;Building;Building;Building;Building;Building;Building;Building;Structure,659 CRANBROOK WK SE;653 CRANBROOK WK SE;643 CRANBROOK WK SE;649 CRANBROOK WK SE;651 CRANBROOK WK SE;647 CRANBROOK WK SE;639 CRANBROOK WK SE;655 CRANBROOK WK SE;641 CRANBROOK WK SE;645 CRANBROOK WK SE;657 CRANBROOK WK SE,"MULTIPOINT (-113.97649803701422 50.86600745563181,-113.97607343995188 50.8661602085232,-113.97627984939591 50.86605785444128,-113.97616254846274 50.86611669712843,-113.97612306124095 50.86613346441564,-113.97618793303269 50.86609208766321,-113.97640108132309 50.8660065011087,-113.97601027928815 50.86618873883954,-113.97633792124903 50.86603467200279,-113.97622740580734 50.86607567995141,-113.97619651925083 50.86610867598243)","{""type"":""MultiPoint"",""coordinates"":[[-113.976498,50.8660075],[-113.9760734,50.8661602],[-113.9762798,50.8660579],[-113.9761625,50.8661167],[-113.9761231,50.8661335],[-113.9761879,50.8660921],[-113.9764011,50.8660065],[-113.9760103,50.8661887],[-113.9763379,50.8660347],[-113.9762274,50.8660757],[-113.9761965,50.8661087]]}",POINT (-113.97649803701422 50.86600745563181),639 CRANBROOK WK SE,a,
BP2019-01624,Completed,2019-02-15,2019,2019-03-21,2019-12-13,2019,Commercial / Multi Family Project,Building,1606 - Ths Townhouse,Townhouse,Residential,New,New,New,New Building (#1) - ZEN Riverstone,DEB DESIGN GROUP,,,14,"$2,051,139",50,50,103 CRANBROOK SQ SE,CRA,CRANSTON,50.86380448,-113.9744782,15,Titled Parcel;Building;Building;Building;Building;Building;Building;Building;Building;Building;Building;Building;Building;Building;Building,1091 CRANSTON AV SE;123 CRANBROOK SQ SE;121 CRANBROOK SQ SE;103 CRANBROOK SQ SE;109 CRANBROOK SQ SE;111 CRANBROOK SQ SE;107 CRANBROOK SQ SE;125 CRANBROOK SQ SE;115 CRANBROOK SQ SE;105 CRANBROOK SQ SE;113 CRANBROOK SQ SE;119 CRANBROOK SQ SE;129 CRANBROOK SQ SE;127 CRANBROOK SQ SE;117 CRANBROOK SQ SE,"MULTIPOINT (-113.97447823274668 50.86380447863743,-113.97455365287492 50.86416275611219,-113.97464480356012 50.86414731312635,-113.97479055289362 50.86396062212851,-113.97469376049689 50.86398081972247,-113.9747369428404 50.86403732231823,-113.97476609872356 50.863999273900255,-113.97462881531443 50.864186560047685,-113.97463546182311 50.8640587055304,-113.97472854364915 50.86393920349824,-113.97471250440097 50.86407299838739,-113.9746786477082 50.864108672408435,-113.9745996582306 50.864226397442394,-113.97453013045957 50.86421151281054,-113.97461665381769 50.864084871369194)","{""type"":""MultiPoint"",""coordinates"":[[-113.9744782,50.8638045],[-113.9745537,50.8641628],[-113.9746448,50.8641473],[-113.9747906,50.8639606],[-113.9746938,50.8639808],[-113.9747369,50.8640373],[-113.9747661,50.8639993],[-113.9746288,50.8641866],[-113.9746355,50.8640587],[-113.9747285,50.8639392],[-113.9747125,50.864073],[-113.9746786,50.8641087],[-113.9745997,50.8642264],[-113.9745301,50.8642115],[-113.9746167,50.8640849]]}",POINT (-113.97447823274668 50.86380447863743),103 CRANBROOK SQ SE,a,
BP2019-03162,Completed,2019-03-28,2019,2019-05-13,2020-03-04,2020,Commercial / Multi Family Project,Building,1606 - Ths Townhouse,Townhouse,Residential,New,New,New,New Building (#2) - ZEN Riverstone,,AVALON MASTER BUILDER,AVALON MASTER BUILDER,16,"$2,267,918",51,51,122 CRANBROOK SQ SE,CRA,CRANSTON,50.86380448,-113.9744782,17,Titled Parcel;Building;Building;Building;Building;Building;Building;Building;Building;Building;Building;Building;Building;Building;Building;Building;Building,1091 CRANSTON AV SE;126 CRANBROOK SQ SE;110 CRANBROOK SQ SE;122 CRANBROOK SQ SE;130 CRANBROOK SQ SE;120 CRANBROOK SQ SE;104 CRANBROOK SQ SE;132 CRANBROOK SQ SE;112 CRANBROOK SQ SE;114 CRANBROOK SQ SE;118 CRANBROOK SQ SE;108 CRANBROOK SQ SE;124 CRANBROOK SQ SE;106 CRANBROOK SQ SE;102 CRANBROOK SQ SE;128 CRANBROOK SQ SE;116 CRANBROOK SQ SE,"MULTIPOINT (-113.97447823274668 50.86380447863743,-113.97394517067798 50.86404429532282,-113.97398588681811 50.863834036988585,-113.97388957514137 50.863985299424364,-113.97383241149211 50.8640633019553,-113.97391665769759 50.863947241764365,-113.97413925852943 50.86378935474433,-113.97391508331042 50.864095666526346,-113.9739648137912 50.86387114306461,-113.97405800997515 50.8639063597167,-113.97394524650748 50.86390824048268,-113.9741091647128 50.863827402799075,-113.97397375316706 50.86401671134986,-113.97401747124775 50.863797886190284,-113.97405629322054 50.86374899814321,-113.97385198212841 50.864020486909624,-113.97403694278458 50.863933001431334)","{""type"":""MultiPoint"",""coordinates"":[[-113.9744782,50.8638045],[-113.9739452,50.8640443],[-113.9739859,50.863834],[-113.9738896,50.8639853],[-113.9738324,50.8640633],[-113.9739167,50.8639472],[-113.9741393,50.8637894],[-113.9739151,50.8640957],[-113.9739648,50.8638711],[-113.974058,50.8639064],[-113.9739452,50.8639082],[-113.9741092,50.8638274],[-113.9739738,50.8640167],[-113.9740175,50.8637979],[-113.9740563,50.863749],[-113.973852,50.8640205],[-113.9740369,50.863933]]}",POINT (-113.97447823274668 50.86380447863743),122 CRANBROOK SQ SE,a,
BP2020-12607,Completed,2020-09-08,2020,2020-10-14,2021-06-23,2021,Commercial / Multi Family Project,Building,1606 - Ths Townhouse,Townhouse,Residential,New,New,New,14 plex stacked townhouse,,AVALON MASTER BUILDER,AVALON MASTER BUILDER,14,"$2,216,700",51,51,403 CRANBROOK SQ SE,CRA,CRANSTON,50.86408338,-113.9754636,15,Titled Parcel;Building;Building;Building;Building;Building;Building;Building;Building;Building;Building;Building;Building;Building;Building,1027 CRANSTON AV SE;413 CRANBROOK SQ SE;405 CRANBROOK SQ SE;415 CRANBROOK SQ SE;403 CRANBROOK SQ SE;427 CRANBROOK SQ SE;423 CRANBROOK SQ SE;417 CRANBROOK SQ SE;407 CRANBROOK SQ SE;411 CRANBROOK SQ SE;419 CRANBROOK SQ SE;425 CRANBROOK SQ SE;421 CRANBROOK SQ SE;429 CRANBROOK SQ SE;409 CRANBROOK SQ SE,"MULTIPOINT (-113.97546362605347 50.8640833803443,-113.97511307890642 50.864188812918066,-113.97526346142368 50.86410202833212,-113.97517789818414 50.86421618332909,-113.97519019127942 50.8640722738187,-113.97507069279652 50.86436957504503,-113.97510266795926 50.864319040019964,-113.97515627552367 50.86424650204131,-113.9751685614255 50.86411627533191,-113.97514221847473 50.864154333438734,-113.9750895611812 50.86422983831904,-113.97503409165958 50.8643041558915,-113.97506417082505 50.86426610759831,-113.97500493389116 50.86434578239896,-113.97523619772707 50.86413532155835)","{""type"":""MultiPoint"",""coordinates"":[[-113.9754636,50.8640834],[-113.9751131,50.8641888],[-113.9752635,50.864102],[-113.9751779,50.8642162],[-113.9751902,50.8640723],[-113.9750707,50.8643696],[-113.9751027,50.864319],[-113.9751563,50.8642465],[-113.9751686,50.8641163],[-113.9751422,50.8641543],[-113.9750896,50.8642298],[-113.9750341,50.8643042],[-113.9750642,50.8642661],[-113.9750049,50.8643458],[-113.9752362,50.8641353]]}",POINT (-113.97546362605347 50.8640833803443),403 CRANBROOK SQ SE,a,
BP2020-14175,Completed,2020-10-01,2020,2020-11-04,2021-08-11,2021,Commercial / Multi Family Project,Building,1606 - Ths Townhouse,Townhouse,Residential,New,New,New,11 Plex Stacked Townhouse,,AVALON MASTER BUILDER,AVALON MASTER BUILDER,11,"$1,711,898",51,51,435 CRANBROOK SQ SE,CRA,CRANSTON,50.86408338,-113.9754636,12,Titled Parcel;Building;Building;Building;Building;Building;Building;Building;Building;Building;Building;Building,1027 CRANSTON AV SE;441 CRANBROOK SQ SE;449 CRANBROOK SQ SE;439 CRANBROOK SQ SE;435 CRANBROOK SQ SE;437 CRANBROOK SQ SE;445 CRANBROOK SQ SE;453 CRANBROOK SQ SE;455 CRANBROOK SQ SE;451 CRANBROOK SQ SE;443 CRANBROOK SQ SE;447 CRANBROOK SQ SE,"MULTIPOINT (-113.97546362605347 50.8640833803443,-113.97516784869767 50.864629002556896,-113.97500061853134 50.86457901835267,-113.97514903317612 50.864669435626254,-113.97521668289804 50.864691457558926,-113.975235499632 50.86464864212592,-113.97502689584937 50.8646378905765,-113.97490101095624 50.864601597866624,-113.97492546788095 50.864558190354806,-113.97496771092091 50.86461944837408,-113.97508420631031 50.86465515465719,-113.97504947753195 50.86459449162776)","{""type"":""MultiPoint"",""coordinates"":[[-113.9754636,50.8640834],[-113.9751678,50.864629],[-113.9750006,50.864579],[-113.975149,50.8646694],[-113.9752167,50.8646915],[-113.9752355,50.8646486],[-113.9750269,50.8646379],[-113.974901,50.8646016],[-113.9749255,50.8645582],[-113.9749677,50.8646194],[-113.9750842,50.8646552],[-113.9750495,50.8645945]]}",POINT (-113.97546362605347 50.8640833803443),435 CRANBROOK SQ SE,a,
BP2020-15043,Completed,2020-10-15,2020,2020-11-18,2021-12-20,2021,Commercial / Multi Family Project,Building,1606 - Ths Townhouse,Townhouse,Residential,New,New,New,Stacked Townhouse,,AVALON MASTER BUILDER,AVALON MASTER BUILDER,14,"$2,216,700",51,51,402 CRANBROOK SQ SE,CRA,CRANSTON,50.86408338,-113.9754636,15,Titled Parcel;Building;Building;Building;Building;Building;Building;Building;Building;Building;Building;Building;Building;Building;Building,1027 CRANSTON AV SE;408 CRANBROOK SQ SE;414 CRANBROOK SQ SE;426 CRANBROOK SQ SE;404 CRANBROOK SQ SE;412 CRANBROOK SQ SE;418 CRANBROOK SQ SE;402 CRANBROOK SQ SE;428 CRANBROOK SQ SE;406 CRANBROOK SQ SE;410 CRANBROOK SQ SE;422 CRANBROOK SQ SE;424 CRANBROOK SQ SE;420 CRANBROOK SQ SE;416 CRANBROOK SQ SE,"MULTIPOINT (-113.97546362605347 50.8640833803443,-113.97579257135945 50.86429520877766,-113.97573991217688 50.864376071996475,-113.97562707236725 50.86452233396826,-113.97581700816545 50.864261321495945,-113.97567226544842 50.864348701309076,-113.97564217220528 50.86438735208629,-113.97574279831258 50.86423454282974,-113.9755641238062 50.864502102269505,-113.9757230452676 50.86427616248114,-113.97569953050584 50.864312432288386,-113.97565340432914 50.86447774001326,-113.97559045395313 50.864461077363025,-113.97561490582163 50.864425994456084,-113.97571921563743 50.86440163528809)","{""type"":""MultiPoint"",""coordinates"":[[-113.9754636,50.8640834],[-113.9757926,50.8642952],[-113.9757399,50.8643761],[-113.9756271,50.8645223],[-113.975817,50.8642613],[-113.9756723,50.8643487],[-113.9756422,50.8643874],[-113.9757428,50.8642345],[-113.9755641,50.8645021],[-113.975723,50.8642762],[-113.9756995,50.8643124],[-113.9756534,50.8644777],[-113.9755905,50.8644611],[-113.9756149,50.864426],[-113.9757192,50.8644016]]}",POINT (-113.97546362605347 50.8640833803443),402 CRANBROOK SQ SE,a,
BP2020-15612,Completed,2020-10-26,2020,2020-11-17,2021-09-17,2021,Commercial / Multi Family Project,Building,1606 - Ths Townhouse,Townhouse,Residential,New,New,New,Stacked Townhouse,,AVALON MASTER BUILDER,AVALON MASTER BUILDER,14,"$2,193,499",51,51,237 CRANBROOK SQ SE,CRA,CRANSTON,50.86408338,-113.9754636,15,Titled Parcel;Building;Building;Building;Building;Building;Building;Building;Building;Building;Building;Building;Building;Building;Building,1027 CRANSTON AV SE;249 CRANBROOK SQ SE;247 CRANBROOK SQ SE;237 CRANBROOK SQ SE;245 CRANBROOK SQ SE;263 CRANBROOK SQ SE;243 CRANBROOK SQ SE;257 CRANBROOK SQ SE;253 CRANBROOK SQ SE;261 CRANBROOK SQ SE;239 CRANBROOK SQ SE;251 CRANBROOK SQ SE;259 CRANBROOK SQ SE;241 CRANBROOK SQ SE;255 CRANBROOK SQ SE,"MULTIPOINT (-113.97546362605347 50.8640833803443,-113.97462816826477 50.8649076218097,-113.97466426955684 50.864872901236645,-113.97450269272235 50.86479722409462,-113.97461241699757 50.86485005534043,-113.97484855947728 50.86500578649331,-113.97452972366638 50.86485384009992,-113.97478938153272 50.864973661405735,-113.97471762848565 50.86489479449479,-113.9748833529876 50.86497249498311,-113.97445832366664 50.86483194280927,-113.97468078877779 50.864929038453425,-113.97482604733396 50.86494571937364,-113.97456056629919 50.864823883117175,-113.97477625527593 50.864921327712906)","{""type"":""MultiPoint"",""coordinates"":[[-113.9754636,50.8640834],[-113.9746282,50.8649076],[-113.9746643,50.8648729],[-113.9745027,50.8647972],[-113.9746124,50.8648501],[-113.9748486,50.8650058],[-113.9745297,50.8648538],[-113.9747894,50.8649737],[-113.9747176,50.8648948],[-113.9748834,50.8649725],[-113.9744583,50.8648319],[-113.9746808,50.864929],[-113.974826,50.8649457],[-113.9745606,50.8648239],[-113.9747763,50.8649213]]}",POINT (-113.97546362605347 50.8640833803443),237 CRANBROOK SQ SE,a,
BP2020-18473,Completed,2020-12-18,2020,2021-02-12,2021-11-15,2021,Commercial / Multi Family Project,Building,1606 - Ths Townhouse,Townhouse,Residential,New,New,New,New 7 unit townhouse (Zen Riverstone Bldg 12).,,AVALON MASTER BUILDER,AVALON MASTER BUILDER,7,"$1,190,361",51,51,250 CRANBROOK SQ SE,CRA,CRANSTON,50.86408338,-113.9754636,8,Titled Parcel;Building;Building;Building;Building;Building;Building;Building,1027 CRANSTON AV SE;254 CRANBROOK SQ SE;258 CRANBROOK SQ SE;250 CRANBROOK SQ SE;238 CRANBROOK SQ SE;242 CRANBROOK SQ SE;246 CRANBROOK SQ SE;262 CRANBROOK SQ SE,"MULTIPOINT (-113.97546362605347 50.8640833803443,-113.97460066099875 50.8651260461342,-113.97466265433208 50.86515340722187,-113.9745386564506 50.865093326964306,-113.97431694532708 50.8649933723943,-113.97438271443177 50.865025499168084,-113.97444847006977 50.865056439220176,-113.97472747179144 50.865186126934624)","{""type"":""MultiPoint"",""coordinates"":[[-113.9754636,50.8640834],[-113.9746007,50.865126],[-113.9746627,50.8651534],[-113.9745387,50.8650933],[-113.9743169,50.8649934],[-113.9743827,50.8650255],[-113.9744485,50.8650564],[-113.9747275,50.8651861]]}",POINT (-113.97546362605347 50.8640833803443),250 CRANBROOK SQ SE,a,
BP2020-14211,Completed,2020-10-01,2020,2020-11-04,2021-09-03,2021,Commercial / Multi Family Project,Building,1606 - Ths Townhouse,Townhouse,Residential,New,New,New,11 plex stacked townhouse,,AVALON MASTER BUILDER,AVALON MASTER BUILDER,11,"$1,687,436",51,51,469 CRANBROOK SQ SE,CRA,CRANSTON,50.86441579,-113.9744576,12,Titled Parcel;Building;Building;Building;Building;Building;Building;Building;Building;Building;Building;Building,483 CRANBROOK SQ SE;467 CRANBROOK SQ SE;473 CRANBROOK SQ SE;475 CRANBROOK SQ SE;481 CRANBROOK SQ SE;477 CRANBROOK SQ SE;471 CRANBROOK SQ SE;463 CRANBROOK SQ SE;461 CRANBROOK SQ SE;479 CRANBROOK SQ SE;465 CRANBROOK SQ SE;469 CRANBROOK SQ SE,"MULTIPOINT (-113.97445755665272 50.86441579498546,-113.97471771436376 50.86449961157058,-113.97460215656434 50.86446509180632,-113.97455048417275 50.86445140674268,-113.97447794924175 50.86442784606274,-113.9745166257884 50.86448945407728,-113.97457581069206 50.864507312158075,-113.97476183350282 50.86455848771816,-113.97478722489244 50.86452103182507,-113.97445367580201 50.86447279081406,-113.97469419549276 50.864541823571095,-113.97463594806358 50.86452397474417)","{""type"":""MultiPoint"",""coordinates"":[[-113.9744576,50.8644158],[-113.9747177,50.8644996],[-113.9746022,50.8644651],[-113.9745505,50.8644514],[-113.9744779,50.8644278],[-113.9745166,50.8644895],[-113.9745758,50.8645073],[-113.9747618,50.8645585],[-113.9747872,50.864521],[-113.9744537,50.8644728],[-113.9746942,50.8645418],[-113.9746359,50.864524]]}",POINT (-113.97445755665272 50.86441579498546),469 CRANBROOK SQ SE,a,
BP2020-03197,Completed,2020-03-16,2020,2020-05-13,2021-02-03,2021,Commercial / Multi Family Project,Building,1606 - Ths Townhouse,Townhouse,Residential,New,New,New,New 8-plex rowhouse.,,AVALON MASTER BUILDER,AVALON MASTER BUILDER,8,"$1,355,960",51,51,210 CRANBROOK SQ SE,CRA,CRANSTON,50.86457282,-113.9731339,9,Titled Parcel;Building;Building;Building;Building;Building;Building;Building;Building,200 CRANBROOK SQ SE;204 CRANBROOK SQ SE;212 CRANBROOK SQ SE;216 CRANBROOK SQ SE;214 CRANBROOK SQ SE;208 CRANBROOK SQ SE;202 CRANBROOK SQ SE;210 CRANBROOK SQ SE;206 CRANBROOK SQ SE,"MULTIPOINT (-113.97313387858063 50.864572823031075,-113.97321965341405 50.86464469990885,-113.9734826790002 50.86477987084895,-113.97361193915752 50.86485030092497,-113.97354731172383 50.86481032569435,-113.97333989492816 50.864710381492,-113.97315803654674 50.86460758397577,-113.97341804852829 50.864745604203094,-113.97328579211522 50.864674211294066)","{""type"":""MultiPoint"",""coordinates"":[[-113.9731339,50.8645728],[-113.9732197,50.8646447],[-113.9734827,50.8647799],[-113.9736119,50.8648503],[-113.9735473,50.8648103],[-113.9733399,50.8647104],[-113.973158,50.8646076],[-113.973418,50.8647456],[-113.9732858,50.8646742]]}",POINT (-113.97313387858063 50.864572823031075),210 CRANBROOK SQ SE,a,
BP2020-18120,Completed,2020-12-11,2020,2021-01-08,2022-03-15,2022,Commercial / Multi Family Project,Building,1606 - Ths Townhouse,Townhouse,Residential,New,New,New,6 Plex Rowhouse,,AVALON MASTER BUILDER,AVALON MASTER BUILDER,6,"$1,019,438",51,51,226 CRANBROOK SQ SE,CRA,CRANSTON,50.86486064,-113.9737277,7,Titled Parcel;Building;Building;Building;Building;Building;Building,220 CRANBROOK SQ SE;232 CRANBROOK SQ SE;230 CRANBROOK SQ SE;222 CRANBROOK SQ SE;228 CRANBROOK SQ SE;224 CRANBROOK SQ SE;226 CRANBROOK SQ SE,"MULTIPOINT (-113.97372769544275 50.864860638580645,-113.97417025407002 50.864947284196035,-113.97409208427463 50.86493965233172,-113.97374332362875 50.86488248782552,-113.9740139176732 50.86492632074844,-113.97383502437154 50.86490249321339,-113.97392371783174 50.86491488331755)","{""type"":""MultiPoint"",""coordinates"":[[-113.9737277,50.8648606],[-113.9741703,50.8649473],[-113.9740921,50.8649397],[-113.9737433,50.8648825],[-113.9740139,50.8649263],[-113.973835,50.8649025],[-113.9739237,50.8649149]]}",POINT (-113.97372769544275 50.864860638580645),226 CRANBROOK SQ SE,a,
BP2021-05297,Completed,2021-04-05,2021,2021-05-21,2022-06-16,2022,Commercial / Multi Family Project,Building,1606 - Ths Townhouse,Townhouse,Residential,New,New,New,11- unit stacked townhouse (Zen Riverstone Building 13).,,AVALON MASTER BUILDER,AVALON MASTER BUILDER,11,"$1,711,851",51,51,335 CRANBROOK SQ SE,CRA,CRANSTON,50.86408338,-113.9754636,12,Titled Parcel;Building;Building;Building;Building;Building;Building;Building;Building;Building;Building;Building,1027 CRANSTON AV SE;339 CRANBROOK SQ SE;355 CRANBROOK SQ SE;347 CRANBROOK SQ SE;345 CRANBROOK SQ SE;341 CRANBROOK SQ SE;353 CRANBROOK SQ SE;351 CRANBROOK SQ SE;335 CRANBROOK SQ SE;343 CRANBROOK SQ SE;349 CRANBROOK SQ SE;337 CRANBROOK SQ SE,"MULTIPOINT (-113.97546362605347 50.8640833803443,-113.97539665055533 50.86491404337244,-113.97558765295462 50.864792295789,-113.97548613477663 50.86485506974404,-113.9754432761996 50.8648821746101,-113.97544925547513 50.864938785970644,-113.97563198641805 50.864824174644404,-113.97553275905415 50.86482558329845,-113.9753951124515 50.86497540886672,-113.97548685399934 50.86491929453786,-113.97559362841798 50.864856521682086,-113.9753455226478 50.86494399629263)","{""type"":""MultiPoint"",""coordinates"":[[-113.9754636,50.8640834],[-113.9753967,50.864914],[-113.9755877,50.8647923],[-113.9754861,50.8648551],[-113.9754433,50.8648822],[-113.9754493,50.8649388],[-113.975632,50.8648242],[-113.9755328,50.8648256],[-113.9753951,50.8649754],[-113.9754869,50.8649193],[-113.9755936,50.8648565],[-113.9753455,50.864944]]}",POINT (-113.97546362605347 50.8640833803443),335 CRANBROOK SQ SE,a,
BP2021-06054,Completed,2021-04-15,2021,2021-05-25,2022-08-26,2022,Commercial / Multi Family Project,Building,1606 - Ths Townhouse,Townhouse,Residential,New,New,New,New 8-Unit stacked townhouse (Zen Riverstone Building 15).,,AVALON MASTER BUILDER,AVALON MASTER BUILDER,8,"$1,230,863",51,51,303 CRANBROOK SQ SE,CRA,CRANSTON,50.86408338,-113.9754636,9,Titled Parcel;Building;Building;Building;Building;Building;Building;Building;Building,1027 CRANSTON AV SE;309 CRANBROOK SQ SE;307 CRANBROOK SQ SE;317 CRANBROOK SQ SE;311 CRANBROOK SQ SE;303 CRANBROOK SQ SE;313 CRANBROOK SQ SE;315 CRANBROOK SQ SE;305 CRANBROOK SQ SE,"MULTIPOINT (-113.97546362605347 50.8640833803443,-113.975196559403 50.86510873366155,-113.97514638658211 50.865078399681046,-113.97529468296906 50.86504667844352,-113.97523489938784 50.86508448675208,-113.9750911229356 50.86511121043186,-113.97518869262295 50.86504915518476,-113.97523662559475 50.865017053043275,-113.97514297089391 50.865143693405386)","{""type"":""MultiPoint"",""coordinates"":[[-113.9754636,50.8640834],[-113.9751966,50.8651087],[-113.9751464,50.8650784],[-113.9752947,50.8650467],[-113.9752349,50.8650845],[-113.9750911,50.8651112],[-113.9751887,50.8650492],[-113.9752366,50.8650171],[-113.975143,50.8651437]]}",POINT (-113.97546362605347 50.8640833803443),303 CRANBROOK SQ SE,a,
BP2021-10667,Completed,2021-06-16,2021,2021-09-09,2022-12-15,2022,Commercial / Multi Family Project,Building,1606 - Ths Townhouse,Townhouse,Residential,New,New,New,New 9 unit townhouse (Zen Riverstone Bldg 16).,,AVALON MASTER BUILDER,AVALON MASTER BUILDER,9,"$1,518,585",51,51,274 CRANBROOK SQ SE,CRA,CRANSTON,50.86408338,-113.9754636,10,Titled Parcel;Building;Building;Building;Building;Building;Building;Building;Building;Building,1027 CRANSTON AV SE;272 CRANBROOK SQ SE;280 CRANBROOK SQ SE;278 CRANBROOK SQ SE;284 CRANBROOK SQ SE;276 CRANBROOK SQ SE;274 CRANBROOK SQ SE;270 CRANBROOK SQ SE;268 CRANBROOK SQ SE;282 CRANBROOK SQ SE,"MULTIPOINT (-113.97546362605347 50.8640833803443,-113.97490968266347 50.86535742595392,-113.97506555994225 50.865550133266396,-113.9750232915634 50.86550789814953,-113.97512940742563 50.865645288169134,-113.97499136989804 50.86545675613375,-113.97494535801884 50.86540203306087,-113.97488433724365 50.86530865868385,-113.97484207019998 50.8652646524677,-113.97509561069175 50.86559354345285)","{""type"":""MultiPoint"",""coordinates"":[[-113.9754636,50.8640834],[-113.9749097,50.8653574],[-113.9750656,50.8655501],[-113.9750233,50.8655079],[-113.9751294,50.8656453],[-113.9749914,50.8654568],[-113.9749454,50.865402],[-113.9748843,50.8653087],[-113.9748421,50.8652647],[-113.9750956,50.8655935]]}",POINT (-113.97546362605347 50.8640833803443),274 CRANBROOK SQ SE,a,
BP2021-11171,Completed,2021-06-23,2021,2021-10-12,2022-11-24,2022,Commercial / Multi Family Project,Building,1606 - Ths Townhouse,Townhouse,Residential,New,New,New,14 unit stacked townhouse.,,AVALON MASTER BUILDER,AVALON MASTER BUILDER,14,"$2,194,348",51,51,328 CRANBROOK SQ SE,CRA,CRANSTON,50.86408338,-113.9754636,15,Titled Parcel;Building;Building;Building;Building;Building;Building;Building;Building;Building;Building;Building;Building;Building;Building,1027 CRANSTON AV SE;320 CRANBROOK SQ SE;314 CRANBROOK SQ SE;318 CRANBROOK SQ SE;324 CRANBROOK SQ SE;310 CRANBROOK SQ SE;308 CRANBROOK SQ SE;326 CRANBROOK SQ SE;304 CRANBROOK SQ SE;316 CRANBROOK SQ SE;312 CRANBROOK SQ SE;328 CRANBROOK SQ SE;302 CRANBROOK SQ SE;322 CRANBROOK SQ SE;306 CRANBROOK SQ SE,"MULTIPOINT (-113.97546362605347 50.8640833803443,-113.97556279126219 50.86525766751533,-113.97542934208943 50.865284393772626,-113.97551861078206 50.865285608201454,-113.97561073622511 50.86522972759901,-113.97542837293456 50.865344455831625,-113.97533629231688 50.86534146071754,-113.97565866816078 50.86519941429721,-113.97528365537488 50.86537653759577,-113.97546881800058 50.86526121683748,-113.97547255227421 50.86531889753259,-113.97561639770134 50.865160748426604,-113.97533342801373 50.86541222947754,-113.97555718078759 50.86520176645181,-113.97538607978927 50.86537596589877)","{""type"":""MultiPoint"",""coordinates"":[[-113.9754636,50.8640834],[-113.9755628,50.8652577],[-113.9754293,50.8652844],[-113.9755186,50.8652856],[-113.9756107,50.8652297],[-113.9754284,50.8653445],[-113.9753363,50.8653415],[-113.9756587,50.8651994],[-113.9752837,50.8653765],[-113.9754688,50.8652612],[-113.9754726,50.8653189],[-113.9756164,50.8651607],[-113.9753334,50.8654122],[-113.9755572,50.8652018],[-113.9753861,50.865376]]}",POINT (-113.97546362605347 50.8640833803443),328 CRANBROOK SQ SE,a,
BP2021-12424,Completed,2021-07-14,2021,2021-09-09,2022-12-14,2022,Commercial / Multi Family Project,Building,1606 - Ths Townhouse,Townhouse,Residential,New,New,New,11 unit stacked townhouse.,,AVALON MASTER BUILDER,AVALON MASTER BUILDER,11,"$1,711,851",51,51,336 CRANBROOK SQ SE,CRA,CRANSTON,50.86408338,-113.9754636,12,Titled Parcel;Building;Building;Building;Building;Building;Building;Building;Building;Building;Building;Building,1027 CRANSTON AV SE;356 CRANBROOK SQ SE;340 CRANBROOK SQ SE;354 CRANBROOK SQ SE;336 CRANBROOK SQ SE;350 CRANBROOK SQ SE;344 CRANBROOK SQ SE;342 CRANBROOK SQ SE;338 CRANBROOK SQ SE;348 CRANBROOK SQ SE;352 CRANBROOK SQ SE;346 CRANBROOK SQ SE,"MULTIPOINT (-113.97546362605347 50.8640833803443,-113.97600458047108 50.86497530201021,-113.97582127971403 50.86509359970334,-113.97595291536896 50.864945552419684,-113.97571885376146 50.865098334157096,-113.97590026666383 50.8649776538821,-113.97581379379272 50.86503769826209,-113.97578089611544 50.86505968999842,-113.97576958254253 50.86512569231309,-113.97590870324007 50.86503592887758,-113.97595663508899 50.86500502211167,-113.97586546106174 50.86506327654894)","{""type"":""MultiPoint"",""coordinates"":[[-113.9754636,50.8640834],[-113.9760046,50.8649753],[-113.9758213,50.8650936],[-113.9759529,50.8649456],[-113.9757189,50.8650983],[-113.9759003,50.8649777],[-113.9758138,50.8650377],[-113.9757809,50.8650597],[-113.9757696,50.8651257],[-113.9759087,50.8650359],[-113.9759566,50.865005],[-113.9758655,50.8650633]]}",POINT (-113.97546362605347 50.8640833803443),336 CRANBROOK SQ SE,a,
BP2021-18994,Completed,2021-11-03,2021,2021-12-09,2023-02-27,2023,Commercial / Multi Family Project,Building,1606 - Ths Townhouse,Townhouse,Residential,New,New,New,Zen Riverstone (Bldg 13).,,AVALON MASTER BUILDER,AVALON MASTER BUILDER,18,"$2,656,312",51,51,156 CRANBROOK SQ SE,CRA,CRANSTON,50.86458191,-113.9735731,19,Titled Parcel;Building;Building;Building;Building;Building;Building;Building;Building;Building;Building;Building;Building;Building;Building;Building;Building;Building;Building,180 CRANBROOK SQ SE;170 CRANBROOK SQ SE;172 CRANBROOK SQ SE;150 CRANBROOK SQ SE;174 CRANBROOK SQ SE;166 CRANBROOK SQ SE;142 CRANBROOK SQ SE;164 CRANBROOK SQ SE;148 CRANBROOK SQ SE;156 CRANBROOK SQ SE;144 CRANBROOK SQ SE;154 CRANBROOK SQ SE;168 CRANBROOK SQ SE;146 CRANBROOK SQ SE;162 CRANBROOK SQ SE;158 CRANBROOK SQ SE;160 CRANBROOK SQ SE;152 CRANBROOK SQ SE;140 CRANBROOK SQ SE,"MULTIPOINT (-113.97357306787708 50.86458191330598,-113.97356955362554 50.864465959333195,-113.97361010454405 50.86452685786125,-113.973702028329 50.864275302102236,-113.97354548045506 50.86450686742528,-113.97366277910149 50.86445076031512,-113.97378853284138 50.86416114839943,-113.97359663779224 50.8644260048583,-113.9737283576429 50.86423843998976,-113.97364935369374 50.864352001999166,-113.97375938959597 50.86420039224676,-113.97367287140763 50.86431335025245,-113.97364321616074 50.86447929918823,-113.97382702211776 50.86422538168703,-113.97362071033855 50.864386049696286,-113.97371981427825 50.86437521211687,-113.97369135851105 50.86440414455638,-113.97377342438553 50.864302081433614,-113.97386276231326 50.86417603452615)","{""type"":""MultiPoint"",""coordinates"":[[-113.9735731,50.8645819],[-113.9735696,50.864466],[-113.9736101,50.8645269],[-113.973702,50.8642753],[-113.9735455,50.8645069],[-113.9736628,50.8644508],[-113.9737885,50.8641611],[-113.9735966,50.864426],[-113.9737284,50.8642384],[-113.9736494,50.864352],[-113.9737594,50.8642004],[-113.9736729,50.8643134],[-113.9736432,50.8644793],[-113.973827,50.8642254],[-113.9736207,50.864386],[-113.9737198,50.8643752],[-113.9736914,50.8644041],[-113.9737734,50.8643021],[-113.9738628,50.864176]]}",POINT (-113.97357306787708 50.86458191330598),156 CRANBROOK SQ SE,a,
BP2022-06733,Completed,2022-04-26,2022,2022-05-31,2023-05-19,2023,Commercial / Multi Family Project,Building,1606 - Ths Townhouse,Townhouse,Residential,New,New,New,6 Unit Residential Rowhouse - Building 9,,BROOKFIELD RESIDENTIAL (ALBERTA),BROOKFIELD RESIDENTIAL (ALBERTA),6,"$1,333,446",52,52,404 CRANBROOK WK SE,CRA,CRANSTON,50.86550845,-113.9762047,7,Titled Parcel;Building;Building;Building;Building;Building;Building,402 CRANBROOK WK SE;412 CRANBROOK WK SE;406 CRANBROOK WK SE;408 CRANBROOK WK SE;410 CRANBROOK WK SE;414 CRANBROOK WK SE;404 CRANBROOK WK SE,"MULTIPOINT (-113.97620466654206 50.865508450625846,-113.97590548640123 50.865406523439724,-113.97605954734772 50.86549266146272,-113.97600167770477 50.865455062344374,-113.97595132819606 50.865435076177775,-113.9758483689135 50.865370830282366,-113.97611591102097 50.86553072772452)","{""type"":""MultiPoint"",""coordinates"":[[-113.9762047,50.8655085],[-113.9759055,50.8654065],[-113.9760595,50.8654927],[-113.9760017,50.8654551],[-113.9759513,50.8654351],[-113.9758484,50.8653708],[-113.9761159,50.8655307]]}",POINT (-113.97620466654206 50.865508450625846),404 CRANBROOK WK SE,a,
BP2022-06934,Completed,2022-04-28,2022,2022-05-31,2023-07-24,2023,Commercial / Multi Family Project,Building,1606 - Ths Townhouse,Townhouse,Residential,New,New,New,5 Unit Residential Rowhouse - Bldg 10,,BROOKFIELD RESIDENTIAL (ALBERTA),BROOKFIELD RESIDENTIAL (ALBERTA),5,"$1,038,154",52,52,403 CRANBROOK WK SE,CRA,CRANSTON,50.86571964,-113.9758368,6,Titled Parcel;Building;Building;Building;Building;Building,401 CRANBROOK WK SE;403 CRANBROOK WK SE;405 CRANBROOK WK SE;409 CRANBROOK WK SE;411 CRANBROOK WK SE;407 CRANBROOK WK SE,"MULTIPOINT (-113.97583680973342 50.86571964029992,-113.9758401038388 50.86564042101055,-113.97578375045863 50.86561008602741,-113.97569357186796 50.86555441012835,-113.9756507284872 50.86552406890307,-113.97573414180926 50.865585811686366)","{""type"":""MultiPoint"",""coordinates"":[[-113.9758368,50.8657196],[-113.9758401,50.8656404],[-113.9757838,50.8656101],[-113.9756936,50.8655544],[-113.9756507,50.8655241],[-113.9757341,50.8655858]]}",POINT (-113.97583680973342 50.86571964029992),403 CRANBROOK WK SE,a,
BP2022-06941,Completed,2022-04-28,2022,2022-05-31,2023-08-17,2023,Commercial / Multi Family Project,Building,1606 - Ths Townhouse,Townhouse,Residential,New,New,New,6 Unit Residential Rowhouse - Building 11,,BROOKFIELD RESIDENTIAL (ALBERTA),BROOKFIELD RESIDENTIAL (ALBERTA),6,"$1,214,692",52,52,504 CRANBROOK WK SE,CRA,CRANSTON,50.86579154,-113.9757473,7,Titled Parcel;Building;Building;Building;Building;Building;Building,502 CRANBROOK WK SE;506 CRANBROOK WK SE;504 CRANBROOK WK SE;512 CRANBROOK WK SE;514 CRANBROOK WK SE;510 CRANBROOK WK SE;508 CRANBROOK WK SE,"MULTIPOINT (-113.97574728917986 50.86579154181557,-113.97561639968083 50.865783333636685,-113.9756693728838 50.86581223858354,-113.97546590665684 50.8656926738079,-113.97540729584469 50.86566018955628,-113.97552679610736 50.865714451405424,-113.97556229119031 50.865752279815496)","{""type"":""MultiPoint"",""coordinates"":[[-113.9757473,50.8657915],[-113.9756164,50.8657833],[-113.9756694,50.8658122],[-113.9754659,50.8656927],[-113.9754073,50.8656602],[-113.9755268,50.8657145],[-113.9755623,50.8657523]]}",POINT (-113.97574728917986 50.86579154181557),504 CRANBROOK WK SE,a,
BP2022-05153,Completed,2022-04-01,2022,2022-05-25,2023-04-14,2023,Commercial / Multi Family Project,Building,1606 - Ths Townhouse,Townhouse,Residential,New,New,New,9.10.15. - Row House with 9.10.14. Garage,JOHN TRINH & ASSOCIATES,,PARAMOUNT HOMES CONSTRUCTION,4,"$797,367",53,53,204B 12 AV NE,CRE,CRESCENT HEIGHTS,51.06373094,-114.0597605,9,Titled Parcel;Building;Building;Building;Building;Building Suite;Building Suite;Building Suite;Building Suite,1310 1 ST NE;1306 1 ST NE;1308 1 ST NE;204 12 AV NE;1304 1 ST NE;1306R 1 ST NE;1304R 1 ST NE;204B 12 AV NE;1308R 1 ST NE,"MULTIPOINT (-114.05976046213193 51.06373093736452,-114.05968707959163 51.06358994436796,-114.05968714177399 51.063638299958626,-114.05968857232354 51.063486022616246,-114.05969028043751 51.06353849465222,-114.05963480585396 51.06357761919269,-114.05963638832328 51.06353234623128,-114.05964445350166 51.06345825795719,-114.05963648880001 51.06361054762313)","{""type"":""MultiPoint"",""coordinates"":[[-114.0597605,51.0637309],[-114.0596871,51.0635899],[-114.0596871,51.0636383],[-114.0596886,51.063486],[-114.0596903,51.0635385],[-114.0596348,51.0635776],[-114.0596364,51.0635323],[-114.0596445,51.0634583],[-114.0596365,51.0636105]]}",POINT (-114.05976046213193 51.06373093736452),204B 12 AV NE,a,
BP2017-10552,Completed,2017-08-14,2017,2017-10-17,2018-10-23,2018,Commercial / Multi Family Project,Building,1606 - Ths Townhouse,Townhouse,Residential,New,New,New,Part 9 Residential 2 Storey 4-Plex & Garage,MILLENIUM PLUS HOMES RENOVATION,,MILLENIUM PLUS HOMES RENOVATION,4,"$773,233",54,54,#1 307 2 AV NE,CRE,CRESCENT HEIGHTS,51.05426157,-114.0571717,5,Titled Parcel;Building;Building;Building;Building,305 2 AV NE;#1 309 2 AV NE;#1 307 2 AV NE;#2 307 2 AV NE;#2 309 2 AV NE,"MULTIPOINT (-114.05717169054859 51.05426157064858,-114.05709748786532 51.054212190431926,-114.05719635979546 51.054209813755676,-114.05719171202075 51.054118911987416,-114.05709888338829 51.05411752800512)","{""type"":""MultiPoint"",""coordinates"":[[-114.0571717,51.0542616],[-114.0570975,51.0542122],[-114.0571964,51.0542098],[-114.0571917,51.0541189],[-114.0570989,51.0541175]]}",POINT (-114.05717169054859 51.05426157064858),307 2 AV NE,a,
BP2017-10554,Completed,2017-08-14,2017,2017-10-17,2018-10-12,2018,Commercial / Multi Family Project,Building,1606 - Ths Townhouse,Townhouse,Residential,New,New,New,Part 9 Residential 2 Storey Semi-Detached Dwelling & Garage,MILLENIUM PLUS HOMES RENOVATION,,MILLENIUM PLUS HOMES RENOVATION,2,"$385,940",54,54,#2 311 2 AV NE,CRE,CRESCENT HEIGHTS,51.05426157,-114.0571717,3,Titled Parcel;Building;Building,305 2 AV NE;#2 311 2 AV NE;#1 311 2 AV NE,"MULTIPOINT (-114.05717169054859 51.05426157064858,-114.056995471243 51.05411614911021,-114.05699256066183 51.0542084389886)","{""type"":""MultiPoint"",""coordinates"":[[-114.0571717,51.0542616],[-114.0569955,51.0541161],[-114.0569926,51.0542084]]}",POINT (-114.05717169054859 51.05426157064858),311 2 AV NE,a,
BP2019-06913,Completed,2019-06-05,2019,2019-07-12,2022-07-15,2022,Commercial / Multi Family Project,Building,1606 - Ths Townhouse,Townhouse,Residential,New,New,New,Arrive At Crestmont - Building L,GRAVITY ARCHITECTURE,,PARTNERS DEVELOPMENT GROUP,6,"$1,162,075",55,55,51 CRESTRIDGE CM SW,CRM,CRESTMONT,51.08086775,-114.2590511,13,Titled Parcel;Titled Parcel;Titled Parcel;Titled Parcel;Titled Parcel;Titled Parcel;Titled Parcel;Building;Building;Building;Building;Building;Building,12111 TRANS CANADA HI SW;53 CRESTRIDGE CM SW;59 CRESTRIDGE CM SW;57 CRESTRIDGE CM SW;55 CRESTRIDGE CM SW;51 CRESTRIDGE CM SW;61 CRESTRIDGE CM SW;53 CRESTRIDGE CM SW;55 CRESTRIDGE CM SW;61 CRESTRIDGE CM SW;59 CRESTRIDGE CM SW;51 CRESTRIDGE CM SW;57 CRESTRIDGE CM SW,"MULTIPOINT (-114.25905112326005 51.08086774593192,-114.27027116024365 51.08655080164845,-114.27031929101662 51.086712504781985,-114.27030010724977 51.08665861100004,-114.27028406366242 51.086604709955076,-114.27022748831943 51.08648797476991,-114.27025624112511 51.08677557836507,-114.2700930468917 51.08656405951927,-114.27009939482048 51.086617326742676,-114.27012752756936 51.08677899524347,-114.27012119068578 51.086727633811584,-114.27007763225049 51.08651271905385,-114.27011176136894 51.08666486261824)","{""type"":""MultiPoint"",""coordinates"":[[-114.2590511,51.0808677],[-114.2702712,51.0865508],[-114.2703193,51.0867125],[-114.2703001,51.0866586],[-114.2702841,51.0866047],[-114.2702275,51.086488],[-114.2702562,51.0867756],[-114.270093,51.0865641],[-114.2700994,51.0866173],[-114.2701275,51.086779],[-114.2701212,51.0867276],[-114.2700776,51.0865127],[-114.2701118,51.0866649]]}",POINT (-114.25905112326005 51.08086774593192),51 CRESTRIDGE CM SW,a,
BP2019-03328,Completed,2019-04-01,2019,2019-05-31,2020-09-17,2020,Commercial / Multi Family Project,Building,1606 - Ths Townhouse,Townhouse,Residential,New,New,New,Arrive at Crestmont Building B non-stacked 6 units townhouses,GRAVITY ARCHITECTURE,,PARTNERS DEVELOPMENT GROUP,6,"$1,043,600",55,55,12554 CRESTMONT BV SW,CRM,CRESTMONT,51.08588866,-114.26893,12,Titled Parcel;Titled Parcel;Titled Parcel;Titled Parcel;Titled Parcel;Titled Parcel;Building;Building;Building;Building;Building;Building,12554 CRESTMONT BV SW;12560 CRESTMONT BV SW;12562 CRESTMONT BV SW;12564 CRESTMONT BV SW;12558 CRESTMONT BV SW;12556 CRESTMONT BV SW;12564 CRESTMONT BV SW;12556 CRESTMONT BV SW;12554 CRESTMONT BV SW;12562 CRESTMONT BV SW;12558 CRESTMONT BV SW;12560 CRESTMONT BV SW,"MULTIPOINT (-114.26893000643283 51.08588865723563,-114.26930727110584 51.08589228368145,-114.26942471034822 51.08589201310778,-114.269571438033 51.085891674889346,-114.2691898461348 51.0858925541043,-114.26907243543505 51.08589282437636,-114.26954177702405 51.085982359352144,-114.26906593877129 51.08598345540415,-114.26894131989947 51.08598374213285,-114.2694209262714 51.085982637904806,-114.26918302141812 51.0859831858941,-114.26931517694833 51.085980499279366)","{""type"":""MultiPoint"",""coordinates"":[[-114.26893,51.0858887],[-114.2693073,51.0858923],[-114.2694247,51.085892],[-114.2695714,51.0858917],[-114.2691898,51.0858926],[-114.2690724,51.0858928],[-114.2695418,51.0859824],[-114.2690659,51.0859835],[-114.2689413,51.0859837],[-114.2694209,51.0859826],[-114.269183,51.0859832],[-114.2693152,51.0859805]]}",POINT (-114.26893000643283 51.08588865723563),12554 CRESTMONT BV SW,a,
BP2019-01104,Completed,2019-01-31,2019,2019-05-30,2021-03-01,2021,Commercial / Multi Family Project,Building,1606 - Ths Townhouse,Townhouse,Residential,New,New,New,Arrive At Crestmont Building A- Non stacked townhouse,GRAVITY ARCHITECTURE,,,4,"$726,000",55,55,12574 CRESTMONT BV SW,CRM,CRESTMONT,51.08589093,-114.2698942,8,Titled Parcel;Titled Parcel;Titled Parcel;Titled Parcel;Building;Building;Building;Building,12572 CRESTMONT BV SW;12574 CRESTMONT BV SW;12576 CRESTMONT BV SW;12570 CRESTMONT BV SW;12574 CRESTMONT BV SW;12572 CRESTMONT BV SW;12576 CRESTMONT BV SW;12570 CRESTMONT BV SW,"MULTIPOINT (-114.26989416756393 51.08589093032538,-114.27001159252407 51.08589065919515,-114.27014184901718 51.08589035829938,-114.26974742561227 51.085891268981754,-114.27001005047849 51.08598127883427,-114.26988164964828 51.08597919303159,-114.27012335072655 51.08598101711774,-114.26976834940243 51.08597945451389)","{""type"":""MultiPoint"",""coordinates"":[[-114.2698942,51.0858909],[-114.2700116,51.0858907],[-114.2701418,51.0858904],[-114.2697474,51.0858913],[-114.2700101,51.0859813],[-114.2698816,51.0859792],[-114.2701234,51.085981],[-114.2697683,51.0859795]]}",POINT (-114.26989416756393 51.08589093032538),12574 CRESTMONT BV SW,a,
BP2019-12391,Completed,2019-09-10,2019,2019-09-18,2021-06-18,2021,Commercial / Multi Family Project,Building,1606 - Ths Townhouse,Townhouse,Residential,New,New,New,8 Unit Residential 2 Storey Rowhouse - Arrive at Crestmont West Building C,GRAVITY ARCHITECTURE,,PARTNERS DEVELOPMENT GROUP,8,"$1,725,722",55,55,194 CRESTRIDGE CM SW,CRM,CRESTMONT,51.08634002,-114.2700661,17,Titled Parcel;Titled Parcel;Titled Parcel;Titled Parcel;Titled Parcel;Titled Parcel;Titled Parcel;Titled Parcel;Titled Parcel;Building;Building;Building;Building;Building;Building;Building;Building,196 CRESTRIDGE CM SW;188 CRESTRIDGE CM SW;192 CRESTRIDGE CM SW;190 CRESTRIDGE CM SW;184 CRESTRIDGE CM SW;186 CRESTRIDGE CM SW;12111 TRANS CANADA HI SW;198 CRESTRIDGE CM SW;194 CRESTRIDGE CM SW;188 CRESTRIDGE CM SW;194 CRESTRIDGE CM SW;192 CRESTRIDGE CM SW;184 CRESTRIDGE CM SW;186 CRESTRIDGE CM SW;196 CRESTRIDGE CM SW;198 CRESTRIDGE CM SW;190 CRESTRIDGE CM SW,"MULTIPOINT (-114.27006613553438 51.08634001771668,-114.26971819630755 51.08634082091304,-114.26989218733284 51.086340419394865,-114.2698051918207 51.08634062018631,-114.26953195882174 51.08634125040538,-114.26963122933992 51.086341021509185,-114.25905112326005 51.08086774593192,-114.2701615259867 51.08630833341891,-114.26997916857073 51.086340218571635,-114.2697103964591 51.0862243415181,-114.26997626055102 51.086225624722225,-114.26988561454469 51.08622393717866,-114.26953517512005 51.08622664242698,-114.26962581009242 51.086226433443144,-114.2700699214414 51.086225408406726,-114.2701515040122 51.08622712573994,-114.26981009492228 51.0862241114826)","{""type"":""MultiPoint"",""coordinates"":[[-114.2700661,51.08634],[-114.2697182,51.0863408],[-114.2698922,51.0863404],[-114.2698052,51.0863406],[-114.269532,51.0863413],[-114.2696312,51.086341],[-114.2590511,51.0808677],[-114.2701615,51.0863083],[-114.2699792,51.0863402],[-114.2697104,51.0862243],[-114.2699763,51.0862256],[-114.2698856,51.0862239],[-114.2695352,51.0862266],[-114.2696258,51.0862264],[-114.2700699,51.0862254],[-114.2701515,51.0862271],[-114.2698101,51.0862241]]}",POINT (-114.27006613553438 51.08634001771668),194 CRESTRIDGE CM SW,a,
BP2019-13782,Completed,2019-10-08,2019,2019-10-15,2021-06-18,2021,Commercial / Multi Family Project,Building,1606 - Ths Townhouse,Townhouse,Residential,New,New,New,Rowhouse - Arrive at Crestmont West - Bldg E Units 74 - 77 (#162 - #168),GRAVITY ARCHITECTURE,,PARTNERS DEVELOPMENT GROUP,4,"$849,899",55,55,162 CRESTRIDGE CM SW,CRM,CRESTMONT,51.08653943,-114.2693539,8,Titled Parcel;Titled Parcel;Titled Parcel;Titled Parcel;Building;Building;Building;Building,164 CRESTRIDGE CM SW;168 CRESTRIDGE CM SW;162 CRESTRIDGE CM SW;166 CRESTRIDGE CM SW;166 CRESTRIDGE CM SW;162 CRESTRIDGE CM SW;168 CRESTRIDGE CM SW;164 CRESTRIDGE CM SW,"MULTIPOINT (-114.26935390668342 51.086539433910005,-114.26933515796465 51.08642261114131,-114.26936400657875 51.08660233846538,-114.26934525780852 51.08648551569964,-114.2691711885836 51.08649958990084,-114.2691899010311 51.08660039315153,-114.26916487486798 51.08645203100078,-114.26918053926627 51.08654903863247)","{""type"":""MultiPoint"",""coordinates"":[[-114.2693539,51.0865394],[-114.2693352,51.0864226],[-114.269364,51.0866023],[-114.2693453,51.0864855],[-114.2691712,51.0864996],[-114.2691899,51.0866004],[-114.2691649,51.086452],[-114.2691805,51.086549]]}",POINT (-114.26935390668342 51.086539433910005),162 CRESTRIDGE CM SW,a,
BP2019-13531,Completed,2019-10-02,2019,2019-10-09,2021-05-20,2021,Commercial / Multi Family Project,Building,1606 - Ths Townhouse,Townhouse,Residential,New,New,New,"Arrive at Crestmont - Building F: 3 storey, 6 residential units",GRAVITY ARCHITECTURE,,PARTNERS DEVELOPMENT GROUP,6,"$1,640,295",55,55,153 CRESTRIDGE CM SW,CRM,CRESTMONT,51.08657946,-114.2695381,12,Titled Parcel;Titled Parcel;Titled Parcel;Titled Parcel;Titled Parcel;Titled Parcel;Building;Building;Building;Building;Building;Building,159 CRESTRIDGE CM SW;157 CRESTRIDGE CM SW;151 CRESTRIDGE CM SW;153 CRESTRIDGE CM SW;155 CRESTRIDGE CM SW;161 CRESTRIDGE CM SW;155 CRESTRIDGE CM SW;151 CRESTRIDGE CM SW;161 CRESTRIDGE CM SW;159 CRESTRIDGE CM SW;157 CRESTRIDGE CM SW;153 CRESTRIDGE CM SW,"MULTIPOINT (-114.26953809634671 51.086579463024535,-114.26954674788612 51.08662888636926,-114.26957984149045 51.08679961415882,-114.26956407230547 51.086741217539824,-114.26955342487653 51.0866873039544,-114.26952739674124 51.08651655986629,-114.26973116837961 51.08667906400621,-114.26974384128359 51.086781786913626,-114.26970605977405 51.086519285256685,-114.26971842594526 51.086566830164855,-114.26971874685076 51.08662200813686,-114.2697405528979 51.08673422106649)","{""type"":""MultiPoint"",""coordinates"":[[-114.2695381,51.0865795],[-114.2695467,51.0866289],[-114.2695798,51.0867996],[-114.2695641,51.0867412],[-114.2695534,51.0866873],[-114.2695274,51.0865166],[-114.2697312,51.0866791],[-114.2697438,51.0867818],[-114.2697061,51.0865193],[-114.2697184,51.0865668],[-114.2697187,51.086622],[-114.2697406,51.0867342]]}",POINT (-114.26953809634671 51.086579463024535),153 CRESTRIDGE CM SW,a,
BP2019-09653,Completed,2019-07-23,2019,2019-09-06,2021-01-20,2021,Commercial / Multi Family Project,Building,1606 - Ths Townhouse,Townhouse,Residential,New,New,New,New 12 unit townhouse,GRAVITY ARCHITECTURE,,PARTNERS DEVELOPMENT GROUP,12,"$2,708,356",55,55,60 CRESTRIDGE CM SW,CRM,CRESTMONT,51.08664916,-114.2704976,24,Titled Parcel;Titled Parcel;Titled Parcel;Titled Parcel;Titled Parcel;Titled Parcel;Titled Parcel;Titled Parcel;Titled Parcel;Titled Parcel;Titled Parcel;Titled Parcel;Building;Building;Building;Building;Building;Building;Building;Building;Building;Building;Building;Building,60 CRESTRIDGE CM SW;311 CRESTRIDGE CM SW;56 CRESTRIDGE CM SW;305 CRESTRIDGE CM SW;309 CRESTRIDGE CM SW;307 CRESTRIDGE CM SW;52 CRESTRIDGE CM SW;62 CRESTRIDGE CM SW;58 CRESTRIDGE CM SW;313 CRESTRIDGE CM SW;303 CRESTRIDGE CM SW;54 CRESTRIDGE CM SW;52 CRESTRIDGE CM SW;307 CRESTRIDGE CM SW;58 CRESTRIDGE CM SW;62 CRESTRIDGE CM SW;311 CRESTRIDGE CM SW;305 CRESTRIDGE CM SW;313 CRESTRIDGE CM SW;56 CRESTRIDGE CM SW;60 CRESTRIDGE CM SW;303 CRESTRIDGE CM SW;54 CRESTRIDGE CM SW;309 CRESTRIDGE CM SW,"MULTIPOINT (-114.27049762660981 51.086649164494546,-114.27087956595055 51.08645500188821,-114.27047005172237 51.086536857172405,-114.27090748310914 51.08662574130398,-114.27088982948696 51.08650891624568,-114.27089870624343 51.08656732865971,-114.27045636254043 51.086429012566036,-114.27051857817175 51.08670754899864,-114.27048733728218 51.08659075531929,-114.27087080342642 51.08639658920698,-114.27091790143399 51.08668415014341,-114.270459434169 51.086478448752935,-114.27059970709524 51.086408759732365,-114.27076985478391 51.08657391093609,-114.2706279192012 51.08658375065581,-114.27064976871358 51.086705483398575,-114.27075409820094 51.08646168418417,-114.27078231092227 51.08663667506784,-114.27074464583146 51.08639510146332,-114.27063063107397 51.08653236830364,-114.27064030537365 51.08663700387313,-114.27079170780951 51.086693737830586,-114.27062422704755 51.08646959014615,-114.27076046907493 51.08651875395872)","{""type"":""MultiPoint"",""coordinates"":[[-114.2704976,51.0866492],[-114.2708796,51.086455],[-114.2704701,51.0865369],[-114.2709075,51.0866257],[-114.2708898,51.0865089],[-114.2708987,51.0865673],[-114.2704564,51.086429],[-114.2705186,51.0867075],[-114.2704873,51.0865908],[-114.2708708,51.0863966],[-114.2709179,51.0866842],[-114.2704594,51.0864784],[-114.2705997,51.0864088],[-114.2707699,51.0865739],[-114.2706279,51.0865838],[-114.2706498,51.0867055],[-114.2707541,51.0864617],[-114.2707823,51.0866367],[-114.2707446,51.0863951],[-114.2706306,51.0865324],[-114.2706403,51.086637],[-114.2707917,51.0866937],[-114.2706242,51.0864696],[-114.2707605,51.0865188]]}",POINT (-114.27049762660981 51.086649164494546),60 CRESTRIDGE CM SW,a,
BP2019-13579,Completed,2019-10-03,2019,2019-10-09,2021-04-22,2021,Commercial / Multi Family Project,Building,1606 - Ths Townhouse,Townhouse,Residential,New,New,New,"Arrive at Crestmont - Building J: 3 storey, 10 residential units",GRAVITY ARCHITECTURE,,PARTNERS DEVELOPMENT GROUP,10,"$2,289,525",55,55,105 CRESTRIDGE CM SW,CRM,CRESTMONT,51.08699732,-114.2696077,20,Titled Parcel;Titled Parcel;Titled Parcel;Titled Parcel;Titled Parcel;Titled Parcel;Titled Parcel;Titled Parcel;Titled Parcel;Titled Parcel;Building;Building;Building;Building;Building;Building;Building;Building;Building;Building,143 CRESTRIDGE CM SW;109 CRESTRIDGE CM SW;139 CRESTRIDGE CM SW;141 CRESTRIDGE CM SW;105 CRESTRIDGE CM SW;137 CRESTRIDGE CM SW;103 CRESTRIDGE CM SW;145 CRESTRIDGE CM SW;107 CRESTRIDGE CM SW;101 CRESTRIDGE CM SW;141 CRESTRIDGE CM SW;145 CRESTRIDGE CM SW;109 CRESTRIDGE CM SW;103 CRESTRIDGE CM SW;143 CRESTRIDGE CM SW;137 CRESTRIDGE CM SW;107 CRESTRIDGE CM SW;101 CRESTRIDGE CM SW;105 CRESTRIDGE CM SW;139 CRESTRIDGE CM SW,"MULTIPOINT (-114.26960766821163 51.086997323145454,-114.27000680180275 51.08717619583431,-114.26961414506275 51.087109679315624,-114.26961107670685 51.08705574826079,-114.27000356882678 51.08705484250658,-114.2696164925039 51.087177096564815,-114.2700032286312 51.08699641031647,-114.26960335808151 51.08694339495292,-114.2700050509032 51.08711327205907,-114.27000107333126 51.08694247716188,-114.26974015658823 51.087056277579855,-114.26973947043072 51.08693830747966,-114.26988812843481 51.0871734403139,-114.26987198295811 51.08699650657571,-114.26973679859366 51.08699920080493,-114.26972869776543 51.08716476460683,-114.2698787103786 51.08711256590501,-114.26986257610201 51.08693754694155,-114.2698753522092 51.087055489134876,-114.26974346711523 51.087107646011496)","{""type"":""MultiPoint"",""coordinates"":[[-114.2696077,51.0869973],[-114.2700068,51.0871762],[-114.2696141,51.0871097],[-114.2696111,51.0870557],[-114.2700036,51.0870548],[-114.2696165,51.0871771],[-114.2700032,51.0869964],[-114.2696034,51.0869434],[-114.2700051,51.0871133],[-114.2700011,51.0869425],[-114.2697402,51.0870563],[-114.2697395,51.0869383],[-114.2698881,51.0871734],[-114.269872,51.0869965],[-114.2697368,51.0869992],[-114.2697287,51.0871648],[-114.2698787,51.0871126],[-114.2698626,51.0869375],[-114.2698754,51.0870555],[-114.2697435,51.0871076]]}",POINT (-114.26960766821163 51.086997323145454),105 CRESTRIDGE CM SW,a,
BP2020-07925,Completed,2020-06-18,2020,2020-07-21,2022-05-26,2022,Commercial / Multi Family Project,Building,1606 - Ths Townhouse,Townhouse,Residential,New,New,New,"The scope of this building permit includes a new 4-unit rowhouse complex (approx. 526.2 m2) w/ front attached garages; located at 52, 56, 60, 64 CRESTRIDGE BA SW A.K.A. Building BB",GRAVITY ARCHITECTURE,,PARTNERS DEVELOPMENT GROUP,4,"$905,657",55,55,64 CRESTRIDGE BA SW,CRM,CRESTMONT,51.08627372,-114.2734492,8,Titled Parcel;Titled Parcel;Titled Parcel;Titled Parcel;Building;Building;Building;Building,56 CRESTRIDGE BA SW;60 CRESTRIDGE BA SW;52 CRESTRIDGE BA SW;64 CRESTRIDGE BA SW;56 CRESTRIDGE BA SW;60 CRESTRIDGE BA SW;64 CRESTRIDGE BA SW;52 CRESTRIDGE BA SW,"MULTIPOINT (-114.27344919477208 51.08627372116445,-114.27346506448708 51.086372570638474,-114.27343818210558 51.086165870636776,-114.2734893942536 51.08648039000922,-114.27330562205081 51.086269508090126,-114.27332136794521 51.08637888480004,-114.2733520470683 51.08645730205903,-114.27328246558397 51.08618630869717)","{""type"":""MultiPoint"",""coordinates"":[[-114.2734492,51.0862737],[-114.2734651,51.0863726],[-114.2734382,51.0861659],[-114.2734894,51.0864804],[-114.2733056,51.0862695],[-114.2733214,51.0863789],[-114.273352,51.0864573],[-114.2732825,51.0861863]]}",POINT (-114.27344919477208 51.08627372116445),64 CRESTRIDGE BA SW,a,
BP2020-07909,Completed,2020-06-18,2020,2020-06-30,2021-09-17,2021,Commercial / Multi Family Project,Building,1606 - Ths Townhouse,Townhouse,Residential,New,New,New,"Arrive at Crestmont - Building O: 3 storey, 10 residential units",GRAVITY ARCHITECTURE,,PARTNERS DEVELOPMENT GROUP,10,"$2,085,442",55,55,505 CRESTRIDGE CM SW,CRM,CRESTMONT,51.08646812,-114.2710396,20,Titled Parcel;Titled Parcel;Titled Parcel;Titled Parcel;Titled Parcel;Titled Parcel;Titled Parcel;Titled Parcel;Titled Parcel;Titled Parcel;Building;Building;Building;Building;Building;Building;Building;Building;Building;Building,310 CRESTRIDGE CM SW;304 CRESTRIDGE CM SW;503 CRESTRIDGE CM SW;507 CRESTRIDGE CM SW;511 CRESTRIDGE CM SW;505 CRESTRIDGE CM SW;509 CRESTRIDGE CM SW;312 CRESTRIDGE CM SW;308 CRESTRIDGE CM SW;306 CRESTRIDGE CM SW;310 CRESTRIDGE CM SW;507 CRESTRIDGE CM SW;503 CRESTRIDGE CM SW;306 CRESTRIDGE CM SW;312 CRESTRIDGE CM SW;511 CRESTRIDGE CM SW;308 CRESTRIDGE CM SW;509 CRESTRIDGE CM SW;304 CRESTRIDGE CM SW;505 CRESTRIDGE CM SW,"MULTIPOINT (-114.27103957700082 51.086468115586385,-114.27106596750806 51.08663885850355,-114.27145352866226 51.08661548508745,-114.27143592852275 51.086503154830936,-114.271416874837 51.08638633309917,-114.27144473683764 51.08655707251827,-114.27142712246884 51.086444742292365,-114.27102931557839 51.0864097063918,-114.27104832775495 51.086522033436964,-114.27105717616692 51.08658044590471,-114.27116493588242 51.086455023587845,-114.27131025308448 51.086506062536195,-114.2713320629257 51.08661827516546,-114.27117166640204 51.086571073859176,-114.27115553858557 51.08639796085336,-114.27129447292093 51.086390024281016,-114.27116529188456 51.086515909929766,-114.27130689632449 51.086447079982385,-114.27118108604233 51.08663194816719,-114.27131960604859 51.08655551109322)","{""type"":""MultiPoint"",""coordinates"":[[-114.2710396,51.0864681],[-114.271066,51.0866389],[-114.2714535,51.0866155],[-114.2714359,51.0865032],[-114.2714169,51.0863863],[-114.2714447,51.0865571],[-114.2714271,51.0864447],[-114.2710293,51.0864097],[-114.2710483,51.086522],[-114.2710572,51.0865804],[-114.2711649,51.086455],[-114.2713103,51.0865061],[-114.2713321,51.0866183],[-114.2711717,51.0865711],[-114.2711555,51.086398],[-114.2712945,51.08639],[-114.2711653,51.0865159],[-114.2713069,51.0864471],[-114.2711811,51.0866319],[-114.2713196,51.0865555]]}",POINT (-114.27103957700082 51.086468115586385),505 CRESTRIDGE CM SW,a,
BP2020-07913,Completed,2020-06-18,2020,2020-07-02,2022-02-11,2022,Commercial / Multi Family Project,Building,1606 - Ths Townhouse,Townhouse,Residential,New,New,New,"Arrive at Crestmont - Building Q: 3 storey, 12 residential units",GRAVITY ARCHITECTURE,,PARTNERS DEVELOPMENT GROUP,12,"$2,483,782",55,55,711 CRESTRIDGE CM SW,CRM,CRESTMONT,51.08650636,-114.27199,24,Titled Parcel;Titled Parcel;Titled Parcel;Titled Parcel;Titled Parcel;Titled Parcel;Titled Parcel;Titled Parcel;Titled Parcel;Titled Parcel;Titled Parcel;Titled Parcel;Building;Building;Building;Building;Building;Building;Building;Building;Building;Building;Building;Building,707 CRESTRIDGE CM SW;510 CRESTRIDGE CM SW;703 CRESTRIDGE CM SW;504 CRESTRIDGE CM SW;709 CRESTRIDGE CM SW;508 CRESTRIDGE CM SW;506 CRESTRIDGE CM SW;713 CRESTRIDGE CM SW;711 CRESTRIDGE CM SW;512 CRESTRIDGE CM SW;502 CRESTRIDGE CM SW;705 CRESTRIDGE CM SW;510 CRESTRIDGE CM SW;709 CRESTRIDGE CM SW;707 CRESTRIDGE CM SW;506 CRESTRIDGE CM SW;512 CRESTRIDGE CM SW;713 CRESTRIDGE CM SW;508 CRESTRIDGE CM SW;703 CRESTRIDGE CM SW;705 CRESTRIDGE CM SW;711 CRESTRIDGE CM SW;502 CRESTRIDGE CM SW;504 CRESTRIDGE CM SW,"MULTIPOINT (-114.27199001609227 51.0865063619709,-114.27157483804326 51.086412935353536,-114.27201234205093 51.08661868115018,-114.2716012733085 51.086583678049074,-114.27198116652013 51.08644794957476,-114.2715836300037 51.086471347914184,-114.27159250762647 51.08652976027461,-114.27196136927532 51.086331129659285,-114.27197051853837 51.0863895413609,-114.27156460227894 51.08635902099018,-114.27160606879758 51.08664209989031,-114.2719969124264 51.086560284065094,-114.27171453262541 51.0864080799797,-114.27185679088235 51.086453416905535,-114.2718691926506 51.08650666096901,-114.27173629567704 51.08651458419202,-114.27170509005381 51.08634340312625,-114.27182889763465 51.086333604246754,-114.27172689766502 51.08645752150512,-114.27188496311987 51.086620793353845,-114.27187554261093 51.0865599280934,-114.27185042978734 51.086398243990814,-114.27174306113633 51.08663635179171,-114.27173665243004 51.08657547053043)","{""type"":""MultiPoint"",""coordinates"":[[-114.27199,51.0865064],[-114.2715748,51.0864129],[-114.2720123,51.0866187],[-114.2716013,51.0865837],[-114.2719812,51.0864479],[-114.2715836,51.0864713],[-114.2715925,51.0865298],[-114.2719614,51.0863311],[-114.2719705,51.0863895],[-114.2715646,51.086359],[-114.2716061,51.0866421],[-114.2719969,51.0865603],[-114.2717145,51.0864081],[-114.2718568,51.0864534],[-114.2718692,51.0865067],[-114.2717363,51.0865146],[-114.2717051,51.0863434],[-114.2718289,51.0863336],[-114.2717269,51.0864575],[-114.271885,51.0866208],[-114.2718755,51.0865599],[-114.2718504,51.0863982],[-114.2717431,51.0866364],[-114.2717367,51.0865755]]}",POINT (-114.27199001609227 51.0865063619709),711 CRESTRIDGE CM SW,a,
BP2020-02215,Completed,2020-02-25,2020,2020-04-03,2021-06-15,2021,Commercial / Multi Family Project,Building,1606 - Ths Townhouse,Townhouse,Residential,New,New,New,The scope of this building permit includes a new 2 unit rowhouse complex (approx. 338.42 m2) w/ front attached garages; located at 68 & 72 CRESTRIDGE BAY SW.,GRAVITY ARCHITECTURE,,PARTNERS DEVELOPMENT GROUP,2,"$435,247",55,55,68 CRESTRIDGE BA SW,CRM,CRESTMONT,51.08660168,-114.2735177,4,Titled Parcel;Titled Parcel;Building;Building,68 CRESTRIDGE BA SW;72 CRESTRIDGE BA SW;68 CRESTRIDGE BA SW;72 CRESTRIDGE BA SW,"MULTIPOINT (-114.27351772882739 51.08660168453873,-114.27351908687727 51.08672304217241,-114.27336049487639 51.086609504725914,-114.2733648238689 51.08670464147969)","{""type"":""MultiPoint"",""coordinates"":[[-114.2735177,51.0866017],[-114.2735191,51.086723],[-114.2733605,51.0866095],[-114.2733648,51.0867046]]}",POINT (-114.27351772882739 51.08660168453873),68 CRESTRIDGE BA SW,a,
BP2020-01925,Completed,2020-02-18,2020,2020-04-03,2020-12-10,2020,Commercial / Multi Family Project,Building,1606 - Ths Townhouse,Townhouse,Residential,New,New,New,The scope of this building permit includes a new 2-unit rowhouse complex (approx. 350.49 m2) w/ front attached garages; located at 82 & 86 CRESTRIDGE BAY SW.,GRAVITY ARCHITECTURE,,PARTNERS DEVELOPMENT GROUP,2,"$479,259",55,55,82 CRESTRIDGE BA SW,CRM,CRESTMONT,51.08684006,-114.2734555,2,Titled Parcel;Titled Parcel,82 CRESTRIDGE BA SW;86 CRESTRIDGE BA SW,"MULTIPOINT (-114.27345554578574 51.08684005677001,-114.273510359774 51.08695679451343)","{""type"":""MultiPoint"",""coordinates"":[[-114.2734555,51.0868401],[-114.2735104,51.0869568]]}",POINT (-114.27345554578574 51.08684005677001),82 CRESTRIDGE BA SW,a,
BP2021-17148,Completed,2021-10-01,2021,2021-11-02,2023-01-27,2023,Commercial / Multi Family Project,Building,1606 - Ths Townhouse,Townhouse,Residential,New,New,New,"4-Unit Residential Rowhouse - Building X; located at  918, 920, 922, 924 - CRESTRIDGE CM SW.",GRAVITY ARCHITECTURE,,PARTNERS DEVELOPMENT GROUP,4,"$859,912",55,55,924 CRESTRIDGE CM SW,CRM,CRESTMONT,51.08625294,-114.2727245,8,Titled Parcel;Titled Parcel;Titled Parcel;Titled Parcel;Building;Building;Building;Building,922 CRESTRIDGE CM SW;918 CRESTRIDGE CM SW;924 CRESTRIDGE CM SW;920 CRESTRIDGE CM SW;920 CRESTRIDGE CM SW;924 CRESTRIDGE CM SW;918 CRESTRIDGE CM SW;922 CRESTRIDGE CM SW,"MULTIPOINT (-114.2727245389491 51.0862529395648,-114.2727301790034 51.08636979237965,-114.27271657555603 51.08619003030878,-114.27272788206028 51.0863068699073,-114.27293445615999 51.08629867469648,-114.27291567973107 51.086188361090464,-114.27293470253684 51.08634053910823,-114.27292203390614 51.086239722337695)","{""type"":""MultiPoint"",""coordinates"":[[-114.2727245,51.0862529],[-114.2727302,51.0863698],[-114.2727166,51.08619],[-114.2727279,51.0863069],[-114.2729345,51.0862987],[-114.2729157,51.0861884],[-114.2729347,51.0863405],[-114.272922,51.0862397]]}",POINT (-114.2727245389491 51.0862529395648),924 CRESTRIDGE CM SW,a,
BP2021-11243,Completed,2021-06-24,2021,2021-07-20,2022-07-29,2022,Commercial / Multi Family Project,Building,1606 - Ths Townhouse,Townhouse,Residential,New,New,New,"10 -Unit Residential Rowhouse - Building W; located at 702, 704, 706, 708, 710, 909, 911, 913, 915, 917 CRESTRIDGE CM SW",GRAVITY ARCHITECTURE,,PARTNERS DEVELOPMENT GROUP,10,"$2,277,592",55,55,917 CRESTRIDGE CM SW,CRM,CRESTMONT,51.08649693,-114.272179,20,Titled Parcel;Titled Parcel;Titled Parcel;Titled Parcel;Titled Parcel;Titled Parcel;Titled Parcel;Titled Parcel;Titled Parcel;Titled Parcel;Building;Building;Building;Building;Building;Building;Building;Building;Building;Building,706 CRESTRIDGE CM SW;911 CRESTRIDGE CM SW;909 CRESTRIDGE CM SW;708 CRESTRIDGE CM SW;704 CRESTRIDGE CM SW;702 CRESTRIDGE CM SW;915 CRESTRIDGE CM SW;913 CRESTRIDGE CM SW;710 CRESTRIDGE CM SW;917 CRESTRIDGE CM SW;909 CRESTRIDGE CM SW;917 CRESTRIDGE CM SW;915 CRESTRIDGE CM SW;911 CRESTRIDGE CM SW;710 CRESTRIDGE CM SW;706 CRESTRIDGE CM SW;704 CRESTRIDGE CM SW;913 CRESTRIDGE CM SW;708 CRESTRIDGE CM SW;702 CRESTRIDGE CM SW,"MULTIPOINT (-114.27217899901294 51.0864969324825,-114.27259477760819 51.08653192257139,-114.27260023091634 51.08659034283965,-114.27216967601795 51.086443016047376,-114.27218433760653 51.08655535303711,-114.27219009014073 51.08661377262722,-114.27257756011615 51.08641959159077,-114.27258786631012 51.08647800054655,-114.27215674190731 51.08638910801707,-114.27257443127009 51.086365660745614,-114.272480024252 51.0865984800401,-114.27243634321772 51.086364535259754,-114.27244877921453 51.08642349662608,-114.27246759936439 51.08654142446712,-114.27229744575907 51.08637627574226,-114.27231626550459 51.08649420360922,-114.27231960122342 51.086549383544885,-114.27245818925094 51.086482456052536,-114.2723098561191 51.08643333136855,-114.27231991403288 51.086602655717044)","{""type"":""MultiPoint"",""coordinates"":[[-114.272179,51.0864969],[-114.2725948,51.0865319],[-114.2726002,51.0865903],[-114.2721697,51.086443],[-114.2721843,51.0865554],[-114.2721901,51.0866138],[-114.2725776,51.0864196],[-114.2725879,51.086478],[-114.2721567,51.0863891],[-114.2725744,51.0863657],[-114.27248,51.0865985],[-114.2724363,51.0863645],[-114.2724488,51.0864235],[-114.2724676,51.0865414],[-114.2722974,51.0863763],[-114.2723163,51.0864942],[-114.2723196,51.0865494],[-114.2724582,51.0864825],[-114.2723099,51.0864333],[-114.2723199,51.0866027]]}",POINT (-114.27217899901294 51.0864969324825),917 CRESTRIDGE CM SW,a,
BP2021-11255,Completed,2021-06-24,2021,2021-07-27,2023-03-01,2023,Commercial / Multi Family Project,Building,1606 - Ths Townhouse,Townhouse,Residential,New,New,New,"6 - Unit Residential Rowhouse - Building Y; located at 902, 904, 906, 908, 910, 912 CRESTRIDGE CM SW",GRAVITY ARCHITECTURE,,PARTNERS DEVELOPMENT GROUP,6,"$1,283,731",55,55,904 CRESTRIDGE CM SW,CRM,CRESTMONT,51.08666189,-114.2727573,11,Titled Parcel;Titled Parcel;Titled Parcel;Titled Parcel;Titled Parcel;Titled Parcel;Building;Building;Building;Building;Building,904 CRESTRIDGE CM SW;902 CRESTRIDGE CM SW;910 CRESTRIDGE CM SW;908 CRESTRIDGE CM SW;912 CRESTRIDGE CM SW;906 CRESTRIDGE CM SW;902 CRESTRIDGE CM SW;912 CRESTRIDGE CM SW;908 CRESTRIDGE CM SW;906 CRESTRIDGE CM SW;904 CRESTRIDGE CM SW,"MULTIPOINT (-114.27275731797758 51.08666189398736,-114.27277657807598 51.08671129234556,-114.27274720495635 51.08649560832065,-114.27275056238577 51.08654953862688,-114.27274192275412 51.086437187659,-114.2727539462583 51.08660796371568,-114.27297612169579 51.086703877589386,-114.27295068020605 51.086487015775184,-114.27296610617873 51.086542167466604,-114.2729634050011 51.08659735248872,-114.272969736905 51.08664491114314)","{""type"":""MultiPoint"",""coordinates"":[[-114.2727573,51.0866619],[-114.2727766,51.0867113],[-114.2727472,51.0864956],[-114.2727506,51.0865495],[-114.2727419,51.0864372],[-114.2727539,51.086608],[-114.2729761,51.0867039],[-114.2729507,51.086487],[-114.2729661,51.0865422],[-114.2729634,51.0865974],[-114.2729697,51.0866449]]}",POINT (-114.27275731797758 51.08666189398736),904 CRESTRIDGE CM SW,a,
BP2021-11285,Completed,2021-06-25,2021,2021-10-20,2022-12-07,2022,Commercial / Multi Family Project,Building,1606 - Ths Townhouse,Townhouse,Residential,New,New,New,"6 -Unit Residential Rowhouse - Building Z; located at 802, 804, 806, 808, 810, 812 CRESTRIDGE CM SW.",GRAVITY ARCHITECTURE,,PARTNERS DEVELOPMENT GROUP,6,"$1,076,157",55,55,804 CRESTRIDGE CM SW,CRM,CRESTMONT,51.08685009,-114.2730094,12,Titled Parcel;Titled Parcel;Titled Parcel;Titled Parcel;Titled Parcel;Titled Parcel;Building;Building;Building;Building;Building;Building,812 CRESTRIDGE CM SW;804 CRESTRIDGE CM SW;810 CRESTRIDGE CM SW;802 CRESTRIDGE CM SW;808 CRESTRIDGE CM SW;806 CRESTRIDGE CM SW;810 CRESTRIDGE CM SW;808 CRESTRIDGE CM SW;812 CRESTRIDGE CM SW;806 CRESTRIDGE CM SW;804 CRESTRIDGE CM SW;802 CRESTRIDGE CM SW,"MULTIPOINT (-114.2730093691308 51.086850089174305,-114.27251985458442 51.086837746677126,-114.27287170417229 51.086845915708935,-114.27238744231836 51.08683356039796,-114.27275442166685 51.08684169453282,-114.27263711063547 51.086837473305586,-114.27286881408762 51.086951497364325,-114.27274491557436 51.08694607801132,-114.27297459657215 51.0869588646987,-114.27262707710872 51.08694444703475,-114.27251526517045 51.08694090506817,-114.27240044155313 51.08693737001155)","{""type"":""MultiPoint"",""coordinates"":[[-114.2730094,51.0868501],[-114.2725199,51.0868377],[-114.2728717,51.0868459],[-114.2723874,51.0868336],[-114.2727544,51.0868417],[-114.2726371,51.0868375],[-114.2728688,51.0869515],[-114.2727449,51.0869461],[-114.2729746,51.0869589],[-114.2726271,51.0869444],[-114.2725153,51.0869409],[-114.2724004,51.0869374]]}",POINT (-114.2730093691308 51.086850089174305),804 CRESTRIDGE CM SW,a,
BP2021-04467,Completed,2021-03-23,2021,2021-05-25,2022-03-03,2022,Commercial / Multi Family Project,Building,1606 - Ths Townhouse,Townhouse,Residential,New,New,New,"4-Unit Residential Rowhouse - Building K; located at 102, 104, 106, & 108 CRESTRIDGE CM SW.",GRAVITY ARCHITECTURE,,PARTNERS DEVELOPMENT GROUP,4,"$1,122,342",55,55,106 CRESTRIDGE CM SW,CRM,CRESTMONT,51.08719828,-114.2701738,4,Titled Parcel;Titled Parcel;Titled Parcel;Titled Parcel,108 CRESTRIDGE CM SW;102 CRESTRIDGE CM SW;104 CRESTRIDGE CM SW;106 CRESTRIDGE CM SW,"MULTIPOINT (-114.27017379012803 51.087198284292356,-114.27017661082034 51.087018484004645,-114.27017697742039 51.08708141097746,-114.27017542182118 51.08713535270307)","{""type"":""MultiPoint"",""coordinates"":[[-114.2701738,51.0871983],[-114.2701766,51.0870185],[-114.270177,51.0870814],[-114.2701754,51.0871354]]}",POINT (-114.27017379012803 51.087198284292356),106 CRESTRIDGE CM SW,a,
BP2021-04460,Completed,2021-03-23,2021,2021-05-25,2022-06-30,2022,Commercial / Multi Family Project,Building,1606 - Ths Townhouse,Townhouse,Residential,New,New,New,"6-Unit Residential Rowhouse - Building I; located at 114, 116, 118, 120, 122, 124 CRESTRIDGE CM SW.",GRAVITY ARCHITECTURE,,PARTNERS DEVELOPMENT GROUP,6,"$1,293,678",55,55,122 CRESTRIDGE CM SW,CRM,CRESTMONT,51.0873611,-114.2697413,6,Titled Parcel;Titled Parcel;Titled Parcel;Titled Parcel;Titled Parcel;Titled Parcel,120 CRESTRIDGE CM SW;118 CRESTRIDGE CM SW;122 CRESTRIDGE CM SW;124 CRESTRIDGE CM SW;116 CRESTRIDGE CM SW;114 CRESTRIDGE CM SW,"MULTIPOINT (-114.26974125868696 51.087361097386484,-114.26982822756672 51.08736089670564,-114.26965426125908 51.08736129806849,-114.26955190546528 51.08736153409563,-114.26991523926617 51.08736069586125,-114.27000684705499 51.08736048433797)","{""type"":""MultiPoint"",""coordinates"":[[-114.2697413,51.0873611],[-114.2698282,51.0873609],[-114.2696543,51.0873613],[-114.2695519,51.0873615],[-114.2699152,51.0873607],[-114.2700068,51.0873605]]}",POINT (-114.26974125868696 51.087361097386484),122 CRESTRIDGE CM SW,a,
BP2022-02751,Completed,2022-02-24,2022,2022-03-18,2023-03-21,2023,Commercial / Multi Family Project,Building,1606 - Ths Townhouse,Townhouse,Residential,New,New,New,Group C (Division B 9.10.15),GRAVITY ARCHITECTURE,,PARTNERS DEVELOPMENT GROUP,4,"$1,055,041",55,55,952 CRESTRIDGE CM SW,CRM,CRESTMONT,51.08615955,-114.2722937,8,Titled Parcel;Titled Parcel;Titled Parcel;Titled Parcel;Building;Building;Building;Building,952 CRESTRIDGE CM SW;948 CRESTRIDGE CM SW;950 CRESTRIDGE CM SW;954 CRESTRIDGE CM SW;950 CRESTRIDGE CM SW;954 CRESTRIDGE CM SW;952 CRESTRIDGE CM SW;948 CRESTRIDGE CM SW,"MULTIPOINT (-114.27229371827369 51.08615955198485,-114.27246634333811 51.08611869621007,-114.27237495564938 51.086141383375555,-114.27218762774261 51.086155304174646,-114.27231280525115 51.08603373277207,-114.27214989749682 51.08607407126882,-114.27222229631138 51.08605534799873,-114.27238972852696 51.08601499885985)","{""type"":""MultiPoint"",""coordinates"":[[-114.2722937,51.0861596],[-114.2724663,51.0861187],[-114.272375,51.0861414],[-114.2721876,51.0861553],[-114.2723128,51.0860337],[-114.2721499,51.0860741],[-114.2722223,51.0860553],[-114.2723897,51.086015]]}",POINT (-114.27229371827369 51.08615955198485),952 CRESTRIDGE CM SW,a,
BP2020-12306,Completed,2020-09-02,2020,2020-10-13,2021-07-30,2021,Commercial / Multi Family Project,Building,1606 - Ths Townhouse,Townhouse,Residential,New,New,New,New Building - Parallel Block (Building #3),,TRICO HOMES,TRICO HOMES,6,"$1,046,582",56,56,31 CRESTBROOK DR SW,CRM,CRESTMONT,51.08481233,-114.2717642,7,Titled Parcel;Building;Building;Building;Building;Building;Building,45 CRESTBROOK DR SW;39 CRESTBROOK DR SW;41 CRESTBROOK DR SW;35 CRESTBROOK DR SW;31 CRESTBROOK DR SW;37 CRESTBROOK DR SW;33 CRESTBROOK DR SW,"MULTIPOINT (-114.2717642026094 51.08481233033486,-114.27188271429745 51.084951646737125,-114.27187452344779 51.08490813769541,-114.27189343975276 51.08507447492526,-114.27189870784609 51.085167218313885,-114.27187737423246 51.08500731433859,-114.2718974486252 51.08511311228751)","{""type"":""MultiPoint"",""coordinates"":[[-114.2717642,51.0848123],[-114.2718827,51.0849516],[-114.2718745,51.0849081],[-114.2718934,51.0850745],[-114.2718987,51.0851672],[-114.2718774,51.0850073],[-114.2718974,51.0851131]]}",POINT (-114.2717642026094 51.08481233033486),31 CRESTBROOK DR SW,a,
BP2021-16984,Completed,2021-09-28,2021,2021-10-29,2022-11-25,2022,Commercial / Multi Family Project,Building,1606 - Ths Townhouse,Townhouse,Residential,New,New,New,New 6 Unit Rowhouse (Block 6),,TRICO HOMES,TRICO HOMES,6,"$1,233,839",56,56,121 CRESTBROOK WY SW,CRM,CRESTMONT,51.08443771,-114.2724301,12,Titled Parcel;Titled Parcel;Titled Parcel;Titled Parcel;Titled Parcel;Titled Parcel;Building;Building;Building;Building;Building;Building,121 CRESTBROOK WY SW;127 CRESTBROOK WY SW;123 CRESTBROOK WY SW;125 CRESTBROOK WY SW;117 CRESTBROOK WY SW;119 CRESTBROOK WY SW;119 CRESTBROOK WY SW;123 CRESTBROOK WY SW;121 CRESTBROOK WY SW;127 CRESTBROOK WY SW;117 CRESTBROOK WY SW;125 CRESTBROOK WY SW,"MULTIPOINT (-114.27243013461405 51.08443770824862,-114.27270121543296 51.08443707626709,-114.27251718362868 51.08443750537629,-114.27260424691497 51.084437302405874,-114.27224941406267 51.084438129220466,-114.27234307132575 51.084437911089395,-114.27235315954994 51.084517662123645,-114.27252988712947 51.08451534448462,-114.27241813132179 51.084520360485115,-114.27269754286023 51.08451400064603,-114.27226253907192 51.084519770016,-114.27260838500983 51.08450754720733)","{""type"":""MultiPoint"",""coordinates"":[[-114.2724301,51.0844377],[-114.2727012,51.0844371],[-114.2725172,51.0844375],[-114.2726042,51.0844373],[-114.2722494,51.0844381],[-114.2723431,51.0844379],[-114.2723532,51.0845177],[-114.2725299,51.0845153],[-114.2724181,51.0845204],[-114.2726975,51.084514],[-114.2722625,51.0845198],[-114.2726084,51.0845075]]}",POINT (-114.27243013461405 51.08443770824862),121 CRESTBROOK WY SW,a,
BP2021-16976,Completed,2021-09-28,2021,2021-10-21,2022-10-12,2022,Commercial / Multi Family Project,Building,1606 - Ths Townhouse,Townhouse,Residential,New,New,New,New 4 Unit Rowhouse (Block 5),,TRICO HOMES,TRICO HOMES,4,"$701,338",56,56,47 CRESTBROOK DR SW,CRM,CRESTMONT,51.08449325,-114.2717395,8,Titled Parcel;Titled Parcel;Titled Parcel;Titled Parcel;Building;Building;Building;Building,53 CRESTBROOK DR SW;47 CRESTBROOK DR SW;49 CRESTBROOK DR SW;51 CRESTBROOK DR SW;53 CRESTBROOK DR SW;51 CRESTBROOK DR SW;47 CRESTBROOK DR SW;49 CRESTBROOK DR SW,"MULTIPOINT (-114.27173949636534 51.084493253677316,-114.27173913454959 51.08467754321682,-114.27173876586149 51.084614616226126,-114.27173844984415 51.084560678804976,-114.27187443793161 51.08450640651825,-114.27187473908816 51.08455778191182,-114.27187201141527 51.08467195735066,-114.27187395454091 51.084616297645546)","{""type"":""MultiPoint"",""coordinates"":[[-114.2717395,51.0844933],[-114.2717391,51.0846775],[-114.2717388,51.0846146],[-114.2717384,51.0845607],[-114.2718744,51.0845064],[-114.2718747,51.0845578],[-114.271872,51.084672],[-114.271874,51.0846163]]}",POINT (-114.27173949636534 51.084493253677316),47 CRESTBROOK DR SW,a,
BP2021-13086,Completed,2021-07-23,2021,2021-08-24,2022-08-15,2022,Commercial / Multi Family Project,Building,1606 - Ths Townhouse,Townhouse,Residential,New,New,New,5 Unit Residential Rowhouse - Block 9,,TRICO HOMES,TRICO HOMES,5,"$1,030,222",56,56,220 CRESTBROOK CM SW,CRM,CRESTMONT,51.08485491,-114.2727795,10,Titled Parcel;Titled Parcel;Titled Parcel;Titled Parcel;Titled Parcel;Building;Building;Building;Building;Building,224 CRESTBROOK CM SW;222 CRESTBROOK CM SW;220 CRESTBROOK CM SW;228 CRESTBROOK CM SW;226 CRESTBROOK CM SW;222 CRESTBROOK CM SW;226 CRESTBROOK CM SW;228 CRESTBROOK CM SW;220 CRESTBROOK CM SW;224 CRESTBROOK CM SW,"MULTIPOINT (-114.27277950463596 51.084854914341065,-114.27278826926478 51.084913326891495,-114.2727986467462 51.08497173567741,-114.27276451599707 51.08473808330921,-114.2727720795604 51.08480099351033,-114.2726961781461 51.084915474509316,-114.27267951321458 51.0848096687407,-114.27266309975909 51.08474905356575,-114.27270028556343 51.08497076052571,-114.27268639767426 51.0848566238265)","{""type"":""MultiPoint"",""coordinates"":[[-114.2727795,51.0848549],[-114.2727883,51.0849133],[-114.2727986,51.0849717],[-114.2727645,51.0847381],[-114.2727721,51.084801],[-114.2726962,51.0849155],[-114.2726795,51.0848097],[-114.2726631,51.0847491],[-114.2727003,51.0849708],[-114.2726864,51.0848566]]}",POINT (-114.27277950463596 51.084854914341065),220 CRESTBROOK CM SW,a,
BP2017-15586,Completed,2017-11-28,2017,2017-12-04,2018-07-23,2018,Commercial / Multi Family Project,Building,1606 - Ths Townhouse,Townhouse,Residential,New,New,New,New - Cityscape Phase 7 - Part 9 Group C - 4 Unit Townhouse,MATTAMY HOMES CALGARY,,,4,"$672,400",57,57,218 CITYSCAPE BV NE,CSC,CITYSCAPE,51.14731692,-113.9626377,5,Titled Parcel;Titled Parcel;Titled Parcel;Titled Parcel;Building,218 CITYSCAPE BV NE;214 CITYSCAPE BV NE;9 CITYSCAPE VW NE;210 CITYSCAPE BV NE;218 CITYSCAPE BV NE,"MULTIPOINT (-113.96263765837749 51.147316919824156,-113.96273590305363 51.14731695116374,-113.96301658760753 51.147370977694784,-113.9628223423615 51.147316978669224,-113.96264603682972 51.147401469450685)","{""type"":""MultiPoint"",""coordinates"":[[-113.9626377,51.1473169],[-113.9627359,51.147317],[-113.9630166,51.147371],[-113.9628223,51.147317],[-113.962646,51.1474015]]}",POINT (-113.96263765837749 51.147316919824156),218 CITYSCAPE BV NE,a,
BP2017-11239,Completed,2017-08-25,2017,2017-08-31,2018-04-09,2018,Commercial / Multi Family Project,Building,1606 - Ths Townhouse,Townhouse,Residential,New,New,New,"New City Scape Phase 7,  Block19 Units 28 - 33 : 2 storey, 6 residential units building",MATTAMY HOMES CALGARY,,MATTAMY HOMES CALGARY,6,"$1,307,700",57,57,114 CITYSCAPE BV NE,CSC,CITYSCAPE,51.14740785,-113.9660316,6,Titled Parcel;Titled Parcel;Titled Parcel;Titled Parcel;Titled Parcel;Titled Parcel,10505 CITYSCAPE DR NE;10509 CITYSCAPE DR NE;106 CITYSCAPE BV NE;114 CITYSCAPE BV NE;10513 CITYSCAPE DR NE;110 CITYSCAPE BV NE,"MULTIPOINT (-113.9660315644486 51.14740785039909,-113.96607648504951 51.14752472790423,-113.96591142960132 51.14732241449073,-113.96557820659149 51.14732231690582,-113.96607966350281 51.14761462456963,-113.96571797016891 51.147322357951396)","{""type"":""MultiPoint"",""coordinates"":[[-113.9660316,51.1474079],[-113.9660765,51.1475247],[-113.9659114,51.1473224],[-113.9655782,51.1473223],[-113.9660797,51.1476146],[-113.965718,51.1473224]]}",POINT (-113.9660315644486 51.14740785039909),114 CITYSCAPE BV NE,a,
BP2017-13378,Completed,2017-10-04,2017,2017-10-25,2018-04-18,2018,Commercial / Multi Family Project,Building,1606 - Ths Townhouse,Townhouse,Residential,New,New,New,"New - Part 9 Group C - Cityscape Phase 7, lots 34-37",MATTAMY HOMES CALGARY,,MATTAMY HOMES CALGARY,4,"$510,900",57,57,10517 CITYSCAPE DR NE,CSC,CITYSCAPE,51.14768654,-113.9660797,4,Titled Parcel;Titled Parcel;Titled Parcel;Titled Parcel,10517 CITYSCAPE DR NE;10529 CITYSCAPE DR NE;10521 CITYSCAPE DR NE;10525 CITYSCAPE DR NE,"MULTIPOINT (-113.96607972512611 51.14768654118142,-113.9660798791849 51.147866332707004,-113.96607977904658 51.147749468216006,-113.96607982526423 51.14780340567368)","{""type"":""MultiPoint"",""coordinates"":[[-113.9660797,51.1476865],[-113.9660799,51.1478663],[-113.9660798,51.1477495],[-113.9660798,51.1478034]]}",POINT (-113.96607972512611 51.14768654118142),10517 CITYSCAPE DR NE,a,
BP2017-12580,Completed,2017-09-19,2017,2017-10-12,2018-08-21,2018,Commercial / Multi Family Project,Building,1606 - Ths Townhouse,Townhouse,Residential,New,New,New,"New - Group C, 10 Plex - Cityscape Village Homes",MATTAMY HOMES CALGARY,,MATTAMY HOMES CALGARY,10,"$1,744,015",57,57,321 CITYSCAPE CO NE,CSC,CITYSCAPE,51.15328046,-113.9595259,19,Titled Parcel;Titled Parcel;Titled Parcel;Titled Parcel;Titled Parcel;Titled Parcel;Titled Parcel;Titled Parcel;Titled Parcel;Building;Building;Building;Building;Building;Building;Building;Building;Building;Building,135 CITYSCAPE RO NE;101 CITYSCAPE RO NE;317 CITYSCAPE CO NE;93 CITYSCAPE RO NE;321 CITYSCAPE CO NE;131 CITYSCAPE RO NE;313 CITYSCAPE CO NE;127 CITYSCAPE RO NE;139 CITYSCAPE RO NE;313 CITYSCAPE CO NE;317 CITYSCAPE CO NE;131 CITYSCAPE RO NE;135 CITYSCAPE RO NE;309 CITYSCAPE CO NE;93 CITYSCAPE RO NE;101 CITYSCAPE RO NE;139 CITYSCAPE RO NE;321 CITYSCAPE CO NE;127 CITYSCAPE RO NE,"MULTIPOINT (-113.95952588596315 51.153280464372585,-113.95959632321127 51.153055749576524,-113.95987123033724 51.15328058335271,-113.95979444176021 51.153051323056005,-113.95987107569935 51.15334351025902,-113.95952282097986 51.15322203113484,-113.95986969437976 51.153222150648624,-113.95952431579636 51.153163599474276,-113.9595274279185 51.153347886648305,-113.95974078996227 51.15322301430138,-113.95974088405205 51.15327915417169,-113.95962548091144 51.15322188682174,-113.95962557402976 51.15327897958579,-113.95974069503566 51.1531678363138,-113.95974060425512 51.15310789385717,-113.95962530662376 51.15311038917629,-113.95962566674035 51.15333653980656,-113.959740974841 51.153339087637,-113.95962538728337 51.15316537837874)","{""type"":""MultiPoint"",""coordinates"":[[-113.9595259,51.1532805],[-113.9595963,51.1530557],[-113.9598712,51.1532806],[-113.9597944,51.1530513],[-113.9598711,51.1533435],[-113.9595228,51.153222],[-113.9598697,51.1532222],[-113.9595243,51.1531636],[-113.9595274,51.1533479],[-113.9597408,51.153223],[-113.9597409,51.1532792],[-113.9596255,51.1532219],[-113.9596256,51.153279],[-113.9597407,51.1531678],[-113.9597406,51.1531079],[-113.9596253,51.1531104],[-113.9596257,51.1533365],[-113.959741,51.1533391],[-113.9596254,51.1531654]]}",POINT (-113.95952588596315 51.153280464372585),321 CITYSCAPE CO NE,a,
BP2017-11715,Completed,2017-09-05,2017,2017-09-18,2018-05-10,2018,Commercial / Multi Family Project,Building,1606 - Ths Townhouse,Townhouse,Residential,New,New,New,New - Part 9 Group C - 10 Unit Townhouse,MATTAMY HOMES CALGARY,,,10,"$1,619,000",57,57,341 CITYSCAPE CO NE,CSC,CITYSCAPE,51.1534243,-113.9595225,20,Titled Parcel;Titled Parcel;Titled Parcel;Titled Parcel;Titled Parcel;Titled Parcel;Titled Parcel;Titled Parcel;Titled Parcel;Titled Parcel;Building;Building;Building;Building;Building;Building;Building;Building;Building;Building,143 CITYSCAPE RO NE;341 CITYSCAPE CO NE;151 CITYSCAPE RO NE;155 CITYSCAPE RO NE;147 CITYSCAPE RO NE;333 CITYSCAPE CO NE;329 CITYSCAPE CO NE;325 CITYSCAPE CO NE;337 CITYSCAPE CO NE;159 CITYSCAPE RO NE;325 CITYSCAPE CO NE;147 CITYSCAPE RO NE;341 CITYSCAPE CO NE;333 CITYSCAPE CO NE;329 CITYSCAPE CO NE;337 CITYSCAPE CO NE;143 CITYSCAPE RO NE;151 CITYSCAPE RO NE;159 CITYSCAPE RO NE;155 CITYSCAPE RO NE,"MULTIPOINT (-113.959522543964 51.1534242962653,-113.95987560044414 51.15368062051042,-113.95952297703329 51.153550150330204,-113.95952453078992 51.153604088259165,-113.95952460443974 51.15348722393613,-113.95987748596323 51.15355027246243,-113.95987284816495 51.15349183869714,-113.95987628004822 51.153424418133866,-113.95987290404216 51.15360870306463,-113.95952903807878 51.15368050112218,-113.95974113506429 51.15343421527437,-113.95962591987696 51.15348872424782,-113.95974150649153 51.153664447158064,-113.95974132243195 51.15354742992487,-113.95974122999178 51.15348939325944,-113.9597414022365 51.15360356079757,-113.95962582571457 51.15343282709768,-113.95962599922764 51.153545214703634,-113.95962619458325 51.15366533334094,-113.95962610508792 51.15360408740282)","{""type"":""MultiPoint"",""coordinates"":[[-113.9595225,51.1534243],[-113.9598756,51.1536806],[-113.959523,51.1535502],[-113.9595245,51.1536041],[-113.9595246,51.1534872],[-113.9598775,51.1535503],[-113.9598728,51.1534918],[-113.9598763,51.1534244],[-113.9598729,51.1536087],[-113.959529,51.1536805],[-113.9597411,51.1534342],[-113.9596259,51.1534887],[-113.9597415,51.1536644],[-113.9597413,51.1535474],[-113.9597412,51.1534894],[-113.9597414,51.1536036],[-113.9596258,51.1534328],[-113.959626,51.1535452],[-113.9596262,51.1536653],[-113.9596261,51.1536041]]}",POINT (-113.959522543964 51.1534242962653),341 CITYSCAPE CO NE,a,
BP2018-06126,Completed,2018-05-23,2018,2018-06-06,2019-03-07,2019,Commercial / Multi Family Project,Building,1606 - Ths Townhouse,Townhouse,Residential,New,New,New,New - Cityscape - Part 9 Group C - 4 unit townhouse,MATTAMY HOMES CALGARY,,MATTAMY HOMES CALGARY,4,"$682,009",57,57,237 CITYSCAPE BV NE,CSC,CITYSCAPE,51.14702905,-113.9620183,8,Titled Parcel;Titled Parcel;Titled Parcel;Titled Parcel;Building;Building;Building;Building,241 CITYSCAPE BV NE;237 CITYSCAPE BV NE;245 CITYSCAPE BV NE;249 CITYSCAPE BV NE;241 CITYSCAPE BV NE;237 CITYSCAPE BV NE;249 CITYSCAPE BV NE;245 CITYSCAPE BV NE,"MULTIPOINT (-113.96201832702755 51.14702905395874,-113.96211882924754 51.14702908654971,-113.96193188825829 51.14702902585922,-113.96183365848643 51.14702899384913,-113.9620216965533 51.14696355700691,-113.96211530941727 51.14696409976966,-113.96184493260769 51.14696252860714,-113.96193661604076 51.146963061893935)","{""type"":""MultiPoint"",""coordinates"":[[-113.9620183,51.1470291],[-113.9621188,51.1470291],[-113.9619319,51.147029],[-113.9618337,51.147029],[-113.9620217,51.1469636],[-113.9621153,51.1469641],[-113.9618449,51.1469625],[-113.9619366,51.1469631]]}",POINT (-113.96201832702755 51.14702905395874),237 CITYSCAPE BV NE,a,
BP2018-06111,Completed,2018-05-23,2018,2018-06-06,2018-12-07,2018,Commercial / Multi Family Project,Building,1606 - Ths Townhouse,Townhouse,Residential,New,New,New,New - Cityscape - Part 9 Group C - 4 unit townhouse,MATTAMY HOMES CALGARY,,,4,"$676,738",57,57,221 CITYSCAPE BV NE,CSC,CITYSCAPE,51.14702922,-113.9625207,5,Titled Parcel;Titled Parcel;Titled Parcel;Titled Parcel;Building,221 CITYSCAPE BV NE;233 CITYSCAPE BV NE;229 CITYSCAPE BV NE;225 CITYSCAPE BV NE;221 CITYSCAPE BV NE,"MULTIPOINT (-113.96252068091604 51.14702921599966,-113.96223339491836 51.14702912359585,-113.96233389713875 51.14702915600203,-113.9624203502008 51.14702918380907,-113.96251089848569 51.146949169686)","{""type"":""MultiPoint"",""coordinates"":[[-113.9625207,51.1470292],[-113.9622334,51.1470291],[-113.9623339,51.1470292],[-113.9624204,51.1470292],[-113.9625109,51.1469492]]}",POINT (-113.96252068091604 51.14702921599966),221 CITYSCAPE BV NE,a,
BP2018-04683,Completed,2018-04-27,2018,2018-05-09,2018-10-23,2018,Commercial / Multi Family Project,Building,1606 - Ths Townhouse,Townhouse,Residential,New,New,New,New - Cityscape - Part 9 Group C - 4 Unit Townhouse,MATTAMY HOMES CALGARY,,MATTAMY HOMES CALGARY,4,"$492,120",57,57,73 CITYSIDE HE NE,CSC,CITYSCAPE,51.14702931,-113.9628218,5,Titled Parcel;Titled Parcel;Titled Parcel;Titled Parcel;Building,209 CITYSCAPE BV NE;217 CITYSCAPE BV NE;73 CITYSIDE HE NE;213 CITYSCAPE BV NE;73 CITYSIDE HE NE,"MULTIPOINT (-113.96282177310778 51.14702931208687,-113.96263494645308 51.147029252556344,-113.96301351289453 51.14697993020848,-113.9627353200451 51.14702928457652,-113.96291310568385 51.14695064633813)","{""type"":""MultiPoint"",""coordinates"":[[-113.9628218,51.1470293],[-113.9626349,51.1470293],[-113.9630135,51.1469799],[-113.9627353,51.1470293],[-113.9629131,51.1469506]]}",POINT (-113.96282177310778 51.14702931208687),73 CITYSIDE HE NE,a,
BP2018-14342,Completed,2018-10-29,2018,2018-11-15,2019-06-13,2019,Commercial / Multi Family Project,Building,1606 - Ths Townhouse,Townhouse,Residential,New,New,New,New Townhouse,MATTAMY HOMES CALGARY,,,6,"$1,029,600",57,57,147 CITYSCAPE BV NE,CSC,CITYSCAPE,51.14703436,-113.9646041,12,Titled Parcel;Titled Parcel;Titled Parcel;Titled Parcel;Titled Parcel;Titled Parcel;Building;Building;Building;Building;Building;Building,155 CITYSCAPE BV NE;147 CITYSCAPE BV NE;159 CITYSCAPE BV NE;151 CITYSCAPE BV NE;72 CITYSIDE RI NE;143 CITYSCAPE BV NE;147 CITYSCAPE BV NE;151 CITYSCAPE BV NE;155 CITYSCAPE BV NE;143 CITYSCAPE BV NE;72 CITYSIDE RI NE;159 CITYSCAPE BV NE,"MULTIPOINT (-113.96460409770212 51.14703435979286,-113.964776989558 51.14703441198294,-113.96451765892043 51.14703433360416,-113.96469053648393 51.14703438591769,-113.96432224138145 51.14698033671067,-113.96487514788394 51.14703444149982,-113.96477988072829 51.146972609523566,-113.96469365607989 51.146973059976865,-113.96460996149729 51.146973034684635,-113.96486457611954 51.14697215854734,-113.96443527268758 51.14694967173246,-113.96452072157706 51.14697300765066)","{""type"":""MultiPoint"",""coordinates"":[[-113.9646041,51.1470344],[-113.964777,51.1470344],[-113.9645177,51.1470343],[-113.9646905,51.1470344],[-113.9643222,51.1469803],[-113.9648751,51.1470344],[-113.9647799,51.1469726],[-113.9646937,51.1469731],[-113.96461,51.146973],[-113.9648646,51.1469722],[-113.9644353,51.1469497],[-113.9645207,51.146973]]}",POINT (-113.96460409770212 51.14703435979286),147 CITYSCAPE BV NE,a,
BP2018-01542,Completed,2018-02-13,2018,2018-02-26,2018-10-09,2018,Commercial / Multi Family Project,Building,1606 - Ths Townhouse,Townhouse,Residential,New,New,New,New - Cityscape - Part 9 Group C - 3 unit Townhouse,MATTAMY HOMES CALGARY,,MATTAMY HOMES CALGARY,3,"$517,974",57,57,248 CITYSCAPE WY NE,CSC,CITYSCAPE,51.14731651,-113.9613746,4,Titled Parcel;Titled Parcel;Titled Parcel;Building,270 CITYSCAPE BV NE;274 CITYSCAPE BV NE;248 CITYSCAPE WY NE;248 CITYSCAPE WY NE,"MULTIPOINT (-113.96137456972605 51.14731650955489,-113.96127348090197 51.14731647613032,-113.96111319475698 51.14745126657469,-113.96118288482367 51.147398943428804)","{""type"":""MultiPoint"",""coordinates"":[[-113.9613746,51.1473165],[-113.9612735,51.1473165],[-113.9611132,51.1474513],[-113.9611829,51.1473989]]}",POINT (-113.96137456972605 51.14731650955489),248 CITYSCAPE WY NE,a,
BP2018-03487,Completed,2018-04-02,2018,2018-04-12,2018-09-25,2018,Commercial / Multi Family Project,Building,1606 - Ths Townhouse,Townhouse,Residential,New,New,New,New - Cityscape - Part 9 Group C - 6 unit Townhouse,MATTAMY HOMES CALGARY,,,6,"$737,010",57,57,266 CITYSCAPE BV NE,CSC,CITYSCAPE,51.1473167,-113.9619522,7,Titled Parcel;Titled Parcel;Titled Parcel;Titled Parcel;Titled Parcel;Titled Parcel;Building,246 CITYSCAPE BV NE;254 CITYSCAPE BV NE;258 CITYSCAPE BV NE;250 CITYSCAPE BV NE;262 CITYSCAPE BV NE;266 CITYSCAPE BV NE;266 CITYSCAPE BV NE,"MULTIPOINT (-113.9619521752347 51.14731669886189,-113.96176428979786 51.147316637596475,-113.96167785049167 51.14731660930911,-113.96185072910419 51.147316665819964,-113.96159139689343 51.147316580953174,-113.96149030806892 51.14731654771599,-113.96150223129325 51.14739822192775)","{""type"":""MultiPoint"",""coordinates"":[[-113.9619522,51.1473167],[-113.9617643,51.1473166],[-113.9616779,51.1473166],[-113.9618507,51.1473167],[-113.9615914,51.1473166],[-113.9614903,51.1473165],[-113.9615022,51.1473982]]}",POINT (-113.9619521752347 51.14731669886189),266 CITYSCAPE BV NE,a,
BP2018-03483,Completed,2018-04-02,2018,2018-04-11,2019-08-14,2019,Commercial / Multi Family Project,Building,1606 - Ths Townhouse,Townhouse,Residential,New,New,New,New - Cityscape - Part 9 Group C - 14 unit Townhouse,MATTAMY HOMES CALGARY,,,14,"$1,579,860",57,57,257 CITYSCAPE CO NE,CSC,CITYSCAPE,51.1530516,-113.9605981,14,Titled Parcel;Titled Parcel;Titled Parcel;Titled Parcel;Titled Parcel;Titled Parcel;Titled Parcel;Titled Parcel;Titled Parcel;Titled Parcel;Titled Parcel;Titled Parcel;Titled Parcel;Titled Parcel,63 CITYSCAPE RO NE;277 CITYSCAPE CO NE;69 CITYSCAPE RO NE;257 CITYSCAPE CO NE;261 CITYSCAPE CO NE;65 CITYSCAPE RO NE;269 CITYSCAPE CO NE;281 CITYSCAPE CO NE;59 CITYSCAPE RO NE;77 CITYSCAPE RO NE;73 CITYSCAPE RO NE;273 CITYSCAPE CO NE;265 CITYSCAPE CO NE;81 CITYSCAPE RO NE,"MULTIPOINT (-113.96059809245284 51.153051596515695,-113.9602260308124 51.15327171496323,-113.96041064113851 51.15305153322502,-113.96069788796639 51.15327636923375,-113.96058856704067 51.15327633245269,-113.96050815470151 51.15305156618679,-113.96040425950771 51.153276270211045,-113.96011136392264 51.15327167591836,-113.9606979502297 51.15305163010884,-113.96023075134266 51.153051472204936,-113.96031767306276 51.153051501724036,-113.96031432131984 51.153276239733,-113.96049723849154 51.15328079642967,-113.96011103534704 51.153055926225996)","{""type"":""MultiPoint"",""coordinates"":[[-113.9605981,51.1530516],[-113.960226,51.1532717],[-113.9604106,51.1530515],[-113.9606979,51.1532764],[-113.9605886,51.1532763],[-113.9605082,51.1530516],[-113.9604043,51.1532763],[-113.9601114,51.1532717],[-113.960698,51.1530516],[-113.9602308,51.1530515],[-113.9603177,51.1530515],[-113.9603143,51.1532762],[-113.9604972,51.1532808],[-113.960111,51.1530559]]}",POINT (-113.96059809245284 51.153051596515695),257 CITYSCAPE CO NE,a,
BP2019-10058,Completed,2019-07-30,2019,2019-09-12,2021-08-04,2021,Commercial / Multi Family Project,Building,1606 - Ths Townhouse,Townhouse,Residential,New,New,New,New - Part 9 Group C - 14 Unit townhouse,MATTAMY HOMES CALGARY,,MATTAMY HOMES CALGARY,14,"$2,562,410",57,57,55 CITYSCAPE RO NE,CSC,CITYSCAPE,51.15327653,-113.9611907,28,Titled Parcel;Titled Parcel;Titled Parcel;Titled Parcel;Titled Parcel;Titled Parcel;Titled Parcel;Titled Parcel;Titled Parcel;Titled Parcel;Titled Parcel;Titled Parcel;Titled Parcel;Titled Parcel;Building;Building;Building;Building;Building;Building;Building;Building;Building;Building;Building;Building;Building;Building,237 CITYSCAPE CO NE;233 CITYSCAPE CO NE;229 CITYSCAPE CO NE;31 CITYSCAPE RO NE;241 CITYSCAPE CO NE;51 CITYSCAPE RO NE;35 CITYSCAPE RO NE;245 CITYSCAPE CO NE;253 CITYSCAPE CO NE;39 CITYSCAPE RO NE;43 CITYSCAPE RO NE;249 CITYSCAPE CO NE;47 CITYSCAPE RO NE;55 CITYSCAPE RO NE;35 CITYSCAPE RO NE;39 CITYSCAPE RO NE;229 CITYSCAPE CO NE;237 CITYSCAPE CO NE;253 CITYSCAPE CO NE;233 CITYSCAPE CO NE;51 CITYSCAPE RO NE;55 CITYSCAPE RO NE;31 CITYSCAPE RO NE;241 CITYSCAPE CO NE;245 CITYSCAPE CO NE;47 CITYSCAPE RO NE;249 CITYSCAPE CO NE;43 CITYSCAPE RO NE,"MULTIPOINT (-113.9611907183663 51.153276533778225,-113.96128533071142 51.1532765651295,-113.96139938672063 51.153272108039175,-113.96139500694062 51.15305635701422,-113.96110083735329 51.15327650392388,-113.96092107933097 51.15305170486364,-113.96128387495885 51.15305182550221,-113.96100629647876 51.15327647244722,-113.96081201169451 51.15327640752171,-113.96119393720635 51.15305179570057,-113.96110399945397 51.15305176582977,-113.96091477164984 51.15327644190192,-113.9610125322454 51.153051735380075,-113.96081220204934 51.15305166843972,-113.96127915288606 51.15312618562864,-113.96118649912754 51.15312615492223,-113.96137509115654 51.15319843052848,-113.96118901138195 51.15319847681283,-113.96082292678733 51.15319857951787,-113.96127826335129 51.153198452453836,-113.96091514168447 51.15312606456935,-113.96081964341904 51.1531260326219,-113.96137653796136 51.15312621782396,-113.96109674337221 51.15319850010073,-113.9610044610608 51.153198532300635,-113.96100400753048 51.153126094228,-113.9609121787569 51.15319855543818,-113.96109288767065 51.15312612382389)","{""type"":""MultiPoint"",""coordinates"":[[-113.9611907,51.1532765],[-113.9612853,51.1532766],[-113.9613994,51.1532721],[-113.961395,51.1530564],[-113.9611008,51.1532765],[-113.9609211,51.1530517],[-113.9612839,51.1530518],[-113.9610063,51.1532765],[-113.960812,51.1532764],[-113.9611939,51.1530518],[-113.961104,51.1530518],[-113.9609148,51.1532764],[-113.9610125,51.1530517],[-113.9608122,51.1530517],[-113.9612792,51.1531262],[-113.9611865,51.1531262],[-113.9613751,51.1531984],[-113.961189,51.1531985],[-113.9608229,51.1531986],[-113.9612783,51.1531985],[-113.9609151,51.1531261],[-113.9608196,51.153126],[-113.9613765,51.1531262],[-113.9610967,51.1531985],[-113.9610045,51.1531985],[-113.961004,51.1531261],[-113.9609122,51.1531986],[-113.9610929,51.1531261]]}",POINT (-113.9611907183663 51.153276533778225),55 CITYSCAPE RO NE,a,
BP2021-09033,Completed,2021-05-26,2021,2021-06-16,2021-11-24,2021,Commercial / Multi Family Project,Building,1606 - Ths Townhouse,Townhouse,Residential,New,New,New,Group C - Residential (3 Unit Rowhouse),MATTAMY HOMES CALGARY,,MATTAMY HOMES CALGARY,3,"$521,395",57,57,32 CITYSIDE GV NE,CSC,CITYSCAPE,51.14369548,-113.9671715,6,Titled Parcel;Titled Parcel;Titled Parcel;Building;Building;Building,28 CITYSIDE GV NE;32 CITYSIDE GV NE;24 CITYSIDE GV NE;32 CITYSIDE GV NE;28 CITYSIDE GV NE;24 CITYSIDE GV NE,"MULTIPOINT (-113.96717153195046 51.14369548039887,-113.96726901151574 51.1436955077171,-113.9670647345908 51.143695450376114,-113.96726457098332 51.143750468768296,-113.9671700356924 51.14374984896051,-113.96706132362046 51.143749225084925)","{""type"":""MultiPoint"",""coordinates"":[[-113.9671715,51.1436955],[-113.967269,51.1436955],[-113.9670647,51.1436955],[-113.9672646,51.1437505],[-113.96717,51.1437498],[-113.9670613,51.1437492]]}",POINT (-113.96717153195046 51.14369548039887),32 CITYSIDE GV NE,a,
BP2021-09643,Completed,2021-06-02,2021,2021-06-16,2022-04-20,2022,Commercial / Multi Family Project,Building,1606 - Ths Townhouse,Townhouse,Residential,New,New,New,Group C - Residential (4 Unit Rowhouse),MATTAMY HOMES CALGARY,,MATTAMY HOMES CALGARY,4,"$699,349",57,57,56 CITYSIDE GV NE,CSC,CITYSCAPE,51.14369562,-113.9676847,8,Titled Parcel;Titled Parcel;Titled Parcel;Titled Parcel;Building;Building;Building;Building,48 CITYSIDE GV NE;60 CITYSIDE GV NE;52 CITYSIDE GV NE;56 CITYSIDE GV NE;52 CITYSIDE GV NE;48 CITYSIDE GV NE;56 CITYSIDE GV NE;60 CITYSIDE GV NE,"MULTIPOINT (-113.9676847394978 51.14369562331104,-113.9679676174532 51.14369570112102,-113.96778296220086 51.14369565040625,-113.96786939474983 51.14369567418087,-113.96778069204346 51.14375418093811,-113.9676823834695 51.14375415381728,-113.96786766817598 51.14375361155144,-113.96796409114953 51.143752442385946)","{""type"":""MultiPoint"",""coordinates"":[[-113.9676847,51.1436956],[-113.9679676,51.1436957],[-113.967783,51.1436957],[-113.9678694,51.1436957],[-113.9677807,51.1437542],[-113.9676824,51.1437542],[-113.9678677,51.1437536],[-113.9679641,51.1437524]]}",POINT (-113.9676847394978 51.14369562331104),56 CITYSIDE GV NE,a,
BP2021-20774,Completed,2021-12-07,2021,2021-12-15,2023-02-03,2023,Commercial / Multi Family Project,Building,1606 - Ths Townhouse,Townhouse,Residential,New,New,New,New 4 Unit Rowhouse,MATTAMY HOMES CALGARY,,MATTAMY (NORTHPOINT),4,"$698,838",57,57,222 CITYSIDE GV NE,CSC,CITYSCAPE,51.14458097,-113.9672371,4,Titled Parcel;Titled Parcel;Titled Parcel;Titled Parcel,230 CITYSIDE GV NE;234 CITYSIDE GV NE;222 CITYSIDE GV NE;226 CITYSIDE GV NE,"MULTIPOINT (-113.96723711577278 51.14458097238251,-113.96723717126534 51.14464389945044,-113.96723700160604 51.144459613033284,-113.96723707138973 51.14452254010654)","{""type"":""MultiPoint"",""coordinates"":[[-113.9672371,51.144581],[-113.9672372,51.1446439],[-113.967237,51.1444596],[-113.9672371,51.1445225]]}",POINT (-113.96723711577278 51.14458097238251),222 CITYSIDE GV NE,a,
BP2022-08765,Completed,2022-05-24,2022,2022-07-11,2023-01-10,2023,Commercial / Multi Family Project,Building,1606 - Ths Townhouse,Townhouse,Residential,New,New,New,4 unit rowhouse,MATTAMY HOMES CALGARY,,MATTAMY (NORTHPOINT),4,"$821,980",57,57,194 CITYSIDE GV NE,CSC,CITYSCAPE,51.14408211,-113.9674437,4,Titled Parcel;Titled Parcel;Titled Parcel;Titled Parcel,194 CITYSIDE GV NE;190 CITYSIDE GV NE;182 CITYSIDE GV NE;186 CITYSIDE GV NE,"MULTIPOINT (-113.96744367690809 51.144082108404305,-113.96754260070071 51.14408213589641,-113.96773053018293 51.14408218789384,-113.96762911971854 51.144082159872504)","{""type"":""MultiPoint"",""coordinates"":[[-113.9674437,51.1440821],[-113.9675426,51.1440821],[-113.9677305,51.1440822],[-113.9676291,51.1440822]]}",POINT (-113.96744367690809 51.144082108404305),194 CITYSIDE GV NE,a,
BP2022-16651,Completed,2022-09-28,2022,2022-10-20,2023-07-24,2023,Commercial / Multi Family Project,Building,1606 - Ths Townhouse,Townhouse,Residential,New,New,New,4 Unit Residential Rowhouse - Blk 35 Lot 4-7,MATTAMY HOMES CALGARY,,MATTAMY HOMES CALGARY,4,"$831,983",57,57,11145 CITYSCAPE DR NE,CSC,CITYSCAPE,51.15219623,-113.9567619,4,Titled Parcel;Titled Parcel;Titled Parcel;Titled Parcel,11133 CITYSCAPE DR NE;11137 CITYSCAPE DR NE;11145 CITYSCAPE DR NE;11141 CITYSCAPE DR NE,"MULTIPOINT (-113.9567619135189 51.152196232604425,-113.95665967896271 51.15218720520298,-113.95647798408024 51.15216466382387,-113.9565746254908 51.15217818409164)","{""type"":""MultiPoint"",""coordinates"":[[-113.9567619,51.1521962],[-113.9566597,51.1521872],[-113.956478,51.1521647],[-113.9565746,51.1521782]]}",POINT (-113.9567619135189 51.152196232604425),11145 CITYSCAPE DR NE,a,
BP2023-08612,Completed,2023-06-06,2023,2023-07-17,2024-02-16,2024,Commercial / Multi Family Project,Building,1606 - Ths Townhouse,Townhouse,Residential,New,New,New,"A new, two storey, 5 unit rowhouse, Part 9, Group C occupancy",MATTAMY HOMES CALGARY,,MATTAMY (NORTHPOINT),5,"$1,070,962",57,57,64 CITYLINE SQ NE,CSC,CITYSCAPE,51.14462782,-113.9477343,5,Titled Parcel;Titled Parcel;Titled Parcel;Titled Parcel;Titled Parcel,80 CITYLINE SQ NE;72 CITYLINE SQ NE;68 CITYLINE SQ NE;76 CITYLINE SQ NE;64 CITYLINE SQ NE,"MULTIPOINT (-113.94773425558458 51.14462782119931,-113.94772130326551 51.144758164310446,-113.94771684057469 51.14481209979055,-113.94772595173416 51.14470422891271,-113.94771161026975 51.14487502450582)","{""type"":""MultiPoint"",""coordinates"":[[-113.9477343,51.1446278],[-113.9477213,51.1447582],[-113.9477168,51.1448121],[-113.947726,51.1447042],[-113.9477116,51.144875]]}",POINT (-113.94773425558458 51.14462782119931),64 CITYLINE SQ NE,a,
BP2023-08944,Completed,2023-06-09,2023,2023-06-25,2024-03-20,2024,Commercial / Multi Family Project,Building,1606 - Ths Townhouse,Townhouse,Residential,New,New,New,"A new, two storey, 4 unit rowhouse, Part 9, Group C occupancy",MATTAMY HOMES CALGARY,,MATTAMY (NORTHPOINT),4,"$831,983",57,57,345 SKYVIEW PY NE,CSC,CITYSCAPE,51.1499158,-113.9526899,4,Titled Parcel;Titled Parcel;Titled Parcel;Titled Parcel,341 SKYVIEW PY NE;333 SKYVIEW PY NE;337 SKYVIEW PY NE;345 SKYVIEW PY NE,"MULTIPOINT (-113.95268991909316 51.14991580076781,-113.9526769176251 51.149798931083744,-113.95268305642975 51.149861860565416,-113.95269292775647 51.14997872898167)","{""type"":""MultiPoint"",""coordinates"":[[-113.9526899,51.1499158],[-113.9526769,51.1497989],[-113.9526831,51.1498619],[-113.9526929,51.1499787]]}",POINT (-113.95268991909316 51.14991580076781),345 SKYVIEW PY NE,a,
BP2023-02041,Completed,2023-02-18,2023,2023-03-20,2023-11-21,2023,Commercial / Multi Family Project,Building,1606 - Ths Townhouse,Townhouse,Residential,New,New,New,new 4-unit townhouse where no unit is located above another.,MATTAMY HOMES CALGARY,,MATTAMY HOMES CALGARY,4,"$834,684",57,57,11257 CITYSCAPE DR NE,CSC,CITYSCAPE,51.15194802,-113.9541278,4,Titled Parcel;Titled Parcel;Titled Parcel;Titled Parcel,11257 CITYSCAPE DR NE;11245 CITYSCAPE DR NE;11249 CITYSCAPE DR NE;11241 CITYSCAPE DR NE,"MULTIPOINT (-113.95412782614996 51.151948016188115,-113.95434674757915 51.151948101833895,-113.95426028533528 51.15194806805736,-113.95444523077664 51.15194814022858)","{""type"":""MultiPoint"",""coordinates"":[[-113.9541278,51.151948],[-113.9543467,51.1519481],[-113.9542603,51.1519481],[-113.9544452,51.1519481]]}",POINT (-113.95412782614996 51.151948016188115),11257 CITYSCAPE DR NE,a,
BP2023-02088,Completed,2023-02-21,2023,2023-03-15,2023-09-08,2023,Commercial / Multi Family Project,Building,1606 - Ths Townhouse,Townhouse,Residential,New,New,New,"A new, two storey, 4 unit rowhouse, Part 9, Group C occupancy",MATTAMY HOMES CALGARY,,MATTAMY HOMES CALGARY,4,"$834,684",57,57,11237 CITYSCAPE DR NE,CSC,CITYSCAPE,51.15196171,-113.954654,4,Titled Parcel;Titled Parcel;Titled Parcel;Titled Parcel,11233 CITYSCAPE DR NE;11225 CITYSCAPE DR NE;11237 CITYSCAPE DR NE;11229 CITYSCAPE DR NE,"MULTIPOINT (-113.95465404768018 51.151961705715486,-113.95483169025341 51.15197525879621,-113.95455577339402 51.15195267800992,-113.95473418776072 51.15196623153858)","{""type"":""MultiPoint"",""coordinates"":[[-113.954654,51.1519617],[-113.9548317,51.1519753],[-113.9545558,51.1519527],[-113.9547342,51.1519662]]}",POINT (-113.95465404768018 51.151961705715486),11237 CITYSCAPE DR NE,a,
BP2022-15810,Completed,2022-09-15,2022,2022-12-08,2023-12-01,2023,Commercial / Multi Family Project,Building,1606 - Ths Townhouse,Townhouse,Residential,New,New,New,5 Unit Residential Rowhouse - Building 1,ANTHEM CURRIE DEVELOPMENTS II,,ANTHEM CURRIE DEVELOPMENTS II,5,"$1,061,911",58,58,179 DIEPPE DR SW,CUR,CURRIE BARRACKS,51.01788383,-114.1266659,10,Titled Parcel;Titled Parcel;Titled Parcel;Titled Parcel;Titled Parcel;Building;Building;Building;Building;Building,179 DIEPPE DR SW;187 DIEPPE DR SW;183 DIEPPE DR SW;171 DIEPPE DR SW;175 DIEPPE DR SW;183 DIEPPE DR SW;187 DIEPPE DR SW;179 DIEPPE DR SW;171 DIEPPE DR SW;175 DIEPPE DR SW,"MULTIPOINT (-114.12666585598377 51.01788383228187,-114.12648699104005 51.017910995363756,-114.12658638082469 51.01789290818142,-114.1268405875375 51.017856673412666,-114.12674530460534 51.01787026146744,-114.12660999688603 51.017955649233826,-114.1265214176848 51.01797120759356,-114.12668539293111 51.01794546300806,-114.12686820312219 51.01791731545351,-114.12676831221985 51.01792931733868)","{""type"":""MultiPoint"",""coordinates"":[[-114.1266659,51.0178838],[-114.126487,51.017911],[-114.1265864,51.0178929],[-114.1268406,51.0178567],[-114.1267453,51.0178703],[-114.12661,51.0179556],[-114.1265214,51.0179712],[-114.1266854,51.0179455],[-114.1268682,51.0179173],[-114.1267683,51.0179293]]}",POINT (-114.12666585598377 51.01788383228187),179 DIEPPE DR SW,a,
BP2022-19928,Completed,2022-12-09,2022,2023-03-02,2024-07-16,2024,Commercial / Multi Family Project,Building,1606 - Ths Townhouse,Townhouse,Residential,New,New,New,Currie Commons - Building 4,ANTHEM CURRIE DEVELOPMENTS II,,,3,"$657,403",58,58,6 CURRIE WK SW,CUR,CURRIE BARRACKS,51.01793364,-114.1263288,4,Titled Parcel;Building;Building;Building,195 DIEPPE DR SW;10 CURRIE WK SW;14 CURRIE WK SW;6 CURRIE WK SW,"MULTIPOINT (-114.12632876535989 51.017933640971485,-114.12620983293516 51.01827635197415,-114.12621119255681 51.018225926837886,-114.12621147668159 51.018330585532226)","{""type"":""MultiPoint"",""coordinates"":[[-114.1263288,51.0179336],[-114.1262098,51.0182764],[-114.1262112,51.0182259],[-114.1262115,51.0183306]]}",POINT (-114.12632876535989 51.017933640971485),6 CURRIE WK SW,a,
BP2022-19925,Completed,2022-12-09,2022,2023-03-14,2024-07-12,2024,Commercial / Multi Family Project,Building,1606 - Ths Townhouse,Townhouse,Residential,New,New,New,New 5 Unit Rowhouse (Bldg #15),ANTHEM CURRIE DEVELOPMENTS II,,,5,"$1,061,911",58,58,217 DIEPPE DR SW,CUR,CURRIE BARRACKS,51.01796532,-114.1261285,10,Titled Parcel;Titled Parcel;Titled Parcel;Titled Parcel;Titled Parcel;Building;Building;Building;Building;Building,205 DIEPPE DR SW;213 DIEPPE DR SW;209 DIEPPE DR SW;217 DIEPPE DR SW;201 DIEPPE DR SW;213 DIEPPE DR SW;209 DIEPPE DR SW;217 DIEPPE DR SW;201 DIEPPE DR SW;205 DIEPPE DR SW,"MULTIPOINT (-114.1261285336528 51.017965321490806,-114.12596960924536 51.01798796736604,-114.12604905824892 51.017974397024965,-114.12587151806723 51.01800155773509,-114.12622662672746 51.01794723601433,-114.12599747861076 51.01805323907343,-114.12607474334568 51.01803828664425,-114.12590607864708 51.01806939333313,-114.12625567620408 51.01801133771469,-114.12615389420175 51.01802512109375)","{""type"":""MultiPoint"",""coordinates"":[[-114.1261285,51.0179653],[-114.1259696,51.017988],[-114.1260491,51.0179744],[-114.1258715,51.0180016],[-114.1262266,51.0179472],[-114.1259975,51.0180532],[-114.1260747,51.0180383],[-114.1259061,51.0180694],[-114.1262557,51.0180113],[-114.1261539,51.0180251]]}",POINT (-114.1261285336528 51.017965321490806),217 DIEPPE DR SW,a,
BP2022-15814,Completed,2022-09-15,2022,2022-12-09,2024-01-29,2024,Commercial / Multi Family Project,Building,1606 - Ths Townhouse,Townhouse,Residential,New,New,New,4 Unit Residential Rowhouse - Building 2,ANTHEM CURRIE DEVELOPMENTS II,,ANTHEM CURRIE DEVELOPMENTS II,4,"$853,289",58,58,38 DIEPPE LN SW,CUR,CURRIE BARRACKS,51.01824313,-114.1269348,8,Titled Parcel;Titled Parcel;Titled Parcel;Titled Parcel;Building;Building;Building;Building,38 DIEPPE LN SW;42 DIEPPE LN SW;30 DIEPPE LN SW;34 DIEPPE LN SW;38 DIEPPE LN SW;42 DIEPPE LN SW;34 DIEPPE LN SW;30 DIEPPE LN SW,"MULTIPOINT (-114.12693475354106 51.01824313165481,-114.12691638287434 51.018306080058395,-114.12693451799163 51.01813075967712,-114.12693436199963 51.01819368829763,-114.12684478574978 51.018246169005536,-114.12684493632501 51.01830135709258,-114.12684463519953 51.018190989907744,-114.1268474789376 51.018131051966144)","{""type"":""MultiPoint"",""coordinates"":[[-114.1269348,51.0182431],[-114.1269164,51.0183061],[-114.1269345,51.0181308],[-114.1269344,51.0181937],[-114.1268448,51.0182462],[-114.1268449,51.0183014],[-114.1268446,51.018191],[-114.1268475,51.0181311]]}",POINT (-114.12693475354106 51.01824313165481),38 DIEPPE LN SW,a,
BP2022-19930,Completed,2022-12-09,2022,2023-03-02,2024-07-16,2024,Commercial / Multi Family Project,Building,1606 - Ths Townhouse,Townhouse,Residential,New,New,New,Currie Commons - Building 5,ANTHEM CURRIE DEVELOPMENTS II,,ANTHEM CURRIE DEVELOPMENTS II,2,"$436,044",58,58,107 DIEPPE LI SW,CUR,CURRIE BARRACKS,51.01825779,-114.1258452,4,Titled Parcel;Titled Parcel;Building;Building,107 DIEPPE LI SW;111 DIEPPE LI SW;107 DIEPPE LI SW;111 DIEPPE LI SW,"MULTIPOINT (-114.12584518905628 51.018257794785406,-114.12584472603136 51.01833420840077,-114.12594430311968 51.018258569002896,-114.12594147488545 51.018329923922614)","{""type"":""MultiPoint"",""coordinates"":[[-114.1258452,51.0182578],[-114.1258447,51.0183342],[-114.1259443,51.0182586],[-114.1259415,51.0183299]]}",POINT (-114.12584518905628 51.018257794785406),107 DIEPPE LI SW,a,
BP2022-16192,Completed,2022-09-21,2022,2023-01-03,2024-06-07,2024,Commercial / Multi Family Project,Building,1606 - Ths Townhouse,Townhouse,Residential,New,New,New,4 Unit Residential Rowhouse - Building 3,ANTHEM CURRIE DEVELOPMENTS II,,ANTHEM CURRIE DEVELOPMENTS II,4,"$853,289",58,58,17 CURRIE WK SW,CUR,CURRIE BARRACKS,51.01832901,-114.1264928,8,Titled Parcel;Titled Parcel;Titled Parcel;Titled Parcel;Building;Building;Building;Building,5 CURRIE WK SW;9 CURRIE WK SW;17 CURRIE WK SW;13 CURRIE WK SW;9 CURRIE WK SW;5 CURRIE WK SW;13 CURRIE WK SW;17 CURRIE WK SW,"MULTIPOINT (-114.12649277466913 51.01832901381549,-114.12649321428577 51.01827057977949,-114.12649354990089 51.01815820718357,-114.12649356636409 51.01821664072698,-114.12658538827029 51.01826643456686,-114.12658707000983 51.01832922634783,-114.12658375056975 51.018219815349234,-114.12658810670811 51.01815512018313)","{""type"":""MultiPoint"",""coordinates"":[[-114.1264928,51.018329],[-114.1264932,51.0182706],[-114.1264935,51.0181582],[-114.1264936,51.0182166],[-114.1265854,51.0182664],[-114.1265871,51.0183292],[-114.1265838,51.0182198],[-114.1265881,51.0181551]]}",POINT (-114.12649277466913 51.01832901381549),17 CURRIE WK SW,a,
BP2023-06529,Completed,2023-05-08,2023,2023-10-18,2024-12-23,2024,Commercial / Multi Family Project,Building,1606 - Ths Townhouse,Townhouse,Residential,New,New,New,3 Unit Rowhouse - Building 14,ANTHEM CURRIE DEVELOPMENTS II,,ANTHEM CURRIE DEVELOPMENTS II,3,"$888,102",58,58,239 DIEPPE DR SW,CUR,CURRIE BARRACKS,51.01804231,-114.1255955,6,Titled Parcel;Titled Parcel;Titled Parcel;Building;Building;Building,231 DIEPPE DR SW;239 DIEPPE DR SW;235 DIEPPE DR SW;239 DIEPPE DR SW;235 DIEPPE DR SW;231 DIEPPE DR SW,"MULTIPOINT (-114.12559554427486 51.018042308680826,-114.12536440024387 51.01806952622075,-114.12548268525671 51.018060409484086,-114.12538581021478 51.018118119973145,-114.12549232303836 51.01810908777604,-114.12561012191178 51.01809409211726)","{""type"":""MultiPoint"",""coordinates"":[[-114.1255955,51.0180423],[-114.1253644,51.0180695],[-114.1254827,51.0180604],[-114.1253858,51.0181181],[-114.1254923,51.0181091],[-114.1256101,51.0180941]]}",POINT (-114.12559554427486 51.018042308680826),239 DIEPPE DR SW,a,
BP2021-18348,Completed,2021-10-22,2021,2022-02-15,2024-07-30,2024,Commercial / Multi Family Project,Building,1606 - Ths Townhouse,Townhouse,Residential,New,New,New,Three unit town house.,APARTMENT BUILDING,,TAMSON DEVELOPMENTS,3,"$1,399,480",58,58,88B BURMA STAR RD SW,CUR,CURRIE BARRACKS,51.01596048,-114.1303347,9,Titled Parcel;Titled Parcel;Titled Parcel;Building;Building;Building;Building Suite;Building Suite;Building Suite,80 BURMA STAR RD SW;88 BURMA STAR RD SW;84 BURMA STAR RD SW;84 BURMA STAR RD SW;88 BURMA STAR RD SW;80 BURMA STAR RD SW;88B BURMA STAR RD SW;80B BURMA STAR RD SW;84B BURMA STAR RD SW,"MULTIPOINT (-114.13033471784962 51.01596047958648,-114.13015311841316 51.015893258627365,-114.1302422941962 51.015924623506685,-114.13023066741482 51.01601208007803,-114.1301677719735 51.015990952249936,-114.13030013422885 51.01603872926094,-114.13013924657129 51.01597808368437,-114.13028838448214 51.016016160029096,-114.13026351909697 51.01600743170266)","{""type"":""MultiPoint"",""coordinates"":[[-114.1303347,51.0159605],[-114.1301531,51.0158933],[-114.1302423,51.0159246],[-114.1302307,51.0160121],[-114.1301678,51.015991],[-114.1303001,51.0160387],[-114.1301392,51.0159781],[-114.1302884,51.0160162],[-114.1302635,51.0160074]]}",POINT (-114.13033471784962 51.01596047958648),88B BURMA STAR RD SW,a,
BP2021-17412,Completed,2021-10-06,2021,2021-11-10,2022-11-07,2022,Commercial / Multi Family Project,Building,1606 - Ths Townhouse,Townhouse,Residential,New,New,New,New 7-Unit nonstacked townhouse.,NORR ARCHITECTS ENGINEERS PLANNERS,,JAYMAN BUILT MULTI FAMILY,7,"$1,400,015",59,59,57 LES JARDINS PA SE,DDG,DOUGLASDALE/GLEN,50.95641259,-114.0038013,8,Titled Parcel;Building;Building;Building;Building;Building;Building;Building,10808 18 ST SE;69 LES JARDINS PA SE;61 LES JARDINS PA SE;67 LES JARDINS PA SE;57 LES JARDINS PA SE;65 LES JARDINS PA SE;59 LES JARDINS PA SE;63 LES JARDINS PA SE,"MULTIPOINT (-114.0038013333053 50.956412593290466,-114.00436125231376 50.95654866237177,-114.00412625255294 50.95651822222195,-114.00430401840089 50.95654295592767,-114.00400875303325 50.95650585625324,-114.00424225795173 50.956534390841504,-114.0040644924186 50.95651251582026,-114.00418048329247 50.95652583471305)","{""type"":""MultiPoint"",""coordinates"":[[-114.0038013,50.9564126],[-114.0043613,50.9565487],[-114.0041263,50.9565182],[-114.004304,50.956543],[-114.0040088,50.9565059],[-114.0042423,50.9565344],[-114.0040645,50.9565125],[-114.0041805,50.9565258]]}",POINT (-114.0038013333053 50.956412593290466),57 LES JARDINS PA SE,a,
BP2021-12160,Completed,2021-07-09,2021,2021-10-06,2023-06-27,2023,Commercial / Multi Family Project,Building,1606 - Ths Townhouse,Townhouse,Residential,New,New,New,4-Unit townhouse (Les Jardins Bldg. 17).,NORR ARCHITECTS ENGINEERS PLANNERS,,JAYMAN BUILT MULTI FAMILY,4,"$939,206",59,59,116 LES JARDINS PA SE,DDG,DOUGLASDALE/GLEN,50.95723062,-114.0051233,5,Titled Parcel;Building;Building;Building;Building,130 LES JARDINS PA SE;124 LES JARDINS PA SE;128 LES JARDINS PA SE;120 LES JARDINS PA SE;116 LES JARDINS PA SE,"MULTIPOINT (-114.00512330991027 50.957230620871435,-114.00500003783051 50.957164209065034,-114.00500004324176 50.95721463323727,-114.00500003190895 50.95710902925188,-114.00500002588512 50.95705289651212)","{""type"":""MultiPoint"",""coordinates"":[[-114.0051233,50.9572306],[-114.005,50.9571642],[-114.005,50.9572146],[-114.005,50.957109],[-114.005,50.9570529]]}",POINT (-114.00512330991027 50.957230620871435),116 LES JARDINS PA SE,a,
BP2021-12129,Completed,2021-07-08,2021,2021-10-06,2023-12-08,2023,Commercial / Multi Family Project,Building,1606 - Ths Townhouse,Townhouse,Residential,New,New,New,6-unit Townhouse (Les Jardins Bldg 16).,NORR ARCHITECTS ENGINEERS PLANNERS,,JAYMAN BUILT MULTI FAMILY,6,"$1,407,365",59,59,150 LES JARDINS PA SE,DDG,DOUGLASDALE/GLEN,50.95742842,-114.0047142,7,Titled Parcel;Building;Building;Building;Building;Building;Building,172 LES JARDINS PA SE;170 LES JARDINS PA SE;158 LES JARDINS PA SE;166 LES JARDINS PA SE;150 LES JARDINS PA SE;162 LES JARDINS PA SE;154 LES JARDINS PA SE,"MULTIPOINT (-114.00471416429555 50.95742841520367,-114.00449841374281 50.957350715291426,-114.00475601871516 50.95735546072651,-114.00458428664975 50.957350711952635,-114.00492925900161 50.95735450061791,-114.00466412449245 50.95735165272802,-114.00484791245714 50.95735450402255)","{""type"":""MultiPoint"",""coordinates"":[[-114.0047142,50.9574284],[-114.0044984,50.9573507],[-114.004756,50.9573555],[-114.0045843,50.9573507],[-114.0049293,50.9573545],[-114.0046641,50.9573517],[-114.0048479,50.9573545]]}",POINT (-114.00471416429555 50.95742841520367),150 LES JARDINS PA SE,a,
BP2021-12109,Completed,2021-07-08,2021,2021-10-06,2023-06-27,2023,Commercial / Multi Family Project,Building,1606 - Ths Townhouse,Townhouse,Residential,New,New,New,8 unit townhouse (Les Jardins Bldg 9).,NORR ARCHITECTS ENGINEERS PLANNERS,,JAYMAN BUILT MULTI FAMILY,8,"$1,754,036",59,59,151 LES JARDINS PA SE,DDG,DOUGLASDALE/GLEN,50.95755878,-114.0045138,9,Titled Parcel;Building;Building;Building;Building;Building;Building;Building;Building,167 LES JARDINS PA SE;161 LES JARDINS PA SE;157 LES JARDINS PA SE;163 LES JARDINS PA SE;151 LES JARDINS PA SE;153 LES JARDINS PA SE;159 LES JARDINS PA SE;155 LES JARDINS PA SE;165 LES JARDINS PA SE,"MULTIPOINT (-114.00451379223983 50.95755877620539,-114.00467770522154 50.95765135640516,-114.00482082755798 50.95765039765972,-114.0046099232138 50.957652312026006,-114.0050256965857 50.95764753923635,-114.00495338839437 50.95765039211328,-114.00474701045401 50.95765230653505,-114.00488409749438 50.95765039503123,-114.00453912332583 50.957650408946876)","{""type"":""MultiPoint"",""coordinates"":[[-114.0045138,50.9575588],[-114.0046777,50.9576514],[-114.0048208,50.9576504],[-114.0046099,50.9576523],[-114.0050257,50.9576475],[-114.0049534,50.9576504],[-114.004747,50.9576523],[-114.0048841,50.9576504],[-114.0045391,50.9576504]]}",POINT (-114.00451379223983 50.95755877620539),151 LES JARDINS PA SE,a,
BP2022-01406,Completed,2022-01-31,2022,2022-02-22,2024-07-09,2024,Commercial / Multi Family Project,Building,1606 - Ths Townhouse,Townhouse,Residential,New,New,New,7 Unit Residential Rowhouse - Building 2,NORR ARCHITECTS ENGINEERS PLANNERS,,JAYMAN BUILT MULTI FAMILY,7,"$1,395,428",59,59,21 LES JARDINS PA SE,DDG,DOUGLASDALE/GLEN,50.95639911,-114.0038019,8,Titled Parcel;Building;Building;Building;Building;Building;Building;Building,10808 18 ST SE;31 LES JARDINS PA SE;27 LES JARDINS PA SE;21 LES JARDINS PA SE;25 LES JARDINS PA SE;33 LES JARDINS PA SE;29 LES JARDINS PA SE;23 LES JARDINS PA SE,"MULTIPOINT (-114.00380193001527 50.95639910846645,-114.00301153150649 50.95649352515126,-114.00288950700417 50.95649637802237,-114.00271024960487 50.956506846527574,-114.00282925627444 50.9564982853497,-114.00307178203413 50.95648875895138,-114.00294975772896 50.95649447066396,-114.0027689914189 50.95650208950875)","{""type"":""MultiPoint"",""coordinates"":[[-114.0038019,50.9563991],[-114.0030115,50.9564935],[-114.0028895,50.9564964],[-114.0027102,50.9565068],[-114.0028293,50.9564983],[-114.0030718,50.9564888],[-114.0029498,50.9564945],[-114.002769,50.9565021]]}",POINT (-114.00380193001527 50.95639910846645),21 LES JARDINS PA SE,a,
BP2022-01414,Completed,2022-01-31,2022,2022-02-22,2023-07-31,2023,Commercial / Multi Family Project,Building,1606 - Ths Townhouse,Townhouse,Residential,New,New,New,6 Unit Residential Rowhouse - Building 10,NORR ARCHITECTS ENGINEERS PLANNERS,,JAYMAN BUILT MULTI FAMILY,6,"$1,318,612",59,59,191 LES JARDINS PA SE,DDG,DOUGLASDALE/GLEN,50.95756328,-114.004243,7,Titled Parcel;Building;Building;Building;Building;Building;Building,193 LES JARDINS PA SE;183 LES JARDINS PA SE;189 LES JARDINS PA SE;181 LES JARDINS PA SE;187 LES JARDINS PA SE;185 LES JARDINS PA SE;191 LES JARDINS PA SE,"MULTIPOINT (-114.00424304909579 50.95756328128834,-114.00434478720713 50.95765136926339,-114.00414142666693 50.9576513766509,-114.00441409216201 50.95764946081288,-114.00421222628171 50.95765042119314,-114.00428453486818 50.9576513714891,-114.0040691182498 50.95765233211832)","{""type"":""MultiPoint"",""coordinates"":[[-114.004243,50.9575633],[-114.0043448,50.9576514],[-114.0041414,50.9576514],[-114.0044141,50.9576495],[-114.0042122,50.9576504],[-114.0042845,50.9576514],[-114.0040691,50.9576523]]}",POINT (-114.00424304909579 50.95756328128834),191 LES JARDINS PA SE,a,
BP2018-07212,Completed,2018-06-07,2018,2018-06-26,2019-11-27,2019,Commercial / Multi Family Project,Building,1606 - Ths Townhouse,Townhouse,Residential,New,New,New,Group C Part 9 Rowhouses,SYSTEMIC ARCHITECTURE,,,4,"$1,244,332",60,60,65 QUARRY CM SE,DDG,DOUGLASDALE/GLEN,50.96211067,-114.0191157,4,Titled Parcel;Titled Parcel;Titled Parcel;Titled Parcel,65 QUARRY CM SE;69 QUARRY CM SE;73 QUARRY CM SE;61 QUARRY CM SE,"MULTIPOINT (-114.01911567083694 50.96211066558094,-114.01909380756153 50.96201178068517,-114.01907059018936 50.961908401074076,-114.01913873182122 50.96221404520513)","{""type"":""MultiPoint"",""coordinates"":[[-114.0191157,50.9621107],[-114.0190938,50.9620118],[-114.0190706,50.9619084],[-114.0191387,50.962214]]}",POINT (-114.01911567083694 50.96211066558094),65 QUARRY CM SE,a,
BP2018-07200,Completed,2018-06-07,2018,2018-06-26,2019-09-20,2019,Commercial / Multi Family Project,Building,1606 - Ths Townhouse,Townhouse,Residential,New,New,New,Group C Part 9 rowhouses,SYSTEMIC ARCHITECTURE,,,6,"$1,871,783",60,60,35 QUARRY CM SE,DDG,DOUGLASDALE/GLEN,50.96285222,-114.0197962,7,Titled Parcel;Building;Building;Building;Building;Building;Building,224 QUARRY WY SE;35 QUARRY CM SE;47 QUARRY CM SE;43 QUARRY CM SE;51 QUARRY CM SE;55 QUARRY CM SE;39 QUARRY CM SE,"MULTIPOINT (-114.01979620647018 50.96285221571192,-114.0190775892202 50.962835407384894,-114.01901685484414 50.962542824312195,-114.01903572548895 50.96263371771537,-114.01899518863519 50.96243845555834,-114.01897586172997 50.9623453866734,-114.01905833326965 50.96274259921431)","{""type"":""MultiPoint"",""coordinates"":[[-114.0197962,50.9628522],[-114.0190776,50.9628354],[-114.0190169,50.9625428],[-114.0190357,50.9626337],[-114.0189952,50.9624385],[-114.0189759,50.9623454],[-114.0190583,50.9627426]]}",POINT (-114.01979620647018 50.96285221571192),35 QUARRY CM SE,a,
BP2018-07205,Completed,2018-06-07,2018,2018-06-26,2019-09-10,2019,Commercial / Multi Family Project,Building,1606 - Ths Townhouse,Townhouse,Residential,New,New,New,Group C part 9 6 unit rowhouses,SYSTEMIC ARCHITECTURE,,,6,"$1,832,648",60,60,228 QUARRY WY SE,DDG,DOUGLASDALE/GLEN,50.96285222,-114.0197962,7,Titled Parcel;Building;Building;Building;Building;Building;Building,224 QUARRY WY SE;236 QUARRY WY SE;244 QUARRY WY SE;248 QUARRY WY SE;240 QUARRY WY SE;228 QUARRY WY SE;232 QUARRY WY SE,"MULTIPOINT (-114.01979620647018 50.96285221571192,-114.01956054762846 50.962572401069416,-114.01952104701763 50.96237524205858,-114.01950341519745 50.96228718931884,-114.01954221665187 50.96248084241003,-114.01959778035324 50.96275821523744,-114.01958255910462 50.962682208523546)","{""type"":""MultiPoint"",""coordinates"":[[-114.0197962,50.9628522],[-114.0195605,50.9625724],[-114.019521,50.9623752],[-114.0195034,50.9622872],[-114.0195422,50.9624808],[-114.0195978,50.9627582],[-114.0195826,50.9626822]]}",POINT (-114.01979620647018 50.96285221571192),228 QUARRY WY SE,a,
BP2018-07208,Completed,2018-06-07,2018,2018-06-26,2019-10-10,2019,Commercial / Multi Family Project,Building,1606 - Ths Townhouse,Townhouse,Residential,New,New,New,Group C Part 9 Row houses - Partial,SYSTEMIC ARCHITECTURE,,,4,"$1,264,153",60,60,15 QUARRY CM SE,DDG,DOUGLASDALE/GLEN,50.96285222,-114.0197962,5,Titled Parcel;Building;Building;Building;Building,224 QUARRY WY SE;15 QUARRY CM SE;29 QUARRY CM SE;19 QUARRY CM SE;25 QUARRY CM SE,"MULTIPOINT (-114.01979620647018 50.96285221571192,-114.01972731584304 50.96304252471715,-114.01919697338934 50.9629855274731,-114.01955858882472 50.96306062270888,-114.01931149032022 50.963034026868655)","{""type"":""MultiPoint"",""coordinates"":[[-114.0197962,50.9628522],[-114.0197273,50.9630425],[-114.019197,50.9629855],[-114.0195586,50.9630606],[-114.0193115,50.963034]]}",POINT (-114.01979620647018 50.96285221571192),15 QUARRY CM SE,a,
BP2018-07215,Completed,2018-06-07,2018,2018-06-26,2019-10-28,2019,Commercial / Multi Family Project,Building,1606 - Ths Townhouse,Townhouse,Residential,New,New,New,Group C Part 9 rowhouses PARTIAL,SYSTEMIC ARCHITECTURE,,,4,"$1,218,411",60,60,264 QUARRY WY SE,DDG,DOUGLASDALE/GLEN,50.96285222,-114.0197962,5,Titled Parcel;Building;Building;Building;Building,224 QUARRY WY SE;264 QUARRY WY SE;262 QUARRY WY SE;258 QUARRY WY SE;254 QUARRY WY SE,"MULTIPOINT (-114.01979620647018 50.96285221571192,-114.01941044364881 50.96187644007503,-114.01943608977304 50.961964914025195,-114.01945761084026 50.962060769331565,-114.01947346533787 50.9621542432641)","{""type"":""MultiPoint"",""coordinates"":[[-114.0197962,50.9628522],[-114.0194104,50.9618764],[-114.0194361,50.9619649],[-114.0194576,50.9620608],[-114.0194735,50.9621542]]}",POINT (-114.01979620647018 50.96285221571192),264 QUARRY WY SE,a,
BP2022-03537,Completed,2022-03-09,2022,2022-04-06,2023-06-07,2023,Commercial / Multi Family Project,Building,1606 - Ths Townhouse,Townhouse,Residential,New,New,New,Group C (Division B 9.10.15),GRIFFITH POINTE DEVELOPMENTS,,GRIFFITH POINTE DEVELOPMENTS,4,"$1,241,787",61,61,#40 130 DISCOVERY DR SW,DIS,DISCOVERY RIDGE,51.01028979,-114.1910728,9,Titled Parcel;Titled Parcel;Titled Parcel;Titled Parcel;Titled Parcel;Building;Building;Building;Building,#46 130 DISCOVERY DR SW;#40 130 DISCOVERY DR SW;130 DISCOVERY DR SW;#42 130 DISCOVERY DR SW;#44 130 DISCOVERY DR SW;#44 130 DISCOVERY DR SW;#42 130 DISCOVERY DR SW;#40 130 DISCOVERY DR SW;#46 130 DISCOVERY DR SW,"MULTIPOINT (-114.19107281805854 51.01028979301078,-114.19133876031694 51.01041970988487,-114.19107765264398 51.01009650447311,-114.19124946005566 51.010379401995046,-114.19116014147227 51.010334599168424,-114.1910670142076 51.01041019385714,-114.1911565164344 51.01045459191313,-114.19124746856579 51.01049807056801,-114.19097749793856 51.01036580474511)","{""type"":""MultiPoint"",""coordinates"":[[-114.1910728,51.0102898],[-114.1913388,51.0104197],[-114.1910777,51.0100965],[-114.1912495,51.0103794],[-114.1911601,51.0103346],[-114.191067,51.0104102],[-114.1911565,51.0104546],[-114.1912475,51.0104981],[-114.1909775,51.0103658]]}",POINT (-114.19107281805854 51.01028979301078),130 DISCOVERY DR SW,a,
BP2022-02179,Completed,2022-02-11,2022,2022-03-08,2023-04-24,2023,Commercial / Multi Family Project,Building,1606 - Ths Townhouse,Townhouse,Residential,New,New,New,New 4 Unit Rowhouse (Bldg 2),GRIFFITH POINTE DEVELOPMENTS,,,4,"$918,916",61,61,#16 130 DISCOVERY DR SW,DIS,DISCOVERY RIDGE,51.01063891,-114.1919759,9,Titled Parcel;Titled Parcel;Titled Parcel;Titled Parcel;Titled Parcel;Building;Building;Building;Building,#18 130 DISCOVERY DR SW;130 DISCOVERY DR SW;#16 130 DISCOVERY DR SW;#12 130 DISCOVERY DR SW;#14 130 DISCOVERY DR SW;#18 130 DISCOVERY DR SW;#14 130 DISCOVERY DR SW;#16 130 DISCOVERY DR SW;#12 130 DISCOVERY DR SW,"MULTIPOINT (-114.19197589028897 51.010638914863115,-114.19107765264398 51.01009650447311,-114.19205104356836 51.01060732707931,-114.19217762907022 51.01053520058537,-114.1921203598276 51.010566759047855,-114.19206820516409 51.0107118951505,-114.19220834210869 51.010636141440656,-114.19214159815854 51.010678476283886,-114.19227890157052 51.01060332047474)","{""type"":""MultiPoint"",""coordinates"":[[-114.1919759,51.0106389],[-114.1910777,51.0100965],[-114.192051,51.0106073],[-114.1921776,51.0105352],[-114.1921204,51.0105668],[-114.1920682,51.0107119],[-114.1922083,51.0106361],[-114.1921416,51.0106785],[-114.1922789,51.0106033]]}",POINT (-114.19197589028897 51.010638914863115),130 DISCOVERY DR SW,a,
BP2022-09293,Completed,2022-06-01,2022,2022-07-06,2023-12-28,2023,Commercial / Multi Family Project,Building,1606 - Ths Townhouse,Townhouse,Residential,New,New,New,3 Unit Residential Rowhouse - Block 8,RAREBUILT HOMES,,GRIFFITH POINTE DEVELOPMENTS,3,"$715,272",61,61,144 DISCOVERY DR SW,DIS,DISCOVERY RIDGE,51.01012248,-114.1916824,6,Titled Parcel;Titled Parcel;Titled Parcel;Building;Building;Building,146 DISCOVERY DR SW;148 DISCOVERY DR SW;144 DISCOVERY DR SW;144 DISCOVERY DR SW;146 DISCOVERY DR SW;148 DISCOVERY DR SW,"MULTIPOINT (-114.19168241655589 51.01012248335054,-114.1915918924553 51.01011364201778,-114.19177292215483 51.010126829745055,-114.19176169754653 51.010186648295914,-114.19166929750017 51.010179068673324,-114.19157784042447 51.01017208075823)","{""type"":""MultiPoint"",""coordinates"":[[-114.1916824,51.0101225],[-114.1915919,51.0101136],[-114.1917729,51.0101268],[-114.1917617,51.0101866],[-114.1916693,51.0101791],[-114.1915778,51.0101721]]}",POINT (-114.19168241655589 51.01012248335054),144 DISCOVERY DR SW,a,
BP2022-11912,Completed,2022-07-08,2022,2022-07-29,2023-08-25,2023,Commercial / Multi Family Project,Building,1606 - Ths Townhouse,Townhouse,Residential,New,New,New,3 Unit Residential Rowhouse - Building 3,RAREBUILT HOMES,,GRIFFITH POINTE DEVELOPMENTS,3,"$741,075",61,61,#26 130 DISCOVERY DR SW,DIS,DISCOVERY RIDGE,51.01064813,-114.1918386,6,Titled Parcel;Titled Parcel;Titled Parcel;Building;Building;Building,#24 130 DISCOVERY DR SW;#26 130 DISCOVERY DR SW;#22 130 DISCOVERY DR SW;#22 130 DISCOVERY DR SW;#26 130 DISCOVERY DR SW;#24 130 DISCOVERY DR SW,"MULTIPOINT (-114.19183864201347 51.01064813007003,-114.19175503383465 51.01063028771306,-114.19192922984911 51.01064798131055,-114.19192319833472 51.01074722058729,-114.19173938309174 51.01074336008225,-114.1918374170196 51.010744979155)","{""type"":""MultiPoint"",""coordinates"":[[-114.1918386,51.0106481],[-114.191755,51.0106303],[-114.1919292,51.010648],[-114.1919232,51.0107472],[-114.1917394,51.0107434],[-114.1918374,51.010745]]}",POINT (-114.19183864201347 51.01064813007003),130 DISCOVERY DR SW,a,
BP2021-06028,Completed,2021-04-14,2021,2025-05-16,2026-05-14,2026,Commercial / Multi Family Project,Building,1606 - Ths Townhouse,Townhouse,Residential,New,New,New,5 Unit Residential Rowhouse with 5 Secondary Suites (Allure Bldg #1),,ALLURE FINE HOMES,ALLURE FINE HOMES,5,"$767,100",62,62,#101R 2805 28 AV SE,DOV,DOVER,51.02855569,-113.9927206,12,Titled Parcel;Building;Building Suite;Building Suite;Building Suite;Building Suite;Building Suite;Building Suite;Building Suite;Building Suite;Building Suite;Building Suite,2805 28 AV SE;#100 2805 28 AV SE;#105R 2805 28 AV SE;#103R 2805 28 AV SE;#102 2805 28 AV SE;#103 2805 28 AV SE;#101R 2805 28 AV SE;#102R 2805 28 AV SE;#104R 2805 28 AV SE;#104 2805 28 AV SE;#101 2805 28 AV SE;#105 2805 28 AV SE,"MULTIPOINT (-113.99272061682905 51.02855568545816,-113.99250846687339 51.02844979966911,-113.99242762303655 51.028363286014454,-113.99243945709217 51.02843920528969,-113.99250644277978 51.02844852299367,-113.99250846707916 51.02844852312346,-113.9924541276652 51.02851756097037,-113.99244281428771 51.028483066537234,-113.99243823706891 51.02840257194571,-113.99250846707916 51.02844852312346,-113.99250846687339 51.02844979966911,-113.99250846707916 51.02844852312346)","{""type"":""MultiPoint"",""coordinates"":[[-113.9927206,51.0285557],[-113.9925085,51.0284498],[-113.9924276,51.0283633],[-113.9924395,51.0284392],[-113.9925064,51.0284485],[-113.9925085,51.0284485],[-113.9924541,51.0285176],[-113.9924428,51.0284831],[-113.9924382,51.0284026],[-113.9925085,51.0284485],[-113.9925085,51.0284498],[-113.9925085,51.0284485]]}",POINT (-113.99272061682905 51.02855568545816),2805 28 AV SE,a,
BP2021-18319,Completed,2021-10-22,2021,2022-01-03,2023-08-31,2023,Commercial / Multi Family Project,Building,1606 - Ths Townhouse,Townhouse,Residential,New,New,New,Part 9 - Row House,TRICOR DESIGN GROUP,,CHAPEL ROCK DEVELOPMENTS,4,"$1,361,882",63,63,3210 ERLTON ST SW,ERL,ERLTON,51.02555907,-114.0625357,5,Titled Parcel;Building;Building;Building;Building,3222 ERLTON ST SW;3210 ERLTON ST SW;71 31 AV SW;3220 ERLTON ST SW;73 31 AV SW,"MULTIPOINT (-114.06253566127637 51.02555907384782,-114.06248431891419 51.02566750887183,-114.06240454913697 51.02579488250699,-114.0624790533971 51.02556797702316,-114.06249268660957 51.02579483540835)","{""type"":""MultiPoint"",""coordinates"":[[-114.0625357,51.0255591],[-114.0624843,51.0256675],[-114.0624045,51.0257949],[-114.0624791,51.025568],[-114.0624927,51.0257948]]}",POINT (-114.06253566127637 51.02555907384782),3210 ERLTON ST SW,a,
BP2019-15066,Completed,2019-11-04,2019,2019-11-15,2020-11-13,2020,Commercial / Multi Family Project,Building,1606 - Ths Townhouse,Townhouse,Residential,New,New,New,4 plex rowhouse and accessory buildings,,SHEMSHO CONSTRUCTION,SHEMSHO CONSTRUCTION,4,"$852,257",64,64,2808 ERLTON ST SW,ERL,ERLTON,51.0285844,-114.0620188,4,Titled Parcel;Building;Building;Building,55 28 AV SW;53 28 AV SW;2810 ERLTON ST SW;2808 ERLTON ST SW,"MULTIPOINT (-114.06201875856794 51.028584404041226,-114.06197319284776 51.02854889169563,-114.06197339939894 51.02844721740897,-114.06197325332056 51.02849802760595)","{""type"":""MultiPoint"",""coordinates"":[[-114.0620188,51.0285844],[-114.0619732,51.0285489],[-114.0619734,51.0284472],[-114.0619733,51.028498]]}",POINT (-114.06201875856794 51.028584404041226),2808 ERLTON ST SW,a,
BP2020-16060,Completed,2020-11-02,2020,2020-12-17,2023-04-12,2023,Commercial / Multi Family Project,Building,1606 - Ths Townhouse,Townhouse,Residential,New,New,New,New 7 Unit townhouse (Building C),GRAVITY ARCHITECTURE,,PARTNERS DEVELOPMENT GROUP,7,"$1,245,600",65,65,14 EVANSCREST CO NW,EVN,EVANSTON,51.18211386,-114.100925,8,Titled Parcel;Building;Building;Building;Building;Building;Building;Building,10 EVANSCREST CO NW;20 EVANSCREST CO NW;26 EVANSCREST CO NW;22 EVANSCREST CO NW;24 EVANSCREST CO NW;16 EVANSCREST CO NW;14 EVANSCREST CO NW;18 EVANSCREST CO NW,"MULTIPOINT (-114.10092504421827 51.18211385504261,-114.10062792871416 51.18228478604637,-114.10044784025344 51.18231157675007,-114.1005734528875 51.182293390911724,-114.1005174588686 51.18230105315605,-114.10074141847223 51.18226946013213,-114.10080649483885 51.18226179894532,-114.1006839104678 51.182278076649176)","{""type"":""MultiPoint"",""coordinates"":[[-114.100925,51.1821139],[-114.1006279,51.1822848],[-114.1004478,51.1823116],[-114.1005735,51.1822934],[-114.1005175,51.1823011],[-114.1007414,51.1822695],[-114.1008065,51.1822618],[-114.1006839,51.1822781]]}",POINT (-114.10092504421827 51.18211385504261),14 EVANSCREST CO NW,a,
BP2021-11493,Completed,2021-06-28,2021,2021-07-13,2022-09-22,2022,Commercial / Multi Family Project,Building,1606 - Ths Townhouse,Townhouse,Residential,New,New,New,New 7 Unit townhouse (Building A),GRAVITY ARCHITECTURE,,PARTNERS DEVELOPMENT GROUP,7,"$974,500",65,65,48 EVANSCREST CO NW,EVN,EVANSTON,51.18237111,-114.0996951,15,Titled Parcel;Titled Parcel;Titled Parcel;Titled Parcel;Titled Parcel;Titled Parcel;Titled Parcel;Titled Parcel;Building;Building;Building;Building;Building;Building;Building,54 EVANSCREST CO NW;56 EVANSCREST CO NW;50 EVANSCREST CO NW;60 EVANSCREST CO NW;10 EVANSCREST CO NW;48 EVANSCREST CO NW;52 EVANSCREST CO NW;58 EVANSCREST CO NW;50 EVANSCREST CO NW;48 EVANSCREST CO NW;60 EVANSCREST CO NW;58 EVANSCREST CO NW;52 EVANSCREST CO NW;56 EVANSCREST CO NW;54 EVANSCREST CO NW,"MULTIPOINT (-114.09969514245996 51.18237111089302,-114.0996401094692 51.18238014729546,-114.09980523698287 51.182353037986076,-114.09950656288147 51.18240722951746,-114.10092504421827 51.18211385504261,-114.0998855576549 51.182343979920475,-114.09975018973219 51.1823620744525,-114.09958506215385 51.182389183684194,-114.09981987380874 51.182414864429354,-114.09988947841993 51.18240434122123,-114.09952931382098 51.18245792905542,-114.09959893284707 51.18244739701846,-114.09976539152657 51.182420619244894,-114.09965037473549 51.182437842301745,-114.09970788518777 51.18243017918039)","{""type"":""MultiPoint"",""coordinates"":[[-114.0996951,51.1823711],[-114.0996401,51.1823801],[-114.0998052,51.182353],[-114.0995066,51.1824072],[-114.100925,51.1821139],[-114.0998856,51.182344],[-114.0997502,51.1823621],[-114.0995851,51.1823892],[-114.0998199,51.1824149],[-114.0998895,51.1824043],[-114.0995293,51.1824579],[-114.0995989,51.1824474],[-114.0997654,51.1824206],[-114.0996504,51.1824378],[-114.0997079,51.1824302]]}",POINT (-114.09969514245996 51.18237111089302),48 EVANSCREST CO NW,a,
BP2021-03884,Completed,2021-03-15,2021,2021-04-08,2021-11-30,2021,Commercial / Multi Family Project,Building,1606 - Ths Townhouse,Townhouse,Residential,New,New,New,New 6 Unit townhouse (Building D),GRAVITY ARCHITECTURE,,PARTNERS DEVELOPMENT GROUP,6,"$1,090,327",65,65,571 EVANSTON LI NW,EVN,EVANSTON,51.18237417,-114.1013691,13,Titled Parcel;Titled Parcel;Titled Parcel;Titled Parcel;Titled Parcel;Titled Parcel;Titled Parcel;Building;Building;Building;Building;Building;Building,579 EVANSTON LI NW;573 EVANSTON LI NW;581 EVANSTON LI NW;10 EVANSCREST CO NW;571 EVANSTON LI NW;577 EVANSTON LI NW;575 EVANSTON LI NW;573 EVANSTON LI NW;575 EVANSTON LI NW;579 EVANSTON LI NW;571 EVANSTON LI NW;577 EVANSTON LI NW;581 EVANSTON LI NW,"MULTIPOINT (-114.10136910762168 51.18237416733571,-114.1013342434637 51.18226632325633,-114.10138517826385 51.182423595788904,-114.10092504421827 51.18211385504261,-114.10131680969758 51.18222139073696,-114.10135792961123 51.18233821892653,-114.10134630822489 51.18230227090012,-114.1012258431812 51.1822804587255,-114.1012380307801 51.18231375436469,-114.10126391614132 51.18238412892096,-114.10120303418934 51.18223671745672,-114.10124719237841 51.18234989331032,-114.10127006223128 51.18242789358985)","{""type"":""MultiPoint"",""coordinates"":[[-114.1013691,51.1823742],[-114.1013342,51.1822663],[-114.1013852,51.1824236],[-114.100925,51.1821139],[-114.1013168,51.1822214],[-114.1013579,51.1823382],[-114.1013463,51.1823023],[-114.1012258,51.1822805],[-114.101238,51.1823138],[-114.1012639,51.1823841],[-114.101203,51.1822367],[-114.1012472,51.1823499],[-114.1012701,51.1824279]]}",POINT (-114.10136910762168 51.18237416733571),571 EVANSTON LI NW,a,
BP2021-03926,Completed,2021-03-16,2021,2021-04-12,2022-02-10,2022,Commercial / Multi Family Project,Building,1606 - Ths Townhouse,Townhouse,Residential,New,New,New,New 6 Unit townhouse (Building E),GRAVITY ARCHITECTURE,,PARTNERS DEVELOPMENT GROUP,6,"$1,091,425",65,65,589 EVANSTON LI NW,EVN,EVANSTON,51.18249549,-114.1014051,13,Titled Parcel;Titled Parcel;Titled Parcel;Titled Parcel;Titled Parcel;Titled Parcel;Titled Parcel;Building;Building;Building;Building;Building;Building,589 EVANSTON LI NW;595 EVANSTON LI NW;593 EVANSTON LI NW;597 EVANSTON LI NW;591 EVANSTON LI NW;599 EVANSTON LI NW;10 EVANSCREST CO NW;599 EVANSTON LI NW;593 EVANSTON LI NW;597 EVANSTON LI NW;595 EVANSTON LI NW;589 EVANSTON LI NW;591 EVANSTON LI NW,"MULTIPOINT (-114.10140510286416 51.182495494707055,-114.10143517237123 51.182621321963715,-114.10142718384014 51.182585370797504,-114.10144270321493 51.182657273525976,-114.10141875192583 51.182549420014844,-114.10145321998158 51.18271120154398,-114.10092504421827 51.18211385504261,-114.10133576450862 51.182705639931214,-114.10131129904147 51.18259149417834,-114.10133263836698 51.182662825541804,-114.10132196675706 51.18262953759115,-114.10128841682288 51.18251444680918,-114.10130667558158 51.182557248099286)","{""type"":""MultiPoint"",""coordinates"":[[-114.1014051,51.1824955],[-114.1014352,51.1826213],[-114.1014272,51.1825854],[-114.1014427,51.1826573],[-114.1014188,51.1825494],[-114.1014532,51.1827112],[-114.100925,51.1821139],[-114.1013358,51.1827056],[-114.1013113,51.1825915],[-114.1013326,51.1826628],[-114.101322,51.1826295],[-114.1012884,51.1825144],[-114.1013067,51.1825572]]}",POINT (-114.10140510286416 51.182495494707055),589 EVANSTON LI NW,a,
BP2021-05440,Completed,2021-04-06,2021,2021-05-04,2022-03-24,2022,Commercial / Multi Family Project,Building,1606 - Ths Townhouse,Townhouse,Residential,New,New,New,Part 9 Rowhouse 6 unit 3 storeys,GRAVITY ARCHITECTURE,,PARTNERS DEVELOPMENT GROUP,6,"$1,088,677",65,65,304 EVANSCREST SQ NW,EVN,EVANSTON,51.18260821,-114.1010044,13,Titled Parcel;Titled Parcel;Titled Parcel;Titled Parcel;Titled Parcel;Titled Parcel;Titled Parcel;Building;Building;Building;Building;Building;Building,308 EVANSCREST SQ NW;304 EVANSCREST SQ NW;312 EVANSCREST SQ NW;310 EVANSCREST SQ NW;306 EVANSCREST SQ NW;314 EVANSCREST SQ NW;10 EVANSCREST CO NW;312 EVANSCREST SQ NW;314 EVANSCREST SQ NW;304 EVANSCREST SQ NW;310 EVANSCREST SQ NW;308 EVANSCREST SQ NW;306 EVANSCREST SQ NW,"MULTIPOINT (-114.10100444768403 51.182608210301325,-114.10098085587536 51.182513840674154,-114.1010199279783 51.18267561835778,-114.10101244036974 51.18263966673117,-114.10099594457886 51.18257225954991,-114.10102992934277 51.182729546858496,-114.10092504421827 51.18211385504261,-114.1008921897858 51.182683666325254,-114.10090136573015 51.18272646651954,-114.1008631002172 51.18253432149403,-114.10088757284761 51.182652269903365,-114.10087840939033 51.1826151780437,-114.10087076621572 51.182579981661746)","{""type"":""MultiPoint"",""coordinates"":[[-114.1010044,51.1826082],[-114.1009809,51.1825138],[-114.1010199,51.1826756],[-114.1010124,51.1826397],[-114.1009959,51.1825723],[-114.1010299,51.1827295],[-114.100925,51.1821139],[-114.1008922,51.1826837],[-114.1009014,51.1827265],[-114.1008631,51.1825343],[-114.1008876,51.1826523],[-114.1008784,51.1826152],[-114.1008708,51.18258]]}",POINT (-114.10100444768403 51.182608210301325),304 EVANSCREST SQ NW,a,
BP2021-06082,Completed,2021-04-15,2021,2021-05-04,2022-01-25,2022,Commercial / Multi Family Project,Building,1606 - Ths Townhouse,Townhouse,Residential,New,New,New,Rowhouse 6 Units 3 storeys,GRAVITY ARCHITECTURE,,PARTNERS DEVELOPMENT GROUP,6,"$1,091,425",65,65,605 EVANSTON LI NW,EVN,EVANSTON,51.18278311,-114.1014656,8,Titled Parcel;Titled Parcel;Building;Building;Building;Building;Building;Building,605 EVANSTON LI NW;10 EVANSCREST CO NW;615 EVANSTON LI NW;607 EVANSTON LI NW;609 EVANSTON LI NW;611 EVANSTON LI NW;605 EVANSTON LI NW;613 EVANSTON LI NW,"MULTIPOINT (-114.10146564995709 51.182783106946665,-114.10092504421827 51.18211385504261,-114.10137271423129 51.18298816659498,-114.10135724759449 51.18283596041143,-114.10135882872096 51.18287211490121,-114.10136043249267 51.182912071939114,-114.10134957094857 51.182792206065464,-114.10137110419583 51.182945359884606)","{""type"":""MultiPoint"",""coordinates"":[[-114.1014656,51.1827831],[-114.100925,51.1821139],[-114.1013727,51.1829882],[-114.1013572,51.182836],[-114.1013588,51.1828721],[-114.1013604,51.1829121],[-114.1013496,51.1827922],[-114.1013711,51.1829454]]}",POINT (-114.10146564995709 51.182783106946665),605 EVANSTON LI NW,a,
BP2021-13877,Completed,2021-08-09,2021,2021-08-24,2023-02-02,2023,Commercial / Multi Family Project,Building,1606 - Ths Townhouse,Townhouse,Residential,New,New,New,New 12 Unit townhouse (Building J),GRAVITY ARCHITECTURE,,PARTNERS DEVELOPMENT GROUP,12,"$1,709,843",65,65,210 EVANSCREST SQ NW,EVN,EVANSTON,51.18287858,-114.1002058,24,Titled Parcel;Titled Parcel;Titled Parcel;Titled Parcel;Titled Parcel;Titled Parcel;Titled Parcel;Titled Parcel;Titled Parcel;Titled Parcel;Titled Parcel;Titled Parcel;Building;Building;Building;Building;Building;Building;Building;Building;Building;Building;Building;Building,218 EVANSCREST SQ NW;222 EVANSCREST SQ NW;204 EVANSCREST SQ NW;214 EVANSCREST SQ NW;208 EVANSCREST SQ NW;226 EVANSCREST SQ NW;212 EVANSCREST SQ NW;216 EVANSCREST SQ NW;206 EVANSCREST SQ NW;220 EVANSCREST SQ NW;210 EVANSCREST SQ NW;224 EVANSCREST SQ NW;224 EVANSCREST SQ NW;220 EVANSCREST SQ NW;210 EVANSCREST SQ NW;216 EVANSCREST SQ NW;206 EVANSCREST SQ NW;204 EVANSCREST SQ NW;222 EVANSCREST SQ NW;212 EVANSCREST SQ NW;208 EVANSCREST SQ NW;226 EVANSCREST SQ NW;214 EVANSCREST SQ NW;218 EVANSCREST SQ NW,"MULTIPOINT (-114.1002057891776 51.18287858270669,-114.10023996852715 51.18296844865252,-114.10009343026306 51.18260449844173,-114.10017886746766 51.182811184341986,-114.10013121814518 51.182689866575025,-114.10027179707745 51.18304932707955,-114.10016540177153 51.18277523778053,-114.10019233318478 51.182847130901656,-114.10011775252157 51.182653920007304,-114.10022287883574 51.18292351568103,-114.10014829792115 51.18273030480883,-114.10025343433777 51.18300439520413,-114.10012998952998 51.18302063710409,-114.10009953649728 51.182940746308844,-114.10002343829865 51.182753388835025,-114.1000675777289 51.18286561224973,-114.09999148379865 51.182673499291646,-114.09997322004743 51.182627848123055,-114.10011780256151 51.18298735034271,-114.10004017572035 51.182794285842476,-114.10000365628994 51.18270678608031,-114.10014823104869 51.183062485696404,-114.1000523625818 51.182827572613114,-114.10008128076767 51.18289889772023)","{""type"":""MultiPoint"",""coordinates"":[[-114.1002058,51.1828786],[-114.10024,51.1829684],[-114.1000934,51.1826045],[-114.1001789,51.1828112],[-114.1001312,51.1826899],[-114.1002718,51.1830493],[-114.1001654,51.1827752],[-114.1001923,51.1828471],[-114.1001178,51.1826539],[-114.1002229,51.1829235],[-114.1001483,51.1827303],[-114.1002534,51.1830044],[-114.10013,51.1830206],[-114.1000995,51.1829407],[-114.1000234,51.1827534],[-114.1000676,51.1828656],[-114.0999915,51.1826735],[-114.0999732,51.1826278],[-114.1001178,51.1829874],[-114.1000402,51.1827943],[-114.1000037,51.1827068],[-114.1001482,51.1830625],[-114.1000524,51.1828276],[-114.1000813,51.1828989]]}",POINT (-114.1002057891776 51.18287858270669),210 EVANSCREST SQ NW,a,
BP2021-07434,Completed,2021-05-03,2021,2021-06-02,2022-04-21,2022,Commercial / Multi Family Project,Building,1606 - Ths Townhouse,Townhouse,Residential,New,New,New,6 Unit Rowhouse,GRAVITY ARCHITECTURE,,PARTNERS DEVELOPMENT GROUP,6,"$1,090,753",65,65,318 EVANSCREST SQ NW,EVN,EVANSTON,51.18296325,-114.1010631,13,Titled Parcel;Titled Parcel;Titled Parcel;Titled Parcel;Titled Parcel;Titled Parcel;Titled Parcel;Building;Building;Building;Building;Building;Building,326 EVANSCREST SQ NW;324 EVANSCREST SQ NW;10 EVANSCREST CO NW;328 EVANSCREST SQ NW;318 EVANSCREST SQ NW;322 EVANSCREST SQ NW;320 EVANSCREST SQ NW;320 EVANSCREST SQ NW;324 EVANSCREST SQ NW;326 EVANSCREST SQ NW;322 EVANSCREST SQ NW;318 EVANSCREST SQ NW;328 EVANSCREST SQ NW,"MULTIPOINT (-114.10106305159644 51.1829632458382,-114.1010588679475 51.18292729136245,-114.10092504421827 51.18211385504261,-114.10106885239784 51.18301268320006,-114.10104299783069 51.182805946515586,-114.1010546700019 51.18289133689867,-114.10105024321199 51.18285538263215,-114.10092132964506 51.182862505725346,-114.10093058644752 51.18293575335857,-114.10093367714178 51.18296904788309,-114.10092595699236 51.18289864860361,-114.10091518174629 51.182817788153656,-114.10093832113881 51.1830128048712)","{""type"":""MultiPoint"",""coordinates"":[[-114.1010631,51.1829632],[-114.1010589,51.1829273],[-114.100925,51.1821139],[-114.1010689,51.1830127],[-114.101043,51.1828059],[-114.1010547,51.1828913],[-114.1010502,51.1828554],[-114.1009213,51.1828625],[-114.1009306,51.1829358],[-114.1009337,51.182969],[-114.100926,51.1828986],[-114.1009152,51.1828178],[-114.1009383,51.1830128]]}",POINT (-114.10106305159644 51.1829632458382),318 EVANSCREST SQ NW,a,
BP2021-10129,Completed,2021-06-08,2021,2021-07-12,2022-07-11,2022,Commercial / Multi Family Project,Building,1606 - Ths Townhouse,Townhouse,Residential,New,New,New,New 12 Unit townhouse (Building I),GRAVITY ARCHITECTURE,,PARTNERS DEVELOPMENT GROUP,12,"$1,703,245",65,65,309 EVANSCREST SQ NW,EVN,EVANSTON,51.18296829,-114.1004283,24,Titled Parcel;Titled Parcel;Titled Parcel;Titled Parcel;Titled Parcel;Titled Parcel;Titled Parcel;Titled Parcel;Titled Parcel;Titled Parcel;Titled Parcel;Titled Parcel;Building;Building;Building;Building;Building;Building;Building;Building;Building;Building;Building;Building,321 EVANSCREST SQ NW;307 EVANSCREST SQ NW;315 EVANSCREST SQ NW;317 EVANSCREST SQ NW;309 EVANSCREST SQ NW;313 EVANSCREST SQ NW;323 EVANSCREST SQ NW;319 EVANSCREST SQ NW;303 EVANSCREST SQ NW;305 EVANSCREST SQ NW;311 EVANSCREST SQ NW;325 EVANSCREST SQ NW;321 EVANSCREST SQ NW;315 EVANSCREST SQ NW;317 EVANSCREST SQ NW;325 EVANSCREST SQ NW;311 EVANSCREST SQ NW;323 EVANSCREST SQ NW;319 EVANSCREST SQ NW;309 EVANSCREST SQ NW;307 EVANSCREST SQ NW;305 EVANSCREST SQ NW;313 EVANSCREST SQ NW;303 EVANSCREST SQ NW,"MULTIPOINT (-114.10042828467883 51.18296828716531,-114.10031953316238 51.18268970526346,-114.10038064884242 51.182846969491386,-114.1003941147269 51.1828829160275,-114.10033662286098 51.18273463822264,-114.10036719273987 51.182815517706345,-114.10044175063584 51.18300423369516,-114.10041120456971 51.18292784897421,-114.10028781920197 51.18260882674625,-114.10030607714737 51.1826582534705,-114.10035372689603 51.182779571166684,-114.1004603950902 51.18305366006028,-114.1005627614235 51.18294748677083,-114.10051404952651 51.1828247946786,-114.10052623880988 51.182859034287105,-114.10059017882755 51.18302547427681,-114.10048362888868 51.182753470967675,-114.10057495284907 51.182982679261094,-114.10054450527188 51.1829056382548,-114.10046687264362 51.18271066826062,-114.10045165100598 51.182669770012176,-114.10043643767831 51.182632683312,-114.10049731789051 51.18278675640223,-114.10041968756195 51.1825860780239)","{""type"":""MultiPoint"",""coordinates"":[[-114.1004283,51.1829683],[-114.1003195,51.1826897],[-114.1003806,51.182847],[-114.1003941,51.1828829],[-114.1003366,51.1827346],[-114.1003672,51.1828155],[-114.1004418,51.1830042],[-114.1004112,51.1829278],[-114.1002878,51.1826088],[-114.1003061,51.1826583],[-114.1003537,51.1827796],[-114.1004604,51.1830537],[-114.1005628,51.1829475],[-114.100514,51.1828248],[-114.1005262,51.182859],[-114.1005902,51.1830255],[-114.1004836,51.1827535],[-114.100575,51.1829827],[-114.1005445,51.1829056],[-114.1004669,51.1827107],[-114.1004517,51.1826698],[-114.1004364,51.1826327],[-114.1004973,51.1827868],[-114.1004197,51.1825861]]}",POINT (-114.10042828467883 51.18296828716531),309 EVANSCREST SQ NW,a,
BP2022-04103,Completed,2022-03-18,2022,2022-04-17,2023-06-21,2023,Commercial / Multi Family Project,Building,1606 - Ths Townhouse,Townhouse,Residential,New,New,New,New 6 Unit Rowhouse - Building L,GRAVITY ARCHITECTURE,,PARTNERS DEVELOPMENT GROUP,6,"$1,141,017",65,65,110 EVANSCREST SQ NW,EVN,EVANSTON,51.18269512,-114.0992376,12,Titled Parcel;Titled Parcel;Titled Parcel;Titled Parcel;Titled Parcel;Titled Parcel;Building;Building;Building;Building;Building;Building,110 EVANSCREST SQ NW;114 EVANSCREST SQ NW;104 EVANSCREST SQ NW;106 EVANSCREST SQ NW;112 EVANSCREST SQ NW;108 EVANSCREST SQ NW;108 EVANSCREST SQ NW;104 EVANSCREST SQ NW;106 EVANSCREST SQ NW;114 EVANSCREST SQ NW;112 EVANSCREST SQ NW;110 EVANSCREST SQ NW,"MULTIPOINT (-114.09923762538655 51.18269512266077,-114.09927914524627 51.18279397218581,-114.09918185416564 51.182560327109734,-114.09920096444003 51.18261424804535,-114.09925597271244 51.18274005471075,-114.0992193020488 51.18265468534858,-114.09908928958939 51.18267616362311,-114.09905125594314 51.182588673834346,-114.0990725510285 51.18263432258014,-114.09914709841634 51.182807406627546,-114.0991242890868 51.1827627120689,-114.09910754433274 51.18271801236861)","{""type"":""MultiPoint"",""coordinates"":[[-114.0992376,51.1826951],[-114.0992791,51.182794],[-114.0991819,51.1825603],[-114.099201,51.1826142],[-114.099256,51.1827401],[-114.0992193,51.1826547],[-114.0990893,51.1826762],[-114.0990513,51.1825887],[-114.0990726,51.1826343],[-114.0991471,51.1828074],[-114.0991243,51.1827627],[-114.0991075,51.182718]]}",POINT (-114.09923762538655 51.18269512266077),110 EVANSCREST SQ NW,a,
BP2022-06481,Completed,2022-04-22,2022,2022-05-17,2023-08-03,2023,Commercial / Multi Family Project,Building,1606 - Ths Townhouse,Townhouse,Residential,New,New,New,"A new 7 unit rowhouse, Part 9, Group C occupancy",GRAVITY ARCHITECTURE,,PARTNERS DEVELOPMENT GROUP,7,"$1,317,018",65,65,126 EVANSCREST SQ NW,EVN,EVANSTON,51.18308153,-114.0994037,14,Titled Parcel;Titled Parcel;Titled Parcel;Titled Parcel;Titled Parcel;Titled Parcel;Titled Parcel;Building;Building;Building;Building;Building;Building;Building,128 EVANSCREST SQ NW;130 EVANSCREST SQ NW;126 EVANSCREST SQ NW;124 EVANSCREST SQ NW;118 EVANSCREST SQ NW;120 EVANSCREST SQ NW;122 EVANSCREST SQ NW;124 EVANSCREST SQ NW;122 EVANSCREST SQ NW;130 EVANSCREST SQ NW;120 EVANSCREST SQ NW;118 EVANSCREST SQ NW;126 EVANSCREST SQ NW;128 EVANSCREST SQ NW,"MULTIPOINT (-114.09940368655793 51.18308153115629,-114.09942751738618 51.18313544803965,-114.09938533895244 51.18303659913227,-114.09936700104646 51.182996161857886,-114.09930715732163 51.182856875070705,-114.09933032997391 51.18291079253449,-114.09934865351063 51.18295122982741,-114.09922929857831 51.18302045154797,-114.0992110415787 51.18297765892563,-114.0992870898373 51.183149788711994,-114.09919731871024 51.1829348534666,-114.09917904952444 51.18288635250232,-114.09924755153857 51.18306134738142,-114.09925974606973 51.183105098030026)","{""type"":""MultiPoint"",""coordinates"":[[-114.0994037,51.1830815],[-114.0994275,51.1831354],[-114.0993853,51.1830366],[-114.099367,51.1829962],[-114.0993072,51.1828569],[-114.0993303,51.1829108],[-114.0993487,51.1829512],[-114.0992293,51.1830205],[-114.099211,51.1829777],[-114.0992871,51.1831498],[-114.0991973,51.1829349],[-114.099179,51.1828864],[-114.0992476,51.1830613],[-114.0992597,51.1831051]]}",POINT (-114.09940368655793 51.18308153115629),126 EVANSCREST SQ NW,a,
BP2017-15497,Completed,2017-11-24,2017,2017-12-20,2018-11-14,2018,Commercial / Multi Family Project,Building,1606 - Ths Townhouse,Townhouse,Residential,New,New,New,"#404, Evancrest Pa NW, Building 14, 5-Plex",NORR ARCHITECTS ENGINEERS PLANNERS,,,5,"$773,800",66,66,#402 15 EVANSCREST PA NW,EVN,EVANSTON,51.17975314,-114.1070681,6,Titled Parcel;Building;Building;Building;Building;Building,#402 15 EVANSCREST PA NW;#402 15 EVANSCREST PA NW;#406 15 EVANSCREST PA NW;#408 15 EVANSCREST PA NW;#404 15 EVANSCREST PA NW;#410 15 EVANSCREST PA NW,"MULTIPOINT (-114.10706814028507 51.17975313904468,-114.10710418840246 51.17971271610333,-114.10721020586655 51.17973521867762,-114.10726464754207 51.179756869498526,-114.10716619158356 51.179726341389234,-114.10732429527899 51.179778515518635)","{""type"":""MultiPoint"",""coordinates"":[[-114.1070681,51.1797531],[-114.1071042,51.1797127],[-114.1072102,51.1797352],[-114.1072646,51.1797569],[-114.1071662,51.1797263],[-114.1073243,51.1797785]]}",POINT (-114.10706814028507 51.17975313904468),15 EVANSCREST PA NW,a,
BP2017-15496,Completed,2017-11-24,2017,2017-12-20,2018-11-14,2018,Commercial / Multi Family Project,Building,1606 - Ths Townhouse,Townhouse,Residential,New,New,New,"502, Evancrest Pa NW, Building 13, 7-Plex",NORR ARCHITECTS ENGINEERS PLANNERS,,,7,"$1,075,300",66,66,#502 15 EVANSCREST PA NW,EVN,EVANSTON,51.17986963,-114.1074726,14,Titled Parcel;Titled Parcel;Titled Parcel;Titled Parcel;Titled Parcel;Titled Parcel;Titled Parcel;Building;Building;Building;Building;Building;Building;Building,#504 15 EVANSCREST PA NW;#506 15 EVANSCREST PA NW;#502 15 EVANSCREST PA NW;#508 15 EVANSCREST PA NW;#512 15 EVANSCREST PA NW;#510 15 EVANSCREST PA NW;#514 15 EVANSCREST PA NW;#508 15 EVANSCREST PA NW;#512 15 EVANSCREST PA NW;#514 15 EVANSCREST PA NW;#506 15 EVANSCREST PA NW;#502 15 EVANSCREST PA NW;#504 15 EVANSCREST PA NW;#510 15 EVANSCREST PA NW,"MULTIPOINT (-114.10747262130927 51.17986963205952,-114.10752887484112 51.17988306466464,-114.10741439409952 51.17985620123932,-114.10758513886748 51.17990099199676,-114.10769764610542 51.17992785707148,-114.10764139247011 51.17991442454767,-114.10776274905949 51.179945776181626,-114.10761264066888 51.17985734052803,-114.1077309704073 51.17988487442998,-114.10778398203053 51.1799002875935,-114.10755346881108 51.179837474144136,-114.10744840158914 51.17981169882047,-114.10750426056035 51.179827702804744,-114.10767227276241 51.17987214535444)","{""type"":""MultiPoint"",""coordinates"":[[-114.1074726,51.1798696],[-114.1075289,51.1798831],[-114.1074144,51.1798562],[-114.1075851,51.179901],[-114.1076976,51.1799279],[-114.1076414,51.1799144],[-114.1077627,51.1799458],[-114.1076126,51.1798573],[-114.107731,51.1798849],[-114.107784,51.1799003],[-114.1075535,51.1798375],[-114.1074484,51.1798117],[-114.1075043,51.1798277],[-114.1076723,51.1798721]]}",POINT (-114.10747262130927 51.17986963205952),15 EVANSCREST PA NW,a,
BP2017-16618,Completed,2017-12-22,2017,2018-01-22,2020-05-25,2020,Commercial / Multi Family Project,Building,1606 - Ths Townhouse,Townhouse,Residential,New,New,New,Group C - 4 Unit Rowhouse - 9.10.15. Building 9,NORR ARCHITECTS ENGINEERS PLANNERS,,STREETSIDE DEVELOPMENT,4,"$620,900",66,66,#102 15 EVANSCREST PA NW,EVN,EVANSTON,51.18050741,-114.1074469,4,Building;Building;Building;Building,#106 15 EVANSCREST PA NW;#102 15 EVANSCREST PA NW;#104 15 EVANSCREST PA NW;#108 15 EVANSCREST PA NW,"MULTIPOINT (-114.10744690092885 51.18050740868515,-114.10754303273559 51.180552510713376,-114.10749189386027 51.180530856990316,-114.10739812205188 51.180485752753654)","{""type"":""MultiPoint"",""coordinates"":[[-114.1074469,51.1805074],[-114.107543,51.1805525],[-114.1074919,51.1805309],[-114.1073981,51.1804858]]}",POINT (-114.10744690092885 51.18050740868515),15 EVANSCREST PA NW,a,
BP2017-16617,Completed,2017-12-22,2017,2018-01-22,2021-03-11,2021,Commercial / Multi Family Project,Building,1606 - Ths Townhouse,Townhouse,Residential,New,New,New,Group C - 9 Unit Rowhouse - 9.10.15. Building 10,NORR ARCHITECTS ENGINEERS PLANNERS,,STREETSIDE DEVELOPMENT,9,"$1,400,800",66,66,19 EVANSCREST PA NW,EVN,EVANSTON,51.18070647,-114.1071406,9,Building;Building;Building;Building;Building;Building;Building;Building;Building,27 EVANSCREST PA NW;21 EVANSCREST PA NW;35 EVANSCREST PA NW;33 EVANSCREST PA NW;19 EVANSCREST PA NW;25 EVANSCREST PA NW;23 EVANSCREST PA NW;29 EVANSCREST PA NW;31 EVANSCREST PA NW,"MULTIPOINT (-114.10714061702356 51.18070647495299,-114.10699213809711 51.18064286609388,-114.10733837765802 51.18079858016709,-114.10728760784275 51.18077579333674,-114.10694439746437 51.18061865599886,-114.10709366070503 51.18068749610511,-114.10704289113234 51.180664709167985,-114.10718911700911 51.1807311697064,-114.10723912758743 51.180753480830646)","{""type"":""MultiPoint"",""coordinates"":[[-114.1071406,51.1807065],[-114.1069921,51.1806429],[-114.1073384,51.1807986],[-114.1072876,51.1807758],[-114.1069444,51.1806187],[-114.1070937,51.1806875],[-114.1070429,51.1806647],[-114.1071891,51.1807312],[-114.1072391,51.1807535]]}",POINT (-114.10714061702356 51.18070647495299),19 EVANSCREST PA NW,a,
BP2018-00600,Completed,2018-01-19,2018,2018-02-01,2019-12-12,2019,Commercial / Multi Family Project,Building,1606 - Ths Townhouse,Townhouse,Residential,New,New,New,New -  Part 9 Group C - 5 Unit Townhouse - Bldg 12,NORR ARCHITECTS ENGINEERS PLANNERS,,,5,"$772,200",66,66,#602 15 EVANSCREST PA NW,EVN,EVANSTON,51.17992765,-114.1079228,10,Titled Parcel;Titled Parcel;Titled Parcel;Titled Parcel;Titled Parcel;Building;Building;Building;Building;Building,#602 15 EVANSCREST PA NW;#606 15 EVANSCREST PA NW;#604 15 EVANSCREST PA NW;#608 15 EVANSCREST PA NW;#610 15 EVANSCREST PA NW;#604 15 EVANSCREST PA NW;#606 15 EVANSCREST PA NW;#602 15 EVANSCREST PA NW;#610 15 EVANSCREST PA NW;#608 15 EVANSCREST PA NW,"MULTIPOINT (-114.10792279247799 51.17992764961017,-114.10787904853709 51.18000410093452,-114.1078998316471 51.17996812366053,-114.10785826539474 51.18004007820462,-114.10783656687171 51.18007605631446,-114.10795919731304 51.179985104051795,-114.10793848049859 51.18002495576133,-114.10798323039265 51.17995058905696,-114.1078993653157 51.180093078519505,-114.10792199966095 51.18005976043494)","{""type"":""MultiPoint"",""coordinates"":[[-114.1079228,51.1799276],[-114.107879,51.1800041],[-114.1078998,51.1799681],[-114.1078583,51.1800401],[-114.1078366,51.1800761],[-114.1079592,51.1799851],[-114.1079385,51.180025],[-114.1079832,51.1799506],[-114.1078994,51.1800931],[-114.107922,51.1800598]]}",POINT (-114.10792279247799 51.17992764961017),15 EVANSCREST PA NW,a,
BP2018-00601,Completed,2018-01-19,2018,2018-02-01,2020-02-27,2020,Commercial / Multi Family Project,Building,1606 - Ths Townhouse,Townhouse,Residential,New,New,New,New -  Part 9 Group C - 6 Unit Townhouse - Bldg 11,NORR ARCHITECTS ENGINEERS PLANNERS,,,6,"$1,051,800",66,66,#702 15 EVANSCREST PA NW,EVN,EVANSTON,51.1802173,-114.1076449,6,Building;Building;Building;Building;Building;Building,#704 15 EVANSCREST PA NW;#710 15 EVANSCREST PA NW;#712 15 EVANSCREST PA NW;#702 15 EVANSCREST PA NW;#706 15 EVANSCREST PA NW;#708 15 EVANSCREST PA NW,"MULTIPOINT (-114.10764488676674 51.1802172964829,-114.10759738747556 51.180333583746155,-114.10758330191797 51.18037760043218,-114.10766417896289 51.18017357165157,-114.10763740042954 51.18025149054126,-114.10761855177265 51.1802830251612)","{""type"":""MultiPoint"",""coordinates"":[[-114.1076449,51.1802173],[-114.1075974,51.1803336],[-114.1075833,51.1803776],[-114.1076642,51.1801736],[-114.1076374,51.1802515],[-114.1076186,51.180283]]}",POINT (-114.10764488676674 51.1802172964829),15 EVANSCREST PA NW,a,
BP2021-06737,Completed,2021-04-23,2021,2021-06-03,2022-09-02,2022,Commercial / Multi Family Project,Building,1606 - Ths Townhouse,Townhouse,Residential,New,New,New,Evanston Park II - Building 06,NORR ARCHITECTS ENGINEERS PLANNERS,,STREETSIDE DEVELOPMENT,6,"$1,191,653",67,67,30 EVANSCREST PA NW,EVN,EVANSTON,51.18099367,-114.1070938,12,Titled Parcel;Titled Parcel;Titled Parcel;Titled Parcel;Titled Parcel;Titled Parcel;Building;Building;Building;Building;Building;Building,36 EVANSCREST PA NW;34 EVANSCREST PA NW;32 EVANSCREST PA NW;38 EVANSCREST PA NW;30 EVANSCREST PA NW;40 EVANSCREST PA NW;38 EVANSCREST PA NW;36 EVANSCREST PA NW;32 EVANSCREST PA NW;30 EVANSCREST PA NW;40 EVANSCREST PA NW;34 EVANSCREST PA NW,"MULTIPOINT (-114.10709384091926 51.180993670204764,-114.10704138413642 51.180971244393426,-114.10698968154341 51.180953312631736,-114.10714690234556 51.18101160067595,-114.1069194974638 51.180921913448856,-114.10720826587753 51.1810385130418,-114.10710283317573 51.18104127949118,-114.10705548428196 51.18101967604684,-114.10694299531924 51.180976970797886,-114.10689753396886 51.18096131663019,-114.10715587348956 51.18106858605272,-114.10699979593215 51.18099761275478)","{""type"":""MultiPoint"",""coordinates"":[[-114.1070938,51.1809937],[-114.1070414,51.1809712],[-114.1069897,51.1809533],[-114.1071469,51.1810116],[-114.1069195,51.1809219],[-114.1072083,51.1810385],[-114.1071028,51.1810413],[-114.1070555,51.1810197],[-114.106943,51.180977],[-114.1068975,51.1809613],[-114.1071559,51.1810686],[-114.1069998,51.1809976]]}",POINT (-114.10709384091926 51.180993670204764),30 EVANSCREST PA NW,a,
BP2021-06739,Completed,2021-04-23,2021,2021-05-20,2022-07-19,2022,Commercial / Multi Family Project,Building,1606 - Ths Townhouse,Townhouse,Residential,New,New,New,Evanston Park II - Building 07,NORR ARCHITECTS ENGINEERS PLANNERS,,STREETSIDE DEVELOPMENT,4,"$813,994",67,67,276 EVANSCREST WY NW,EVN,EVANSTON,51.18129031,-114.1071055,8,Titled Parcel;Titled Parcel;Titled Parcel;Titled Parcel;Building;Building;Building;Building,282 EVANSCREST WY NW;276 EVANSCREST WY NW;280 EVANSCREST WY NW;278 EVANSCREST WY NW;282 EVANSCREST WY NW;280 EVANSCREST WY NW;278 EVANSCREST WY NW;276 EVANSCREST WY NW,"MULTIPOINT (-114.10710548414441 51.181290313888184,-114.10705452520006 51.18142070864064,-114.10708700908364 51.181335278425266,-114.10707237489693 51.18137124991909,-114.1069879473075 51.18127305366163,-114.10697216104741 51.18131801572198,-114.10694499200385 51.18135158047734,-114.10693827305663 51.18139011572328)","{""type"":""MultiPoint"",""coordinates"":[[-114.1071055,51.1812903],[-114.1070545,51.1814207],[-114.107087,51.1813353],[-114.1070724,51.1813712],[-114.1069879,51.1812731],[-114.1069722,51.181318],[-114.106945,51.1813516],[-114.1069383,51.1813901]]}",POINT (-114.10710548414441 51.181290313888184),276 EVANSCREST WY NW,a,
BP2022-07920,Completed,2022-05-12,2022,2022-06-06,2024-01-11,2024,Commercial / Multi Family Project,Building,1606 - Ths Townhouse,Townhouse,Residential,New,New,New,"A new, 3 storey, 4 unit rowhouse",NORR ARCHITECTS ENGINEERS PLANNERS,,STREETSIDE DEVELOPMENT,4,"$615,973",67,67,#102 75 EVANSCREST CM NW,EVN,EVANSTON,51.18066317,-114.1047561,8,Titled Parcel;Titled Parcel;Titled Parcel;Titled Parcel;Building;Building;Building;Building,#106 75 EVANSCREST CM NW;#104 75 EVANSCREST CM NW;#102 75 EVANSCREST CM NW;#108 75 EVANSCREST CM NW;#106 75 EVANSCREST CM NW;#108 75 EVANSCREST CM NW;#102 75 EVANSCREST CM NW;#104 75 EVANSCREST CM NW,"MULTIPOINT (-114.10475611317923 51.18066317416445,-114.10480943881929 51.18070357927487,-114.10487028768145 51.18074397761778,-114.10470386443968 51.180618273302706,-114.10470791836657 51.18069050950652,-114.10466184477401 51.18065666920634,-114.1048115378592 51.18076513766846,-114.10475587193204 51.180733427526405)","{""type"":""MultiPoint"",""coordinates"":[[-114.1047561,51.1806632],[-114.1048094,51.1807036],[-114.1048703,51.180744],[-114.1047039,51.1806183],[-114.1047079,51.1806905],[-114.1046618,51.1806567],[-114.1048115,51.1807651],[-114.1047559,51.1807334]]}",POINT (-114.10475611317923 51.18066317416445),75 EVANSCREST CM NW,a,
BP2022-05367,Completed,2022-04-05,2022,2022-05-03,2023-11-29,2023,Commercial / Multi Family Project,Building,1606 - Ths Townhouse,Townhouse,Residential,New,New,New,New Residential Building (Group C),NORR ARCHITECTS ENGINEERS PLANNERS,,STREETSIDE DEVELOPMENT,9,"$2,154,799",67,67,52 EVANSCREST MR NW,EVN,EVANSTON,51.18077964,-114.1051999,10,Titled Parcel;Building;Building;Building;Building;Building;Building;Building;Building;Building,75 EVANSCREST CM NW;54 EVANSCREST MR NW;68 EVANSCREST MR NW;56 EVANSCREST MR NW;64 EVANSCREST MR NW;62 EVANSCREST MR NW;60 EVANSCREST MR NW;58 EVANSCREST MR NW;66 EVANSCREST MR NW;52 EVANSCREST MR NW,"MULTIPOINT (-114.10519988542508 51.18077963983314,-114.10487155978896 51.1803527882523,-114.10520832599906 51.180636024565025,-114.10490045258042 51.18040402962107,-114.10508535080643 51.18055960724401,-114.10503096117405 51.180516767051834,-114.1049668559151 51.180472011792155,-114.10493219259325 51.18044309660999,-114.10513809350488 51.180601460042695,-114.10484770314655 51.1803085721729)","{""type"":""MultiPoint"",""coordinates"":[[-114.1051999,51.1807796],[-114.1048716,51.1803528],[-114.1052083,51.180636],[-114.1049005,51.180404],[-114.1050854,51.1805596],[-114.105031,51.1805168],[-114.1049669,51.180472],[-114.1049322,51.1804431],[-114.1051381,51.1806015],[-114.1048477,51.1803086]]}",POINT (-114.10519988542508 51.18077963983314),52 EVANSCREST MR NW,a,
BP2022-06512,Completed,2022-04-22,2022,2022-07-13,2024-02-21,2024,Commercial / Multi Family Project,Building,1606 - Ths Townhouse,Townhouse,Residential,New,New,New,Part 9.10.15. - Row House - The Loop Evanston Phase 4 - Building 03,NORR ARCHITECTS ENGINEERS PLANNERS,,STREETSIDE DEVELOPMENT,9,"$2,154,799",67,67,30 EVANSCREST MR NW,EVN,EVANSTON,51.18077964,-114.1051999,10,Titled Parcel;Building;Building;Building;Building;Building;Building;Building;Building;Building,75 EVANSCREST CM NW;32 EVANSCREST MR NW;44 EVANSCREST MR NW;40 EVANSCREST MR NW;36 EVANSCREST MR NW;42 EVANSCREST MR NW;38 EVANSCREST MR NW;34 EVANSCREST MR NW;30 EVANSCREST MR NW;46 EVANSCREST MR NW,"MULTIPOINT (-114.10519988542508 51.18077963983314,-114.10492980982683 51.179828206116554,-114.10481090586342 51.18010168421431,-114.10482571932447 51.18000542007732,-114.10486304396376 51.17990890203538,-114.10481916700385 51.18005505712658,-114.10484811412263 51.17994750745587,-114.104887627558 51.17987018008448,-114.10497825679433 51.17978010464407,-114.10481248391 51.18015425355408)","{""type"":""MultiPoint"",""coordinates"":[[-114.1051999,51.1807796],[-114.1049298,51.1798282],[-114.1048109,51.1801017],[-114.1048257,51.1800054],[-114.104863,51.1799089],[-114.1048192,51.1800551],[-114.1048481,51.1799475],[-114.1048876,51.1798702],[-114.1049783,51.1797801],[-114.1048125,51.1801543]]}",POINT (-114.10519988542508 51.18077963983314),30 EVANSCREST MR NW,a,
BP2022-08371,Completed,2022-05-18,2022,2022-06-14,2024-03-14,2024,Commercial / Multi Family Project,Building,1606 - Ths Townhouse,Townhouse,Residential,New,New,New,New 4-unit townhouse (Phase 4-Bldg 10).,NORR ARCHITECTS ENGINEERS PLANNERS,,STREETSIDE DEVELOPMENT,4,"$615,971",67,67,#302 75 EVANSCREST CM NW,EVN,EVANSTON,51.18077964,-114.1051999,5,Titled Parcel;Building;Building;Building;Building,75 EVANSCREST CM NW;#306 75 EVANSCREST CM NW;#304 75 EVANSCREST CM NW;#308 75 EVANSCREST CM NW;#302 75 EVANSCREST CM NW,"MULTIPOINT (-114.10519988542508 51.18077963983314,-114.10449400486571 51.18047964465267,-114.10453230409844 51.180522679261856,-114.1044762280833 51.18042322428109,-114.10456903246951 51.18056674905766)","{""type"":""MultiPoint"",""coordinates"":[[-114.1051999,51.1807796],[-114.104494,51.1804796],[-114.1045323,51.1805227],[-114.1044762,51.1804232],[-114.104569,51.1805667]]}",POINT (-114.10519988542508 51.18077963983314),75 EVANSCREST CM NW,a,
BP2022-09857,Completed,2022-06-07,2022,2022-08-03,2024-04-18,2024,Commercial / Multi Family Project,Building,1606 - Ths Townhouse,Townhouse,Residential,New,New,New,New 4-unit townhouse (Phase 4-Bldg 9).,NORR ARCHITECTS ENGINEERS PLANNERS,,STREETSIDE DEVELOPMENT,4,"$910,505",67,67,#402 75 EVANSCREST CM NW,EVN,EVANSTON,51.18077964,-114.1051999,5,Titled Parcel;Building;Building;Building;Building,75 EVANSCREST CM NW;#402 75 EVANSCREST CM NW;#408 75 EVANSCREST CM NW;#404 75 EVANSCREST CM NW;#406 75 EVANSCREST CM NW,"MULTIPOINT (-114.10519988542508 51.18077963983314,-114.10441121876616 51.18029453431416,-114.10439524691148 51.18013796898928,-114.10440314348818 51.18024002004094,-114.10439670093109 51.180186493157784)","{""type"":""MultiPoint"",""coordinates"":[[-114.1051999,51.1807796],[-114.1044112,51.1802945],[-114.1043952,51.180138],[-114.1044031,51.18024],[-114.1043967,51.1801865]]}",POINT (-114.10519988542508 51.18077963983314),75 EVANSCREST CM NW,a,
BP2022-12183,Completed,2022-07-13,2022,2022-08-03,2024-05-06,2024,Commercial / Multi Family Project,Building,1606 - Ths Townhouse,Townhouse,Residential,New,New,New,"A new, 2 storey, 5 unit rowhouse (Building 8 - Unit 602, 604, 606, 608, 610)",NORR ARCHITECTS ENGINEERS PLANNERS,,STREETSIDE DEVELOPMENT,5,"$1,137,673",67,67,#602 75 EVANSCREST CM NW,EVN,EVANSTON,51.18077964,-114.1051999,6,Titled Parcel;Building;Building;Building;Building;Building,75 EVANSCREST CM NW;#606 75 EVANSCREST CM NW;#604 75 EVANSCREST CM NW;#602 75 EVANSCREST CM NW;#610 75 EVANSCREST CM NW;#608 75 EVANSCREST CM NW,"MULTIPOINT (-114.10519988542508 51.18077963983314,-114.1044280174179 51.17994339739038,-114.10441163982149 51.17998707414028,-114.1043877210127 51.180048044476536,-114.10446838970334 51.179840763874765,-114.10444562382408 51.17988654988346)","{""type"":""MultiPoint"",""coordinates"":[[-114.1051999,51.1807796],[-114.104428,51.1799434],[-114.1044116,51.1799871],[-114.1043877,51.180048],[-114.1044684,51.1798408],[-114.1044456,51.1798865]]}",POINT (-114.10519988542508 51.18077963983314),75 EVANSCREST CM NW,a,
BP2022-16205,Completed,2022-09-21,2022,2022-10-13,2024-07-11,2024,Commercial / Multi Family Project,Building,1606 - Ths Townhouse,Townhouse,Residential,New,New,New,"A new, 2 storey, 9 unit rowhouse (Building 13 - Unit 202,204,206,208,210,212,214,216,218",NORR ARCHITECTS ENGINEERS PLANNERS,,STREETSIDE DEVELOPMENT,9,"$1,885,363",67,67,#218 75 EVANSCREST CM NW,EVN,EVANSTON,51.18078414,-114.1051991,10,Titled Parcel;Building;Building;Building;Building;Building;Building;Building;Building;Building,75 EVANSCREST CM NW;#202 75 EVANSCREST CM NW;#212 75 EVANSCREST CM NW;#204 75 EVANSCREST CM NW;#208 75 EVANSCREST CM NW;#210 75 EVANSCREST CM NW;#218 75 EVANSCREST CM NW;#206 75 EVANSCREST CM NW;#216 75 EVANSCREST CM NW;#214 75 EVANSCREST CM NW,"MULTIPOINT (-114.10519905180551 51.18078413534563,-114.10446682550895 51.18080664495635,-114.10427956216365 51.18057220335806,-114.10443482421563 51.180759487503565,-114.10435640756167 51.18066636305575,-114.10431815584583 51.180625350991086,-114.10417897024608 51.18043787258265,-114.10438996534994 51.1807124853465,-114.10421418902472 51.180484991283954,-114.10424605205677 51.18052810363554)","{""type"":""MultiPoint"",""coordinates"":[[-114.1051991,51.1807841],[-114.1044668,51.1808066],[-114.1042796,51.1805722],[-114.1044348,51.1807595],[-114.1043564,51.1806664],[-114.1043182,51.1806254],[-114.104179,51.1804379],[-114.10439,51.1807125],[-114.1042142,51.180485],[-114.1042461,51.1805281]]}",POINT (-114.10519905180551 51.18078413534563),75 EVANSCREST CM NW,a,
BP2022-12131,Completed,2022-07-13,2022,2022-08-16,2023-12-01,2023,Commercial / Multi Family Project,Building,1606 - Ths Townhouse,Townhouse,Residential,New,New,New,"A new, 2 storey, 6 unit rowhouse (Building 12 - Unit 61, 63, 65, 67, 69",NORR ARCHITECTS ENGINEERS PLANNERS,,STREETSIDE DEVELOPMENT,6,"$1,364,777",67,67,61 EVANSCREST CM NW,EVN,EVANSTON,51.18104968,-114.1048023,12,Titled Parcel;Titled Parcel;Titled Parcel;Titled Parcel;Titled Parcel;Titled Parcel;Building;Building;Building;Building;Building;Building,61 EVANSCREST CM NW;65 EVANSCREST CM NW;69 EVANSCREST CM NW;63 EVANSCREST CM NW;67 EVANSCREST CM NW;71 EVANSCREST CM NW;67 EVANSCREST CM NW;61 EVANSCREST CM NW;63 EVANSCREST CM NW;65 EVANSCREST CM NW;71 EVANSCREST CM NW;69 EVANSCREST CM NW,"MULTIPOINT (-114.10480227137081 51.18104968243702,-114.10492495742392 51.18097316151135,-114.10503891850097 51.18089664828914,-114.10486605509539 51.1810091724215,-114.10498257242793 51.180937151726404,-114.10509738125428 51.18085614292315,-114.10491824501277 51.18088927727705,-114.10472856365526 51.18100277816546,-114.10479022621884 51.18096664798856,-114.10485330285421 51.180923423775916,-114.10502544628405 51.18081518831078,-114.1049686823393 51.18085428975102)","{""type"":""MultiPoint"",""coordinates"":[[-114.1048023,51.1810497],[-114.104925,51.1809732],[-114.1050389,51.1808966],[-114.1048661,51.1810092],[-114.1049826,51.1809372],[-114.1050974,51.1808561],[-114.1049182,51.1808893],[-114.1047286,51.1810028],[-114.1047902,51.1809666],[-114.1048533,51.1809234],[-114.1050254,51.1808152],[-114.1049687,51.1808543]]}",POINT (-114.10480227137081 51.18104968243702),61 EVANSCREST CM NW,a,
BP2023-05116,Completed,2023-04-17,2023,2023-05-01,2024-10-22,2024,Commercial / Multi Family Project,Building,1606 - Ths Townhouse,Townhouse,Residential,New,New,New,New 5-Unit Rowhouse (Bldg 7),NORR ARCHITECTS ENGINEERS PLANNERS,,STREETSIDE DEVELOPMENT,5,"$1,039,481",67,67,#101 25 EVANSCREST ME NW,EVN,EVANSTON,51.1795082,-114.1045579,11,Titled Parcel;Titled Parcel;Titled Parcel;Titled Parcel;Titled Parcel;Titled Parcel;Building;Building;Building;Building;Building,#103 25 EVANSCREST ME NW;#101 25 EVANSCREST ME NW;#107 25 EVANSCREST ME NW;#105 25 EVANSCREST ME NW;#109 25 EVANSCREST ME NW;75 EVANSCREST CM NW;#109 25 EVANSCREST ME NW;#101 25 EVANSCREST ME NW;#107 25 EVANSCREST ME NW;#103 25 EVANSCREST ME NW;#105 25 EVANSCREST ME NW,"MULTIPOINT (-114.10455791338184 51.17950819723791,-114.10462144793074 51.17947218233105,-114.1044380522789 51.179580220513515,-114.10449798287706 51.17954420889115,-114.10437452758812 51.17962073007507,-114.10519988542508 51.18077963983314,-114.10441424288682 51.17964520009119,-114.10464634884012 51.17949782516418,-114.1044742712038 51.17960808268229,-114.10460070154805 51.17953173852371,-114.10454067343176 51.17956885599786)","{""type"":""MultiPoint"",""coordinates"":[[-114.1045579,51.1795082],[-114.1046214,51.1794722],[-114.1044381,51.1795802],[-114.104498,51.1795442],[-114.1043745,51.1796207],[-114.1051999,51.1807796],[-114.1044142,51.1796452],[-114.1046463,51.1794978],[-114.1044743,51.1796081],[-114.1046007,51.1795317],[-114.1045407,51.1795689]]}",POINT (-114.10455791338184 51.17950819723791),25 EVANSCREST ME NW,a,
BP2023-05115,Completed,2023-04-17,2023,2023-08-02,2025-01-08,2025,Commercial / Multi Family Project,Building,1606 - Ths Townhouse,Townhouse,Residential,New,New,New,New 6-Unit Rowhouse (Bldg 5),NORR ARCHITECTS ENGINEERS PLANNERS,,STREETSIDE DEVELOPMENT,6,"$1,039,481",67,67,#401 25 EVANSCREST ME NW,EVN,EVANSTON,51.17976516,-114.103702,13,Titled Parcel;Titled Parcel;Titled Parcel;Titled Parcel;Titled Parcel;Titled Parcel;Titled Parcel;Building;Building;Building;Building;Building;Building,#409 25 EVANSCREST ME NW;#401 25 EVANSCREST ME NW;#405 25 EVANSCREST ME NW;#411 25 EVANSCREST ME NW;#102 75 EVANSCREST CM NW;#403 25 EVANSCREST ME NW;#407 25 EVANSCREST ME NW;#401 25 EVANSCREST ME NW;#407 25 EVANSCREST ME NW;#409 25 EVANSCREST ME NW;#403 25 EVANSCREST ME NW;#405 25 EVANSCREST ME NW;#411 25 EVANSCREST ME NW,"MULTIPOINT (-114.10370196135072 51.179765160570675,-114.10394653907056 51.17961661633193,-114.10382213872931 51.1796931377713,-114.10363659499619 51.17980117659866,-114.10487028768145 51.18074397761778,-114.10388191262999 51.17965712660444,-114.10376205008684 51.17972914918649,-114.10385563035678 51.179583058250095,-114.10369793137113 51.17969011057769,-114.10363777883589 51.1797231824102,-114.10381004415133 51.179618993889946,-114.10376257820846 51.17964585175601,-114.10358242938382 51.17975518919519)","{""type"":""MultiPoint"",""coordinates"":[[-114.103702,51.1797652],[-114.1039465,51.1796166],[-114.1038221,51.1796931],[-114.1036366,51.1798012],[-114.1048703,51.180744],[-114.1038819,51.1796571],[-114.1037621,51.1797291],[-114.1038556,51.1795831],[-114.1036979,51.1796901],[-114.1036378,51.1797232],[-114.10381,51.179619],[-114.1037626,51.1796459],[-114.1035824,51.1797552]]}",POINT (-114.10370196135072 51.179765160570675),25 EVANSCREST ME NW,a,
BP2023-02896,Completed,2023-03-08,2023,2023-03-31,2024-10-11,2024,Commercial / Multi Family Project,Building,1606 - Ths Townhouse,Townhouse,Residential,New,New,New,5 Unit Residential Rowhouse - The Loop Evanston - Bldg 6,NORR ARCHITECTS ENGINEERS PLANNERS,,STREETSIDE DEVELOPMENT,5,"$1,137,673",67,67,#301 25 EVANSCREST ME NW,EVN,EVANSTON,51.17979181,-114.1040603,10,Titled Parcel;Titled Parcel;Titled Parcel;Titled Parcel;Titled Parcel;Building;Building;Building;Building;Building,#307 25 EVANSCREST ME NW;#301 25 EVANSCREST ME NW;#305 25 EVANSCREST ME NW;#303 25 EVANSCREST ME NW;#309 25 EVANSCREST ME NW;#307 25 EVANSCREST ME NW;#309 25 EVANSCREST ME NW;#305 25 EVANSCREST ME NW;#303 25 EVANSCREST ME NW;#301 25 EVANSCREST ME NW,"MULTIPOINT (-114.1040603356799 51.17979181096302,-114.10424367584547 51.17968377342652,-114.10412025254449 51.179755799547834,-114.10418016931574 51.1797197881018,-114.10399683897175 51.17983232029297,-114.10411699471312 51.17982066188717,-114.10405533315028 51.17985679171579,-114.1041833358021 51.179779421807424,-114.10422438008247 51.17975263241857,-114.10427948199857 51.17971253497559)","{""type"":""MultiPoint"",""coordinates"":[[-114.1040603,51.1797918],[-114.1042437,51.1796838],[-114.1041203,51.1797558],[-114.1041802,51.1797198],[-114.1039968,51.1798323],[-114.104117,51.1798207],[-114.1040553,51.1798568],[-114.1041833,51.1797794],[-114.1042244,51.1797526],[-114.1042795,51.1797125]]}",POINT (-114.1040603356799 51.17979181096302),25 EVANSCREST ME NW,a,
BP2023-01631,Completed,2023-02-09,2023,2023-03-17,2024-09-06,2024,Commercial / Multi Family Project,Building,1606 - Ths Townhouse,Townhouse,Residential,New,New,New,9 Unit Residential Rowhouse - The Loop Evanston - Bldg 14,NORR ARCHITECTS ENGINEERS PLANNERS,,STREETSIDE DEVELOPMENT,9,"$1,883,684",67,67,#502 75 EVANSCREST CM NW,EVN,EVANSTON,51.18032656,-114.1042027,18,Titled Parcel;Titled Parcel;Titled Parcel;Titled Parcel;Titled Parcel;Titled Parcel;Titled Parcel;Titled Parcel;Titled Parcel;Building;Building;Building;Building;Building;Building;Building;Building;Building,#502 75 EVANSCREST CM NW;#514 75 EVANSCREST CM NW;#516 75 EVANSCREST CM NW;#512 75 EVANSCREST CM NW;#506 75 EVANSCREST CM NW;#518 75 EVANSCREST CM NW;#504 75 EVANSCREST CM NW;#510 75 EVANSCREST CM NW;#508 75 EVANSCREST CM NW;#516 75 EVANSCREST CM NW;#504 75 EVANSCREST CM NW;#518 75 EVANSCREST CM NW;#502 75 EVANSCREST CM NW;#514 75 EVANSCREST CM NW;#506 75 EVANSCREST CM NW;#510 75 EVANSCREST CM NW;#512 75 EVANSCREST CM NW;#508 75 EVANSCREST CM NW,"MULTIPOINT (-114.10420274743572 51.18032656107085,-114.10396790873078 51.180043599892535,-114.10393475502302 51.1799986817134,-114.10400655040702 51.18009300794707,-114.10411902311284 51.18023224557729,-114.10389405817341 51.179944780695806,-114.10416404814471 51.18027715313426,-114.10404460995466 51.180137921742684,-114.10408208317983 51.18018283604719,-114.10384986469913 51.18003419380851,-114.10407506603383 51.18029953533538,-114.1038096250655 51.17998005862837,-114.10411852423746 51.18035364058873,-114.10388671552138 51.1800823000108,-114.10403675310941 51.18025650058725,-114.10395050223629 51.18017054747862,-114.10392852628746 51.180135408961895,-114.10399348039361 51.180208472057906)","{""type"":""MultiPoint"",""coordinates"":[[-114.1042027,51.1803266],[-114.1039679,51.1800436],[-114.1039348,51.1799987],[-114.1040066,51.180093],[-114.104119,51.1802322],[-114.1038941,51.1799448],[-114.104164,51.1802772],[-114.1040446,51.1801379],[-114.1040821,51.1801828],[-114.1038499,51.1800342],[-114.1040751,51.1802995],[-114.1038096,51.1799801],[-114.1041185,51.1803536],[-114.1038867,51.1800823],[-114.1040368,51.1802565],[-114.1039505,51.1801705],[-114.1039285,51.1801354],[-114.1039935,51.1802085]]}",POINT (-114.10420274743572 51.18032656107085),75 EVANSCREST CM NW,a,
BP2017-13718,Completed,2017-10-12,2017,2017-12-07,2018-09-18,2018,Commercial / Multi Family Project,Building,1606 - Ths Townhouse,Townhouse,Residential,New,New,New,"6 plex Residential, Bld. AC, Arrive at Easton",PARTNERS DEVELOPMENT GROUP,,,6,"$692,486",68,68,1501 SYMONS VALLEY PY NW,EVN,EVANSTON,51.18126005,-114.0953268,12,Titled Parcel;Titled Parcel;Titled Parcel;Titled Parcel;Titled Parcel;Titled Parcel;Building;Building;Building;Building;Building;Building,1509 SYMONS VALLEY PY NW;1511 SYMONS VALLEY PY NW;1505 SYMONS VALLEY PY NW;1507 SYMONS VALLEY PY NW;1501 SYMONS VALLEY PY NW;1503 SYMONS VALLEY PY NW;1507 SYMONS VALLEY PY NW;1501 SYMONS VALLEY PY NW;1511 SYMONS VALLEY PY NW;1509 SYMONS VALLEY PY NW;1503 SYMONS VALLEY PY NW;1505 SYMONS VALLEY PY NW,"MULTIPOINT (-114.09532681372016 51.181260050545376,-114.09540658407673 51.18126897505014,-114.095207467858 51.18125115819655,-114.09526743398848 51.18125560414744,-114.09507609854049 51.181237780734605,-114.09514977586612 51.18124671036554,-114.09528671383336 51.18115143581426,-114.09510352406069 51.18114397972354,-114.09539562514027 51.18117740769798,-114.09534720786716 51.18116224587792,-114.09516056216208 51.181150450752284,-114.09521932193758 51.18115256942212)","{""type"":""MultiPoint"",""coordinates"":[[-114.0953268,51.1812601],[-114.0954066,51.181269],[-114.0952075,51.1812512],[-114.0952674,51.1812556],[-114.0950761,51.1812378],[-114.0951498,51.1812467],[-114.0952867,51.1811514],[-114.0951035,51.181144],[-114.0953956,51.1811774],[-114.0953472,51.1811622],[-114.0951606,51.1811505],[-114.0952193,51.1811526]]}",POINT (-114.09532681372016 51.181260050545376),1501 SYMONS VALLEY PY NW,a,
BP2017-16487,Completed,2017-12-20,2017,2018-01-22,2019-02-04,2019,Commercial / Multi Family Project,Building,1606 - Ths Townhouse,Townhouse,Residential,New,New,New,"Group C, 8 Unit Rowhouse - 9.10.15. Building 15",STREETSIDE DEVELOPMENT,,,8,"$1,736,200",68,68,130 EVANSCREST MR NW,EVN,EVANSTON,51.18001416,-114.106711,9,Titled Parcel;Building;Building;Building;Building;Building;Building;Building;Building,130 EVANSCREST MR NW;144 EVANSCREST MR NW;142 EVANSCREST MR NW;138 EVANSCREST MR NW;140 EVANSCREST MR NW;130 EVANSCREST MR NW;132 EVANSCREST MR NW;136 EVANSCREST MR NW;134 EVANSCREST MR NW,"MULTIPOINT (-114.10671098643664 51.18001416162939,-114.10653352509809 51.17967371914329,-114.1065918811091 51.179712204098465,-114.10669501501415 51.179799155689814,-114.10664798731894 51.17975496110068,-114.10681429307763 51.17999598942318,-114.10679525354216 51.17994510810006,-114.1067352360508 51.17984384190389,-114.10676940507116 51.1798937565422)","{""type"":""MultiPoint"",""coordinates"":[[-114.106711,51.1800142],[-114.1065335,51.1796737],[-114.1065919,51.1797122],[-114.106695,51.1797992],[-114.106648,51.179755],[-114.1068143,51.179996],[-114.1067953,51.1799451],[-114.1067352,51.1798438],[-114.1067694,51.1798938]]}",POINT (-114.10671098643664 51.18001416162939),130 EVANSCREST MR NW,a,
BP2017-16488,Completed,2017-12-20,2017,2018-01-22,2019-01-11,2019,Commercial / Multi Family Project,Building,1606 - Ths Townhouse,Townhouse,Residential,New,New,New,Group C - 8 Unit Rowhouse - 9.10.15. Building 16,STREETSIDE DEVELOPMENT,,,8,"$1,736,200",68,68,110 EVANSCREST MR NW,EVN,EVANSTON,51.18015348,-114.1067269,16,Titled Parcel;Titled Parcel;Titled Parcel;Titled Parcel;Titled Parcel;Titled Parcel;Titled Parcel;Titled Parcel;Building;Building;Building;Building;Building;Building;Building;Building,122 EVANSCREST MR NW;116 EVANSCREST MR NW;124 EVANSCREST MR NW;118 EVANSCREST MR NW;112 EVANSCREST MR NW;110 EVANSCREST MR NW;114 EVANSCREST MR NW;120 EVANSCREST MR NW;124 EVANSCREST MR NW;116 EVANSCREST MR NW;120 EVANSCREST MR NW;114 EVANSCREST MR NW;110 EVANSCREST MR NW;118 EVANSCREST MR NW;122 EVANSCREST MR NW;112 EVANSCREST MR NW,"MULTIPOINT (-114.10672691197725 51.18015348477344,-114.10668894229684 51.180297351832984,-114.1067263154589 51.180099548155354,-114.10670797904986 51.18024789207504,-114.10663232629882 51.180387298712404,-114.10659746055352 51.180432278116115,-114.10666358777121 51.18034232258382,-114.10672064728901 51.18020293288614,-114.10684027580466 51.18010537723476,-114.10679761260054 51.18030996388077,-114.10683446999754 51.18021098250986,-114.10676897904966 51.18036564417367,-114.10668668589351 51.180453726706595,-114.10681491307771 51.1802642812916,-114.10684115806662 51.18015912481127,-114.10672973529336 51.180409926429)","{""type"":""MultiPoint"",""coordinates"":[[-114.1067269,51.1801535],[-114.1066889,51.1802974],[-114.1067263,51.1800995],[-114.106708,51.1802479],[-114.1066323,51.1803873],[-114.1065975,51.1804323],[-114.1066636,51.1803423],[-114.1067206,51.1802029],[-114.1068403,51.1801054],[-114.1067976,51.18031],[-114.1068345,51.180211],[-114.106769,51.1803656],[-114.1066867,51.1804537],[-114.1068149,51.1802643],[-114.1068412,51.1801591],[-114.1067297,51.1804099]]}",POINT (-114.10672691197725 51.18015348477344),110 EVANSCREST MR NW,a,
BP2017-16107,Completed,2017-12-11,2017,2018-01-22,2019-06-10,2019,Commercial / Multi Family Project,Building,1606 - Ths Townhouse,Townhouse,Residential,New,New,New,Group C - 5 Unit Rowhouse - 9.10.15. - Building 18,STREETSIDE DEVELOPMENT,,STREETSIDE DEVELOPMENT,5,"$879,600",68,68,#202 15 EVANSCREST PA NW,EVN,EVANSTON,51.18023184,-114.1072711,5,Building;Building;Building;Building;Building,#210 15 EVANSCREST PA NW;#204 15 EVANSCREST PA NW;#208 15 EVANSCREST PA NW;#202 15 EVANSCREST PA NW;#206 15 EVANSCREST PA NW,"MULTIPOINT (-114.10727114179527 51.180231843197184,-114.10722459105442 51.18035052065294,-114.10725091008516 51.180277654394594,-114.10721522216092 51.180393337364706,-114.10723823049499 51.18031750759968)","{""type"":""MultiPoint"",""coordinates"":[[-114.1072711,51.1802318],[-114.1072246,51.1803505],[-114.1072509,51.1802777],[-114.1072152,51.1803933],[-114.1072382,51.1803175]]}",POINT (-114.10727114179527 51.180231843197184),15 EVANSCREST PA NW,a,
BP2018-14748,Completed,2018-11-06,2018,2019-05-07,2019-10-25,2019,Commercial / Multi Family Project,Building,1606 - Ths Townhouse,Townhouse,Residential,New,New,New,New Rowhouse,APLIN MARTIN CONSULTANTS,,,15,"$771,962",69,69,#1 908 36 ST SE,FLN,FOREST LAWN,51.0449652,-113.9813485,19,Titled Parcel;Titled Parcel;Titled Parcel;Building;Building;Building;Building;Building;Building;Building;Building;Building;Building;Building;Building;Building;Building;Building;Building,902 36 ST SE;912 36 ST SE;908 36 ST SE;#1 908 36 ST SE;#8 908 36 ST SE;#6 908 36 ST SE;#5 908 36 ST SE;#2 908 36 ST SE;#100 908 36 ST SE;#7 908 36 ST SE;#12 908 36 ST SE;#14 908 36 ST SE;#15 908 36 ST SE;#13 908 36 ST SE;#10 908 36 ST SE;#9 908 36 ST SE;#11 908 36 ST SE;#4 908 36 ST SE;#3 908 36 ST SE,"MULTIPOINT (-113.98134853232294 51.04496520352852,-113.98134815413637 51.04466404741217,-113.98134828356874 51.04480338829649,-113.98114529725655 51.0449796174204,-113.98096431631448 51.044662457273546,-113.98103143043596 51.04479304405895,-113.9810348109685 51.0448261088456,-113.98104719715718 51.04498139051079,-113.98127264316558 51.044984995774875,-113.98103935761894 51.04476236338621,-113.9811952261436 51.04465726262812,-113.98129409433275 51.044658698871146,-113.98134615826542 51.044662518839,-113.98124352488581 51.04466202595786,-113.98106354189494 51.04466175421329,-113.98101525840583 51.04465460853233,-113.98111335621509 51.04465677297149,-113.98102762532616 51.04485678963806,-113.98103703938851 51.0448867629354)","{""type"":""MultiPoint"",""coordinates"":[[-113.9813485,51.0449652],[-113.9813482,51.044664],[-113.9813483,51.0448034],[-113.9811453,51.0449796],[-113.9809643,51.0446625],[-113.9810314,51.044793],[-113.9810348,51.0448261],[-113.9810472,51.0449814],[-113.9812726,51.044985],[-113.9810394,51.0447624],[-113.9811952,51.0446573],[-113.9812941,51.0446587],[-113.9813462,51.0446625],[-113.9812435,51.044662],[-113.9810635,51.0446618],[-113.9810153,51.0446546],[-113.9811134,51.0446568],[-113.9810276,51.0448568],[-113.981037,51.0448868]]}",POINT (-113.98134853232294 51.04496520352852),908 36 ST SE,a,
BP2019-08097,Completed,2019-06-24,2019,2019-08-14,2019-07-10,2019,Commercial / Multi Family Project,Building,1606 - Ths Townhouse,Townhouse,Residential,New,New,New,4 plex home,QAA DESIGNS,,,4,"$400,000",69,69,1814 42 ST SE,FLN,FOREST LAWN,51.03720985,-113.9726862,5,Titled Parcel;Building;Building;Building;Building,1814 42 ST SE;#1 1812 42 ST SE;#1 1814 42 ST SE;#2 1814 42 ST SE;#2 1812 42 ST SE,"MULTIPOINT (-113.97268622449282 51.03720985041713,-113.97259635930496 51.03724973485804,-113.97259637120919 51.037229552883645,-113.97256223718412 51.037228870644235,-113.97255796202495 51.03724905161768)","{""type"":""MultiPoint"",""coordinates"":[[-113.9726862,51.0372099],[-113.9725964,51.0372497],[-113.9725964,51.0372296],[-113.9725622,51.0372289],[-113.972558,51.0372491]]}",POINT (-113.97268622449282 51.03720985041713),1814 42 ST SE,a,
BP2019-02629,Completed,2019-03-15,2019,2019-05-14,2026-01-20,2026,Commercial / Multi Family Project,Building,1606 - Ths Townhouse,Townhouse,Residential,New,New,New,Live Work Units 5- Plex (Non-Stacked New Bldg),SARINA DEVELOPMENTS,,,5,"$1,762,740",70,70,#1 2005 37 ST SW,GDL,GLENDALE,51.03613404,-114.1414798,7,Titled Parcel;Building;Building Suite;Building Suite;Building Suite;Building Suite;Building Suite,2005 37 ST SW;2005 37 ST SW;#2 2005 37 ST SW;#1 2005 37 ST SW;#3 2005 37 ST SW;#4 2005 37 ST SW;#5 2005 37 ST SW,"MULTIPOINT (-114.14147981653446 51.03613404110557,-114.1415036755035 51.03602812193008,-114.14150296068378 51.03606026115963,-114.14150205874367 51.036101183603364,-114.1415040517399 51.03601121175061,-114.1415050547892 51.03596603703098,-114.14150608268352 51.03591965765409)","{""type"":""MultiPoint"",""coordinates"":[[-114.1414798,51.036134],[-114.1415037,51.0360281],[-114.141503,51.0360603],[-114.1415021,51.0361012],[-114.1415041,51.0360112],[-114.1415051,51.035966],[-114.1415061,51.0359197]]}",POINT (-114.14147981653446 51.03613404110557),2005 37 ST SW,a,
BP2019-15990,Completed,2019-11-26,2019,2019-12-16,2020-08-20,2020,Commercial / Multi Family Project,Building,1606 - Ths Townhouse,Townhouse,Residential,New,New,New,"New 4 Unit Townhouse, Building 5",ALLISTON AT HOME,,,4,"$971,491",71,71,45 GREENBRIAR PL NW,GRE,GREENWOOD/GREENBRIAR,51.08800081,-114.2172507,8,Titled Parcel;Titled Parcel;Titled Parcel;Titled Parcel;Building;Building;Building;Building,45 GREENBRIAR PL NW;47 GREENBRIAR PL NW;49 GREENBRIAR PL NW;51 GREENBRIAR PL NW;47 GREENBRIAR PL NW;49 GREENBRIAR PL NW;51 GREENBRIAR PL NW;45 GREENBRIAR PL NW,"MULTIPOINT (-114.21725073868188 51.08800080775675,-114.21716166251076 51.08800546808026,-114.2170747349037 51.08800562950695,-114.21697916411318 51.088010301749485,-114.21716871806117 51.08807037844131,-114.21707695482263 51.088071259036134,-114.21699653080638 51.08807640659121,-114.217252555942 51.088068793327054)","{""type"":""MultiPoint"",""coordinates"":[[-114.2172507,51.0880008],[-114.2171617,51.0880055],[-114.2170747,51.0880056],[-114.2169792,51.0880103],[-114.2171687,51.0880704],[-114.217077,51.0880713],[-114.2169965,51.0880764],[-114.2172526,51.0880688]]}",POINT (-114.21725073868188 51.08800080775675),45 GREENBRIAR PL NW,a,
BP2019-12683,Completed,2019-09-17,2019,2019-10-07,2020-07-15,2020,Commercial / Multi Family Project,Building,1606 - Ths Townhouse,Townhouse,Residential,New,New,New,"New 4 Unit Townhouse, Building 2",ALLISTON AT HOME,,,4,"$855,708",71,71,144 GREENBRIAR WY NW,GRE,GREENWOOD/GREENBRIAR,51.08852585,-114.2177091,4,Titled Parcel;Titled Parcel;Titled Parcel;Titled Parcel,146 GREENBRIAR WY NW;150 GREENBRIAR WY NW;144 GREENBRIAR WY NW;148 GREENBRIAR WY NW,"MULTIPOINT (-114.21770912778815 51.08852585134003,-114.21772353712478 51.08863370065415,-114.2177018306745 51.0884674320142,-114.21771623252997 51.08857977618363)","{""type"":""MultiPoint"",""coordinates"":[[-114.2177091,51.0885259],[-114.2177235,51.0886337],[-114.2177018,51.0884674],[-114.2177162,51.0885798]]}",POINT (-114.21770912778815 51.08852585134003),144 GREENBRIAR WY NW,a,
BP2019-11262,Completed,2019-08-20,2019,2019-09-19,2020-06-23,2020,Commercial / Multi Family Project,Building,1606 - Ths Townhouse,Townhouse,Residential,New,New,New,Building 1200 Greenwich (7 units non-stacked),ALLISTON AT HOME,,ALLISTON AT HOME,7,"$1,471,927",71,71,#234 81 GREENBRIAR PL NW,GRE,GREENWOOD/GREENBRIAR,51.08877861,-114.2171434,14,Titled Parcel;Titled Parcel;Titled Parcel;Titled Parcel;Titled Parcel;Titled Parcel;Titled Parcel;Building;Building;Building;Building;Building;Building;Building,#230 81 GREENBRIAR PL NW;#228 81 GREENBRIAR PL NW;#226 81 GREENBRIAR PL NW;#222 81 GREENBRIAR PL NW;#234 81 GREENBRIAR PL NW;#232 81 GREENBRIAR PL NW;#224 81 GREENBRIAR PL NW;#228 81 GREENBRIAR PL NW;#232 81 GREENBRIAR PL NW;#222 81 GREENBRIAR PL NW;#226 81 GREENBRIAR PL NW;#224 81 GREENBRIAR PL NW;#234 81 GREENBRIAR PL NW;#230 81 GREENBRIAR PL NW,"MULTIPOINT (-114.21714341501374 51.08877861437159,-114.21706515031487 51.08877875970087,-114.21698685030944 51.08877441020406,-114.21681667491828 51.08877472590703,-114.21730353398829 51.08878281172357,-114.21722169398605 51.08877846896339,-114.21690858561684 51.08877455542853,-114.21706017704727 51.08884460034893,-114.21721883169626 51.08885001414211,-114.21682675478291 51.0888393250224,-114.21698992758444 51.08884330138824,-114.21690835118783 51.088843452758674,-114.21729586894314 51.0888498709913,-114.21713723521074 51.088845877632984)","{""type"":""MultiPoint"",""coordinates"":[[-114.2171434,51.0887786],[-114.2170652,51.0887788],[-114.2169869,51.0887744],[-114.2168167,51.0887747],[-114.2173035,51.0887828],[-114.2172217,51.0887785],[-114.2169086,51.0887746],[-114.2170602,51.0888446],[-114.2172188,51.08885],[-114.2168268,51.0888393],[-114.2169899,51.0888433],[-114.2169084,51.0888435],[-114.2172959,51.0888499],[-114.2171372,51.0888459]]}",POINT (-114.21714341501374 51.08877861437159),81 GREENBRIAR PL NW,a,
BP2020-02022,Completed,2020-02-19,2020,2020-03-16,2020-11-16,2020,Commercial / Multi Family Project,Building,1606 - Ths Townhouse,Townhouse,Residential,New,New,New,"New 5 Unit Townhouse, Building 17",ALLISTON AT HOME,,,5,"$1,451,868",71,71,#303 81 GREENBRIAR PL NW,GRE,GREENWOOD/GREENBRIAR,51.08823507,-114.2169662,5,Titled Parcel;Titled Parcel;Titled Parcel;Titled Parcel;Titled Parcel,#309 81 GREENBRIAR PL NW;#307 81 GREENBRIAR PL NW;#303 81 GREENBRIAR PL NW;#311 81 GREENBRIAR PL NW;#305 81 GREENBRIAR PL NW,"MULTIPOINT (-114.21696619867801 51.088235067797044,-114.21705311995181 51.08823041162343,-114.21723677539295 51.08822557568969,-114.21687277601585 51.08823524112613,-114.21714004798035 51.088230250212305)","{""type"":""MultiPoint"",""coordinates"":[[-114.2169662,51.0882351],[-114.2170531,51.0882304],[-114.2172368,51.0882256],[-114.2168728,51.0882352],[-114.21714,51.0882303]]}",POINT (-114.21696619867801 51.088235067797044),81 GREENBRIAR PL NW,a,
BP2020-03788,Completed,2020-03-30,2020,2020-09-25,2021-07-08,2021,Commercial / Multi Family Project,Building,1606 - Ths Townhouse,Townhouse,Residential,New,New,New,"New 4 Unit Rowhouse, Building 13",ALLISTON AT HOME,,ALLISTON AT HOME,4,"$1,032,791",71,71,#229 81 GREENBRIAR PL NW,GRE,GREENWOOD/GREENBRIAR,51.08867512,-114.217202,8,Titled Parcel;Titled Parcel;Titled Parcel;Titled Parcel;Building;Building;Building;Building,#233 81 GREENBRIAR PL NW;#231 81 GREENBRIAR PL NW;#229 81 GREENBRIAR PL NW;#235 81 GREENBRIAR PL NW;#229 81 GREENBRIAR PL NW;#235 81 GREENBRIAR PL NW;#231 81 GREENBRIAR PL NW;#233 81 GREENBRIAR PL NW,"MULTIPOINT (-114.21720203970523 51.08867512417397,-114.21711506802103 51.08867528571171,-114.21702159488974 51.08867096441352,-114.21730294284481 51.08867493667944,-114.21703625501766 51.08857348908354,-114.21729687464045 51.08858014280578,-114.21712463874822 51.0885761836999,-114.21721528531819 51.088577435696855)","{""type"":""MultiPoint"",""coordinates"":[[-114.217202,51.0886751],[-114.2171151,51.0886753],[-114.2170216,51.088671],[-114.2173029,51.0886749],[-114.2170363,51.0885735],[-114.2172969,51.0885801],[-114.2171246,51.0885762],[-114.2172153,51.0885774]]}",POINT (-114.21720203970523 51.08867512417397),81 GREENBRIAR PL NW,a,
BP2021-06909,Completed,2021-04-27,2021,2021-06-16,2022-04-07,2022,Commercial / Multi Family Project,Building,1606 - Ths Townhouse,Townhouse,Residential,New,New,New,Group C - Residential (5 Unit Rowhouse),ALLISTON AT HOME,,ALLISTON GC,5,"$767,877",71,71,#102 81 GREENBRIAR PL NW,GRE,GREENWOOD/GREENBRIAR,51.08809739,-114.2160704,11,Titled Parcel;Titled Parcel;Titled Parcel;Titled Parcel;Titled Parcel;Titled Parcel;Building;Building;Building;Building;Building,81 GREENBRIAR PL NW;#106 81 GREENBRIAR PL NW;#108 81 GREENBRIAR PL NW;#110 81 GREENBRIAR PL NW;#104 81 GREENBRIAR PL NW;#102 81 GREENBRIAR PL NW;#102 81 GREENBRIAR PL NW;#106 81 GREENBRIAR PL NW;#110 81 GREENBRIAR PL NW;#104 81 GREENBRIAR PL NW;#108 81 GREENBRIAR PL NW,"MULTIPOINT (-114.21607039045696 51.08809738670654,-114.2158730562744 51.08847531774672,-114.21588249412999 51.08851575387497,-114.21589313004729 51.08856517746858,-114.2158635832387 51.08843038684298,-114.21585034189995 51.088385462895125,-114.21575059351399 51.08839747742296,-114.21577367225757 51.088485920241624,-114.21578539092677 51.08856866658574,-114.21575758712535 51.08844028235768,-114.21577385818351 51.08852587902042)","{""type"":""MultiPoint"",""coordinates"":[[-114.2160704,51.0880974],[-114.2158731,51.0884753],[-114.2158825,51.0885158],[-114.2158931,51.0885652],[-114.2158636,51.0884304],[-114.2158503,51.0883855],[-114.2157506,51.0883975],[-114.2157737,51.0884859],[-114.2157854,51.0885687],[-114.2157576,51.0884403],[-114.2157739,51.0885259]]}",POINT (-114.21607039045696 51.08809738670654),81 GREENBRIAR PL NW,a,
BP2021-11536,Completed,2021-06-29,2021,2021-11-02,2022-10-06,2022,Commercial / Multi Family Project,Building,1606 - Ths Townhouse,Townhouse,Residential,New,New,New,"4 -Unit Residential Rowhouse - Building 8; located at 85, 87, 89, & 91 GREENBRIAR PL NW.",ALLISTON AT HOME,,ALLISTON GC,4,"$1,052,901",71,71,85 GREENBRIAR PL NW,GRE,GREENWOOD/GREENBRIAR,51.08811577,-114.2158524,9,Titled Parcel;Titled Parcel;Titled Parcel;Titled Parcel;Titled Parcel;Building;Building;Building;Building,87 GREENBRIAR PL NW;85 GREENBRIAR PL NW;91 GREENBRIAR PL NW;89 GREENBRIAR PL NW;81 GREENBRIAR PL NW;85 GREENBRIAR PL NW;91 GREENBRIAR PL NW;87 GREENBRIAR PL NW;89 GREENBRIAR PL NW,"MULTIPOINT (-114.2158524409841 51.08811576864603,-114.21594582820757 51.08811110135789,-114.21565142982611 51.08811164473972,-114.21576534187642 51.08811592941567,-114.21607039045696 51.08809738670654,-114.21594787035176 51.08818181040341,-114.21567595618988 51.08818302250057,-114.21585948082718 51.088177694539176,-114.21576770972483 51.08818000347977)","{""type"":""MultiPoint"",""coordinates"":[[-114.2158524,51.0881158],[-114.2159458,51.0881111],[-114.2156514,51.0881116],[-114.2157653,51.0881159],[-114.2160704,51.0880974],[-114.2159479,51.0881818],[-114.215676,51.088183],[-114.2158595,51.0881777],[-114.2157677,51.08818]]}",POINT (-114.2158524409841 51.08811576864603),85 GREENBRIAR PL NW,a,
BP2021-04204,Completed,2021-03-19,2021,2021-04-19,2022-03-01,2022,Commercial / Multi Family Project,Building,1606 - Ths Townhouse,Townhouse,Residential,New,New,New,"New 8 Unit Rowhouse, Building 11",ALLISTON AT HOME,,ALLISTON GC,8,"$1,747,798",71,71,#202 81 GREENBRIAR PL NW,GRE,GREENWOOD/GREENBRIAR,51.0887706,-114.2166192,17,Titled Parcel;Titled Parcel;Titled Parcel;Titled Parcel;Titled Parcel;Titled Parcel;Titled Parcel;Titled Parcel;Titled Parcel;Building;Building;Building;Building;Building;Building;Building;Building,#214 81 GREENBRIAR PL NW;#202 81 GREENBRIAR PL NW;#204 81 GREENBRIAR PL NW;#208 81 GREENBRIAR PL NW;81 GREENBRIAR PL NW;#216 81 GREENBRIAR PL NW;#210 81 GREENBRIAR PL NW;#206 81 GREENBRIAR PL NW;#212 81 GREENBRIAR PL NW;#210 81 GREENBRIAR PL NW;#202 81 GREENBRIAR PL NW;#204 81 GREENBRIAR PL NW;#212 81 GREENBRIAR PL NW;#214 81 GREENBRIAR PL NW;#208 81 GREENBRIAR PL NW;#206 81 GREENBRIAR PL NW;#216 81 GREENBRIAR PL NW,"MULTIPOINT (-114.21661917224262 51.0887705971568,-114.21614592418946 51.088757988489576,-114.21622777833117 51.088762331976554,-114.21638432865491 51.088766537187105,-114.21607039045696 51.08809738670654,-114.21671108293418 51.08877042683357,-114.21646260761077 51.08876639228716,-114.21630604300665 51.08876218720783,-114.21654087229189 51.088766247361235,-114.2164641663958 51.0888342884418,-114.21614689163073 51.0888277376152,-114.21622393551068 51.088829024517246,-114.21654347319954 51.088834141584805,-114.21661827510678 51.08883828210738,-114.21638710155717 51.088831572378,-114.21630326987297 51.088831727500235,-114.21669531233724 51.0888381393523)","{""type"":""MultiPoint"",""coordinates"":[[-114.2166192,51.0887706],[-114.2161459,51.088758],[-114.2162278,51.0887623],[-114.2163843,51.0887665],[-114.2160704,51.0880974],[-114.2167111,51.0887704],[-114.2164626,51.0887664],[-114.216306,51.0887622],[-114.2165409,51.0887662],[-114.2164642,51.0888343],[-114.2161469,51.0888277],[-114.2162239,51.088829],[-114.2165435,51.0888341],[-114.2166183,51.0888383],[-114.2163871,51.0888316],[-114.2163033,51.0888317],[-114.2166953,51.0888381]]}",POINT (-114.21661917224262 51.0887705971568),81 GREENBRIAR PL NW,a,
BP2022-08442,Completed,2022-05-19,2022,2022-07-05,2024-10-30,2024,Commercial / Multi Family Project,Building,1606 - Ths Townhouse,Townhouse,Residential,New,New,New,Unti Rowhouse 9.10.15. Residential Group C,ALLISTON AT HOME,,ALLISTON GC,3,"$728,070",71,71,57 GREENBRIAR PL NW,GRE,GREENWOOD/GREENBRIAR,51.08801517,-114.2167797,6,Titled Parcel;Titled Parcel;Titled Parcel;Building;Building;Building,59 GREENBRIAR PL NW;57 GREENBRIAR PL NW;61 GREENBRIAR PL NW;61 GREENBRIAR PL NW;57 GREENBRIAR PL NW;59 GREENBRIAR PL NW,"MULTIPOINT (-114.2167797083662 51.08801516657615,-114.2168751079014 51.088010494814355,-114.216677985504 51.08801984997901,-114.21670540522652 51.08808693408673,-114.21687532970185 51.088082339922046,-114.21678696360996 51.088083213987666)","{""type"":""MultiPoint"",""coordinates"":[[-114.2167797,51.0880152],[-114.2168751,51.0880105],[-114.216678,51.0880198],[-114.2167054,51.0880869],[-114.2168753,51.0880823],[-114.216787,51.0880832]]}",POINT (-114.2167797083662 51.08801516657615),57 GREENBRIAR PL NW,a,
BP2022-09704,Completed,2022-06-06,2022,2022-09-08,2023-10-13,2023,Commercial / Multi Family Project,Building,1606 - Ths Townhouse,Townhouse,Residential,New,New,New,6 Unit Residential Rowhouse - Building 10,ALLISTON AT HOME,,ALLISTON GREENWICH NORTH,6,"$1,115,655",71,71,#116 81 GREENBRIAR PL NW,GRE,GREENWOOD/GREENBRIAR,51.08861909,-114.2159049,23,Titled Parcel;Titled Parcel;Titled Parcel;Titled Parcel;Titled Parcel;Titled Parcel;Titled Parcel;Titled Parcel;Titled Parcel;Titled Parcel;Titled Parcel;Titled Parcel;Building;Building;Building;Building;Building;Building;Building;Building;Building;Building;Building,#116 81 GREENBRIAR PL NW;#110 81 GREENBRIAR PL NW;#124 81 GREENBRIAR PL NW;#102 81 GREENBRIAR PL NW;#108 81 GREENBRIAR PL NW;#120 81 GREENBRIAR PL NW;#106 81 GREENBRIAR PL NW;81 GREENBRIAR PL NW;#122 81 GREENBRIAR PL NW;#104 81 GREENBRIAR PL NW;#118 81 GREENBRIAR PL NW;#126 81 GREENBRIAR PL NW;#106 81 GREENBRIAR PL NW;#126 81 GREENBRIAR PL NW;#120 81 GREENBRIAR PL NW;#110 81 GREENBRIAR PL NW;#118 81 GREENBRIAR PL NW;#108 81 GREENBRIAR PL NW;#104 81 GREENBRIAR PL NW;#122 81 GREENBRIAR PL NW;#124 81 GREENBRIAR PL NW;#102 81 GREENBRIAR PL NW;#116 81 GREENBRIAR PL NW,"MULTIPOINT (-114.2159049145615 51.08861909377906,-114.21589313004729 51.08856517746858,-114.21594392050943 51.088798815311286,-114.21585034189995 51.088385462895125,-114.21588249412999 51.08851575387497,-114.21592499511402 51.088713448320014,-114.2158730562744 51.08847531774672,-114.21607039045696 51.08809738670654,-114.21593448254193 51.08875837919009,-114.2158635832387 51.08843038684298,-114.2159155362527 51.08866851739606,-114.21595892251332 51.08886621018889,-114.21577367225757 51.088485920241624,-114.21584562161077 51.08885255732796,-114.2158155422142 51.08871988924417,-114.21578539092677 51.08856866658574,-114.21580628558655 51.088678517850866,-114.21577385818351 51.08852587902042,-114.21575758712535 51.08844028235768,-114.21582710161236 51.08876838520053,-114.21583862785482 51.088809752401716,-114.21575059351399 51.08839747742296,-114.21579702232408 51.088635717109916)","{""type"":""MultiPoint"",""coordinates"":[[-114.2159049,51.0886191],[-114.2158931,51.0885652],[-114.2159439,51.0887988],[-114.2158503,51.0883855],[-114.2158825,51.0885158],[-114.215925,51.0887134],[-114.2158731,51.0884753],[-114.2160704,51.0880974],[-114.2159345,51.0887584],[-114.2158636,51.0884304],[-114.2159155,51.0886685],[-114.2159589,51.0888662],[-114.2157737,51.0884859],[-114.2158456,51.0888526],[-114.2158155,51.0887199],[-114.2157854,51.0885687],[-114.2158063,51.0886785],[-114.2157739,51.0885259],[-114.2157576,51.0884403],[-114.2158271,51.0887684],[-114.2158386,51.0888098],[-114.2157506,51.0883975],[-114.215797,51.0886357]]}",POINT (-114.2159049145615 51.08861909377906),81 GREENBRIAR PL NW,a,
BP2018-15257,Completed,2018-11-20,2018,2018-12-05,2019-11-29,2019,Commercial / Multi Family Project,Building,1606 - Ths Townhouse,Townhouse,Residential,New,New,New,,KN ARCHITECTURE,,,4,"$799,123",72,72,156 GREENBRIAR WY NW,GRE,GREENWOOD/GREENBRIAR,51.0881019,-114.2160605,5,Titled Parcel;Building;Building;Building;Building,81 GREENBRIAR PL NW;160 GREENBRIAR WY NW;162 GREENBRIAR WY NW;156 GREENBRIAR WY NW;158 GREENBRIAR WY NW,"MULTIPOINT (-114.21606047679447 51.08810189986688,-114.21764361368791 51.088830858266334,-114.2176438447687 51.08888009430486,-114.21761705451797 51.08872244723187,-114.2176297468262 51.08877166007682)","{""type"":""MultiPoint"",""coordinates"":[[-114.2160605,51.0881019],[-114.2176436,51.0888309],[-114.2176438,51.0888801],[-114.2176171,51.0887224],[-114.2176297,51.0887717]]}",POINT (-114.21606047679447 51.08810189986688),156 GREENBRIAR WY NW,a,
BP2018-15963,Completed,2018-12-06,2018,2018-12-18,2020-05-07,2020,Commercial / Multi Family Project,Building,1606 - Ths Townhouse,Townhouse,Residential,New,New,New,,KN ARCHITECTURE,,,4,"$872,152",72,72,132 GREENBRIAR WY NW,GRE,GREENWOOD/GREENBRIAR,51.0881019,-114.2160605,5,Titled Parcel;Building;Building;Building;Building,81 GREENBRIAR PL NW;138 GREENBRIAR WY NW;132 GREENBRIAR WY NW;136 GREENBRIAR WY NW;134 GREENBRIAR WY NW,"MULTIPOINT (-114.21606047679447 51.08810189986688,-114.21758496533367 51.088402833974186,-114.21756266357185 51.08823733053283,-114.21757678464189 51.08835076299729,-114.21756741601826 51.088285838988575)","{""type"":""MultiPoint"",""coordinates"":[[-114.2160605,51.0881019],[-114.217585,51.0884028],[-114.2175627,51.0882373],[-114.2175768,51.0883508],[-114.2175674,51.0882858]]}",POINT (-114.21606047679447 51.08810189986688),132 GREENBRIAR WY NW,a,
BP2018-12796,Completed,2018-09-21,2018,2018-10-25,2022-02-03,2022,Commercial / Multi Family Project,Building,1606 - Ths Townhouse,Townhouse,Residential,New,New,New,New - Group C - 3 Unit Townhouse,KN ARCHITECTURE,,,3,"$635,000",72,72,35 GREENBRIAR PL NW,GRE,GREENWOOD/GREENBRIAR,51.0881019,-114.2160605,4,Titled Parcel;Building;Building;Building,81 GREENBRIAR PL NW;37 GREENBRIAR PL NW;39 GREENBRIAR PL NW;35 GREENBRIAR PL NW,"MULTIPOINT (-114.21606047679447 51.08810189986688,-114.21746780641217 51.08806553443824,-114.21738171327745 51.08806712390002,-114.21755391718847 51.088064664054606)","{""type"":""MultiPoint"",""coordinates"":[[-114.2160605,51.0881019],[-114.2174678,51.0880655],[-114.2173817,51.0880671],[-114.2175539,51.0880647]]}",POINT (-114.21606047679447 51.08810189986688),35 GREENBRIAR PL NW,a,
BP2018-16291,Completed,2018-12-14,2018,2019-01-14,2019-12-19,2019,Commercial / Multi Family Project,Building,1606 - Ths Townhouse,Townhouse,Residential,New,New,New,New Townhouse & Stacked Townhouse,ZEIDLER ARCHITECTURE,,,4,"$862,200",72,72,185 GREENBRIAR PL NW,GRE,GREENWOOD/GREENBRIAR,51.08804954,-114.2152038,5,Titled Parcel;Building;Building;Building;Building,151 GREENBRIAR PL NW;187 GREENBRIAR PL NW;181 GREENBRIAR PL NW;185 GREENBRIAR PL NW;183 GREENBRIAR PL NW,"MULTIPOINT (-114.21520376644062 51.08804954183255,-114.21389693394184 51.088069415885755,-114.21412641681407 51.0880385567743,-114.21395422047586 51.08804267464818,-114.21405089720383 51.08804249769347)","{""type"":""MultiPoint"",""coordinates"":[[-114.2152038,51.0880495],[-114.2138969,51.0880694],[-114.2141264,51.0880386],[-114.2139542,51.0880427],[-114.2140509,51.0880425]]}",POINT (-114.21520376644062 51.08804954183255),185 GREENBRIAR PL NW,a,
BP2019-01414,Completed,2019-02-08,2019,2019-02-22,2019-12-20,2019,Commercial / Multi Family Project,Building,1606 - Ths Townhouse,Townhouse,Residential,New,New,New,New Townhouse & Stacked Townhouse,ZEIDLER ARCHITECTURE,,,8,"$1,689,357",72,72,604 GREENBRIAR CM NW,GRE,GREENWOOD/GREENBRIAR,51.08804954,-114.2152038,9,Titled Parcel;Building;Building;Building;Building;Building;Building;Building;Building,151 GREENBRIAR PL NW;608 GREENBRIAR CM NW;618 GREENBRIAR CM NW;616 GREENBRIAR CM NW;606 GREENBRIAR CM NW;604 GREENBRIAR CM NW;610 GREENBRIAR CM NW;612 GREENBRIAR CM NW;614 GREENBRIAR CM NW,"MULTIPOINT (-114.21520376644062 51.08804954183255,-114.21423364276505 51.088817181157886,-114.21385430815701 51.08878362493959,-114.21391035461298 51.088815867273325,-114.21432580503087 51.0888189180606,-114.2143815879588 51.088794076195875,-114.21415509250451 51.088817325062365,-114.21408409763067 51.088818407985805,-114.21399796891272 51.08881570694348)","{""type"":""MultiPoint"",""coordinates"":[[-114.2152038,51.0880495],[-114.2142336,51.0888172],[-114.2138543,51.0887836],[-114.2139104,51.0888159],[-114.2143258,51.0888189],[-114.2143816,51.0887941],[-114.2141551,51.0888173],[-114.2140841,51.0888184],[-114.213998,51.0888157]]}",POINT (-114.21520376644062 51.08804954183255),604 GREENBRIAR CM NW,a,
BP2019-05073,Completed,2019-05-03,2019,2019-06-11,2021-06-24,2021,Commercial / Multi Family Project,Building,1606 - Ths Townhouse,Townhouse,Residential,New,New,New,Building 7 - Residential 3 Storey Rowhouse,ZEIDLER ARCHITECTURE,,ARTIS IN GREENWICH,4,"$877,503",72,72,804 GREENBRIAR CM NW,GRE,GREENWOOD/GREENBRIAR,51.08804954,-114.2152038,5,Titled Parcel;Building;Building;Building;Building,151 GREENBRIAR PL NW;810 GREENBRIAR CM NW;806 GREENBRIAR CM NW;804 GREENBRIAR CM NW;808 GREENBRIAR CM NW,"MULTIPOINT (-114.21520376644062 51.08804954183255,-114.21389331194919 51.08839823799753,-114.2140519427222 51.08839889160134,-114.21413654882981 51.0883996895804,-114.21397187137842 51.08839714134575)","{""type"":""MultiPoint"",""coordinates"":[[-114.2152038,51.0880495],[-114.2138933,51.0883982],[-114.2140519,51.0883989],[-114.2141365,51.0883997],[-114.2139719,51.0883971]]}",POINT (-114.21520376644062 51.08804954183255),804 GREENBRIAR CM NW,a,
BP2019-02391,Completed,2019-03-08,2019,2019-03-20,2021-10-26,2021,Commercial / Multi Family Project,Building,1606 - Ths Townhouse,Townhouse,Residential,New,New,New,New Townhouse & Stacked Townhouse,ZEIDLER ARCHITECTURE,,,4,"$794,274",72,72,803 GREENBRIAR CM NW,GRE,GREENWOOD/GREENBRIAR,51.08804954,-114.2152038,5,Titled Parcel;Building;Building;Building;Building,151 GREENBRIAR PL NW;807 GREENBRIAR CM NW;803 GREENBRIAR CM NW;805 GREENBRIAR CM NW;809 GREENBRIAR CM NW,"MULTIPOINT (-114.21520376644062 51.08804954183255,-114.21390997185195 51.08827490508433,-114.21408821567786 51.08827267302516,-114.21400362847399 51.088272827882605,-114.21391579906182 51.088229226854104)","{""type"":""MultiPoint"",""coordinates"":[[-114.2152038,51.0880495],[-114.21391,51.0882749],[-114.2140882,51.0882727],[-114.2140036,51.0882728],[-114.2139158,51.0882292]]}",POINT (-114.21520376644062 51.08804954183255),803 GREENBRIAR CM NW,a,
BP2019-12388,Completed,2019-09-10,2019,2019-10-01,2021-08-25,2021,Commercial / Multi Family Project,Building,1606 - Ths Townhouse,Townhouse,Residential,New,New,New,New Townhouse & Stacked Townhouse,ZEIDLER ARCHITECTURE,,,7,"$1,399,209",72,72,410 GREENBRIAR CM NW,GRE,GREENWOOD/GREENBRIAR,51.08804954,-114.2152038,8,Titled Parcel;Building;Building;Building;Building;Building;Building;Building,151 GREENBRIAR PL NW;406 GREENBRIAR CM NW;416 GREENBRIAR CM NW;408 GREENBRIAR CM NW;412 GREENBRIAR CM NW;404 GREENBRIAR CM NW;410 GREENBRIAR CM NW;414 GREENBRIAR CM NW,"MULTIPOINT (-114.21520376644062 51.08804954183255,-114.2155272131187 51.08884163792916,-114.2151391131046 51.08880810203665,-114.21544201109928 51.08884179495992,-114.21528066050278 51.08883980878719,-114.21558328812145 51.08881527569677,-114.21536405501274 51.08884079689261,-114.2151900306544 51.0888422590067)","{""type"":""MultiPoint"",""coordinates"":[[-114.2152038,51.0880495],[-114.2155272,51.0888416],[-114.2151391,51.0888081],[-114.215442,51.0888418],[-114.2152807,51.0888398],[-114.2155833,51.0888153],[-114.2153641,51.0888408],[-114.21519,51.0888423]]}",POINT (-114.21520376644062 51.08804954183255),410 GREENBRIAR CM NW,a,
BP2019-15033,Completed,2019-11-04,2019,2019-11-06,2022-05-02,2022,Commercial / Multi Family Project,Building,1606 - Ths Townhouse,Townhouse,Residential,New,New,New,Building 13 - Residential 3 Storey Rowhouse,ZEIDLER ARCHITECTURE,,,7,"$1,531,755",72,72,253 GREENBRIAR CM NW,GRE,GREENWOOD/GREENBRIAR,51.08804954,-114.2152038,8,Titled Parcel;Building;Building;Building;Building;Building;Building;Building,151 GREENBRIAR PL NW;245 GREENBRIAR CM NW;253 GREENBRIAR CM NW;243 GREENBRIAR CM NW;255 GREENBRIAR CM NW;251 GREENBRIAR CM NW;247 GREENBRIAR CM NW;249 GREENBRIAR CM NW,"MULTIPOINT (-114.21520376644062 51.08804954183255,-114.21471012756237 51.08855771900766,-114.21501829261562 51.08855486930267,-114.21463398476556 51.08855671712386,-114.21509624291924 51.08855472592171,-114.21494760408616 51.08855728265982,-114.21478807258445 51.0885564341527,-114.2148623972962 51.08855629758813)","{""type"":""MultiPoint"",""coordinates"":[[-114.2152038,51.0880495],[-114.2147101,51.0885577],[-114.2150183,51.0885549],[-114.214634,51.0885567],[-114.2150962,51.0885547],[-114.2149476,51.0885573],[-114.2147881,51.0885564],[-114.2148624,51.0885563]]}",POINT (-114.21520376644062 51.08804954183255),253 GREENBRIAR CM NW,a,
BP2019-16316,Completed,2019-12-02,2019,2020-02-05,2022-06-01,2022,Commercial / Multi Family Project,Building,1606 - Ths Townhouse,Townhouse,Residential,New,New,New,Building 14 - Residential 3 Storey Rowhouse,ZEIDLER ARCHITECTURE,,,5,"$1,242,485",72,72,229 GREENBRIAR CM NW,GRE,GREENWOOD/GREENBRIAR,51.08804954,-114.2152038,6,Titled Parcel;Building;Building;Building;Building;Building,151 GREENBRIAR PL NW;233 GREENBRIAR CM NW;237 GREENBRIAR CM NW;231 GREENBRIAR CM NW;235 GREENBRIAR CM NW;229 GREENBRIAR CM NW,"MULTIPOINT (-114.21520376644062 51.08804954183255,-114.21443450308732 51.08854109950757,-114.21443495710024 51.08863928394268,-114.2144342496859 51.08848629889192,-114.21443654817193 51.08859133008001,-114.21443401212277 51.08843492331428)","{""type"":""MultiPoint"",""coordinates"":[[-114.2152038,51.0880495],[-114.2144345,51.0885411],[-114.214435,51.0886393],[-114.2144342,51.0884863],[-114.2144365,51.0885913],[-114.214434,51.0884349]]}",POINT (-114.21520376644062 51.08804954183255),229 GREENBRIAR CM NW,a,
BP2019-09496,Completed,2019-07-19,2019,2019-08-01,2025-01-07,2025,Commercial / Multi Family Project,Building,1606 - Ths Townhouse,Townhouse,Residential,New,New,New,New Townhouse & Stacked Townhouse,ZEIDLER ARCHITECTURE,,ARTIS IN GREENWICH,7,"$1,399,209",72,72,504 GREENBRIAR CM NW,GRE,GREENWOOD/GREENBRIAR,51.08804954,-114.2152038,8,Titled Parcel;Building;Building;Building;Building;Building;Building;Building,151 GREENBRIAR PL NW;514 GREENBRIAR CM NW;512 GREENBRIAR CM NW;506 GREENBRIAR CM NW;508 GREENBRIAR CM NW;504 GREENBRIAR CM NW;510 GREENBRIAR CM NW;516 GREENBRIAR CM NW,"MULTIPOINT (-114.21520376644062 51.08804954183255,-114.21454280500717 51.08883203155635,-114.21462256330386 51.08883074348475,-114.2148818055103 51.08883255069313,-114.2147802829383 51.0888315955467,-114.21492518592535 51.08880507041792,-114.21470595778491 51.088831732059596,-114.21448101110052 51.08879789425743)","{""type"":""MultiPoint"",""coordinates"":[[-114.2152038,51.0880495],[-114.2145428,51.088832],[-114.2146226,51.0888307],[-114.2148818,51.0888326],[-114.2147803,51.0888316],[-114.2149252,51.0888051],[-114.214706,51.0888317],[-114.214481,51.0887979]]}",POINT (-114.21520376644062 51.08804954183255),504 GREENBRIAR CM NW,a,
BP2019-06922,Completed,2019-06-05,2019,2019-06-19,2021-01-27,2021,Commercial / Multi Family Project,Building,1606 - Ths Townhouse,Townhouse,Residential,New,New,New,New Townhouses,ZEIDLER ARCHITECTURE,,ARTIS IN GREENWICH,3,"$658,667",72,72,706 GREENBRIAR CM NW,GRE,GREENWOOD/GREENBRIAR,51.08805848,-114.2152334,4,Titled Parcel;Building;Building;Building,151 GREENBRIAR PL NW;706 GREENBRIAR CM NW;704 GREENBRIAR CM NW;708 GREENBRIAR CM NW,"MULTIPOINT (-114.21523336929096 51.08805847701968,-114.21396537398593 51.088625491070175,-114.21404088903371 51.08862344703772,-114.2138822805151 51.08862469019988)","{""type"":""MultiPoint"",""coordinates"":[[-114.2152334,51.0880585],[-114.2139654,51.0886255],[-114.2140409,51.0886234],[-114.2138823,51.0886247]]}",POINT (-114.21523336929096 51.08805847701968),706 GREENBRIAR CM NW,a,
BP2021-12372,Completed,2021-07-13,2021,2021-11-04,2023-08-03,2023,Commercial / Multi Family Project,Building,1606 - Ths Townhouse,Townhouse,Residential,New,New,New,New 4-Unit Residential Rowhouse - Building 10,,ARTIS IN GREENWICH,ARTIS IN GREENWICH,4,"$937,159",73,73,173 GREENBRIAR PL NW,GRE,GREENWOOD/GREENBRIAR,51.08797858,-114.214682,5,Titled Parcel;Building;Building;Building;Building,167 GREENBRIAR PL NW;175 GREENBRIAR PL NW;171 GREENBRIAR PL NW;173 GREENBRIAR PL NW;169 GREENBRIAR PL NW,"MULTIPOINT (-114.21468198148796 51.08797858365661,-114.21437496915532 51.08801073671892,-114.21453729127872 51.088013549407755,-114.21445983771008 51.08801596589434,-114.21461296883905 51.088019083006415)","{""type"":""MultiPoint"",""coordinates"":[[-114.214682,51.0879786],[-114.214375,51.0880107],[-114.2145373,51.0880135],[-114.2144598,51.088016],[-114.214613,51.0880191]]}",POINT (-114.21468198148796 51.08797858365661),173 GREENBRIAR PL NW,a,
BP2021-06795,Completed,2021-04-26,2021,2021-06-22,2022-06-10,2022,Commercial / Multi Family Project,Building,1606 - Ths Townhouse,Townhouse,Residential,New,New,New,"3-Unit Residential Rowhouse - Building 15; located at 219, 221, 223 GREENBRIAR CM NW.",,ARTIS IN GREENWICH,ARTIS IN GREENWICH,3,"$824,559",73,73,219 GREENBRIAR CM NW,GRE,GREENWOOD/GREENBRIAR,51.08820398,-114.214328,4,Titled Parcel;Building;Building;Building,217 GREENBRIAR CM NW;223 GREENBRIAR CM NW;221 GREENBRIAR CM NW;219 GREENBRIAR CM NW,"MULTIPOINT (-114.21432801595527 51.08820397504747,-114.21445165433072 51.088329855549574,-114.21445506344233 51.08828304003861,-114.21444756415814 51.08822939440027)","{""type"":""MultiPoint"",""coordinates"":[[-114.214328,51.088204],[-114.2144517,51.0883299],[-114.2144551,51.088283],[-114.2144476,51.0882294]]}",POINT (-114.21432801595527 51.08820397504747),219 GREENBRIAR CM NW,a,
BP2022-10755,Completed,2022-06-20,2022,2022-09-14,2023-12-08,2023,Commercial / Multi Family Project,Building,1606 - Ths Townhouse,Townhouse,Residential,New,New,New,4 unit rowhouse,,ARTIS IN GREENWICH,ARTIS IN GREENWICH,4,"$1,041,368",73,73,304 GREENBRIAR CM NW,GRE,GREENWOOD/GREENBRIAR,51.08806298,-114.2152294,5,Titled Parcel;Building;Building;Building;Building,151 GREENBRIAR PL NW;308 GREENBRIAR CM NW;306 GREENBRIAR CM NW;304 GREENBRIAR CM NW;310 GREENBRIAR CM NW,"MULTIPOINT (-114.21522935065373 51.08806297925721,-114.21540657603386 51.08862836437939,-114.21540629496724 51.08856785537101,-114.215406077539 51.088521046515034,-114.21540854793054 51.08866261142134)","{""type"":""MultiPoint"",""coordinates"":[[-114.2152294,51.088063],[-114.2154066,51.0886284],[-114.2154063,51.0885679],[-114.2154061,51.088521],[-114.2154085,51.0886626]]}",POINT (-114.21522935065373 51.08806297925721),304 GREENBRIAR CM NW,a,
BP2022-10750,Completed,2022-06-20,2022,2022-09-15,2023-11-23,2023,Commercial / Multi Family Project,Building,1606 - Ths Townhouse,Townhouse,Residential,New,New,New,6 unit rowhouse,,ARTIS IN GREENWICH,ARTIS IN GREENWICH,6,"$1,315,217",73,73,104 GREENBRIAR CM NW,GRE,GREENWOOD/GREENBRIAR,51.0881213,-114.2152899,7,Titled Parcel;Building;Building;Building;Building;Building;Building,100 GREENBRIAR CM NW;104 GREENBRIAR CM NW;112 GREENBRIAR CM NW;110 GREENBRIAR CM NW;106 GREENBRIAR CM NW;114 GREENBRIAR CM NW;108 GREENBRIAR CM NW,"MULTIPOINT (-114.21528987182867 51.088121300745506,-114.21531730340584 51.08814216921379,-114.21536537419085 51.08834415967182,-114.2153470130242 51.08829395916613,-114.21533021552669 51.08819009638268,-114.2153674096701 51.08839210686956,-114.21533771582529 51.08824374196356)","{""type"":""MultiPoint"",""coordinates"":[[-114.2152899,51.0881213],[-114.2153173,51.0881422],[-114.2153654,51.0883442],[-114.215347,51.088294],[-114.2153302,51.0881901],[-114.2153674,51.0883921],[-114.2153377,51.0882437]]}",POINT (-114.21528987182867 51.088121300745506),104 GREENBRIAR CM NW,a,
BP2018-04006,Completed,2018-04-12,2018,2018-05-16,2019-10-16,2019,Commercial / Multi Family Project,Building,1606 - Ths Townhouse,Townhouse,Residential,New,New,New,New 4 unit townhomes.,NORR ARCHITECTS ENGINEERS PLANNERS,,CEDARGLEN LIVING,4,"$810,275",74,74,4 HARVEST HILLS MR NE,HAR,HARVEST HILLS,51.15305314,-114.0473691,5,Titled Parcel;Building;Building;Building;Building,18 HARVEST HILLS MR NE;10 HARVEST HILLS MR NE;4 HARVEST HILLS MR NE;6 HARVEST HILLS MR NE;8 HARVEST HILLS MR NE,"MULTIPOINT (-114.04736909265891 51.15305313633793,-114.04744364871934 51.153149357407585,-114.04771898196883 51.15315115120101,-114.04763274520229 51.15315023345439,-114.04753441570388 51.1531493205588)","{""type"":""MultiPoint"",""coordinates"":[[-114.0473691,51.1530531],[-114.0474436,51.1531494],[-114.047719,51.1531512],[-114.0476327,51.1531502],[-114.0475344,51.1531493]]}",POINT (-114.04736909265891 51.15305313633793),4 HARVEST HILLS MR NE,a,
BP2018-04007,Completed,2018-04-12,2018,2018-05-16,2019-01-17,2019,Commercial / Multi Family Project,Building,1606 - Ths Townhouse,Townhouse,Residential,New,New,New,New 4 unit townhomes.,NORR ARCHITECTS ENGINEERS PLANNERS,,CEDARGLEN LIVING,4,"$810,275",74,74,16 HARVEST HILLS MR NE,HAR,HARVEST HILLS,51.15305314,-114.0473691,5,Titled Parcel;Building;Building;Building;Building,18 HARVEST HILLS MR NE;20 HARVEST HILLS MR NE;18 HARVEST HILLS MR NE;22 HARVEST HILLS MR NE;16 HARVEST HILLS MR NE,"MULTIPOINT (-114.04736909265891 51.15305313633793,-114.047089650698 51.153142839179154,-114.04718949533932 51.15314375183739,-114.04700492912431 51.153141920359744,-114.04727874617424 51.15314276290461)","{""type"":""MultiPoint"",""coordinates"":[[-114.0473691,51.1530531],[-114.0470897,51.1531428],[-114.0471895,51.1531438],[-114.0470049,51.1531419],[-114.0472787,51.1531428]]}",POINT (-114.04736909265891 51.15305313633793),16 HARVEST HILLS MR NE,a,
BP2018-07873,Completed,2018-06-19,2018,2018-06-26,2019-04-25,2019,Commercial / Multi Family Project,Building,1606 - Ths Townhouse,Townhouse,Residential,New,New,New,New row townhouse of 6 residential units,NORR ARCHITECTS ENGINEERS PLANNERS,,CEDARGLEN LIVING,6,"$1,064,648",74,74,11180 HARVEST HILLS GA NE,HAR,HARVEST HILLS,51.15305314,-114.0473691,7,Titled Parcel;Building;Building;Building;Building;Building;Building,18 HARVEST HILLS MR NE;11188 HARVEST HILLS GA NE;11186 HARVEST HILLS GA NE;11184 HARVEST HILLS GA NE;11190 HARVEST HILLS GA NE;11182 HARVEST HILLS GA NE;11180 HARVEST HILLS GA NE,"MULTIPOINT (-114.04736909265891 51.15305313633793,-114.0476667338543 51.15382761034156,-114.04767122199574 51.153785753097736,-114.04767117984122 51.153744841604066,-114.04766979797037 51.153874228976925,-114.0476711357231 51.15370202432311,-114.04767109063252 51.15365826313786)","{""type"":""MultiPoint"",""coordinates"":[[-114.0473691,51.1530531],[-114.0476667,51.1538276],[-114.0476712,51.1537858],[-114.0476712,51.1537448],[-114.0476698,51.1538742],[-114.0476711,51.153702],[-114.0476711,51.1536583]]}",POINT (-114.04736909265891 51.15305313633793),11180 HARVEST HILLS GA NE,a,
BP2018-07877,Completed,2018-06-19,2018,2018-06-22,2019-03-21,2019,Commercial / Multi Family Project,Building,1606 - Ths Townhouse,Townhouse,Residential,New,New,New,New row townhouse of 6 residential units,NORR ARCHITECTS ENGINEERS PLANNERS,,CEDARGLEN LIVING,6,"$1,064,648",74,74,11164 HARVEST HILLS GA NE,HAR,HARVEST HILLS,51.15305314,-114.0473691,7,Titled Parcel;Building;Building;Building;Building;Building;Building,18 HARVEST HILLS MR NE;11172 HARVEST HILLS GA NE;11174 HARVEST HILLS GA NE;11170 HARVEST HILLS GA NE;11166 HARVEST HILLS GA NE;11164 HARVEST HILLS GA NE;11168 HARVEST HILLS GA NE,"MULTIPOINT (-114.04736909265891 51.15305313633793,-114.04768457765805 51.15352696503836,-114.04768462080621 51.15356882942708,-114.04768453059081 51.15348129806471,-114.04768443743882 51.1533909170099,-114.04768438938986 51.15334429714162,-114.04768749173108 51.1534280157023)","{""type"":""MultiPoint"",""coordinates"":[[-114.0473691,51.1530531],[-114.0476846,51.153527],[-114.0476846,51.1535688],[-114.0476845,51.1534813],[-114.0476844,51.1533909],[-114.0476844,51.1533443],[-114.0476875,51.153428]]}",POINT (-114.04736909265891 51.15305313633793),11164 HARVEST HILLS GA NE,a,
BP2018-09783,Completed,2018-07-25,2018,2018-08-02,2019-05-28,2019,Commercial / Multi Family Project,Building,1606 - Ths Townhouse,Townhouse,Residential,New,New,New,New row townhouse of 5 residential units,NORR ARCHITECTS ENGINEERS PLANNERS,,,5,"$832,159",74,74,120 HARVEST HILLS CM NE,HAR,HARVEST HILLS,51.15305314,-114.0473691,6,Titled Parcel;Building;Building;Building;Building;Building,18 HARVEST HILLS MR NE;124 HARVEST HILLS CM NE;126 HARVEST HILLS CM NE;128 HARVEST HILLS CM NE;120 HARVEST HILLS CM NE;122 HARVEST HILLS CM NE,"MULTIPOINT (-114.04736909265891 51.15305313633793,-114.04728856482697 51.1538686753399,-114.04728407827909 51.153912438355505,-114.04728866304184 51.15396476475909,-114.04729148142745 51.1537573653666,-114.04728850745481 51.153812544519305)","{""type"":""MultiPoint"",""coordinates"":[[-114.0473691,51.1530531],[-114.0472886,51.1538687],[-114.0472841,51.1539124],[-114.0472887,51.1539648],[-114.0472915,51.1537574],[-114.0472885,51.1538125]]}",POINT (-114.04736909265891 51.15305313633793),120 HARVEST HILLS CM NE,a,
BP2018-09784,Completed,2018-07-25,2018,2018-08-02,2019-07-25,2019,Commercial / Multi Family Project,Building,1606 - Ths Townhouse,Townhouse,Residential,New,New,New,New row townhouse of 5 residential units,NORR ARCHITECTS ENGINEERS PLANNERS,,,5,"$832,159",74,74,102 HARVEST HILLS CM NE,HAR,HARVEST HILLS,51.15305314,-114.0473691,6,Titled Parcel;Building;Building;Building;Building;Building,18 HARVEST HILLS MR NE;110 HARVEST HILLS CM NE;102 HARVEST HILLS CM NE;106 HARVEST HILLS CM NE;108 HARVEST HILLS CM NE;104 HARVEST HILLS CM NE,"MULTIPOINT (-114.04736909265891 51.15305313633793,-114.04728825656863 51.15356708454236,-114.04728807083887 51.15338536953939,-114.04728967839264 51.153475749982285,-114.04728669374101 51.15352046528773,-114.0472896307413 51.15342913011441)","{""type"":""MultiPoint"",""coordinates"":[[-114.0473691,51.1530531],[-114.0472883,51.1535671],[-114.0472881,51.1533854],[-114.0472897,51.1534757],[-114.0472867,51.1535205],[-114.0472896,51.1534291]]}",POINT (-114.04736909265891 51.15305313633793),102 HARVEST HILLS CM NE,a,
BP2018-09785,Completed,2018-07-25,2018,2018-08-02,2019-06-06,2019,Commercial / Multi Family Project,Building,1606 - Ths Townhouse,Townhouse,Residential,New,New,New,New row townhouse of 4 residential units,NORR ARCHITECTS ENGINEERS PLANNERS,,,4,"$777,901",74,74,221 HARVEST HILLS CM NE,HAR,HARVEST HILLS,51.15305314,-114.0473691,5,Titled Parcel;Building;Building;Building;Building,18 HARVEST HILLS MR NE;225 HARVEST HILLS CM NE;221 HARVEST HILLS CM NE;223 HARVEST HILLS CM NE;227 HARVEST HILLS CM NE,"MULTIPOINT (-114.04736909265891 51.15305313633793,-114.04698150224868 51.15390304931082,-114.04698139017565 51.15379268446672,-114.04697841584003 51.15384787260087,-114.0469800421305 51.15395728394193)","{""type"":""MultiPoint"",""coordinates"":[[-114.0473691,51.1530531],[-114.0469815,51.153903],[-114.0469814,51.1537927],[-114.0469784,51.1538479],[-114.04698,51.1539573]]}",POINT (-114.04736909265891 51.15305313633793),221 HARVEST HILLS CM NE,a,
BP2018-09786,Completed,2018-07-25,2018,2018-08-02,2019-06-17,2019,Commercial / Multi Family Project,Building,1606 - Ths Townhouse,Townhouse,Residential,New,New,New,New row townhouse of 4 residential units,NORR ARCHITECTS ENGINEERS PLANNERS,,,4,"$777,901",74,74,203 HARVEST HILLS CM NE,HAR,HARVEST HILLS,51.15305314,-114.0473691,5,Titled Parcel;Building;Building;Building;Building,18 HARVEST HILLS MR NE;207 HARVEST HILLS CM NE;205 HARVEST HILLS CM NE;209 HARVEST HILLS CM NE;203 HARVEST HILLS CM NE,"MULTIPOINT (-114.04736909265891 51.15305313633793,-114.04698565554219 51.153516784005944,-114.04698861459536 51.15346065197023,-114.04698872861076 51.15357291361814,-114.04699310117354 51.15340261353232)","{""type"":""MultiPoint"",""coordinates"":[[-114.0473691,51.1530531],[-114.0469857,51.1535168],[-114.0469886,51.1534607],[-114.0469887,51.1535729],[-114.0469931,51.1534026]]}",POINT (-114.04736909265891 51.15305313633793),203 HARVEST HILLS CM NE,a,
BP2018-09787,Completed,2018-07-25,2018,2018-08-02,2019-06-26,2019,Commercial / Multi Family Project,Building,1606 - Ths Townhouse,Townhouse,Residential,New,New,New,New row townhouse of 4 residential units,NORR ARCHITECTS ENGINEERS PLANNERS,,,4,"$965,890",74,74,328 HARVEST HILLS CM NE,HAR,HARVEST HILLS,51.15318869,-114.0455924,5,Titled Parcel;Building;Building;Building;Building,60 HARVEST HILLS MR NE;332 HARVEST HILLS CM NE;330 HARVEST HILLS CM NE;328 HARVEST HILLS CM NE;334 HARVEST HILLS CM NE,"MULTIPOINT (-114.04559242616159 51.15318868579078,-114.04525633510046 51.15332480146436,-114.04537883866041 51.153299070816196,-114.0454627865456 51.15328334243819,-114.04515650914497 51.15334339450645)","{""type"":""MultiPoint"",""coordinates"":[[-114.0455924,51.1531887],[-114.0452563,51.1533248],[-114.0453788,51.1532991],[-114.0454628,51.1532833],[-114.0451565,51.1533434]]}",POINT (-114.04559242616159 51.15318868579078),328 HARVEST HILLS CM NE,a,
BP2018-09788,Completed,2018-07-25,2018,2018-08-02,2019-07-04,2019,Commercial / Multi Family Project,Building,1606 - Ths Townhouse,Townhouse,Residential,New,New,New,New row townhouse of 5 residential units,NORR ARCHITECTS ENGINEERS PLANNERS,,,4,"$965,890",74,74,340 HARVEST HILLS CM NE,HAR,HARVEST HILLS,51.15318869,-114.0455924,5,Titled Parcel;Building;Building;Building;Building,60 HARVEST HILLS MR NE;346 HARVEST HILLS CM NE;340 HARVEST HILLS CM NE;344 HARVEST HILLS CM NE;342 HARVEST HILLS CM NE,"MULTIPOINT (-114.04559242616159 51.15318868579078,-114.04464149963633 51.15345348063202,-114.04495006548046 51.153393420044615,-114.04473906618627 51.153433459553064,-114.04486157032188 51.153407729446954)","{""type"":""MultiPoint"",""coordinates"":[[-114.0455924,51.1531887],[-114.0446415,51.1534535],[-114.0449501,51.1533934],[-114.0447391,51.1534335],[-114.0448616,51.1534077]]}",POINT (-114.04559242616159 51.15318868579078),340 HARVEST HILLS CM NE,a,
BP2018-07879,Completed,2018-06-19,2018,2018-06-27,2019-02-21,2019,Commercial / Multi Family Project,Building,1606 - Ths Townhouse,Townhouse,Residential,New,New,New,New row townhouse of 4 residential units,NORR ARCHITECTS ENGINEERS PLANNERS,,CEDARGLEN LIVING,4,"$965,890",74,74,316 HARVEST HILLS CM NE,HAR,HARVEST HILLS,51.15326485,-114.0462251,5,Titled Parcel;Building;Building;Building;Building,38 HARVEST HILLS MR NE;322 HARVEST HILLS CM NE;316 HARVEST HILLS CM NE;320 HARVEST HILLS CM NE;318 HARVEST HILLS CM NE,"MULTIPOINT (-114.04622514179053 51.15326484878419,-114.04576680186508 51.15322043177039,-114.04607535893007 51.15316893527166,-114.04586888718349 51.15320326666209,-114.045977790676 51.15318609878493)","{""type"":""MultiPoint"",""coordinates"":[[-114.0462251,51.1532648],[-114.0457668,51.1532204],[-114.0460754,51.1531689],[-114.0458689,51.1532033],[-114.0459778,51.1531861]]}",POINT (-114.04622514179053 51.15326484878419),316 HARVEST HILLS CM NE,a,
BP2018-04265,Completed,2018-04-18,2018,2018-05-16,2019-01-29,2019,Commercial / Multi Family Project,Building,1606 - Ths Townhouse,Townhouse,Residential,New,New,New,New 4 unit townhomes.,NORR ARCHITECTS ENGINEERS PLANNERS,,,4,"$965,890",74,74,304 HARVEST HILLS CM NE,HAR,HARVEST HILLS,51.15326485,-114.0462251,5,Titled Parcel;Building;Building;Building;Building,38 HARVEST HILLS MR NE;310 HARVEST HILLS CM NE;308 HARVEST HILLS CM NE;304 HARVEST HILLS CM NE;306 HARVEST HILLS CM NE,"MULTIPOINT (-114.04622514179053 51.15326484878419,-114.0463067834118 51.15314458104919,-114.04640889554182 51.15314026154862,-114.04662672187827 51.15312589949504,-114.04652688542238 51.15313307696266)","{""type"":""MultiPoint"",""coordinates"":[[-114.0462251,51.1532648],[-114.0463068,51.1531446],[-114.0464089,51.1531403],[-114.0466267,51.1531259],[-114.0465269,51.1531331]]}",POINT (-114.04622514179053 51.15326484878419),304 HARVEST HILLS CM NE,a,
BP2019-13259,Completed,2019-09-26,2019,2019-10-18,2020-11-23,2020,Commercial / Multi Family Project,Building,1606 - Ths Townhouse,Townhouse,Residential,New,New,New,Harvest Hills The Terrace - Building 09,NORR ARCHITECTS ENGINEERS PLANNERS,,CEDARGLEN LIVING,4,"$987,720",74,74,128 HARVEST GROVE WK NE,HAR,HARVEST HILLS,51.1502549,-114.0421013,8,Titled Parcel;Titled Parcel;Titled Parcel;Titled Parcel;Building;Building;Building;Building,134 HARVEST GROVE WK NE;130 HARVEST GROVE WK NE;128 HARVEST GROVE WK NE;132 HARVEST GROVE WK NE;130 HARVEST GROVE WK NE;128 HARVEST GROVE WK NE;134 HARVEST GROVE WK NE;132 HARVEST GROVE WK NE,"MULTIPOINT (-114.04210125533542 51.15025490041014,-114.04225548660474 51.15032676136021,-114.04233758054912 51.15036718474204,-114.04218159096227 51.15029532453475,-114.04234063322991 51.1502512271696,-114.04242205345003 51.15028959212492,-114.04219136318653 51.15018090175806,-114.04227278315096 51.15021925782825)","{""type"":""MultiPoint"",""coordinates"":[[-114.0421013,51.1502549],[-114.0422555,51.1503268],[-114.0423376,51.1503672],[-114.0421816,51.1502953],[-114.0423406,51.1502512],[-114.0424221,51.1502896],[-114.0421914,51.1501809],[-114.0422728,51.1502193]]}",POINT (-114.04210125533542 51.15025490041014),128 HARVEST GROVE WK NE,a,
BP2019-13266,Completed,2019-09-26,2019,2019-10-18,2021-05-26,2021,Commercial / Multi Family Project,Building,1606 - Ths Townhouse,Townhouse,Residential,New,New,New,Harvest Hills The Terrace - Building 10,NORR ARCHITECTS ENGINEERS PLANNERS,,CEDARGLEN LIVING,7,"$1,552,450",74,74,202 HARVEST GROVE WK NE,HAR,HARVEST HILLS,51.15041219,-114.0421816,14,Titled Parcel;Titled Parcel;Titled Parcel;Titled Parcel;Titled Parcel;Titled Parcel;Titled Parcel;Building;Building;Building;Building;Building;Building;Building,204 HARVEST GROVE WK NE;202 HARVEST GROVE WK NE;212 HARVEST GROVE WK NE;206 HARVEST GROVE WK NE;214 HARVEST GROVE WK NE;210 HARVEST GROVE WK NE;208 HARVEST GROVE WK NE;204 HARVEST GROVE WK NE;206 HARVEST GROVE WK NE;214 HARVEST GROVE WK NE;212 HARVEST GROVE WK NE;208 HARVEST GROVE WK NE;210 HARVEST GROVE WK NE;202 HARVEST GROVE WK NE,"MULTIPOINT (-114.04218161173898 51.150412188940436,-114.04210365266306 51.15037625874634,-114.04246314955991 51.15054243584297,-114.04225200573943 51.15044362703015,-114.04253820353902 51.15057387206807,-114.04239276544087 51.150506503092245,-114.04232238554233 51.15047506508246,-114.04213056205307 51.150449657887314,-114.04219502682852 51.15048375905923,-114.0424766097355 51.15061589372122,-114.04240875902777 51.150583924460896,-114.04226966651208 51.15051572599097,-114.04233751702373 51.15054769533239,-114.0420559349289 51.15041556033383)","{""type"":""MultiPoint"",""coordinates"":[[-114.0421816,51.1504122],[-114.0421037,51.1503763],[-114.0424631,51.1505424],[-114.042252,51.1504436],[-114.0425382,51.1505739],[-114.0423928,51.1505065],[-114.0423224,51.1504751],[-114.0421306,51.1504497],[-114.042195,51.1504838],[-114.0424766,51.1506159],[-114.0424088,51.1505839],[-114.0422697,51.1505157],[-114.0423375,51.1505477],[-114.0420559,51.1504156]]}",POINT (-114.04218161173898 51.150412188940436),202 HARVEST GROVE WK NE,a,
BP2019-13254,Completed,2019-09-26,2019,2019-10-18,2020-12-29,2020,Commercial / Multi Family Project,Building,1606 - Ths Townhouse,Townhouse,Residential,New,New,New,Harvest Hills The Terrace - Building 08,NORR ARCHITECTS ENGINEERS PLANNERS,,CEDARGLEN LIVING,4,"$987,720",74,74,116 HARVEST GROVE WK NE,HAR,HARVEST HILLS,51.15041659,-114.0424522,8,Titled Parcel;Titled Parcel;Titled Parcel;Titled Parcel;Building;Building;Building;Building,122 HARVEST GROVE WK NE;116 HARVEST GROVE WK NE;118 HARVEST GROVE WK NE;120 HARVEST GROVE WK NE;116 HARVEST GROVE WK NE;122 HARVEST GROVE WK NE;118 HARVEST GROVE WK NE;120 HARVEST GROVE WK NE,"MULTIPOINT (-114.04245221413335 51.15041658583138,-114.04268852258429 51.15052437467244,-114.04260643219332 51.15048844632165,-114.04253253192263 51.15045251493535,-114.04276130974297 51.15045369006623,-114.0425407926272 51.150342866143866,-114.04268667624297 51.15041319234349,-114.04261882372512 51.15037909267645)","{""type"":""MultiPoint"",""coordinates"":[[-114.0424522,51.1504166],[-114.0426885,51.1505244],[-114.0426064,51.1504884],[-114.0425325,51.1504525],[-114.0427613,51.1504537],[-114.0425408,51.1503429],[-114.0426867,51.1504132],[-114.0426188,51.1503791]]}",POINT (-114.04245221413335 51.15041658583138),116 HARVEST GROVE WK NE,a,
BP2019-13239,Completed,2019-09-26,2019,2019-10-18,2021-02-18,2021,Commercial / Multi Family Project,Building,1606 - Ths Townhouse,Townhouse,Residential,New,New,New,Harvest Hills The Terrace - Building 07,NORR ARCHITECTS ENGINEERS PLANNERS,,CEDARGLEN LIVING,5,"$1,237,227",74,74,102 HARVEST GROVE WK NE,HAR,HARVEST HILLS,51.15068157,-114.0430325,10,Titled Parcel;Titled Parcel;Titled Parcel;Titled Parcel;Titled Parcel;Building;Building;Building;Building;Building,104 HARVEST GROVE WK NE;110 HARVEST GROVE WK NE;102 HARVEST GROVE WK NE;108 HARVEST GROVE WK NE;106 HARVEST GROVE WK NE;110 HARVEST GROVE WK NE;102 HARVEST GROVE WK NE;104 HARVEST GROVE WK NE;108 HARVEST GROVE WK NE;106 HARVEST GROVE WK NE,"MULTIPOINT (-114.0430325204832 51.150681566100836,-114.04280437601416 51.1505782697552,-114.04311464013405 51.150717494140714,-114.04288470865072 51.15061419861101,-114.04295860528 51.15064563499031,-114.04290040522925 51.15050909579315,-114.04319217106773 51.15064548605338,-114.04312770334653 51.15060925490484,-114.04297843094386 51.15053892151303,-114.04304967146213 51.15057302871335)","{""type"":""MultiPoint"",""coordinates"":[[-114.0430325,51.1506816],[-114.0428044,51.1505783],[-114.0431146,51.1507175],[-114.0428847,51.1506142],[-114.0429586,51.1506456],[-114.0429004,51.1505091],[-114.0431922,51.1506455],[-114.0431277,51.1506093],[-114.0429784,51.1505389],[-114.0430497,51.150573]]}",POINT (-114.0430325204832 51.150681566100836),102 HARVEST GROVE WK NE,a,
BP2019-13272,Completed,2019-09-26,2019,2019-10-18,2020-12-10,2020,Commercial / Multi Family Project,Building,1606 - Ths Townhouse,Townhouse,Residential,New,New,New,Harvest Hills The Terrace - Building 12,NORR ARCHITECTS ENGINEERS PLANNERS,,CEDARGLEN LIVING,6,"$1,209,604",74,74,234 HARVEST GROVE WK NE,HAR,HARVEST HILLS,51.15074939,-114.0419234,12,Titled Parcel;Titled Parcel;Titled Parcel;Titled Parcel;Titled Parcel;Titled Parcel;Building;Building;Building;Building;Building;Building,244 HARVEST GROVE WK NE;236 HARVEST GROVE WK NE;234 HARVEST GROVE WK NE;238 HARVEST GROVE WK NE;242 HARVEST GROVE WK NE;240 HARVEST GROVE WK NE;236 HARVEST GROVE WK NE;240 HARVEST GROVE WK NE;238 HARVEST GROVE WK NE;242 HARVEST GROVE WK NE;234 HARVEST GROVE WK NE;244 HARVEST GROVE WK NE,"MULTIPOINT (-114.0419233966291 51.15074939064039,-114.04221959437963 51.150825695449896,-114.0422993388236 51.150843645779496,-114.0421459430336 51.15081223765544,-114.04199863231035 51.15077633236066,-114.04207228764342 51.15079428503126,-114.04226927701156 51.150746497378506,-114.04211344917304 51.150712303323566,-114.04220119943832 51.150732255511876,-114.04204384058785 51.15069615612768,-114.04234190250453 51.15076359624248,-114.04197272953103 51.15067810364069)","{""type"":""MultiPoint"",""coordinates"":[[-114.0419234,51.1507494],[-114.0422196,51.1508257],[-114.0422993,51.1508436],[-114.0421459,51.1508122],[-114.0419986,51.1507763],[-114.0420723,51.1507943],[-114.0422693,51.1507465],[-114.0421134,51.1507123],[-114.0422012,51.1507323],[-114.0420438,51.1506962],[-114.0423419,51.1507636],[-114.0419727,51.1506781]]}",POINT (-114.0419233966291 51.15074939064039),234 HARVEST GROVE WK NE,a,
BP2019-13269,Completed,2019-09-26,2019,2019-10-18,2021-06-08,2021,Commercial / Multi Family Project,Building,1606 - Ths Townhouse,Townhouse,Residential,New,New,New,Harvest Hills The Terrace - Building 11,NORR ARCHITECTS ENGINEERS PLANNERS,,CEDARGLEN LIVING,4,"$806,015",74,74,220 HARVEST GROVE WK NE,HAR,HARVEST HILLS,51.150839,-114.0427188,8,Titled Parcel;Titled Parcel;Titled Parcel;Titled Parcel;Building;Building;Building;Building,224 HARVEST GROVE WK NE;222 HARVEST GROVE WK NE;226 HARVEST GROVE WK NE;220 HARVEST GROVE WK NE;220 HARVEST GROVE WK NE;226 HARVEST GROVE WK NE;224 HARVEST GROVE WK NE;222 HARVEST GROVE WK NE,"MULTIPOINT (-114.04271882879341 51.15083899854983,-114.0427507899644 51.15079403902558,-114.0426663423608 51.15088396555338,-114.04279152298597 51.15074458149882,-114.04266694774464 51.150718952793646,-114.04256950359593 51.15085123385453,-114.04260349741507 51.1508093660428,-114.04263672836059 51.15076178113269)","{""type"":""MultiPoint"",""coordinates"":[[-114.0427188,51.150839],[-114.0427508,51.150794],[-114.0426663,51.150884],[-114.0427915,51.1507446],[-114.0426669,51.150719],[-114.0425695,51.1508512],[-114.0426035,51.1508094],[-114.0426367,51.1507618]]}",POINT (-114.04271882879341 51.15083899854983),220 HARVEST GROVE WK NE,a,
BP2019-14915,Completed,2019-10-31,2019,2019-11-28,2021-07-14,2021,Commercial / Multi Family Project,Building,1606 - Ths Townhouse,Townhouse,Residential,New,New,New,New Building - The Terrace (Building # 6),NORR ARCHITECTS ENGINEERS PLANNERS,,CEDARGLEN LIVING,6,"$1,478,301",74,74,242 HARVEST HILLS WY NE,HAR,HARVEST HILLS,51.15089279,-114.0431224,2,Titled Parcel;Building,242 HARVEST HILLS WY NE;242 HARVEST HILLS WY NE,"MULTIPOINT (-114.04312240751989 51.15089278788414,-114.0429929478885 51.15085662555182)","{""type"":""MultiPoint"",""coordinates"":[[-114.0431224,51.1508928],[-114.0429929,51.1508566]]}",POINT (-114.04312240751989 51.15089278788414),242 HARVEST HILLS WY NE,a,
BP2019-10445,Completed,2019-08-06,2019,2019-08-12,2020-07-29,2020,Commercial / Multi Family Project,Building,1606 - Ths Townhouse,Townhouse,Residential,New,New,New,Harvest Hills The Terrace - Building 13,NORR ARCHITECTS ENGINEERS PLANNERS,,CEDARGLEN LIVING,6,"$1,477,741",74,74,302 HARVEST GROVE WK NE,HAR,HARVEST HILLS,51.15093804,-114.0422833,12,Titled Parcel;Titled Parcel;Titled Parcel;Titled Parcel;Titled Parcel;Titled Parcel;Building;Building;Building;Building;Building;Building,310 HARVEST GROVE WK NE;306 HARVEST GROVE WK NE;302 HARVEST GROVE WK NE;312 HARVEST GROVE WK NE;304 HARVEST GROVE WK NE;308 HARVEST GROVE WK NE;310 HARVEST GROVE WK NE;302 HARVEST GROVE WK NE;312 HARVEST GROVE WK NE;308 HARVEST GROVE WK NE;304 HARVEST GROVE WK NE;306 HARVEST GROVE WK NE,"MULTIPOINT (-114.04228333082258 51.150938042045965,-114.04211145957747 51.150897650984724,-114.04193065531585 51.15085726287318,-114.04237652963131 51.15096048224309,-114.04202554040192 51.15087970274576,-114.0421973972121 51.15092009393856,-114.04224681076022 51.15098436051286,-114.04190637266004 51.1509064624989,-114.04233910774849 51.15100525485944,-114.04216510868473 51.15096726486261,-114.04199866848256 51.15092641320998,-114.04207129589092 51.15094541802946)","{""type"":""MultiPoint"",""coordinates"":[[-114.0422833,51.150938],[-114.0421115,51.1508977],[-114.0419307,51.1508573],[-114.0423765,51.1509605],[-114.0420255,51.1508797],[-114.0421974,51.1509201],[-114.0422468,51.1509844],[-114.0419064,51.1509065],[-114.0423391,51.1510053],[-114.0421651,51.1509673],[-114.0419987,51.1509264],[-114.0420713,51.1509454]]}",POINT (-114.04228333082258 51.150938042045965),302 HARVEST GROVE WK NE,a,
BP2019-10470,Completed,2019-08-06,2019,2019-08-12,2020-07-14,2020,Commercial / Multi Family Project,Building,1606 - Ths Townhouse,Townhouse,Residential,New,New,New,Harvest Hills The Terrace - Building 14,NORR ARCHITECTS ENGINEERS PLANNERS,,CEDARGLEN LIVING,5,"$1,006,516",74,74,318 HARVEST GROVE WK NE,HAR,HARVEST HILLS,51.15118068,-114.0425157,10,Titled Parcel;Titled Parcel;Titled Parcel;Titled Parcel;Titled Parcel;Building;Building;Building;Building;Building,318 HARVEST GROVE WK NE;326 HARVEST GROVE WK NE;320 HARVEST GROVE WK NE;322 HARVEST GROVE WK NE;324 HARVEST GROVE WK NE;326 HARVEST GROVE WK NE;324 HARVEST GROVE WK NE;320 HARVEST GROVE WK NE;322 HARVEST GROVE WK NE;318 HARVEST GROVE WK NE,"MULTIPOINT (-114.04251573471804 51.15118067617423,-114.04240282241183 51.151373992888665,-114.04248541075596 51.15123462460548,-114.04245855177986 51.151279582201894,-114.04243170704504 51.151324539786636,-114.0422925191034 51.151342065914825,-114.04231818952883 51.1512944928225,-114.0423710522792 51.151206942254284,-114.04233933410052 51.151252620749055,-114.04239522260688 51.15116031359204)","{""type"":""MultiPoint"",""coordinates"":[[-114.0425157,51.1511807],[-114.0424028,51.151374],[-114.0424854,51.1512346],[-114.0424586,51.1512796],[-114.0424317,51.1513245],[-114.0422925,51.1513421],[-114.0423182,51.1512945],[-114.0423711,51.1512069],[-114.0423393,51.1512526],[-114.0423952,51.1511603]]}",POINT (-114.04251573471804 51.15118067617423),318 HARVEST GROVE WK NE,a,
BP2019-14911,Completed,2019-10-31,2019,2019-11-12,2021-06-18,2021,Commercial / Multi Family Project,Building,1606 - Ths Townhouse,Townhouse,Residential,New,New,New,New Building - The Terrace (Building #5),NORR ARCHITECTS ENGINEERS PLANNERS,,CEDARGLEN LIVING,6,"$1,478,301",74,74,260 HARVEST HILLS WY NE,HAR,HARVEST HILLS,51.15123896,-114.0429095,2,Titled Parcel;Building,260 HARVEST HILLS WY NE;260 HARVEST HILLS WY NE,"MULTIPOINT (-114.04290950077629 51.15123896459085,-114.04277847265482 51.15120776484063)","{""type"":""MultiPoint"",""coordinates"":[[-114.0429095,51.151239],[-114.0427785,51.1512078]]}",POINT (-114.04290950077629 51.15123896459085),260 HARVEST HILLS WY NE,a,
BP2019-10475,Completed,2019-08-06,2019,2019-08-12,2020-06-18,2020,Commercial / Multi Family Project,Building,1606 - Ths Townhouse,Townhouse,Residential,New,New,New,Harvest Hills The Terrace - Building 15,NORR ARCHITECTS ENGINEERS PLANNERS,,CEDARGLEN LIVING,4,"$806,015",74,74,332 HARVEST GROVE WK NE,HAR,HARVEST HILLS,51.15135172,-114.0418403,8,Titled Parcel;Titled Parcel;Titled Parcel;Titled Parcel;Building;Building;Building;Building,336 HARVEST GROVE WK NE;338 HARVEST GROVE WK NE;332 HARVEST GROVE WK NE;334 HARVEST GROVE WK NE;332 HARVEST GROVE WK NE;338 HARVEST GROVE WK NE;334 HARVEST GROVE WK NE;336 HARVEST GROVE WK NE,"MULTIPOINT (-114.04184028273757 51.15135172153243,-114.04176281431184 51.15133826486313,-114.04200463095812 51.15136964176919,-114.04191747148849 51.15135618868192,-114.042026223049 51.15128507813014,-114.04178718583616 51.15126043346249,-114.04194756194588 51.15128035088286,-114.04185980420739 51.15126896556781)","{""type"":""MultiPoint"",""coordinates"":[[-114.0418403,51.1513517],[-114.0417628,51.1513383],[-114.0420046,51.1513696],[-114.0419175,51.1513562],[-114.0420262,51.1512851],[-114.0417872,51.1512604],[-114.0419476,51.1512804],[-114.0418598,51.151269]]}",POINT (-114.04184028273757 51.15135172153243),332 HARVEST GROVE WK NE,a,
BP2019-01971,Completed,2019-02-26,2019,2019-03-06,2020-05-21,2020,Commercial / Multi Family Project,Building,1606 - Ths Townhouse,Townhouse,Residential,New,New,New,New Building - Harvest Hills The Terrace Building 16,NORR ARCHITECTS ENGINEERS PLANNERS,,,6,"$1,406,000",74,74,402 HARVEST GROVE WK NE,HAR,HARVEST HILLS,51.15141431,-114.0427872,6,Titled Parcel;Building;Building;Building;Building;Building,276 HARVEST HILLS WY NE;408 HARVEST GROVE WK NE;410 HARVEST GROVE WK NE;402 HARVEST GROVE WK NE;406 HARVEST GROVE WK NE;404 HARVEST GROVE WK NE,"MULTIPOINT (-114.0427872397024 51.1514143059664,-114.04199618754193 51.151515806196,-114.04207938441819 51.15152528726058,-114.04174276645111 51.15148735502459,-114.0419035130219 51.15150513285518,-114.04182597751789 51.15149683626436)","{""type"":""MultiPoint"",""coordinates"":[[-114.0427872,51.1514143],[-114.0419962,51.1515158],[-114.0420794,51.1515253],[-114.0417428,51.1514874],[-114.0419035,51.1515051],[-114.041826,51.1514968]]}",POINT (-114.0427872397024 51.1514143059664),402 HARVEST GROVE WK NE,a,
BP2019-10432,Completed,2019-08-06,2019,2019-08-12,2020-06-09,2020,Commercial / Multi Family Project,Building,1606 - Ths Townhouse,Townhouse,Residential,New,New,New,Harvest Hills The Terrace - Building 04,NORR ARCHITECTS ENGINEERS PLANNERS,,CEDARGLEN LIVING,4,"$987,720",74,74,282 HARVEST HILLS WY NE,HAR,HARVEST HILLS,51.15176497,-114.0426067,8,Titled Parcel;Titled Parcel;Titled Parcel;Titled Parcel;Building;Building;Building;Building,288 HARVEST HILLS WY NE;282 HARVEST HILLS WY NE;286 HARVEST HILLS WY NE;284 HARVEST HILLS WY NE;284 HARVEST HILLS WY NE;288 HARVEST HILLS WY NE;282 HARVEST HILLS WY NE;286 HARVEST HILLS WY NE,"MULTIPOINT (-114.04260673575007 51.151764965017605,-114.04270559992133 51.15158963238566,-114.04264032486083 51.151702025801505,-114.04267154944192 51.151648077005916,-114.0425443770239 51.151614097812335,-114.04248699586643 51.15173114486707,-114.04257760773909 51.151565569021095,-114.04251265405829 51.15167024021005)","{""type"":""MultiPoint"",""coordinates"":[[-114.0426067,51.151765],[-114.0427056,51.1515896],[-114.0426403,51.151702],[-114.0426715,51.1516481],[-114.0425444,51.1516141],[-114.042487,51.1517311],[-114.0425776,51.1515656],[-114.0425127,51.1516702]]}",POINT (-114.04260673575007 51.151764965017605),282 HARVEST HILLS WY NE,a,
BP2019-01970,Completed,2019-02-26,2019,2019-03-05,2019-12-09,2019,Commercial / Multi Family Project,Building,1606 - Ths Townhouse,Townhouse,Residential,New,New,New,New Building -  Harvest Hlls The Terrace Building #3,NORR ARCHITECTS ENGINEERS PLANNERS,,,4,"$1,026,300",74,74,296 HARVEST HILLS WY NE,HAR,HARVEST HILLS,51.15254718,-114.0422807,5,Titled Parcel;Building;Building;Building;Building,310 HARVEST HILLS WY NE;302 HARVEST HILLS WY NE;298 HARVEST HILLS WY NE;296 HARVEST HILLS WY NE;300 HARVEST HILLS WY NE,"MULTIPOINT (-114.04228072763124 51.152547175676844,-114.04235412016007 51.15199377833277,-114.04240695573412 51.15187578010239,-114.04242807747572 51.15182439706246,-114.04238130077242 51.15194048732005)","{""type"":""MultiPoint"",""coordinates"":[[-114.0422807,51.1525472],[-114.0423541,51.1519938],[-114.042407,51.1518758],[-114.0424281,51.1518244],[-114.0423813,51.1519405]]}",POINT (-114.04228072763124 51.152547175676844),296 HARVEST HILLS WY NE,a,
BP2019-01965,Completed,2019-02-26,2019,2019-03-05,2020-02-12,2020,Commercial / Multi Family Project,Building,1606 - Ths Townhouse,Townhouse,Residential,New,New,New,New Building - Havest Hills The Terrace Building #1,NORR ARCHITECTS ENGINEERS PLANNERS,,,4,"$937,500",74,74,616 HARVEST GROVE WK NE,HAR,HARVEST HILLS,51.15254718,-114.0422807,5,Titled Parcel;Building;Building;Building;Building,310 HARVEST HILLS WY NE;618 HARVEST GROVE WK NE;616 HARVEST GROVE WK NE;622 HARVEST GROVE WK NE;620 HARVEST GROVE WK NE,"MULTIPOINT (-114.04228072763124 51.152547175676844,-114.04201734124429 51.15261682285922,-114.04192656560363 51.152606157845874,-114.0421920744979 51.152638173113075,-114.0421058429115 51.152626068269115)","{""type"":""MultiPoint"",""coordinates"":[[-114.0422807,51.1525472],[-114.0420173,51.1526168],[-114.0419266,51.1526062],[-114.0421921,51.1526382],[-114.0421058,51.1526261]]}",POINT (-114.04228072763124 51.152547175676844),616 HARVEST GROVE WK NE,a,
BP2019-01969,Completed,2019-02-26,2019,2019-11-06,2020-01-27,2020,Commercial / Multi Family Project,Building,1606 - Ths Townhouse,Townhouse,Residential,New,New,New,,NORR ARCHITECTS ENGINEERS PLANNERS,,,7,"$1,635,500",74,74,318 HARVEST HILLS WY NE,HAR,HARVEST HILLS,51.15254718,-114.0422807,8,Titled Parcel;Building;Building;Building;Building;Building;Building;Building,310 HARVEST HILLS WY NE;328 HARVEST HILLS WY NE;318 HARVEST HILLS WY NE;326 HARVEST HILLS WY NE;330 HARVEST HILLS WY NE;322 HARVEST HILLS WY NE;324 HARVEST HILLS WY NE;320 HARVEST HILLS WY NE,"MULTIPOINT (-114.04228072763124 51.152547175676844,-114.04220771648559 51.15236107305911,-114.04229975178654 51.15209274617667,-114.04222883519084 51.152305878484114,-114.04218658342799 51.1524162586454,-114.04226504312018 51.152198359171756,-114.0422499742305 51.152257354156355,-114.04228013322307 51.152146978340596)","{""type"":""MultiPoint"",""coordinates"":[[-114.0422807,51.1525472],[-114.0422077,51.1523611],[-114.0422998,51.1520927],[-114.0422288,51.1523059],[-114.0421866,51.1524163],[-114.042265,51.1521984],[-114.04225,51.1522574],[-114.0422801,51.152147]]}",POINT (-114.04228072763124 51.152547175676844),318 HARVEST HILLS WY NE,a,
BP2019-01972,Completed,2019-02-26,2019,2019-03-06,2020-05-06,2020,Commercial / Multi Family Project,Building,1606 - Ths Townhouse,Townhouse,Residential,New,New,New,New Building - Harvest Hills The Terrace Building #17,NORR ARCHITECTS ENGINEERS PLANNERS,,,6,"$1,406,000",74,74,418 HARVEST GROVE WK NE,HAR,HARVEST HILLS,51.15254718,-114.0422807,8,Titled Parcel;Titled Parcel;Building;Building;Building;Building;Building;Building,310 HARVEST HILLS WY NE;276 HARVEST HILLS WY NE;428 HARVEST GROVE WK NE;424 HARVEST GROVE WK NE;426 HARVEST GROVE WK NE;420 HARVEST GROVE WK NE;422 HARVEST GROVE WK NE;418 HARVEST GROVE WK NE,"MULTIPOINT (-114.04228072763124 51.152547175676844,-114.0427872397024 51.1514143059664,-114.04168244311754 51.15168835631459,-114.04184319251792 51.15170851646211,-114.04176376778278 51.15169783827052,-114.0420190635835 51.151727484334714,-114.04193963769968 51.15171561964001,-114.04210795076906 51.1517381499575)","{""type"":""MultiPoint"",""coordinates"":[[-114.0422807,51.1525472],[-114.0427872,51.1514143],[-114.0416824,51.1516884],[-114.0418432,51.1517085],[-114.0417638,51.1516978],[-114.0420191,51.1517275],[-114.0419396,51.1517156],[-114.042108,51.1517381]]}",POINT (-114.04228072763124 51.152547175676844),418 HARVEST GROVE WK NE,a,
BP2019-01973,Completed,2019-02-26,2019,2019-03-15,2020-04-21,2020,Commercial / Multi Family Project,Building,1606 - Ths Townhouse,Townhouse,Residential,New,New,New,,NORR ARCHITECTS ENGINEERS PLANNERS,,,5,"$1,237,800",74,74,502 HARVEST GROVE WK NE,HAR,HARVEST HILLS,51.15254718,-114.0422807,6,Titled Parcel;Building;Building;Building;Building;Building,310 HARVEST HILLS WY NE;506 HARVEST GROVE WK NE;504 HARVEST GROVE WK NE;510 HARVEST GROVE WK NE;502 HARVEST GROVE WK NE;508 HARVEST GROVE WK NE,"MULTIPOINT (-114.04228072763124 51.152547175676844,-114.04179987338604 51.15190356961689,-114.04171477268656 51.15189170679752,-114.04198142190195 51.15192490876255,-114.04162967417409 51.151882226150924,-114.04189253653547 51.151916616289185)","{""type"":""MultiPoint"",""coordinates"":[[-114.0422807,51.1525472],[-114.0417999,51.1519036],[-114.0417148,51.1518917],[-114.0419814,51.1519249],[-114.0416297,51.1518822],[-114.0418925,51.1519166]]}",POINT (-114.04228072763124 51.152547175676844),502 HARVEST GROVE WK NE,a,
BP2019-01974,Completed,2019-02-26,2019,2019-03-07,2020-04-08,2020,Commercial / Multi Family Project,Building,1606 - Ths Townhouse,Townhouse,Residential,New,New,New,New Tenant Â¿ The Terrace - Building #19,NORR ARCHITECTS ENGINEERS PLANNERS,,,3,"$745,900",74,74,516 HARVEST GROVE WK NE,HAR,HARVEST HILLS,51.15254718,-114.0422807,4,Titled Parcel;Building;Building;Building,310 HARVEST HILLS WY NE;520 HARVEST GROVE WK NE;516 HARVEST GROVE WK NE;518 HARVEST GROVE WK NE,"MULTIPOINT (-114.04228072763124 51.152547175676844,-114.04186065053678 51.15220442871089,-114.04190593293437 51.15209381384896,-114.04187574130229 51.15215328166053)","{""type"":""MultiPoint"",""coordinates"":[[-114.0422807,51.1525472],[-114.0418607,51.1522044],[-114.0419059,51.1520938],[-114.0418757,51.1521533]]}",POINT (-114.04228072763124 51.152547175676844),516 HARVEST GROVE WK NE,a,
BP2019-01975,Completed,2019-02-26,2019,2019-03-08,2020-03-23,2020,Commercial / Multi Family Project,Building,1606 - Ths Townhouse,Townhouse,Residential,New,New,New,New Building - Harvest Hills The Terrace Building #20,NORR ARCHITECTS ENGINEERS PLANNERS,,,6,"$1,209,700",74,74,526 HARVEST GROVE WK NE,HAR,HARVEST HILLS,51.15254718,-114.0422807,7,Titled Parcel;Building;Building;Building;Building;Building;Building,310 HARVEST HILLS WY NE;536 HARVEST GROVE WK NE;528 HARVEST GROVE WK NE;532 HARVEST GROVE WK NE;526 HARVEST GROVE WK NE;534 HARVEST GROVE WK NE;530 HARVEST GROVE WK NE,"MULTIPOINT (-114.04228072763124 51.152547175676844,-114.04148156370648 51.15232874563825,-114.04180380331931 51.152361451832405,-114.04163813739527 51.152344385794024,-114.04188097207228 51.15237355115506,-114.04157006279351 51.152335851937806,-114.04172778453727 51.152356480775346)","{""type"":""MultiPoint"",""coordinates"":[[-114.0422807,51.1525472],[-114.0414816,51.1523287],[-114.0418038,51.1523615],[-114.0416381,51.1523444],[-114.041881,51.1523736],[-114.0415701,51.1523359],[-114.0417278,51.1523565]]}",POINT (-114.04228072763124 51.152547175676844),526 HARVEST GROVE WK NE,a,
BP2019-01976,Completed,2019-02-26,2019,2019-03-08,2020-02-19,2020,Commercial / Multi Family Project,Building,1606 - Ths Townhouse,Townhouse,Residential,New,New,New,New Building - Harvest Hills The Terrace Building #21,NORR ARCHITECTS ENGINEERS PLANNERS,,,5,"$1,170,300",74,74,602 HARVEST GROVE WK NE,HAR,HARVEST HILLS,51.15254718,-114.0422807,6,Titled Parcel;Building;Building;Building;Building;Building,310 HARVEST HILLS WY NE;606 HARVEST GROVE WK NE;608 HARVEST GROVE WK NE;610 HARVEST GROVE WK NE;602 HARVEST GROVE WK NE;604 HARVEST GROVE WK NE,"MULTIPOINT (-114.04228072763124 51.152547175676844,-114.0416133864841 51.15257343977862,-114.04168714847181 51.15257984105529,-114.04177792529639 51.15259193559516,-114.04143296544927 51.152552818829854,-114.04151920972649 51.15256348583476)","{""type"":""MultiPoint"",""coordinates"":[[-114.0422807,51.1525472],[-114.0416134,51.1525734],[-114.0416871,51.1525798],[-114.0417779,51.1525919],[-114.041433,51.1525528],[-114.0415192,51.1525635]]}",POINT (-114.04228072763124 51.152547175676844),602 HARVEST GROVE WK NE,a,
BP2023-03570,Completed,2023-03-21,2023,2023-11-07,2024-06-13,2024,Commercial / Multi Family Project,Building,1606 - Ths Townhouse,Townhouse,Residential,New,New,New,WH16 Apartment Building,FORMED ALLIANCE ARCHITECTURE STUDIO,,KALAMOIR,8,"$732,172",75,75,1672R KENSINGTON RD NW,HIL,HILLHURST,51.05262157,-114.0970901,9,Titled Parcel;Building;Building;Building;Building;Building Suite;Building Suite;Building Suite;Building Suite,1670 KENSINGTON RD NW;1674 KENSINGTON RD NW;1678 KENSINGTON RD NW;1676 KENSINGTON RD NW;1672 KENSINGTON RD NW;1672R KENSINGTON RD NW;1674R KENSINGTON RD NW;1676R KENSINGTON RD NW;1678R KENSINGTON RD NW,"MULTIPOINT (-114.09709005810642 51.05262157448986,-114.09736076055187 51.05265066480915,-114.0975377363269 51.052650517262585,-114.0974454274924 51.0526513314122,-114.09726611103133 51.052650743609476,-114.09727675398221 51.05267926813483,-114.09734377603922 51.052679212337544,-114.09745783762416 51.052679117290495,-114.0975730796782 51.05268420821717)","{""type"":""MultiPoint"",""coordinates"":[[-114.0970901,51.0526216],[-114.0973608,51.0526507],[-114.0975377,51.0526505],[-114.0974454,51.0526513],[-114.0972661,51.0526507],[-114.0972768,51.0526793],[-114.0973438,51.0526792],[-114.0974578,51.0526791],[-114.0975731,51.0526842]]}",POINT (-114.09709005810642 51.05262157448986),1672R KENSINGTON RD NW,a,
BP2017-14928,Completed,2017-11-09,2017,2018-02-15,2019-03-19,2019,Commercial / Multi Family Project,Building,1606 - Ths Townhouse,Townhouse,Residential,New,New,New,Part 9 Residential 2 Storey Semi-Detached Dwelling & Garage,TRU BUILDING SOLUTIONS,,TRU BUILDING SOLUTIONS,4,"$838,500",76,76,#1 1706 KENSINGTON RD NW,HIL,HILLHURST,51.05262513,-114.0982183,7,Titled Parcel;Building;Building;Building Suite;Building Suite;Building Suite;Building Suite,1706 KENSINGTON RD NW;1706 KENSINGTON RD NW;1708 KENSINGTON RD NW;#2 1708 KENSINGTON RD NW;#1 1708 KENSINGTON RD NW;#1 1706 KENSINGTON RD NW;#2 1706 KENSINGTON RD NW,"MULTIPOINT (-114.09821825893064 51.052625126780725,-114.09823669749949 51.052771760644625,-114.0983129346432 51.05277217300185,-114.09832737798516 51.05281687573654,-114.0983237696666 51.05272269344011,-114.09822977946834 51.052710879062,-114.0982345556497 51.052824568079515)","{""type"":""MultiPoint"",""coordinates"":[[-114.0982183,51.0526251],[-114.0982367,51.0527718],[-114.0983129,51.0527722],[-114.0983274,51.0528169],[-114.0983238,51.0527227],[-114.0982298,51.0527109],[-114.0982346,51.0528246]]}",POINT (-114.09821825893064 51.052625126780725),1706 KENSINGTON RD NW,a,
BP2023-08296,Completed,2023-06-01,2023,2023-10-18,2025-02-13,2025,Commercial / Multi Family Project,Building,1606 - Ths Townhouse,Townhouse,Residential,New,New,New,3 Unit Rowhouse,FORMED ALLIANCE ARCHITECTURE STUDIO,,PROFESSIONAL CUSTOM HOMES,3,"$707,747",77,77,457R 35 AV NW,HPK,HIGHLAND PARK,51.08378941,-114.0713828,7,Titled Parcel;Building;Building;Building;Building Suite;Building Suite;Building Suite,3550 4 ST NW;455 35 AV NW;453 35 AV NW;457 35 AV NW;453R 35 AV NW;457R 35 AV NW;455R 35 AV NW,"MULTIPOINT (-114.07138280372034 51.08378940514851,-114.07106597236279 51.08401744144846,-114.07098789614565 51.08401448632978,-114.07114602190362 51.08401349124477,-114.07101642137319 51.0839826635406,-114.07117503367266 51.08398256708816,-114.07109639077551 51.08398233625806)","{""type"":""MultiPoint"",""coordinates"":[[-114.0713828,51.0837894],[-114.071066,51.0840174],[-114.0709879,51.0840145],[-114.071146,51.0840135],[-114.0710164,51.0839827],[-114.071175,51.0839826],[-114.0710964,51.0839823]]}",POINT (-114.07138280372034 51.08378940514851),457R 35 AV NW,a,
BP2023-08387,Completed,2023-06-02,2023,2023-12-18,2025-02-13,2025,Commercial / Multi Family Project,Building,1606 - Ths Townhouse,Townhouse,Residential,New,New,New,3 Unit Rowhouse,FORMED ALLIANCE ARCHITECTURE STUDIO,,PROFESSIONAL CUSTOM HOMES,3,"$818,202",77,77,#1B 461 35 AV NW,HPK,HIGHLAND PARK,51.08378941,-114.0713828,8,Titled Parcel;Building;Building Suite;Building Suite;Building Suite;Building Suite;Building Suite;Building Suite,3550 4 ST NW;461 35 AV NW;#3 461 35 AV NW;#2B 461 35 AV NW;#1 461 35 AV NW;#2 461 35 AV NW;#1B 461 35 AV NW;#3B 461 35 AV NW,"MULTIPOINT (-114.07138280372034 51.08378940514851,-114.07105376963409 51.08387797407558,-114.07095657510702 51.08390746529695,-114.07109818705028 51.083906489287465,-114.07111611350768 51.08390647838459,-114.07103493245101 51.08390771437391,-114.07117464339845 51.083904959471376,-114.07101557645625 51.08390624283647)","{""type"":""MultiPoint"",""coordinates"":[[-114.0713828,51.0837894],[-114.0710538,51.083878],[-114.0709566,51.0839075],[-114.0710982,51.0839065],[-114.0711161,51.0839065],[-114.0710349,51.0839077],[-114.0711746,51.083905],[-114.0710156,51.0839062]]}",POINT (-114.07138280372034 51.08378940514851),461 35 AV NW,a,
BP2023-08839,Completed,2023-06-08,2023,2023-10-18,2025-02-13,2025,Commercial / Multi Family Project,Building,1606 - Ths Townhouse,Townhouse,Residential,New,New,New,5 Unit Rowhouse,FORMED ALLIANCE ARCHITECTURE STUDIO,,PROFESSIONAL CUSTOM HOMES,10,"$1,276,623",77,77,3552R 4 ST NW,HPK,HIGHLAND PARK,51.08378941,-114.0713828,11,Titled Parcel;Building;Building;Building;Building;Building;Building Suite;Building Suite;Building Suite;Building Suite;Building Suite,3550 4 ST NW;3554 4 ST NW;3552 4 ST NW;3558 4 ST NW;3556 4 ST NW;465 35 AV NW;465R 35 AV NW;3558R 4 ST NW;3556R 4 ST NW;3552R 4 ST NW;3554R 4 ST NW,"MULTIPOINT (-114.07138280372034 51.08378940514851,-114.07130113839966 51.0838932857163,-114.07130107715126 51.08385344351864,-114.07130412674096 51.083989608249205,-114.07130216083985 51.0839456139845,-114.07130419256679 51.08403242602516,-114.07124991704625 51.08404405579345,-114.0712503231944 51.084001840038106,-114.07124978550873 51.083958429231,-114.07124917703639 51.08386893739812,-114.07124971608754 51.08391323818277)","{""type"":""MultiPoint"",""coordinates"":[[-114.0713828,51.0837894],[-114.0713011,51.0838933],[-114.0713011,51.0838534],[-114.0713041,51.0839896],[-114.0713022,51.0839456],[-114.0713042,51.0840324],[-114.0712499,51.0840441],[-114.0712503,51.0840018],[-114.0712498,51.0839584],[-114.0712492,51.0838689],[-114.0712497,51.0839132]]}",POINT (-114.07138280372034 51.08378940514851),3552R 4 ST NW,a,
BP2023-07975,Completed,2023-05-28,2023,2023-06-19,2024-08-13,2024,Commercial / Multi Family Project,Building,1606 - Ths Townhouse,Townhouse,Residential,New,New,New,"A new, two storey, 4 unit rowhouse, Part 9, Group C occupancy",MILLENIUM PLUS HOMES RENOVATION,,,4,"$779,672",77,77,133B 34 AV NW,HPK,HIGHLAND PARK,51.08315134,-114.0632318,9,Titled Parcel;Building;Building;Building;Building;Building Suite;Building Suite;Building Suite;Building Suite,131 34 AV NW;135 34 AV NW;137 34 AV NW;139 34 AV NW;133 34 AV NW;139B 34 AV NW;133B 34 AV NW;137B 34 AV NW;135B 34 AV NW,"MULTIPOINT (-114.06323184580819 51.08315133594002,-114.06328510424395 51.08310487545304,-114.06329408159158 51.08310487059327,-114.06330729744091 51.08310456677851,-114.06327755373286 51.083104582880615,-114.06330586573351 51.08310129531211,-114.0632766032302 51.08309833557102,-114.06329407348288 51.08309892842258,-114.06328462555159 51.08309923019635)","{""type"":""MultiPoint"",""coordinates"":[[-114.0632318,51.0831513],[-114.0632851,51.0831049],[-114.0632941,51.0831049],[-114.0633073,51.0831046],[-114.0632776,51.0831046],[-114.0633059,51.0831013],[-114.0632766,51.0830983],[-114.0632941,51.0830989],[-114.0632846,51.0830992]]}",POINT (-114.06323184580819 51.08315133594002),133B 34 AV NW,a,
BP2021-16318,Completed,2021-09-16,2021,2022-04-20,2024-08-22,2024,Commercial / Multi Family Project,Building,1606 - Ths Townhouse,Townhouse,Residential,New,New,New,Part 9 - 4 Unit Rowhouse with Secondary Suites,RIVERVIEW CUSTOM HOMES,,RIVERVIEW CUSTOM HOMES,8,"$1,230,843",77,77,#1B 428 34 AV NW,HPK,HIGHLAND PARK,51.08340097,-114.0696818,9,Titled Parcel;Building;Building;Building;Building;Building Suite;Building Suite;Building Suite;Building Suite,428 34 AV NW;#2 428 34 AV NW;#1 428 34 AV NW;#3 428 34 AV NW;#4 428 34 AV NW;#3R 428 34 AV NW;#1B 428 34 AV NW;#2R 428 34 AV NW;#4B 428 34 AV NW,"MULTIPOINT (-114.06968177849272 51.08340097168812,-114.06964915224142 51.08346798218411,-114.06957429206429 51.083467496365905,-114.06971896233875 51.0834700621384,-114.06979382252146 51.083470547863975,-114.0697058930851 51.083539461228476,-114.06955164709579 51.083423604268994,-114.06965660141543 51.083533782163336,-114.0698110672207 51.08341596125384)","{""type"":""MultiPoint"",""coordinates"":[[-114.0696818,51.083401],[-114.0696492,51.083468],[-114.0695743,51.0834675],[-114.069719,51.0834701],[-114.0697938,51.0834705],[-114.0697059,51.0835395],[-114.0695516,51.0834236],[-114.0696566,51.0835338],[-114.0698111,51.083416]]}",POINT (-114.06968177849272 51.08340097168812),428 34 AV NW,a,
BP2018-13870,Completed,2018-10-17,2018,2018-11-14,2019-08-01,2019,Commercial / Multi Family Project,Building,1606 - Ths Townhouse,Townhouse,Residential,New,New,New,,STEALTH HOMES,,,4,"$960,255",78,78,302 32 AV NE,HPK,HIGHLAND PARK,51.08162172,-114.0571598,6,Titled Parcel;Building;Building;Building;Building;Building,304 32 AV NE;304 32 AV NE;3306 2 ST NE;3304 2 ST NE;302 32 AV NE;3302 2 ST NE,"MULTIPOINT (-114.05715979325288 51.08162172257497,-114.0572184046788 51.08172298059348,-114.05722445865825 51.08177140501899,-114.05722517693405 51.08174048916918,-114.057224681006 51.081639283630246,-114.05722360618827 51.081681976131776)","{""type"":""MultiPoint"",""coordinates"":[[-114.0571598,51.0816217],[-114.0572184,51.081723],[-114.0572245,51.0817714],[-114.0572252,51.0817405],[-114.0572247,51.0816393],[-114.0572236,51.081682]]}",POINT (-114.05715979325288 51.08162172257497),302 32 AV NE,a,
BP2020-16862,Completed,2020-11-17,2020,2021-02-03,2021-05-27,2021,Commercial / Multi Family Project,Building,1606 - Ths Townhouse,Townhouse,Residential,New,New,New,Unit Rowhouse 9.10.15 Residential Group,PARTNERS DEVELOPMENT GROUP,,,4,"$664,256",79,79,146 HOMESTEAD BV NE,HSD,HOMESTEAD,51.11501937,-113.9150498,13,Titled Parcel;Titled Parcel;Titled Parcel;Titled Parcel;Titled Parcel;Building;Building;Building;Building;Building Suite;Building Suite;Building Suite;Building Suite,150 HOMESTEAD BV NE;7111 84 ST NE;142 HOMESTEAD BV NE;138 HOMESTEAD BV NE;146 HOMESTEAD BV NE;146 HOMESTEAD BV NE;150 HOMESTEAD BV NE;138 HOMESTEAD BV NE;142 HOMESTEAD BV NE;146R HOMESTEAD BV NE;142R HOMESTEAD BV NE;150R HOMESTEAD BV NE;138R HOMESTEAD BV NE,"MULTIPOINT (-113.91504976500617 51.115019369965076,-113.91213142161415 51.11528690236703,-113.91487713563023 51.11501924443435,-113.91479694088045 51.11501918603253,-113.91495101763238 51.11501929819025,-113.91495115245455 51.11507811741377,-113.91503201857257 51.11507817619763,-113.91480378816598 51.11507801014673,-113.91487331329903 51.115078537227674,-113.91497642089996 51.11512311987817,-113.91485013751677 51.11511502722731,-113.91500420187207 51.11513764034039,-113.91482864602442 51.11513651476262)","{""type"":""MultiPoint"",""coordinates"":[[-113.9150498,51.1150194],[-113.9121314,51.1152869],[-113.9148771,51.1150192],[-113.9147969,51.1150192],[-113.914951,51.1150193],[-113.9149512,51.1150781],[-113.915032,51.1150782],[-113.9148038,51.115078],[-113.9148733,51.1150785],[-113.9149764,51.1151231],[-113.9148501,51.115115],[-113.9150042,51.1151376],[-113.9148286,51.1151365]]}",POINT (-113.91504976500617 51.115019369965076),146 HOMESTEAD BV NE,a,
BP2022-10775,Completed,2022-06-20,2022,2022-07-14,2023-09-28,2023,Commercial / Multi Family Project,Building,1606 - Ths Townhouse,Townhouse,Residential,New,New,New,"Group C (Division B, 9.10.15)",PARTNERS DEVELOPMENT GROUP,,PARTNERS DEVELOPMENT GROUP,4,"$593,207",79,79,110 HOMESTEAD BV NE,HSD,HOMESTEAD,51.11501877,-113.9142271,4,Titled Parcel;Titled Parcel;Titled Parcel;Titled Parcel,110 HOMESTEAD BV NE;114 HOMESTEAD BV NE;118 HOMESTEAD BV NE;122 HOMESTEAD BV NE,"MULTIPOINT (-113.91422706542754 51.115018769436794,-113.91430648893474 51.11501882766427,-113.91437830001108 51.11501888026443,-113.9144577235188 51.11501893838919)","{""type"":""MultiPoint"",""coordinates"":[[-113.9142271,51.1150188],[-113.9143065,51.1150188],[-113.9143783,51.1150189],[-113.9144577,51.1150189]]}",POINT (-113.91422706542754 51.115018769436794),110 HOMESTEAD BV NE,a,
BP2020-14098,Completed,2020-09-30,2020,2021-05-21,2022-02-11,2022,Commercial / Multi Family Project,Building,1606 - Ths Townhouse,Townhouse,Residential,New,New,New,Zen Rockland Park - Building 1,,AVALON MASTER BUILDER,AVALON MASTER BUILDER,20,"$2,532,113",80,80,#106 260 ROWLEY WY NW,HSN,HASKAYNE,51.10601418,-114.2640496,22,Titled Parcel;Building;Building Suite;Building Suite;Building Suite;Building Suite;Building Suite;Building Suite;Building Suite;Building Suite;Building Suite;Building Suite;Building Suite;Building Suite;Building Suite;Building Suite;Building Suite;Building Suite;Building Suite;Building Suite;Building Suite;Building Suite,260 ROWLEY WY NW;#100 260 ROWLEY WY NW;#102 260 ROWLEY WY NW;#103 260 ROWLEY WY NW;#113 260 ROWLEY WY NW;#116 260 ROWLEY WY NW;#119 260 ROWLEY WY NW;#118 260 ROWLEY WY NW;#101 260 ROWLEY WY NW;#104 260 ROWLEY WY NW;#110 260 ROWLEY WY NW;#111 260 ROWLEY WY NW;#108 260 ROWLEY WY NW;#117 260 ROWLEY WY NW;#106 260 ROWLEY WY NW;#107 260 ROWLEY WY NW;#109 260 ROWLEY WY NW;#115 260 ROWLEY WY NW;#112 260 ROWLEY WY NW;#105 260 ROWLEY WY NW;#120 260 ROWLEY WY NW;#114 260 ROWLEY WY NW,"MULTIPOINT (-114.26404961852936 51.1060141766356,-114.2637497397385 51.1057139875226,-114.263901923424 51.1059009526911,-114.2638610930451 51.10586238930086,-114.26361758845276 51.10572736547734,-114.26357012615513 51.10568763030075,-114.263578023707 51.10558236157303,-114.26362263084216 51.105619729914046,-114.26381342326509 51.105949318980514,-114.26376407232857 51.105908994827345,-114.2637829924328 51.105748396845236,-114.26373933427752 51.10571222205024,-114.26373237950246 51.10581748866044,-114.26353598531729 51.10566273397809,-114.26386173754915 51.10581005904377,-114.26382470412818 51.10577625159144,-114.26369634006532 51.10579021440758,-114.26366341074998 51.10564698451178,-114.26365079032729 51.10575285721057,-114.26377888198395 51.105856632618206,-114.26348567221041 51.10561884297977,-114.26370516289599 51.10568197699887)","{""type"":""MultiPoint"",""coordinates"":[[-114.2640496,51.1060142],[-114.2637497,51.105714],[-114.2639019,51.105901],[-114.2638611,51.1058624],[-114.2636176,51.1057274],[-114.2635701,51.1056876],[-114.263578,51.1055824],[-114.2636226,51.1056197],[-114.2638134,51.1059493],[-114.2637641,51.105909],[-114.263783,51.1057484],[-114.2637393,51.1057122],[-114.2637324,51.1058175],[-114.263536,51.1056627],[-114.2638617,51.1058101],[-114.2638247,51.1057763],[-114.2636963,51.1057902],[-114.2636634,51.105647],[-114.2636508,51.1057529],[-114.2637789,51.1058566],[-114.2634857,51.1056188],[-114.2637052,51.105682]]}",POINT (-114.26404961852936 51.1060141766356),260 ROWLEY WY NW,a,
BP2021-19650,Completed,2021-11-16,2021,2022-01-06,2022-12-22,2022,Commercial / Multi Family Project,Building,1606 - Ths Townhouse,Townhouse,Residential,New,New,New,New 18 unit stacked townhouse (Zen Rockland Park Bldg. 2).,,AVALON MASTER BUILDER,AVALON MASTER BUILDER,16,"$2,088,569",80,80,#211 260 ROWLEY WY NW,HSN,HASKAYNE,51.10601418,-114.2640496,19,Titled Parcel;Titled Parcel;Building;Building Suite;Building Suite;Building Suite;Building Suite;Building Suite;Building Suite;Building Suite;Building Suite;Building Suite;Building Suite;Building Suite;Building Suite;Building Suite;Building Suite;Building Suite;Building Suite,260 ROWLEY WY NW;#200 260 ROWLEY WY NW;#200 260 ROWLEY WY NW;#213 260 ROWLEY WY NW;#205 260 ROWLEY WY NW;#211 260 ROWLEY WY NW;#206 260 ROWLEY WY NW;#208 260 ROWLEY WY NW;#204 260 ROWLEY WY NW;#201 260 ROWLEY WY NW;#212 260 ROWLEY WY NW;#203 260 ROWLEY WY NW;#210 260 ROWLEY WY NW;#215 260 ROWLEY WY NW;#207 260 ROWLEY WY NW;#209 260 ROWLEY WY NW;#202 260 ROWLEY WY NW;#216 260 ROWLEY WY NW;#214 260 ROWLEY WY NW,"MULTIPOINT (-114.26404961852936 51.1060141766356,-114.26290430141285 51.10610215904825,-114.26305388290065 51.105926650164236,-114.26299220499872 51.1060415508765,-114.26319471083924 51.10594238880114,-114.26296718567343 51.10596073617897,-114.26312731760883 51.10588307388122,-114.26314289774324 51.105966283057626,-114.26324460853078 51.105913132007544,-114.26330490752643 51.10588742965575,-114.26304117325228 51.10601706077962,-114.26317533645297 51.10585739922882,-114.26301805300206 51.105936241820594,-114.26286357944498 51.10601210230593,-114.26307076799498 51.10590519881188,-114.26309202707974 51.105990184160255,-114.263234692932 51.10583169004458,-114.26292908765342 51.10607142161496,-114.26292198381356 51.105984624459055)","{""type"":""MultiPoint"",""coordinates"":[[-114.2640496,51.1060142],[-114.2629043,51.1061022],[-114.2630539,51.1059267],[-114.2629922,51.1060416],[-114.2631947,51.1059424],[-114.2629672,51.1059607],[-114.2631273,51.1058831],[-114.2631429,51.1059663],[-114.2632446,51.1059131],[-114.2633049,51.1058874],[-114.2630412,51.1060171],[-114.2631753,51.1058574],[-114.2630181,51.1059362],[-114.2628636,51.1060121],[-114.2630708,51.1059052],[-114.263092,51.1059902],[-114.2632347,51.1058317],[-114.2629291,51.1060714],[-114.262922,51.1059846]]}",POINT (-114.26404961852936 51.1060141766356),260 ROWLEY WY NW,a,
BP2022-08761,Completed,2022-05-24,2022,2022-06-27,2024-04-17,2024,Commercial / Multi Family Project,Building,1606 - Ths Townhouse,Townhouse,Residential,New,New,New,Stacked Rowhouse (Building 4),,AVALON MASTER BUILDER,AVALON MASTER BUILDER,20,"$2,539,089",80,80,#414 260 ROWLEY WY NW,HSN,HASKAYNE,51.10632887,-114.2640247,22,Titled Parcel;Building;Building Suite;Building Suite;Building Suite;Building Suite;Building Suite;Building Suite;Building Suite;Building Suite;Building Suite;Building Suite;Building Suite;Building Suite;Building Suite;Building Suite;Building Suite;Building Suite;Building Suite;Building Suite;Building Suite;Building Suite,#400 260 ROWLEY WY NW;#400 260 ROWLEY WY NW;#418 260 ROWLEY WY NW;#402 260 ROWLEY WY NW;#408 260 ROWLEY WY NW;#417 260 ROWLEY WY NW;#406 260 ROWLEY WY NW;#409 260 ROWLEY WY NW;#419 260 ROWLEY WY NW;#401 260 ROWLEY WY NW;#412 260 ROWLEY WY NW;#420 260 ROWLEY WY NW;#415 260 ROWLEY WY NW;#410 260 ROWLEY WY NW;#404 260 ROWLEY WY NW;#414 260 ROWLEY WY NW;#405 260 ROWLEY WY NW;#413 260 ROWLEY WY NW;#416 260 ROWLEY WY NW;#407 260 ROWLEY WY NW;#411 260 ROWLEY WY NW;#403 260 ROWLEY WY NW,"MULTIPOINT (-114.26402472295099 51.106328870884425,-114.26368508534038 51.10646990289061,-114.263907707502 51.10641767417543,-114.26339352139249 51.10652229548283,-114.26359691530463 51.106576539225735,-114.26391475566496 51.10649435802737,-114.26352480092606 51.10651843080723,-114.26366099903076 51.106550828162,-114.26397758169281 51.106413354243635,-114.26339482884167 51.10658651465048,-114.2637251969622 51.10654770781472,-114.26398745392616 51.106489438398555,-114.26384746834036 51.10645645665234,-114.26365119757796 51.106489603725116,-114.26347131811724 51.10658277343819,-114.26378327054377 51.10645957706659,-114.26353459131256 51.10658024859659,-114.26379117637083 51.1065213990866,-114.26385255029354 51.106518878357434,-114.26359279305895 51.106517090923674,-114.26371919038797 51.10648588150725,-114.26346340933304 51.10652035808679)","{""type"":""MultiPoint"",""coordinates"":[[-114.2640247,51.1063289],[-114.2636851,51.1064699],[-114.2639077,51.1064177],[-114.2633935,51.1065223],[-114.2635969,51.1065765],[-114.2639148,51.1064944],[-114.2635248,51.1065184],[-114.263661,51.1065508],[-114.2639776,51.1064134],[-114.2633948,51.1065865],[-114.2637252,51.1065477],[-114.2639875,51.1064894],[-114.2638475,51.1064565],[-114.2636512,51.1064896],[-114.2634713,51.1065828],[-114.2637833,51.1064596],[-114.2635346,51.1065802],[-114.2637912,51.1065214],[-114.2638526,51.1065189],[-114.2635928,51.1065171],[-114.2637192,51.1064859],[-114.2634634,51.1065204]]}",POINT (-114.26402472295099 51.106328870884425),260 ROWLEY WY NW,a,
BP2022-08537,Completed,2022-05-20,2022,2022-07-06,2023-05-18,2023,Commercial / Multi Family Project,Building,1606 - Ths Townhouse,Townhouse,Residential,New,New,New,Rockland Park - Building 3,,AVALON MASTER BUILDER,AVALON MASTER BUILDER,20,"$2,537,042",80,80,#314 260 ROWLEY WY NW,HSN,HASKAYNE,51.10634403,-114.2632827,22,Titled Parcel;Building;Building Suite;Building Suite;Building Suite;Building Suite;Building Suite;Building Suite;Building Suite;Building Suite;Building Suite;Building Suite;Building Suite;Building Suite;Building Suite;Building Suite;Building Suite;Building Suite;Building Suite;Building Suite;Building Suite;Building Suite,#300 260 ROWLEY WY NW;#300 260 ROWLEY WY NW;#308 260 ROWLEY WY NW;#316 260 ROWLEY WY NW;#303 260 ROWLEY WY NW;#314 260 ROWLEY WY NW;#307 260 ROWLEY WY NW;#306 260 ROWLEY WY NW;#315 260 ROWLEY WY NW;#317 260 ROWLEY WY NW;#318 260 ROWLEY WY NW;#302 260 ROWLEY WY NW;#320 260 ROWLEY WY NW;#304 260 ROWLEY WY NW;#319 260 ROWLEY WY NW;#301 260 ROWLEY WY NW;#312 260 ROWLEY WY NW;#313 260 ROWLEY WY NW;#310 260 ROWLEY WY NW;#309 260 ROWLEY WY NW;#305 260 ROWLEY WY NW;#311 260 ROWLEY WY NW,"MULTIPOINT (-114.26328265518674 51.10634402853638,-114.26293590696518 51.106274177006,-114.263073685046 51.10625305605965,-114.26286814181438 51.10615183628458,-114.26311301842304 51.10635999842722,-114.26286199252303 51.10623331438811,-114.26301920625458 51.10630550741004,-114.26306375542386 51.106335135994904,-114.26280989233011 51.106206669284475,-114.26283310578214 51.106135266194414,-114.2627606270651 51.10617883115236,-114.26317080474595 51.10638959718532,-114.26275921183579 51.10609796336936,-114.26318261233388 51.106306326380064,-114.2627075601843 51.10615040822294,-114.26324039863407 51.10633592510406,-114.26296856566181 51.10620393928567,-114.26293635008787 51.10618616725912,-114.26297278415284 51.1062830118188,-114.2630367497045 51.10623649030369,-114.26313905201818 51.106287393307845,-114.26291311657444 51.106254010509765)","{""type"":""MultiPoint"",""coordinates"":[[-114.2632827,51.106344],[-114.2629359,51.1062742],[-114.2630737,51.1062531],[-114.2628681,51.1061518],[-114.263113,51.10636],[-114.262862,51.1062333],[-114.2630192,51.1063055],[-114.2630638,51.1063351],[-114.2628099,51.1062067],[-114.2628331,51.1061353],[-114.2627606,51.1061788],[-114.2631708,51.1063896],[-114.2627592,51.106098],[-114.2631826,51.1063063],[-114.2627076,51.1061504],[-114.2632404,51.1063359],[-114.2629686,51.1062039],[-114.2629364,51.1061862],[-114.2629728,51.106283],[-114.2630367,51.1062365],[-114.2631391,51.1062874],[-114.2629131,51.106254]]}",POINT (-114.26328265518674 51.10634402853638),260 ROWLEY WY NW,a,
BP2018-07869,Completed,2018-06-19,2018,2018-10-31,2020-11-27,2020,Commercial / Multi Family Project,Building,1606 - Ths Townhouse,Townhouse,Residential,New,New,New,New Townhouses,IREDALE ARCHITECTURE,,,9,"$1,748,476",81,81,431 68 AV NW,HUN,HUNTINGTON HILLS,51.11446767,-114.0695877,1,Titled Parcel,431 68 AV NW,POINT (-114.06958774281851 51.114467669042845),"{""type"":""Point"",""coordinates"":[-114.0695877,51.1144677]}",POINT (-114.06958774281851 51.114467669042845),431 68 AV NW,a,
BP2019-06551,Completed,2019-05-29,2019,2019-06-10,2020-04-28,2020,Commercial / Multi Family Project,Building,1606 - Ths Townhouse,Townhouse,Residential,New,New,New,Emerald Sky West - Building #8000 4 Unit Rowhouse,CARLISLE DEVELOPMENTS,,,4,"$663,608",82,82,265 KINCORA GLEN RD NW,KCA,KINCORA,51.16539895,-114.1429513,8,Titled Parcel;Titled Parcel;Titled Parcel;Titled Parcel;Building;Building;Building;Building,269 KINCORA GLEN RD NW;271 KINCORA GLEN RD NW;267 KINCORA GLEN RD NW;265 KINCORA GLEN RD NW;265 KINCORA GLEN RD NW;267 KINCORA GLEN RD NW;269 KINCORA GLEN RD NW;271 KINCORA GLEN RD NW,"MULTIPOINT (-114.1429512781704 51.16539895484958,-114.14300530661218 51.165430352251036,-114.142903554701 51.16537204449771,-114.14282712266754 51.165331684850706,-114.14276707353397 51.165392410658455,-114.14281566897004 51.165419275053644,-114.14286000094887 51.16544524567975,-114.1429071837641 51.16547300172743)","{""type"":""MultiPoint"",""coordinates"":[[-114.1429513,51.165399],[-114.1430053,51.1654304],[-114.1429036,51.165372],[-114.1428271,51.1653317],[-114.1427671,51.1653924],[-114.1428157,51.1654193],[-114.14286,51.1654452],[-114.1429072,51.165473]]}",POINT (-114.1429512781704 51.16539895484958),265 KINCORA GLEN RD NW,a,
BP2019-06543,Completed,2019-05-29,2019,2019-06-10,2020-07-30,2020,Commercial / Multi Family Project,Building,1606 - Ths Townhouse,Townhouse,Residential,New,New,New,Emerald Sky West -  Building #7000 8 Unit Rowhouse,CARLISLE DEVELOPMENTS,,,8,"$1,302,079",82,82,301 KINCORA GLEN RD NW,KCA,KINCORA,51.16568158,-114.1433974,16,Titled Parcel;Titled Parcel;Titled Parcel;Titled Parcel;Titled Parcel;Titled Parcel;Titled Parcel;Titled Parcel;Building;Building;Building;Building;Building;Building;Building;Building,311 KINCORA GLEN RD NW;301 KINCORA GLEN RD NW;303 KINCORA GLEN RD NW;313 KINCORA GLEN RD NW;305 KINCORA GLEN RD NW;309 KINCORA GLEN RD NW;315 KINCORA GLEN RD NW;307 KINCORA GLEN RD NW;307 KINCORA GLEN RD NW;313 KINCORA GLEN RD NW;305 KINCORA GLEN RD NW;303 KINCORA GLEN RD NW;309 KINCORA GLEN RD NW;301 KINCORA GLEN RD NW;311 KINCORA GLEN RD NW;315 KINCORA GLEN RD NW,"MULTIPOINT (-114.1433974313275 51.165681579722396,-114.1431678491413 51.165533533297605,-114.14321994730503 51.165569427737665,-114.14344168066864 51.16571298890739,-114.14326431117442 51.16559634207398,-114.14335305300104 51.165654665454596,-114.14349270690704 51.16574888453937,-114.14330868902402 51.165627751152286,-114.14323463654716 51.16567270869687,-114.14336191174172 51.16575421388724,-114.14319316649059 51.1656476336658,-114.14314456742761 51.16562436525356,-114.14327325821849 51.16570138302235,-114.1430973926325 51.16559929716848,-114.14331901732878 51.16573093855692,-114.14340624396074 51.1657846700912)","{""type"":""MultiPoint"",""coordinates"":[[-114.1433974,51.1656816],[-114.1431678,51.1655335],[-114.1432199,51.1655694],[-114.1434417,51.165713],[-114.1432643,51.1655963],[-114.1433531,51.1656547],[-114.1434927,51.1657489],[-114.1433087,51.1656278],[-114.1432346,51.1656727],[-114.1433619,51.1657542],[-114.1431932,51.1656476],[-114.1431446,51.1656244],[-114.1432733,51.1657014],[-114.1430974,51.1655993],[-114.143319,51.1657309],[-114.1434062,51.1657847]]}",POINT (-114.1433974313275 51.165681579722396),301 KINCORA GLEN RD NW,a,
BP2019-06538,Completed,2019-05-29,2019,2019-06-10,2025-07-18,2025,Commercial / Multi Family Project,Building,1606 - Ths Townhouse,Townhouse,Residential,New,New,New,Emerald Sky West - Building 6000 - 6 Unit Rowhouse,CARLISLE DEVELOPMENTS,,,6,"$984,367",82,82,321 KINCORA GLEN RD NW,KCA,KINCORA,51.16595974,-114.1438147,12,Titled Parcel;Titled Parcel;Titled Parcel;Titled Parcel;Titled Parcel;Titled Parcel;Building;Building;Building;Building;Building;Building,331 KINCORA GLEN RD NW;321 KINCORA GLEN RD NW;329 KINCORA GLEN RD NW;325 KINCORA GLEN RD NW;323 KINCORA GLEN RD NW;327 KINCORA GLEN RD NW;331 KINCORA GLEN RD NW;325 KINCORA GLEN RD NW;329 KINCORA GLEN RD NW;327 KINCORA GLEN RD NW;321 KINCORA GLEN RD NW;323 KINCORA GLEN RD NW,"MULTIPOINT (-114.1438147084329 51.16595974424024,-114.14357397186498 51.165802722778245,-114.14376198025921 51.16592385084127,-114.14367323740028 51.165865527774365,-114.14362884443887 51.16583861362987,-114.14371760148808 51.16589693671324,-114.14372944275843 51.1659897662552,-114.14359929275543 51.165903779209934,-114.14368795821156 51.1659602056322,-114.14364363677983 51.165933336353625,-114.1435049365743 51.1658518454871,-114.14355497701034 51.16587870780091)","{""type"":""MultiPoint"",""coordinates"":[[-114.1438147,51.1659597],[-114.143574,51.1658027],[-114.143762,51.1659239],[-114.1436732,51.1658655],[-114.1436288,51.1658386],[-114.1437176,51.1658969],[-114.1437294,51.1659898],[-114.1435993,51.1659038],[-114.143688,51.1659602],[-114.1436436,51.1659333],[-114.1435049,51.1658518],[-114.143555,51.1658787]]}",POINT (-114.1438147084329 51.16595974424024),321 KINCORA GLEN RD NW,a,
BP2018-12851,Completed,2018-09-24,2018,2018-12-19,2020-01-15,2020,Commercial / Multi Family Project,Building,1606 - Ths Townhouse,Townhouse,Residential,New,New,New,Emerald Sky Townhouse Building 9000,CARLISLE GROUP,,,6,"$848,501",82,82,251 KINCORA GLEN RD NW,KCA,KINCORA,51.1651884,-114.1423759,12,Titled Parcel;Titled Parcel;Titled Parcel;Titled Parcel;Titled Parcel;Titled Parcel;Building;Building;Building;Building;Building;Building,251 KINCORA GLEN RD NW;261 KINCORA GLEN RD NW;255 KINCORA GLEN RD NW;253 KINCORA GLEN RD NW;257 KINCORA GLEN RD NW;259 KINCORA GLEN RD NW;251 KINCORA GLEN RD NW;255 KINCORA GLEN RD NW;259 KINCORA GLEN RD NW;253 KINCORA GLEN RD NW;257 KINCORA GLEN RD NW;261 KINCORA GLEN RD NW,"MULTIPOINT (-114.1423759293381 51.165188401991465,-114.14270619709865 51.16528238988465,-114.14250846583852 51.1652197040508,-114.14244857411347 51.165206292663925,-114.14256739965178 51.16523311657439,-114.14262521784187 51.1652510252047,-114.14233564459028 51.16526013370475,-114.14246130759678 51.16528330863477,-114.14257698770074 51.16531009141778,-114.14240275661857 51.16527350939199,-114.14251986691082 51.16529580470387,-114.14263412836881 51.165326175990046)","{""type"":""MultiPoint"",""coordinates"":[[-114.1423759,51.1651884],[-114.1427062,51.1652824],[-114.1425085,51.1652197],[-114.1424486,51.1652063],[-114.1425674,51.1652331],[-114.1426252,51.165251],[-114.1423356,51.1652601],[-114.1424613,51.1652833],[-114.142577,51.1653101],[-114.1424028,51.1652735],[-114.1425199,51.1652958],[-114.1426341,51.1653262]]}",POINT (-114.1423759293381 51.165188401991465),251 KINCORA GLEN RD NW,a,
BP2017-07793,Completed,2017-06-23,2017,2017-08-15,2018-07-24,2018,Commercial / Multi Family Project,Building,1606 - Ths Townhouse,Townhouse,Residential,New,New,New,"West 35th Rowhouse, 4-Plex,  Gramercy Fine Homes",HOMES 101,,,4,"$1,200,000",83,83,2002 35 ST SW,KIL,KILLARNEY/GLENGARRY,51.03612882,-114.1379096,4,Building;Building;Building;Building,3565 19 AV SW;3569 19 AV SW;3561 19 AV SW;2002 35 ST SW,"MULTIPOINT (-114.13790962726335 51.03612882368092,-114.1379850634051 51.036127844655624,-114.13782709875932 51.03612773438913,-114.13806429480135 51.03612775108366)","{""type"":""MultiPoint"",""coordinates"":[[-114.1379096,51.0361288],[-114.1379851,51.0361278],[-114.1378271,51.0361277],[-114.1380643,51.0361278]]}",POINT (-114.13790962726335 51.03612882368092),2002 35 ST SW,a,
BP2019-13734,Completed,2019-10-07,2019,2019-11-18,2021-05-04,2021,Commercial / Multi Family Project,Building,1606 - Ths Townhouse,Townhouse,Residential,New,New,New,Four plex,JG DESIGN,,MAGNAT DEVELOPMENTS,4,"$821,439",83,83,1931A 36 ST SW,KIL,KILLARNEY/GLENGARRY,51.03666182,-114.139922,3,Titled Parcel;Building;Entryway,1931 36 ST SW;1931 36 ST SW;1931A 36 ST SW,"MULTIPOINT (-114.13992196614109 51.0366618164248,-114.14004586007111 51.03668232647822,-114.14004586007111 51.03668232647822)","{""type"":""MultiPoint"",""coordinates"":[[-114.139922,51.0366618],[-114.1400459,51.0366823],[-114.1400459,51.0366823]]}",POINT (-114.13992196614109 51.0366618164248),1931A 36 ST SW,a,
BP2022-11284,Completed,2022-06-28,2022,2023-02-08,2024-07-12,2024,Commercial / Multi Family Project,Building,1606 - Ths Townhouse,Townhouse,Residential,New,New,New,4 Unit Residential Rowhouse,JOHN TRINH & ASSOCIATES,,SHEMSHO CONSTRUCTION,4,"$1,069,667",84,84,3604B RICHMOND RD SW,KIL,KILLARNEY/GLENGARRY,51.02366419,-114.1386029,9,Titled Parcel;Building;Building;Building;Building;Building Suite;Building Suite;Building Suite;Building Suite,3239 KERRYDALE RD SW;3245 KERRYDALE RD SW;3604 RICHMOND RD SW;3243 KERRYDALE RD SW;3241 KERRYDALE RD SW;3245B KERRYDALE RD SW;3241B KERRYDALE RD SW;3243B KERRYDALE RD SW;3604B RICHMOND RD SW,"MULTIPOINT (-114.13860286863867 51.02366419376301,-114.13856121520571 51.02346722333223,-114.13852793736835 51.02342602670352,-114.13859725971197 51.02351363972711,-114.13863515734859 51.02356006290187,-114.13851803985705 51.0235056069024,-114.138584625117 51.02359787088835,-114.1385513298547 51.0235508668956,-114.13845887261745 51.023429587595125)","{""type"":""MultiPoint"",""coordinates"":[[-114.1386029,51.0236642],[-114.1385612,51.0234672],[-114.1385279,51.023426],[-114.1385973,51.0235136],[-114.1386352,51.0235601],[-114.138518,51.0235056],[-114.1385846,51.0235979],[-114.1385513,51.0235509],[-114.1384589,51.0234296]]}",POINT (-114.13860286863867 51.02366419376301),3604B RICHMOND RD SW,a,
BP2022-13798,Completed,2022-08-11,2022,2022-10-07,2023-05-04,2023,Commercial / Multi Family Project,Building,1606 - Ths Townhouse,Townhouse,Residential,New,New,New,"A new 4 unit rowhouse, Part 9, Group C occupancy classified under 9.10.2.1.",KILLARNEY23,,PEN LAKE VENTURES,4,"$759,053",84,84,3218B 26 AV SW,KIL,KILLARNEY/GLENGARRY,51.0301608,-114.1334516,9,Titled Parcel;Building;Building;Building;Building;Building Suite;Building Suite;Building Suite;Building Suite,3216 26 AV SW;3222 26 AV SW;3218 26 AV SW;2640 32 ST SW;3220 26 AV SW;3222B 26 AV SW;2640B 32 ST SW;3220B 26 AV SW;3218B 26 AV SW,"MULTIPOINT (-114.13345159104892 51.030160800740525,-114.13375736381853 51.030217572112065,-114.13358079551557 51.03022061483147,-114.13385190664094 51.030240873202864,-114.13366795852946 51.03022086577027,-114.1337729810882 51.03017039395227,-114.13385846383231 51.030171356863384,-114.13368974977976 51.0301690688127,-114.13359863892606 51.030169173004)","{""type"":""MultiPoint"",""coordinates"":[[-114.1334516,51.0301608],[-114.1337574,51.0302176],[-114.1335808,51.0302206],[-114.1338519,51.0302409],[-114.133668,51.0302209],[-114.133773,51.0301704],[-114.1338585,51.0301714],[-114.1336897,51.0301691],[-114.1335986,51.0301692]]}",POINT (-114.13345159104892 51.030160800740525),3218B 26 AV SW,a,
BP2017-09485,Completed,2017-07-25,2017,2017-09-18,2018-06-05,2018,Commercial / Multi Family Project,Building,1606 - Ths Townhouse,Townhouse,Residential,New,New,New,3 Unit Townhouse - Group C Part 9,MILLENIUM PLUS HOMES RENOVATION,,,3,"$593,421",85,85,2786 19 AV SW,KIL,KILLARNEY/GLENGARRY,51.036363,-114.1260132,4,Titled Parcel;Building;Building;Building,2780 19 AV SW;2790 19 AV SW;2786 19 AV SW;2788 19 AV SW,"MULTIPOINT (-114.12601317845653 51.03636299947799,-114.12641837361535 51.036397918575496,-114.12614939387664 51.03639749902707,-114.12622861732548 51.036399553048334)","{""type"":""MultiPoint"",""coordinates"":[[-114.1260132,51.036363],[-114.1264184,51.0363979],[-114.1261494,51.0363975],[-114.1262286,51.0363996]]}",POINT (-114.12601317845653 51.03636299947799),2786 19 AV SW,a,
BP2017-11463,Completed,2017-08-30,2017,2017-10-16,2018-07-30,2018,Commercial / Multi Family Project,Building,1606 - Ths Townhouse,Townhouse,Residential,New,New,New,Part 9 Residential 2 Storey 4-Plex & Garage,MILLENIUM PLUS HOMES RENOVATION,,MILLENIUM PLUS HOMES RENOVATION,4,"$761,397",85,85,1940 32 ST SW,KIL,KILLARNEY/GLENGARRY,51.03636363,-114.1335408,5,Titled Parcel;Building;Building;Building;Building,3214 19 AV SW;3216 19 AV SW;3220 19 AV SW;1940 32 ST SW;3218 19 AV SW,"MULTIPOINT (-114.13354078296588 51.036363630403116,-114.13358589211595 51.03639221120853,-114.13374547342518 51.03639392553347,-114.13382244237968 51.036395266796895,-114.13366437034519 51.03639283167085)","{""type"":""MultiPoint"",""coordinates"":[[-114.1335408,51.0363636],[-114.1335859,51.0363922],[-114.1337455,51.0363939],[-114.1338224,51.0363953],[-114.1336644,51.0363928]]}",POINT (-114.13354078296588 51.036363630403116),1940 32 ST SW,a,
BP2018-12239,Completed,2018-09-12,2018,2018-10-19,2020-09-15,2020,Commercial / Multi Family Project,Building,1606 - Ths Townhouse,Townhouse,Residential,New,New,New,,MILLENIUM PLUS HOMES RENOVATION,,,4,"$772,375",85,85,2841 36 ST SW,KIL,KILLARNEY/GLENGARRY,51.02871038,-114.1399158,5,Titled Parcel;Building;Building;Building;Building,2839 36 ST SW;3702 28 AV SW;3704 28 AV SW;2841 36 ST SW;3706 28 AV SW,"MULTIPOINT (-114.13991577287679 51.02871038355032,-114.1400410268781 51.02861684786052,-114.14017604544695 51.028617818697676,-114.13998368926448 51.028616440097615,-114.14021003175769 51.02861806559953)","{""type"":""MultiPoint"",""coordinates"":[[-114.1399158,51.0287104],[-114.140041,51.0286168],[-114.140176,51.0286178],[-114.1399837,51.0286164],[-114.14021,51.0286181]]}",POINT (-114.13991577287679 51.02871038355032),2841 36 ST SW,a,
BP2018-12392,Completed,2018-09-14,2018,2018-09-24,2020-08-28,2020,Commercial / Multi Family Project,Building,1606 - Ths Townhouse,Townhouse,Residential,New,New,New,"M2436 4 Plex: 3 storey, 4 residential units",MP REAL ESTATE VENTURES INC.,,,4,"$781,775",85,85,#1 2436 29 ST SW,KIL,KILLARNEY/GLENGARRY,51.03191838,-114.1293794,5,Titled Parcel;Building;Building;Building;Building,2436 29 ST SW;#1 2436 29 ST SW;#2 2438 29 ST SW;#2 2436 29 ST SW;#1 2438 29 ST SW,"MULTIPOINT (-114.1293793929644 51.03191838291196,-114.12932255128644 51.03193879863643,-114.12913526224709 51.031867456254105,-114.12913517226205 51.03194280850202,-114.12931651551554 51.03186521515915)","{""type"":""MultiPoint"",""coordinates"":[[-114.1293794,51.0319184],[-114.1293226,51.0319388],[-114.1291353,51.0318675],[-114.1291352,51.0319428],[-114.1293165,51.0318652]]}",POINT (-114.1293793929644 51.03191838291196),2436 29 ST SW,a,
BP2018-03968,Completed,2018-04-12,2018,2018-07-05,2020-02-06,2020,Commercial / Multi Family Project,Building,1606 - Ths Townhouse,Townhouse,Residential,New,New,New,Part 9 Residential 2 Storey 4-Plex & Garage,MP REAL ESTATE VENTURES INC.,,,4,"$878,217",85,85,2202 36 ST SW,KIL,KILLARNEY/GLENGARRY,51.03450471,-114.1395553,5,Titled Parcel;Building;Building;Building;Building,2204 36 ST SW;3621 21 AV SW;2202 36 ST SW;3625 21 AV SW;3623 21 AV SW,"MULTIPOINT (-114.13955529718802 51.03450471417651,-114.13924631917222 51.0345843184156,-114.13951792753413 51.03458518113629,-114.13938212691178 51.03458593649816,-114.13930101260542 51.034584846561394)","{""type"":""MultiPoint"",""coordinates"":[[-114.1395553,51.0345047],[-114.1392463,51.0345843],[-114.1395179,51.0345852],[-114.1393821,51.0345859],[-114.139301,51.0345848]]}",POINT (-114.13955529718802 51.03450471417651),2202 36 ST SW,a,
BP2018-03969,Completed,2018-04-12,2018,2018-07-03,2019-08-13,2019,Commercial / Multi Family Project,Building,1606 - Ths Townhouse,Townhouse,Residential,New,New,New,Part 9 Residential 2 Storey 4-Plex & Garage,MP REAL ESTATE VENTURES INC.,,,4,"$878,217",85,85,2002 31 ST SW,KIL,KILLARNEY/GLENGARRY,51.0361541,-114.132023,5,Titled Parcel;Building;Building;Building;Building,3121 19 AV SW;2002 31 ST SW;3123 19 AV SW;3127 19 AV SW;3125 19 AV SW,"MULTIPOINT (-114.13202297248557 51.03615409568836,-114.1324106613938 51.03610892409277,-114.13217252946828 51.03611067695312,-114.13232249875628 51.03611199955198,-114.13224232378516 51.0361111913239)","{""type"":""MultiPoint"",""coordinates"":[[-114.132023,51.0361541],[-114.1324107,51.0361089],[-114.1321725,51.0361107],[-114.1323225,51.036112],[-114.1322423,51.0361112]]}",POINT (-114.13202297248557 51.03615409568836),2002 31 ST SW,a,
BP2018-08876,Completed,2018-07-06,2018,2018-07-12,2019-11-05,2019,Commercial / Multi Family Project,Building,1606 - Ths Townhouse,Townhouse,Residential,New,New,New,New Rowhouse and 4 Car Garage,RNDSQR,,,4,"$909,656",85,85,2972 21 AV SW,KIL,KILLARNEY/GLENGARRY,51.03481808,-114.1289216,5,Titled Parcel;Building;Building;Building;Building,2968 21 AV SW;2984 21 AV SW;2976 21 AV SW;2980 21 AV SW;2972 21 AV SW,"MULTIPOINT (-114.12892161467569 51.03481808490462,-114.12930454588361 51.03485936532398,-114.12915650280084 51.034862198980754,-114.12923430383579 51.03486122298931,-114.12906643696344 51.03486200181835)","{""type"":""MultiPoint"",""coordinates"":[[-114.1289216,51.0348181],[-114.1293045,51.0348594],[-114.1291565,51.0348622],[-114.1292343,51.0348612],[-114.1290664,51.034862]]}",POINT (-114.12892161467569 51.03481808490462),2972 21 AV SW,a,
BP2018-02855,Completed,2018-03-16,2018,2018-04-30,2019-01-08,2019,Commercial / Multi Family Project,Building,1606 - Ths Townhouse,Townhouse,Residential,New,New,New,New - Part 9 Group C - 4 Unit Townhouse,TRICOR DESIGN GROUP,,,4,"$1,001,326",85,85,2002 26A ST SW,KIL,KILLARNEY/GLENGARRY,51.03614871,-114.1246486,5,Titled Parcel;Building;Building;Building;Building,2725 19 AV SW;2733 19 AV SW;2002 26A ST SW;2731 19 AV SW;2735 19 AV SW,"MULTIPOINT (-114.12464860575378 51.03614870880514,-114.12475260317284 51.03614323994958,-114.1249517571599 51.036131996771914,-114.12467260353925 51.036143981568344,-114.1248751370902 51.036143495647735)","{""type"":""MultiPoint"",""coordinates"":[[-114.1246486,51.0361487],[-114.1247526,51.0361432],[-114.1249518,51.036132],[-114.1246726,51.036144],[-114.1248751,51.0361435]]}",POINT (-114.12464860575378 51.03614870880514),2002 26A ST SW,a,
BP2018-08382,Completed,2018-06-27,2018,2018-08-20,2019-04-24,2019,Commercial / Multi Family Project,Building,1606 - Ths Townhouse,Townhouse,Residential,New,New,New,4 Unit Rowhouses - New Build,URBAN INDIGO FINE HOMES,,,4,"$1,000,000",85,85,2242 26A ST SW,KIL,KILLARNEY/GLENGARRY,51.0333615,-114.1250098,5,Titled Parcel;Building;Building;Building;Building,2240 26A ST SW;2636 23 AV SW;2634 23 AV SW;2242 26A ST SW;2632 23 AV SW,"MULTIPOINT (-114.12500977558074 51.03336149963574,-114.12485660173729 51.03331026894889,-114.12475135495374 51.03331002175137,-114.1249392063335 51.03330982107912,-114.12467553576387 51.0333101026597)","{""type"":""MultiPoint"",""coordinates"":[[-114.1250098,51.0333615],[-114.1248566,51.0333103],[-114.1247514,51.03331],[-114.1249392,51.0333098],[-114.1246755,51.0333101]]}",POINT (-114.12500977558074 51.03336149963574),2242 26A ST SW,a,
BP2022-18314,Completed,2022-11-01,2022,2023-04-04,2024-03-28,2024,Commercial / Multi Family Project,Building,1606 - Ths Townhouse,Townhouse,Residential,New,New,New,"A new, two storey, 4 unit rowhouse, Part 9, Group C occupancy",UTOPIA CONSTRUCTION,,SUNSTAR HOMES,4,"$900,000",86,86,3308B 21 AV SW,KIL,KILLARNEY/GLENGARRY,51.03481165,-114.1346321,9,Titled Parcel;Building;Building;Building;Building;Building Suite;Building Suite;Building Suite;Building Suite,3310 21 AV SW;3306 21 AV SW;3302 21 AV SW;3304 21 AV SW;3308 21 AV SW;3302B 21 AV SW;3308B 21 AV SW;3306B 21 AV SW;3304B 21 AV SW,"MULTIPOINT (-114.1346320608677 51.03481164610287,-114.13448719894653 51.03485924283043,-114.13431107380973 51.034858914976304,-114.13439659217104 51.034859347060035,-114.13457694873179 51.03485860912196,-114.13432617775702 51.03481137778042,-114.13455901614546 51.034810579537556,-114.13449974754283 51.03481064776166,-114.13438374817942 51.034810781201564)","{""type"":""MultiPoint"",""coordinates"":[[-114.1346321,51.0348116],[-114.1344872,51.0348592],[-114.1343111,51.0348589],[-114.1343966,51.0348593],[-114.1345769,51.0348586],[-114.1343262,51.0348114],[-114.134559,51.0348106],[-114.1344997,51.0348106],[-114.1343837,51.0348108]]}",POINT (-114.1346320608677 51.03481164610287),3308B 21 AV SW,a,
BP2017-09060,Completed,2017-07-18,2017,2017-07-27,2018-07-23,2018,Commercial / Multi Family Project,Building,1606 - Ths Townhouse,Townhouse,Residential,New,New,New,"429 Legacy Pt, Bld 9, 8-Plex Legend of Legacy",ALDEBARAN ENTERPRISES,,ALDEBARAN ENTERPRISES,8,"$1,942,541",87,87,433 LEGACY BV SE,LEG,LEGACY,50.85686052,-114.0214141,16,Titled Parcel;Titled Parcel;Titled Parcel;Titled Parcel;Titled Parcel;Titled Parcel;Titled Parcel;Titled Parcel;Building;Building;Building;Building;Building;Building;Building;Building,413 LEGACY BV SE;433 LEGACY BV SE;425 LEGACY BV SE;421 LEGACY BV SE;417 LEGACY BV SE;429 LEGACY BV SE;409 LEGACY BV SE;405 LEGACY BV SE;421 LEGACY BV SE;433 LEGACY BV SE;425 LEGACY BV SE;409 LEGACY BV SE;413 LEGACY BV SE;405 LEGACY BV SE;417 LEGACY BV SE;429 LEGACY BV SE,"MULTIPOINT (-114.02141407472597 50.85686051515714,-114.02130127541666 50.856586340060346,-114.02135390686666 50.856698705746865,-114.02137498067087 50.8567526420345,-114.02139454898072 50.8568065785938,-114.02133056060117 50.85664476987027,-114.02143361471956 50.85691445171409,-114.02145525890693 50.856972882892386,-114.02144172588454 50.8567309997937,-114.02138400383613 50.856575303162614,-114.02142439961808 50.856672612768065,-114.02149753367131 50.85689277400087,-114.02148405635441 50.8568343862767,-114.02151292846054 50.85695115237945,-114.02146673669928 50.85679059905632,-114.02140516097839 50.85662517593966)","{""type"":""MultiPoint"",""coordinates"":[[-114.0214141,50.8568605],[-114.0213013,50.8565863],[-114.0213539,50.8566987],[-114.021375,50.8567526],[-114.0213945,50.8568066],[-114.0213306,50.8566448],[-114.0214336,50.8569145],[-114.0214553,50.8569729],[-114.0214417,50.856731],[-114.021384,50.8565753],[-114.0214244,50.8566726],[-114.0214975,50.8568928],[-114.0214841,50.8568344],[-114.0215129,50.8569512],[-114.0214667,50.8567906],[-114.0214052,50.8566252]]}",POINT (-114.02141407472597 50.85686051515714),433 LEGACY BV SE,a,
BP2018-09987,Completed,2018-07-30,2018,2018-08-13,2019-08-22,2019,Commercial / Multi Family Project,Building,1606 - Ths Townhouse,Townhouse,Residential,New,New,New,New Building - Legacy (Building 13),ALDEBARAN ENTERPRISES,,,5,"$1,138,754",87,87,131 LEGACY PT SE,LEG,LEGACY,50.85635685,-114.0225991,10,Titled Parcel;Titled Parcel;Titled Parcel;Titled Parcel;Titled Parcel;Building;Building;Building;Building;Building,147 LEGACY PT SE;143 LEGACY PT SE;131 LEGACY PT SE;135 LEGACY PT SE;139 LEGACY PT SE;147 LEGACY PT SE;135 LEGACY PT SE;143 LEGACY PT SE;139 LEGACY PT SE;131 LEGACY PT SE,"MULTIPOINT (-114.02259913542385 50.856356850348995,-114.02251356175083 50.85635686688698,-114.02225881924144 50.85636590577196,-114.02235259802671 50.856356897824874,-114.02243308699036 50.856356882382315,-114.02259504112716 50.85643715903247,-114.02235002576938 50.85644291487386,-114.0225131195702 50.85644145411477,-114.02242893673439 50.856439564437196,-114.02227109877448 50.856442453489784)","{""type"":""MultiPoint"",""coordinates"":[[-114.0225991,50.8563569],[-114.0225136,50.8563569],[-114.0222588,50.8563659],[-114.0223526,50.8563569],[-114.0224331,50.8563569],[-114.022595,50.8564372],[-114.02235,50.8564429],[-114.0225131,50.8564415],[-114.0224289,50.8564396],[-114.0222711,50.8564425]]}",POINT (-114.02259913542385 50.856356850348995),131 LEGACY PT SE,a,
BP2018-02585,Completed,2018-03-09,2018,2018-03-29,2019-02-22,2019,Commercial / Multi Family Project,Building,1606 - Ths Townhouse,Townhouse,Residential,New,New,New,"6 unit - row house, Building 12",ALDEBARAN ENTERPRISES,,,6,"$1,381,487",87,87,103 LEGACY PT SE,LEG,LEGACY,50.85640642,-114.0219555,6,Titled Parcel;Titled Parcel;Titled Parcel;Titled Parcel;Titled Parcel;Titled Parcel,115 LEGACY PT SE;123 LEGACY PT SE;103 LEGACY PT SE;119 LEGACY PT SE;107 LEGACY PT SE;111 LEGACY PT SE,"MULTIPOINT (-114.02195553099183 50.85640641832959,-114.02212121389158 50.85638391198319,-114.02170239345686 50.85644692078436,-114.02203399896253 50.856397413517705,-114.02179185057263 50.85642892406682,-114.02187031861263 50.85641991936502)","{""type"":""MultiPoint"",""coordinates"":[[-114.0219555,50.8564064],[-114.0221212,50.8563839],[-114.0217024,50.8564469],[-114.022034,50.8563974],[-114.0217919,50.8564289],[-114.0218703,50.8564199]]}",POINT (-114.02195553099183 50.85640641832959),103 LEGACY PT SE,a,
BP2019-02144,Completed,2019-03-01,2019,2019-04-10,2020-08-13,2020,Commercial / Multi Family Project,Building,1606 - Ths Townhouse,Townhouse,Residential,New,New,New,"Group C, 9.10.15. Rowhouses",ALDEBARAN ENTERPRISES,,,6,"$1,419,909",87,87,132 LEGACY PT SE,LEG,LEGACY,50.85666697,-114.0227992,12,Titled Parcel;Titled Parcel;Titled Parcel;Titled Parcel;Titled Parcel;Titled Parcel;Building;Building;Building;Building;Building;Building,152 LEGACY PT SE;132 LEGACY PT SE;144 LEGACY PT SE;136 LEGACY PT SE;140 LEGACY PT SE;148 LEGACY PT SE;152 LEGACY PT SE;132 LEGACY PT SE;148 LEGACY PT SE;136 LEGACY PT SE;140 LEGACY PT SE;144 LEGACY PT SE,"MULTIPOINT (-114.02279915265932 50.85666696729548,-114.02237622846965 50.85667603916759,-114.02262550659127 50.85667149609851,-114.02246452758104 50.856671527193654,-114.02254501708619 50.85667151167383,-114.02271292507199 50.856666984107335,-114.02279350160418 50.856554143593186,-114.02237254718922 50.85655175278631,-114.02270707468654 50.856552731025765,-114.02246055183318 50.856555637554564,-114.02254172151235 50.85655276307832,-114.0226236455626 50.8565532236985)","{""type"":""MultiPoint"",""coordinates"":[[-114.0227992,50.856667],[-114.0223762,50.856676],[-114.0226255,50.8566715],[-114.0224645,50.8566715],[-114.022545,50.8566715],[-114.0227129,50.856667],[-114.0227935,50.8565541],[-114.0223725,50.8565518],[-114.0227071,50.8565527],[-114.0224606,50.8565556],[-114.0225417,50.8565528],[-114.0226236,50.8565532]]}",POINT (-114.02279915265932 50.85666696729548),132 LEGACY PT SE,a,
BP2019-01909,Completed,2019-02-25,2019,2019-03-22,2020-03-18,2020,Commercial / Multi Family Project,Building,1606 - Ths Townhouse,Townhouse,Residential,New,New,New,Legacy Multi-Family -  Building 10 Non Stack Townhouses,ALDEBARAN ENTERPRISES,,,6,"$1,419,658",87,87,104 LEGACY PT SE,LEG,LEGACY,50.85672106,-114.0219901,12,Titled Parcel;Titled Parcel;Titled Parcel;Titled Parcel;Titled Parcel;Titled Parcel;Building;Building;Building;Building;Building;Building,112 LEGACY PT SE;120 LEGACY PT SE;104 LEGACY PT SE;108 LEGACY PT SE;116 LEGACY PT SE;124 LEGACY PT SE;108 LEGACY PT SE;104 LEGACY PT SE;112 LEGACY PT SE;124 LEGACY PT SE;120 LEGACY PT SE;116 LEGACY PT SE,"MULTIPOINT (-114.02199014992159 50.85672106266789,-114.02214707054316 50.85669855793664,-114.0218160879634 50.856748065405405,-114.02190489436938 50.85673456373593,-114.02206861841358 50.85671205783316,-114.02224184210304 50.85668505487859,-114.02187104262447 50.856631742186735,-114.02178085728782 50.856642223439884,-114.02194620050938 50.856620310747914,-114.02218519580815 50.85658695752404,-114.02210853115162 50.85659553956453,-114.02202887093966 50.8566069719578)","{""type"":""MultiPoint"",""coordinates"":[[-114.0219901,50.8567211],[-114.0221471,50.8566986],[-114.0218161,50.8567481],[-114.0219049,50.8567346],[-114.0220686,50.8567121],[-114.0222418,50.8566851],[-114.021871,50.8566317],[-114.0217809,50.8566422],[-114.0219462,50.8566203],[-114.0221852,50.856587],[-114.0221085,50.8565955],[-114.0220289,50.856607]]}",POINT (-114.02199014992159 50.85672106266789),104 LEGACY PT SE,a,
BP2017-12269,Completed,2017-09-14,2017,2017-09-27,2018-10-09,2018,Commercial / Multi Family Project,Building,1606 - Ths Townhouse,Townhouse,Residential,New,New,New,9.10.15. - 5 Unit Townhouse - Building 4,GRAVITY ARCHITECTURE,,,5,"$876,917",87,87,1361 LEGACY CI SE,LEG,LEGACY,50.85961789,-114.0026847,6,Titled Parcel;Titled Parcel;Titled Parcel;Titled Parcel;Titled Parcel;Building,1345 LEGACY CI SE;1349 LEGACY CI SE;1361 LEGACY CI SE;1353 LEGACY CI SE;1357 LEGACY CI SE;1361 LEGACY CI SE,"MULTIPOINT (-114.002684729436 50.85961789038571,-114.00276470112595 50.859662838616565,-114.00294305437092 50.85976621947914,-114.00282100809503 50.85969430233746,-114.00287788358152 50.85973026102671,-114.00284301828998 50.859826230337596)","{""type"":""MultiPoint"",""coordinates"":[[-114.0026847,50.8596179],[-114.0027647,50.8596628],[-114.0029431,50.8597662],[-114.002821,50.8596943],[-114.0028779,50.8597303],[-114.002843,50.8598262]]}",POINT (-114.002684729436 50.85961789038571),1361 LEGACY CI SE,a,
BP2017-10976,Completed,2017-08-21,2017,2017-09-14,2018-09-12,2018,Commercial / Multi Family Project,Building,1606 - Ths Townhouse,Townhouse,Residential,New,New,New,9.10.15. - 4 Unit Townhouse - Building 3,GRAVITY ARCHITECTURE,,,5,"$883,867",87,87,1381 LEGACY CI SE,LEG,LEGACY,50.85984713,-114.0030834,6,Titled Parcel;Titled Parcel;Titled Parcel;Titled Parcel;Titled Parcel;Building,1369 LEGACY CI SE;1365 LEGACY CI SE;1377 LEGACY CI SE;1373 LEGACY CI SE;1381 LEGACY CI SE;1381 LEGACY CI SE,"MULTIPOINT (-114.00308342497875 50.859847126028924,-114.00301689008022 50.85980667268099,-114.00320258799238 50.85991005295435,-114.00314274366833 50.859878589514004,-114.00328075674734 50.85995500087883,-114.00317942728249 50.860002803614215)","{""type"":""MultiPoint"",""coordinates"":[[-114.0030834,50.8598471],[-114.0030169,50.8598067],[-114.0032026,50.8599101],[-114.0031427,50.8598786],[-114.0032808,50.859955],[-114.0031794,50.8600028]]}",POINT (-114.00308342497875 50.859847126028924),1381 LEGACY CI SE,a,
BP2018-03634,Completed,2018-04-04,2018,2018-04-27,2019-05-15,2019,Commercial / Multi Family Project,Building,1606 - Ths Townhouse,Townhouse,Residential,New,New,New,Unit Rowhouse 9.10.15. and related detached garages 9.10.14.,GRAVITY ARCHITECTURE,,,4,"$702,911",87,87,1217 LEGACY CI SE,LEG,LEGACY,50.85813007,-114.0008804,8,Titled Parcel;Titled Parcel;Titled Parcel;Titled Parcel;Building;Building;Building;Building,1217 LEGACY CI SE;1225 LEGACY CI SE;1221 LEGACY CI SE;1229 LEGACY CI SE;1225 LEGACY CI SE;1229 LEGACY CI SE;1221 LEGACY CI SE;1217 LEGACY CI SE,"MULTIPOINT (-114.00088036995136 50.85813006951062,-114.0009833198173 50.85821996890687,-114.00093789568103 50.85817951418271,-114.00103380064111 50.85826491857923,-114.00088960485583 50.85826352631399,-114.00093169115449 50.85830348663187,-114.00084330012626 50.858222810849405,-114.00079159809155 50.858182275203326)","{""type"":""MultiPoint"",""coordinates"":[[-114.0008804,50.8581301],[-114.0009833,50.85822],[-114.0009379,50.8581795],[-114.0010338,50.8582649],[-114.0008896,50.8582635],[-114.0009317,50.8583035],[-114.0008433,50.8582228],[-114.0007916,50.8581823]]}",POINT (-114.00088036995136 50.85813006951062),1217 LEGACY CI SE,a,
BP2018-02087,Completed,2018-02-27,2018,2018-03-27,2019-06-13,2019,Commercial / Multi Family Project,Building,1606 - Ths Townhouse,Townhouse,Residential,New,New,New,5 Unit Rowhouse 9.10.15. and related detached garages 9.10.14.,GRAVITY ARCHITECTURE,,STEPPER HOMES,5,"$884,013",87,87,1249 LEGACY CI SE,LEG,LEGACY,50.85835931,-114.0011398,10,Titled Parcel;Titled Parcel;Titled Parcel;Titled Parcel;Titled Parcel;Building;Building;Building;Building;Building,1237 LEGACY CI SE;1241 LEGACY CI SE;1249 LEGACY CI SE;1245 LEGACY CI SE;1233 LEGACY CI SE;1237 LEGACY CI SE;1245 LEGACY CI SE;1233 LEGACY CI SE;1241 LEGACY CI SE;1249 LEGACY CI SE,"MULTIPOINT (-114.00113977659817 50.858359312819324,-114.00118520108377 50.85839976746366,-114.0012810927436 50.85848517165388,-114.00123062564799 50.85844022209004,-114.00108930977426 50.858314363193394,-114.00104143103779 50.85840053298685,-114.0011316265323 50.858477603600754,-114.00099783902583 50.85836343154895,-114.00108652891365 50.85844620188464,-114.00118423833467 50.85852231944484)","{""type"":""MultiPoint"",""coordinates"":[[-114.0011398,50.8583593],[-114.0011852,50.8583998],[-114.0012811,50.8584852],[-114.0012306,50.8584402],[-114.0010893,50.8583144],[-114.0010414,50.8584005],[-114.0011316,50.8584776],[-114.0009978,50.8583634],[-114.0010865,50.8584462],[-114.0011842,50.8585223]]}",POINT (-114.00113977659817 50.858359312819324),1249 LEGACY CI SE,a,
BP2018-00464,Completed,2018-01-16,2018,2018-02-14,2018-11-29,2018,Commercial / Multi Family Project,Building,1606 - Ths Townhouse,Townhouse,Residential,New,New,New,Unit Rowhouse 9.10.15. and related detached garages 9.10.14.,GRAVITY ARCHITECTURE,,STEPPER HOMES,5,"$884,000",87,87,1269 LEGACY CI SE,LEG,LEGACY,50.85888073,-114.0017303,5,Titled Parcel;Titled Parcel;Titled Parcel;Titled Parcel;Titled Parcel,1285 LEGACY CI SE;1281 LEGACY CI SE;1273 LEGACY CI SE;1277 LEGACY CI SE;1269 LEGACY CI SE,"MULTIPOINT (-114.00173028667194 50.858880726784555,-114.00167981871755 50.858835777417994,-114.00158896812187 50.858754868502466,-114.00163439338041 50.85879532296922,-114.00153850043918 50.858709919073824)","{""type"":""MultiPoint"",""coordinates"":[[-114.0017303,50.8588807],[-114.0016798,50.8588358],[-114.001589,50.8587549],[-114.0016344,50.8587953],[-114.0015385,50.8587099]]}",POINT (-114.00173028667194 50.858880726784555),1269 LEGACY CI SE,a,
BP2017-14067,Completed,2017-10-19,2017,2017-11-06,2019-03-05,2019,Commercial / Multi Family Project,Building,1606 - Ths Townhouse,Townhouse,Residential,New,New,New,,TRICO HOMES,,,8,"$1,436,049",87,87,1615 LEGACY CI SE,LEG,LEGACY,50.86099294,-114.0102486,16,Titled Parcel;Titled Parcel;Titled Parcel;Titled Parcel;Titled Parcel;Titled Parcel;Titled Parcel;Titled Parcel;Building;Building;Building;Building;Building;Building;Building;Building,1623 LEGACY CI SE;1615 LEGACY CI SE;1619 LEGACY CI SE;1625 LEGACY CI SE;1611 LEGACY CI SE;1621 LEGACY CI SE;1617 LEGACY CI SE;1613 LEGACY CI SE;1613 LEGACY CI SE;1617 LEGACY CI SE;1625 LEGACY CI SE;1611 LEGACY CI SE;1621 LEGACY CI SE;1615 LEGACY CI SE;1619 LEGACY CI SE;1623 LEGACY CI SE,"MULTIPOINT (-114.0102485672492 50.860992944155306,-114.00998998933711 50.8609974615822,-114.0101188810596 50.86099745047917,-114.01032767116399 50.86098844217398,-114.00985149536588 50.86099747335376,-114.0101837378725 50.86099294982968,-114.01005399485858 50.86099745608641,-114.00992504631802 50.860997467122615,-114.00993057343096 50.861071679246265,-114.01005504701185 50.86106824339293,-114.01032203387084 50.86106136969408,-114.00986563054968 50.86107282648582,-114.01019575660156 50.861065947721926,-114.00999371233351 50.861070532125055,-114.01012540081938 50.861062528649896,-114.01025167933808 50.8610636593591)","{""type"":""MultiPoint"",""coordinates"":[[-114.0102486,50.8609929],[-114.00999,50.8609975],[-114.0101189,50.8609975],[-114.0103277,50.8609884],[-114.0098515,50.8609975],[-114.0101837,50.8609929],[-114.010054,50.8609975],[-114.009925,50.8609975],[-114.0099306,50.8610717],[-114.010055,50.8610682],[-114.010322,50.8610614],[-114.0098656,50.8610728],[-114.0101958,50.8610659],[-114.0099937,50.8610705],[-114.0101254,50.8610625],[-114.0102517,50.8610637]]}",POINT (-114.0102485672492 50.860992944155306),1615 LEGACY CI SE,a,
BP2017-14066,Completed,2017-10-19,2017,2017-11-15,2018-08-23,2018,Commercial / Multi Family Project,Building,1606 - Ths Townhouse,Townhouse,Residential,New,New,New,"Legact Commons (Trico), Building #20, 6-plex multi-family",TRICO HOMES,,,6,"$1,059,671",87,87,76 LEGACY PH SE,LEG,LEGACY,50.86124469,-114.0099895,12,Titled Parcel;Titled Parcel;Titled Parcel;Titled Parcel;Titled Parcel;Titled Parcel;Building;Building;Building;Building;Building;Building,72 LEGACY PH SE;74 LEGACY PH SE;80 LEGACY PH SE;76 LEGACY PH SE;78 LEGACY PH SE;70 LEGACY PH SE;76 LEGACY PH SE;80 LEGACY PH SE;78 LEGACY PH SE;74 LEGACY PH SE;70 LEGACY PH SE;72 LEGACY PH SE,"MULTIPOINT (-114.00998945977562 50.861244687102804,-114.01005434631979 50.86124468153142,-114.01026255613954 50.86124016840168,-114.01011923286394 50.86124467592397,-114.0101841326335 50.86124017527074,-114.00991643400424 50.8612446933299,-114.01013403755417 50.86132641187433,-114.01025310059349 50.86132640147606,-114.01018815711751 50.861326407162906,-114.01006007415091 50.861326418272704,-114.00993199239699 50.861332137902615,-114.00999693588098 50.86133213235831)","{""type"":""MultiPoint"",""coordinates"":[[-114.0099895,50.8612447],[-114.0100543,50.8612447],[-114.0102626,50.8612402],[-114.0101192,50.8612447],[-114.0101841,50.8612402],[-114.0099164,50.8612447],[-114.010134,50.8613264],[-114.0102531,50.8613264],[-114.0101882,50.8613264],[-114.0100601,50.8613264],[-114.009932,50.8613321],[-114.0099969,50.8613321]]}",POINT (-114.00998945977562 50.861244687102804),76 LEGACY PH SE,a,
BP2017-08927,Completed,2017-07-14,2017,2017-08-17,2018-06-22,2018,Commercial / Multi Family Project,Building,1606 - Ths Townhouse,Townhouse,Residential,New,New,New,New - Legacy Commons - Part 9 Group C - 6 unit Townhouse,TRICO HOMES,,,6,"$1,079,500",87,87,115 LEGACY VW SE,LEG,LEGACY,50.86129867,-114.0094512,7,Titled Parcel;Building;Building;Building;Building;Building;Building,115 LEGACY VW SE;115 LEGACY VW SE;119 LEGACY VW SE;127 LEGACY VW SE;123 LEGACY VW SE;131 LEGACY VW SE;135 LEGACY VW SE,"MULTIPOINT (-114.00945115952214 50.861298672034465,-114.00956260700801 50.861289780820165,-114.00956440281709 50.86124982004722,-114.00956258155374 50.86116533201532,-114.00956078691374 50.86121100144958,-114.00956257338039 50.86112537138935,-114.00956256497355 50.8610842690309)","{""type"":""MultiPoint"",""coordinates"":[[-114.0094512,50.8612987],[-114.0095626,50.8612898],[-114.0095644,50.8612498],[-114.0095626,50.8611653],[-114.0095608,50.861211],[-114.0095626,50.8611254],[-114.0095626,50.8610843]]}",POINT (-114.00945115952214 50.861298672034465),115 LEGACY VW SE,a,
BP2018-04905,Completed,2018-05-01,2018,2018-05-23,2019-11-27,2019,Commercial / Multi Family Project,Building,1606 - Ths Townhouse,Townhouse,Residential,New,New,New,New - Legacy Commons - Part 9 Group C - 6 unit Townhouse,TRICO HOMES,,,6,"$1,081,697",87,87,1649 LEGACY CI SE,LEG,LEGACY,50.86097489,-114.0110726,12,Titled Parcel;Titled Parcel;Titled Parcel;Titled Parcel;Titled Parcel;Titled Parcel;Building;Building;Building;Building;Building;Building,1653 LEGACY CI SE;1657 LEGACY CI SE;1649 LEGACY CI SE;1655 LEGACY CI SE;1651 LEGACY CI SE;1647 LEGACY CI SE;1651 LEGACY CI SE;1647 LEGACY CI SE;1657 LEGACY CI SE;1655 LEGACY CI SE;1649 LEGACY CI SE;1653 LEGACY CI SE,"MULTIPOINT (-114.01107262334428 50.860974888854585,-114.01121526496293 50.86097487523562,-114.0109427799827 50.86097490110006,-114.01113755212728 50.860974882677006,-114.01100770876575 50.86097489499471,-114.01087103303819 50.86097490780452,-114.01100843658136 50.86104960197113,-114.01087674668953 50.86105075604949,-114.01120687407841 50.861050724818874,-114.0111365187892 50.86104958982068,-114.01094168951528 50.86104960824735,-114.01106796774839 50.861049596341225)","{""type"":""MultiPoint"",""coordinates"":[[-114.0110726,50.8609749],[-114.0112153,50.8609749],[-114.0109428,50.8609749],[-114.0111376,50.8609749],[-114.0110077,50.8609749],[-114.010871,50.8609749],[-114.0110084,50.8610496],[-114.0108767,50.8610508],[-114.0112069,50.8610507],[-114.0111365,50.8610496],[-114.0109417,50.8610496],[-114.011068,50.8610496]]}",POINT (-114.01107262334428 50.860974888854585),1649 LEGACY CI SE,a,
BP2018-04903,Completed,2018-05-01,2018,2018-05-22,2019-06-20,2019,Commercial / Multi Family Project,Building,1606 - Ths Townhouse,Townhouse,Residential,New,New,New,New - Legacy Commons - Part 9 Group C - 6 unit Townhouse,TRICO HOMES,,,6,"$1,082,066",87,87,1633 LEGACY CI SE,LEG,LEGACY,50.86098394,-114.0104187,12,Titled Parcel;Titled Parcel;Titled Parcel;Titled Parcel;Titled Parcel;Titled Parcel;Building;Building;Building;Building;Building;Building,1631 LEGACY CI SE;1633 LEGACY CI SE;1635 LEGACY CI SE;1637 LEGACY CI SE;1641 LEGACY CI SE;1639 LEGACY CI SE;1641 LEGACY CI SE;1635 LEGACY CI SE;1637 LEGACY CI SE;1639 LEGACY CI SE;1631 LEGACY CI SE;1633 LEGACY CI SE,"MULTIPOINT (-114.01041867843934 50.86098393907713,-114.01049539596576 50.860979437195134,-114.01056025373268 50.860979431345086,-114.01062702910768 50.86097942528442,-114.01076449926586 50.86097491767831,-114.01068913120072 50.86097941961362,-114.0107603974831 50.86105105451435,-114.01056376500193 50.86105449767303,-114.01063051207508 50.86105449161293,-114.01069906233934 50.86105106015277,-114.01043387956986 50.861057934552804,-114.01050243062303 50.86105792840467)","{""type"":""MultiPoint"",""coordinates"":[[-114.0104187,50.8609839],[-114.0104954,50.8609794],[-114.0105603,50.8609794],[-114.010627,50.8609794],[-114.0107645,50.8609749],[-114.0106891,50.8609794],[-114.0107604,50.8610511],[-114.0105638,50.8610545],[-114.0106305,50.8610545],[-114.0106991,50.8610511],[-114.0104339,50.8610579],[-114.0105024,50.8610579]]}",POINT (-114.01041867843934 50.86098393907713),1633 LEGACY CI SE,a,
BP2018-04902,Completed,2018-05-01,2018,2018-05-22,2019-10-02,2019,Commercial / Multi Family Project,Building,1606 - Ths Townhouse,Townhouse,Residential,New,New,New,New - Legacy Commons - Part 9 Group C - 9 unit Townhouse,TRICO HOMES,,,9,"$1,554,703",87,87,104 LEGACY PH SE,LEG,LEGACY,50.8612266,-114.0111362,18,Titled Parcel;Titled Parcel;Titled Parcel;Titled Parcel;Titled Parcel;Titled Parcel;Titled Parcel;Titled Parcel;Titled Parcel;Building;Building;Building;Building;Building;Building;Building;Building;Building,114 LEGACY PH SE;110 LEGACY PH SE;118 LEGACY PH SE;120 LEGACY PH SE;108 LEGACY PH SE;112 LEGACY PH SE;104 LEGACY PH SE;106 LEGACY PH SE;116 LEGACY PH SE;120 LEGACY PH SE;114 LEGACY PH SE;106 LEGACY PH SE;116 LEGACY PH SE;108 LEGACY PH SE;112 LEGACY PH SE;118 LEGACY PH SE;104 LEGACY PH SE;110 LEGACY PH SE,"MULTIPOINT (-114.011136220044 50.861226603289104,-114.0110063617788 50.861226615606704,-114.0112660783091 50.86122659082703,-114.01134168928536 50.86122658350435,-114.01094144685074 50.861226621709996,-114.01107129091142 50.861226609465966,-114.01081221358689 50.861226633753,-114.01087651771807 50.86122662777851,-114.01120114917657 50.861226597076126,-114.0113300751967 50.86130689245476,-114.01113704910732 50.861308052764585,-114.01088449124487 50.861308076589786,-114.0112074042381 50.86130690429812,-114.01094582672577 50.86130807085391,-114.01106669289204 50.86130463426012,-114.01126693600787 50.86130804029883,-114.01081593956086 50.861306941230204,-114.01100716166907 50.86130578162154)","{""type"":""MultiPoint"",""coordinates"":[[-114.0111362,50.8612266],[-114.0110064,50.8612266],[-114.0112661,50.8612266],[-114.0113417,50.8612266],[-114.0109414,50.8612266],[-114.0110713,50.8612266],[-114.0108122,50.8612266],[-114.0108765,50.8612266],[-114.0112011,50.8612266],[-114.0113301,50.8613069],[-114.011137,50.8613081],[-114.0108845,50.8613081],[-114.0112074,50.8613069],[-114.0109458,50.8613081],[-114.0110667,50.8613046],[-114.0112669,50.861308],[-114.0108159,50.8613069],[-114.0110072,50.8613058]]}",POINT (-114.011136220044 50.861226603289104),104 LEGACY PH SE,a,
BP2018-04900,Completed,2018-05-01,2018,2018-05-18,2019-01-15,2019,Commercial / Multi Family Project,Building,1606 - Ths Townhouse,Townhouse,Residential,New,New,New,New - Legacy Commons - Part 9 Group C - 6 unit Townhouse,TRICO HOMES,,,6,"$1,082,066",87,87,88 LEGACY PH SE,LEG,LEGACY,50.86122665,-114.0106259,12,Titled Parcel;Titled Parcel;Titled Parcel;Titled Parcel;Titled Parcel;Titled Parcel;Building;Building;Building;Building;Building;Building,94 LEGACY PH SE;92 LEGACY PH SE;90 LEGACY PH SE;88 LEGACY PH SE;96 LEGACY PH SE;86 LEGACY PH SE;88 LEGACY PH SE;92 LEGACY PH SE;94 LEGACY PH SE;96 LEGACY PH SE;86 LEGACY PH SE;90 LEGACY PH SE,"MULTIPOINT (-114.01062590632266 50.86122665086278,-114.01056099240985 50.86123115176295,-114.01049609167997 50.86123115761727,-114.01043120515466 50.86123116343422,-114.01070357696318 50.861226643765946,-114.01035357811574 50.861235665354506,-114.01043530057484 50.86131496800708,-114.01057240240216 50.86131038874031,-114.01063734559605 50.86130924110753,-114.01069507258663 50.861306952367926,-114.01037035812779 50.86131954072383,-114.01050565522023 50.86131153649933)","{""type"":""MultiPoint"",""coordinates"":[[-114.0106259,50.8612267],[-114.010561,50.8612312],[-114.0104961,50.8612312],[-114.0104312,50.8612312],[-114.0107036,50.8612266],[-114.0103536,50.8612357],[-114.0104353,50.861315],[-114.0105724,50.8613104],[-114.0106373,50.8613092],[-114.0106951,50.861307],[-114.0103704,50.8613195],[-114.0105057,50.8613115]]}",POINT (-114.01062590632266 50.86122665086278),88 LEGACY PH SE,a,
BP2018-13345,Completed,2018-10-04,2018,2018-10-30,2020-08-28,2020,Commercial / Multi Family Project,Building,1606 - Ths Townhouse,Townhouse,Residential,New,New,New,New - Legacy - Part 9 Group C - 5 unit Townhouse,TRICO HOMES,,,5,"$890,095",87,87,251 LEGACY CM SE,LEG,LEGACY,50.86134341,-114.0118108,5,Titled Parcel;Titled Parcel;Titled Parcel;Titled Parcel;Titled Parcel,253 LEGACY CM SE;259 LEGACY CM SE;255 LEGACY CM SE;251 LEGACY CM SE;257 LEGACY CM SE,"MULTIPOINT (-114.01181082504415 50.861343407196735,-114.01181120404598 50.86121305191116,-114.01181094153007 50.86129845710002,-114.01181069435339 50.86138835729454,-114.01181105915134 50.8612580020114)","{""type"":""MultiPoint"",""coordinates"":[[-114.0118108,50.8613434],[-114.0118112,50.8612131],[-114.0118109,50.8612985],[-114.0118107,50.8613884],[-114.0118111,50.861258]]}",POINT (-114.01181082504415 50.861343407196735),251 LEGACY CM SE,a,
BP2018-13351,Completed,2018-10-04,2018,2018-10-30,2019-06-26,2019,Commercial / Multi Family Project,Building,1606 - Ths Townhouse,Townhouse,Residential,New,New,New,New - Legacy - Part 9 Group C - 4 unit Townhouse,TRICO HOMES,,,4,"$706,750",87,87,28 LEGACY PH SE,LEG,LEGACY,50.86161323,-114.0104845,4,Titled Parcel;Titled Parcel;Titled Parcel;Titled Parcel,32 LEGACY PH SE;28 LEGACY PH SE;30 LEGACY PH SE;34 LEGACY PH SE,"MULTIPOINT (-114.01048452960646 50.86161323437124,-114.0106271589683 50.861613221472155,-114.01054944507143 50.86161322852204,-114.01040680150484 50.861613241327426)","{""type"":""MultiPoint"",""coordinates"":[[-114.0104845,50.8616132],[-114.0106272,50.8616132],[-114.0105494,50.8616132],[-114.0104068,50.8616132]]}",POINT (-114.01048452960646 50.86161323437124),28 LEGACY PH SE,a,
BP2018-00326,Completed,2018-01-11,2018,2018-02-21,2018-10-31,2018,Commercial / Multi Family Project,Building,1606 - Ths Townhouse,Townhouse,Residential,New,New,New,egacy Commons - Part 9 Group C - 6 unit Townhouse Block,TRICO HOMES,,TRICO HOMES,6,"$1,089,736",87,87,46 LEGACY PH SE,LEG,LEGACY,50.86161327,-114.0101087,12,Titled Parcel;Titled Parcel;Titled Parcel;Titled Parcel;Titled Parcel;Titled Parcel;Building;Building;Building;Building;Building;Building,46 LEGACY PH SE;44 LEGACY PH SE;42 LEGACY PH SE;40 LEGACY PH SE;50 LEGACY PH SE;48 LEGACY PH SE;50 LEGACY PH SE;46 LEGACY PH SE;48 LEGACY PH SE;42 LEGACY PH SE;44 LEGACY PH SE;40 LEGACY PH SE,"MULTIPOINT (-114.0101087443488 50.861613267521896,-114.01017365981389 50.86161326188169,-114.01023858948365 50.861613256204144,-114.01031630338063 50.861613249361234,-114.00997399859341 50.861613279114074,-114.010043814679 50.86161327312722,-114.00998254641372 50.86153079498117,-114.0101016099736 50.861530784737404,-114.01004568544437 50.86152736436771,-114.01024592944003 50.861530772157884,-114.0101719657135 50.86153077862718,-114.01030185323324 50.861530767235344)","{""type"":""MultiPoint"",""coordinates"":[[-114.0101087,50.8616133],[-114.0101737,50.8616133],[-114.0102386,50.8616133],[-114.0103163,50.8616132],[-114.009974,50.8616133],[-114.0100438,50.8616133],[-114.0099825,50.8615308],[-114.0101016,50.8615308],[-114.0100457,50.8615274],[-114.0102459,50.8615308],[-114.010172,50.8615308],[-114.0103019,50.8615308]]}",POINT (-114.0101087443488 50.861613267521896),46 LEGACY PH SE,a,
BP2018-13350,Completed,2018-10-04,2018,2018-10-30,2021-11-03,2021,Commercial / Multi Family Project,Building,1606 - Ths Townhouse,Townhouse,Residential,New,New,New,New - Legacy - Part 9 Group C - 8 unit Townhouse,TRICO HOMES,,,8,"$1,434,843",87,87,7 LEGACY PH SE,LEG,LEGACY,50.86173457,-114.0108491,8,Titled Parcel;Titled Parcel;Titled Parcel;Titled Parcel;Titled Parcel;Titled Parcel;Titled Parcel;Titled Parcel,17 LEGACY PH SE;7 LEGACY PH SE;15 LEGACY PH SE;21 LEGACY PH SE;19 LEGACY PH SE;11 LEGACY PH SE;13 LEGACY PH SE;9 LEGACY PH SE,"MULTIPOINT (-114.01084914972598 50.86173456627089,-114.01117860011622 50.861734535183324,-114.01091407956407 50.86173456021756,-114.01070650578933 50.86173457944257,-114.01078421988787 50.8617345722881,-114.01104392503547 50.86173454800389,-114.0109789951974 50.86173455412945,-114.01110885487348 50.86173454184221)","{""type"":""MultiPoint"",""coordinates"":[[-114.0108491,50.8617346],[-114.0111786,50.8617345],[-114.0109141,50.8617346],[-114.0107065,50.8617346],[-114.0107842,50.8617346],[-114.0110439,50.8617345],[-114.010979,50.8617346],[-114.0111089,50.8617345]]}",POINT (-114.01084914972598 50.86173456627089),7 LEGACY PH SE,a,
BP2018-13347,Completed,2018-10-04,2018,2018-10-30,2020-06-25,2020,Commercial / Multi Family Project,Building,1606 - Ths Townhouse,Townhouse,Residential,New,New,New,New - Legacy - Part 9 Group C - 9 unit Townhouse,TRICO HOMES,,,9,"$1,578,345",87,87,27 LEGACY PH SE,LEG,LEGACY,50.86173463,-114.0101487,9,Titled Parcel;Titled Parcel;Titled Parcel;Titled Parcel;Titled Parcel;Titled Parcel;Titled Parcel;Titled Parcel;Titled Parcel,41 LEGACY PH SE;27 LEGACY PH SE;39 LEGACY PH SE;33 LEGACY PH SE;37 LEGACY PH SE;35 LEGACY PH SE;43 LEGACY PH SE;31 LEGACY PH SE;29 LEGACY PH SE,"MULTIPOINT (-114.01014872850682 50.8617346292739,-114.01061600743033 50.86173458770876,-114.01021365834515 50.861734623610204,-114.01040843365527 50.86173460640368,-114.01027858818345 50.86173461791039,-114.01034351802173 50.86173461217446,-114.01007101440803 50.861734636005245,-114.0104733634935 50.86173460059552,-114.01053829333172 50.86173459475123)","{""type"":""MultiPoint"",""coordinates"":[[-114.0101487,50.8617346],[-114.010616,50.8617346],[-114.0102137,50.8617346],[-114.0104084,50.8617346],[-114.0102786,50.8617346],[-114.0103435,50.8617346],[-114.010071,50.8617346],[-114.0104734,50.8617346],[-114.0105383,50.8617346]]}",POINT (-114.01014872850682 50.8617346292739),27 LEGACY PH SE,a,
BP2018-00327,Completed,2018-01-11,2018,2018-01-25,2018-11-27,2018,Commercial / Multi Family Project,Building,1606 - Ths Townhouse,Townhouse,Residential,New,New,New,"Legacy Common Trico, 8-plex, Block 12, 49-63",TRICO HOMES,,TRICO HOMES,8,"$1,410,606",87,87,57 LEGACY PH SE,LEG,LEGACY,50.86173468,-114.0095782,16,Titled Parcel;Titled Parcel;Titled Parcel;Titled Parcel;Titled Parcel;Titled Parcel;Titled Parcel;Titled Parcel;Building;Building;Building;Building;Building;Building;Building;Building,61 LEGACY PH SE;59 LEGACY PH SE;49 LEGACY PH SE;55 LEGACY PH SE;53 LEGACY PH SE;51 LEGACY PH SE;57 LEGACY PH SE;63 LEGACY PH SE;59 LEGACY PH SE;55 LEGACY PH SE;63 LEGACY PH SE;51 LEGACY PH SE;57 LEGACY PH SE;49 LEGACY PH SE;53 LEGACY PH SE;61 LEGACY PH SE,"MULTIPOINT (-114.0095781669623 50.86173467748952,-114.00964309680079 50.86173467214323,-114.00998051604874 50.86173464377871,-114.009772942273 50.86173466134347,-114.00983787211145 50.861734655888824,-114.00990280194988 50.86173465039806,-114.00970802663927 50.86173466676081,-114.00948130488202 50.86173468539797,-114.00964989978084 50.86179822200608,-114.00978218944277 50.861802013770806,-114.0095145998947 50.86180013899716,-114.00990547210358 50.86180010648005,-114.00970703169381 50.86180012315211,-114.00996560082612 50.8618001013617,-114.00983932056543 50.86180011207529,-114.00958075143296 50.86180013358595)","{""type"":""MultiPoint"",""coordinates"":[[-114.0095782,50.8617347],[-114.0096431,50.8617347],[-114.0099805,50.8617346],[-114.0097729,50.8617347],[-114.0098379,50.8617347],[-114.0099028,50.8617347],[-114.009708,50.8617347],[-114.0094813,50.8617347],[-114.0096499,50.8617982],[-114.0097822,50.861802],[-114.0095146,50.8618001],[-114.0099055,50.8618001],[-114.009707,50.8618001],[-114.0099656,50.8618001],[-114.0098393,50.8618001],[-114.0095808,50.8618001]]}",POINT (-114.0095781669623 50.86173467748952),57 LEGACY PH SE,a,
BP2018-13346,Completed,2018-10-04,2018,2018-10-30,2020-02-28,2020,Commercial / Multi Family Project,Building,1606 - Ths Townhouse,Townhouse,Residential,New,New,New,New - Legacy - Part 9 Group C - 7 unit Townhouse,TRICO HOMES INC.,,,7,"$1,253,954",87,87,1663 LEGACY CI SE,LEG,LEGACY,50.86097485,-114.0115133,7,Titled Parcel;Titled Parcel;Titled Parcel;Titled Parcel;Titled Parcel;Titled Parcel;Titled Parcel,1669 LEGACY CI SE;1667 LEGACY CI SE;1663 LEGACY CI SE;1665 LEGACY CI SE;1675 LEGACY CI SE;1673 LEGACY CI SE;1671 LEGACY CI SE,"MULTIPOINT (-114.01151333225252 50.86097484621438,-114.01144840346964 50.860974852601004,-114.01130576185118 50.86097486650488,-114.01138347468675 50.8609748589515,-114.01175078892774 50.860974822549736,-114.0116431756137 50.860974833334204,-114.01157826103537 50.860974839791645)","{""type"":""MultiPoint"",""coordinates"":[[-114.0115133,50.8609748],[-114.0114484,50.8609749],[-114.0113058,50.8609749],[-114.0113835,50.8609749],[-114.0117508,50.8609748],[-114.0116432,50.8609748],[-114.0115783,50.8609748]]}",POINT (-114.01151333225252 50.86097484621438),1663 LEGACY CI SE,a,
BP2021-10413,Completed,2021-06-11,2021,2021-07-28,2022-05-16,2022,Commercial / Multi Family Project,Building,1606 - Ths Townhouse,Townhouse,Residential,New,New,New,Group C - Residential (9 unit Rowhouse),,TRICO HOMES,TRICO HOMES,9,"$1,606,006",88,88,205 LEGACY CM SE,LEG,LEGACY,50.86187831,-114.0118093,18,Titled Parcel;Titled Parcel;Titled Parcel;Titled Parcel;Titled Parcel;Titled Parcel;Titled Parcel;Titled Parcel;Titled Parcel;Building;Building;Building;Building;Building;Building;Building;Building;Building,217 LEGACY CM SE;221 LEGACY CM SE;213 LEGACY CM SE;209 LEGACY CM SE;211 LEGACY CM SE;219 LEGACY CM SE;215 LEGACY CM SE;207 LEGACY CM SE;205 LEGACY CM SE;205 LEGACY CM SE;213 LEGACY CM SE;211 LEGACY CM SE;219 LEGACY CM SE;207 LEGACY CM SE;209 LEGACY CM SE;221 LEGACY CM SE;217 LEGACY CM SE;215 LEGACY CM SE,"MULTIPOINT (-114.01180929821777 50.86187831333507,-114.01180954653502 50.86179290815617,-114.01180906410444 50.861963718511284,-114.01180882885491 50.86204462867841,-114.01180894647977 50.862004173595,-114.01180941584184 50.86183785825048,-114.0118091805935 50.86191876841938,-114.01180871122985 50.862085083761556,-114.01180856633023 50.86213003385505,-114.01171515395849 50.86212504481947,-114.01171691705613 50.86196177696437,-114.0117133193342 50.86200287967844,-114.01170245411126 50.8618384713547,-114.01171514337275 50.86208280073642,-114.0117133290601 50.86204169856611,-114.01170605183012 50.861797368639806,-114.01171509244712 50.861879572440714,-114.01171510217443 50.86191839132921)","{""type"":""MultiPoint"",""coordinates"":[[-114.0118093,50.8618783],[-114.0118095,50.8617929],[-114.0118091,50.8619637],[-114.0118088,50.8620446],[-114.0118089,50.8620042],[-114.0118094,50.8618379],[-114.0118092,50.8619188],[-114.0118087,50.8620851],[-114.0118086,50.86213],[-114.0117152,50.862125],[-114.0117169,50.8619618],[-114.0117133,50.8620029],[-114.0117025,50.8618385],[-114.0117151,50.8620828],[-114.0117133,50.8620417],[-114.0117061,50.8617974],[-114.0117151,50.8618796],[-114.0117151,50.8619184]]}",POINT (-114.01180929821777 50.86187831333507),205 LEGACY CM SE,a,
BP2021-03292,Completed,2021-03-04,2021,2021-06-02,2021-12-15,2021,Commercial / Multi Family Project,Building,1606 - Ths Townhouse,Townhouse,Residential,New,New,New,Group C Residential - 8 unit Rowhouse,,TRICO HOMES,TRICO HOMES,8,"$1,425,190",88,88,163 LEGACY CM SE,LEG,LEGACY,50.86286272,-114.0118065,16,Titled Parcel;Titled Parcel;Titled Parcel;Titled Parcel;Titled Parcel;Titled Parcel;Titled Parcel;Titled Parcel;Building;Building;Building;Building;Building;Building;Building;Building,153 LEGACY CM SE;157 LEGACY CM SE;165 LEGACY CM SE;161 LEGACY CM SE;155 LEGACY CM SE;163 LEGACY CM SE;159 LEGACY CM SE;167 LEGACY CM SE;163 LEGACY CM SE;167 LEGACY CM SE;155 LEGACY CM SE;165 LEGACY CM SE;153 LEGACY CM SE;157 LEGACY CM SE;161 LEGACY CM SE;159 LEGACY CM SE,"MULTIPOINT (-114.01180649279146 50.862862720300654,-114.01180675305338 50.86276832512029,-114.01180722243046 50.8626020097977,-114.01180698717471 50.86268291995592,-114.0118066354248 50.86280878019839,-114.01180710480267 50.86264246487695,-114.01180686954652 50.86272337503462,-114.01180736619747 50.862552564700444,-114.01170085184619 50.86264453429027,-114.01169902781 50.86256461323979,-114.01170089385273 50.862812368872426,-114.01169723291818 50.862601148840774,-114.01170090328283 50.862850046022864,-114.01169907980992 50.8627724084389,-114.01169905752415 50.862683353354484,-114.01170267503123 50.86272103014405)","{""type"":""MultiPoint"",""coordinates"":[[-114.0118065,50.8628627],[-114.0118068,50.8627683],[-114.0118072,50.862602],[-114.011807,50.8626829],[-114.0118066,50.8628088],[-114.0118071,50.8626425],[-114.0118069,50.8627234],[-114.0118074,50.8625526],[-114.0117009,50.8626445],[-114.011699,50.8625646],[-114.0117009,50.8628124],[-114.0116972,50.8626011],[-114.0117009,50.86285],[-114.0116991,50.8627724],[-114.0116991,50.8626834],[-114.0117027,50.862721]]}",POINT (-114.01180649279146 50.862862720300654),163 LEGACY CM SE,a,
BP2017-14134,Completed,2017-10-20,2017,2017-12-22,2020-10-29,2020,Commercial / Multi Family Project,Building,1606 - Ths Townhouse,Townhouse,Residential,New,New,New,Livingston Townhome The Octave-  Bldg. #2,BROOKFIELD RESIDENTIAL (ALBERTA),,,6,"$787,549",89,89,115 LIVINGSTON CM NE,LIV,LIVINGSTON,51.18476302,-114.0672143,7,Titled Parcel;Building;Building;Building;Building;Building;Building,113 LIVINGSTON CM NE;115 LIVINGSTON CM NE;121 LIVINGSTON CM NE;117 LIVINGSTON CM NE;125 LIVINGSTON CM NE;119 LIVINGSTON CM NE;123 LIVINGSTON CM NE,"MULTIPOINT (-114.0672143472432 51.1847630169549,-114.06708057762822 51.1848020812622,-114.06697316799404 51.18472150681707,-114.06705215870213 51.18478425335883,-114.06691349186175 51.18467159519843,-114.0670288610877 51.184766791085,-114.0669384874046 51.18468620684693)","{""type"":""MultiPoint"",""coordinates"":[[-114.0672143,51.184763],[-114.0670806,51.1848021],[-114.0669732,51.1847215],[-114.0670522,51.1847843],[-114.0669135,51.1846716],[-114.0670289,51.1847668],[-114.0669385,51.1846862]]}",POINT (-114.0672143472432 51.1847630169549),115 LIVINGSTON CM NE,a,
BP2017-16350,Completed,2017-12-15,2017,2018-01-18,2018-10-25,2018,Commercial / Multi Family Project,Building,1606 - Ths Townhouse,Townhouse,Residential,New,New,New,Livingston Townhouse - Building #3,BROOKFIELD RESIDENTIAL (ALBERTA),,,8,"$950,104",89,89,118 LIVINGSTON CM NE,LIV,LIVINGSTON,51.18488899,-114.0670013,9,Titled Parcel;Building;Building;Building;Building;Building;Building;Building;Building,116 LIVINGSTON CM NE;120 LIVINGSTON CM NE;118 LIVINGSTON CM NE;122 LIVINGSTON CM NE;132 LIVINGSTON CM NE;128 LIVINGSTON CM NE;124 LIVINGSTON CM NE;130 LIVINGSTON CM NE;126 LIVINGSTON CM NE,"MULTIPOINT (-114.06700127458481 51.184888992410706,-114.06685532003442 51.18488033808724,-114.06687804395246 51.18489673996011,-114.06681497060278 51.184851819416785,-114.06668086416857 51.18475699358126,-114.06672972831824 51.1847883661093,-114.06679337519681 51.18483435612425,-114.06670926399843 51.18477161232787,-114.06675132369162 51.184805838403264)","{""type"":""MultiPoint"",""coordinates"":[[-114.0670013,51.184889],[-114.0668553,51.1848803],[-114.066878,51.1848967],[-114.066815,51.1848518],[-114.0666809,51.184757],[-114.0667297,51.1847884],[-114.0667934,51.1848344],[-114.0667093,51.1847716],[-114.0667513,51.1848058]]}",POINT (-114.06700127458481 51.184888992410706),118 LIVINGSTON CM NE,a,
BP2018-03538,Completed,2018-04-03,2018,2018-04-13,2019-05-08,2019,Commercial / Multi Family Project,Building,1606 - Ths Townhouse,Townhouse,Residential,New,New,New,Livingston Residential 6-Plex - Bldg. #10,BROOKFIELD RESIDENTIAL (ALBERTA),,,6,"$847,748",89,89,187 LIVINGSTON CM NE,LIV,LIVINGSTON,51.18360393,-114.0662323,7,Titled Parcel;Building;Building;Building;Building;Building;Building,199 LIVINGSTON CM NE;195 LIVINGSTON CM NE;189 LIVINGSTON CM NE;197 LIVINGSTON CM NE;187 LIVINGSTON CM NE;191 LIVINGSTON CM NE;193 LIVINGSTON CM NE,"MULTIPOINT (-114.06623233251126 51.18360392904345,-114.0661081403632 51.18369713969091,-114.06610265410187 51.183831527115615,-114.06610616996996 51.183649577256446,-114.06610270769315 51.183868995401525,-114.06609880160163 51.18378812789289,-114.06609685230578 51.183745311913334)","{""type"":""MultiPoint"",""coordinates"":[[-114.0662323,51.1836039],[-114.0661081,51.1836971],[-114.0661027,51.1838315],[-114.0661062,51.1836496],[-114.0661027,51.183869],[-114.0660988,51.1837881],[-114.0660969,51.1837453]]}",POINT (-114.06623233251126 51.18360392904345),187 LIVINGSTON CM NE,a,
BP2018-14376,Completed,2018-10-29,2018,2018-11-13,2020-03-23,2020,Commercial / Multi Family Project,Building,1606 - Ths Townhouse,Townhouse,Residential,New,New,New,Livingston Townhouses - Building #09,BROOKFIELD RESIDENTIAL (ALBERTA),,,5,"$786,102",89,89,183 LIVINGSTON CM NE,LIV,LIVINGSTON,51.18392305,-114.06624,6,Titled Parcel;Building;Building;Building;Building;Building,185 LIVINGSTON CM NE;181 LIVINGSTON CM NE;179 LIVINGSTON CM NE;183 LIVINGSTON CM NE;175 LIVINGSTON CM NE;177 LIVINGSTON CM NE,"MULTIPOINT (-114.0662399845312 51.18392305264949,-114.06608458865912 51.183991496824085,-114.06608410479704 51.18404323177909,-114.06608056995704 51.1839519002624,-114.06608535109895 51.184124577231486,-114.0660847100815 51.184076411751526)","{""type"":""MultiPoint"",""coordinates"":[[-114.06624,51.1839231],[-114.0660846,51.1839915],[-114.0660841,51.1840432],[-114.0660806,51.1839519],[-114.0660854,51.1841246],[-114.0660847,51.1840764]]}",POINT (-114.0662399845312 51.18392305264949),183 LIVINGSTON CM NE,a,
BP2018-01151,Completed,2018-02-02,2018,2018-02-27,2018-11-28,2018,Commercial / Multi Family Project,Building,1606 - Ths Townhouse,Townhouse,Residential,New,New,New,Livingston The Octave - Building #05,BROOKFIELD RESIDENTIAL (ALBERTA),,BROOKFIELD RESIDENTIAL (ALBERTA),4,"$609,170",89,89,139 LIVINGSTON CM NE,LIV,LIVINGSTON,51.18437683,-114.0665796,5,Titled Parcel;Building;Building;Building;Building,147 LIVINGSTON CM NE;141 LIVINGSTON CM NE;145 LIVINGSTON CM NE;139 LIVINGSTON CM NE;143 LIVINGSTON CM NE,"MULTIPOINT (-114.06657964637317 51.18437683056165,-114.06665326179574 51.18451179323525,-114.06655383682666 51.184462254659415,-114.06671518237785 51.18454136941801,-114.06659246922538 51.18448078704417)","{""type"":""MultiPoint"",""coordinates"":[[-114.0665796,51.1843768],[-114.0666533,51.1845118],[-114.0665538,51.1844623],[-114.0667152,51.1845414],[-114.0665925,51.1844808]]}",POINT (-114.06657964637317 51.18437683056165),139 LIVINGSTON CM NE,a,
BP2018-02497,Completed,2018-03-08,2018,2018-03-28,2019-03-20,2019,Commercial / Multi Family Project,Building,1606 - Ths Townhouse,Townhouse,Residential,New,New,New,The Octave - Buiding #04 6-Plex,BROOKFIELD RESIDENTIAL (ALBERTA),,,6,"$887,988",89,89,138 LIVINGSTON CM NE,LIV,LIVINGSTON,51.18445791,-114.0662776,7,Titled Parcel;Building;Building;Building;Building;Building;Building,150 LIVINGSTON CM NE;138 LIVINGSTON CM NE;148 LIVINGSTON CM NE;142 LIVINGSTON CM NE;146 LIVINGSTON CM NE;144 LIVINGSTON CM NE;140 LIVINGSTON CM NE,"MULTIPOINT (-114.06627761178211 51.184457907705145,-114.06653940255416 51.18467953952238,-114.0662536535632 51.18453806282902,-114.0664166882443 51.18461824679432,-114.06629397476281 51.18455730452773,-114.06635589671214 51.18458795065225,-114.06650190000695 51.184661006478535)","{""type"":""MultiPoint"",""coordinates"":[[-114.0662776,51.1844579],[-114.0665394,51.1846795],[-114.0662537,51.1845381],[-114.0664167,51.1846182],[-114.066294,51.1845573],[-114.0663559,51.184588],[-114.0665019,51.184661]]}",POINT (-114.06627761178211 51.184457907705145),138 LIVINGSTON CM NE,a,
BP2019-12166,Completed,2019-09-06,2019,2019-10-29,2020-05-13,2020,Commercial / Multi Family Project,Building,1606 - Ths Townhouse,Townhouse,Residential,New,New,New,The Octave Building #6 - Four Unit Townhouse,BROOKFIELD RESIDENTIAL (ALBERTA),,BROOKFIELD RESIDENTIAL (ALBERTA),4,"$608,399",89,89,151 LIVINGSTON CM NE,LIV,LIVINGSTON,51.18421969,-114.0662733,5,Titled Parcel;Building;Building;Building;Building,159 LIVINGSTON CM NE;155 LIVINGSTON CM NE;157 LIVINGSTON CM NE;151 LIVINGSTON CM NE;153 LIVINGSTON CM NE,"MULTIPOINT (-114.06627329373849 51.184219687911074,-114.06628968664698 51.18433004294442,-114.06624877919809 51.18431080157546,-114.06641295684547 51.18439062532104,-114.0663493340069 51.18436069036221)","{""type"":""MultiPoint"",""coordinates"":[[-114.0662733,51.1842197],[-114.0662897,51.18433],[-114.0662488,51.1843108],[-114.066413,51.1843906],[-114.0663493,51.1843607]]}",POINT (-114.06627329373849 51.184219687911074),151 LIVINGSTON CM NE,a,
BP2020-03562,Completed,2020-03-25,2020,2020-09-22,2021-09-03,2021,Commercial / Multi Family Project,Building,1606 - Ths Townhouse,Townhouse,Residential,New,New,New,The Octave Building 15,BROOKFIELD RESIDENTIAL (ALBERTA),,BROOKFIELD RESIDENTIAL (ALBERTA),10,"$1,286,487",89,89,202 LIVINGSTON CM NE,LIV,LIVINGSTON,51.18387346,-114.0664996,11,Titled Parcel;Building;Building;Building;Building;Building;Building;Building;Building;Building;Building,200 LIVINGSTON CM NE;214 LIVINGSTON CM NE;220 LIVINGSTON CM NE;210 LIVINGSTON CM NE;212 LIVINGSTON CM NE;208 LIVINGSTON CM NE;202 LIVINGSTON CM NE;218 LIVINGSTON CM NE;204 LIVINGSTON CM NE;206 LIVINGSTON CM NE;216 LIVINGSTON CM NE,"MULTIPOINT (-114.06649960817997 51.18387346302439,-114.06686633421239 51.18395121113032,-114.06699879923241 51.18395113535339,-114.06677361956775 51.183951857387,-114.0668057890719 51.183952432331886,-114.06670928398748 51.183953080701755,-114.06653896129006 51.18393593578861,-114.06696189611706 51.183951156478976,-114.06662410762912 51.183934107411105,-114.06667617130682 51.183953099576065,-114.06690323990453 51.183952969958185)","{""type"":""MultiPoint"",""coordinates"":[[-114.0664996,51.1838735],[-114.0668663,51.1839512],[-114.0669988,51.1839511],[-114.0667736,51.1839519],[-114.0668058,51.1839524],[-114.0667093,51.1839531],[-114.066539,51.1839359],[-114.0669619,51.1839512],[-114.0666241,51.1839341],[-114.0666762,51.1839531],[-114.0669032,51.183953]]}",POINT (-114.06649960817997 51.18387346302439),202 LIVINGSTON CM NE,a,
BP2020-02152,Completed,2020-02-24,2020,2020-03-15,2020-12-10,2020,Commercial / Multi Family Project,Building,1606 - Ths Townhouse,Townhouse,Residential,New,New,New,The Octave Building 17,BROOKFIELD RESIDENTIAL (ALBERTA),,BROOKFIELD RESIDENTIAL (ALBERTA),8,"$1,081,889",89,89,290 LIVINGSTON CM NE,LIV,LIVINGSTON,51.18419257,-114.0665363,9,Titled Parcel;Building;Building;Building;Building;Building;Building;Building;Building,292 LIVINGSTON CM NE;290 LIVINGSTON CM NE;286 LIVINGSTON CM NE;276 LIVINGSTON CM NE;284 LIVINGSTON CM NE;280 LIVINGSTON CM NE;278 LIVINGSTON CM NE;288 LIVINGSTON CM NE;282 LIVINGSTON CM NE,"MULTIPOINT (-114.0665362841123 51.18419257009729,-114.06654960998371 51.18410956229159,-114.0666934342151 51.18411066701554,-114.06692333741454 51.18411172235952,-114.06672937911797 51.184110646521134,-114.06682494306837 51.184111778597035,-114.06688549013444 51.184111744001015,-114.06662436050435 51.1841095197512,-114.06678994048627 51.184110611966396)","{""type"":""MultiPoint"",""coordinates"":[[-114.0665363,51.1841926],[-114.0665496,51.1841096],[-114.0666934,51.1841107],[-114.0669233,51.1841117],[-114.0667294,51.1841106],[-114.0668249,51.1841118],[-114.0668855,51.1841117],[-114.0666244,51.1841095],[-114.0667899,51.1841106]]}",POINT (-114.0665362841123 51.18419257009729),290 LIVINGSTON CM NE,a,
BP2021-08184,Completed,2021-05-13,2021,2021-05-28,2022-04-08,2022,Commercial / Multi Family Project,Building,1606 - Ths Townhouse,Townhouse,Residential,New,New,New,5 unit rowhouse,BROOKFIELD RESIDENTIAL (ALBERTA),,BROOKFIELD RESIDENTIAL (ALBERTA),5,"$662,904",89,89,219 LIVINGSTON CM NE,LIV,LIVINGSTON,51.18376985,-114.0669053,6,Titled Parcel;Building;Building;Building;Building;Building,217 LIVINGSTON CM NE;225 LIVINGSTON CM NE;219 LIVINGSTON CM NE;223 LIVINGSTON CM NE;221 LIVINGSTON CM NE;227 LIVINGSTON CM NE,"MULTIPOINT (-114.06690533489345 51.18376985225311,-114.06712045747818 51.183679914754805,-114.06692744329878 51.183677652086864,-114.0670551748148 51.183678765570036,-114.06699272595749 51.18367880134291,-114.06720086974343 51.18367868198135)","{""type"":""MultiPoint"",""coordinates"":[[-114.0669053,51.1837699],[-114.0671205,51.1836799],[-114.0669274,51.1836777],[-114.0670552,51.1836788],[-114.0669927,51.1836788],[-114.0672009,51.1836787]]}",POINT (-114.06690533489345 51.18376985225311),219 LIVINGSTON CM NE,a,
BP2021-09524,Completed,2021-06-01,2021,2021-06-25,2022-06-10,2022,Commercial / Multi Family Project,Building,1606 - Ths Townhouse,Townhouse,Residential,New,New,New,Stacked Townhouse,BROOKFIELD RESIDENTIAL (ALBERTA),,BROOKFIELD RESIDENTIAL (ALBERTA),12,"$1,536,818",89,89,168 LIVINGSTON CM NE,LIV,LIVINGSTON,51.18392324,-114.0659038,13,Titled Parcel;Building;Building;Building;Building;Building;Building;Building;Building;Building;Building;Building;Building,192 LIVINGSTON CM NE;184 LIVINGSTON CM NE;174 LIVINGSTON CM NE;180 LIVINGSTON CM NE;170 LIVINGSTON CM NE;178 LIVINGSTON CM NE;188 LIVINGSTON CM NE;168 LIVINGSTON CM NE;186 LIVINGSTON CM NE;190 LIVINGSTON CM NE;176 LIVINGSTON CM NE;182 LIVINGSTON CM NE;172 LIVINGSTON CM NE,"MULTIPOINT (-114.06590383739787 51.183923242470684,-114.06581332594834 51.184014572993554,-114.06581357438994 51.18418903244588,-114.06581286209838 51.184080574302385,-114.06581139461557 51.18425539429864,-114.06581235091585 51.184123382678614,-114.06581270408968 51.18396961675878,-114.06581256989833 51.18427715726206,-114.0658121624281 51.183991021108255,-114.06581095667352 51.18394785411601,-114.06581295456397 51.1841455055448,-114.0658128300946 51.18405810052316,-114.06581360639424 51.184211506224585)","{""type"":""MultiPoint"",""coordinates"":[[-114.0659038,51.1839232],[-114.0658133,51.1840146],[-114.0658136,51.184189],[-114.0658129,51.1840806],[-114.0658114,51.1842554],[-114.0658124,51.1841234],[-114.0658127,51.1839696],[-114.0658126,51.1842772],[-114.0658122,51.183991],[-114.065811,51.1839479],[-114.065813,51.1841455],[-114.0658128,51.1840581],[-114.0658136,51.1842115]]}",POINT (-114.06590383739787 51.183923242470684),168 LIVINGSTON CM NE,a,
BP2021-02139,Completed,2021-02-10,2021,2021-03-02,2021-11-17,2021,Commercial / Multi Family Project,Building,1606 - Ths Townhouse,Townhouse,Residential,New,New,New,11 unit townhouse (stacked),BROOKFIELD RESIDENTIAL (ALBERTA),,BROOKFIELD RESIDENTIAL (ALBERTA),11,"$1,403,161",89,89,250 LIVINGSTON CM NE,LIV,LIVINGSTON,51.18404396,-114.067037,12,Titled Parcel;Building;Building;Building;Building;Building;Building;Building;Building;Building;Building;Building,272 LIVINGSTON CM NE;252 LIVINGSTON CM NE;250 LIVINGSTON CM NE;268 LIVINGSTON CM NE;260 LIVINGSTON CM NE;258 LIVINGSTON CM NE;266 LIVINGSTON CM NE;270 LIVINGSTON CM NE;256 LIVINGSTON CM NE;262 LIVINGSTON CM NE;264 LIVINGSTON CM NE;254 LIVINGSTON CM NE,"MULTIPOINT (-114.06703696699957 51.18404395724429,-114.06753455557676 51.184129215357835,-114.06761498552014 51.184129762214546,-114.06715608445063 51.18411099569479,-114.06735287160514 51.18410983080724,-114.06738409699325 51.18411027129383,-114.06719013781714 51.184108593922,-114.06707472221584 51.18410866014284,-114.06744086791097 51.184110238585085,-114.06728949049575 51.18410853682623,-114.06725542369432 51.18411153194392,-114.06748060152962 51.184109029059535)","{""type"":""MultiPoint"",""coordinates"":[[-114.067037,51.184044],[-114.0675346,51.1841292],[-114.067615,51.1841298],[-114.0671561,51.184111],[-114.0673529,51.1841098],[-114.0673841,51.1841103],[-114.0671901,51.1841086],[-114.0670747,51.1841087],[-114.0674409,51.1841102],[-114.0672895,51.1841085],[-114.0672554,51.1841115],[-114.0674806,51.184109]]}",POINT (-114.06703696699957 51.18404395724429),250 LIVINGSTON CM NE,a,
BP2018-10260,Completed,2018-08-02,2018,2018-08-13,2019-06-13,2019,Commercial / Multi Family Project,Building,1606 - Ths Townhouse,Townhouse,Residential,New,New,New,New 3 Unit Rowhouse/Garage - Daytona Homes,DAYTONA HOMES CALGARY LP,,,3,"$716,500",90,90,107 LUCAS BV NW,LIV,LIVINGSTON,51.18525218,-114.0758193,4,Titled Parcel;Titled Parcel;Titled Parcel;Building,115 LUCAS BV NW;107 LUCAS BV NW;111 LUCAS BV NW;107 LUCAS BV NW,"MULTIPOINT (-114.07581928388181 51.185252180851926,-114.0758190635438 51.18513531726637,-114.07581805107749 51.18519824454568,-114.07591294627488 51.18515648064415)","{""type"":""MultiPoint"",""coordinates"":[[-114.0758193,51.1852522],[-114.0758191,51.1851353],[-114.0758181,51.1851982],[-114.0759129,51.1851565]]}",POINT (-114.07581928388181 51.185252180851926),107 LUCAS BV NW,a,
BP2018-11623,Completed,2018-08-30,2018,2018-11-15,2020-04-22,2020,Commercial / Multi Family Project,Building,1606 - Ths Townhouse,Townhouse,Residential,New,New,New,"LIVTH 005,004 005 006 - Row Houses 3 units",DAYTONA HOMES CALGARY LP,,,3,"$620,240",90,90,119 LUCAS BV NW,LIV,LIVINGSTON,51.18542747,-114.0758342,3,Titled Parcel;Titled Parcel;Titled Parcel,127 LUCAS BV NW;123 LUCAS BV NW;119 LUCAS BV NW,"MULTIPOINT (-114.07583421876252 51.185427466761304,-114.07582775068263 51.18537353384978,-114.07582289896469 51.185319599889965)","{""type"":""MultiPoint"",""coordinates"":[[-114.0758342,51.1854275],[-114.0758278,51.1853735],[-114.0758229,51.1853196]]}",POINT (-114.07583421876252 51.185427466761304),119 LUCAS BV NW,a,
BP2018-11618,Completed,2018-08-30,2018,2018-11-16,2020-06-08,2020,Commercial / Multi Family Project,Building,1606 - Ths Townhouse,Townhouse,Residential,New,New,New,LIVTH 005. 004/005/006 Rowhouses - 3 units,DAYTONA HOMES CALGARY LP,,,3,"$620,240",90,90,131 LUCAS BV NW,LIV,LIVINGSTON,51.18559375,-114.0758657,3,Titled Parcel;Titled Parcel;Titled Parcel,139 LUCAS BV NW;135 LUCAS BV NW;131 LUCAS BV NW,"MULTIPOINT (-114.07586573168763 51.18559375239867,-114.07585404257944 51.1855398228753,-114.07584400583595 51.18549038703773)","{""type"":""MultiPoint"",""coordinates"":[[-114.0758657,51.1855938],[-114.075854,51.1855398],[-114.075844,51.1854904]]}",POINT (-114.07586573168763 51.18559375239867),131 LUCAS BV NW,a,
BP2018-14693,Completed,2018-11-05,2018,2018-11-16,2019-11-18,2019,Commercial / Multi Family Project,Building,1606 - Ths Townhouse,Townhouse,Residential,New,New,New,New - Livingston - Part 9 Group C - 5 unit townhouse,HOMES BY AVI (CALGARY),,HOMES BY AVI (CALGARY),5,"$952,848",90,90,14 LIVINGSTON GA NE,LIV,LIVINGSTON,51.18383414,-114.0644792,5,Titled Parcel;Titled Parcel;Titled Parcel;Titled Parcel;Titled Parcel,22 LIVINGSTON GA NE;30 LIVINGSTON GA NE;26 LIVINGSTON GA NE;18 LIVINGSTON GA NE;14 LIVINGSTON GA NE,"MULTIPOINT (-114.06447920961169 51.18383414104259,-114.06447960151478 51.18395100457504,-114.06447939929191 51.183888078053016,-114.06447903423545 51.18378020402378,-114.06446959197825 51.18371728259155)","{""type"":""MultiPoint"",""coordinates"":[[-114.0644792,51.1838341],[-114.0644796,51.183951],[-114.0644794,51.1838881],[-114.064479,51.1837802],[-114.0644696,51.1837173]]}",POINT (-114.06447920961169 51.18383414104259),14 LIVINGSTON GA NE,a,
BP2018-14694,Completed,2018-11-05,2018,2018-11-16,2019-09-12,2019,Commercial / Multi Family Project,Building,1606 - Ths Townhouse,Townhouse,Residential,New,New,New,New - Livingston - Part 9 Group C - 6 unit townhouse,HOMES BY AVI (CALGARY),,HOMES BY AVI (CALGARY),6,"$1,041,813",90,90,34 LIVINGSTON GA NE,LIV,LIVINGSTON,51.18401843,-114.0644798,6,Titled Parcel;Titled Parcel;Titled Parcel;Titled Parcel;Titled Parcel;Titled Parcel,34 LIVINGSTON GA NE;42 LIVINGSTON GA NE;46 LIVINGSTON GA NE;38 LIVINGSTON GA NE;50 LIVINGSTON GA NE;54 LIVINGSTON GA NE,"MULTIPOINT (-114.06447983861646 51.18401842583664,-114.06448021621954 51.184135289373266,-114.06448040590249 51.184189226380894,-114.06448004084065 51.18408135235726,-114.06448058755355 51.18424765815173,-114.06448079781242 51.18430608990621)","{""type"":""MultiPoint"",""coordinates"":[[-114.0644798,51.1840184],[-114.0644802,51.1841353],[-114.0644804,51.1841892],[-114.06448,51.1840814],[-114.0644806,51.1842477],[-114.0644808,51.1843061]]}",POINT (-114.06447983861646 51.18401842583664),34 LIVINGSTON GA NE,a,
BP2018-05412,Completed,2018-05-10,2018,2018-06-29,2019-01-23,2019,Commercial / Multi Family Project,Building,1606 - Ths Townhouse,Townhouse,Residential,New,New,New,New - Livingston - Part 9 Group C - 6 unit Townhouse,HOMES BY AVI (CANADA),,,6,"$1,057,569",90,90,33 LIVINGSTON GA NE,LIV,LIVINGSTON,51.18388323,-114.0651229,12,Titled Parcel;Titled Parcel;Titled Parcel;Titled Parcel;Titled Parcel;Titled Parcel;Building;Building;Building;Building;Building;Building,25 LIVINGSTON GA NE;13 LIVINGSTON GA NE;21 LIVINGSTON GA NE;33 LIVINGSTON GA NE;17 LIVINGSTON GA NE;29 LIVINGSTON GA NE;33 LIVINGSTON GA NE;21 LIVINGSTON GA NE;17 LIVINGSTON GA NE;13 LIVINGSTON GA NE;29 LIVINGSTON GA NE;25 LIVINGSTON GA NE,"MULTIPOINT (-114.06512287945179 51.183883226910964,-114.06512230979614 51.18371242636169,-114.0651227033241 51.18382928989386,-114.06512327298303 51.18400009043969,-114.06512252719686 51.18377535287624,-114.06512306988348 51.18393716391961,-114.06525113806525 51.183993897339136,-114.06523698944889 51.183830071242944,-114.0652350939411 51.18377413052133,-114.06523684440953 51.18372732111805,-114.06524804183653 51.183938523628605,-114.06524796769234 51.18388600689932)","{""type"":""MultiPoint"",""coordinates"":[[-114.0651229,51.1838832],[-114.0651223,51.1837124],[-114.0651227,51.1838293],[-114.0651233,51.1840001],[-114.0651225,51.1837754],[-114.0651231,51.1839372],[-114.0652511,51.1839939],[-114.065237,51.1838301],[-114.0652351,51.1837741],[-114.0652368,51.1837273],[-114.065248,51.1839385],[-114.065248,51.183886]]}",POINT (-114.06512287945179 51.183883226910964),33 LIVINGSTON GA NE,a,
BP2023-01365,Completed,2023-02-03,2023,2023-04-25,2024-09-25,2024,Commercial / Multi Family Project,Building,1606 - Ths Townhouse,Townhouse,Residential,New,New,New,6 Unit Residential Rowhouse - Building 8,LOGEL HOMES,,LOGEL HOMES,6,"$1,279,089",91,91,#3101 55 LUCAS WY NW,LIV,LIVINGSTON,51.18374292,-114.0810596,12,Titled Parcel;Titled Parcel;Titled Parcel;Titled Parcel;Titled Parcel;Titled Parcel;Building;Building;Building;Building;Building;Building,#3103 55 LUCAS WY NW;#3105 55 LUCAS WY NW;#3106 55 LUCAS WY NW;#3104 55 LUCAS WY NW;#3101 55 LUCAS WY NW;#3102 55 LUCAS WY NW;#3102 55 LUCAS WY NW;#3106 55 LUCAS WY NW;#3101 55 LUCAS WY NW;#3103 55 LUCAS WY NW;#3104 55 LUCAS WY NW;#3105 55 LUCAS WY NW,"MULTIPOINT (-114.0810596201728 51.18374292336159,-114.0810598014943 51.183846302715565,-114.08105875181623 51.18390024056184,-114.08105970689164 51.183792365661546,-114.0810594309689 51.18363504925112,-114.0810595334542 51.18369348106121,-114.08126240238134 51.18369511127465,-114.08125707101532 51.18389253382551,-114.08125473582716 51.18364635744165,-114.0812605585842 51.183728418727185,-114.08125878761676 51.18379501432148,-114.0812626658603 51.183844957400765)","{""type"":""MultiPoint"",""coordinates"":[[-114.0810596,51.1837429],[-114.0810598,51.1838463],[-114.0810588,51.1839002],[-114.0810597,51.1837924],[-114.0810594,51.183635],[-114.0810595,51.1836935],[-114.0812624,51.1836951],[-114.0812571,51.1838925],[-114.0812547,51.1836464],[-114.0812606,51.1837284],[-114.0812588,51.183795],[-114.0812627,51.183845]]}",POINT (-114.0810596201728 51.18374292336159),55 LUCAS WY NW,a,
BP2023-01364,Completed,2023-02-03,2023,2024-08-07,2024-11-19,2024,Commercial / Multi Family Project,Building,1606 - Ths Townhouse,Townhouse,Residential,New,New,New,6 Unit Residential Rowhouse - Building 7,LOGEL HOMES,,LOGEL HOMES,6,"$1,279,089",91,91,#3111 55 LUCAS WY NW,LIV,LIVINGSTON,51.18404407,-114.0810601,12,Titled Parcel;Titled Parcel;Titled Parcel;Titled Parcel;Titled Parcel;Titled Parcel;Building;Building;Building;Building;Building;Building,#3112 55 LUCAS WY NW;#3113 55 LUCAS WY NW;#3114 55 LUCAS WY NW;#3116 55 LUCAS WY NW;#3115 55 LUCAS WY NW;#3111 55 LUCAS WY NW;#3115 55 LUCAS WY NW;#3116 55 LUCAS WY NW;#3112 55 LUCAS WY NW;#3111 55 LUCAS WY NW;#3114 55 LUCAS WY NW;#3113 55 LUCAS WY NW,"MULTIPOINT (-114.08106014837321 51.18404407190938,-114.08106023509356 51.184093514206786,-114.08106032181414 51.18414295650376,-114.08106051102355 51.18425083060481,-114.08106040853498 51.18419239880032,-114.08106004588586 51.183985640102826,-114.0812594943817 51.1841969802024,-114.08126145981481 51.184240973544945,-114.08125733656519 51.184043566561684,-114.08125725083536 51.18399480746675,-114.08125563492004 51.184157734641104,-114.08125930617817 51.18408994212519)","{""type"":""MultiPoint"",""coordinates"":[[-114.0810601,51.1840441],[-114.0810602,51.1840935],[-114.0810603,51.184143],[-114.0810605,51.1842508],[-114.0810604,51.1841924],[-114.08106,51.1839856],[-114.0812595,51.184197],[-114.0812615,51.184241],[-114.0812573,51.1840436],[-114.0812573,51.1839948],[-114.0812556,51.1841577],[-114.0812593,51.1840899]]}",POINT (-114.08106014837321 51.18404407190938),55 LUCAS WY NW,a,
BP2023-01337,Completed,2023-02-02,2023,2023-03-23,2024-03-06,2024,Commercial / Multi Family Project,Building,1606 - Ths Townhouse,Townhouse,Residential,New,New,New,5 Unit Residential Rowhouse - Building 1,LOGEL HOMES,,LOGEL HOMES,5,"$1,146,591",91,91,73 LUCAS WY NW,LIV,LIVINGSTON,51.18431892,-114.0800868,6,Titled Parcel;Building;Building;Building;Building;Building,55 LUCAS WY NW;77 LUCAS WY NW;75 LUCAS WY NW;79 LUCAS WY NW;81 LUCAS WY NW;73 LUCAS WY NW,"MULTIPOINT (-114.0800868086966 51.18431892252621,-114.08019333257444 51.184816113782794,-114.08019322940194 51.18475665717885,-114.08019720357596 51.18486249704409,-114.0801972902492 51.18491244274801,-114.08019314065889 51.184705515869055)","{""type"":""MultiPoint"",""coordinates"":[[-114.0800868,51.1843189],[-114.0801933,51.1848161],[-114.0801932,51.1847567],[-114.0801972,51.1848625],[-114.0801973,51.1849124],[-114.0801931,51.1847055]]}",POINT (-114.0800868086966 51.18431892252621),73 LUCAS WY NW,a,
BP2023-01363,Completed,2023-02-03,2023,2023-03-15,2024-07-08,2024,Commercial / Multi Family Project,Building,1606 - Ths Townhouse,Townhouse,Residential,New,New,New,5 Unit Residential Rowhouse - Building 2,LOGEL HOMES,,LOGEL HOMES,5,"$1,146,591",91,91,59 LUCAS WY NW,LIV,LIVINGSTON,51.18431892,-114.0800868,6,Titled Parcel;Building;Building;Building;Building;Building,55 LUCAS WY NW;59 LUCAS WY NW;61 LUCAS WY NW;67 LUCAS WY NW;65 LUCAS WY NW;63 LUCAS WY NW,"MULTIPOINT (-114.0800868086966 51.18431892252621,-114.08019072222778 51.184399882878495,-114.08018891668851 51.18444745665022,-114.08019865415669 51.184610376014824,-114.08019099254918 51.18455567105522,-114.08018900335152 51.18449740235771)","{""type"":""MultiPoint"",""coordinates"":[[-114.0800868,51.1843189],[-114.0801907,51.1843999],[-114.0801889,51.1844475],[-114.0801987,51.1846104],[-114.080191,51.1845557],[-114.080189,51.1844974]]}",POINT (-114.0800868086966 51.18431892252621),59 LUCAS WY NW,a,
BP2020-13179,Completed,2020-09-16,2020,2020-11-16,2021-09-24,2021,Commercial / Multi Family Project,Building,1606 - Ths Townhouse,Townhouse,Residential,New,New,New,12 Unit stacked townhouse,ROHIT COMMUNITIES CALGARY,,ROHIT COMMUNITIES CALGARY,12,"$1,810,672",92,92,218 144 AV NW,LIV,LIVINGSTON,51.18425121,-114.0736886,89,Titled Parcel;Building;Building;Building;Building;Building;Building;Building;Building;Building;Building;Building;Building;Building;Building;Building;Building;Building;Building;Building;Building;Building;Building;Building;Building;Building;Building;Building;Building;Building;Building;Building;Building;Building;Building;Building;Building;Building;Building;Building;Building;Building;Building;Building;Building;Building;Building;Building;Building;Building;Building;Building;Building;Building;Building;Building;Building;Building;Building;Building;Building;Building;Building;Building;Building;Building;Building;Building;Building;Building;Building;Building;Building;Building;Building;Building;Building;Building;Building;Building;Building;Building;Building;Building;Building;Building;Building;Building;Building,14545 1 ST NW;237 LUCAS PR NW;#109 14545 1 ST NW;#207 14545 1 ST NW;#321 14545 1 ST NW;#211 14545 1 ST NW;14533 1 ST NW;14551 1 ST NW;222 144 AV NW;241 LUCAS PR NW;#309 14545 1 ST NW;#301 14545 1 ST NW;#111 14545 1 ST NW;14537 1 ST NW;#319 14545 1 ST NW;14557 1 ST NW;208 144 AV NW;247 LUCAS PR NW;14527 1 ST NW;204 144 AV NW;14577 1 ST NW;14559 1 ST NW;243 LUCAS PR NW;#203 14545 1 ST NW;#205 14545 1 ST NW;212 144 AV NW;#107 14545 1 ST NW;231 LUCAS PR NW;#311 14545 1 ST NW;229 LUCAS PR NW;14553 1 ST NW;250 144 AV NW;#215 14545 1 ST NW;14587 1 ST NW;14575 1 ST NW;14549 1 ST NW;14581 1 ST NW;14541 1 ST NW;#103 14545 1 ST NW;214 144 AV NW;216 144 AV NW;225 LUCAS PR NW;14525 1 ST NW;#223 14545 1 ST NW;#121 14545 1 ST NW;#221 14545 1 ST NW;#117 14545 1 ST NW;#313 14545 1 ST NW;14529 1 ST NW;#113 14545 1 ST NW;224 144 AV NW;#201 14545 1 ST NW;202 144 AV NW;#115 14545 1 ST NW;#303 14545 1 ST NW;245 LUCAS PR NW;#101 14545 1 ST NW;14535 1 ST NW;#315 14545 1 ST NW;#213 14545 1 ST NW;14531 1 ST NW;#323 14545 1 ST NW;233 LUCAS PR NW;14583 1 ST NW;14585 1 ST NW;235 LUCAS PR NW;14565 1 ST NW;#307 14545 1 ST NW;14573 1 ST NW;14539 1 ST NW;220 144 AV NW;14571 1 ST NW;#305 14545 1 ST NW;206 144 AV NW;#209 14545 1 ST NW;239 LUCAS PR NW;#119 14545 1 ST NW;218 144 AV NW;14563 1 ST NW;14561 1 ST NW;14555 1 ST NW;#105 14545 1 ST NW;#219 14545 1 ST NW;#217 14545 1 ST NW;#317 14545 1 ST NW;#123 14545 1 ST NW;14579 1 ST NW;210 144 AV NW;227 LUCAS PR NW,"MULTIPOINT (-114.07368861665346 51.184251210846284,-114.07446390072613 51.18489818108697,-114.07429128768611 51.18404751378249,-114.0745729417299 51.18421738934246,-114.0742867544931 51.18452868065962,-114.07455259395189 51.18427448575485,-114.07370016358658 51.18405632877896,-114.07370071035561 51.18439918868785,-114.07426616255013 51.18367755706615,-114.07455528087092 51.18488492628313,-114.07453767303602 51.18453030100615,-114.07466484167361 51.184535577677536,-114.07433612934871 51.18404748530192,-114.0737240451844 51.184079857284495,-114.07430439505335 51.184549003749105,-114.07370132623129 51.184435577871476,-114.07396021978701 51.18369165764492,-114.07466316672942 51.184897703510046,-114.0736976560576 51.18391005289968,-114.073917606467 51.18367170986073,-114.07370868055273 51.18476879670628,-114.07370819516768 51.18446446585739,-114.07457231614002 51.18488455584634,-114.07454225341799 51.18419529468084,-114.0745723517437 51.18420633261009,-114.07402376948247 51.18367342266871,-114.0742730917673 51.1840286113859,-114.07432025422942 51.1848847162246,-114.07446501766329 51.184534985860125,-114.07430266167293 51.18488543756979,-114.07372400234513 51.18441166045547,-114.07431375994055 51.18379038127587,-114.0745419356244 51.184352989024354,-114.07370996362395 51.184864767992735,-114.07370911784274 51.18468424102268,-114.07370747338146 51.1843706427057,-114.07372463921493 51.184810884565096,-114.07370765460722 51.18412553436832,-114.07422941162334 51.184048263226025,-114.0741605853807 51.18367548452598,-114.07420428354708 51.183676166992704,-114.07421185304443 51.18489834122263,-114.07372261292161 51.18389933065971,-114.07455114678271 51.18443254039659,-114.07457908962839 51.18404733069019,-114.07453971542512 51.18438652134384,-114.07453478960473 51.18402844497024,-114.07441279481269 51.184535019084514,-114.07370678715014 51.183940368796954,-114.07447237190769 51.1840481088359,-114.07431101757906 51.18367716900583,-114.07455296408868 51.184149261518975,-114.07387333559645 51.18367066806775,-114.07451608244432 51.184047370834286,-114.07459161232634 51.184530266631796,-114.07459107151398 51.18490416800898,-114.07418512722155 51.184047931731605,-114.07372402641289 51.18406809001569,-114.07434069664502 51.184530426323796,-114.0745526463318 51.184306955863754,-114.07370692485671 51.18402671304348,-114.07421297082199 51.18453443582614,-114.07433959595338 51.18490432805508,-114.0737252290062 51.184821941300676,-114.07370140449824 51.184834451740215,-114.07441167746511 51.184898214311026,-114.07372542088687 51.184592537664216,-114.07455586982634 51.18454955395069,-114.07370111489132 51.18465285466615,-114.0737002199116 51.18409164856442,-114.07424689699481 51.183696114672415,-114.07372549829911 51.184641063035556,-114.07457403612582 51.184549901954384,-114.07393580323593 51.183691322485224,-114.07454116264663 51.18422847569048,-114.07453714551112 51.1849038427938,-114.07456033517323 51.18402806911348,-114.07422305257742 51.1836957792096,-114.0737021293792 51.18458042547766,-114.07370776073078 51.18455081045655,-114.07372459155744 51.184422357611425,-114.07424867617694 51.184028986462884,-114.0745726246212 51.18437544326579,-114.074572034633 51.18436438653371,-114.07432198920212 51.18454935215529,-114.07462224403645 51.18404765376666,-114.07370021759768 51.18479877309068,-114.07397948488006 51.18367274050537,-114.07428452564594 51.184904003450505)","{""type"":""MultiPoint"",""coordinates"":[[-114.0736886,51.1842512],[-114.0744639,51.1848982],[-114.0742913,51.1840475],[-114.0745729,51.1842174],[-114.0742868,51.1845287],[-114.0745526,51.1842745],[-114.0737002,51.1840563],[-114.0737007,51.1843992],[-114.0742662,51.1836776],[-114.0745553,51.1848849],[-114.0745377,51.1845303],[-114.0746648,51.1845356],[-114.0743361,51.1840475],[-114.073724,51.1840799],[-114.0743044,51.184549],[-114.0737013,51.1844356],[-114.0739602,51.1836917],[-114.0746632,51.1848977],[-114.0736977,51.1839101],[-114.0739176,51.1836717],[-114.0737087,51.1847688],[-114.0737082,51.1844645],[-114.0745723,51.1848846],[-114.0745423,51.1841953],[-114.0745724,51.1842063],[-114.0740238,51.1836734],[-114.0742731,51.1840286],[-114.0743203,51.1848847],[-114.074465,51.184535],[-114.0743027,51.1848854],[-114.073724,51.1844117],[-114.0743138,51.1837904],[-114.0745419,51.184353],[-114.07371,51.1848648],[-114.0737091,51.1846842],[-114.0737075,51.1843706],[-114.0737246,51.1848109],[-114.0737077,51.1841255],[-114.0742294,51.1840483],[-114.0741606,51.1836755],[-114.0742043,51.1836762],[-114.0742119,51.1848983],[-114.0737226,51.1838993],[-114.0745511,51.1844325],[-114.0745791,51.1840473],[-114.0745397,51.1843865],[-114.0745348,51.1840284],[-114.0744128,51.184535],[-114.0737068,51.1839404],[-114.0744724,51.1840481],[-114.074311,51.1836772],[-114.074553,51.1841493],[-114.0738733,51.1836707],[-114.0745161,51.1840474],[-114.0745916,51.1845303],[-114.0745911,51.1849042],[-114.0741851,51.1840479],[-114.073724,51.1840681],[-114.0743407,51.1845304],[-114.0745526,51.184307],[-114.0737069,51.1840267],[-114.074213,51.1845344],[-114.0743396,51.1849043],[-114.0737252,51.1848219],[-114.0737014,51.1848345],[-114.0744117,51.1848982],[-114.0737254,51.1845925],[-114.0745559,51.1845496],[-114.0737011,51.1846529],[-114.0737002,51.1840916],[-114.0742469,51.1836961],[-114.0737255,51.1846411],[-114.074574,51.1845499],[-114.0739358,51.1836913],[-114.0745412,51.1842285],[-114.0745371,51.1849038],[-114.0745603,51.1840281],[-114.0742231,51.1836958],[-114.0737021,51.1845804],[-114.0737078,51.1845508],[-114.0737246,51.1844224],[-114.0742487,51.184029],[-114.0745726,51.1843754],[-114.074572,51.1843644],[-114.074322,51.1845494],[-114.0746222,51.1840477],[-114.0737002,51.1847988],[-114.0739795,51.1836727],[-114.0742845,51.184904]]}",POINT (-114.07368861665346 51.184251210846284),218 144 AV NW,a,
BP2020-15054,Completed,2020-10-15,2020,2020-11-24,2021-11-05,2021,Commercial / Multi Family Project,Building,1606 - Ths Townhouse,Townhouse,Residential,New,New,New,12 Unit stacked townhouse,ROHIT COMMUNITIES CALGARY,,,12,"$1,389,520",92,92,#301 14545 1 ST NW,LIV,LIVINGSTON,51.18425121,-114.0736886,13,Titled Parcel;Building;Building;Building;Building;Building;Building;Building;Building;Building;Building;Building;Building,14545 1 ST NW;#309 14545 1 ST NW;#307 14545 1 ST NW;#313 14545 1 ST NW;#303 14545 1 ST NW;#321 14545 1 ST NW;#311 14545 1 ST NW;#301 14545 1 ST NW;#319 14545 1 ST NW;#323 14545 1 ST NW;#317 14545 1 ST NW;#315 14545 1 ST NW;#305 14545 1 ST NW,"MULTIPOINT (-114.07368861665346 51.184251210846284,-114.07453767303602 51.18453030100615,-114.07455586982634 51.18454955395069,-114.07441279481269 51.184535019084514,-114.07459161232634 51.184530266631796,-114.0742867544931 51.18452868065962,-114.07446501766329 51.184534985860125,-114.07466484167361 51.184535577677536,-114.07430439505335 51.184549003749105,-114.07421297082199 51.18453443582614,-114.07432198920212 51.18454935215529,-114.07434069664502 51.184530426323796,-114.07457403612582 51.184549901954384)","{""type"":""MultiPoint"",""coordinates"":[[-114.0736886,51.1842512],[-114.0745377,51.1845303],[-114.0745559,51.1845496],[-114.0744128,51.184535],[-114.0745916,51.1845303],[-114.0742868,51.1845287],[-114.074465,51.184535],[-114.0746648,51.1845356],[-114.0743044,51.184549],[-114.074213,51.1845344],[-114.074322,51.1845494],[-114.0743407,51.1845304],[-114.074574,51.1845499]]}",POINT (-114.07368861665346 51.184251210846284),14545 1 ST NW,a,
BP2020-16516,Completed,2020-11-10,2020,2020-12-08,2022-01-07,2022,Commercial / Multi Family Project,Building,1606 - Ths Townhouse,Townhouse,Residential,New,New,New,Building 3 - 12 Unit stacked townhouse,ROHIT COMMUNITIES CALGARY,,,12,"$2,671,292",92,92,#201 14545 1 ST NW,LIV,LIVINGSTON,51.18425121,-114.0736886,13,Titled Parcel;Building;Building;Building;Building;Building;Building;Building;Building;Building;Building;Building;Building,14545 1 ST NW;#219 14545 1 ST NW;#221 14545 1 ST NW;#207 14545 1 ST NW;#215 14545 1 ST NW;#203 14545 1 ST NW;#213 14545 1 ST NW;#205 14545 1 ST NW;#217 14545 1 ST NW;#223 14545 1 ST NW;#211 14545 1 ST NW;#201 14545 1 ST NW;#209 14545 1 ST NW,"MULTIPOINT (-114.07368861665346 51.184251210846284,-114.0745726246212 51.18437544326579,-114.07453971542512 51.18438652134384,-114.0745729417299 51.18421738934246,-114.0745419356244 51.184352989024354,-114.07454225341799 51.18419529468084,-114.0745526463318 51.184306955863754,-114.0745723517437 51.18420633261009,-114.074572034633 51.18436438653371,-114.07455114678271 51.18443254039659,-114.07455259395189 51.18427448575485,-114.07455296408868 51.184149261518975,-114.07454116264663 51.18422847569048)","{""type"":""MultiPoint"",""coordinates"":[[-114.0736886,51.1842512],[-114.0745726,51.1843754],[-114.0745397,51.1843865],[-114.0745729,51.1842174],[-114.0745419,51.184353],[-114.0745423,51.1841953],[-114.0745526,51.184307],[-114.0745724,51.1842063],[-114.074572,51.1843644],[-114.0745511,51.1844325],[-114.0745526,51.1842745],[-114.074553,51.1841493],[-114.0745412,51.1842285]]}",POINT (-114.07368861665346 51.184251210846284),14545 1 ST NW,a,
BP2021-01240,Completed,2021-01-25,2021,2021-03-04,2022-04-28,2022,Commercial / Multi Family Project,Building,1606 - Ths Townhouse,Townhouse,Residential,New,New,New,Building 8 - 9 Unit stacked townhouse,ROHIT COMMUNITIES CALGARY,,,9,"$1,042,140",92,92,14573 1 ST NW,LIV,LIVINGSTON,51.18425121,-114.0736886,10,Titled Parcel;Building;Building;Building;Building;Building;Building;Building;Building;Building,14545 1 ST NW;14581 1 ST NW;14573 1 ST NW;14577 1 ST NW;14571 1 ST NW;14575 1 ST NW;14579 1 ST NW;14585 1 ST NW;14583 1 ST NW;14587 1 ST NW,"MULTIPOINT (-114.07368861665346 51.184251210846284,-114.07372463921493 51.184810884565096,-114.07370111489132 51.18465285466615,-114.07370868055273 51.18476879670628,-114.07372549829911 51.184641063035556,-114.07370911784274 51.18468424102268,-114.07370021759768 51.18479877309068,-114.07370140449824 51.184834451740215,-114.0737252290062 51.184821941300676,-114.07370996362395 51.184864767992735)","{""type"":""MultiPoint"",""coordinates"":[[-114.0736886,51.1842512],[-114.0737246,51.1848109],[-114.0737011,51.1846529],[-114.0737087,51.1847688],[-114.0737255,51.1846411],[-114.0737091,51.1846842],[-114.0737002,51.1847988],[-114.0737014,51.1848345],[-114.0737252,51.1848219],[-114.07371,51.1848648]]}",POINT (-114.07368861665346 51.184251210846284),14573 1 ST NW,a,
BP2021-02239,Completed,2021-02-12,2021,2021-03-02,2022-06-23,2022,Commercial / Multi Family Project,Building,1606 - Ths Townhouse,Townhouse,Residential,New,New,New,Building 7 - 9 unit stacked townhouse,ROHIT COMMUNITIES CALGARY,,,9,"$1,512,056",92,92,14549 1 ST NW,LIV,LIVINGSTON,51.18425121,-114.0736886,10,Titled Parcel;Building;Building;Building;Building;Building;Building;Building;Building;Building,14545 1 ST NW;14553 1 ST NW;14555 1 ST NW;14559 1 ST NW;14565 1 ST NW;14563 1 ST NW;14561 1 ST NW;14557 1 ST NW;14549 1 ST NW;14551 1 ST NW,"MULTIPOINT (-114.07368861665346 51.184251210846284,-114.07372400234513 51.18441166045547,-114.07372459155744 51.184422357611425,-114.07370819516768 51.18446446585739,-114.07372542088687 51.184592537664216,-114.0737021293792 51.18458042547766,-114.07370776073078 51.18455081045655,-114.07370132623129 51.184435577871476,-114.07370747338146 51.1843706427057,-114.07370071035561 51.18439918868785)","{""type"":""MultiPoint"",""coordinates"":[[-114.0736886,51.1842512],[-114.073724,51.1844117],[-114.0737246,51.1844224],[-114.0737082,51.1844645],[-114.0737254,51.1845925],[-114.0737021,51.1845804],[-114.0737078,51.1845508],[-114.0737013,51.1844356],[-114.0737075,51.1843706],[-114.0737007,51.1843992]]}",POINT (-114.07368861665346 51.184251210846284),14549 1 ST NW,a,
BP2021-14098,Completed,2021-08-11,2021,2021-10-06,2022-11-03,2022,Commercial / Multi Family Project,Building,1606 - Ths Townhouse,Townhouse,Residential,New,New,New,12 Unit Stacked Townhouse,ROHIT COMMUNITIES CALGARY,,,12,"$2,272,079",92,92,#101 14545 1 ST NW,LIV,LIVINGSTON,51.18425121,-114.0736886,13,Titled Parcel;Building;Building;Building;Building;Building;Building;Building;Building;Building;Building;Building;Building,14545 1 ST NW;#113 14545 1 ST NW;#109 14545 1 ST NW;#101 14545 1 ST NW;#111 14545 1 ST NW;#117 14545 1 ST NW;#107 14545 1 ST NW;#103 14545 1 ST NW;#119 14545 1 ST NW;#115 14545 1 ST NW;#105 14545 1 ST NW;#123 14545 1 ST NW;#121 14545 1 ST NW,"MULTIPOINT (-114.07368861665346 51.184251210846284,-114.07447237190769 51.1840481088359,-114.07429128768611 51.18404751378249,-114.07418512722155 51.184047931731605,-114.07433612934871 51.18404748530192,-114.07453478960473 51.18402844497024,-114.0742730917673 51.1840286113859,-114.07422941162334 51.184048263226025,-114.07456033517323 51.18402806911348,-114.07451608244432 51.184047370834286,-114.07424867617694 51.184028986462884,-114.07462224403645 51.18404765376666,-114.07457908962839 51.18404733069019)","{""type"":""MultiPoint"",""coordinates"":[[-114.0736886,51.1842512],[-114.0744724,51.1840481],[-114.0742913,51.1840475],[-114.0741851,51.1840479],[-114.0743361,51.1840475],[-114.0745348,51.1840284],[-114.0742731,51.1840286],[-114.0742294,51.1840483],[-114.0745603,51.1840281],[-114.0745161,51.1840474],[-114.0742487,51.184029],[-114.0746222,51.1840477],[-114.0745791,51.1840473]]}",POINT (-114.07368861665346 51.184251210846284),14545 1 ST NW,a,
BP2021-14138,Completed,2021-08-11,2021,2021-10-06,2022-11-24,2022,Commercial / Multi Family Project,Building,1606 - Ths Townhouse,Townhouse,Residential,New,New,New,12 Unit Stacked Townhouse,ROHIT COMMUNITIES CALGARY,,,12,"$2,271,233",92,92,202 144 AV NW,LIV,LIVINGSTON,51.18425121,-114.0736886,13,Titled Parcel;Building;Building;Building;Building;Building;Building;Building;Building;Building;Building;Building;Building,14545 1 ST NW;222 144 AV NW;206 144 AV NW;214 144 AV NW;208 144 AV NW;216 144 AV NW;202 144 AV NW;218 144 AV NW;212 144 AV NW;204 144 AV NW;224 144 AV NW;210 144 AV NW;220 144 AV NW,"MULTIPOINT (-114.07368861665346 51.184251210846284,-114.07426616255013 51.18367755706615,-114.07393580323593 51.183691322485224,-114.0741605853807 51.18367548452598,-114.07396021978701 51.18369165764492,-114.07420428354708 51.183676166992704,-114.07387333559645 51.18367066806775,-114.07422305257742 51.1836957792096,-114.07402376948247 51.18367342266871,-114.073917606467 51.18367170986073,-114.07431101757906 51.18367716900583,-114.07397948488006 51.18367274050537,-114.07424689699481 51.183696114672415)","{""type"":""MultiPoint"",""coordinates"":[[-114.0736886,51.1842512],[-114.0742662,51.1836776],[-114.0739358,51.1836913],[-114.0741606,51.1836755],[-114.0739602,51.1836917],[-114.0742043,51.1836762],[-114.0738733,51.1836707],[-114.0742231,51.1836958],[-114.0740238,51.1836734],[-114.0739176,51.1836717],[-114.074311,51.1836772],[-114.0739795,51.1836727],[-114.0742469,51.1836961]]}",POINT (-114.07368861665346 51.184251210846284),202 144 AV NW,a,
BP2023-07955,Completed,2023-05-27,2023,2023-06-15,2024-03-06,2024,Commercial / Multi Family Project,Building,1606 - Ths Townhouse,Townhouse,Residential,New,New,New,"A new, two storey, 4 unit rowhouse, Part 9, Group C occupancy",,HOMES BY AVI CALGARY LP,HOMES BY AVI CALGARY LP,4,"$657,161",93,93,423 LIVINGSTON WY NE,LIV,LIVINGSTON,51.18670948,-114.0485763,4,Titled Parcel;Titled Parcel;Titled Parcel;Titled Parcel,427 LIVINGSTON WY NE;431 LIVINGSTON WY NE;423 LIVINGSTON WY NE;435 LIVINGSTON WY NE,"MULTIPOINT (-114.0485762731173 51.18670947990972,-114.04865477561765 51.186709447292465,-114.04848615545092 51.186709517288065,-114.04874479315293 51.18670940982597)","{""type"":""MultiPoint"",""coordinates"":[[-114.0485763,51.1867095],[-114.0486548,51.1867094],[-114.0484862,51.1867095],[-114.0487448,51.1867094]]}",POINT (-114.0485762731173 51.18670947990972),423 LIVINGSTON WY NE,a,
BP2022-15144,Completed,2022-09-02,2022,2022-11-17,2024-11-01,2024,Commercial / Multi Family Project,Building,1606 - Ths Townhouse,Townhouse,Residential,New,New,New,14 Unit Residential Townhouse - Building B,GRAVITY ARCHITECTURE,,AVALON INDUSTRIES,14,"$1,911,861",94,94,#610 20 MASTERS DR SE,MAH,MAHOGANY,50.89484273,-113.910983,16,Titled Parcel;Building;Building Suite;Building Suite;Building Suite;Building Suite;Building Suite;Building Suite;Building Suite;Building Suite;Building Suite;Building Suite;Building Suite;Building Suite;Building Suite;Building Suite,20 MASTERS DR SE;#600 20 MASTERS DR SE;#614 20 MASTERS DR SE;#603 20 MASTERS DR SE;#601 20 MASTERS DR SE;#602 20 MASTERS DR SE;#610 20 MASTERS DR SE;#609 20 MASTERS DR SE;#613 20 MASTERS DR SE;#604 20 MASTERS DR SE;#611 20 MASTERS DR SE;#608 20 MASTERS DR SE;#612 20 MASTERS DR SE;#607 20 MASTERS DR SE;#605 20 MASTERS DR SE;#606 20 MASTERS DR SE,"MULTIPOINT (-113.91098303045572 50.89484273454691,-113.91057980454612 50.89490666870797,-113.91080554361854 50.894865460569996,-113.91062824920355 50.894950954421034,-113.9107568676139 50.89494962340407,-113.91069255841822 50.89495028443528,-113.91053362749204 50.89486596271911,-113.91046818258684 50.89486591254898,-113.91072994663625 50.89486682320489,-113.91056280555655 50.89495018510757,-113.91060019672574 50.8948653035061,-113.91040275189663 50.89486586235307,-113.91066563891293 50.89486677401498,-113.91035519675576 50.894950745077416,-113.9104984835039 50.89495013581464,-113.91043079116001 50.894950803098)","{""type"":""MultiPoint"",""coordinates"":[[-113.910983,50.8948427],[-113.9105798,50.8949067],[-113.9108055,50.8948655],[-113.9106282,50.894951],[-113.9107569,50.8949496],[-113.9106926,50.8949503],[-113.9105336,50.894866],[-113.9104682,50.8948659],[-113.9107299,50.8948668],[-113.9105628,50.8949502],[-113.9106002,50.8948653],[-113.9104028,50.8948659],[-113.9106656,50.8948668],[-113.9103552,50.8949507],[-113.9104985,50.8949501],[-113.9104308,50.8949508]]}",POINT (-113.91098303045572 50.89484273454691),20 MASTERS DR SE,a,
BP2022-19924,Completed,2022-12-09,2022,2023-02-28,2024-10-18,2024,Commercial / Multi Family Project,Building,1606 - Ths Townhouse,Townhouse,Residential,New,New,New,16 Unit Residential Rowhouse - Building E,GRAVITY ARCHITECTURE,,AVALON INDUSTRIES,16,"$2,295,567",94,94,#312 20 MASTERS DR SE,MAH,MAHOGANY,50.89484273,-113.910983,18,Titled Parcel;Building;Building Suite;Building Suite;Building Suite;Building Suite;Building Suite;Building Suite;Building Suite;Building Suite;Building Suite;Building Suite;Building Suite;Building Suite;Building Suite;Building Suite;Building Suite;Building Suite,20 MASTERS DR SE;#300 20 MASTERS DR SE;#310 20 MASTERS DR SE;#313 20 MASTERS DR SE;#304 20 MASTERS DR SE;#315 20 MASTERS DR SE;#303 20 MASTERS DR SE;#311 20 MASTERS DR SE;#308 20 MASTERS DR SE;#301 20 MASTERS DR SE;#302 20 MASTERS DR SE;#306 20 MASTERS DR SE;#307 20 MASTERS DR SE;#309 20 MASTERS DR SE;#305 20 MASTERS DR SE;#312 20 MASTERS DR SE;#316 20 MASTERS DR SE;#314 20 MASTERS DR SE,"MULTIPOINT (-113.91098303045572 50.89484273454691,-113.91131213525097 50.8954695317575,-113.91154452448117 50.89549825120319,-113.91129967000812 50.89549877563771,-113.91129867037212 50.89543384035199,-113.91113719135497 50.89549937127787,-113.9112185521073 50.89543520885812,-113.91146214729373 50.89549889896769,-113.91161798925053 50.89542980329851,-113.91105607639714 50.89543437498294,-113.91113619194492 50.89543443599088,-113.91146114606813 50.895434682879504,-113.91154124605694 50.89543545380503,-113.91162576312348 50.89549831272606,-113.91138103051922 50.895434622094555,-113.91138090728587 50.89549955652722,-113.91105595408183 50.895498590218786,-113.91121843136573 50.89549871388793)","{""type"":""MultiPoint"",""coordinates"":[[-113.910983,50.8948427],[-113.9113121,50.8954695],[-113.9115445,50.8954983],[-113.9112997,50.8954988],[-113.9112987,50.8954338],[-113.9111372,50.8954994],[-113.9112186,50.8954352],[-113.9114621,50.8954989],[-113.911618,50.8954298],[-113.9110561,50.8954344],[-113.9111362,50.8954344],[-113.9114611,50.8954347],[-113.9115412,50.8954355],[-113.9116258,50.8954983],[-113.911381,50.8954346],[-113.9113809,50.8954996],[-113.911056,50.8954986],[-113.9112184,50.8954987]]}",POINT (-113.91098303045572 50.89484273454691),20 MASTERS DR SE,a,
BP2022-15817,Completed,2022-09-15,2022,2022-11-23,2024-06-11,2024,Commercial / Multi Family Project,Building,1606 - Ths Townhouse,Townhouse,Residential,New,New,New,Rowhouse (Building D),GRAVITY ARCHITECTURE,,AVALON MASTER BUILDER,14,"$1,911,861",94,94,#511 20 MASTERS DR SE,MAH,MAHOGANY,50.89484273,-113.910983,16,Titled Parcel;Building;Building Suite;Building Suite;Building Suite;Building Suite;Building Suite;Building Suite;Building Suite;Building Suite;Building Suite;Building Suite;Building Suite;Building Suite;Building Suite;Building Suite,20 MASTERS DR SE;#500 20 MASTERS DR SE;#514 20 MASTERS DR SE;#501 20 MASTERS DR SE;#505 20 MASTERS DR SE;#512 20 MASTERS DR SE;#508 20 MASTERS DR SE;#510 20 MASTERS DR SE;#503 20 MASTERS DR SE;#507 20 MASTERS DR SE;#513 20 MASTERS DR SE;#509 20 MASTERS DR SE;#502 20 MASTERS DR SE;#506 20 MASTERS DR SE;#511 20 MASTERS DR SE;#504 20 MASTERS DR SE,"MULTIPOINT (-113.91098303045572 50.89484273454691,-113.91058056048671 50.89510576109615,-113.91080726812723 50.89514589491779,-113.91075665623443 50.89506022680642,-113.91049827151241 50.895060739216206,-113.91066510513323 50.89514578622222,-113.91040333952148 50.89514487542019,-113.91053535172843 50.89514568686373,-113.91062690033125 50.895061556952435,-113.91035384861743 50.89506062840905,-113.91072941324079 50.89514583541263,-113.91046878481754 50.895144925626866,-113.9106912239131 50.8950608869784,-113.91043283916966 50.89506140823332,-113.91059966257224 50.895144306722976,-113.91056259371742 50.89506078850933)","{""type"":""MultiPoint"",""coordinates"":[[-113.910983,50.8948427],[-113.9105806,50.8951058],[-113.9108073,50.8951459],[-113.9107567,50.8950602],[-113.9104983,50.8950607],[-113.9106651,50.8951458],[-113.9104033,50.8951449],[-113.9105354,50.8951457],[-113.9106269,50.8950616],[-113.9103538,50.8950606],[-113.9107294,50.8951458],[-113.9104688,50.8951449],[-113.9106912,50.8950609],[-113.9104328,50.8950614],[-113.9105997,50.8951443],[-113.9105626,50.8950608]]}",POINT (-113.91098303045572 50.89484273454691),20 MASTERS DR SE,a,
BP2022-20291,Completed,2022-12-20,2022,2023-01-20,2024-03-28,2024,Commercial / Multi Family Project,Building,1606 - Ths Townhouse,Townhouse,Residential,New,New,New,Bldg J - 7 Dwelling Unit Rowhouse,GRAVITY ARCHITECTURE,,MOUNTAIN PACIFIC HOMES,7,"$1,432,928",94,94,#41 903 MAHOGANY BV SE,MAH,MAHOGANY,50.8958537,-113.9104535,8,Titled Parcel;Building;Building;Building;Building;Building;Building;Building,#49 903 MAHOGANY BV SE;#43 903 MAHOGANY BV SE;#46 903 MAHOGANY BV SE;#41 903 MAHOGANY BV SE;#45 903 MAHOGANY BV SE;#42 903 MAHOGANY BV SE;#47 903 MAHOGANY BV SE;#44 903 MAHOGANY BV SE,"MULTIPOINT (-113.91045349502593 50.89585370081909,-113.9103889370798 50.895961108344196,-113.91038566926325 50.896100971717985,-113.91038760556468 50.895869769271656,-113.91039025947342 50.89605720309997,-113.91039053335317 50.89591448760797,-113.91039008782947 50.89614664413314,-113.91038734810114 50.89600392633023)","{""type"":""MultiPoint"",""coordinates"":[[-113.9104535,50.8958537],[-113.9103889,50.8959611],[-113.9103857,50.896101],[-113.9103876,50.8958698],[-113.9103903,50.8960572],[-113.9103905,50.8959145],[-113.9103901,50.8961466],[-113.9103873,50.8960039]]}",POINT (-113.91045349502593 50.89585370081909),903 MAHOGANY BV SE,a,
BP2022-18716,Completed,2022-11-10,2022,2023-01-24,2024-03-28,2024,Commercial / Multi Family Project,Building,1606 - Ths Townhouse,Townhouse,Residential,New,New,New,Bldg I - 4 Dwelling Unit Rowhouse,GRAVITY ARCHITECTURE,,MOUNTAIN PACIFIC HOMES,4,"$804,660",94,94,#51 903 MAHOGANY BV SE,MAH,MAHOGANY,50.89627452,-113.9103886,4,Building;Building;Building;Building,#52 903 MAHOGANY BV SE;#54 903 MAHOGANY BV SE;#53 903 MAHOGANY BV SE;#51 903 MAHOGANY BV SE,"MULTIPOINT (-113.91038863413625 50.896274516281586,-113.91038619824184 50.896373457966334,-113.91039077933485 50.896334454024775,-113.91039021308232 50.89623693044951)","{""type"":""MultiPoint"",""coordinates"":[[-113.9103886,50.8962745],[-113.9103862,50.8963735],[-113.9103908,50.8963345],[-113.9103902,50.8962369]]}",POINT (-113.91038863413625 50.896274516281586),903 MAHOGANY BV SE,a,
BP2023-00589,Completed,2023-01-17,2023,2023-03-08,2024-10-21,2024,Commercial / Multi Family Project,Building,1606 - Ths Townhouse,Townhouse,Residential,New,New,New,14 Unit Residential Rowhouse - Building F,GRAVITY ARCHITECTURE,,AVALON INDUSTRIES,14,"$2,010,879",94,94,#411 20 MASTERS DR SE,MAH,MAHOGANY,50.89484273,-113.910983,16,Titled Parcel;Building;Building Suite;Building Suite;Building Suite;Building Suite;Building Suite;Building Suite;Building Suite;Building Suite;Building Suite;Building Suite;Building Suite;Building Suite;Building Suite;Building Suite,20 MASTERS DR SE;#400 20 MASTERS DR SE;#405 20 MASTERS DR SE;#409 20 MASTERS DR SE;#402 20 MASTERS DR SE;#406 20 MASTERS DR SE;#410 20 MASTERS DR SE;#401 20 MASTERS DR SE;#408 20 MASTERS DR SE;#407 20 MASTERS DR SE;#404 20 MASTERS DR SE;#412 20 MASTERS DR SE;#403 20 MASTERS DR SE;#413 20 MASTERS DR SE;#414 20 MASTERS DR SE;#411 20 MASTERS DR SE,"MULTIPOINT (-113.91098303045572 50.89484273454691,-113.91061483105972 50.89547042937329,-113.91056300052101 50.895434708502904,-113.91048163750787 50.895499580671654,-113.91081142849329 50.89543111377497,-113.91048502785208 50.89542910193544,-113.91056175452657 50.89549893186756,-113.91089447173444 50.89543148284418,-113.91039814004598 50.895498806411744,-113.910402966193 50.89542834675974,-113.91064831738682 50.89543548403743,-113.91072535752615 50.89549762768066,-113.91072872740952 50.89543022349028,-113.91080547182514 50.89549839912189,-113.91088670909355 50.89549918035527,-113.91064299316787 50.89549899407427)","{""type"":""MultiPoint"",""coordinates"":[[-113.910983,50.8948427],[-113.9106148,50.8954704],[-113.910563,50.8954347],[-113.9104816,50.8954996],[-113.9108114,50.8954311],[-113.910485,50.8954291],[-113.9105618,50.8954989],[-113.9108945,50.8954315],[-113.9103981,50.8954988],[-113.910403,50.8954283],[-113.9106483,50.8954355],[-113.9107254,50.8954976],[-113.9107287,50.8954302],[-113.9108055,50.8954984],[-113.9108867,50.8954992],[-113.910643,50.895499]]}",POINT (-113.91098303045572 50.89484273454691),20 MASTERS DR SE,a,
BP2023-04422,Completed,2023-04-05,2023,2023-04-19,2024-06-20,2024,Commercial / Multi Family Project,Building,1606 - Ths Townhouse,Townhouse,Residential,New,New,New,New 5-Unit Rowhouse (Bldg K),GRAVITY ARCHITECTURE,,MOUNTAIN PACIFIC HOMES,5,"$1,126,943",94,94,#71 903 MAHOGANY BV SE,MAH,MAHOGANY,50.8957827,-113.911661,6,Titled Parcel;Building;Building;Building;Building;Building,903 MAHOGANY BV SE;#71 903 MAHOGANY BV SE;#74 903 MAHOGANY BV SE;#72 903 MAHOGANY BV SE;#75 903 MAHOGANY BV SE;#73 903 MAHOGANY BV SE,"MULTIPOINT (-113.91166100428168 50.89578270101041,-113.91079403742785 50.89591054436264,-113.91079260984459 50.89606253661809,-113.91079394200614 50.89596049253833,-113.91079365709616 50.896109626856614,-113.91079272163569 50.89600402101872)","{""type"":""MultiPoint"",""coordinates"":[[-113.911661,50.8957827],[-113.910794,50.8959105],[-113.9107926,50.8960625],[-113.9107939,50.8959605],[-113.9107937,50.8961096],[-113.9107927,50.896004]]}",POINT (-113.91166100428168 50.89578270101041),903 MAHOGANY BV SE,a,
BP2021-17745,Completed,2021-10-12,2021,2021-12-10,2024-02-26,2024,Commercial / Multi Family Project,Building,1606 - Ths Townhouse,Townhouse,Residential,New,New,New,New 6 unit stacked condo.,NORR ARCHITECTS ENGINEERS PLANNERS,,JAYMAN BUILT MULTI FAMILY,6,"$2,386,258",94,94,#202 190 MARINA CV SE,MAH,MAHOGANY,50.89449795,-113.9331869,8,Titled Parcel;Building;Building Suite;Building Suite;Building Suite;Building Suite;Building Suite;Building Suite,650 MAHOGANY RD SE;190 MARINA CV SE;#301 190 MARINA CV SE;#201 190 MARINA CV SE;#101 190 MARINA CV SE;#102 190 MARINA CV SE;#202 190 MARINA CV SE;#302 190 MARINA CV SE,"MULTIPOINT (-113.93318689375285 50.8944979542591,-113.93603970512561 50.892801634750306,-113.93589302515288 50.89280441310868,-113.93589302515288 50.89280441310868,-113.93589302515288 50.89280441310868,-113.93619088316119 50.892804576286686,-113.93619088316119 50.892804576286686,-113.93619088316119 50.892804576286686)","{""type"":""MultiPoint"",""coordinates"":[[-113.9331869,50.894498],[-113.9360397,50.8928016],[-113.935893,50.8928044],[-113.935893,50.8928044],[-113.935893,50.8928044],[-113.9361909,50.8928046],[-113.9361909,50.8928046],[-113.9361909,50.8928046]]}",POINT (-113.93318689375285 50.8944979542591),190 MARINA CV SE,a,
BP2021-18447,Completed,2021-10-25,2021,2021-12-14,2024-02-26,2024,Commercial / Multi Family Project,Building,1606 - Ths Townhouse,Townhouse,Residential,New,New,New,The Streams of Lake Mahogany - Building 9,NORR ARCHITECTS ENGINEERS PLANNERS,,JAYMAN BUILT MULTI FAMILY,6,"$2,292,478",94,94,#202 110 MARINA CV SE,MAH,MAHOGANY,50.89451137,-113.9330711,8,Titled Parcel;Building;Building Suite;Building Suite;Building Suite;Building Suite;Building Suite;Building Suite,650 MAHOGANY RD SE;110 MARINA CV SE;#201 110 MARINA CV SE;#301 110 MARINA CV SE;#101 110 MARINA CV SE;#202 110 MARINA CV SE;#102 110 MARINA CV SE;#302 110 MARINA CV SE,"MULTIPOINT (-113.93307108157488 50.89451137287413,-113.93280846645547 50.89432260353075,-113.93281057889128 50.894415372216166,-113.93281057889128 50.894415372216166,-113.93281057889128 50.894415372216166,-113.93280409200611 50.89422127509308,-113.93280409200611 50.89422127509308,-113.93280409200611 50.89422127509308)","{""type"":""MultiPoint"",""coordinates"":[[-113.9330711,50.8945114],[-113.9328085,50.8943226],[-113.9328106,50.8944154],[-113.9328106,50.8944154],[-113.9328106,50.8944154],[-113.9328041,50.8942213],[-113.9328041,50.8942213],[-113.9328041,50.8942213]]}",POINT (-113.93307108157488 50.89451137287413),110 MARINA CV SE,a,
BP2022-04132,Completed,2022-03-18,2022,2022-05-11,2023-03-21,2023,Commercial / Multi Family Project,Building,1606 - Ths Townhouse,Townhouse,Residential,New,New,New,2 Unit Residential Rowhouse - Building 22,NORR ARCHITECTS ENGINEERS PLANNERS,,JAYMAN BUILT MULTI FAMILY,2,"$417,943",94,94,236 MARINA CV SE,MAH,MAHOGANY,50.89449795,-113.9331869,3,Titled Parcel;Building;Building,650 MAHOGANY RD SE;236 MARINA CV SE;234 MARINA CV SE,"MULTIPOINT (-113.93318689375285 50.8944979542591,-113.93403204224677 50.89395509023982,-113.93403439710498 50.89388801742165)","{""type"":""MultiPoint"",""coordinates"":[[-113.9331869,50.894498],[-113.934032,50.8939551],[-113.9340344,50.893888]]}",POINT (-113.93318689375285 50.8944979542591),236 MARINA CV SE,a,
BP2022-04329,Completed,2022-03-22,2022,2022-07-22,2023-05-04,2023,Commercial / Multi Family Project,Building,1606 - Ths Townhouse,Townhouse,Residential,New,New,New,Group C (Division B 9.10.15),NORR ARCHITECTS ENGINEERS PLANNERS,,JAYMAN BUILT MULTI FAMILY,2,"$412,007",94,94,242 MARINA CV SE,MAH,MAHOGANY,50.89449795,-113.9331869,3,Titled Parcel;Building;Building,650 MAHOGANY RD SE;244 MARINA CV SE;242 MARINA CV SE,"MULTIPOINT (-113.93318689375285 50.8944979542591,-113.93403181038732 50.89411921994522,-113.93403642538098 50.89405213941601)","{""type"":""MultiPoint"",""coordinates"":[[-113.9331869,50.894498],[-113.9340318,50.8941192],[-113.9340364,50.8940521]]}",POINT (-113.93318689375285 50.8944979542591),242 MARINA CV SE,a,
BP2023-07049,Completed,2023-05-15,2023,2023-06-20,2024-11-01,2024,Commercial / Multi Family Project,Building,1606 - Ths Townhouse,Townhouse,Residential,New,New,New,6 Unit Residential Rowhouse - Building 2 south,NORR ARCHITECTS ENGINEERS PLANNERS,,JAYMAN BUILT MULTI FAMILY,6,"$1,448,201",94,94,635 MAHOGANY RD SE,MAH,MAHOGANY,50.89473265,-113.9348751,7,Titled Parcel;Building;Building;Building;Building;Building;Building,595 MAHOGANY RD SE;645 MAHOGANY RD SE;641 MAHOGANY RD SE;639 MAHOGANY RD SE;637 MAHOGANY RD SE;635 MAHOGANY RD SE;643 MAHOGANY RD SE,"MULTIPOINT (-113.93487511642653 50.894732647330294,-113.93324472560856 50.894791743488966,-113.93338670196246 50.894792417921046,-113.93345439103138 50.89479365218855,-113.93352303335155 50.89479428463185,-113.93359167821781 50.894793128032944,-113.93331241638019 50.89479178217423)","{""type"":""MultiPoint"",""coordinates"":[[-113.9348751,50.8947326],[-113.9332447,50.8947917],[-113.9333867,50.8947924],[-113.9334544,50.8947937],[-113.933523,50.8947943],[-113.9335917,50.8947931],[-113.9333124,50.8947918]]}",POINT (-113.93487511642653 50.894732647330294),635 MAHOGANY RD SE,a,
BP2023-08833,Completed,2023-06-08,2023,2023-07-07,2024-10-08,2024,Commercial / Multi Family Project,Building,1606 - Ths Townhouse,Townhouse,Residential,New,New,New,5 Unit Residential Rowhouse - Building 8 South,NORR ARCHITECTS ENGINEERS PLANNERS,,JAYMAN BUILT MULTI FAMILY,5,"$1,353,466",94,94,#313 595 MAHOGANY RD SE,MAH,MAHOGANY,50.89474163,-113.9348699,7,Titled Parcel;Titled Parcel;Building;Building;Building;Building;Building,595 MAHOGANY RD SE;755 MAHOGANY RD SE;#313 595 MAHOGANY RD SE;#311 595 MAHOGANY RD SE;#310 595 MAHOGANY RD SE;#314 595 MAHOGANY RD SE;#312 595 MAHOGANY RD SE,"MULTIPOINT (-113.93486987285601 50.89474163437155,-113.93081199985548 50.89474829005209,-113.93383492116823 50.89499414693453,-113.93400942187799 50.89499471317778,-113.93409593272028 50.89499523851322,-113.93375142253781 50.89499456706143,-113.93392066441878 50.89499466297487)","{""type"":""MultiPoint"",""coordinates"":[[-113.9348699,50.8947416],[-113.930812,50.8947483],[-113.9338349,50.8949941],[-113.9340094,50.8949947],[-113.9340959,50.8949952],[-113.9337514,50.8949946],[-113.9339207,50.8949947]]}",POINT (-113.93486987285601 50.89474163437155),595 MAHOGANY RD SE,a,
BP2023-07057,Completed,2023-05-15,2023,2023-06-19,2024-07-19,2024,Commercial / Multi Family Project,Building,1606 - Ths Townhouse,Townhouse,Residential,New,New,New,6 Unit Residential Rowhouse - Building 3 south,NORR ARCHITECTS ENGINEERS PLANNERS,,JAYMAN BUILT MULTI FAMILY,6,"$1,448,201",94,94,629 MAHOGANY RD SE,MAH,MAHOGANY,50.89474615,-113.9349008,7,Titled Parcel;Building;Building;Building;Building;Building;Building,595 MAHOGANY RD SE;625 MAHOGANY RD SE;623 MAHOGANY RD SE;629 MAHOGANY RD SE;621 MAHOGANY RD SE;627 MAHOGANY RD SE;619 MAHOGANY RD SE,"MULTIPOINT (-113.9349007979138 50.894746146602785,-113.93387938701129 50.89479210465681,-113.93394896751053 50.89479273738102,-113.93374305307555 50.894792027363984,-113.9340194861871 50.89479337059398,-113.93381169539741 50.894792659637574,-113.9340881293523 50.894793409367736)","{""type"":""MultiPoint"",""coordinates"":[[-113.9349008,50.8947461],[-113.9338794,50.8947921],[-113.933949,50.8947927],[-113.9337431,50.894792],[-113.9340195,50.8947934],[-113.9338117,50.8947927],[-113.9340881,50.8947934]]}",POINT (-113.9349007979138 50.894746146602785),629 MAHOGANY RD SE,a,
BP2023-09400,Completed,2023-06-16,2023,2023-09-19,2025-01-21,2025,Commercial / Multi Family Project,Building,1606 - Ths Townhouse,Townhouse,Residential,New,New,New,4 Unit Residential Rowhouse - Building #9,NORR ARCHITECTS ENGINEERS PLANNERS,,JAYMAN BUILT MULTI FAMILY,4,"$1,082,743",94,94,#410 595 MAHOGANY RD SE,MAH,MAHOGANY,50.89474615,-113.9349008,5,Titled Parcel;Building;Building;Building;Building,595 MAHOGANY RD SE;#412 595 MAHOGANY RD SE;#411 595 MAHOGANY RD SE;#410 595 MAHOGANY RD SE;#413 595 MAHOGANY RD SE,"MULTIPOINT (-113.9349007979138 50.894746146602785,-113.93332039949351 50.89499479815044,-113.93341066372489 50.89499484966913,-113.93350092727799 50.89499537758584,-113.93323616235435 50.89499475000879)","{""type"":""MultiPoint"",""coordinates"":[[-113.9349008,50.8947461],[-113.9333204,50.8949948],[-113.9334107,50.8949948],[-113.9335009,50.8949954],[-113.9332362,50.8949948]]}",POINT (-113.9349007979138 50.894746146602785),595 MAHOGANY RD SE,a,
BP2023-09415,Completed,2023-06-16,2023,2023-10-02,2025-01-22,2025,Commercial / Multi Family Project,Building,1606 - Ths Townhouse,Townhouse,Residential,New,New,New,4 Unit Resi. Rowhouse -Building 10,NORR ARCHITECTS ENGINEERS PLANNERS,,JAYMAN BUILT MULTI FAMILY,4,"$1,082,743",94,94,#510 595 MAHOGANY RD SE,MAH,MAHOGANY,50.89474615,-113.9349008,5,Titled Parcel;Building;Building;Building;Building,595 MAHOGANY RD SE;#511 595 MAHOGANY RD SE;#512 595 MAHOGANY RD SE;#513 595 MAHOGANY RD SE;#510 595 MAHOGANY RD SE,"MULTIPOINT (-113.9349007979138 50.894746146602785,-113.93284877817965 50.8949954807721,-113.93275926733459 50.8949954292529,-113.93267652275343 50.894995381567085,-113.93293452140814 50.89499600652664)","{""type"":""MultiPoint"",""coordinates"":[[-113.9349008,50.8947461],[-113.9328488,50.8949955],[-113.9327593,50.8949954],[-113.9326765,50.8949954],[-113.9329345,50.894996]]}",POINT (-113.9349007979138 50.894746146602785),595 MAHOGANY RD SE,a,
BP2023-07061,Completed,2023-05-15,2023,2023-06-19,2024-06-18,2024,Commercial / Multi Family Project,Building,1606 - Ths Townhouse,Townhouse,Residential,New,New,New,6 Unit Residential Rowhouse - Building 4 south,NORR ARCHITECTS ENGINEERS PLANNERS,,JAYMAN BUILT MULTI FAMILY,8,"$1,926,474",94,94,613 MAHOGANY RD SE,MAH,MAHOGANY,50.89479291,-113.9342555,8,Building;Building;Building;Building;Building;Building;Building;Building,613 MAHOGANY RD SE;609 MAHOGANY RD SE;603 MAHOGANY RD SE;599 MAHOGANY RD SE;611 MAHOGANY RD SE;605 MAHOGANY RD SE;607 MAHOGANY RD SE;601 MAHOGANY RD SE,"MULTIPOINT (-113.93425549498997 50.89479291039888,-113.93439182809605 50.8947935804306,-113.93459867988062 50.894794892156185,-113.93473784339734 50.89479437669383,-113.93432412394006 50.89479294902586,-113.9345272230182 50.89479425876694,-113.93445764167572 50.894794219724666,-113.93467013840522 50.89479433882707)","{""type"":""MultiPoint"",""coordinates"":[[-113.9342555,50.8947929],[-113.9343918,50.8947936],[-113.9345987,50.8947949],[-113.9347378,50.8947944],[-113.9343241,50.8947929],[-113.9345272,50.8947943],[-113.9344576,50.8947942],[-113.9346701,50.8947943]]}",POINT (-113.93425549498997 50.89479291039888),613 MAHOGANY RD SE,a,
BP2023-08832,Completed,2023-06-08,2023,2023-06-22,2024-07-24,2024,Commercial / Multi Family Project,Building,1606 - Ths Townhouse,Townhouse,Residential,New,New,New,5 Unit Residential Rowhouse - Building S7,NORR ARCHITECTS ENGINEERS PLANNERS,,JAYMAN BUILT MULTI FAMILY,5,"$1,353,466",94,94,#210 595 MAHOGANY RD SE,MAH,MAHOGANY,50.89495733,-113.9347554,6,Titled Parcel;Building;Building;Building;Building;Building,#200 595 MAHOGANY RD SE;#212 595 MAHOGANY RD SE;#211 595 MAHOGANY RD SE;#213 595 MAHOGANY RD SE;#210 595 MAHOGANY RD SE;#214 595 MAHOGANY RD SE,"MULTIPOINT (-113.93475535577629 50.89495732961863,-113.93451039280599 50.894996901144,-113.93460065637629 50.89499742821047,-113.934424634004 50.89499732947449,-113.93468415301795 50.894998427889725,-113.93433964481179 50.89499632877021)","{""type"":""MultiPoint"",""coordinates"":[[-113.9347554,50.8949573],[-113.9345104,50.8949969],[-113.9346007,50.8949974],[-113.9344246,50.8949973],[-113.9346842,50.8949984],[-113.9343396,50.8949963]]}",POINT (-113.93475535577629 50.89495732961863),595 MAHOGANY RD SE,a,
BP2023-03585,Completed,2023-03-21,2023,2023-04-26,2024-06-19,2024,Commercial / Multi Family Project,Building,1606 - Ths Townhouse,Townhouse,Residential,New,New,New,Residential Rowhouse - Building 6,NORR ARCHITECTS ENGINEERS PLANNERS,,JAYMAN BUILT MULTI FAMILY,4,"$1,082,743",94,94,#110 595 MAHOGANY RD SE,MAH,MAHOGANY,50.89524138,-113.9363291,6,Titled Parcel;Titled Parcel;Building;Building;Building;Building,2121 MAHOGANY BV SE;185 MAHOGANY GD SE;#110 595 MAHOGANY RD SE;#112 595 MAHOGANY RD SE;#111 595 MAHOGANY RD SE;#113 595 MAHOGANY RD SE,"MULTIPOINT (-113.93632911980616 50.895241382430626,-113.93486121714662 50.89589234512327,-113.9352904173156 50.89499781255954,-113.93511440981634 50.89499723840358,-113.9352031679437 50.89499681123112,-113.9350324186146 50.89499719280619)","{""type"":""MultiPoint"",""coordinates"":[[-113.9363291,50.8952414],[-113.9348612,50.8958923],[-113.9352904,50.8949978],[-113.9351144,50.8949972],[-113.9352032,50.8949968],[-113.9350324,50.8949972]]}",POINT (-113.93632911980616 50.895241382430626),595 MAHOGANY RD SE,a,
BP2023-03783,Completed,2023-03-24,2023,2023-04-26,2026-01-08,2026,Commercial / Multi Family Project,Building,1606 - Ths Townhouse,Townhouse,Residential,New,New,New,4 Unit Residential Rowhouse - Building 5,NORR ARCHITECTS ENGINEERS PLANNERS,,JAYMAN BUILT MULTI FAMILY,4,"$970,161",94,94,591 MAHOGANY RD SE,MAH,MAHOGANY,50.89589235,-113.9348612,6,Titled Parcel;Titled Parcel;Building;Building;Building;Building,185 MAHOGANY GD SE;2121 MAHOGANY BV SE;585 MAHOGANY RD SE;589 MAHOGANY RD SE;591 MAHOGANY RD SE;587 MAHOGANY RD SE,"MULTIPOINT (-113.9348612171461 50.89589234575524,-113.93632911980566 50.89524138306259,-113.9352869444536 50.89479586965783,-113.93514778340996 50.894794605762755,-113.93507915529372 50.89479396529268,-113.93521736310767 50.89479583106834)","{""type"":""MultiPoint"",""coordinates"":[[-113.9348612,50.8958923],[-113.9363291,50.8952414],[-113.9352869,50.8947959],[-113.9351478,50.8947946],[-113.9350792,50.894794],[-113.9352174,50.8947958]]}",POINT (-113.9348612171461 50.89589234575524),591 MAHOGANY RD SE,a,
BP2023-05654,Completed,2023-04-25,2023,2023-09-12,2024-08-26,2024,Commercial / Multi Family Project,Building,1606 - Ths Townhouse,Townhouse,Residential,New,New,New,6 Unit Residential Rowhouse - Bldg 17,KALAMOIR CONSTRUCTION,,TRINITY HILLS CALGARY GP,6,"$1,518,631",95,95,#607 1453 NA'A DR SW,MDH,MEDICINE HILL,51.08050055,-114.2012722,7,Titled Parcel;Building;Building;Building;Building;Building;Building,1453 NA'A DR SW;#609 1453 NA'A DR SW;#608 1453 NA'A DR SW;#612 1453 NA'A DR SW;#610 1453 NA'A DR SW;#607 1453 NA'A DR SW;#611 1453 NA'A DR SW,"MULTIPOINT (-114.20127216109327 51.08050054664603,-114.20004232693107 51.080089194657255,-114.20003126209727 51.08015105366558,-114.20008875812249 51.07991191043177,-114.20006092590772 51.08002375384783,-114.20002206567591 51.08020934056875,-114.20007387449256 51.07996189161156)","{""type"":""MultiPoint"",""coordinates"":[[-114.2012722,51.0805005],[-114.2000423,51.0800892],[-114.2000313,51.0801511],[-114.2000888,51.0799119],[-114.2000609,51.0800238],[-114.2000221,51.0802093],[-114.2000739,51.0799619]]}",POINT (-114.20127216109327 51.08050054664603),1453 NA'A DR SW,a,
BP2019-04266,Completed,2019-04-18,2019,2019-06-24,2020-11-27,2020,Commercial / Multi Family Project,Building,1606 - Ths Townhouse,Townhouse,Residential,New,New,New,Group C 3 Unit Residential 3 Storey un sprinklered  Rowhouse,NORR ARCHITECTS ENGINEERS PLANNERS,,,3,"$696,564",96,96,1879 NA'A DR SW,MDH,MEDICINE HILL,51.07980463,-114.2059841,1,Titled Parcel,1879 NA'A DR SW,POINT (-114.20598410641428 51.07980462833371),"{""type"":""Point"",""coordinates"":[-114.2059841,51.0798046]}",POINT (-114.20598410641428 51.07980462833371),1879 NA'A DR SW,a,
BP2020-05518,Completed,2020-05-08,2020,2020-06-19,2021-06-02,2021,Commercial / Multi Family Project,Building,1606 - Ths Townhouse,Townhouse,Residential,New,New,New,"New 4 Unit Residential Building, Building 12",NORR ARCHITECTS ENGINEERS PLANNERS,,,4,"$902,332",96,96,59 NA'A HT SW,MDH,MEDICINE HILL,51.07980463,-114.2059841,5,Titled Parcel;Building;Building;Building;Building,1879 NA'A DR SW;139 NA'A HT SW;61 NA'A HT SW;59 NA'A HT SW;137 NA'A HT SW,"MULTIPOINT (-114.20598410641428 51.07980462833371,-114.20537780169764 51.07955376790864,-114.20550020394327 51.079482192647994,-114.20535773937593 51.07949968520902,-114.20551461125866 51.079538658542965)","{""type"":""MultiPoint"",""coordinates"":[[-114.2059841,51.0798046],[-114.2053778,51.0795538],[-114.2055002,51.0794822],[-114.2053577,51.0794997],[-114.2055146,51.0795387]]}",POINT (-114.20598410641428 51.07980462833371),59 NA'A HT SW,a,
BP2020-05520,Completed,2020-05-08,2020,2020-06-19,2021-06-11,2021,Commercial / Multi Family Project,Building,1606 - Ths Townhouse,Townhouse,Residential,New,New,New,"New 4 Unit Residential Building, Building 13",NORR ARCHITECTS ENGINEERS PLANNERS,,,4,"$902,332",96,96,67 NA'A HT SW,MDH,MEDICINE HILL,51.07980463,-114.2059841,5,Titled Parcel;Building;Building;Building;Building,1879 NA'A DR SW;129 NA'A HT SW;69 NA'A HT SW;131 NA'A HT SW;67 NA'A HT SW,"MULTIPOINT (-114.20598410641428 51.07980462833371,-114.20582689414007 51.07949946248326,-114.20581248645699 51.07944299662682,-114.20568537417567 51.07951754710012,-114.20566720699148 51.07946287678888)","{""type"":""MultiPoint"",""coordinates"":[[-114.2059841,51.0798046],[-114.2058269,51.0794995],[-114.2058125,51.079443],[-114.2056854,51.0795175],[-114.2056672,51.0794629]]}",POINT (-114.20598410641428 51.07980462833371),67 NA'A HT SW,a,
BP2020-05521,Completed,2020-05-08,2020,2020-06-19,2021-06-11,2021,Commercial / Multi Family Project,Building,1606 - Ths Townhouse,Townhouse,Residential,New,New,New,"New 4 Unit Residential Building, Building 14",NORR ARCHITECTS ENGINEERS PLANNERS,,,4,"$902,332",96,96,85 NA'A HT SW,MDH,MEDICINE HILL,51.07980463,-114.2059841,5,Titled Parcel;Building;Building;Building;Building,1879 NA'A DR SW;121 NA'A HT SW;123 NA'A HT SW;87 NA'A HT SW;85 NA'A HT SW,"MULTIPOINT (-114.20598410641428 51.07980462833371,-114.20613949196778 51.07952804730719,-114.20603638774732 51.079481248931344,-114.20619877780315 51.079486913805404,-114.20608716639451 51.07943656157067)","{""type"":""MultiPoint"",""coordinates"":[[-114.2059841,51.0798046],[-114.2061395,51.079528],[-114.2060364,51.0794812],[-114.2061988,51.0794869],[-114.2060872,51.0794366]]}",POINT (-114.20598410641428 51.07980462833371),85 NA'A HT SW,a,
BP2020-05522,Completed,2020-05-08,2020,2020-06-19,2021-07-14,2021,Commercial / Multi Family Project,Building,1606 - Ths Townhouse,Townhouse,Residential,New,New,New,"New 3 Unit Residential Building, Building 7",NORR ARCHITECTS ENGINEERS PLANNERS,,,3,"$703,186",96,96,16 NA'A HT SW,MDH,MEDICINE HILL,51.07980463,-114.2059841,4,Titled Parcel;Building;Building;Building,1879 NA'A DR SW;20 NA'A HT SW;16 NA'A HT SW;18 NA'A HT SW,"MULTIPOINT (-114.20598410641428 51.07980462833371,-114.20392933595431 51.0800385464556,-114.20404107724183 51.0801186294237,-114.20397857736718 51.08007532727233)","{""type"":""MultiPoint"",""coordinates"":[[-114.2059841,51.0798046],[-114.2039293,51.0800385],[-114.2040411,51.0801186],[-114.2039786,51.0800753]]}",POINT (-114.20598410641428 51.07980462833371),16 NA'A HT SW,a,
BP2020-05533,Completed,2020-05-08,2020,2020-06-29,2021-06-14,2021,Commercial / Multi Family Project,Building,1606 - Ths Townhouse,Townhouse,Residential,New,New,New,"New 6 Unit Rowhouse, Building 10",NORR ARCHITECTS ENGINEERS PLANNERS,,,6,"$1,486,654",96,96,1827 NA'A DR SW,MDH,MEDICINE HILL,51.07980463,-114.2059841,7,Titled Parcel;Building;Building;Building;Building;Building;Building,1879 NA'A DR SW;1843 NA'A DR SW;1835 NA'A DR SW;1827 NA'A DR SW;1831 NA'A DR SW;1839 NA'A DR SW;1847 NA'A DR SW,"MULTIPOINT (-114.20598410641428 51.07980462833371,-114.20512169139431 51.0798449890989,-114.20498970069735 51.079885062914975,-114.20486254500874 51.0799471258823,-114.20492376362823 51.07991669636582,-114.20505665433734 51.07986710995307,-114.20519050241569 51.07982108162596)","{""type"":""MultiPoint"",""coordinates"":[[-114.2059841,51.0798046],[-114.2051217,51.079845],[-114.2049897,51.0798851],[-114.2048625,51.0799471],[-114.2049238,51.0799167],[-114.2050567,51.0798671],[-114.2051905,51.0798211]]}",POINT (-114.20598410641428 51.07980462833371),1827 NA'A DR SW,a,
BP2021-05425,Completed,2021-04-06,2021,2021-05-20,2022-06-17,2022,Commercial / Multi Family Project,Building,1606 - Ths Townhouse,Townhouse,Residential,New,New,New,"New 7 Unit Rowhouse, Building 4",NORR ARCHITECTS ENGINEERS PLANNERS,,,7,"$1,865,636",96,96,62 NA'A HT SW,MDH,MEDICINE HILL,51.07933813,-114.2054349,9,Titled Parcel;Titled Parcel;Building;Building;Building;Building;Building;Building;Building,62 NA'A HT SW;1879 NA'A DR SW;74 NA'A HT SW;68 NA'A HT SW;70 NA'A HT SW;66 NA'A HT SW;64 NA'A HT SW;72 NA'A HT SW;62 NA'A HT SW,"MULTIPOINT (-114.20543494539166 51.07933813066664,-114.20598410641428 51.07980462833371,-114.20600666296521 51.079179706146036,-114.20571078526291 51.07921364182387,-114.20581097982875 51.07920312733557,-114.20560907583231 51.07922690973615,-114.20551927632043 51.07924192759291,-114.20591024034132 51.079191176055794,-114.20540112512096 51.079251709257065)","{""type"":""MultiPoint"",""coordinates"":[[-114.2054349,51.0793381],[-114.2059841,51.0798046],[-114.2060067,51.0791797],[-114.2057108,51.0792136],[-114.205811,51.0792031],[-114.2056091,51.0792269],[-114.2055193,51.0792419],[-114.2059102,51.0791912],[-114.2054011,51.0792517]]}",POINT (-114.20543494539166 51.07933813066664),62 NA'A HT SW,a,
BP2021-05499,Completed,2021-04-07,2021,2021-05-20,2022-08-17,2022,Commercial / Multi Family Project,Building,1606 - Ths Townhouse,Townhouse,Residential,New,New,New,"New 5 Unit Rowhouse, Building 5",NORR ARCHITECTS ENGINEERS PLANNERS,,,5,"$1,324,080",96,96,46 NA'A HT SW,MDH,MEDICINE HILL,51.07968957,-114.2049543,7,Titled Parcel;Titled Parcel;Building;Building;Building;Building;Building,46 NA'A HT SW;1879 NA'A DR SW;50 NA'A HT SW;52 NA'A HT SW;46 NA'A HT SW;48 NA'A HT SW;54 NA'A HT SW,"MULTIPOINT (-114.20495432860241 51.07968957218524,-114.20598410641428 51.07980462833371,-114.20488369016611 51.07952266753832,-114.20494760208014 51.07945593291305,-114.20478753302828 51.07963329234922,-114.20484768072137 51.079573729157524,-114.20498247802054 51.07940354277501)","{""type"":""MultiPoint"",""coordinates"":[[-114.2049543,51.0796896],[-114.2059841,51.0798046],[-114.2048837,51.0795227],[-114.2049476,51.0794559],[-114.2047875,51.0796333],[-114.2048477,51.0795737],[-114.2049825,51.0794035]]}",POINT (-114.20495432860241 51.07968957218524),46 NA'A HT SW,a,
BP2021-14394,Completed,2021-08-17,2021,2021-11-09,2022-10-03,2022,Commercial / Multi Family Project,Building,1606 - Ths Townhouse,Townhouse,Residential,New,New,New,"New 6 Unit Rowhouse, Building 6",NORR ARCHITECTS ENGINEERS PLANNERS,,TRINITY HILLS CALGARY GP,6,"$1,599,942",96,96,30 NA'A HT SW,MDH,MEDICINE HILL,51.07977986,-114.2047296,12,Titled Parcel;Titled Parcel;Titled Parcel;Titled Parcel;Titled Parcel;Titled Parcel;Building;Building;Building;Building;Building;Building,40 NA'A HT SW;34 NA'A HT SW;38 NA'A HT SW;30 NA'A HT SW;36 NA'A HT SW;32 NA'A HT SW;34 NA'A HT SW;30 NA'A HT SW;40 NA'A HT SW;38 NA'A HT SW;32 NA'A HT SW;36 NA'A HT SW,"MULTIPOINT (-114.2047295531027 51.079779862931666,-114.2044784048202 51.079906158136254,-114.2046340765401 51.07982497854274,-114.2043134386728 51.07999634345494,-114.2045568187373 51.07986556735417,-114.20440001057142 51.07995124367629,-114.20438103229797 51.07984498275331,-114.20421963405654 51.07993517069284,-114.20465089491833 51.07969061615242,-114.20453228265445 51.079764440302114,-114.20431136950542 51.079889459650225,-114.20446127103072 51.07980072105087)","{""type"":""MultiPoint"",""coordinates"":[[-114.2047296,51.0797799],[-114.2044784,51.0799062],[-114.2046341,51.079825],[-114.2043134,51.0799963],[-114.2045568,51.0798656],[-114.2044,51.0799512],[-114.204381,51.079845],[-114.2042196,51.0799352],[-114.2046509,51.0796906],[-114.2045323,51.0797644],[-114.2043114,51.0798895],[-114.2044613,51.0798007]]}",POINT (-114.2047295531027 51.079779862931666),30 NA'A HT SW,a,
BP2021-14407,Completed,2021-08-17,2021,2021-11-09,2022-11-07,2022,Commercial / Multi Family Project,Building,1606 - Ths Townhouse,Townhouse,Residential,New,New,New,"New 3 Unit Rowhouse, Building 8",NORR ARCHITECTS ENGINEERS PLANNERS,,TRINITY HILLS CALGARY GP,3,"$803,748",96,96,1801 NA'A DR SW,MDH,MEDICINE HILL,51.08015835,-114.2042044,6,Titled Parcel;Titled Parcel;Titled Parcel;Building;Building;Building,10 NA'A HT SW;8 NA'A HT SW;1801 NA'A DR SW;1801 NA'A DR SW;10 NA'A HT SW;8 NA'A HT SW,"MULTIPOINT (-114.20420436131157 51.08015834845499,-114.20427265373223 51.080207672446384,-114.20423746570141 51.08035156896425,-114.20423073767448 51.080314525215634,-114.20409815619911 51.08022080549632,-114.2041682138164 51.08026587434316)","{""type"":""MultiPoint"",""coordinates"":[[-114.2042044,51.0801583],[-114.2042727,51.0802077],[-114.2042375,51.0803516],[-114.2042307,51.0803145],[-114.2040982,51.0802208],[-114.2041682,51.0802659]]}",POINT (-114.20420436131157 51.08015834845499),1801 NA'A DR SW,a,
BP2021-11288,Completed,2021-06-25,2021,2021-11-10,2025-04-03,2025,Commercial / Multi Family Project,Building,1606 - Ths Townhouse,Townhouse,Residential,New,New,New,4 Plex Townhouse,ALDEBARAN ENTERPRISES,,,4,"$794,848",97,97,#1 4532 17 AV NW,MON,MONTGOMERY,51.07058657,-114.1594015,5,Titled Parcel;Building;Building;Building;Building,4532 17 AV NW;#1 4532 17 AV NW;#2 4534 17 AV NW;#1 4534 17 AV NW;#2 4532 17 AV NW,"MULTIPOINT (-114.15940145402095 51.07058657410781,-114.15935062554256 51.070593781225895,-114.1592627593587 51.07073090399555,-114.15944601158058 51.07066453495165,-114.15921126275796 51.07068483001035)","{""type"":""MultiPoint"",""coordinates"":[[-114.1594015,51.0705866],[-114.1593506,51.0705938],[-114.1592628,51.0707309],[-114.159446,51.0706645],[-114.1592113,51.0706848]]}",POINT (-114.15940145402095 51.07058657410781),4532 17 AV NW,a,
BP2018-12773,Completed,2018-09-21,2018,2018-11-09,2021-05-26,2021,Commercial / Multi Family Project,Building,1606 - Ths Townhouse,Townhouse,Residential,New,New,New,Bowness Fourplex (new) + garage (new),ARCHI DESIGN,,,4,"$700,000",98,98,1911 42 ST NW,MON,MONTGOMERY,51.06810333,-114.1542594,5,Titled Parcel;Building;Building;Building;Building,4304 BOWNESS RD NW;4302 BOWNESS RD NW;1915 42 ST NW;1911 42 ST NW;1913 42 ST NW,"MULTIPOINT (-114.15425943459869 51.06810332501558,-114.1541755703119 51.06808673278223,-114.15394152035793 51.06820263982819,-114.15410658303219 51.06811608523266,-114.15400595658468 51.06816473527362)","{""type"":""MultiPoint"",""coordinates"":[[-114.1542594,51.0681033],[-114.1541756,51.0680867],[-114.1539415,51.0682026],[-114.1541066,51.0681161],[-114.154006,51.0681647]]}",POINT (-114.15425943459869 51.06810332501558),1911 42 ST NW,a,
BP2020-01188,Completed,2020-01-31,2020,2020-02-12,2022-04-20,2022,Commercial / Multi Family Project,Building,1606 - Ths Townhouse,Townhouse,Residential,New,New,New,4 plex townhouse,CAMBRIDGE HOMES,,CAMBRIDGE HOMES,4,"$723,497",98,98,1757 45 ST NW,MON,MONTGOMERY,51.07070183,-114.1605748,5,Titled Parcel;Building;Building;Building;Building,1751 45 ST NW;4603 17 AV NW;1755 45 ST NW;1757 45 ST NW;1759 45 ST NW,"MULTIPOINT (-114.16057484450076 51.0707018343491,-114.16043701340612 51.07088863178531,-114.16055897432639 51.070775059275825,-114.16048737029563 51.07081103549145,-114.16037568160796 51.07084176273811)","{""type"":""MultiPoint"",""coordinates"":[[-114.1605748,51.0707018],[-114.160437,51.0708886],[-114.160559,51.0707751],[-114.1604874,51.070811],[-114.1603757,51.0708418]]}",POINT (-114.16057484450076 51.0707018343491),1757 45 ST NW,a,
BP2018-03387,Completed,2018-03-29,2018,2018-07-04,2019-10-18,2019,Commercial / Multi Family Project,Building,1606 - Ths Townhouse,Townhouse,Residential,New,New,New,"Constructed Concept Developments 4 Plex: 3 storey, 4 residential units",CONSTRUCTED CONCEPT DEVELOPMENTS,,,4,"$876,033",98,98,1941 46 ST NW,MON,MONTGOMERY,51.07305786,-114.1600456,5,Titled Parcel;Building;Building;Building;Building,1937 46 ST NW;1941 46 ST NW;4703 19 AV NW;1943 46 ST NW;1945 46 ST NW,"MULTIPOINT (-114.16004558591432 51.07305786111163,-114.16001570737585 51.073141038725794,-114.15979168103802 51.07325370736749,-114.15994408517632 51.073172924305105,-114.15986252116656 51.07321012735666)","{""type"":""MultiPoint"",""coordinates"":[[-114.1600456,51.0730579],[-114.1600157,51.073141],[-114.1597917,51.0732537],[-114.1599441,51.0731729],[-114.1598625,51.0732101]]}",POINT (-114.16004558591432 51.07305786111163),1941 46 ST NW,a,
BP2018-06485,Completed,2018-05-29,2018,2018-07-18,2020-05-12,2020,Commercial / Multi Family Project,Building,1606 - Ths Townhouse,Townhouse,Residential,New,New,New,Part 9 (9.10.15) - Residential 2 Storey Rowhouse,JG DESIGN,,MAGNAT DEVELOPMENTS,4,"$750,000",98,98,1910 48 ST NW,MON,MONTGOMERY,51.07495007,-114.1633837,5,Titled Parcel;Building;Building;Building;Building,4840 BOWNESS RD NW;1910 48 ST NW;4842 BOWNESS RD NW;1918 48 ST NW;1914 48 ST NW,"MULTIPOINT (-114.1633836981166 51.07495006920374,-114.16333330876276 51.075038607192894,-114.16339171750884 51.0750067110469,-114.16321176452978 51.075101507026424,-114.16327205602035 51.07506931165223)","{""type"":""MultiPoint"",""coordinates"":[[-114.1633837,51.0749501],[-114.1633333,51.0750386],[-114.1633917,51.0750067],[-114.1632118,51.0751015],[-114.1632721,51.0750693]]}",POINT (-114.1633836981166 51.07495006920374),1910 48 ST NW,a,
BP2020-10693,Completed,2020-08-06,2020,2020-08-21,2022-08-04,2022,Commercial / Multi Family Project,Building,1606 - Ths Townhouse,Townhouse,Residential,New,New,New,4-plex,JOHN TRINH & ASSOCIATES,,GREEN CEDAR HOMES,4,"$717,803",98,98,#4 4316 BOWNESS RD NW,MON,MONTGOMERY,51.06839052,-114.1546185,6,Titled Parcel;Building;Building Suite;Building Suite;Building Suite;Building Suite,4316 BOWNESS RD NW;4316 BOWNESS RD NW;#3 4316 BOWNESS RD NW;#2 4316 BOWNESS RD NW;#1 4316 BOWNESS RD NW;#4 4316 BOWNESS RD NW,"MULTIPOINT (-114.15461845663165 51.06839052121605,-114.15449393863936 51.06845421607691,-114.15455510180895 51.06845747040819,-114.15440789860645 51.068465746677894,-114.15449984884366 51.06841663130645,-114.15446390616124 51.068506108371416)","{""type"":""MultiPoint"",""coordinates"":[[-114.1546185,51.0683905],[-114.1544939,51.0684542],[-114.1545551,51.0684575],[-114.1544079,51.0684657],[-114.1544998,51.0684166],[-114.1544639,51.0685061]]}",POINT (-114.15461845663165 51.06839052121605),4316 BOWNESS RD NW,a,
BP2020-13130,Completed,2020-09-15,2020,2020-09-30,2022-08-30,2022,Commercial / Multi Family Project,Building,1606 - Ths Townhouse,Townhouse,Residential,New,New,New,4plex townhouse,JOHN TRINH & ASSOCIATES,,GREEN CEDAR HOMES,4,"$718,470",98,98,#3 4320 BOWNESS RD NW,MON,MONTGOMERY,51.06849317,-114.1547584,6,Titled Parcel;Building;Building Suite;Building Suite;Building Suite;Building Suite,4320 BOWNESS RD NW;4320 BOWNESS RD NW;#1 4320 BOWNESS RD NW;#2 4320 BOWNESS RD NW;#3 4320 BOWNESS RD NW;#4 4320 BOWNESS RD NW,"MULTIPOINT (-114.15475843894355 51.06849316919913,-114.15464007114892 51.06855281969571,-114.15466068823481 51.06850997446502,-114.15457118733045 51.0685576663505,-114.15471461097228 51.06854974547607,-114.15462417034183 51.06859803196587)","{""type"":""MultiPoint"",""coordinates"":[[-114.1547584,51.0684932],[-114.1546401,51.0685528],[-114.1546607,51.06851],[-114.1545712,51.0685577],[-114.1547146,51.0685497],[-114.1546242,51.068598]]}",POINT (-114.15475843894355 51.06849316919913),4320 BOWNESS RD NW,a,
BP2022-08620,Completed,2022-05-20,2022,2022-07-26,2023-05-26,2023,Commercial / Multi Family Project,Building,1606 - Ths Townhouse,Townhouse,Residential,New,New,New,new 4 unit townhouse (front/back),K5 DESIGNS,,GILL BROTHERS PLUMBING & HEATING,4,"$1,656,997",98,98,#1 4823 BOWNESS RD NW,MON,MONTGOMERY,51.07443346,-114.1631697,5,Titled Parcel;Building;Building;Building;Building,4823 BOWNESS RD NW;#2 4823 BOWNESS RD NW;#2 4821 BOWNESS RD NW;#1 4823 BOWNESS RD NW;#1 4821 BOWNESS RD NW,"MULTIPOINT (-114.16316967322295 51.07443346069739,-114.16338057852909 51.07431947346717,-114.16332946704699 51.07427970255862,-114.16327741587868 51.07437431988963,-114.16323102246528 51.07433305904911)","{""type"":""MultiPoint"",""coordinates"":[[-114.1631697,51.0744335],[-114.1633806,51.0743195],[-114.1633295,51.0742797],[-114.1632774,51.0743743],[-114.163231,51.0743331]]}",POINT (-114.16316967322295 51.07443346069739),4823 BOWNESS RD NW,a,
BP2017-08627,Completed,2017-07-10,2017,2017-09-01,2018-11-22,2018,Commercial / Multi Family Project,Building,1606 - Ths Townhouse,Townhouse,Residential,New,New,New,9.10.15. - 4 Unit Row House,TRICOR DESIGN GROUP,,,4,"$803,000",99,99,1881 47 ST NW,MON,MONTGOMERY,51.07390405,-114.1624664,5,Titled Parcel;Building;Building;Building;Building,4803 BOWNESS RD NW;1883 47 ST NW;4801 BOWNESS RD NW;1881 47 ST NW;1885 47 ST NW,"MULTIPOINT (-114.16246637479715 51.0739040481948,-114.16258015297102 51.07375933571292,-114.16245120056443 51.07385352921366,-114.16265122397047 51.073737364922714,-114.16252302544865 51.073798223662834)","{""type"":""MultiPoint"",""coordinates"":[[-114.1624664,51.073904],[-114.1625802,51.0737593],[-114.1624512,51.0738535],[-114.1626512,51.0737374],[-114.162523,51.0737982]]}",POINT (-114.16246637479715 51.0739040481948),1881 47 ST NW,a,
BP2019-05034,Completed,2019-05-02,2019,2019-06-03,2020-06-23,2020,Commercial / Multi Family Project,Building,1606 - Ths Townhouse,Townhouse,Residential,New,New,New,New four plex,TRICOR DESIGN GROUP,,CHANDAN HOMES,4,"$802,100",99,99,#2 4506 17 AV NW,MON,MONTGOMERY,51.06985072,-114.1584414,5,Titled Parcel;Building;Building;Building;Building,4504 17 AV NW;#2 4506 17 AV NW;#1 4506 17 AV NW;1802 44 ST NW;1806 44 ST NW,"MULTIPOINT (-114.15844141976785 51.069850723751856,-114.15828800404158 51.07000061909776,-114.15839500845982 51.06993957792576,-114.15834955234367 51.06989444827917,-114.15823349405267 51.069957398492356)","{""type"":""MultiPoint"",""coordinates"":[[-114.1584414,51.0698507],[-114.158288,51.0700006],[-114.158395,51.0699396],[-114.1583496,51.0698944],[-114.1582335,51.0699574]]}",POINT (-114.15844141976785 51.069850723751856),4506 17 AV NW,a,
BP2021-05271,Completed,2021-04-05,2021,2021-05-27,2022-03-18,2022,Commercial / Multi Family Project,Building,1606 - Ths Townhouse,Townhouse,Residential,New,New,New,4 Plex Townhouse,TRICOR DESIGN GROUP,,,4,"$1,219,588",99,99,#3 4612 17 AV NW,MON,MONTGOMERY,51.07126854,-114.1603163,5,Titled Parcel;Building;Building;Building;Building,4612 17 AV NW;#3 4612 17 AV NW;#1 4612 17 AV NW;#4 4612 17 AV NW;#2 4612 17 AV NW,"MULTIPOINT (-114.16031627169444 51.07126854032222,-114.16024709585578 51.07133030450446,-114.1601997880177 51.07129529153662,-114.1601425317474 51.071387532381436,-114.16009332823288 51.07135311528787)","{""type"":""MultiPoint"",""coordinates"":[[-114.1603163,51.0712685],[-114.1602471,51.0713303],[-114.1601998,51.0712953],[-114.1601425,51.0713875],[-114.1600933,51.0713531]]}",POINT (-114.16031627169444 51.07126854032222),4612 17 AV NW,a,
BP2021-19199,Completed,2021-11-05,2021,2022-01-14,2023-01-11,2023,Commercial / Multi Family Project,Building,1606 - Ths Townhouse,Townhouse,Residential,New,New,New,"4-Unit Residential Rowhouse; located at 1803, 1805, 1807 50 ST NW & 5104 17 AV NW",TRICOR DESIGN GROUP,,CHANDAN HOMES,4,"$902,493",99,99,1807 50 ST NW,MON,MONTGOMERY,51.07597119,-114.1660115,5,Titled Parcel;Building;Building;Building;Building,1809 50 ST NW;1805 50 ST NW;1803 50 ST NW;5104 17 AV NW;1807 50 ST NW,"MULTIPOINT (-114.16601151973045 51.07597119216368,-114.16617090469143 51.07595942295763,-114.16617090469143 51.07595942295763,-114.16617427244994 51.075959418170655,-114.16617761833922 51.0759572918472)","{""type"":""MultiPoint"",""coordinates"":[[-114.1660115,51.0759712],[-114.1661709,51.0759594],[-114.1661709,51.0759594],[-114.1661743,51.0759594],[-114.1661776,51.0759573]]}",POINT (-114.16601151973045 51.07597119216368),1807 50 ST NW,a,
BP2022-04876,Completed,2022-03-30,2022,2022-05-13,2023-06-20,2023,Commercial / Multi Family Project,Building,1606 - Ths Townhouse,Townhouse,Residential,New,New,New,New 4-plex.,TRICOR DESIGN GROUP,,,4,"$1,262,771",99,99,#1 4411 17 AV NW,MON,MONTGOMERY,51.06874636,-114.1574271,5,Titled Parcel;Building;Building;Building;Building,4411 17 AV NW;#1 4411 17 AV NW;#4 4411 17 AV NW;#3 4411 17 AV NW;#2 4411 17 AV NW,"MULTIPOINT (-114.15742713122278 51.068746360697105,-114.15761679883599 51.068642184154186,-114.15761679883599 51.068642184154186,-114.15761679883599 51.068642184154186,-114.15761679883599 51.068642184154186)","{""type"":""MultiPoint"",""coordinates"":[[-114.1574271,51.0687464],[-114.1576168,51.0686422],[-114.1576168,51.0686422],[-114.1576168,51.0686422],[-114.1576168,51.0686422]]}",POINT (-114.15742713122278 51.068746360697105),4411 17 AV NW,a,
BP2019-06630,Completed,2019-05-30,2019,2019-07-03,2020-02-03,2020,Commercial / Multi Family Project,Building,1606 - Ths Townhouse,Townhouse,Residential,New,New,New,,EAGLE CREST CONSTRUCTION,,EAGLE CREST CONSTRUCTION,4,"$791,581",100,100,2111 5 ST NW,MOP,MOUNT PLEASANT,51.07092793,-114.0741632,1,Titled Parcel,2111 5 ST NW,POINT (-114.07416321637929 51.07092793129232),"{""type"":""Point"",""coordinates"":[-114.0741632,51.0709279]}",POINT (-114.07416321637929 51.07092793129232),2111 5 ST NW,a,
BP2017-15153,Completed,2017-11-16,2017,2017-12-19,2019-08-26,2019,Commercial / Multi Family Project,Building,1606 - Ths Townhouse,Townhouse,Residential,New,New,New,"Elevated Developments 4 Plex: New 2 storey, 4 residential units",ELEVATED DEVELOPMENTS,,,4,"$723,900",100,100,2004 4 ST NW,MOP,MOUNT PLEASANT,51.06981497,-114.0713338,5,Titled Parcel;Building;Building;Building;Building,470 19 AV NW;2008 4 ST NW;2006 4 ST NW;468 19 AV NW;2004 4 ST NW,"MULTIPOINT (-114.07133382442892 51.06981496986454,-114.07128264439291 51.070010347167965,-114.07128049818586 51.069969319506676,-114.07127544281396 51.06987358233159,-114.07128024729907 51.06992674446177)","{""type"":""MultiPoint"",""coordinates"":[[-114.0713338,51.069815],[-114.0712826,51.0700103],[-114.0712805,51.0699693],[-114.0712754,51.0698736],[-114.0712802,51.0699267]]}",POINT (-114.07133382442892 51.06981496986454),2004 4 ST NW,a,
BP2023-04772,Completed,2023-04-12,2023,2025-03-04,2026-04-10,2026,Commercial / Multi Family Project,Building,1606 - Ths Townhouse,Townhouse,Residential,New,New,New,4 Unit Residential Rowhouse - Building B,FORMED ALLIANCE ARCHITECTURE STUDIO,,STONE WEST HOMES,4,"$502,585",101,101,#103 1810 4 ST NW,MOP,MOUNT PLEASANT,51.06828671,-114.0713537,6,Titled Parcel;Building;Building Suite;Building Suite;Building Suite;Building Suite,1810 4 ST NW;#100 1810 4 ST NW;#104 1810 4 ST NW;#101 1810 4 ST NW;#102 1810 4 ST NW;#103 1810 4 ST NW,"MULTIPOINT (-114.07135367608096 51.068286709910694,-114.07125193112437 51.06804457151933,-114.07124729578871 51.06807355713224,-114.07117152168397 51.06800985733826,-114.0713417789544 51.06800975355748,-114.07126491614693 51.06807331265963)","{""type"":""MultiPoint"",""coordinates"":[[-114.0713537,51.0682867],[-114.0712519,51.0680446],[-114.0712473,51.0680736],[-114.0711715,51.0680099],[-114.0713418,51.0680098],[-114.0712649,51.0680733]]}",POINT (-114.07135367608096 51.068286709910694),1810 4 ST NW,a,
BP2023-07012,Completed,2023-05-15,2023,2023-09-06,2024-10-16,2024,Commercial / Multi Family Project,Building,1606 - Ths Townhouse,Townhouse,Residential,New,New,New,PCH 22 Ave BLDG A,FORMED ALLIANCE ARCHITECTURE STUDIO,,PROFESSIONAL CUSTOM HOMES,10,"$1,233,644",101,101,#1R 505 22 AV NW,MOP,MOUNT PLEASANT,51.07221049,-114.0717153,11,Titled Parcel;Building;Building;Building;Building;Building;Building Suite;Building Suite;Building Suite;Building Suite;Building Suite,505 22 AV NW;#5 505 22 AV NW;#2 505 22 AV NW;#4 505 22 AV NW;#1 505 22 AV NW;#3 505 22 AV NW;#3R 505 22 AV NW;#5R 505 22 AV NW;#2R 505 22 AV NW;#1R 505 22 AV NW;#4R 505 22 AV NW,"MULTIPOINT (-114.07171525224756 51.07221048990934,-114.07206046110902 51.07218111506816,-114.0718384632296 51.07218125169889,-114.07198646181607 51.07218116065859,-114.0717629656858 51.07218129806852,-114.07190793923407 51.072181208984546,-114.07188448245778 51.0721545869529,-114.07203399347748 51.07215449492238,-114.0718127527219 51.07215510749146,-114.07178632571899 51.07215464726865,-114.07195923796773 51.072154540961535)","{""type"":""MultiPoint"",""coordinates"":[[-114.0717153,51.0722105],[-114.0720605,51.0721811],[-114.0718385,51.0721813],[-114.0719865,51.0721812],[-114.071763,51.0721813],[-114.0719079,51.0721812],[-114.0718845,51.0721546],[-114.072034,51.0721545],[-114.0718128,51.0721551],[-114.0717863,51.0721546],[-114.0719592,51.0721545]]}",POINT (-114.07171525224756 51.07221048990934),505 22 AV NW,a,
BP2023-07014,Completed,2023-05-15,2023,2023-11-08,2024-10-16,2024,Commercial / Multi Family Project,Building,1606 - Ths Townhouse,Townhouse,Residential,New,New,New,PCH 22 Ave BLDG B,FORMED ALLIANCE ARCHITECTURE STUDIO,,PROFESSIONAL CUSTOM HOMES,10,"$1,270,033",101,101,#6B 505 22 AV NW,MOP,MOUNT PLEASANT,51.07221049,-114.0717153,11,Titled Parcel;Building;Building;Building;Building;Building;Building Suite;Building Suite;Building Suite;Building Suite;Building Suite,505 22 AV NW;#10 505 22 AV NW;#7 505 22 AV NW;#8 505 22 AV NW;#6 505 22 AV NW;#9 505 22 AV NW;#6B 505 22 AV NW;#8B 505 22 AV NW;#7B 505 22 AV NW;#9B 505 22 AV NW;#10B 505 22 AV NW,"MULTIPOINT (-114.07171525224756 51.07221048990934,-114.07206026903502 51.072057435001646,-114.07184053978257 51.07205709378436,-114.07191000133214 51.072057051077614,-114.07176277366791 51.07205714154798,-114.07198626993932 51.07205748059187,-114.07178922241036 51.072080912034735,-114.07188739326216 51.07208085170784,-114.07181263787082 51.07208089765321,-114.07196289064231 51.07208080525791,-114.07203387901222 51.0720807615377)","{""type"":""MultiPoint"",""coordinates"":[[-114.0717153,51.0722105],[-114.0720603,51.0720574],[-114.0718405,51.0720571],[-114.07191,51.0720571],[-114.0717628,51.0720571],[-114.0719863,51.0720575],[-114.0717892,51.0720809],[-114.0718874,51.0720809],[-114.0718126,51.0720809],[-114.0719629,51.0720808],[-114.0720339,51.0720808]]}",POINT (-114.07171525224756 51.07221048990934),505 22 AV NW,a,
BP2017-15626,Completed,2017-11-29,2017,2018-05-24,2019-08-01,2019,Commercial / Multi Family Project,Building,1606 - Ths Townhouse,Townhouse,Residential,New,New,New,Part 9 Residential 2 Storey Rowhouse w/ Secondary Suites & 3-Vehicle Garage,J & B HOMES,,J & B HOMES,6,"$660,000",102,102,1828 10 ST NW,MOP,MOUNT PLEASANT,51.0683587,-114.0847054,1,Titled Parcel,1828 10 ST NW,POINT (-114.08470537735887 51.068358704455804),"{""type"":""Point"",""coordinates"":[-114.0847054,51.0683587]}",POINT (-114.08470537735887 51.068358704455804),1828 10 ST NW,a,
BP2020-09480,Completed,2020-07-16,2020,2020-09-30,2022-03-02,2022,Commercial / Multi Family Project,Building,1606 - Ths Townhouse,Townhouse,Residential,New,New,New,175- KBM Group Ltd. 2302- 5 ST NW,KESHVANI GROUP,,,4,"$1,082,625",103,103,540 22 AV NW,MOP,MOUNT PLEASANT,51.07250584,-114.0738198,2,Titled Parcel;Building,2302 5 ST NW;540 22 AV NW,"MULTIPOINT (-114.07381983957832 51.07250583972525,-114.07375928607654 51.072463994973006)","{""type"":""MultiPoint"",""coordinates"":[[-114.0738198,51.0725058],[-114.0737593,51.072464]]}",POINT (-114.07381983957832 51.07250583972525),540 22 AV NW,a,
BP2019-01385,Completed,2019-02-08,2019,2019-04-16,2020-02-12,2020,Commercial / Multi Family Project,Building,1606 - Ths Townhouse,Townhouse,Residential,New,New,New,"9.10.15. Rowhouses,9.10.14 Garage",NEW CENTURY DESIGN,,,4,"$672,500",103,103,2106 6 ST NW,MOP,MOUNT PLEASANT,51.0706524,-114.0762472,5,Titled Parcel;Building;Building;Building;Building,640 20 AV NW;2106 6 ST NW;2104 6 ST NW;2108 6 ST NW;638 20 AV NW,"MULTIPOINT (-114.07624723207297 51.07065240493278,-114.07622006952383 51.07080303598751,-114.07621997984945 51.070748441631736,-114.07621958210342 51.0708537651505,-114.0762240710498 51.07069395242579)","{""type"":""MultiPoint"",""coordinates"":[[-114.0762472,51.0706524],[-114.0762201,51.070803],[-114.07622,51.0707484],[-114.0762196,51.0708538],[-114.0762241,51.070694]]}",POINT (-114.07624723207297 51.07065240493278),2106 6 ST NW,a,
BP2022-11035,Completed,2022-06-23,2022,2022-10-12,2023-11-28,2023,Commercial / Multi Family Project,Building,1606 - Ths Townhouse,Townhouse,Residential,New,New,New,"A new, two storey, 4 unit rowhouse, Part 9, Group C occupancy",YOUR PROPERTY,,YOUR PROPERTY,4,"$797,115",104,104,2707 2 ST NW,MOP,MOUNT PLEASANT,51.07644706,-114.0676397,5,Titled Parcel;Building;Building;Building;Building,2713 2 ST NW;2707 2 ST NW;402 26 AV NW;2709 2 ST NW;2705 2 ST NW,"MULTIPOINT (-114.06763974574925 51.07644706233239,-114.06770837150765 51.07631962078553,-114.06771613114392 51.076209726374564,-114.06770617958882 51.07637242746738,-114.06771621863597 51.07626966954764)","{""type"":""MultiPoint"",""coordinates"":[[-114.0676397,51.0764471],[-114.0677084,51.0763196],[-114.0677161,51.0762097],[-114.0677062,51.0763724],[-114.0677162,51.0762697]]}",POINT (-114.06763974574925 51.07644706233239),2707 2 ST NW,a,
BP2021-17071,Completed,2021-09-29,2021,2021-12-03,2022-09-02,2022,Commercial / Multi Family Project,Building,1606 - Ths Townhouse,Townhouse,Residential,New,New,New,3 Unit Part 9 Rowhouse with Secondary Suites,,EXACT CONTRACTING,EXACT CONTRACTING,3,"$605,522",105,105,1004B 17 AV NW,MOP,MOUNT PLEASANT,51.06825638,-114.0832352,7,Titled Parcel;Building;Building;Building;Building Suite;Building Suite;Building Suite,1004 17 AV NW;1805 9 ST NW;1807 9 ST NW;1004 17 AV NW;1004B 17 AV NW;1805B 9 ST NW;1807B 9 ST NW,"MULTIPOINT (-114.08323515894921 51.068256378991,-114.08330953035869 51.06808561163365,-114.08331229477908 51.06815517195328,-114.08330416288496 51.06802047610004,-114.08325684205157 51.068015538508256,-114.08325521686153 51.06808786179384,-114.08325445606809 51.068156876253745)","{""type"":""MultiPoint"",""coordinates"":[[-114.0832352,51.0682564],[-114.0833095,51.0680856],[-114.0833123,51.0681552],[-114.0833042,51.0680205],[-114.0832568,51.0680155],[-114.0832552,51.0680879],[-114.0832545,51.0681569]]}",POINT (-114.08323515894921 51.068256378991),1004B 17 AV NW,a,
BP2018-12621,Completed,2018-09-18,2018,2018-10-04,2019-07-30,2019,Commercial / Multi Family Project,Building,1606 - Ths Townhouse,Townhouse,Residential,New,New,New,New 10 unit townhouse,AVALON MASTER BUILDER,,,10,"$1,518,296",106,106,#1704 7451 FALCONRIDGE BV NE,MRT,MARTINDALE,51.11815764,-113.9470509,11,Titled Parcel;Building;Building;Building;Building;Building;Building;Building;Building;Building;Building,7451 FALCONRIDGE BV NE;#1712 7451 FALCONRIDGE BV NE;#1716 7451 FALCONRIDGE BV NE;#1736 7451 FALCONRIDGE BV NE;#1728 7451 FALCONRIDGE BV NE;#1732 7451 FALCONRIDGE BV NE;#1740 7451 FALCONRIDGE BV NE;#1708 7451 FALCONRIDGE BV NE;#1704 7451 FALCONRIDGE BV NE;#1720 7451 FALCONRIDGE BV NE;#1724 7451 FALCONRIDGE BV NE,"MULTIPOINT (-113.94705086508411 51.118157637087535,-113.94936291597357 51.11797693588443,-113.94943188739637 51.11797874567361,-113.94976444473195 51.11797651574228,-113.94962933970423 51.117977050942535,-113.94969831435898 51.11797589400121,-113.94983530541151 51.11797475722573,-113.94929394195844 51.11797749931326,-113.94922592426295 51.11797865643158,-113.94949896239856 51.11797758802841,-113.9495632106341 51.11797523350611)","{""type"":""MultiPoint"",""coordinates"":[[-113.9470509,51.1181576],[-113.9493629,51.1179769],[-113.9494319,51.1179787],[-113.9497644,51.1179765],[-113.9496293,51.1179771],[-113.9496983,51.1179759],[-113.9498353,51.1179748],[-113.9492939,51.1179775],[-113.9492259,51.1179787],[-113.949499,51.1179776],[-113.9495632,51.1179752]]}",POINT (-113.94705086508411 51.118157637087535),7451 FALCONRIDGE BV NE,a,
BP2018-04205,Completed,2018-04-17,2018,2018-05-03,2019-05-28,2019,Commercial / Multi Family Project,Building,1606 - Ths Townhouse,Townhouse,Residential,New,New,New,2 unit semi-detached residential,GRAVITY ARCHITECTURE,,,2,"$522,467",107,107,#263 20 SILVERADO CREST PA SW,SVO,SILVERADO,50.8786428,-114.089009,4,Titled Parcel;Titled Parcel;Building;Building,#263 20 SILVERADO CREST PA SW;#261 20 SILVERADO CREST PA SW;#261 20 SILVERADO CREST PA SW;#263 20 SILVERADO CREST PA SW,"MULTIPOINT (-114.08900897994498 50.878642797085334,-114.08919622885384 50.878638159162755,-114.0892059559414 50.87855279175208,-114.08897660929726 50.87855296678941)","{""type"":""MultiPoint"",""coordinates"":[[-114.089009,50.8786428],[-114.0891962,50.8786382],[-114.089206,50.8785528],[-114.0889766,50.878553]]}",POINT (-114.08900897994498 50.878642797085334),20 SILVERADO CREST PA SW,a,
BP2018-16589,Completed,2018-12-21,2018,2019-01-08,2021-12-14,2021,Commercial / Multi Family Project,Building,1606 - Ths Townhouse,Townhouse,Residential,New,New,New,2 unit semi-detached residential,GRAVITY ARCHITECTURE,,STREETSIDE DEVELOPMENT,2,"$522,627",107,107,#254 20 SILVERADO CREST PA SW,SVO,SILVERADO,50.87865592,-114.0894785,4,Titled Parcel;Titled Parcel;Building;Building,#256 20 SILVERADO CREST PA SW;#254 20 SILVERADO CREST PA SW;#254 20 SILVERADO CREST PA SW;#256 20 SILVERADO CREST PA SW,"MULTIPOINT (-114.08947848521797 50.878655923134545,-114.08948242789148 50.87854804020352,-114.08962587946407 50.87853486769337,-114.08962013189661 50.87867949411385)","{""type"":""MultiPoint"",""coordinates"":[[-114.0894785,50.8786559],[-114.0894824,50.878548],[-114.0896259,50.8785349],[-114.0896201,50.8786795]]}",POINT (-114.08947848521797 50.878655923134545),20 SILVERADO CREST PA SW,a,
BP2018-09576,Completed,2018-07-20,2018,2018-07-30,2022-12-21,2022,Commercial / Multi Family Project,Building,1606 - Ths Townhouse,Townhouse,Residential,New,New,New,Semi Detached - Part 9,GRAVITY ARCHITECTURE,,,2,"$495,622",107,107,#127 20 SILVERADO CREST PA SW,SVO,SILVERADO,50.87897567,-114.088688,4,Titled Parcel;Titled Parcel;Building;Building,#125 20 SILVERADO CREST PA SW;#127 20 SILVERADO CREST PA SW;#127 20 SILVERADO CREST PA SW;#125 20 SILVERADO CREST PA SW,"MULTIPOINT (-114.08868802805796 50.878975671073654,-114.08868782039887 50.87883632635709,-114.0885921322524 50.878829656522186,-114.08859617976472 50.87897831195628)","{""type"":""MultiPoint"",""coordinates"":[[-114.088688,50.8789757],[-114.0886878,50.8788363],[-114.0885921,50.8788297],[-114.0885962,50.8789783]]}",POINT (-114.08868802805796 50.878975671073654),20 SILVERADO CREST PA SW,a,
BP2018-05812,Completed,2018-05-16,2018,2018-05-24,2018-12-19,2018,Commercial / Multi Family Project,Building,1606 - Ths Townhouse,Townhouse,Residential,New,New,New,2 unit semi-detached residential,GRAVITY ARCHITECTURE,,STREETSIDE DEVELOPMENT,2,"$495,623",107,107,#105 20 SILVERADO CREST PA SW,SVO,SILVERADO,50.87911101,-114.0880378,5,Titled Parcel;Titled Parcel;Titled Parcel;Building;Building,#105 20 SILVERADO CREST PA SW;20 SILVERADO CREST PA SW;#107 20 SILVERADO CREST PA SW;#105 20 SILVERADO CREST PA SW;#107 20 SILVERADO CREST PA SW,"MULTIPOINT (-114.088037778683 50.87911101315973,-114.08787422986563 50.87894931653921,-114.08803798440566 50.87925035787183,-114.08812588225555 50.87911931636337,-114.08812612183378 50.87924633577149)","{""type"":""MultiPoint"",""coordinates"":[[-114.0880378,50.879111],[-114.0878742,50.8789493],[-114.088038,50.8792504],[-114.0881259,50.8791193],[-114.0881261,50.8792463]]}",POINT (-114.088037778683 50.87911101315973),20 SILVERADO CREST PA SW,a,
BP2021-17402,Completed,2021-10-06,2021,2022-07-11,2024-07-08,2024,Commercial / Multi Family Project,Building,1606 - Ths Townhouse,Townhouse,Residential,New,New,New,New 6 Unit Rowhouse (Bldg #1),ARUP DATTA ARCHITECT,,,6,"$1,266,786",108,108,#108 157 TUSCANY SUMMIT HE NW,TUS,TUSCANY,51.14080677,-114.2547148,7,Titled Parcel;Building;Building;Building;Building;Building;Building,157 TUSCANY SUMMIT HE NW;#110 157 TUSCANY SUMMIT HE NW;#106 157 TUSCANY SUMMIT HE NW;#108 157 TUSCANY SUMMIT HE NW;#104 157 TUSCANY SUMMIT HE NW;#112 157 TUSCANY SUMMIT HE NW;#102 157 TUSCANY SUMMIT HE NW,"MULTIPOINT (-114.25471476034885 51.140806772575004,-114.2556306609608 51.14097173832445,-114.2555138102743 51.14094344266809,-114.25557441971364 51.14096235022819,-114.25544240515877 51.14092593406334,-114.25570207376633 51.14099061321712,-114.25537748843945 51.14091111711914)","{""type"":""MultiPoint"",""coordinates"":[[-114.2547148,51.1408068],[-114.2556307,51.1409717],[-114.2555138,51.1409434],[-114.2555744,51.1409624],[-114.2554424,51.1409259],[-114.2557021,51.1409906],[-114.2553775,51.1409111]]}",POINT (-114.25471476034885 51.140806772575004),157 TUSCANY SUMMIT HE NW,a,
BP2021-18199,Completed,2021-10-20,2021,2022-07-11,2024-07-08,2024,Commercial / Multi Family Project,Building,1606 - Ths Townhouse,Townhouse,Residential,New,New,New,New 5 Unit Rowhouse (Bldg #2),ARUP DATTA ARCHITECT,,,5,"$1,066,517",108,108,#124 157 TUSCANY SUMMIT HE NW,TUS,TUSCANY,51.14080677,-114.2547148,6,Titled Parcel;Building;Building;Building;Building;Building,157 TUSCANY SUMMIT HE NW;#120 157 TUSCANY SUMMIT HE NW;#124 157 TUSCANY SUMMIT HE NW;#122 157 TUSCANY SUMMIT HE NW;#118 157 TUSCANY SUMMIT HE NW;#126 157 TUSCANY SUMMIT HE NW,"MULTIPOINT (-114.25471476034885 51.140806772575004,-114.2558881647725 51.141035064366136,-114.25601367647036 51.14106605555153,-114.25595523213293 51.14104851889053,-114.25582108249596 51.141018903965374,-114.25608074464174 51.14108222486231)","{""type"":""MultiPoint"",""coordinates"":[[-114.2547148,51.1408068],[-114.2558882,51.1410351],[-114.2560137,51.1410661],[-114.2559552,51.1410485],[-114.2558211,51.1410189],[-114.2560807,51.1410822]]}",POINT (-114.25471476034885 51.140806772575004),157 TUSCANY SUMMIT HE NW,a,
BP2021-18201,Completed,2021-10-20,2021,2022-07-11,2024-10-02,2024,Commercial / Multi Family Project,Building,1606 - Ths Townhouse,Townhouse,Residential,New,New,New,New 4 Unit Rowhouse (Bldg #3),ARUP DATTA ARCHITECT,,,4,"$851,387",108,108,#204 157 TUSCANY SUMMIT HE NW,TUS,TUSCANY,51.14080677,-114.2547148,5,Titled Parcel;Building;Building;Building;Building,157 TUSCANY SUMMIT HE NW;#202 157 TUSCANY SUMMIT HE NW;#204 157 TUSCANY SUMMIT HE NW;#208 157 TUSCANY SUMMIT HE NW;#206 157 TUSCANY SUMMIT HE NW,"MULTIPOINT (-114.25471476034885 51.140806772575004,-114.25642727801582 51.1412228451406,-114.2564465236083 51.14118609839725,-114.2565022606086 51.141104413511734,-114.25647657178493 51.141146613103324)","{""type"":""MultiPoint"",""coordinates"":[[-114.2547148,51.1408068],[-114.2564273,51.1412228],[-114.2564465,51.1411861],[-114.2565023,51.1411044],[-114.2564766,51.1411466]]}",POINT (-114.25471476034885 51.140806772575004),157 TUSCANY SUMMIT HE NW,a,
BP2021-18204,Completed,2021-10-20,2021,2022-07-11,2024-10-02,2024,Commercial / Multi Family Project,Building,1606 - Ths Townhouse,Townhouse,Residential,New,New,New,New 4 Unit Rowhouse (Bldg #4),ARUP DATTA ARCHITECT,,,4,"$851,387",108,108,#204 157 TUSCANY SUMMIT HE NW,TUS,TUSCANY,51.14080677,-114.2547148,5,Titled Parcel;Building;Building;Building;Building,157 TUSCANY SUMMIT HE NW;#204 157 TUSCANY SUMMIT HE NW;#202 157 TUSCANY SUMMIT HE NW;#208 157 TUSCANY SUMMIT HE NW;#206 157 TUSCANY SUMMIT HE NW,"MULTIPOINT (-114.25471476034885 51.140806772575004,-114.2564465236083 51.14118609839725,-114.25642727801582 51.1412228451406,-114.2565022606086 51.141104413511734,-114.25647657178493 51.141146613103324)","{""type"":""MultiPoint"",""coordinates"":[[-114.2547148,51.1408068],[-114.2564465,51.1411861],[-114.2564273,51.1412228],[-114.2565023,51.1411044],[-114.2564766,51.1411466]]}",POINT (-114.25471476034885 51.140806772575004),157 TUSCANY SUMMIT HE NW,a,
BP2022-10932,Completed,2022-06-22,2022,2022-10-04,2024-07-08,2024,Commercial / Multi Family Project,Building,1606 - Ths Townhouse,Townhouse,Residential,New,New,New,New 6 Unit Rowhouse (Bldg 5),ARUP DATTA ARCHITECT,,REGAL DEVELOPMENTS,6,"$1,377,134",108,108,#221 157 TUSCANY SUMMIT HE NW,TUS,TUSCANY,51.14080677,-114.2547148,7,Titled Parcel;Building;Building;Building;Building;Building;Building,157 TUSCANY SUMMIT HE NW;#221 157 TUSCANY SUMMIT HE NW;#223 157 TUSCANY SUMMIT HE NW;#229 157 TUSCANY SUMMIT HE NW;#225 157 TUSCANY SUMMIT HE NW;#227 157 TUSCANY SUMMIT HE NW;#231 157 TUSCANY SUMMIT HE NW,"MULTIPOINT (-114.25471476034885 51.140806772575004,-114.25610983853231 51.140872811280914,-114.25611177749164 51.14083067276403,-114.25605914495678 51.140693480794546,-114.25605535580155 51.14078865303329,-114.25605294229702 51.140742433775394,-114.2560546188155 51.14065542872109)","{""type"":""MultiPoint"",""coordinates"":[[-114.2547148,51.1408068],[-114.2561098,51.1408728],[-114.2561118,51.1408307],[-114.2560591,51.1406935],[-114.2560554,51.1407887],[-114.2560529,51.1407424],[-114.2560546,51.1406554]]}",POINT (-114.25471476034885 51.140806772575004),157 TUSCANY SUMMIT HE NW,a,
BP2022-10937,Completed,2022-06-22,2022,2022-10-04,2024-11-20,2024,Commercial / Multi Family Project,Building,1606 - Ths Townhouse,Townhouse,Residential,New,New,New,New 5 Unit Rowhouse (Bldg 6),ARUP DATTA ARCHITECT,,REGAL DEVELOPMENTS,5,"$1,104,302",108,108,#226 157 TUSCANY SUMMIT HE NW,TUS,TUSCANY,51.14080677,-114.2547148,6,Titled Parcel;Building;Building;Building;Building;Building,157 TUSCANY SUMMIT HE NW;#234 157 TUSCANY SUMMIT HE NW;#226 157 TUSCANY SUMMIT HE NW;#230 157 TUSCANY SUMMIT HE NW;#232 157 TUSCANY SUMMIT HE NW;#228 157 TUSCANY SUMMIT HE NW,"MULTIPOINT (-114.25471476034885 51.140806772575004,-114.25652561312044 51.140638089545504,-114.25652653221162 51.14080392773861,-114.2565282078417 51.14071692267969,-114.25652583158316 51.14067750847899,-114.25652630622439 51.14076315139235)","{""type"":""MultiPoint"",""coordinates"":[[-114.2547148,51.1408068],[-114.2565256,51.1406381],[-114.2565265,51.1408039],[-114.2565282,51.1407169],[-114.2565258,51.1406775],[-114.2565263,51.1407632]]}",POINT (-114.25471476034885 51.140806772575004),157 TUSCANY SUMMIT HE NW,a,
BP2022-11055,Completed,2022-06-24,2022,2022-10-25,2024-07-09,2024,Commercial / Multi Family Project,Building,1606 - Ths Townhouse,Townhouse,Residential,New,New,New,New 8 Unit Rowhouse (Bldg 7),ARUP DATTA ARCHITECT,,REGAL DEVELOPMENTS,8,"$1,876,402",108,108,#239 157 TUSCANY SUMMIT HE NW,TUS,TUSCANY,51.14080677,-114.2547148,9,Titled Parcel;Building;Building;Building;Building;Building;Building;Building;Building,157 TUSCANY SUMMIT HE NW;#247 157 TUSCANY SUMMIT HE NW;#241 157 TUSCANY SUMMIT HE NW;#243 157 TUSCANY SUMMIT HE NW;#245 157 TUSCANY SUMMIT HE NW;#249 157 TUSCANY SUMMIT HE NW;#239 157 TUSCANY SUMMIT HE NW;#251 157 TUSCANY SUMMIT HE NW;#253 157 TUSCANY SUMMIT HE NW,"MULTIPOINT (-114.25471476034885 51.140806772575004,-114.25611371618865 51.14040109131225,-114.2561057928298 51.14053161074314,-114.25611201725663 51.14048402412977,-114.25610530394952 51.14044325299601,-114.25611346798644 51.14035623373099,-114.25611251366117 51.140573739289984,-114.256113197203 51.1403072949185,-114.25611514437978 51.14026922867021)","{""type"":""MultiPoint"",""coordinates"":[[-114.2547148,51.1408068],[-114.2561137,51.1404011],[-114.2561058,51.1405316],[-114.256112,51.140484],[-114.2561053,51.1404433],[-114.2561135,51.1403562],[-114.2561125,51.1405737],[-114.2561132,51.1403073],[-114.2561151,51.1402692]]}",POINT (-114.25471476034885 51.140806772575004),157 TUSCANY SUMMIT HE NW,a,
BP2022-11057,Completed,2022-06-24,2022,2022-10-18,2024-11-20,2024,Commercial / Multi Family Project,Building,1606 - Ths Townhouse,Townhouse,Residential,New,New,New,New 8 Unit Rowhouse (Bldg 8),ARUP DATTA ARCHITECT,,REGAL DEVELOPMENTS,8,"$1,765,668",108,108,#240 157 TUSCANY SUMMIT HE NW,TUS,TUSCANY,51.14080677,-114.2547148,9,Titled Parcel;Building;Building;Building;Building;Building;Building;Building;Building,157 TUSCANY SUMMIT HE NW;#250 157 TUSCANY SUMMIT HE NW;#252 157 TUSCANY SUMMIT HE NW;#248 157 TUSCANY SUMMIT HE NW;#242 157 TUSCANY SUMMIT HE NW;#254 157 TUSCANY SUMMIT HE NW;#240 157 TUSCANY SUMMIT HE NW;#246 157 TUSCANY SUMMIT HE NW;#244 157 TUSCANY SUMMIT HE NW,"MULTIPOINT (-114.25471476034885 51.140806772575004,-114.2565174831315 51.14034175608897,-114.25651508428527 51.14029826065471,-114.25651556642269 51.14038526098746,-114.25652491997164 51.14051301870648,-114.25651701603627 51.1402574705831,-114.2565230108359 51.140557890006995,-114.25651149268342 51.140431485476604,-114.25652253620424 51.140472247090585)","{""type"":""MultiPoint"",""coordinates"":[[-114.2547148,51.1408068],[-114.2565175,51.1403418],[-114.2565151,51.1402983],[-114.2565156,51.1403853],[-114.2565249,51.140513],[-114.256517,51.1402575],[-114.256523,51.1405579],[-114.2565115,51.1404315],[-114.2565225,51.1404722]]}",POINT (-114.25471476034885 51.140806772575004),157 TUSCANY SUMMIT HE NW,a,
BP2022-11306,Completed,2022-06-28,2022,2022-10-04,2024-11-20,2024,Commercial / Multi Family Project,Building,1606 - Ths Townhouse,Townhouse,Residential,New,New,New,New 8 Unit Rowhouse (Bldg 9),ARUP DATTA ARCHITECT,,REGAL DEVELOPMENTS,8,"$1,798,043",108,108,#302 157 TUSCANY SUMMIT HE NW,TUS,TUSCANY,51.14080677,-114.2547148,9,Titled Parcel;Building;Building;Building;Building;Building;Building;Building;Building,157 TUSCANY SUMMIT HE NW;#308 157 TUSCANY SUMMIT HE NW;#310 157 TUSCANY SUMMIT HE NW;#304 157 TUSCANY SUMMIT HE NW;#312 157 TUSCANY SUMMIT HE NW;#302 157 TUSCANY SUMMIT HE NW;#306 157 TUSCANY SUMMIT HE NW;#316 157 TUSCANY SUMMIT HE NW;#314 157 TUSCANY SUMMIT HE NW,"MULTIPOINT (-114.25471476034885 51.140806772575004,-114.2563407369758 51.140033557429845,-114.25627158851486 51.14003370895692,-114.25648335619114 51.140031887344676,-114.25620459781686 51.140033855716645,-114.25654603211488 51.14003446474995,-114.25641204997005 51.14003204368641,-114.25605766232874 51.14003282005055,-114.25612681078951 51.140032668649944)","{""type"":""MultiPoint"",""coordinates"":[[-114.2547148,51.1408068],[-114.2563407,51.1400336],[-114.2562716,51.1400337],[-114.2564834,51.1400319],[-114.2562046,51.1400339],[-114.256546,51.1400345],[-114.256412,51.140032],[-114.2560577,51.1400328],[-114.2561268,51.1400327]]}",POINT (-114.25471476034885 51.140806772575004),157 TUSCANY SUMMIT HE NW,a,
BP2022-11540,Completed,2022-06-30,2022,2022-10-11,2024-07-09,2024,Commercial / Multi Family Project,Building,1606 - Ths Townhouse,Townhouse,Residential,New,New,New,New 7 Unit Rowhouse (Bldg 11),ARUP DATTA ARCHITECT,,REGAL DEVELOPMENTS,7,"$1,554,507",108,108,#336 157 TUSCANY SUMMIT HE NW,TUS,TUSCANY,51.14080677,-114.2547148,8,Titled Parcel;Building;Building;Building;Building;Building;Building;Building,157 TUSCANY SUMMIT HE NW;#336 157 TUSCANY SUMMIT HE NW;#342 157 TUSCANY SUMMIT HE NW;#344 157 TUSCANY SUMMIT HE NW;#340 157 TUSCANY SUMMIT HE NW;#348 157 TUSCANY SUMMIT HE NW;#338 157 TUSCANY SUMMIT HE NW;#346 157 TUSCANY SUMMIT HE NW,"MULTIPOINT (-114.25471476034885 51.140806772575004,-114.25547187090554 51.14000146873646,-114.25525342019615 51.13996525010577,-114.25518642205893 51.13996402987873,-114.25533126635536 51.13997459119558,-114.25505024564552 51.139957530762246,-114.25540269252873 51.13999619009402,-114.25512158854332 51.13996145645117)","{""type"":""MultiPoint"",""coordinates"":[[-114.2547148,51.1408068],[-114.2554719,51.1400015],[-114.2552534,51.1399653],[-114.2551864,51.139964],[-114.2553313,51.1399746],[-114.2550502,51.1399575],[-114.2554027,51.1399962],[-114.2551216,51.1399615]]}",POINT (-114.25471476034885 51.140806772575004),157 TUSCANY SUMMIT HE NW,a,
BP2022-16505,Completed,2022-09-27,2022,2022-10-18,2024-07-09,2024,Commercial / Multi Family Project,Building,1606 - Ths Townhouse,Townhouse,Residential,New,New,New,New 6 Unit Rowhouse (Bldg #12),ARUP DATTA ARCHITECT,,REGAL DEVELOPMENTS,6,"$1,253,974",108,108,#402 157 TUSCANY SUMMIT HE NW,TUS,TUSCANY,51.14080677,-114.2547148,7,Titled Parcel;Building;Building;Building;Building;Building;Building,157 TUSCANY SUMMIT HE NW;#412 157 TUSCANY SUMMIT HE NW;#402 157 TUSCANY SUMMIT HE NW;#410 157 TUSCANY SUMMIT HE NW;#406 157 TUSCANY SUMMIT HE NW;#408 157 TUSCANY SUMMIT HE NW;#404 157 TUSCANY SUMMIT HE NW,"MULTIPOINT (-114.25471476034885 51.140806772575004,-114.25528412295876 51.14043825203515,-114.25531099480354 51.14021660863014,-114.25528817609842 51.140390661214894,-114.25530065653149 51.14030091772543,-114.25529439381125 51.140341708239376,-114.25530473964011 51.1402587655486)","{""type"":""MultiPoint"",""coordinates"":[[-114.2547148,51.1408068],[-114.2552841,51.1404383],[-114.255311,51.1402166],[-114.2552882,51.1403907],[-114.2553007,51.1403009],[-114.2552944,51.1403417],[-114.2553047,51.1402588]]}",POINT (-114.25471476034885 51.140806772575004),157 TUSCANY SUMMIT HE NW,a,
BP2022-16512,Completed,2022-09-27,2022,2022-10-18,2024-07-09,2024,Commercial / Multi Family Project,Building,1606 - Ths Townhouse,Townhouse,Residential,New,New,New,New 6 Unit Rowhouse (Bldg #13),ARUP DATTA ARCHITECT,,REGAL DEVELOPMENTS,6,"$1,310,634",108,108,#401 157 TUSCANY SUMMIT HE NW,TUS,TUSCANY,51.14080677,-114.2547148,7,Titled Parcel;Building;Building;Building;Building;Building;Building,157 TUSCANY SUMMIT HE NW;#407 157 TUSCANY SUMMIT HE NW;#405 157 TUSCANY SUMMIT HE NW;#411 157 TUSCANY SUMMIT HE NW;#401 157 TUSCANY SUMMIT HE NW;#403 157 TUSCANY SUMMIT HE NW;#409 157 TUSCANY SUMMIT HE NW,"MULTIPOINT (-114.25471476034885 51.140806772575004,-114.25575704022944 51.140378759501864,-114.25576330325775 51.140340683822885,-114.25574674778446 51.14047122210542,-114.2557714679203 51.140253664579326,-114.25576738523719 51.140295816771875,-114.25574650743721 51.14042772193722)","{""type"":""MultiPoint"",""coordinates"":[[-114.2547148,51.1408068],[-114.255757,51.1403788],[-114.2557633,51.1403407],[-114.2557467,51.1404712],[-114.2557715,51.1402537],[-114.2557674,51.1402958],[-114.2557465,51.1404277]]}",POINT (-114.25471476034885 51.140806772575004),157 TUSCANY SUMMIT HE NW,a,
BP2022-16548,Completed,2022-09-27,2022,2022-10-17,2024-07-09,2024,Commercial / Multi Family Project,Building,1606 - Ths Townhouse,Townhouse,Residential,New,New,New,New 6 Unit Rowhouse (Bldg #15),ARUP DATTA ARCHITECT,,REGAL DEVELOPMENTS,6,"$1,310,634",108,108,#417 157 TUSCANY SUMMIT HE NW,TUS,TUSCANY,51.14080677,-114.2547148,7,Titled Parcel;Building;Building;Building;Building;Building;Building,157 TUSCANY SUMMIT HE NW;#423 157 TUSCANY SUMMIT HE NW;#421 157 TUSCANY SUMMIT HE NW;#427 157 TUSCANY SUMMIT HE NW;#419 157 TUSCANY SUMMIT HE NW;#425 157 TUSCANY SUMMIT HE NW;#417 157 TUSCANY SUMMIT HE NW,"MULTIPOINT (-114.25471476034885 51.140806772575004,-114.25572409583079 51.14067518281555,-114.25572814782893 51.140624877123834,-114.25570732986272 51.14076765956397,-114.25573443346225 51.140590882678744,-114.25571136009776 51.140715996491096,-114.25573850794143 51.140544649227316)","{""type"":""MultiPoint"",""coordinates"":[[-114.2547148,51.1408068],[-114.2557241,51.1406752],[-114.2557281,51.1406249],[-114.2557073,51.1407677],[-114.2557344,51.1405909],[-114.2557114,51.140716],[-114.2557385,51.1405446]]}",POINT (-114.25471476034885 51.140806772575004),157 TUSCANY SUMMIT HE NW,a,
BP2022-11318,Completed,2022-06-28,2022,2022-10-04,2025-07-09,2025,Commercial / Multi Family Project,Building,1606 - Ths Townhouse,Townhouse,Residential,New,New,New,New 5 Unit Rowhouse (Bldg 10),ARUP DATTA ARCHITECT,,REGAL DEVELOPMENTS,5,"$1,124,916",108,108,#324 157 TUSCANY SUMMIT HE NW,TUS,TUSCANY,51.14080677,-114.2547148,6,Titled Parcel;Building;Building;Building;Building;Building,157 TUSCANY SUMMIT HE NW;#326 157 TUSCANY SUMMIT HE NW;#328 157 TUSCANY SUMMIT HE NW;#322 157 TUSCANY SUMMIT HE NW;#330 157 TUSCANY SUMMIT HE NW;#324 157 TUSCANY SUMMIT HE NW,"MULTIPOINT (-114.2547147603509 51.14080677320738,-114.25579181148053 51.14002252496122,-114.25571183059063 51.140019975996466,-114.25592583114326 51.14003174279424,-114.25564483170874 51.14001605016258,-114.2558523371439 51.140026473860544)","{""type"":""MultiPoint"",""coordinates"":[[-114.2547148,51.1408068],[-114.2557918,51.1400225],[-114.2557118,51.14002],[-114.2559258,51.1400317],[-114.2556448,51.1400161],[-114.2558523,51.1400265]]}",POINT (-114.2547147603509 51.14080677320738),157 TUSCANY SUMMIT HE NW,a,
BP2022-16520,Completed,2022-09-27,2022,2022-10-18,2025-07-09,2025,Commercial / Multi Family Project,Building,1606 - Ths Townhouse,Townhouse,Residential,New,New,New,New 5 Unit Rowhouse (Bldg #14),ARUP DATTA ARCHITECT,,REGAL DEVELOPMENTS,5,"$1,058,617",108,108,#418 157 TUSCANY SUMMIT HE NW,TUS,TUSCANY,51.14080677,-114.2547148,6,Titled Parcel;Building;Building;Building;Building;Building,157 TUSCANY SUMMIT HE NW;#426 157 TUSCANY SUMMIT HE NW;#418 157 TUSCANY SUMMIT HE NW;#424 157 TUSCANY SUMMIT HE NW;#422 157 TUSCANY SUMMIT HE NW;#420 157 TUSCANY SUMMIT HE NW,"MULTIPOINT (-114.2547147603509 51.14080677320738,-114.25527469170787 51.140687042556166,-114.25529963907847 51.14051026148682,-114.25527872990547 51.14063673691061,-114.25527420441136 51.14059868480567,-114.25529121859147 51.14055106569849)","{""type"":""MultiPoint"",""coordinates"":[[-114.2547148,51.1408068],[-114.2552747,51.140687],[-114.2552996,51.1405103],[-114.2552787,51.1406367],[-114.2552742,51.1405987],[-114.2552912,51.1405511]]}",POINT (-114.2547147603509 51.14080677320738),157 TUSCANY SUMMIT HE NW,a,
BP2018-15457,Completed,2018-11-26,2018,2018-12-31,2022-09-28,2022,Commercial / Multi Family Project,Building,1606 - Ths Townhouse,Townhouse,Residential,New,New,New,New - Part 9 Group C - 6 unit - Tuscan Rise BLDG 1,ROCKFORD TUSCANY,,,6,"$909,953",109,109,10 TUSCANY SUMMIT SQ NW,TUS,TUSCANY,51.14108073,-114.2548184,12,Titled Parcel;Titled Parcel;Titled Parcel;Titled Parcel;Titled Parcel;Titled Parcel;Building;Building;Building;Building;Building;Building,8 TUSCANY SUMMIT SQ NW;10 TUSCANY SUMMIT SQ NW;6 TUSCANY SUMMIT SQ NW;12 TUSCANY SUMMIT SQ NW;4 TUSCANY SUMMIT SQ NW;14 TUSCANY SUMMIT SQ NW;6 TUSCANY SUMMIT SQ NW;10 TUSCANY SUMMIT SQ NW;12 TUSCANY SUMMIT SQ NW;4 TUSCANY SUMMIT SQ NW;8 TUSCANY SUMMIT SQ NW;14 TUSCANY SUMMIT SQ NW,"MULTIPOINT (-114.25481841515462 51.14108072969321,-114.25489170830754 51.1410985492001,-114.25474516108581 51.1410674048567,-114.2549649872266 51.14111636869209,-114.25466090091238 51.14104061953346,-114.25505000890517 51.14113865733423,-114.25480732548297 51.14096644206121,-114.25495875166733 51.14100131536691,-114.25501630514984 51.14101545639804,-114.25473311221644 51.14094757272156,-114.2548709340901 51.1409824757685,-114.25510410709315 51.14103143722762)","{""type"":""MultiPoint"",""coordinates"":[[-114.2548184,51.1410807],[-114.2548917,51.1410985],[-114.2547452,51.1410674],[-114.254965,51.1411164],[-114.2546609,51.1410406],[-114.25505,51.1411387],[-114.2548073,51.1409664],[-114.2549588,51.1410013],[-114.2550163,51.1410155],[-114.2547331,51.1409476],[-114.2548709,51.1409825],[-114.2551041,51.1410314]]}",POINT (-114.25481841515462 51.14108072969321),10 TUSCANY SUMMIT SQ NW,a,
BP2019-06762,Completed,2019-06-03,2019,2019-06-20,2022-06-17,2022,Commercial / Multi Family Project,Building,1606 - Ths Townhouse,Townhouse,Residential,New,New,New,New - Part 9 Group C - 8 unit Townhouse - Tuscan Rise Block 11,ROCKFORD TUSCANY,,ROCKFORD TUSCANY,8,"$1,100,213",109,109,9 TUSCANY SUMMIT SQ NW,TUS,TUSCANY,51.14140433,-114.2548307,16,Titled Parcel;Titled Parcel;Titled Parcel;Titled Parcel;Titled Parcel;Titled Parcel;Titled Parcel;Titled Parcel;Building;Building;Building;Building;Building;Building;Building;Building,133 TUSCANY SUMMIT SQ NW;15 TUSCANY SUMMIT SQ NW;13 TUSCANY SUMMIT SQ NW;11 TUSCANY SUMMIT SQ NW;137 TUSCANY SUMMIT SQ NW;139 TUSCANY SUMMIT SQ NW;9 TUSCANY SUMMIT SQ NW;135 TUSCANY SUMMIT SQ NW;137 TUSCANY SUMMIT SQ NW;11 TUSCANY SUMMIT SQ NW;135 TUSCANY SUMMIT SQ NW;9 TUSCANY SUMMIT SQ NW;133 TUSCANY SUMMIT SQ NW;13 TUSCANY SUMMIT SQ NW;15 TUSCANY SUMMIT SQ NW;139 TUSCANY SUMMIT SQ NW,"MULTIPOINT (-114.25483070013105 51.141404328623395,-114.25498787316256 51.14124217324062,-114.25488897937525 51.14121541998307,-114.2547991094229 51.14119763658717,-114.25465163621458 51.14134628619581,-114.2545453192056 51.14131055920701,-114.2546990726252 51.141170885658966,-114.25473679722484 51.141373069562825,-114.25468819475 51.14130540279057,-114.2547453139331 51.14124058023131,-114.25477606377328 51.14133089471933,-114.25465139510497 51.14121414855288,-114.25486542817036 51.14135543941536,-114.25483163287704 51.14126227289263,-114.25491648811564 51.14129062997578,-114.25460639006499 51.1412808415035)","{""type"":""MultiPoint"",""coordinates"":[[-114.2548307,51.1414043],[-114.2549879,51.1412422],[-114.254889,51.1412154],[-114.2547991,51.1411976],[-114.2546516,51.1413463],[-114.2545453,51.1413106],[-114.2546991,51.1411709],[-114.2547368,51.1413731],[-114.2546882,51.1413054],[-114.2547453,51.1412406],[-114.2547761,51.1413309],[-114.2546514,51.1412141],[-114.2548654,51.1413554],[-114.2548316,51.1412623],[-114.2549165,51.1412906],[-114.2546064,51.1412808]]}",POINT (-114.25483070013105 51.141404328623395),9 TUSCANY SUMMIT SQ NW,a,
BP2020-06145,Completed,2020-05-20,2020,2020-06-12,2021-05-25,2021,Commercial / Multi Family Project,Building,1606 - Ths Townhouse,Townhouse,Residential,New,New,New,New - Group C- Tuscan Rise Building 2,ROCKFORD TUSCANY,,ROCKFORD TUSCANY,6,"$1,016,911",109,109,20 TUSCANY SUMMIT SQ NW,TUS,TUSCANY,51.14120104,-114.2553013,12,Titled Parcel;Titled Parcel;Titled Parcel;Titled Parcel;Titled Parcel;Titled Parcel;Building;Building;Building;Building;Building;Building,24 TUSCANY SUMMIT SQ NW;30 TUSCANY SUMMIT SQ NW;26 TUSCANY SUMMIT SQ NW;22 TUSCANY SUMMIT SQ NW;20 TUSCANY SUMMIT SQ NW;28 TUSCANY SUMMIT SQ NW;22 TUSCANY SUMMIT SQ NW;24 TUSCANY SUMMIT SQ NW;26 TUSCANY SUMMIT SQ NW;28 TUSCANY SUMMIT SQ NW;20 TUSCANY SUMMIT SQ NW;30 TUSCANY SUMMIT SQ NW,"MULTIPOINT (-114.25530127702977 51.14120103637596,-114.25553402949019 51.14125896052917,-114.25537578522444 51.14121885292734,-114.25523169900464 51.14118320901898,-114.25514670573747 51.14116092044697,-114.25544906451941 51.14123667211515,-114.25529947268235 51.14107858394416,-114.25535702258833 51.14109463061124,-114.25544332433205 51.141110614461375,-114.25551145812764 51.14112569402914,-114.25521163532608 51.141058800736474,-114.25559476725039 51.14114834560068)","{""type"":""MultiPoint"",""coordinates"":[[-114.2553013,51.141201],[-114.255534,51.141259],[-114.2553758,51.1412189],[-114.2552317,51.1411832],[-114.2551467,51.1411609],[-114.2554491,51.1412367],[-114.2552995,51.1410786],[-114.255357,51.1410946],[-114.2554433,51.1411106],[-114.2555115,51.1411257],[-114.2552116,51.1410588],[-114.2555948,51.1411483]]}",POINT (-114.25530127702977 51.14120103637596),20 TUSCANY SUMMIT SQ NW,a,
BP2021-06693,Completed,2021-04-23,2021,2021-06-08,2022-02-09,2022,Commercial / Multi Family Project,Building,1606 - Ths Townhouse,Townhouse,Residential,New,New,New,4 Plex Rowhouse,ROCKFORD TUSCANY,,ROCKFORD TUSCANY,4,"$713,284",109,109,162 TUSCANY SUMMIT SQ NW,TUS,TUSCANY,51.14114931,-114.2542866,8,Titled Parcel;Titled Parcel;Titled Parcel;Titled Parcel;Building;Building;Building;Building,162 TUSCANY SUMMIT SQ NW;168 TUSCANY SUMMIT SQ NW;164 TUSCANY SUMMIT SQ NW;166 TUSCANY SUMMIT SQ NW;162 TUSCANY SUMMIT SQ NW;168 TUSCANY SUMMIT SQ NW;166 TUSCANY SUMMIT SQ NW;164 TUSCANY SUMMIT SQ NW,"MULTIPOINT (-114.25428664894933 51.14114930900673,-114.25433796180972 51.14098738458811,-114.25430370087857 51.14109533431739,-114.25431907305416 51.141050352880235,-114.25410642694142 51.141122093608715,-114.25414498036208 51.14098120569582,-114.25412860780295 51.141028805258486,-114.25411678611333 51.14108020652293)","{""type"":""MultiPoint"",""coordinates"":[[-114.2542866,51.1411493],[-114.254338,51.1409874],[-114.2543037,51.1410953],[-114.2543191,51.1410504],[-114.2541064,51.1411221],[-114.254145,51.1409812],[-114.2541286,51.1410288],[-114.2541168,51.1410802]]}",POINT (-114.25428664894933 51.14114930900673),162 TUSCANY SUMMIT SQ NW,a,
BP2021-14279,Completed,2021-08-13,2021,2021-10-04,2022-08-29,2022,Commercial / Multi Family Project,Building,1606 - Ths Townhouse,Townhouse,Residential,New,New,New,6 Plex Rowhouse,ROCKFORD TUSCANY,,ROCKFORD TUSCANY,6,"$1,089,740",109,109,130 TUSCANY SUMMIT SQ NW,TUS,TUSCANY,51.14146804,-114.2544709,12,Titled Parcel;Titled Parcel;Titled Parcel;Titled Parcel;Titled Parcel;Titled Parcel;Building;Building;Building;Building;Building;Building,138 TUSCANY SUMMIT SQ NW;136 TUSCANY SUMMIT SQ NW;132 TUSCANY SUMMIT SQ NW;130 TUSCANY SUMMIT SQ NW;134 TUSCANY SUMMIT SQ NW;140 TUSCANY SUMMIT SQ NW;130 TUSCANY SUMMIT SQ NW;138 TUSCANY SUMMIT SQ NW;134 TUSCANY SUMMIT SQ NW;136 TUSCANY SUMMIT SQ NW;140 TUSCANY SUMMIT SQ NW;132 TUSCANY SUMMIT SQ NW,"MULTIPOINT (-114.25447086034717 51.141468039265845,-114.25452501930287 51.141485900628744,-114.25463339450063 51.14152162315457,-114.25469771397862 51.14153946231753,-114.25457920688086 51.14150376190427,-114.25440740234666 51.14144570330315,-114.25462488185148 51.141618549596934,-114.25440672616577 51.14155147643308,-114.2545158065496 51.141585489509296,-114.25444917150512 51.14156755639819,-114.25434158122042 51.14153163422394,-114.25455824147666 51.1415996636618)","{""type"":""MultiPoint"",""coordinates"":[[-114.2544709,51.141468],[-114.254525,51.1414859],[-114.2546334,51.1415216],[-114.2546977,51.1415395],[-114.2545792,51.1415038],[-114.2544074,51.1414457],[-114.2546249,51.1416185],[-114.2544067,51.1415515],[-114.2545158,51.1415855],[-114.2544492,51.1415676],[-114.2543416,51.1415316],[-114.2545582,51.1415997]]}",POINT (-114.25447086034717 51.141468039265845),130 TUSCANY SUMMIT SQ NW,a,
BP2022-12734,Completed,2022-07-22,2022,2022-08-30,2024-05-31,2024,Commercial / Multi Family Project,Building,1606 - Ths Townhouse,Townhouse,Residential,New,New,New,7 unit rowhouse,ROCKFORD TUSCANY,,ROCKFORD TUSCANY,7,"$1,237,325",109,109,92 TUSCANY SUMMIT SQ NW,TUS,TUSCANY,51.14172191,-114.2555413,14,Titled Parcel;Titled Parcel;Titled Parcel;Titled Parcel;Titled Parcel;Titled Parcel;Titled Parcel;Building;Building;Building;Building;Building;Building;Building,94 TUSCANY SUMMIT SQ NW;100 TUSCANY SUMMIT SQ NW;104 TUSCANY SUMMIT SQ NW;92 TUSCANY SUMMIT SQ NW;96 TUSCANY SUMMIT SQ NW;98 TUSCANY SUMMIT SQ NW;102 TUSCANY SUMMIT SQ NW;94 TUSCANY SUMMIT SQ NW;102 TUSCANY SUMMIT SQ NW;100 TUSCANY SUMMIT SQ NW;92 TUSCANY SUMMIT SQ NW;104 TUSCANY SUMMIT SQ NW;98 TUSCANY SUMMIT SQ NW;96 TUSCANY SUMMIT SQ NW,"MULTIPOINT (-114.2555413012282 51.14172190916365,-114.25535905349392 51.14170882278659,-114.25523245914141 51.1417046042984,-114.25561046650549 51.14172175803354,-114.25548054244521 51.14171754709035,-114.25541981225423 51.14171318492305,-114.2552983195369 51.14170895536544,-114.25552282399337 51.14181258269718,-114.2552853173625 51.14180262842746,-114.25535187436148 51.14180629473426,-114.2555984553639 51.141816220049826,-114.25523387585457 51.14180084388495,-114.25539878205707 51.141809994920315,-114.2554774572638 51.14181362570483)","{""type"":""MultiPoint"",""coordinates"":[[-114.2555413,51.1417219],[-114.2553591,51.1417088],[-114.2552325,51.1417046],[-114.2556105,51.1417218],[-114.2554805,51.1417175],[-114.2554198,51.1417132],[-114.2552983,51.141709],[-114.2555228,51.1418126],[-114.2552853,51.1418026],[-114.2553519,51.1418063],[-114.2555985,51.1418162],[-114.2552339,51.1418008],[-114.2553988,51.14181],[-114.2554775,51.1418136]]}",POINT (-114.2555413012282 51.14172190916365),92 TUSCANY SUMMIT SQ NW,a,
BP2018-14237,Completed,2018-10-25,2018,2019-02-15,2020-12-29,2020,Commercial / Multi Family Project,Building,1606 - Ths Townhouse,Townhouse,Residential,New,New,New,Part 9 Group C (9.10.15/9.10.14) 5 Unit Rowhouse,CAMBRIDGE HOMES,,CAMBRIDGE HOMES,5,"$1,232,218",110,110,2828 1 ST NW,TUX,TUXEDO PARK,51.07772977,-114.0646831,6,Titled Parcel;Building;Building;Building;Building;Building,139 28 AV NW;2828 1 ST NW;2824 1 ST NW;2822 1 ST NW;2826 1 ST NW;2820 1 ST NW,"MULTIPOINT (-114.06468307129447 51.0777297656008,-114.06477142693323 51.07770290045701,-114.06477301386951 51.07759253323545,-114.06477396290002 51.07752611692813,-114.06477268830449 51.07761488176877,-114.06477472909587 51.07747184578392)","{""type"":""MultiPoint"",""coordinates"":[[-114.0646831,51.0777298],[-114.0647714,51.0777029],[-114.064773,51.0775925],[-114.064774,51.0775261],[-114.0647727,51.0776149],[-114.0647747,51.0774718]]}",POINT (-114.06468307129447 51.0777297656008),2828 1 ST NW,a,
BP2020-01687,Completed,2020-02-11,2020,2020-02-20,2022-01-10,2022,Commercial / Multi Family Project,Building,1606 - Ths Townhouse,Townhouse,Residential,New,New,New,"New Group C, 4-plex",CAMBRIDGE HOMES,,CAMBRIDGE HOMES,4,"$705,883",110,110,134 23 AV NE,TUX,TUXEDO PARK,51.07342594,-114.0605102,2,Titled Parcel;Building,134 23 AV NE;134 23 AV NE,"MULTIPOINT (-114.0605102361531 51.073425940094694,-114.060549506508 51.07349219175384)","{""type"":""MultiPoint"",""coordinates"":[[-114.0605102,51.0734259],[-114.0605495,51.0734922]]}",POINT (-114.0605102361531 51.073425940094694),134 23 AV NE,a,
BP2022-19742,Completed,2022-12-06,2022,2023-08-25,2025-10-01,2025,Commercial / Multi Family Project,Building,1606 - Ths Townhouse,Townhouse,Residential,New,New,New,"New, Group C, Stacked apartment",FORMED ALLIANCE ARCHITECTURE STUDIO,,EAGLE CREST CONSTRUCTION,6,"$897,613",110,110,#14 259 18 AV NE,TUX,TUXEDO PARK,51.06869029,-114.0566887,8,Titled Parcel;Building;Building Suite;Building Suite;Building Suite;Building Suite;Building Suite;Building Suite,259 18 AV NE;#10 259 18 AV NE;#13 259 18 AV NE;#15 259 18 AV NE;#16 259 18 AV NE;#12 259 18 AV NE;#14 259 18 AV NE;#11 259 18 AV NE,"MULTIPOINT (-114.0566886723018 51.06869028797715,-114.0566069440659 51.06863082477701,-114.05655717338934 51.068674376979644,-114.05663405791961 51.06857622620405,-114.05657008219305 51.06857768654232,-114.05662002470092 51.06867506573066,-114.05665105192095 51.0685769371456,-114.05665796281055 51.06867468776154)","{""type"":""MultiPoint"",""coordinates"":[[-114.0566887,51.0686903],[-114.0566069,51.0686308],[-114.0565572,51.0686744],[-114.0566341,51.0685762],[-114.0565701,51.0685777],[-114.05662,51.0686751],[-114.0566511,51.0685769],[-114.056658,51.0686747]]}",POINT (-114.0566886723018 51.06869028797715),259 18 AV NE,a,
BP2022-19743,Completed,2022-12-06,2022,2023-11-02,2025-10-01,2025,Commercial / Multi Family Project,Building,1606 - Ths Townhouse,Townhouse,Residential,New,New,New,"New, Group C, Stacked apartment",FORMED ALLIANCE ARCHITECTURE STUDIO,,EAGLE HOMES CONSTRUCTION,4,"$536,014",110,110,#23 259 18 AV NE,TUX,TUXEDO PARK,51.06869029,-114.0566887,6,Titled Parcel;Building;Building Suite;Building Suite;Building Suite;Building Suite,259 18 AV NE;#20 259 18 AV NE;#22 259 18 AV NE;#23 259 18 AV NE;#21 259 18 AV NE;#24 259 18 AV NE,"MULTIPOINT (-114.0566886723018 51.06869028797715,-114.0566135670882 51.06848098129828,-114.05662096546257 51.06851058977768,-114.05660227490765 51.06851094942719,-114.05668551311874 51.068510198908164,-114.05653998027863 51.0685102693871)","{""type"":""MultiPoint"",""coordinates"":[[-114.0566887,51.0686903],[-114.0566136,51.068481],[-114.056621,51.0685106],[-114.0566023,51.0685109],[-114.0566855,51.0685102],[-114.05654,51.0685103]]}",POINT (-114.0566886723018 51.06869028797715),259 18 AV NE,a,
BP2017-13534,Completed,2017-10-10,2017,2017-10-24,2018-10-17,2018,Commercial / Multi Family Project,Building,1606 - Ths Townhouse,Townhouse,Residential,New,New,New,The Ivy Building 5 - 10 units non stacked townhouses,BROOKFIELD RESIDENTIAL (ALBERTA),,BROOKFIELD RESIDENTIAL (ALBERTA),10,"$1,616,940",111,111,3207 39 ST NW,UND,UNIVERSITY DISTRICT,51.08025859,-114.1463338,11,Titled Parcel;Building;Building;Building;Building;Building;Building;Building;Building;Building;Building,4050 NORFORD AV NW;3213 39 ST NW;3207 39 ST NW;3215 39 ST NW;3217 39 ST NW;3221 39 ST NW;3209 39 ST NW;3225 39 ST NW;3223 39 ST NW;3211 39 ST NW;3219 39 ST NW,"MULTIPOINT (-114.14633384140637 51.0802585909439,-114.14528067066226 51.0805771503702,-114.14527114102707 51.08043254516908,-114.14528076602326 51.08060759831019,-114.14525672101696 51.08064949314396,-114.14526908317507 51.08073700134224,-114.1452803786396 51.08048390973341,-114.1452633144142 51.080822635244004,-114.14528130237916 51.080778851114005,-114.14527747227213 51.0805219756661,-114.14527803243303 51.0807008337151)","{""type"":""MultiPoint"",""coordinates"":[[-114.1463338,51.0802586],[-114.1452807,51.0805772],[-114.1452711,51.0804325],[-114.1452808,51.0806076],[-114.1452567,51.0806495],[-114.1452691,51.080737],[-114.1452804,51.0804839],[-114.1452633,51.0808226],[-114.1452813,51.0807789],[-114.1452775,51.080522],[-114.145278,51.0807008]]}",POINT (-114.14633384140637 51.0802585909439),3207 39 ST NW,a,
BP2017-16214,Completed,2017-12-13,2017,2017-12-22,2018-08-27,2018,Commercial / Multi Family Project,Building,1606 - Ths Townhouse,Townhouse,Residential,New,New,New,The Ivy Building 14 - 3 units non stacked townhouses,BROOKFIELD RESIDENTIAL (ALBERTA),,BROOKFIELD RESIDENTIAL (ALBERTA),3,"$594,303",111,111,30 NORFORD CM NW,UND,UNIVERSITY DISTRICT,51.08025859,-114.1463338,4,Titled Parcel;Building;Building;Building,4050 NORFORD AV NW;32 NORFORD CM NW;34 NORFORD CM NW;30 NORFORD CM NW,"MULTIPOINT (-114.14633384140637 51.0802585909439,-114.14561970996274 51.080805066528875,-114.14561985930801 51.08085263974688,-114.14563464443776 51.08074796343667)","{""type"":""MultiPoint"",""coordinates"":[[-114.1463338,51.0802586],[-114.1456197,51.0808051],[-114.1456199,51.0808526],[-114.1456346,51.080748]]}",POINT (-114.14633384140637 51.0802585909439),30 NORFORD CM NW,a,
BP2017-16215,Completed,2017-12-13,2017,2017-12-27,2018-09-11,2018,Commercial / Multi Family Project,Building,1606 - Ths Townhouse,Townhouse,Residential,New,New,New,The Ivy Building 4 - 4 units non-stacked townhouses,BROOKFIELD RESIDENTIAL (ALBERTA),,,4,"$693,704",111,111,3251 39 ST NW,UND,UNIVERSITY DISTRICT,51.08025859,-114.1463338,5,Titled Parcel;Building;Building;Building;Building,4050 NORFORD AV NW;3255 39 ST NW;3251 39 ST NW;3253 39 ST NW;3257 39 ST NW,"MULTIPOINT (-114.14633384140637 51.0802585909439,-114.14530002342812 51.08096911247291,-114.14528464743215 51.080885401672944,-114.14529988037997 51.08092344506058,-114.14528809022961 51.0810185975288)","{""type"":""MultiPoint"",""coordinates"":[[-114.1463338,51.0802586],[-114.1453,51.0809691],[-114.1452846,51.0808854],[-114.1452999,51.0809234],[-114.1452881,51.0810186]]}",POINT (-114.14633384140637 51.0802585909439),3251 39 ST NW,a,
BP2017-16552,Completed,2017-12-21,2017,2018-01-11,2018-11-06,2018,Commercial / Multi Family Project,Building,1606 - Ths Townhouse,Townhouse,Residential,New,New,New,The Ivy Building 3 - 10 units non-stacked rowhouses,BROOKFIELD RESIDENTIAL (ALBERTA),,,10,"$1,666,289",111,111,4023 32 AV NW,UND,UNIVERSITY DISTRICT,51.08026308,-114.1463388,12,Titled Parcel;Building;Building;Building;Building;Building;Building;Building;Building;Building;Building;Structure,4050 NORFORD AV NW;4007 32 AV NW;4015 32 AV NW;4011 32 AV NW;4013 32 AV NW;4017 32 AV NW;4005 32 AV NW;4021 32 AV NW;4019 32 AV NW;4009 32 AV NW;4023 32 AV NW;4025 32 AV NW,"MULTIPOINT (-114.14633875071046 51.08026307964108,-114.14539649144616 51.08123026868317,-114.14566163595272 51.08123544931218,-114.14552179808919 51.08123929124497,-114.1455887926847 51.0812355400459,-114.14571697047148 51.08123171256652,-114.14530327957424 51.08123406134875,-114.14585683712818 51.08123703984071,-114.14579273094405 51.08123345201038,-114.14545477472959 51.08123387296509,-114.14594421452587 51.08122958622671,-114.14596349790749 51.081193971999134)","{""type"":""MultiPoint"",""coordinates"":[[-114.1463388,51.0802631],[-114.1453965,51.0812303],[-114.1456616,51.0812354],[-114.1455218,51.0812393],[-114.1455888,51.0812355],[-114.145717,51.0812317],[-114.1453033,51.0812341],[-114.1458568,51.081237],[-114.1457927,51.0812335],[-114.1454548,51.0812339],[-114.1459442,51.0812296],[-114.1459635,51.081194]]}",POINT (-114.14633875071046 51.08026307964108),4023 32 AV NW,a,
BP2017-09256,Completed,2017-07-20,2017,2017-08-25,2018-07-10,2018,Commercial / Multi Family Project,Building,1606 - Ths Townhouse,Townhouse,Residential,New,New,New,The Ivy Building 6 - 10 unit non stacked town houses,BROOKFIELD RESIDENTIAL (ALBERTA),,,10,"$1,756,913",111,111,4008 NORFORD AV NW,UND,UNIVERSITY DISTRICT,51.08037939,-114.1456598,10,Building;Building;Building;Building;Building;Building;Building;Building;Building;Building,4010 NORFORD AV NW;4014 NORFORD AV NW;4012 NORFORD AV NW;4022 NORFORD AV NW;4020 NORFORD AV NW;4026 NORFORD AV NW;4016 NORFORD AV NW;4024 NORFORD AV NW;4018 NORFORD AV NW;4008 NORFORD AV NW,"MULTIPOINT (-114.14565976128827 51.080379391072704,-114.1457878905662 51.08036088342041,-114.14570927776018 51.080377495473826,-114.14606168919846 51.080342193727226,-114.14597427880855 51.08033862611939,-114.14621025845592 51.08033833123793,-114.1458432440689 51.080358980485855,-114.14609373146394 51.08033847691023,-114.14591604858502 51.08035154506946,-114.14557821974428 51.08039050500022)","{""type"":""MultiPoint"",""coordinates"":[[-114.1456598,51.0803794],[-114.1457879,51.0803609],[-114.1457093,51.0803775],[-114.1460617,51.0803422],[-114.1459743,51.0803386],[-114.1462103,51.0803383],[-114.1458432,51.080359],[-114.1460937,51.0803385],[-114.145916,51.0803515],[-114.1455782,51.0803905]]}",POINT (-114.14565976128827 51.080379391072704),4008 NORFORD AV NW,a,
BP2017-10085,Completed,2017-08-03,2017,2017-08-31,2018-07-27,2018,Commercial / Multi Family Project,Building,1606 - Ths Townhouse,Townhouse,Residential,New,New,New,The Ivy Building 15 - 8 units non stacked town houses,BROOKFIELD RESIDENTIAL (ALBERTA),,BROOKFIELD RESIDENTIAL (ALBERTA),8,"$1,851,152",111,111,10 NORFORD CM NW,UND,UNIVERSITY DISTRICT,51.08056508,-114.1458063,8,Building;Building;Building;Building;Building;Building;Building;Building,16 NORFORD CM NW;20 NORFORD CM NW;10 NORFORD CM NW;6 NORFORD CM NW;14 NORFORD CM NW;18 NORFORD CM NW;12 NORFORD CM NW;8 NORFORD CM NW,"MULTIPOINT (-114.14580625771416 51.08056507916383,-114.14562809146297 51.08058813502592,-114.14612942681778 51.080547550327026,-114.14631666486198 51.08053209660957,-114.14590593883008 51.080563057980086,-114.14572173572134 51.080586112529126,-114.14602068331466 51.08054959201023,-114.14621094097245 51.08053222887765)","{""type"":""MultiPoint"",""coordinates"":[[-114.1458063,51.0805651],[-114.1456281,51.0805881],[-114.1461294,51.0805476],[-114.1463167,51.0805321],[-114.1459059,51.0805631],[-114.1457217,51.0805861],[-114.1460207,51.0805496],[-114.1462109,51.0805322]]}",POINT (-114.14580625771416 51.08056507916383),10 NORFORD CM NW,a,
BP2018-04165,Completed,2018-04-17,2018,2018-05-09,2019-01-31,2019,Commercial / Multi Family Project,Building,1606 - Ths Townhouse,Townhouse,Residential,New,New,New,The Ivy Building 8 - 4 units non-stacked Townhouses,BROOKFIELD RESIDENTIAL (ALBERTA),,,4,"$751,521",111,111,4086 NORFORD AV NW,UND,UNIVERSITY DISTRICT,51.08024962,-114.1463212,5,Titled Parcel;Building;Building;Building;Building,4050 NORFORD AV NW;4086 NORFORD AV NW;4088 NORFORD AV NW;4092 NORFORD AV NW;4090 NORFORD AV NW,"MULTIPOINT (-114.14632119704483 51.08024961708556,-114.14700795191183 51.08015749227462,-114.14709820618846 51.080135354023504,-114.14726706375596 51.080098436560995,-114.14718264665755 51.08012056759419)","{""type"":""MultiPoint"",""coordinates"":[[-114.1463212,51.0802496],[-114.147008,51.0801575],[-114.1470982,51.0801354],[-114.1472671,51.0800984],[-114.1471826,51.0801206]]}",POINT (-114.14632119704483 51.08024961708556),4086 NORFORD AV NW,a,
BP2018-00119,Completed,2018-01-05,2018,2018-01-23,2018-11-19,2018,Commercial / Multi Family Project,Building,1606 - Ths Townhouse,Townhouse,Residential,New,New,New,The Ivy Building 13 - 8 units non-stacked Townhouses,BROOKFIELD RESIDENTIAL (ALBERTA),,BROOKFIELD RESIDENTIAL (ALBERTA),8,"$1,198,519",111,111,40 NORFORD CM NW,UND,UNIVERSITY DISTRICT,51.08026308,-114.1463388,9,Titled Parcel;Building;Building;Building;Building;Building;Building;Building;Building,4050 NORFORD AV NW;40 NORFORD CM NW;46 NORFORD CM NW;48 NORFORD CM NW;52 NORFORD CM NW;54 NORFORD CM NW;42 NORFORD CM NW;44 NORFORD CM NW;50 NORFORD CM NW,"MULTIPOINT (-114.14633875071046 51.08026307964108,-114.14564829767801 51.08101006761169,-114.14586791995627 51.08096269684997,-114.14592694950409 51.08100400269631,-114.14605307856996 51.081002424825925,-114.1461355751155 51.080963441357426,-114.14573274422025 51.08096476225111,-114.14579706998789 51.08100654700385,-114.14600158284982 51.08096062419215)","{""type"":""MultiPoint"",""coordinates"":[[-114.1463388,51.0802631],[-114.1456483,51.0810101],[-114.1458679,51.0809627],[-114.1459269,51.081004],[-114.1460531,51.0810024],[-114.1461356,51.0809634],[-114.1457327,51.0809648],[-114.1457971,51.0810065],[-114.1460016,51.0809606]]}",POINT (-114.14633875071046 51.08026307964108),40 NORFORD CM NW,a,
BP2018-02500,Completed,2018-03-08,2018,2018-03-19,2018-12-11,2018,Commercial / Multi Family Project,Building,1606 - Ths Townhouse,Townhouse,Residential,New,New,New,The Ivy Building 16 - 7 units non stacked townhouses,BROOKFIELD RESIDENTIAL (ALBERTA),,,7,"$1,428,283",111,111,140 NORFORD CM NW,UND,UNIVERSITY DISTRICT,51.08026308,-114.1463388,8,Titled Parcel;Building;Building;Building;Building;Building;Building;Building,4050 NORFORD AV NW;146 NORFORD CM NW;148 NORFORD CM NW;152 NORFORD CM NW;144 NORFORD CM NW;140 NORFORD CM NW;150 NORFORD CM NW;142 NORFORD CM NW,"MULTIPOINT (-114.14633875071046 51.08026307964108,-114.14685098828807 51.08041725768428,-114.14679364452644 51.08043064342144,-114.14662758533989 51.080459394054685,-114.14690531465685 51.080401960907814,-114.14706835998423 51.080377025297025,-114.14672120523797 51.08044976551507,-114.14698682225946 51.080384733112076)","{""type"":""MultiPoint"",""coordinates"":[[-114.1463388,51.0802631],[-114.146851,51.0804173],[-114.1467936,51.0804306],[-114.1466276,51.0804594],[-114.1469053,51.080402],[-114.1470684,51.080377],[-114.1467212,51.0804498],[-114.1469868,51.0803847]]}",POINT (-114.14633875071046 51.08026307964108),140 NORFORD CM NW,a,
BP2018-13851,Completed,2018-10-16,2018,2018-11-01,2019-08-28,2019,Commercial / Multi Family Project,Building,1606 - Ths Townhouse,Townhouse,Residential,New,New,New,The Ivy Building #12-7 units non stacked Townhouses,BROOKFIELD RESIDENTIAL (ALBERTA),,BROOKFIELD RESIDENTIAL (ALBERTA),7,"$1,913,727",111,111,60 NORFORD CM NW,UND,UNIVERSITY DISTRICT,51.08026757,-114.1463392,8,Titled Parcel;Building;Building;Building;Building;Building;Building;Building,4050 NORFORD AV NW;68 NORFORD CM NW;64 NORFORD CM NW;60 NORFORD CM NW;66 NORFORD CM NW;62 NORFORD CM NW;70 NORFORD CM NW;72 NORFORD CM NW,"MULTIPOINT (-114.14633917876387 51.08026757394739,-114.14652811679478 51.081007538861456,-114.14639670795893 51.08100484476665,-114.14624261165682 51.08099457363386,-114.14645394738685 51.080958152580514,-114.14632859667182 51.08096212116496,-114.14658841099717 51.08096559832318,-114.14668973585655 51.081009233011336)","{""type"":""MultiPoint"",""coordinates"":[[-114.1463392,51.0802676],[-114.1465281,51.0810075],[-114.1463967,51.0810048],[-114.1462426,51.0809946],[-114.1464539,51.0809582],[-114.1463286,51.0809621],[-114.1465884,51.0809656],[-114.1466897,51.0810092]]}",POINT (-114.14633917876387 51.08026757394739),60 NORFORD CM NW,a,
BP2018-08057,Completed,2018-06-22,2018,2018-07-12,2019-04-23,2019,Commercial / Multi Family Project,Building,1606 - Ths Townhouse,Townhouse,Residential,New,New,New,The Ivy Building 2 - 10 units Non stacked Townhouses,BROOKFIELD RESIDENTIAL (ALBERTA),,,10,"$1,622,384",111,111,4031 32 AV NW,UND,UNIVERSITY DISTRICT,51.08128379,-114.1460348,11,Titled Parcel;Building;Building;Building;Building;Building;Building;Building;Building;Building;Building,4029 32 AV NW;4041 32 AV NW;4049 32 AV NW;4043 32 AV NW;4031 32 AV NW;4033 32 AV NW;4035 32 AV NW;4045 32 AV NW;4047 32 AV NW;4037 32 AV NW;4039 32 AV NW,"MULTIPOINT (-114.14603484018167 51.081283788723525,-114.14637535045777 51.081210699289066,-114.14668125204531 51.08121031589441,-114.14643943928618 51.08120878513582,-114.14603448602105 51.08121662724658,-114.14614229515323 51.08121649253218,-114.14618307238153 51.08121277376195,-114.14651517389052 51.08120685635334,-114.1465763512625 51.08120494577366,-114.14625880700338 51.081210845145534,-114.14631997860661 51.08120710081195)","{""type"":""MultiPoint"",""coordinates"":[[-114.1460348,51.0812838],[-114.1463754,51.0812107],[-114.1466813,51.0812103],[-114.1464394,51.0812088],[-114.1460345,51.0812166],[-114.1461423,51.0812165],[-114.1461831,51.0812128],[-114.1465152,51.0812069],[-114.1465764,51.0812049],[-114.1462588,51.0812108],[-114.14632,51.0812071]]}",POINT (-114.14603484018167 51.081283788723525),4031 32 AV NW,a,
BP2019-14220,Completed,2019-10-17,2019,2020-01-30,2020-12-22,2020,Commercial / Multi Family Project,Building,1606 - Ths Townhouse,Townhouse,Residential,New,New,New,New Apartment Building,BROOKFIELD RESIDENTIAL (ALBERTA),,BROOKFIELD RESIDENTIAL (ALBERTA),8,"$2,351,354",111,111,#202 275 LEBEL CR NW,UND,UNIVERSITY DISTRICT,51.07983405,-114.1479453,14,Titled Parcel;Building;Building Suite;Building Suite;Building Suite;Building Suite;Building Suite;Building Suite;Building Suite;Building Suite;Building Suite;Building Suite;Building Suite;Building Suite,4170 NORFORD AV NW;275 LEBEL CR NW;#203 275 LEBEL CR NW;#102 275 LEBEL CR NW;#201 275 LEBEL CR NW;#401 275 LEBEL CR NW;#101 275 LEBEL CR NW;#303 275 LEBEL CR NW;#103 275 LEBEL CR NW;#202 275 LEBEL CR NW;#100 275 LEBEL CR NW;#402 275 LEBEL CR NW;#302 275 LEBEL CR NW;#301 275 LEBEL CR NW,"MULTIPOINT (-114.14794527308224 51.079834047672215,-114.14922347735225 51.0795495986769,-114.14914595492728 51.07945622284915,-114.14922366250296 51.07954948157465,-114.14931823648892 51.07960644532559,-114.14924373207184 51.07962615595308,-114.14922366250296 51.07954948157465,-114.14914501302474 51.079456224050766,-114.14922366250296 51.07954948157465,-114.14915762087769 51.07956026357721,-114.14922366250296 51.07954948157465,-114.14914595301968 51.079455629532326,-114.14915856469008 51.07956085569231,-114.14931918030432 51.079607037439395)","{""type"":""MultiPoint"",""coordinates"":[[-114.1479453,51.079834],[-114.1492235,51.0795496],[-114.149146,51.0794562],[-114.1492237,51.0795495],[-114.1493182,51.0796064],[-114.1492437,51.0796262],[-114.1492237,51.0795495],[-114.149145,51.0794562],[-114.1492237,51.0795495],[-114.1491576,51.0795603],[-114.1492237,51.0795495],[-114.149146,51.0794556],[-114.1491586,51.0795609],[-114.1493192,51.079607]]}",POINT (-114.14794527308224 51.079834047672215),275 LEBEL CR NW,a,
BP2019-02412,Completed,2019-03-08,2019,2019-03-27,2019-12-04,2019,Commercial / Multi Family Project,Building,1606 - Ths Townhouse,Townhouse,Residential,New,New,New,The Ivy Building # 17- 6 units non-stacked Townhouse.,BROOKFIELD RESIDENTIAL (ALBERTA),,,6,"$1,642,513",111,111,120 NORFORD CM NW,UND,UNIVERSITY DISTRICT,51.08026758,-114.1463373,7,Titled Parcel;Building;Building;Building;Building;Building;Building,4050 NORFORD AV NW;124 NORFORD CM NW;128 NORFORD CM NW;126 NORFORD CM NW;120 NORFORD CM NW;130 NORFORD CM NW;122 NORFORD CM NW,"MULTIPOINT (-114.14633730919711 51.08026757628754,-114.1473261124636 51.080684957033164,-114.14722306738064 51.08058042894255,-114.14726248779559 51.080626046888376,-114.14736879441865 51.08080478066996,-114.1471715068858 51.080513898281964,-114.14735346312024 51.080736298605814)","{""type"":""MultiPoint"",""coordinates"":[[-114.1463373,51.0802676],[-114.1473261,51.080685],[-114.1472231,51.0805804],[-114.1472625,51.080626],[-114.1473688,51.0808048],[-114.1471715,51.0805139],[-114.1473535,51.0807363]]}",POINT (-114.14633730919711 51.08026757628754),120 NORFORD CM NW,a,
BP2020-02473,Completed,2020-02-28,2020,2021-08-31,2023-03-09,2023,Commercial / Multi Family Project,Building,1606 - Ths Townhouse,Townhouse,Residential,New,New,New,New mulit-residential building,BROOKFIELD RESIDENTIAL (ALBERTA),,BROOKFIELD RESIDENTIAL (ALBERTA),92,"$14,394,906",111,111,#111 4160 NORFORD AV NW,UND,UNIVERSITY DISTRICT,51.07983405,-114.1479453,74,Titled Parcel;Building;Building Suite;Building Suite;Building Suite;Building Suite;Building Suite;Building Suite;Building Suite;Building Suite;Building Suite;Building Suite;Building Suite;Building Suite;Building Suite;Building Suite;Building Suite;Building Suite;Building Suite;Building Suite;Building Suite;Building Suite;Building Suite;Building Suite;Building Suite;Building Suite;Building Suite;Building Suite;Building Suite;Building Suite;Building Suite;Building Suite;Building Suite;Building Suite;Building Suite;Building Suite;Building Suite;Building Suite;Building Suite;Building Suite;Building Suite;Building Suite;Building Suite;Building Suite;Building Suite;Building Suite;Building Suite;Building Suite;Building Suite;Building Suite;Building Suite;Building Suite;Building Suite;Building Suite;Building Suite;Building Suite;Building Suite;Building Suite;Building Suite;Building Suite;Building Suite;Building Suite;Building Suite;Building Suite;Building Suite;Building Suite;Building Suite;Building Suite;Building Suite;Building Suite;Building Suite;Building Suite;Building Suite;Building Suite,4170 NORFORD AV NW;4160 NORFORD AV NW;#212 4160 NORFORD AV NW;#311 4160 NORFORD AV NW;#109 4160 NORFORD AV NW;#203 4160 NORFORD AV NW;#416 4160 NORFORD AV NW;#405 4160 NORFORD AV NW;#411 4160 NORFORD AV NW;#410 4160 NORFORD AV NW;#30 4160 NORFORD AV NW;#111 4160 NORFORD AV NW;#310 4160 NORFORD AV NW;#218 4160 NORFORD AV NW;#313 4160 NORFORD AV NW;#216 4160 NORFORD AV NW;#209 4160 NORFORD AV NW;#110 4160 NORFORD AV NW;#214 4160 NORFORD AV NW;#303 4160 NORFORD AV NW;#308 4160 NORFORD AV NW;#206 4160 NORFORD AV NW;#103 4160 NORFORD AV NW;#413 4160 NORFORD AV NW;#409 4160 NORFORD AV NW;#108 4160 NORFORD AV NW;#306 4160 NORFORD AV NW;#106 4160 NORFORD AV NW;#404 4160 NORFORD AV NW;#115 4160 NORFORD AV NW;#10 4160 NORFORD AV NW;#415 4160 NORFORD AV NW;#107 4160 NORFORD AV NW;#402 4160 NORFORD AV NW;#202 4160 NORFORD AV NW;#406 4160 NORFORD AV NW;#401 4160 NORFORD AV NW;#113 4160 NORFORD AV NW;#215 4160 NORFORD AV NW;#102 4160 NORFORD AV NW;#305 4160 NORFORD AV NW;#301 4160 NORFORD AV NW;#307 4160 NORFORD AV NW;#207 4160 NORFORD AV NW;#201 4160 NORFORD AV NW;#211 4160 NORFORD AV NW;#20 4160 NORFORD AV NW;#302 4160 NORFORD AV NW;#105 4160 NORFORD AV NW;#304 4160 NORFORD AV NW;#205 4160 NORFORD AV NW;#320 4160 NORFORD AV NW;#414 4160 NORFORD AV NW;#101 4160 NORFORD AV NW;#116 4160 NORFORD AV NW;#314 4160 NORFORD AV NW;#312 4160 NORFORD AV NW;#104 4160 NORFORD AV NW;#412 4160 NORFORD AV NW;#210 4160 NORFORD AV NW;#403 4160 NORFORD AV NW;#112 4160 NORFORD AV NW;#309 4160 NORFORD AV NW;#318 4160 NORFORD AV NW;#408 4160 NORFORD AV NW;#204 4160 NORFORD AV NW;#217 4160 NORFORD AV NW;#208 4160 NORFORD AV NW;#407 4160 NORFORD AV NW;#114 4160 NORFORD AV NW;#315 4160 NORFORD AV NW;#213 4160 NORFORD AV NW;#117 4160 NORFORD AV NW;#316 4160 NORFORD AV NW,"MULTIPOINT (-114.14794527308224 51.079834047672215,-114.14849226911105 51.07973177074857,-114.1482975867824 51.07985034908564,-114.14814643588568 51.07981391674195,-114.14832305062012 51.07974435536413,-114.14859072604648 51.07965113403139,-114.14804566425586 51.079947712020235,-114.14848963934253 51.079685989621616,-114.14814492159981 51.07981344220751,-114.14838207126829 51.07981837345521,-114.14849167008904 51.07973188837533,-114.14823159020975 51.07977717583813,-114.14838206822024 51.07981742055246,-114.14782763303111 51.080017442218455,-114.14789072828223 51.079910331232945,-114.14796420335054 51.07997921611638,-114.14832292028099 51.07974376221026,-114.14829790227576 51.07985082513876,-114.14820937104052 51.079893755274654,-114.14858997271932 51.07965208789551,-114.14847034609114 51.07979352177031,-114.14855709644644 51.079760590228794,-114.14858895677828 51.079651253146004,-114.14806270154479 51.079843985438806,-114.14826485334706 51.07976714611854,-114.14838181323357 51.0798180141953,-114.14855709644644 51.079760590228794,-114.14847047263436 51.0797929282904,-114.1486619326002 51.0797200213629,-114.14789216550831 51.079909016920865,-114.14849393695805 51.07973117531093,-114.14797668888403 51.0798712162188,-114.1484031975329 51.07971273581845,-114.14881052658436 51.07966227136249,-114.14880901382507 51.079662273288015,-114.14855783397887 51.079759159931676,-114.14876578694683 51.079604767345636,-114.1481448667824 51.07981415246209,-114.14789148010897 51.079908900921986,-114.14866187398798 51.0797195449841,-114.1484881235322 51.07968503864022,-114.14876578694683 51.079604767345636,-114.14840286929231 51.07971273623511,-114.14840286929231 51.07971273623511,-114.14876427418939 51.07960476927058,-114.14823164881763 51.079777652217146,-114.14849279752455 51.07973188694333,-114.1488097702047 51.07966227232525,-114.14848806912306 51.079685874750055,-114.14866117316583 51.07971906942194,-114.14848888143736 51.079685514130915,-114.14782763303111 51.080017442218455,-114.14821088532968 51.07989422980825,-114.14876534416186 51.07960465104316,-114.14782737577305 51.08001732567785,-114.14820937256279 51.07989423172602,-114.14829683039967 51.07985035004509,-114.14855721099147 51.07976070694916,-114.1482975867824 51.07985034908564,-114.14838131336207 51.07981789796382,-114.14859072757265 51.079651610482784,-114.14820835777213 51.07989375655919,-114.14826485486988 51.07976762256992,-114.14796420335054 51.07997921611638,-114.14847034609114 51.07979352177031,-114.14866192954642 51.079719068460136,-114.14779191267544 51.079946136251486,-114.1484703445662 51.07979304531895,-114.14840287234078 51.07971368913786,-114.14796318967882 51.079979091543706,-114.1477919096395 51.079945183348734,-114.1481449231214 51.079813918658886,-114.14779128244248 51.079945417873404,-114.14804566425586 51.079947712020235)","{""type"":""MultiPoint"",""coordinates"":[[-114.1479453,51.079834],[-114.1484923,51.0797318],[-114.1482976,51.0798503],[-114.1481464,51.0798139],[-114.1483231,51.0797444],[-114.1485907,51.0796511],[-114.1480457,51.0799477],[-114.1484896,51.079686],[-114.1481449,51.0798134],[-114.1483821,51.0798184],[-114.1484917,51.0797319],[-114.1482316,51.0797772],[-114.1483821,51.0798174],[-114.1478276,51.0800174],[-114.1478907,51.0799103],[-114.1479642,51.0799792],[-114.1483229,51.0797438],[-114.1482979,51.0798508],[-114.1482094,51.0798938],[-114.14859,51.0796521],[-114.1484703,51.0797935],[-114.1485571,51.0797606],[-114.148589,51.0796513],[-114.1480627,51.079844],[-114.1482649,51.0797671],[-114.1483818,51.079818],[-114.1485571,51.0797606],[-114.1484705,51.0797929],[-114.1486619,51.07972],[-114.1478922,51.079909],[-114.1484939,51.0797312],[-114.1479767,51.0798712],[-114.1484032,51.0797127],[-114.1488105,51.0796623],[-114.148809,51.0796623],[-114.1485578,51.0797592],[-114.1487658,51.0796048],[-114.1481449,51.0798142],[-114.1478915,51.0799089],[-114.1486619,51.0797195],[-114.1484881,51.079685],[-114.1487658,51.0796048],[-114.1484029,51.0797127],[-114.1484029,51.0797127],[-114.1487643,51.0796048],[-114.1482316,51.0797777],[-114.1484928,51.0797319],[-114.1488098,51.0796623],[-114.1484881,51.0796859],[-114.1486612,51.0797191],[-114.1484889,51.0796855],[-114.1478276,51.0800174],[-114.1482109,51.0798942],[-114.1487653,51.0796047],[-114.1478274,51.0800173],[-114.1482094,51.0798942],[-114.1482968,51.0798504],[-114.1485572,51.0797607],[-114.1482976,51.0798503],[-114.1483813,51.0798179],[-114.1485907,51.0796516],[-114.1482084,51.0798938],[-114.1482649,51.0797676],[-114.1479642,51.0799792],[-114.1484703,51.0797935],[-114.1486619,51.0797191],[-114.1477919,51.0799461],[-114.1484703,51.079793],[-114.1484029,51.0797137],[-114.1479632,51.0799791],[-114.1477919,51.0799452],[-114.1481449,51.0798139],[-114.1477913,51.0799454],[-114.1480457,51.0799477]]}",POINT (-114.14794527308224 51.079834047672215),4160 NORFORD AV NW,a,
BP2020-13051,Completed,2020-09-15,2020,2020-11-19,2022-05-19,2022,Commercial / Multi Family Project,Building,1606 - Ths Townhouse,Townhouse,Residential,New,New,New,New Building,BROOKFIELD RESIDENTIAL (ALBERTA),,BROOKFIELD RESIDENTIAL (ALBERTA),6,"$1,465,032",111,111,#301 135 LEBEL CR NW,UND,UNIVERSITY DISTRICT,51.08025614,-114.1482804,9,Titled Parcel;Titled Parcel;Building;Building Suite;Building Suite;Building Suite;Building Suite;Building Suite;Building Suite,135 LEBEL CR NW;4170 NORFORD AV NW;135 LEBEL CR NW;#202 135 LEBEL CR NW;#201 135 LEBEL CR NW;#401 135 LEBEL CR NW;#301 135 LEBEL CR NW;#402 135 LEBEL CR NW;#302 135 LEBEL CR NW,"MULTIPOINT (-114.14828037385354 51.080256138317885,-114.14794527308224 51.079834047672215,-114.14836446515628 51.08015007921126,-114.1482771594164 51.08017026393899,-114.1484871532166 51.08012646936334,-114.14848828181277 51.080126827517304,-114.14848772407488 51.0801264686383,-114.14827773027523 51.08017026321497,-114.1482771594164 51.08017026393899)","{""type"":""MultiPoint"",""coordinates"":[[-114.1482804,51.0802561],[-114.1479453,51.079834],[-114.1483645,51.0801501],[-114.1482772,51.0801703],[-114.1484872,51.0801265],[-114.1484883,51.0801268],[-114.1484877,51.0801265],[-114.1482777,51.0801703],[-114.1482772,51.0801703]]}",POINT (-114.14828037385354 51.080256138317885),135 LEBEL CR NW,a,
BP2020-02764,Completed,2020-03-05,2020,2020-04-07,2021-04-14,2021,Commercial / Multi Family Project,Building,1606 - Ths Townhouse,Townhouse,Residential,New,New,New,New Apartment Building,BROOKFIELD RESIDENTIAL (ALBERTA),,BROOKFIELD RESIDENTIAL (ALBERTA),8,"$1,908,775",111,111,#402 235 LEBEL CR NW,UND,UNIVERSITY DISTRICT,51.08049423,-114.1483868,14,Titled Parcel;Building;Building Suite;Building Suite;Building Suite;Building Suite;Building Suite;Building Suite;Building Suite;Building Suite;Building Suite;Building Suite;Building Suite;Building Suite,101 LEBEL CR NW;235 LEBEL CR NW;#402 235 LEBEL CR NW;#101 235 LEBEL CR NW;#102 235 LEBEL CR NW;#203 235 LEBEL CR NW;#401 235 LEBEL CR NW;#301 235 LEBEL CR NW;#201 235 LEBEL CR NW;#100 235 LEBEL CR NW;#103 235 LEBEL CR NW;#303 235 LEBEL CR NW;#302 235 LEBEL CR NW;#202 235 LEBEL CR NW,"MULTIPOINT (-114.14838684488409 51.08049422986205,-114.14951896429545 51.0798503396464,-114.149634640886 51.07994973443083,-114.14951820484137 51.07984938771106,-114.14951820484137 51.07984938771106,-114.14963370088735 51.07995032895314,-114.14941709145018 51.079813845911964,-114.14945285765837 51.07978346899758,-114.1494528595699 51.07978406231436,-114.14951820484137 51.07984938771106,-114.14951820484137 51.07984938771106,-114.14963464279988 51.07995032774758,-114.14948439142253 51.07990116658839,-114.14948438951059 51.079900573271615)","{""type"":""MultiPoint"",""coordinates"":[[-114.1483868,51.0804942],[-114.149519,51.0798503],[-114.1496346,51.0799497],[-114.1495182,51.0798494],[-114.1495182,51.0798494],[-114.1496337,51.0799503],[-114.1494171,51.0798138],[-114.1494529,51.0797835],[-114.1494529,51.0797841],[-114.1495182,51.0798494],[-114.1495182,51.0798494],[-114.1496346,51.0799503],[-114.1494844,51.0799012],[-114.1494844,51.0799006]]}",POINT (-114.14838684488409 51.08049422986205),235 LEBEL CR NW,a,
BP2020-00259,Completed,2020-01-09,2020,2020-02-04,2021-03-30,2021,Commercial / Multi Family Project,Building,1606 - Ths Townhouse,Townhouse,Residential,New,New,New,Partial Permit - Ivy Building #9 Townhouse,BROOKFIELD RESIDENTIAL (ALBERTA),,BROOKFIELD RESIDENTIAL (ALBERTA),8,"$1,937,801",111,111,20 LEBEL CR NW,UND,UNIVERSITY DISTRICT,51.08071522,-114.1477995,9,Titled Parcel;Building;Building;Building;Building;Building;Building;Building;Building,22 LEBEL CR NW;16 LEBEL CR NW;18 LEBEL CR NW;20 LEBEL CR NW;6 LEBEL CR NW;14 LEBEL CR NW;12 LEBEL CR NW;8 LEBEL CR NW;10 LEBEL CR NW,"MULTIPOINT (-114.14779952938646 51.08071522107957,-114.14765358324271 51.080597460843684,-114.14769528693547 51.08064736383908,-114.14774076595938 51.080699626335196,-114.14745630453734 51.08030514955458,-114.14762315746242 51.08052614814523,-114.14758145398505 51.080476254112554,-114.147494271162 51.08036932396619,-114.14753974971495 51.08042159553305)","{""type"":""MultiPoint"",""coordinates"":[[-114.1477995,51.0807152],[-114.1476536,51.0805975],[-114.1476953,51.0806474],[-114.1477408,51.0806996],[-114.1474563,51.0803051],[-114.1476232,51.0805261],[-114.1475815,51.0804763],[-114.1474943,51.0803693],[-114.1475397,51.0804216]]}",POINT (-114.14779952938646 51.08071522107957),20 LEBEL CR NW,a,
BP2020-09225,Completed,2020-07-13,2020,2020-07-23,2021-05-26,2021,Commercial / Multi Family Project,Building,1606 - Ths Townhouse,Townhouse,Residential,New,New,New,Partial - IVY Building #11 - non-stacked Townhouse,BROOKFIELD RESIDENTIAL (ALBERTA),,BROOKFIELD RESIDENTIAL (ALBERTA),10,"$1,934,403",111,111,98 NORFORD CM NW,UND,UNIVERSITY DISTRICT,51.08104817,-114.1475394,2,Titled Parcel;Building,100 NORFORD CM NW;98 NORFORD CM NW,"MULTIPOINT (-114.14753943060578 51.0810481678935,-114.14750975535017 51.08096158075203)","{""type"":""MultiPoint"",""coordinates"":[[-114.1475394,51.0810482],[-114.1475098,51.0809616]]}",POINT (-114.14753943060578 51.0810481678935),98 NORFORD CM NW,a,
BP2021-02088,Completed,2021-02-10,2021,2021-02-25,2021-12-02,2021,Commercial / Multi Family Project,Building,1606 - Ths Townhouse,Townhouse,Residential,New,New,New,The Ivy - Building #1 (10 units non-stacked),BROOKFIELD RESIDENTIAL (ALBERTA),,BROOKFIELD RESIDENTIAL (ALBERTA),10,"$1,978,151",111,111,4061 32 AV NW,UND,UNIVERSITY DISTRICT,51.08128632,-114.1475958,11,Titled Parcel;Building;Building;Building;Building;Building;Building;Building;Building;Building;Building,4081 32 AV NW;4077 32 AV NW;4071 32 AV NW;4065 32 AV NW;4073 32 AV NW;4067 32 AV NW;4063 32 AV NW;4075 32 AV NW;4079 32 AV NW;4069 32 AV NW;4061 32 AV NW,"MULTIPOINT (-114.14759577704847 51.08128632337002,-114.14747920184655 51.08117329936581,-114.147280061533 51.08122105188818,-114.14707705376614 51.08117448019436,-114.14733406540651 51.08117136978415,-114.147150675809 51.08122196095481,-114.14701052607101 51.08122641635931,-114.14740079400222 51.081218724229025,-114.14755889218485 51.081221518357985,-114.1472049243464 51.081177375752766,-114.14692985914922 51.08117609463519)","{""type"":""MultiPoint"",""coordinates"":[[-114.1475958,51.0812863],[-114.1474792,51.0811733],[-114.1472801,51.0812211],[-114.1470771,51.0811745],[-114.1473341,51.0811714],[-114.1471507,51.081222],[-114.1470105,51.0812264],[-114.1474008,51.0812187],[-114.1475589,51.0812215],[-114.1472049,51.0811774],[-114.1469299,51.0811761]]}",POINT (-114.14759577704847 51.08128632337002),4061 32 AV NW,a,
BP2023-06071,Completed,2023-05-02,2023,2023-09-19,2025-03-04,2025,Commercial / Multi Family Project,Building,1606 - Ths Townhouse,Townhouse,Residential,New,New,New,Part 9.10.14. Stacked Townhouse - Stacked Townhomes - Rohit University District- Deans Landing Bldg 4,NORR ARCHITECTS ENGINEERS PLANNERS,,ROHIT COMMUNITIES CALGARY,9,"$1,971,425",111,111,#208 4270 NORFORD AV NW,UND,UNIVERSITY DISTRICT,51.07899513,-114.1502021,11,Titled Parcel;Building;Building Suite;Building Suite;Building Suite;Building Suite;Building Suite;Building Suite;Building Suite;Building Suite;Building Suite,4270 NORFORD AV NW;#200 4270 NORFORD AV NW;#207 4270 NORFORD AV NW;#204 4270 NORFORD AV NW;#208 4270 NORFORD AV NW;#201 4270 NORFORD AV NW;#203 4270 NORFORD AV NW;#202 4270 NORFORD AV NW;#209 4270 NORFORD AV NW;#205 4270 NORFORD AV NW;#206 4270 NORFORD AV NW,"MULTIPOINT (-114.1502020658614 51.07899512922193,-114.15052242087468 51.07896746047013,-114.15042514750854 51.078953903367356,-114.15049961368297 51.0789228919971,-114.15039869237552 51.07894620627318,-114.15067309654431 51.07885785289949,-114.15061088366498 51.07888706863779,-114.15065518870313 51.078867387066396,-114.15035911975092 51.07897301947184,-114.15044771666909 51.07892949429574,-114.15044210891709 51.07894734604003)","{""type"":""MultiPoint"",""coordinates"":[[-114.1502021,51.0789951],[-114.1505224,51.0789675],[-114.1504251,51.0789539],[-114.1504996,51.0789229],[-114.1503987,51.0789462],[-114.1506731,51.0788579],[-114.1506109,51.0788871],[-114.1506552,51.0788674],[-114.1503591,51.078973],[-114.1504477,51.0789295],[-114.1504421,51.0789473]]}",POINT (-114.1502020658614 51.07899512922193),4270 NORFORD AV NW,a,
BP2023-06072,Completed,2023-05-02,2023,2023-09-19,2025-01-22,2025,Commercial / Multi Family Project,Building,1606 - Ths Townhouse,Townhouse,Residential,New,New,New,Part 9.10.14. Stacked Townhouse - Stacked Townhomes - Rohit University District- Deans Landing Bldg 5,NORR ARCHITECTS ENGINEERS PLANNERS,,ROHIT COMMUNITIES CALGARY,12,"$2,644,785",111,111,#310 4270 NORFORD AV NW,UND,UNIVERSITY DISTRICT,51.07899513,-114.1502021,14,Titled Parcel;Building;Building Suite;Building Suite;Building Suite;Building Suite;Building Suite;Building Suite;Building Suite;Building Suite;Building Suite;Building Suite;Building Suite;Building Suite,4270 NORFORD AV NW;#300 4270 NORFORD AV NW;#308 4270 NORFORD AV NW;#301 4270 NORFORD AV NW;#304 4270 NORFORD AV NW;#302 4270 NORFORD AV NW;#310 4270 NORFORD AV NW;#303 4270 NORFORD AV NW;#309 4270 NORFORD AV NW;#305 4270 NORFORD AV NW;#311 4270 NORFORD AV NW;#307 4270 NORFORD AV NW;#312 4270 NORFORD AV NW;#306 4270 NORFORD AV NW,"MULTIPOINT (-114.1502020658614 51.07899512922193,-114.1499350476873 51.07919239105396,-114.14977546997501 51.07918010892714,-114.1500904453822 51.07908159154479,-114.15000748078063 51.07911499582491,-114.1500262807402 51.07908999835239,-114.1497481535393 51.07919738613773,-114.15002352043929 51.07911021969916,-114.14976418281299 51.07919379669951,-114.14997253045867 51.07910612289584,-114.14972265562504 51.079194443208785,-114.14981979100644 51.07916518319712,-114.14968402322201 51.07921649942945,-114.1499301375162 51.07913471952417)","{""type"":""MultiPoint"",""coordinates"":[[-114.1502021,51.0789951],[-114.149935,51.0791924],[-114.1497755,51.0791801],[-114.1500904,51.0790816],[-114.1500075,51.079115],[-114.1500263,51.07909],[-114.1497482,51.0791974],[-114.1500235,51.0791102],[-114.1497642,51.0791938],[-114.1499725,51.0791061],[-114.1497227,51.0791944],[-114.1498198,51.0791652],[-114.149684,51.0792165],[-114.1499301,51.0791347]]}",POINT (-114.1502020658614 51.07899512922193),4270 NORFORD AV NW,a,
BP2023-06070,Completed,2023-05-02,2023,2023-08-25,2025-12-30,2025,Commercial / Multi Family Project,Building,1606 - Ths Townhouse,Townhouse,Residential,New,New,New,Part 9.10.14. - Stacked Townhouses - Rohit University District- Deans Landing Bldg 3,NORR ARCHITECTS ENGINEERS PLANNERS,,ROHIT COMMUNITIES,12,"$2,644,785",111,111,#103 4270 NORFORD AV NW,UND,UNIVERSITY DISTRICT,51.07899513,-114.1502021,14,Titled Parcel;Building;Building Suite;Building Suite;Building Suite;Building Suite;Building Suite;Building Suite;Building Suite;Building Suite;Building Suite;Building Suite;Building Suite;Building Suite,4270 NORFORD AV NW;#100 4270 NORFORD AV NW;#104 4270 NORFORD AV NW;#101 4270 NORFORD AV NW;#110 4270 NORFORD AV NW;#106 4270 NORFORD AV NW;#107 4270 NORFORD AV NW;#102 4270 NORFORD AV NW;#109 4270 NORFORD AV NW;#112 4270 NORFORD AV NW;#108 4270 NORFORD AV NW;#105 4270 NORFORD AV NW;#111 4270 NORFORD AV NW;#103 4270 NORFORD AV NW,"MULTIPOINT (-114.15020206586259 51.078995129854206,-114.15113681109933 51.0789244438945,-114.15127062991066 51.07885826854088,-114.15135744870918 51.07884745844528,-114.15098271964615 51.07885686075939,-114.15120548320262 51.07885419059194,-114.15108938158482 51.078856722962065,-114.15131025040805 51.07884632391297,-114.1510025421553 51.07885683515791,-114.15090058384816 51.07885517785723,-114.15102423875783 51.07885383154579,-114.15125361246336 51.078847592831416,-114.15096288166143 51.07885213083316,-114.15128951439976 51.078859430743115)","{""type"":""MultiPoint"",""coordinates"":[[-114.1502021,51.0789951],[-114.1511368,51.0789244],[-114.1512706,51.0788583],[-114.1513574,51.0788475],[-114.1509827,51.0788569],[-114.1512055,51.0788542],[-114.1510894,51.0788567],[-114.1513103,51.0788463],[-114.1510025,51.0788568],[-114.1509006,51.0788552],[-114.1510242,51.0788538],[-114.1512536,51.0788476],[-114.1509629,51.0788521],[-114.1512895,51.0788594]]}",POINT (-114.15020206586259 51.078995129854206),4270 NORFORD AV NW,a,
BP2017-16573,Completed,2017-12-21,2017,2020-06-18,2020-06-12,2020,Commercial / Multi Family Project,Building,1606 - Ths Townhouse,Townhouse,Residential,New,New,New,WALDEN PL - BDG 13 (new),CARDEL LIFESTYLES,,CARDEL LIFESTYLES,7,"$1,797,572",112,112,55 WALGROVE PZ SE,WAL,WALDEN,50.86518906,-114.0249661,7,Titled Parcel;Titled Parcel;Titled Parcel;Titled Parcel;Titled Parcel;Titled Parcel;Titled Parcel,55 WALGROVE PZ SE;59 WALGROVE PZ SE;61 WALGROVE PZ SE;57 WALGROVE PZ SE;67 WALGROVE PZ SE;63 WALGROVE PZ SE;65 WALGROVE PZ SE,"MULTIPOINT (-114.02496609682795 50.865189060693886,-114.02504715645016 50.86508565819877,-114.02508768733297 50.86503620443203,-114.02500804365346 50.86513061664161,-114.02523164165054 50.864892333218805,-114.02512963870215 50.864986750344954,-114.02517299876803 50.864941790944336)","{""type"":""MultiPoint"",""coordinates"":[[-114.0249661,50.8651891],[-114.0250472,50.8650857],[-114.0250877,50.8650362],[-114.025008,50.8651306],[-114.0252316,50.8648923],[-114.0251296,50.8649868],[-114.025173,50.8649418]]}",POINT (-114.02496609682795 50.865189060693886),55 WALGROVE PZ SE,a,
BP2017-16329,Completed,2017-12-15,2017,2018-02-12,2020-08-20,2020,Commercial / Multi Family Project,Building,1606 - Ths Townhouse,Townhouse,Residential,New,New,New,Walden Place - Bldg 12 (new),CARDEL LIFESTYLES,,CARDEL LIFESTYLES,7,"$1,797,572",112,112,37 WALGROVE PZ SE,WAL,WALDEN,50.86534187,-114.0250631,14,Titled Parcel;Titled Parcel;Titled Parcel;Titled Parcel;Titled Parcel;Titled Parcel;Titled Parcel;Building;Building;Building;Building;Building;Building;Building,47 WALGROVE PZ SE;43 WALGROVE PZ SE;41 WALGROVE PZ SE;39 WALGROVE PZ SE;45 WALGROVE PZ SE;37 WALGROVE PZ SE;49 WALGROVE PZ SE;49 WALGROVE PZ SE;43 WALGROVE PZ SE;41 WALGROVE PZ SE;47 WALGROVE PZ SE;39 WALGROVE PZ SE;37 WALGROVE PZ SE;45 WALGROVE PZ SE,"MULTIPOINT (-114.02506307641015 50.86534187009753,-114.02520858981511 50.8654002738322,-114.02528135497235 50.86543172313216,-114.02535410358362 50.86545867738484,-114.02513584137861 50.86537331948855,-114.02543948619186 50.865494618849844,-114.02498676008477 50.86531042142129,-114.0249456414529 50.86535057061499,-114.02516369228469 50.865439956437626,-114.02523587448452 50.865470390020185,-114.02502684611756 50.86538480517325,-114.02530355299946 50.86549987159325,-114.02539227051653 50.865529348551924,-114.02509902610132 50.86541143606663)","{""type"":""MultiPoint"",""coordinates"":[[-114.0250631,50.8653419],[-114.0252086,50.8654003],[-114.0252814,50.8654317],[-114.0253541,50.8654587],[-114.0251358,50.8653733],[-114.0254395,50.8654946],[-114.0249868,50.8653104],[-114.0249456,50.8653506],[-114.0251637,50.86544],[-114.0252359,50.8654704],[-114.0250268,50.8653848],[-114.0253036,50.8654999],[-114.0253923,50.8655293],[-114.025099,50.8654114]]}",POINT (-114.02506307641015 50.86534187009753),37 WALGROVE PZ SE,a,
BP2017-16321,Completed,2017-12-15,2017,2018-02-12,2019-11-13,2019,Commercial / Multi Family Project,Building,1606 - Ths Townhouse,Townhouse,Residential,New,New,New,Walden Place - Bldg 11 (new),CARDEL LIFESTYLES,,CARDEL LIFESTYLES,6,"$1,541,758",112,112,21 WALGROVE PZ SE,WAL,WALDEN,50.86564738,-114.0257498,12,Titled Parcel;Titled Parcel;Titled Parcel;Titled Parcel;Titled Parcel;Titled Parcel;Building;Building;Building;Building;Building;Building,27 WALGROVE PZ SE;23 WALGROVE PZ SE;25 WALGROVE PZ SE;21 WALGROVE PZ SE;31 WALGROVE PZ SE;29 WALGROVE PZ SE;31 WALGROVE PZ SE;29 WALGROVE PZ SE;21 WALGROVE PZ SE;25 WALGROVE PZ SE;23 WALGROVE PZ SE;27 WALGROVE PZ SE,"MULTIPOINT (-114.02574976986838 50.865647380991014,-114.02588155540514 50.86571927192693,-114.02581566258608 50.865683326477686,-114.02595402817809 50.86575971088097,-114.02561364947456 50.86557099585149,-114.0256838630461 50.86561143547002,-114.02556220500857 50.8656139883694,-114.02563589930297 50.865654885744675,-114.02588705278055 50.86579564084498,-114.02576523990541 50.86572431408594,-114.02582539469456 50.865762355505474,-114.0257005719089 50.86569387917774)","{""type"":""MultiPoint"",""coordinates"":[[-114.0257498,50.8656474],[-114.0258816,50.8657193],[-114.0258157,50.8656833],[-114.025954,50.8657597],[-114.0256136,50.865571],[-114.0256839,50.8656114],[-114.0255622,50.865614],[-114.0256359,50.8656549],[-114.0258871,50.8657956],[-114.0257652,50.8657243],[-114.0258254,50.8657624],[-114.0257006,50.8656939]]}",POINT (-114.02574976986838 50.865647380991014),21 WALGROVE PZ SE,a,
BP2018-08368,Completed,2018-06-27,2018,2018-07-25,2019-04-12,2019,Commercial / Multi Family Project,Building,1606 - Ths Townhouse,Townhouse,Residential,New,New,New,Walden 52 - Building 02 (Walgrove Common SE),EXCEL HOMES LIMITED PARTNERSHIP,,,8,"$1,524,946",112,112,132 WALGROVE CM SE,WAL,WALDEN,50.86382004,-114.0129228,9,Titled Parcel;Building;Building;Building;Building;Building;Building;Building;Building,896 WALGROVE BV SE;4 WALGROVE CM SE;132 WALGROVE CM SE;10 WALGROVE CM SE;8 WALGROVE CM SE;6 WALGROVE CM SE;138 WALGROVE CM SE;136 WALGROVE CM SE;134 WALGROVE CM SE,"MULTIPOINT (-114.01292277928395 50.86382003852461,-114.01252150103963 50.863748279027064,-114.01240755920888 50.86353136217153,-114.01251411320406 50.863532069997184,-114.0125146992749 50.863598784824624,-114.01252205100029 50.86368013466739,-114.0124059263481 50.863748291368346,-114.01240816719483 50.86368121664107,-114.01240307383799 50.863598086528526)","{""type"":""MultiPoint"",""coordinates"":[[-114.0129228,50.86382],[-114.0125215,50.8637483],[-114.0124076,50.8635314],[-114.0125141,50.8635321],[-114.0125147,50.8635988],[-114.0125221,50.8636801],[-114.0124059,50.8637483],[-114.0124082,50.8636812],[-114.0124031,50.8635981]]}",POINT (-114.01292277928395 50.86382003852461),132 WALGROVE CM SE,a,
BP2018-08369,Completed,2018-06-27,2018,2018-07-25,2019-04-10,2019,Commercial / Multi Family Project,Building,1606 - Ths Townhouse,Townhouse,Residential,New,New,New,New Building - Walden 52 - Building 03 (210 Ave SE),EXCEL HOMES LIMITED PARTNERSHIP,,,5,"$1,004,950",112,112,2404 210 AV SE,WAL,WALDEN,50.86382004,-114.0129228,6,Titled Parcel;Building;Building;Building;Building;Building,896 WALGROVE BV SE;2406 210 AV SE;2408 210 AV SE;2404 210 AV SE;2412 210 AV SE;2410 210 AV SE,"MULTIPOINT (-114.01292277928395 50.86382003852461,-114.01258773106012 50.8633436763438,-114.0125197980284 50.86333002781918,-114.01265256668887 50.863354727050655,-114.01238476069467 50.86332050382082,-114.01245242089797 50.86332335544648)","{""type"":""MultiPoint"",""coordinates"":[[-114.0129228,50.86382],[-114.0125877,50.8633437],[-114.0125198,50.86333],[-114.0126526,50.8633547],[-114.0123848,50.8633205],[-114.0124524,50.8633234]]}",POINT (-114.01292277928395 50.86382003852461),2404 210 AV SE,a,
BP2018-12730,Completed,2018-09-20,2018,2018-09-28,2019-07-24,2019,Commercial / Multi Family Project,Building,1606 - Ths Townhouse,Townhouse,Residential,New,New,New,New Building -  Walden 52 - Building 05 (Walgrove CM SE),EXCEL HOMES LIMITED PARTNERSHIP,,,8,"$1,524,946",112,112,144 WALGROVE CM SE,WAL,WALDEN,50.86382004,-114.0129228,9,Titled Parcel;Building;Building;Building;Building;Building;Building;Building;Building,896 WALGROVE BV SE;178 WALGROVE CM SE;176 WALGROVE CM SE;148 WALGROVE CM SE;172 WALGROVE CM SE;146 WALGROVE CM SE;144 WALGROVE CM SE;174 WALGROVE CM SE;150 WALGROVE CM SE,"MULTIPOINT (-114.01292277928395 50.86382003852461,-114.01251252368318 50.86390907536418,-114.01251480048974 50.86397686880757,-114.01240488636975 50.864058231166666,-114.01251934335528 50.86412529343107,-114.01240486478284 50.863976880543035,-114.01240765965241 50.863909805759526,-114.01251932529605 50.86405785934776,-114.01240659480672 50.86412601568082)","{""type"":""MultiPoint"",""coordinates"":[[-114.0129228,50.86382],[-114.0125125,50.8639091],[-114.0125148,50.8639769],[-114.0124049,50.8640582],[-114.0125193,50.8641253],[-114.0124049,50.8639769],[-114.0124077,50.8639098],[-114.0125193,50.8640579],[-114.0124066,50.864126]]}",POINT (-114.01292277928395 50.86382003852461),144 WALGROVE CM SE,a,
BP2019-07019,Completed,2019-06-06,2019,2019-06-20,2020-04-09,2020,Commercial / Multi Family Project,Building,1606 - Ths Townhouse,Townhouse,Residential,New,New,New,New - 6 unit townhouse - Holland Park Building 4,EXCEL HOMES LIMITED PARTNERSHIP,,EXCEL HOMES LIMITED PARTNERSHIP,6,"$908,870",112,112,880 WALGROVE BV SE,WAL,WALDEN,50.86402681,-114.012935,9,Titled Parcel;Titled Parcel;Titled Parcel;Building;Building;Building;Building;Building;Building,884 WALGROVE BV SE;886 WALGROVE BV SE;882 WALGROVE BV SE;884 WALGROVE BV SE;880 WALGROVE BV SE;886 WALGROVE BV SE;888 WALGROVE BV SE;882 WALGROVE BV SE;890 WALGROVE BV SE,"MULTIPOINT (-114.0129349536744 50.86402680747419,-114.01292716821 50.86386948311056,-114.01293808882144 50.86406276717781,-114.0128540113211 50.86402749965704,-114.01285080916998 50.86410928215551,-114.01285118924473 50.863993301959006,-114.01285587946572 50.863950491001155,-114.01285572630681 50.86406507772154,-114.01285774263906 50.86390707802338)","{""type"":""MultiPoint"",""coordinates"":[[-114.012935,50.8640268],[-114.0129272,50.8638695],[-114.0129381,50.8640628],[-114.012854,50.8640275],[-114.0128508,50.8641093],[-114.0128512,50.8639933],[-114.0128559,50.8639505],[-114.0128557,50.8640651],[-114.0128577,50.8639071]]}",POINT (-114.0129349536744 50.86402680747419),880 WALGROVE BV SE,a,
BP2020-07700,Completed,2020-06-15,2020,2020-07-08,2021-05-25,2021,Commercial / Multi Family Project,Building,1606 - Ths Townhouse,Townhouse,Residential,New,New,New,New - Part 9 Group C - Holland Park Building 7,EXCEL HOMES LIMITED PARTNERSHIP,,EXCEL HOMES LIMITED PARTNERSHIP,10,"$1,542,014",112,112,165 WALGROVE CM SE,WAL,WALDEN,50.86429211,-114.0120744,21,Titled Parcel;Titled Parcel;Titled Parcel;Titled Parcel;Titled Parcel;Titled Parcel;Titled Parcel;Titled Parcel;Titled Parcel;Titled Parcel;Titled Parcel;Building;Building;Building;Building;Building;Building;Building;Building;Building;Building,155 WALGROVE CM SE;153 WALGROVE CM SE;157 WALGROVE CM SE;163 WALGROVE CM SE;151 WALGROVE CM SE;124 WALGROVE CM SE;159 WALGROVE CM SE;165 WALGROVE CM SE;167 WALGROVE CM SE;169 WALGROVE CM SE;161 WALGROVE CM SE;163 WALGROVE CM SE;159 WALGROVE CM SE;161 WALGROVE CM SE;151 WALGROVE CM SE;169 WALGROVE CM SE;165 WALGROVE CM SE;167 WALGROVE CM SE;153 WALGROVE CM SE;155 WALGROVE CM SE;157 WALGROVE CM SE,"MULTIPOINT (-114.01207435777313 50.86429210504331,-114.01201264903403 50.8642921114105,-114.01213064000707 50.86429209920759,-114.01229950091427 50.86429208153608,-114.01193656431793 50.86429211921612,-114.01156439149982 50.86342012541667,-114.01218692224099 50.86429209334472,-114.01235579735365 50.86429207559029,-114.0124174918871 50.864292069043195,-114.01249359080849 50.864292060922565,-114.0122432186804 50.86429208745323,-114.01229710041252 50.864346956824356,-114.01218197978285 50.86435067278106,-114.01224071942717 50.86434983955463,-114.01194377999938 50.86434490783045,-114.01248658691352 50.86434307999211,-114.01235349604308 50.864345764187604,-114.01241644023233 50.864343869606216,-114.01200945334885 50.8643495669082,-114.01207235594589 50.864351565191974,-114.01212670611525 50.86435084934699)","{""type"":""MultiPoint"",""coordinates"":[[-114.0120744,50.8642921],[-114.0120126,50.8642921],[-114.0121306,50.8642921],[-114.0122995,50.8642921],[-114.0119366,50.8642921],[-114.0115644,50.8634201],[-114.0121869,50.8642921],[-114.0123558,50.8642921],[-114.0124175,50.8642921],[-114.0124936,50.8642921],[-114.0122432,50.8642921],[-114.0122971,50.864347],[-114.012182,50.8643507],[-114.0122407,50.8643498],[-114.0119438,50.8643449],[-114.0124866,50.8643431],[-114.0123535,50.8643458],[-114.0124164,50.8643439],[-114.0120095,50.8643496],[-114.0120724,50.8643516],[-114.0121267,50.8643508]]}",POINT (-114.01207435777313 50.86429210504331),165 WALGROVE CM SE,a,
BP2021-11867,Completed,2021-07-05,2021,2021-09-03,2022-10-26,2022,Commercial / Multi Family Project,Building,1606 - Ths Townhouse,Townhouse,Residential,New,New,New,5 Plex Rowhouse,EXCEL HOMES LIMITED PARTNERSHIP,,EXCEL HOMES LIMITED PARTNERSHIP,5,"$786,845",112,112,59 WALGROVE CM SE,WAL,WALDEN,50.86366746,-114.0103977,6,Titled Parcel;Building;Building;Building;Building;Building,57 WALGROVE CM SE;59 WALGROVE CM SE;65 WALGROVE CM SE;61 WALGROVE CM SE;67 WALGROVE CM SE;63 WALGROVE CM SE,"MULTIPOINT (-114.01039768440589 50.863667460551916,-114.01039251838256 50.86388036250404,-114.01043446635408 50.86400525701101,-114.0104006087135 50.8639139215019,-114.01045025759325 50.8640455758056,-114.01042148630454 50.86395816848332)","{""type"":""MultiPoint"",""coordinates"":[[-114.0103977,50.8636675],[-114.0103925,50.8638804],[-114.0104345,50.8640053],[-114.0104006,50.8639139],[-114.0104503,50.8640456],[-114.0104215,50.8639582]]}",POINT (-114.01039768440589 50.863667460551916),59 WALGROVE CM SE,a,
BP2021-11862,Completed,2021-07-05,2021,2021-09-02,2022-06-28,2022,Commercial / Multi Family Project,Building,1606 - Ths Townhouse,Townhouse,Residential,New,New,New,6 Plex rowhouse,EXCEL HOMES LIMITED PARTNERSHIP,,EXCEL HOMES LIMITED PARTNERSHIP,6,"$1,071,809",112,112,100 WALGROVE CM SE,WAL,WALDEN,50.86369431,-114.0116849,7,Titled Parcel;Building;Building;Building;Building;Building;Building,120 WALGROVE CM SE;94 WALGROVE CM SE;96 WALGROVE CM SE;98 WALGROVE CM SE;92 WALGROVE CM SE;100 WALGROVE CM SE;90 WALGROVE CM SE,"MULTIPOINT (-114.011684948931 50.86369430882226,-114.01139302980276 50.863812502414895,-114.011479852118 50.86380892487277,-114.0115700567982 50.86381141518968,-114.01130901979093 50.8638146502079,-114.01157830831164 50.86380413246082,-114.01124286373764 50.863807734288855)","{""type"":""MultiPoint"",""coordinates"":[[-114.0116849,50.8636943],[-114.011393,50.8638125],[-114.0114799,50.8638089],[-114.0115701,50.8638114],[-114.011309,50.8638147],[-114.0115783,50.8638041],[-114.0112429,50.8638077]]}",POINT (-114.011684948931 50.86369430882226),100 WALGROVE CM SE,a,
BP2021-11866,Completed,2021-07-05,2021,2021-09-03,2022-10-11,2022,Commercial / Multi Family Project,Building,1606 - Ths Townhouse,Townhouse,Residential,New,New,New,6 Plex Rowhouse,EXCEL HOMES LIMITED PARTNERSHIP,,EXCEL HOMES LIMITED PARTNERSHIP,6,"$1,071,809",112,112,76 WALGROVE CM SE,WAL,WALDEN,50.86369431,-114.0116849,7,Titled Parcel;Building;Building;Building;Building;Building;Building,120 WALGROVE CM SE;86 WALGROVE CM SE;82 WALGROVE CM SE;78 WALGROVE CM SE;80 WALGROVE CM SE;84 WALGROVE CM SE;76 WALGROVE CM SE,"MULTIPOINT (-114.011684948931 50.86369430882226,-114.01107467096422 50.863802401310565,-114.01094538813648 50.86380315068658,-114.01080820700658 50.86380339721028,-114.01087153440342 50.86380292384841,-114.01100814695086 50.86380112203161,-114.01073867167709 50.86380305301793)","{""type"":""MultiPoint"",""coordinates"":[[-114.0116849,50.8636943],[-114.0110747,50.8638024],[-114.0109454,50.8638032],[-114.0108082,50.8638034],[-114.0108715,50.8638029],[-114.0110081,50.8638011],[-114.0107387,50.8638031]]}",POINT (-114.011684948931 50.86369430882226),76 WALGROVE CM SE,a,
BP2021-07553,Completed,2021-05-05,2021,2021-05-18,2022-08-24,2022,Commercial / Multi Family Project,Building,1606 - Ths Townhouse,Townhouse,Residential,New,New,New,6 Plex Rowhouse,EXCEL HOMES LIMITED PARTNERSHIP,,,6,"$1,071,809",112,112,32 WALGROVE CM SE,WAL,WALDEN,50.86369431,-114.0116849,7,Titled Parcel;Building;Building;Building;Building;Building;Building,120 WALGROVE CM SE;38 WALGROVE CM SE;36 WALGROVE CM SE;42 WALGROVE CM SE;40 WALGROVE CM SE;34 WALGROVE CM SE;32 WALGROVE CM SE,"MULTIPOINT (-114.011684948931 50.86369430882226,-114.0108088958048 50.86358766379734,-114.01087806078637 50.86358504127795,-114.01067772501568 50.863591712386686,-114.01074312560682 50.86358909029156,-114.01062060367599 50.863583635576106,-114.01100978573432 50.863581792522396)","{""type"":""MultiPoint"",""coordinates"":[[-114.0116849,50.8636943],[-114.0108089,50.8635877],[-114.0108781,50.863585],[-114.0106777,50.8635917],[-114.0107431,50.8635891],[-114.0106206,50.8635836],[-114.0110098,50.8635818]]}",POINT (-114.011684948931 50.86369430882226),32 WALGROVE CM SE,a,
BP2021-07564,Completed,2021-05-05,2021,2021-05-18,2022-06-03,2022,Commercial / Multi Family Project,Building,1606 - Ths Townhouse,Townhouse,Residential,New,New,New,9 Plex Rowhouse,EXCEL HOMES LIMITED PARTNERSHIP,,,9,"$1,404,947",112,112,2480 210 AV SE,WAL,WALDEN,50.86369431,-114.0116849,10,Titled Parcel;Building;Building;Building;Building;Building;Building;Building;Building;Building,120 WALGROVE CM SE;2476 210 AV SE;2480 210 AV SE;2464 210 AV SE;2470 210 AV SE;2474 210 AV SE;2466 210 AV SE;2478 210 AV SE;2468 210 AV SE;2472 210 AV SE,"MULTIPOINT (-114.011684948931 50.86369430882226,-114.01052018612039 50.863329721733976,-114.01039145895406 50.863332088648946,-114.01087160608888 50.86331708553161,-114.01068875798038 50.86332328754876,-114.01057506036894 50.86332746028171,-114.01080808080972 50.86331899731413,-114.010456674669 50.86333008704161,-114.01074381707107 50.863321853081516,-114.01062899728447 50.863326151830485)","{""type"":""MultiPoint"",""coordinates"":[[-114.0116849,50.8636943],[-114.0105202,50.8633297],[-114.0103915,50.8633321],[-114.0108716,50.8633171],[-114.0106888,50.8633233],[-114.0105751,50.8633275],[-114.0108081,50.863319],[-114.0104567,50.8633301],[-114.0107438,50.8633219],[-114.010629,50.8633262]]}",POINT (-114.011684948931 50.86369430882226),2480 210 AV SE,a,
BP2018-02026,Completed,2018-02-26,2018,2018-05-11,2019-09-23,2019,Commercial / Multi Family Project,Building,1606 - Ths Townhouse,Townhouse,Residential,New,New,New,Winston Building 21 (new),HOMES BY AVI (CANADA),,HOMES BY AVI (CANADA),10,"$1,404,015",113,113,#5200 100 WALGROVE CO SE,WAL,WALDEN,50.86370584,-114.0243516,2,Titled Parcel;Building,#5200 100 WALGROVE CO SE;#5200 100 WALGROVE CO SE,"MULTIPOINT (-114.02435159168922 50.86370583849047,-114.02406715485468 50.863726736337135)","{""type"":""MultiPoint"",""coordinates"":[[-114.0243516,50.8637058],[-114.0240672,50.8637267]]}",POINT (-114.02435159168922 50.86370583849047),100 WALGROVE CO SE,a,
BP2018-02027,Completed,2018-02-26,2018,2018-05-11,2019-09-25,2019,Commercial / Multi Family Project,Building,1606 - Ths Townhouse,Townhouse,Residential,New,New,New,Winston Building 18 (new),HOMES BY AVI (CANADA),,HOMES BY AVI (CANADA),10,"$1,404,015",113,113,#4300 100 WALGROVE CO SE,WAL,WALDEN,50.86414766,-114.0244868,1,Building,#4300 100 WALGROVE CO SE,POINT (-114.02448681639788 50.864147660352806),"{""type"":""Point"",""coordinates"":[-114.0244868,50.8641477]}",POINT (-114.02448681639788 50.864147660352806),100 WALGROVE CO SE,a,
BP2018-02025,Completed,2018-02-26,2018,2018-05-11,2019-09-17,2019,Commercial / Multi Family Project,Building,1606 - Ths Townhouse,Townhouse,Residential,New,New,New,Winston Building 20 (new),HOMES BY AVI (CANADA),,HOMES BY AVI (CANADA),10,"$1,404,015",113,113,#5300 100 WALGROVE CO SE,WAL,WALDEN,50.86469952,-114.0229384,2,Titled Parcel;Building,100 WALGROVE CO SE;#5300 100 WALGROVE CO SE,"MULTIPOINT (-114.02293844973785 50.86469952115577,-114.0246817656697 50.863919983174966)","{""type"":""MultiPoint"",""coordinates"":[[-114.0229384,50.8646995],[-114.0246818,50.86392]]}",POINT (-114.02293844973785 50.86469952115577),100 WALGROVE CO SE,a,
BP2018-02028,Completed,2018-02-26,2018,2018-05-11,2019-07-25,2019,Commercial / Multi Family Project,Building,1606 - Ths Townhouse,Townhouse,Residential,New,New,New,Winston Building 19 (new),HOMES BY AVI (CANADA),,HOMES BY AVI (CANADA),8,"$1,174,090",113,113,#5400 100 WALGROVE CO SE,WAL,WALDEN,50.86469952,-114.0229384,2,Titled Parcel;Building,100 WALGROVE CO SE;#5400 100 WALGROVE CO SE,"MULTIPOINT (-114.02293844973785 50.86469952115577,-114.02518310937178 50.864196274030775)","{""type"":""MultiPoint"",""coordinates"":[[-114.0229384,50.8646995],[-114.0251831,50.8641963]]}",POINT (-114.02293844973785 50.86469952115577),100 WALGROVE CO SE,a,
BP2018-02024,Completed,2018-02-26,2018,2018-05-11,2020-03-31,2020,Commercial / Multi Family Project,Building,1606 - Ths Townhouse,Townhouse,Residential,New,New,New,Winston Building 11 (new),HOMES BY AVI (CANADA),,HOMES BY AVI (CANADA),5,"$759,764",113,113,#3500 100 WALGROVE CO SE,WAL,WALDEN,50.86469952,-114.0229384,2,Titled Parcel;Building,100 WALGROVE CO SE;#3500 100 WALGROVE CO SE,"MULTIPOINT (-114.02293844973785 50.86469952115577,-114.02488996958724 50.86457834051417)","{""type"":""MultiPoint"",""coordinates"":[[-114.0229384,50.8646995],[-114.02489,50.8645783]]}",POINT (-114.02293844973785 50.86469952115577),100 WALGROVE CO SE,a,
BP2019-01781,Completed,2019-02-21,2019,2019-03-05,2020-03-11,2020,Commercial / Multi Family Project,Building,1606 - Ths Townhouse,Townhouse,Residential,New,New,New,Winston Building 15 (new),HOMES BY AVI (CANADA),,,10,"$1,402,099",113,113,#3100 100 WALGROVE CO SE,WAL,WALDEN,50.86398924,-114.0232881,2,Titled Parcel;Building,#3100 100 WALGROVE CO SE;#3100 100 WALGROVE CO SE,"MULTIPOINT (-114.02328810854122 50.86398924093578,-114.02304234377773 50.86399572656099)","{""type"":""MultiPoint"",""coordinates"":[[-114.0232881,50.8639892],[-114.0230423,50.8639957]]}",POINT (-114.02328810854122 50.86398924093578),100 WALGROVE CO SE,a,
BP2019-05921,Completed,2019-05-17,2019,2019-05-29,2021-08-30,2021,Commercial / Multi Family Project,Building,1606 - Ths Townhouse,Townhouse,Residential,New,New,New,Winston Building 14 (new),HOMES BY AVI (CANADA),,,10,"$1,403,622",113,113,#3200 100 WALGROVE CO SE,WAL,WALDEN,50.86404764,-114.0234873,2,Titled Parcel;Building,#3200 100 WALGROVE CO SE;#3200 100 WALGROVE CO SE,"MULTIPOINT (-114.02348731206524 50.86404763610495,-114.02366917427997 50.864196231249)","{""type"":""MultiPoint"",""coordinates"":[[-114.0234873,50.8640476],[-114.0236692,50.8641962]]}",POINT (-114.02348731206524 50.86404763610495),100 WALGROVE CO SE,a,
BP2019-05920,Completed,2019-05-17,2019,2019-05-29,2021-11-02,2021,Commercial / Multi Family Project,Building,1606 - Ths Townhouse,Townhouse,Residential,New,New,New,Winston Building 7 (new),HOMES BY AVI (CANADA),,,10,"$1,403,622",113,113,#2200 100 WALGROVE CO SE,WAL,WALDEN,50.86458251,-114.0236607,2,Titled Parcel;Building,#2200 100 WALGROVE CO SE;#2200 100 WALGROVE CO SE,"MULTIPOINT (-114.02366074706134 50.86458250681815,-114.02348794740293 50.864435680879865)","{""type"":""MultiPoint"",""coordinates"":[[-114.0236607,50.8645825],[-114.0234879,50.8644357]]}",POINT (-114.02366074706134 50.86458250681815),100 WALGROVE CO SE,a,
BP2019-01784,Completed,2019-02-21,2019,2019-03-05,2020-06-18,2020,Commercial / Multi Family Project,Building,1606 - Ths Townhouse,Townhouse,Residential,New,New,New,Winston Building 6 (new),HOMES BY AVI (CANADA),,,10,"$1,402,099",113,113,#2100 100 WALGROVE CO SE,WAL,WALDEN,50.86469952,-114.0229384,2,Titled Parcel;Building,100 WALGROVE CO SE;#2100 100 WALGROVE CO SE,"MULTIPOINT (-114.02293844973785 50.86469952115577,-114.02286212332037 50.86423571443035)","{""type"":""MultiPoint"",""coordinates"":[[-114.0229384,50.8646995],[-114.0228621,50.8642357]]}",POINT (-114.02293844973785 50.86469952115577),100 WALGROVE CO SE,a,
BP2018-08762,Completed,2018-07-05,2018,2018-07-25,2019-11-07,2019,Commercial / Multi Family Project,Building,1606 - Ths Townhouse,Townhouse,Residential,New,New,New,8 Units Townhouse (Building #23) at Winston (new),HOMES BY AVI URBAN (2006),,,8,"$1,401,286",113,113,#4000 100 WALGROVE CO SE,WAL,WALDEN,50.86372414,-114.0227404,2,Titled Parcel;Building,#4000 100 WALGROVE CO SE;#4000 100 WALGROVE CO SE,"MULTIPOINT (-114.02274040328595 50.86372414353994,-114.02269334621522 50.86358857430527)","{""type"":""MultiPoint"",""coordinates"":[[-114.0227404,50.8637241],[-114.0226933,50.8635886]]}",POINT (-114.02274040328595 50.86372414353994),100 WALGROVE CO SE,a,
BP2018-08760,Completed,2018-07-05,2018,2018-07-25,2019-09-23,2019,Commercial / Multi Family Project,Building,1606 - Ths Townhouse,Townhouse,Residential,New,New,New,10 Units Townhouse (Building #17) at Winston (new),HOMES BY AVI URBAN (2006),,,10,"$1,401,286",113,113,#4200 100 WALGROVE CO SE,WAL,WALDEN,50.86409247,-114.0240491,2,Titled Parcel;Building,#4200 100 WALGROVE CO SE;#4200 100 WALGROVE CO SE,"MULTIPOINT (-114.02404910334671 50.86409247177061,-114.02385528985141 50.863964403858745)","{""type"":""MultiPoint"",""coordinates"":[[-114.0240491,50.8640925],[-114.0238553,50.8639644]]}",POINT (-114.02404910334671 50.86409247177061),100 WALGROVE CO SE,a,
BP2018-08759,Completed,2018-07-05,2018,2018-07-25,2019-11-07,2019,Commercial / Multi Family Project,Building,1606 - Ths Townhouse,Townhouse,Residential,New,New,New,10 Units Townhouse (Building #16) at Winston (new),HOMES BY AVI URBAN (2006),,,10,"$1,401,286",113,113,#4101 100 WALGROVE CO SE,WAL,WALDEN,50.86469952,-114.0229384,12,Titled Parcel;Building;Building Suite;Building Suite;Building Suite;Building Suite;Building Suite;Building Suite;Building Suite;Building Suite;Building Suite;Building Suite,100 WALGROVE CO SE;#4100 100 WALGROVE CO SE;#4104 100 WALGROVE CO SE;#4106 100 WALGROVE CO SE;#4101 100 WALGROVE CO SE;#4107 100 WALGROVE CO SE;#4105 100 WALGROVE CO SE;#4102 100 WALGROVE CO SE;#4103 100 WALGROVE CO SE;#4110 100 WALGROVE CO SE;#4108 100 WALGROVE CO SE;#4109 100 WALGROVE CO SE,"MULTIPOINT (-114.02293844973785 50.86469952115577,-114.02322939749327 50.86376043882054,-114.0231967144864 50.863796126683155,-114.0234571839537 50.86379607462788,-114.02295988084576 50.863705554175894,-114.02338273923364 50.86375042029755,-114.02331400072308 50.863838203547196,-114.02303432683563 50.863754768821266,-114.0231572481106 50.8637882862383,-114.0231041872626 50.86366555610089,-114.02329704121071 50.86372760280005,-114.02317862202334 50.86369194501277)","{""type"":""MultiPoint"",""coordinates"":[[-114.0229384,50.8646995],[-114.0232294,50.8637604],[-114.0231967,50.8637961],[-114.0234572,50.8637961],[-114.0229599,50.8637056],[-114.0233827,50.8637504],[-114.023314,50.8638382],[-114.0230343,50.8637548],[-114.0231572,50.8637883],[-114.0231042,50.8636656],[-114.023297,50.8637276],[-114.0231786,50.8636919]]}",POINT (-114.02293844973785 50.86469952115577),100 WALGROVE CO SE,a,
BP2018-08763,Completed,2018-07-05,2018,2018-07-25,2019-11-07,2019,Commercial / Multi Family Project,Building,1606 - Ths Townhouse,Townhouse,Residential,New,New,New,10 Units Townhouse (Building #22) at Winston (new),HOMES BY AVI URBAN (2006),,,10,"$1,401,286",113,113,#5101 100 WALGROVE CO SE,WAL,WALDEN,50.86469952,-114.0229384,12,Titled Parcel;Building;Building Suite;Building Suite;Building Suite;Building Suite;Building Suite;Building Suite;Building Suite;Building Suite;Building Suite;Building Suite,100 WALGROVE CO SE;#5100 100 WALGROVE CO SE;1676 210 AV SE;#5102 100 WALGROVE CO SE;#5101 100 WALGROVE CO SE;1670 210 AV SE;1672 210 AV SE;#5104 100 WALGROVE CO SE;#5103 100 WALGROVE CO SE;1674 210 AV SE;#5105 100 WALGROVE CO SE;#5106 100 WALGROVE CO SE,"MULTIPOINT (-114.02293844973785 50.86469952115577,-114.02336911194197 50.86354277169501,-114.02322968710872 50.8634570617656,-114.02318419323937 50.863554225889054,-114.02309509003663 50.863510003696256,-114.02352155095394 50.86351873773862,-114.0234451184682 50.8635025890716,-114.02334995619375 50.863585585973546,-114.02330936739777 50.863577035593295,-114.02331052354283 50.863474144655825,-114.02347513410139 50.86361553356991,-114.02358563716402 50.863615511293055)","{""type"":""MultiPoint"",""coordinates"":[[-114.0229384,50.8646995],[-114.0233691,50.8635428],[-114.0232297,50.8634571],[-114.0231842,50.8635542],[-114.0230951,50.86351],[-114.0235216,50.8635187],[-114.0234451,50.8635026],[-114.02335,50.8635856],[-114.0233094,50.863577],[-114.0233105,50.8634741],[-114.0234751,50.8636155],[-114.0235856,50.8636155]]}",POINT (-114.02293844973785 50.86469952115577),100 WALGROVE CO SE,a,
BP2019-12978,Completed,2019-09-20,2019,2019-11-07,2021-03-18,2021,Commercial / Multi Family Project,Building,1606 - Ths Townhouse,Townhouse,Residential,New,New,New,10 unit Town house.,NORR ARCHITECTS ENGINEERS PLANNERS,,EXCEL HOMES LIMITED PARTNERSHIP,10,"$1,542,014",113,113,2434 210 AV SE,WAL,WALDEN,50.8632313,-114.0118871,11,Titled Parcel;Titled Parcel;Titled Parcel;Titled Parcel;Titled Parcel;Titled Parcel;Titled Parcel;Titled Parcel;Titled Parcel;Titled Parcel;Building,2428 210 AV SE;2430 210 AV SE;2424 210 AV SE;2416 210 AV SE;2434 210 AV SE;2418 210 AV SE;2420 210 AV SE;2422 210 AV SE;2432 210 AV SE;2426 210 AV SE;2434 210 AV SE,"MULTIPOINT (-114.01188714350249 50.86323130270158,-114.01183087675082 50.863231308418364,-114.01199969121097 50.863231291185166,-114.01224889283257 50.86323126529952,-114.01169325688448 50.863231322286445,-114.01217391784779 50.86323127314345,-114.0121122247142 50.8632312795617,-114.0120559579626 50.863231285387,-114.0117691836171 50.8632313146553,-114.01194341025416 50.86323129695766,-114.01169283361273 50.86329964643504)","{""type"":""MultiPoint"",""coordinates"":[[-114.0118871,50.8632313],[-114.0118309,50.8632313],[-114.0119997,50.8632313],[-114.0122489,50.8632313],[-114.0116933,50.8632313],[-114.0121739,50.8632313],[-114.0121122,50.8632313],[-114.012056,50.8632313],[-114.0117692,50.8632313],[-114.0119434,50.8632313],[-114.0116928,50.8632996]]}",POINT (-114.01188714350249 50.86323130270158),2434 210 AV SE,a,
BP2018-00064,Completed,2018-01-04,2018,2018-01-31,2021-05-17,2021,Commercial / Multi Family Project,Building,1606 - Ths Townhouse,Townhouse,Residential,New,New,New,Axis @ Walen Townhomes. Block 4 - 6-plex,ROCKFORD WALDEN,,,6,"$891,722",113,113,84 WALDEN LN SE,WAL,WALDEN,50.86839304,-114.0291186,12,Titled Parcel;Titled Parcel;Titled Parcel;Titled Parcel;Titled Parcel;Titled Parcel;Building;Building;Building;Building;Building;Building,94 WALDEN LN SE;88 WALDEN LN SE;84 WALDEN LN SE;90 WALDEN LN SE;92 WALDEN LN SE;86 WALDEN LN SE;94 WALDEN LN SE;86 WALDEN LN SE;92 WALDEN LN SE;90 WALDEN LN SE;84 WALDEN LN SE;88 WALDEN LN SE,"MULTIPOINT (-114.02911863921092 50.86839303673367,-114.0288817137849 50.86834814556609,-114.02872362747435 50.8683122245496,-114.0289559665727 50.868361612179264,-114.02903053195176 50.86837507866745,-114.02880775661096 50.86833018382952,-114.02916606271647 50.868281360025186,-114.02886156357971 50.86822494251265,-114.02908618438725 50.86826829949769,-114.02901382182257 50.86825583038804,-114.02878826093611 50.86820831112249,-114.02894333384182 50.86824216509782)","{""type"":""MultiPoint"",""coordinates"":[[-114.0291186,50.868393],[-114.0288817,50.8683481],[-114.0287236,50.8683122],[-114.028956,50.8683616],[-114.0290305,50.8683751],[-114.0288078,50.8683302],[-114.0291661,50.8682814],[-114.0288616,50.8682249],[-114.0290862,50.8682683],[-114.0290138,50.8682558],[-114.0287883,50.8682083],[-114.0289433,50.8682422]]}",POINT (-114.02911863921092 50.86839303673367),84 WALDEN LN SE,a,
BP2019-06017,Completed,2019-05-21,2019,2019-06-07,2021-11-03,2021,Commercial / Multi Family Project,Building,1606 - Ths Townhouse,Townhouse,Residential,New,New,New,Axis @ Walden Town-houses (Block 3) non-stacked,ROCKFORD WALDEN,,ROCKFORD WALDEN,6,"$975,190",113,113,100 WALDEN LN SE,WAL,WALDEN,50.86844242,-114.029381,12,Titled Parcel;Titled Parcel;Titled Parcel;Titled Parcel;Titled Parcel;Titled Parcel;Building;Building;Building;Building;Building;Building,104 WALDEN LN SE;110 WALDEN LN SE;106 WALDEN LN SE;102 WALDEN LN SE;108 WALDEN LN SE;100 WALDEN LN SE;110 WALDEN LN SE;106 WALDEN LN SE;102 WALDEN LN SE;108 WALDEN LN SE;104 WALDEN LN SE;100 WALDEN LN SE,"MULTIPOINT (-114.02938096962086 50.86844241603118,-114.02961228717187 50.868491802610585,-114.0294550550535 50.86846037737186,-114.02930688706354 50.86842894964577,-114.02952913770329 50.86847384366314,-114.02921679071787 50.86841099221964,-114.02966512565114 50.86838529358089,-114.0295203823044 50.8683550069858,-114.02935779473519 50.86832352902963,-114.02959086986694 50.86836747625658,-114.0294348603004 50.86833659008048,-114.02929013444047 50.86831105890859)","{""type"":""MultiPoint"",""coordinates"":[[-114.029381,50.8684424],[-114.0296123,50.8684918],[-114.0294551,50.8684604],[-114.0293069,50.8684289],[-114.0295291,50.8684738],[-114.0292168,50.868411],[-114.0296651,50.8683853],[-114.0295204,50.868355],[-114.0293578,50.8683235],[-114.0295909,50.8683675],[-114.0294349,50.8683366],[-114.0292901,50.8683111]]}",POINT (-114.02938096962086 50.86844241603118),100 WALDEN LN SE,a,
BP2021-17302,Completed,2021-10-05,2021,2021-11-02,2022-10-21,2022,Commercial / Multi Family Project,Building,1606 - Ths Townhouse,Townhouse,Residential,New,New,New,"4 -Unit Residential Rowhouse - Building BLOCK 5 - PHASE 8; located at 62, 64, 66, 68 WALDEN LN SE.",ROCKFORD WALDEN,,ROCKFORD WALDEN,4,"$695,846",113,113,62 WALDEN LN SE,WAL,WALDEN,50.86847852,-114.0287898,8,Titled Parcel;Titled Parcel;Titled Parcel;Titled Parcel;Building;Building;Building;Building,68 WALDEN LN SE;66 WALDEN LN SE;62 WALDEN LN SE;64 WALDEN LN SE;62 WALDEN LN SE;68 WALDEN LN SE;66 WALDEN LN SE;64 WALDEN LN SE,"MULTIPOINT (-114.02878977700851 50.86847852336786,-114.02874363261063 50.86852348477033,-114.02865350298562 50.86861340698943,-114.02870237250599 50.86856394995028,-114.02851689826595 50.86855683936567,-114.02864837929936 50.86843609835844,-114.0286051710282 50.86847357031075,-114.02856102794556 50.86851579818874)","{""type"":""MultiPoint"",""coordinates"":[[-114.0287898,50.8684785],[-114.0287436,50.8685235],[-114.0286535,50.8686134],[-114.0287024,50.8685639],[-114.0285169,50.8685568],[-114.0286484,50.8684361],[-114.0286052,50.8684736],[-114.028561,50.8685158]]}",POINT (-114.02878977700851 50.86847852336786),62 WALDEN LN SE,a,
BP2021-05858,Completed,2021-04-13,2021,2021-05-13,2022-06-22,2022,Commercial / Multi Family Project,Building,1606 - Ths Townhouse,Townhouse,Residential,New,New,New,Axis at Walden Bldg #Y,ROCKFORD WALDEN,,ROCKFORD WALDEN,4,"$706,367",113,113,50 WALDEN LN SE,WAL,WALDEN,50.86871682,-114.0285481,8,Titled Parcel;Titled Parcel;Titled Parcel;Titled Parcel;Building;Building;Building;Building,54 WALDEN LN SE;56 WALDEN LN SE;50 WALDEN LN SE;52 WALDEN LN SE;50 WALDEN LN SE;54 WALDEN LN SE;52 WALDEN LN SE;56 WALDEN LN SE,"MULTIPOINT (-114.02854810888651 50.868716817880426,-114.02859699283333 50.86866736088276,-114.02844527429608 50.86882472305344,-114.02850685118348 50.868761777992134,-114.02832906369339 50.86875729031337,-114.02840796245674 50.8686769903871,-114.02836475665626 50.86871921796124,-114.02844457584385 50.868634162072944)","{""type"":""MultiPoint"",""coordinates"":[[-114.0285481,50.8687168],[-114.028597,50.8686674],[-114.0284453,50.8688247],[-114.0285069,50.8687618],[-114.0283291,50.8687573],[-114.028408,50.868677],[-114.0283648,50.8687192],[-114.0284446,50.8686342]]}",POINT (-114.02854810888651 50.868716817880426),50 WALDEN LN SE,a,
BP2022-08987,Completed,2022-05-27,2022,2022-07-13,2023-12-12,2023,Commercial / Multi Family Project,Building,1606 - Ths Townhouse,Townhouse,Residential,New,New,New,8 -Unit Residential Rowhouse - Building BLOCK 5 - PHASE 8; located at WALDEN LN SE.,ROCKFORD WALDEN,,ROCKFORD WALDEN,8,"$1,769,827",113,113,49 WALDEN LN SE,WAL,WALDEN,50.86863133,-114.0288707,16,Titled Parcel;Titled Parcel;Titled Parcel;Titled Parcel;Titled Parcel;Titled Parcel;Titled Parcel;Titled Parcel;Building;Building;Building;Building;Building;Building;Building;Building,61 WALDEN LN SE;51 WALDEN LN SE;55 WALDEN LN SE;57 WALDEN LN SE;63 WALDEN LN SE;49 WALDEN LN SE;53 WALDEN LN SE;59 WALDEN LN SE;51 WALDEN LN SE;61 WALDEN LN SE;53 WALDEN LN SE;55 WALDEN LN SE;49 WALDEN LN SE;59 WALDEN LN SE;63 WALDEN LN SE;57 WALDEN LN SE,"MULTIPOINT (-114.02887069378964 50.86863133348358,-114.02859583430764 50.86891009131793,-114.02870579783132 50.86879768925808,-114.02876075946752 50.86874373569485,-114.02893086337527 50.86856838854448,-114.02852061320435 50.868964049753856,-114.02865082186135 50.868851642798425,-114.02881573241247 50.86868528709957,-114.02866184106892 50.86893559775404,-114.02893888730266 50.86865545476243,-114.0287238352306 50.86888147167236,-114.02876797045492 50.86882615428933,-114.02860454999161 50.868990918320556,-114.02888630046473 50.86871255432473,-114.02899053746619 50.86860013542971,-114.02882337053097 50.868769063076876)","{""type"":""MultiPoint"",""coordinates"":[[-114.0288707,50.8686313],[-114.0285958,50.8689101],[-114.0287058,50.8687977],[-114.0287608,50.8687437],[-114.0289309,50.8685684],[-114.0285206,50.868964],[-114.0286508,50.8688516],[-114.0288157,50.8686853],[-114.0286618,50.8689356],[-114.0289389,50.8686555],[-114.0287238,50.8688815],[-114.028768,50.8688262],[-114.0286045,50.8689909],[-114.0288863,50.8687126],[-114.0289905,50.8686001],[-114.0288234,50.8687691]]}",POINT (-114.02887069378964 50.86863133348358),49 WALDEN LN SE,a,
BP2022-02694,Completed,2022-02-23,2022,2022-03-15,2023-07-13,2023,Commercial / Multi Family Project,Building,1606 - Ths Townhouse,Townhouse,Residential,New,New,New,Group C (Division B 9.10.15),ROCKFORD WALDEN,,ROCKFORD WALDEN,8,"$1,680,411",113,113,146 WALDEN LN SE,WAL,WALDEN,50.86915711,-114.0294101,16,Titled Parcel;Titled Parcel;Titled Parcel;Titled Parcel;Titled Parcel;Titled Parcel;Titled Parcel;Titled Parcel;Building;Building;Building;Building;Building;Building;Building;Building,136 WALDEN LN SE;146 WALDEN LN SE;142 WALDEN LN SE;132 WALDEN LN SE;140 WALDEN LN SE;144 WALDEN LN SE;134 WALDEN LN SE;138 WALDEN LN SE;138 WALDEN LN SE;140 WALDEN LN SE;134 WALDEN LN SE;142 WALDEN LN SE;146 WALDEN LN SE;144 WALDEN LN SE;132 WALDEN LN SE;136 WALDEN LN SE,"MULTIPOINT (-114.02941008859301 50.869157114143306,-114.02935634538323 50.86940884780786,-114.02938290160208 50.86930096106911,-114.02943001272732 50.86905372406257,-114.02939344336528 50.86925600839071,-114.02936990482435 50.869350409366334,-114.02941919256399 50.86910766682115,-114.02940149605489 50.86920656133551,-114.0294861627254 50.869217858394784,-114.02947397770002 50.86927019229082,-114.02950395937106 50.86912033032324,-114.02946461609618 50.86931657408926,-114.02944211825009 50.8694164766986,-114.02945617793203 50.86936295565356,-114.02951425442343 50.86906740356028,-114.02949834960157 50.86916850018821)","{""type"":""MultiPoint"",""coordinates"":[[-114.0294101,50.8691571],[-114.0293563,50.8694088],[-114.0293829,50.869301],[-114.02943,50.8690537],[-114.0293934,50.869256],[-114.0293699,50.8693504],[-114.0294192,50.8691077],[-114.0294015,50.8692066],[-114.0294862,50.8692179],[-114.029474,50.8692702],[-114.029504,50.8691203],[-114.0294646,50.8693166],[-114.0294421,50.8694165],[-114.0294562,50.869363],[-114.0295143,50.8690674],[-114.0294983,50.8691685]]}",POINT (-114.02941008859301 50.869157114143306),146 WALDEN LN SE,a,
BP2023-00614,Completed,2023-01-18,2023,2023-02-03,2024-08-23,2024,Commercial / Multi Family Project,Building,1606 - Ths Townhouse,Townhouse,Residential,New,New,New,6 Plex Rowhouse (Block 2),ROCKFORD WALDEN,,ROCKFORD WALDEN,6,"$1,270,531",113,113,116 WALDEN LN SE,WAL,WALDEN,50.86863566,-114.0295291,12,Titled Parcel;Titled Parcel;Titled Parcel;Titled Parcel;Titled Parcel;Titled Parcel;Building;Building;Building;Building;Building;Building,116 WALDEN LN SE;120 WALDEN LN SE;126 WALDEN LN SE;118 WALDEN LN SE;122 WALDEN LN SE;124 WALDEN LN SE;124 WALDEN LN SE;122 WALDEN LN SE;126 WALDEN LN SE;116 WALDEN LN SE;120 WALDEN LN SE;118 WALDEN LN SE,"MULTIPOINT (-114.02952908366132 50.868635663784495,-114.02951037034516 50.86874354858635,-114.02947140921222 50.86889189352193,-114.02951644807125 50.868694102018125,-114.02949732839966 50.868788501911155,-114.02948480071267 50.86883795010701,-114.02957897221738 50.868850934819385,-114.0295826938529 50.86880513878791,-114.02956678851741 50.86890504874917,-114.02961079958109 50.868655286246245,-114.02959206718458 50.86875518794067,-114.02960894397422 50.86870880422142)","{""type"":""MultiPoint"",""coordinates"":[[-114.0295291,50.8686357],[-114.0295104,50.8687435],[-114.0294714,50.8688919],[-114.0295164,50.8686941],[-114.0294973,50.8687885],[-114.0294848,50.868838],[-114.029579,50.8688509],[-114.0295827,50.8688051],[-114.0295668,50.868905],[-114.0296108,50.8686553],[-114.0295921,50.8687552],[-114.0296089,50.8687088]]}",POINT (-114.02952908366132 50.868635663784495),116 WALDEN LN SE,a,
BP2022-04875,Completed,2022-03-30,2022,2022-08-24,2022-12-20,2022,Commercial / Multi Family Project,Building,1606 - Ths Townhouse,Townhouse,Residential,New,New,New,Rowhouse with suites,TRUMAN HOMES 1995,,TRUMAN HOMES 1995,5,"$694,284",113,113,553B WALGROVE BV SE,WAL,WALDEN,50.86676381,-114.0165601,8,Titled Parcel;Titled Parcel;Titled Parcel;Building;Building;Building;Building Suite;Building Suite,553 WALGROVE BV SE;557 WALGROVE BV SE;561 WALGROVE BV SE;553 WALGROVE BV SE;561 WALGROVE BV SE;557 WALGROVE BV SE;553B WALGROVE BV SE;561B WALGROVE BV SE,"MULTIPOINT (-114.0165600979503 50.86676380770596,-114.01646424830251 50.866763821265195,-114.016367603104 50.86676383485728,-114.01655041285152 50.86669365105217,-114.01637846039175 50.86669331570652,-114.01646358884001 50.866666189864105,-114.01658931792115 50.86667723876337,-114.01634011276182 50.86667905393726)","{""type"":""MultiPoint"",""coordinates"":[[-114.0165601,50.8667638],[-114.0164642,50.8667638],[-114.0163676,50.8667638],[-114.0165504,50.8666937],[-114.0163785,50.8666933],[-114.0164636,50.8666662],[-114.0165893,50.8666772],[-114.0163401,50.8666791]]}",POINT (-114.0165600979503 50.86676380770596),553B WALGROVE BV SE,a,
BP2021-00612,Completed,2021-01-13,2021,2021-03-03,2021-11-24,2021,Commercial / Multi Family Project,Building,1606 - Ths Townhouse,Townhouse,Residential,New,New,New,Winston Building 4 (9.10.14.),,HOMES BY AVI (CANADA),HOMES BY AVI (CANADA),10,"$1,405,014",114,114,#1207 100 WALGROVE CO SE,WAL,WALDEN,50.86469952,-114.0229384,12,Titled Parcel;Building;Building Suite;Building Suite;Building Suite;Building Suite;Building Suite;Building Suite;Building Suite;Building Suite;Building Suite;Building Suite,100 WALGROVE CO SE;#1200 100 WALGROVE CO SE;#1209 100 WALGROVE CO SE;#1203 100 WALGROVE CO SE;#1208 100 WALGROVE CO SE;#1207 100 WALGROVE CO SE;#1201 100 WALGROVE CO SE;#1205 100 WALGROVE CO SE;#1206 100 WALGROVE CO SE;#1204 100 WALGROVE CO SE;#1210 100 WALGROVE CO SE;#1202 100 WALGROVE CO SE,"MULTIPOINT (-114.02293844973785 50.86469952115577,-114.02346530878162 50.86487020867021,-114.0234991633673 50.86493156767819,-114.02338186363085 50.864868319533365,-114.0235570146944 50.86485829641268,-114.02360284565697 50.864808815119865,-114.02345173103271 50.86476269984931,-114.02330752208853 50.86500438923582,-114.02360957463627 50.864743636173806,-114.02332176538012 50.864937311915426,-114.02346611780044 50.864981999300745,-114.02339989032448 50.86483929616334)","{""type"":""MultiPoint"",""coordinates"":[[-114.0229384,50.8646995],[-114.0234653,50.8648702],[-114.0234992,50.8649316],[-114.0233819,50.8648683],[-114.023557,50.8648583],[-114.0236028,50.8648088],[-114.0234517,50.8647627],[-114.0233075,50.8650044],[-114.0236096,50.8647436],[-114.0233218,50.8649373],[-114.0234661,50.864982],[-114.0233999,50.8648393]]}",POINT (-114.02293844973785 50.86469952115577),100 WALGROVE CO SE,a,
BP2021-08847,Completed,2021-05-21,2021,2021-06-11,2022-11-23,2022,Commercial / Multi Family Project,Building,1606 - Ths Townhouse,Townhouse,Residential,New,New,New,8 Plex Stacked Townhouse,,HOMES BY AVI URBAN (2006),HOMES BY AVI URBAN (2006),8,"$1,169,245",115,115,54 WALGROVE PZ SE,WAL,WALDEN,50.86469952,-114.0229384,11,Titled Parcel;Titled Parcel;Building;Building Suite;Building Suite;Building Suite;Building Suite;Building Suite;Building Suite;Building Suite;Building Suite,100 WALGROVE CO SE;#1500 100 WALGROVE CO SE;#1500 100 WALGROVE CO SE;#1502 100 WALGROVE CO SE;54 WALGROVE PZ SE;52 WALGROVE PZ SE;56 WALGROVE PZ SE;#1501 100 WALGROVE CO SE;#1503 100 WALGROVE CO SE;#1504 100 WALGROVE CO SE;58 WALGROVE PZ SE,"MULTIPOINT (-114.02293844973785 50.86469952115577,-114.02469219964424 50.86503628876607,-114.02446898919958 50.86512593921452,-114.0244524076576 50.865037939468934,-114.02449234173274 50.86520394963352,-114.02441643665097 50.86525154067484,-114.02454716451551 50.86512782868251,-114.02460273369515 50.86501269089809,-114.02439756938143 50.86511168701688,-114.02435399817792 50.86516212108891,-114.02458924387506 50.86507739485236)","{""type"":""MultiPoint"",""coordinates"":[[-114.0229384,50.8646995],[-114.0246922,50.8650363],[-114.024469,50.8651259],[-114.0244524,50.8650379],[-114.0244923,50.8652039],[-114.0244164,50.8652515],[-114.0245472,50.8651278],[-114.0246027,50.8650127],[-114.0243976,50.8651117],[-114.024354,50.8651621],[-114.0245892,50.8650774]]}",POINT (-114.02293844973785 50.86469952115577),54 WALGROVE PZ SE,a,
BP2021-05607,Completed,2021-04-08,2021,2021-06-01,2022-06-07,2022,Commercial / Multi Family Project,Building,1606 - Ths Townhouse,Townhouse,Residential,New,New,New,Winston Building 3 (9.10.14.),,HOMES BY AVI URBAN (2006),HOMES BY AVI URBAN (2006),10,"$1,401,963",115,115,#1307 100 WALGROVE CO SE,WAL,WALDEN,50.86479825,-114.0237639,12,Titled Parcel;Building;Building Suite;Building Suite;Building Suite;Building Suite;Building Suite;Building Suite;Building Suite;Building Suite;Building Suite;Building Suite,#1300 100 WALGROVE CO SE;#1300 100 WALGROVE CO SE;#1306 100 WALGROVE CO SE;#1310 100 WALGROVE CO SE;#1304 100 WALGROVE CO SE;#1301 100 WALGROVE CO SE;#1308 100 WALGROVE CO SE;#1307 100 WALGROVE CO SE;#1309 100 WALGROVE CO SE;#1303 100 WALGROVE CO SE;#1305 100 WALGROVE CO SE;#1302 100 WALGROVE CO SE,"MULTIPOINT (-114.02376394676969 50.86479824613807,-114.02379986253507 50.86494530642011,-114.02394792389929 50.864880575023186,-114.02373304731245 50.865101827132605,-114.02370891110333 50.86496054501925,-114.02387646379393 50.8647864013106,-114.02386452971358 50.86497859221891,-114.02388632236277 50.8649528943085,-114.02381420873327 50.865053767981614,-114.02376902060004 50.86488679671969,-114.02366307938533 50.86500860593077,-114.02380055997126 50.864836365317665)","{""type"":""MultiPoint"",""coordinates"":[[-114.0237639,50.8647982],[-114.0237999,50.8649453],[-114.0239479,50.8648806],[-114.023733,50.8651018],[-114.0237089,50.8649605],[-114.0238765,50.8647864],[-114.0238645,50.8649786],[-114.0238863,50.8649529],[-114.0238142,50.8650538],[-114.023769,50.8648868],[-114.0236631,50.8650086],[-114.0238006,50.8648364]]}",POINT (-114.02376394676969 50.86479824613807),100 WALGROVE CO SE,a,
BP2021-06685,Completed,2021-04-23,2021,2021-05-13,2022-06-15,2022,Commercial / Multi Family Project,Building,1606 - Ths Townhouse,Townhouse,Residential,New,New,New,Winston Building 2 (9.10.14.),,HOMES BY AVI URBAN (2006),HOMES BY AVI URBAN (2006),8,"$1,172,353",115,115,#1400 100 WALGROVE CO SE,WAL,WALDEN,50.86489707,-114.0240788,2,Titled Parcel;Building,#1400 100 WALGROVE CO SE;#1400 100 WALGROVE CO SE,"MULTIPOINT (-114.02407876680367 50.86489707174605,-114.0241314278108 50.865035623917315)","{""type"":""MultiPoint"",""coordinates"":[[-114.0240788,50.8648971],[-114.0241314,50.8650356]]}",POINT (-114.02407876680367 50.86489707174605),100 WALGROVE CO SE,a,
BP2017-11876,Completed,2017-09-07,2017,2019-05-24,2020-05-11,2020,Commercial / Multi Family Project,Building,1606 - Ths Townhouse,Townhouse,Residential,New,New,New,West Hillhurst 3 Plex with secondary suites (new),BMP CONSTRUCTION MANAGEMENT,,,3,"$1,038,232",116,116,108B 21 ST NW,WHL,WEST HILLHURST,51.05322114,-114.1103184,9,Titled Parcel;Titled Parcel;Titled Parcel;Building;Building;Building;Building Suite;Building Suite;Building Suite,112 21 ST NW;108 21 ST NW;2141 1 AV NW;2141 1 AV NW;112 21 ST NW;108 21 ST NW;108B 21 ST NW;112B 21 ST NW;2141B 1 AV NW,"MULTIPOINT (-114.110318440355 51.05322113916802,-114.11032063717555 51.053149219307066,-114.11021824413761 51.05334259495535,-114.11021828206782 51.053232389901886,-114.11021721063743 51.05321966146389,-114.1102238301276 51.053142118857195,-114.1102238301276 51.053142118857195,-114.11021721063743 51.05321966146389,-114.11021992268813 51.053286614365945)","{""type"":""MultiPoint"",""coordinates"":[[-114.1103184,51.0532211],[-114.1103206,51.0531492],[-114.1102182,51.0533426],[-114.1102183,51.0532324],[-114.1102172,51.0532197],[-114.1102238,51.0531421],[-114.1102238,51.0531421],[-114.1102172,51.0532197],[-114.1102199,51.0532866]]}",POINT (-114.110318440355 51.05322113916802),108B 21 ST NW,a,
BP2018-13823,Completed,2018-10-16,2018,2018-12-07,2020-06-18,2020,Commercial / Multi Family Project,Building,1606 - Ths Townhouse,Townhouse,Residential,New,New,New,7 Plex stacked Hillhurst Townhomes (2 new buildings),MODERN OFFICE OF DESIGN & ARCHITECTURE,,,7,"$1,612,522",116,116,2104 5 AV NW,WHL,WEST HILLHURST,51.05735824,-114.1083588,8,Titled Parcel;Building;Building;Building;Building;Building;Building;Building,2102 5 AV NW;2106 5 AV NW;617 20 ST NW;619 20 ST NW;613 20 ST NW;2104 5 AV NW;615 20 ST NW;611 20 ST NW,"MULTIPOINT (-114.10835876990089 51.05735824352177,-114.10850725726308 51.057404420799045,-114.1082379974589 51.05755624605082,-114.10824242018657 51.05761773161631,-114.10823688377246 51.05744566457765,-114.10841823255923 51.05740450340519,-114.1082387300915 51.057503385838814,-114.10824016892228 51.05738632940495)","{""type"":""MultiPoint"",""coordinates"":[[-114.1083588,51.0573582],[-114.1085073,51.0574044],[-114.108238,51.0575562],[-114.1082424,51.0576177],[-114.1082369,51.0574457],[-114.1084182,51.0574045],[-114.1082387,51.0575034],[-114.1082402,51.0573863]]}",POINT (-114.10835876990089 51.05735824352177),2104 5 AV NW,a,
BP2018-12579,Completed,2018-09-18,2018,2018-11-15,2020-01-13,2020,Commercial / Multi Family Project,Building,1606 - Ths Townhouse,Townhouse,Residential,New,New,New,West Hillhurst 19-WH19 - Non stacked Townhouses 4 units,RNDSQR CONSTRUCTION,,,4,"$883,100",116,116,1938 BOWNESS RD NW,WHL,WEST HILLHURST,51.0513873,-114.1053767,5,Titled Parcel;Building;Building;Building;Building,64 19 ST NW;60 19 ST NW;1940 BOWNESS RD NW;62 19 ST NW;1938 BOWNESS RD NW,"MULTIPOINT (-114.10537673029141 51.05138730006529,-114.1052928385436 51.051425617960994,-114.1053243351055 51.05133330105751,-114.1052929615017 51.051479843876336,-114.10524885942789 51.05133432195475)","{""type"":""MultiPoint"",""coordinates"":[[-114.1053767,51.0513873],[-114.1052928,51.0514256],[-114.1053243,51.0513333],[-114.105293,51.0514798],[-114.1052489,51.0513343]]}",POINT (-114.10537673029141 51.05138730006529),1938 BOWNESS RD NW,a,
BP2021-18086,Completed,2021-10-18,2021,2022-07-25,2024-12-06,2024,Commercial / Multi Family Project,Building,1606 - Ths Townhouse,Townhouse,Residential,New,New,New,The Rio - Stacked 4-Plex,,DAVINCI ESTATE HOMES,DAVINCI ESTATE HOMES,4,"$1,401,729",117,117,#2 2633 1 AV NW,WHL,WEST HILLHURST,51.05358243,-114.1221704,7,Titled Parcel;Building;Building;Building Suite;Building Suite;Building Suite;Building Suite,2633 1 AV NW;2635 1 AV NW;2633 1 AV NW;#2 2633 1 AV NW;#2 2635 1 AV NW;#1 2633 1 AV NW;#1 2635 1 AV NW,"MULTIPOINT (-114.12217044607397 51.05358242582214,-114.12226758882073 51.05348305072916,-114.12217924616738 51.053473865710224,-114.12217235608135 51.0534409974921,-114.12227246546792 51.053439184765445,-114.12216457453539 51.05356804840113,-114.12227086894148 51.05360204427045)","{""type"":""MultiPoint"",""coordinates"":[[-114.1221704,51.0535824],[-114.1222676,51.0534831],[-114.1221792,51.0534739],[-114.1221724,51.053441],[-114.1222725,51.0534392],[-114.1221646,51.053568],[-114.1222709,51.053602]]}",POINT (-114.12217044607397 51.05358242582214),2633 1 AV NW,a,
BP2018-03799,Completed,2018-04-09,2018,2018-07-04,2020-07-21,2020,Commercial / Multi Family Project,Building,1606 - Ths Townhouse,Townhouse,Residential,New,New,New,"Edmonton Trail Townhouses East Block: 3 storey, 8 residential units",CLEM LAU ARCHITECTS & DESIGNERS,,,8,"$1,652,818",118,118,2802 EDMONTON TR NE,WIN,WINSTON HEIGHTS/MOUNTVIEW,51.07706496,-114.055071,9,Titled Parcel;Building;Building;Building;Building;Building;Building;Building;Building,408 27 AV NE;2810 EDMONTON TR NE;2802 EDMONTON TR NE;2806 EDMONTON TR NE;2812 EDMONTON TR NE;406 27 AV NE;2808 EDMONTON TR NE;2814 EDMONTON TR NE;2804 EDMONTON TR NE,"MULTIPOINT (-114.05507099026217 51.077064957204286,-114.05524749016384 51.07726998255304,-114.05524326253182 51.07712320998495,-114.05524536124419 51.077195899576125,-114.05524860692336 51.07730899725195,-114.05524227997545 51.07708903167124,-114.05524641855179 51.077232927583566,-114.05525016967259 51.07736301552151,-114.05524436386816 51.077161262796)","{""type"":""MultiPoint"",""coordinates"":[[-114.055071,51.077065],[-114.0552475,51.07727],[-114.0552433,51.0771232],[-114.0552454,51.0771959],[-114.0552486,51.077309],[-114.0552423,51.077089],[-114.0552464,51.0772329],[-114.0552502,51.077363],[-114.0552444,51.0771613]]}",POINT (-114.05507099026217 51.077064957204286),2802 EDMONTON TR NE,a,
BP2018-03804,Completed,2018-04-09,2018,2018-07-04,2020-07-15,2020,Commercial / Multi Family Project,Building,1606 - Ths Townhouse,Townhouse,Residential,New,New,New,"Edmonton Trail Townhouses East Block: 3 storey, 9 residential units",CLEM LAU ARCHITECTS & DESIGNERS,,,9,"$1,543,511",118,118,#101 408 27 AV NE,WIN,WINSTON HEIGHTS/MOUNTVIEW,51.07706496,-114.055071,10,Titled Parcel;Building;Building;Building;Building;Building;Building;Building;Building;Building,408 27 AV NE;#101 408 27 AV NE;#109 408 27 AV NE;#103 408 27 AV NE;#111 408 27 AV NE;#113 408 27 AV NE;#105 408 27 AV NE;#117 408 27 AV NE;#115 408 27 AV NE;#107 408 27 AV NE,"MULTIPOINT (-114.05507099026217 51.077064957204286,-114.0548663167967 51.07708483973337,-114.05486398967469 51.07722878364181,-114.05486573176881 51.07712109540286,-114.05486337837708 51.077266963114994,-114.05486280642467 51.077302211932626,-114.05486513267147 51.0771575218827,-114.05486166310199 51.077373203999585,-114.05486220769485 51.07733895305008,-114.05486453512535 51.07719526085541)","{""type"":""MultiPoint"",""coordinates"":[[-114.055071,51.077065],[-114.0548663,51.0770848],[-114.054864,51.0772288],[-114.0548657,51.0771211],[-114.0548634,51.077267],[-114.0548628,51.0773022],[-114.0548651,51.0771575],[-114.0548617,51.0773732],[-114.0548622,51.077339],[-114.0548645,51.0771953]]}",POINT (-114.05507099026217 51.077064957204286),408 27 AV NE,a,
BP2023-05923,Completed,2023-04-28,2023,2024-09-06,2025-12-05,2025,Commercial / Multi Family Project,Building,1606 - Ths Townhouse,Townhouse,Residential,New,New,New,New Building (Trail 31 - Building A),FORMED ALLIANCE ARCHITECTURE STUDIO,,,12,"$1,177,801",119,119,#310 415 31 AV NE,WIN,WINSTON HEIGHTS/MOUNTVIEW,51.08046812,-114.0538463,14,Titled Parcel;Building;Building Suite;Building Suite;Building Suite;Building Suite;Building Suite;Building Suite;Building Suite;Building Suite;Building Suite;Building Suite;Building Suite;Building Suite,415 31 AV NE;#300 415 31 AV NE;#308 415 31 AV NE;#302 415 31 AV NE;#307 415 31 AV NE;#301 415 31 AV NE;#306 415 31 AV NE;#312 415 31 AV NE;#304 415 31 AV NE;#303 415 31 AV NE;#311 415 31 AV NE;#310 415 31 AV NE;#305 415 31 AV NE;#309 415 31 AV NE,"MULTIPOINT (-114.05384628747208 51.08046812268083,-114.05341666795371 51.08038032878868,-114.05340172274695 51.08032825840709,-114.05345061868577 51.080416298955484,-114.05338001032769 51.08033599944649,-114.05346667696816 51.08041867387754,-114.05336302272043 51.0803321416397,-114.05353012940185 51.080357631892284,-114.05332504349919 51.08039197629124,-114.05334392958673 51.0803961298967,-114.05350654090236 51.08035972829586,-114.05348765515717 51.080355871375886,-114.0533502621382 51.0803181685129,-114.05347630947814 51.080343686561655)","{""type"":""MultiPoint"",""coordinates"":[[-114.0538463,51.0804681],[-114.0534167,51.0803803],[-114.0534017,51.0803283],[-114.0534506,51.0804163],[-114.05338,51.080336],[-114.0534667,51.0804187],[-114.053363,51.0803321],[-114.0535301,51.0803576],[-114.053325,51.080392],[-114.0533439,51.0803961],[-114.0535065,51.0803597],[-114.0534877,51.0803559],[-114.0533503,51.0803182],[-114.0534763,51.0803437]]}",POINT (-114.05384628747208 51.08046812268083),415 31 AV NE,a,
BP2023-05932,Completed,2023-04-28,2023,2024-09-06,2025-12-05,2025,Commercial / Multi Family Project,Building,1606 - Ths Townhouse,Townhouse,Residential,New,New,New,New Building (Trail 31 - Building B),FORMED ALLIANCE ARCHITECTURE STUDIO,,,12,"$1,177,801",119,119,#210 415 31 AV NE,WIN,WINSTON HEIGHTS/MOUNTVIEW,51.08046812,-114.0538463,14,Titled Parcel;Building;Building Suite;Building Suite;Building Suite;Building Suite;Building Suite;Building Suite;Building Suite;Building Suite;Building Suite;Building Suite;Building Suite;Building Suite,415 31 AV NE;#200 415 31 AV NE;#205 415 31 AV NE;#207 415 31 AV NE;#203 415 31 AV NE;#211 415 31 AV NE;#202 415 31 AV NE;#209 415 31 AV NE;#206 415 31 AV NE;#210 415 31 AV NE;#201 415 31 AV NE;#204 415 31 AV NE;#212 415 31 AV NE;#208 415 31 AV NE,"MULTIPOINT (-114.05384628747208 51.08046812268083,-114.05370292292919 51.08040112562028,-114.05363017861886 51.08033766491165,-114.05366135270224 51.080354299492214,-114.05363045214973 51.08041378039608,-114.05378504825285 51.08038219156259,-114.05373432073047 51.080438346442605,-114.05375859351703 51.08036168928324,-114.0536424693582 51.08035252820163,-114.0537666303323 51.08037565554821,-114.05375273487954 51.08044161022072,-114.05361015417091 51.08041051746253,-114.05380864309751 51.080373262944065,-114.05368211370488 51.080350721058736)","{""type"":""MultiPoint"",""coordinates"":[[-114.0538463,51.0804681],[-114.0537029,51.0804011],[-114.0536302,51.0803377],[-114.0536614,51.0803543],[-114.0536305,51.0804138],[-114.053785,51.0803822],[-114.0537343,51.0804383],[-114.0537586,51.0803617],[-114.0536425,51.0803525],[-114.0537666,51.0803757],[-114.0537527,51.0804416],[-114.0536102,51.0804105],[-114.0538086,51.0803733],[-114.0536821,51.0803507]]}",POINT (-114.05384628747208 51.08046812268083),415 31 AV NE,a,
BP2023-05937,Completed,2023-04-28,2023,2024-09-26,2025-12-05,2025,Commercial / Multi Family Project,Building,1606 - Ths Townhouse,Townhouse,Residential,New,New,New,New Building (Trail Building C),FORMED ALLIANCE ARCHITECTURE STUDIO,,,6,"$577,386",119,119,#105 415 31 AV NE,WIN,WINSTON HEIGHTS/MOUNTVIEW,51.08046812,-114.0538463,8,Titled Parcel;Building;Building Suite;Building Suite;Building Suite;Building Suite;Building Suite;Building Suite,415 31 AV NE;#100 415 31 AV NE;#104 415 31 AV NE;#103 415 31 AV NE;#106 415 31 AV NE;#102 415 31 AV NE;#101 415 31 AV NE;#105 415 31 AV NE,"MULTIPOINT (-114.05384628747208 51.08046812268083,-114.05399965109574 51.08034628674677,-114.05392012740217 51.08030731723427,-114.0539284494788 51.080321103563115,-114.05405530367881 51.08030391964102,-114.05392241382472 51.0803344290511,-114.05390053009495 51.080342053400365,-114.05403451543813 51.08029632398256)","{""type"":""MultiPoint"",""coordinates"":[[-114.0538463,51.0804681],[-114.0539997,51.0803463],[-114.0539201,51.0803073],[-114.0539284,51.0803211],[-114.0540553,51.0803039],[-114.0539224,51.0803344],[-114.0539005,51.0803421],[-114.0540345,51.0802963]]}",POINT (-114.05384628747208 51.08046812268083),415 31 AV NE,a,
BP2017-12799,Completed,2017-09-22,2017,2017-10-12,2018-07-27,2018,Commercial / Multi Family Project,Building,1606 - Ths Townhouse,Townhouse,Residential,New,New,New,"New Three Plex Project: New 2 storey, 3 residential units c/w undeveloped basement",K HICKERSON CONTRACTING,,K HICKERSON CONTRACTING,3,"$500,000",120,120,#1 409 22 AV NE,WIN,WINSTON HEIGHTS/MOUNTVIEW,51.07232261,-114.0556784,4,Titled Parcel;Building;Building;Building,409 22 AV NE;#2 409 22 AV NE;#3 409 22 AV NE;#1 409 22 AV NE,"MULTIPOINT (-114.05567836238272 51.07232260931199,-114.05566925428761 51.07218810988745,-114.05567462025537 51.072129314749596,-114.05566116292383 51.07224691531184)","{""type"":""MultiPoint"",""coordinates"":[[-114.0556784,51.0723226],[-114.0556693,51.0721881],[-114.0556746,51.0721293],[-114.0556612,51.0722469]]}",POINT (-114.05567836238272 51.07232260931199),409 22 AV NE,a,
BP2018-02621,Completed,2018-03-12,2018,2018-04-25,2021-03-24,2021,Commercial / Multi Family Project,Building,1606 - Ths Townhouse,Townhouse,Residential,New,New,New,Part 9 (9.10.15) - Residential 3 Storey Rowhouses (2-7 Unit Row Houses & 1-5 Unit Rowhouse),CYNC ARCHITECTURE,,,19,"$3,271,000",121,121,#1 5115 4A ST SW,WND,WINDSOR PARK,51.00860646,-114.0742909,20,Titled Parcel;Building;Building;Building;Building;Building;Building;Building;Building;Building;Building;Building;Building;Building;Building;Building;Building;Building;Building;Building,501 50 AV SW;511 50 AV SW;503 50 AV SW;5109 4A ST SW;5111 4A ST SW;513 50 AV SW;#1 5115 4A ST SW;#4 5115 4A ST SW;#5 5115 4A ST SW;5113 4A ST SW;#3 5115 4A ST SW;515 50 AV SW;#7 5115 4A ST SW;5107 4A ST SW;505 50 AV SW;#6 5115 4A ST SW;507 50 AV SW;#2 5115 4A ST SW;5105 4A ST SW;509 50 AV SW,"MULTIPOINT (-114.07429091296672 51.00860646172929,-114.07471540080776 51.00853162974794,-114.07446686325984 51.00853330768017,-114.07421934952426 51.008408641914926,-114.07421324580396 51.008369827874944,-114.07478898284182 51.00853006339972,-114.07445812412054 51.00834379048043,-114.07464633336156 51.00834519866124,-114.07471027066335 51.00834515779816,-114.07421560626729 51.00833100845866,-114.07458118729238 51.00834675953553,-114.07486017828965 51.00853305635805,-114.07484539945398 51.0083458264631,-114.07422182814369 51.00845278920297,-114.07452960386149 51.008533267678665,-114.07477782732639 51.008345114583896,-114.07459596262781 51.00853247019126,-114.07451603390162 51.00834375356438,-114.07422189009438 51.00849160707986,-114.07466231202042 51.00853471122137)","{""type"":""MultiPoint"",""coordinates"":[[-114.0742909,51.0086065],[-114.0747154,51.0085316],[-114.0744669,51.0085333],[-114.0742193,51.0084086],[-114.0742132,51.0083698],[-114.074789,51.0085301],[-114.0744581,51.0083438],[-114.0746463,51.0083452],[-114.0747103,51.0083452],[-114.0742156,51.008331],[-114.0745812,51.0083468],[-114.0748602,51.0085331],[-114.0748454,51.0083458],[-114.0742218,51.0084528],[-114.0745296,51.0085333],[-114.0747778,51.0083451],[-114.074596,51.0085325],[-114.074516,51.0083438],[-114.0742219,51.0084916],[-114.0746623,51.0085347]]}",POINT (-114.07429091296672 51.00860646172929),5115 4A ST SW,a,
BP2020-01934,Completed,2020-02-18,2020,2020-03-26,2021-01-06,2021,Commercial / Multi Family Project,Building,1606 - Ths Townhouse,Townhouse,Residential,New,New,New,4 plex rowhouse,ESTATA ENTERPRISES,,ESTATA ENTERPRISES,4,"$1,000,000",121,121,5633 4A ST SW,WND,WINDSOR PARK,51.00373408,-114.0741554,5,Titled Parcel;Building;Building;Building;Building,5627 4A ST SW;5631 4A ST SW;5635 4A ST SW;5633 4A ST SW;5629 4A ST SW,"MULTIPOINT (-114.07415536847022 51.00373407934044,-114.07423140513283 51.00360581855746,-114.07423050727218 51.00351638861438,-114.07423058167176 51.00356300966128,-114.07423072286794 51.00365148716573)","{""type"":""MultiPoint"",""coordinates"":[[-114.0741554,51.0037341],[-114.0742314,51.0036058],[-114.0742305,51.0035164],[-114.0742306,51.003563],[-114.0742307,51.0036515]]}",POINT (-114.07415536847022 51.00373407934044),5633 4A ST SW,a,
BP2017-11167,Completed,2017-08-24,2017,2017-10-11,2018-07-20,2018,Commercial / Multi Family Project,Building,1606 - Ths Townhouse,Townhouse,Residential,New,New,New,"4-unit Townhouse: 2 storey, 4 residential units and a detached 4 single car garage",SINCLAIR SIGNATURE HOMES,,SINCLAIR SIGNATURE HOMES,4,"$900,000",122,122,5103 6 ST SW,WND,WINDSOR PARK,51.00858534,-114.0790805,5,Titled Parcel;Building;Building;Building;Building,701 50 AV SW;703 50 AV SW;5107 6 ST SW;5105 6 ST SW;5103 6 ST SW,"MULTIPOINT (-114.07908047827272 51.008585338803506,-114.0791206964701 51.00854697910965,-114.0791250691924 51.00845374302755,-114.0791084756646 51.0084495650204,-114.07911308727454 51.008505127795715)","{""type"":""MultiPoint"",""coordinates"":[[-114.0790805,51.0085853],[-114.0791207,51.008547],[-114.0791251,51.0084537],[-114.0791085,51.0084496],[-114.0791131,51.0085051]]}",POINT (-114.07908047827272 51.008585338803506),5103 6 ST SW,a,
BP2018-10003,Completed,2018-07-30,2018,2018-08-24,2019-10-16,2019,Commercial / Multi Family Project,Building,1606 - Ths Townhouse,Townhouse,Residential,New,New,New,New - Group C - 9 unit Wentworth Townhouses,CLEM LAU ARCHITECTS & DESIGNERS,,,9,"$2,157,583",123,123,202 WENTWORTH RO SW,WSP,WEST SPRINGS,51.0621698,-114.2118683,18,Titled Parcel;Titled Parcel;Titled Parcel;Titled Parcel;Titled Parcel;Titled Parcel;Titled Parcel;Titled Parcel;Titled Parcel;Building;Building;Building;Building;Building;Building;Building;Building;Building,206 WENTWORTH RO SW;208 WENTWORTH RO SW;216 WENTWORTH RO SW;210 WENTWORTH RO SW;204 WENTWORTH RO SW;218 WENTWORTH RO SW;212 WENTWORTH RO SW;202 WENTWORTH RO SW;214 WENTWORTH RO SW;204 WENTWORTH RO SW;214 WENTWORTH RO SW;216 WENTWORTH RO SW;218 WENTWORTH RO SW;202 WENTWORTH RO SW;212 WENTWORTH RO SW;210 WENTWORTH RO SW;206 WENTWORTH RO SW;208 WENTWORTH RO SW,"MULTIPOINT (-114.21186825836779 51.06216979569619,-114.21196389686578 51.06216962231438,-114.21234643658244 51.062168928030545,-114.21205952109696 51.06216944888019,-114.21177263413472 51.062169968973926,-114.21246487195984 51.06216871282451,-114.21215517385895 51.062169275315995,-114.21167195977704 51.0621701513183,-114.21225079808822 51.06216910172534,-114.2117724936442 51.06220484034797,-114.21224356780664 51.06220398597325,-114.21235227393333 51.06220378854624,-114.21243982059785 51.06219982682347,-114.21167588806657 51.06220881797543,-114.2121529563903 51.062202244639835,-114.21206237666019 51.062204314819496,-114.21186913082776 51.06220466523445,-114.21195668619772 51.062202600688444)","{""type"":""MultiPoint"",""coordinates"":[[-114.2118683,51.0621698],[-114.2119639,51.0621696],[-114.2123464,51.0621689],[-114.2120595,51.0621694],[-114.2117726,51.06217],[-114.2124649,51.0621687],[-114.2121552,51.0621693],[-114.211672,51.0621702],[-114.2122508,51.0621691],[-114.2117725,51.0622048],[-114.2122436,51.062204],[-114.2123523,51.0622038],[-114.2124398,51.0621998],[-114.2116759,51.0622088],[-114.212153,51.0622022],[-114.2120624,51.0622043],[-114.2118691,51.0622047],[-114.2119567,51.0622026]]}",POINT (-114.21186825836779 51.06216979569619),202 WENTWORTH RO SW,a,
BP2019-11819,Completed,2019-08-29,2019,2019-09-18,2021-03-22,2021,Commercial / Multi Family Project,Building,1606 - Ths Townhouse,Townhouse,Residential,New,New,New,New - Wentworth - Group C - 9 unit Townhouse,CLEM LAU ARCHITECTS & DESIGNERS,,,9,"$2,166,236",123,123,403 WENTWORTH RO SW,WSP,WEST SPRINGS,51.0627989,-114.2119668,18,Titled Parcel;Titled Parcel;Titled Parcel;Titled Parcel;Titled Parcel;Titled Parcel;Titled Parcel;Titled Parcel;Titled Parcel;Building;Building;Building;Building;Building;Building;Building;Building;Building,409 WENTWORTH RO SW;413 WENTWORTH RO SW;403 WENTWORTH RO SW;419 WENTWORTH RO SW;415 WENTWORTH RO SW;417 WENTWORTH RO SW;405 WENTWORTH RO SW;411 WENTWORTH RO SW;407 WENTWORTH RO SW;415 WENTWORTH RO SW;417 WENTWORTH RO SW;407 WENTWORTH RO SW;411 WENTWORTH RO SW;405 WENTWORTH RO SW;403 WENTWORTH RO SW;413 WENTWORTH RO SW;419 WENTWORTH RO SW;409 WENTWORTH RO SW,"MULTIPOINT (-114.21196684181803 51.0627988972652,-114.21215810713824 51.06279855028486,-114.21167494356975 51.06279942620361,-114.21246502755238 51.06279799283698,-114.21225376119602 51.06279837663847,-114.21234938672072 51.06279820296564,-114.21177557649403 51.062799243932616,-114.21206248161164 51.06279872380121,-114.21187121628954 51.0627990706251,-114.21225212555365 51.0627557863244,-114.2123487409375 51.06275371402419,-114.21187165827693 51.062758382360435,-114.2120588631616 51.06275613708161,-114.2117720184956 51.062760468735206,-114.21167538880442 51.062762540584636,-114.21216153603693 51.06275595077758,-114.2124453792602 51.06275353843294,-114.21197128938681 51.06275439908595)","{""type"":""MultiPoint"",""coordinates"":[[-114.2119668,51.0627989],[-114.2121581,51.0627986],[-114.2116749,51.0627994],[-114.212465,51.062798],[-114.2122538,51.0627984],[-114.2123494,51.0627982],[-114.2117756,51.0627992],[-114.2120625,51.0627987],[-114.2118712,51.0627991],[-114.2122521,51.0627558],[-114.2123487,51.0627537],[-114.2118717,51.0627584],[-114.2120589,51.0627561],[-114.211772,51.0627605],[-114.2116754,51.0627625],[-114.2121615,51.062756],[-114.2124454,51.0627535],[-114.2119713,51.0627544]]}",POINT (-114.21196684181803 51.0627988972652),403 WENTWORTH RO SW,a,
BP2017-08932,Completed,2017-07-14,2017,2017-08-17,2018-07-11,2018,Commercial / Multi Family Project,Building,1606 - Ths Townhouse,Townhouse,Residential,New,New,New,New - Wentworth - Part 9 Group C - 6 unit Townhouse,TRICO HOMES,,,6,"$866,572",123,123,103 WENTWORTH RO SW,WSP,WEST SPRINGS,51.06167107,-114.2117572,11,Titled Parcel;Titled Parcel;Titled Parcel;Titled Parcel;Titled Parcel;Building;Building;Building;Building;Building;Building,105 WENTWORTH RO SW;107 WENTWORTH RO SW;109 WENTWORTH RO SW;111 WENTWORTH RO SW;113 WENTWORTH RO SW;113 WENTWORTH RO SW;107 WENTWORTH RO SW;111 WENTWORTH RO SW;105 WENTWORTH RO SW;103 WENTWORTH RO SW;109 WENTWORTH RO SW,"MULTIPOINT (-114.21175716208968 51.06167106758255,-114.21182237075335 51.0616709494366,-114.21188757941658 51.06167083125429,-114.21195277381362 51.06167071306145,-114.21203194862784 51.061670569474224,-114.21201729083138 51.06158788164926,-114.21181196451077 51.06158825388185,-114.2119508640955 51.06158989894352,-114.21175761216642 51.06158835235592,-114.21169721116189 51.06158846175912,-114.2118904773554 51.06159000842073)","{""type"":""MultiPoint"",""coordinates"":[[-114.2117572,51.0616711],[-114.2118224,51.0616709],[-114.2118876,51.0616708],[-114.2119528,51.0616707],[-114.2120319,51.0616706],[-114.2120173,51.0615879],[-114.211812,51.0615883],[-114.2119509,51.0615899],[-114.2117576,51.0615884],[-114.2116972,51.0615885],[-114.2118905,51.06159]]}",POINT (-114.21175716208968 51.06167106758255),103 WENTWORTH RO SW,a,
BP2017-08931,Completed,2017-07-14,2017,2017-10-30,2018-03-07,2018,Commercial / Multi Family Project,Building,1606 - Ths Townhouse,Townhouse,Residential,New,New,New,"Wentworth Pointe, Trico, 4-plex Block 1",TRICO HOMES,,,4,"$871,388",123,123,119 WENTWORTH RO SW,WSP,WEST SPRINGS,51.06170596,-114.2123457,8,Titled Parcel;Titled Parcel;Titled Parcel;Titled Parcel;Building;Building;Building;Building,123 WENTWORTH RO SW;125 WENTWORTH RO SW;119 WENTWORTH RO SW;121 WENTWORTH RO SW;123 WENTWORTH RO SW;119 WENTWORTH RO SW;125 WENTWORTH RO SW;121 WENTWORTH RO SW,"MULTIPOINT (-114.21234567391406 51.06170595887035,-114.21246473580288 51.0617057425256,-114.21214046120143 51.06170633147324,-114.21225005063947 51.061706132537495,-114.21234252478251 51.0616599731848,-114.21215773696761 51.06166259210249,-114.21244760613945 51.06165978225282,-114.21224469567606 51.061661301538734)","{""type"":""MultiPoint"",""coordinates"":[[-114.2123457,51.061706],[-114.2124647,51.0617057],[-114.2121405,51.0617063],[-114.2122501,51.0617061],[-114.2123425,51.06166],[-114.2121577,51.0616626],[-114.2124476,51.0616598],[-114.2122447,51.0616613]]}",POINT (-114.21234567391406 51.06170595887035),119 WENTWORTH RO SW,a,
BP2018-03013,Completed,2018-03-20,2018,2018-04-12,2019-02-04,2019,Commercial / Multi Family Project,Building,1606 - Ths Townhouse,Townhouse,Residential,New,New,New,New - Wentworth - Part 9 Group C - 9 unit Townhouse,TRICO HOMES,,,9,"$1,907,446",123,123,203 WENTWORTH RO SW,WSP,WEST SPRINGS,51.06207072,-114.2119708,18,Titled Parcel;Titled Parcel;Titled Parcel;Titled Parcel;Titled Parcel;Titled Parcel;Titled Parcel;Titled Parcel;Titled Parcel;Building;Building;Building;Building;Building;Building;Building;Building;Building,209 WENTWORTH RO SW;203 WENTWORTH RO SW;215 WENTWORTH RO SW;213 WENTWORTH RO SW;207 WENTWORTH RO SW;217 WENTWORTH RO SW;219 WENTWORTH RO SW;205 WENTWORTH RO SW;211 WENTWORTH RO SW;203 WENTWORTH RO SW;219 WENTWORTH RO SW;211 WENTWORTH RO SW;207 WENTWORTH RO SW;217 WENTWORTH RO SW;205 WENTWORTH RO SW;215 WENTWORTH RO SW;213 WENTWORTH RO SW;209 WENTWORTH RO SW,"MULTIPOINT (-114.21197080648736 51.06207072287593,-114.21167895561588 51.06207125174138,-114.21225770709839 51.06207020227065,-114.21216206880705 51.06207037589261,-114.21187518245902 51.0620708962373,-114.21235334538879 51.06207002857044,-114.21247069630884 51.0620698153284,-114.21177954416389 51.062071069546306,-114.2120664447806 51.06207054941045,-114.21168711652733 51.062021370991054,-114.21244809127165 51.06202760473376,-114.21207665399795 51.06202257073713,-114.21187734280747 51.06201912052922,-114.21235749445829 51.06202586353252,-114.21177468895007 51.06202311819113,-114.2122638732933 51.0620241277529,-114.21217326782293 51.062020489593834,-114.21197095838606 51.06202276244898)","{""type"":""MultiPoint"",""coordinates"":[[-114.2119708,51.0620707],[-114.211679,51.0620713],[-114.2122577,51.0620702],[-114.2121621,51.0620704],[-114.2118752,51.0620709],[-114.2123533,51.06207],[-114.2124707,51.0620698],[-114.2117795,51.0620711],[-114.2120664,51.0620705],[-114.2116871,51.0620214],[-114.2124481,51.0620276],[-114.2120767,51.0620226],[-114.2118773,51.0620191],[-114.2123575,51.0620259],[-114.2117747,51.0620231],[-114.2122639,51.0620241],[-114.2121733,51.0620205],[-114.211971,51.0620228]]}",POINT (-114.21197080648736 51.06207072287593),203 WENTWORTH RO SW,a,
BP2018-12738,Completed,2018-09-20,2018,2018-10-11,2019-07-10,2019,Commercial / Multi Family Project,Building,1606 - Ths Townhouse,Townhouse,Residential,New,New,New,New - Group C - 6 unit Wentworth Townhouses,TRICO HOMES,,,6,"$1,516,159",123,123,815 85 ST SW,WSP,WEST SPRINGS,51.06231478,-114.2112359,12,Titled Parcel;Titled Parcel;Titled Parcel;Titled Parcel;Titled Parcel;Titled Parcel;Building;Building;Building;Building;Building;Building,825 85 ST SW;823 85 ST SW;821 85 ST SW;815 85 ST SW;817 85 ST SW;819 85 ST SW;823 85 ST SW;825 85 ST SW;821 85 ST SW;815 85 ST SW;817 85 ST SW;819 85 ST SW,"MULTIPOINT (-114.21123587849087 51.06231477566002,-114.21123584912446 51.06238669346156,-114.21123580119061 51.06244512671817,-114.21123569022355 51.062633911002315,-114.2112357400445 51.06256648802598,-114.21123578797808 51.062508054770596,-114.21135335900705 51.06238675074605,-114.21133859449579 51.062327409339,-114.21134456523953 51.06244499305201,-114.21134898935135 51.06262080596352,-114.2113451110624 51.062564869959154,-114.21134302377071 51.06250436393915)","{""type"":""MultiPoint"",""coordinates"":[[-114.2112359,51.0623148],[-114.2112358,51.0623867],[-114.2112358,51.0624451],[-114.2112357,51.0626339],[-114.2112357,51.0625665],[-114.2112358,51.0625081],[-114.2113534,51.0623868],[-114.2113386,51.0623274],[-114.2113446,51.062445],[-114.211349,51.0626208],[-114.2113451,51.0625649],[-114.211343,51.0625044]]}",POINT (-114.21123587849087 51.06231477566002),815 85 ST SW,a,
BP2018-12052,Completed,2018-09-07,2018,2018-10-15,2020-04-22,2020,Commercial / Multi Family Project,Building,1606 - Ths Townhouse,Townhouse,Residential,New,New,New,New - Group C - 9 Unit Wentworth Townhouses,TRICO HOMES,,,9,"$2,259,789",123,123,319 WENTWORTH RO SW,WSP,WEST SPRINGS,51.06243516,-114.2117738,18,Titled Parcel;Titled Parcel;Titled Parcel;Titled Parcel;Titled Parcel;Titled Parcel;Titled Parcel;Titled Parcel;Titled Parcel;Building;Building;Building;Building;Building;Building;Building;Building;Building,305 WENTWORTH RO SW;303 WENTWORTH RO SW;315 WENTWORTH RO SW;317 WENTWORTH RO SW;309 WENTWORTH RO SW;307 WENTWORTH RO SW;313 WENTWORTH RO SW;319 WENTWORTH RO SW;311 WENTWORTH RO SW;311 WENTWORTH RO SW;305 WENTWORTH RO SW;315 WENTWORTH RO SW;319 WENTWORTH RO SW;309 WENTWORTH RO SW;307 WENTWORTH RO SW;303 WENTWORTH RO SW;317 WENTWORTH RO SW;313 WENTWORTH RO SW,"MULTIPOINT (-114.21177382978976 51.06243516350943,-114.2116731548569 51.062435345855505,-114.21225201074108 51.06243429622683,-114.2123476497817 51.062434122530405,-114.21196509361356 51.06243481684664,-114.21186946883513 51.062434990204224,-114.21215637169952 51.06243446984502,-114.21246544386726 51.06243390848918,-114.21206073265701 51.062434643384954,-114.21206625296449 51.06239078152316,-114.21176428552104 51.0623913289531,-114.21225347378582 51.062392347543366,-114.21244070888486 51.06239391323778,-114.21196057078002 51.06239097320073,-114.21186393320916 51.0623911483903,-114.21167672109503 51.06239148755076,-114.21234405387389 51.062390277215265,-114.21215080727077 51.06239062809678)","{""type"":""MultiPoint"",""coordinates"":[[-114.2117738,51.0624352],[-114.2116732,51.0624353],[-114.212252,51.0624343],[-114.2123476,51.0624341],[-114.2119651,51.0624348],[-114.2118695,51.062435],[-114.2121564,51.0624345],[-114.2124654,51.0624339],[-114.2120607,51.0624346],[-114.2120663,51.0623908],[-114.2117643,51.0623913],[-114.2122535,51.0623923],[-114.2124407,51.0623939],[-114.2119606,51.062391],[-114.2118639,51.0623911],[-114.2116767,51.0623915],[-114.2123441,51.0623903],[-114.2121508,51.0623906]]}",POINT (-114.21177382978976 51.06243516350943),319 WENTWORTH RO SW,a,
BP2019-05374,Completed,2019-05-08,2019,2019-05-21,2020-10-23,2020,Commercial / Multi Family Project,Building,1606 - Ths Townhouse,Townhouse,Residential,New,New,New,New - Group C - 9 unit Townhouses - Wentworth Building 7,TRICO HOMES,,,9,"$2,167,227",123,123,302 WENTWORTH RO SW,WSP,WEST SPRINGS,51.06252903,-114.2120635,18,Titled Parcel;Titled Parcel;Titled Parcel;Titled Parcel;Titled Parcel;Titled Parcel;Titled Parcel;Titled Parcel;Titled Parcel;Building;Building;Building;Building;Building;Building;Building;Building;Building,310 WENTWORTH RO SW;318 WENTWORTH RO SW;304 WENTWORTH RO SW;302 WENTWORTH RO SW;306 WENTWORTH RO SW;312 WENTWORTH RO SW;316 WENTWORTH RO SW;314 WENTWORTH RO SW;308 WENTWORTH RO SW;306 WENTWORTH RO SW;304 WENTWORTH RO SW;314 WENTWORTH RO SW;318 WENTWORTH RO SW;310 WENTWORTH RO SW;316 WENTWORTH RO SW;312 WENTWORTH RO SW;302 WENTWORTH RO SW;308 WENTWORTH RO SW,"MULTIPOINT (-114.21206351778405 51.06252903037617,-114.21246670335564 51.06252829824428,-114.21177661433344 51.06252955050816,-114.21167598199386 51.062529732779375,-114.21187225357325 51.06252937720045,-114.21215915702102 51.06252885683373,-114.2123504212261 51.062528509540016,-114.21225479625703 51.06252868321304,-114.21196787854612 51.06252920384036,-114.21186779137719 51.062573812476096,-114.21178323673566 51.06257396569815,-114.21225429170416 51.06257121448682,-114.21244453447332 51.06256896307363,-114.21205800253911 51.062567759098435,-114.2123448721412 51.06256914415773,-114.21216672694158 51.062571373451945,-114.2116775541322 51.06257415712034,-114.21197346531628 51.06257172406706)","{""type"":""MultiPoint"",""coordinates"":[[-114.2120635,51.062529],[-114.2124667,51.0625283],[-114.2117766,51.0625296],[-114.211676,51.0625297],[-114.2118723,51.0625294],[-114.2121592,51.0625289],[-114.2123504,51.0625285],[-114.2122548,51.0625287],[-114.2119679,51.0625292],[-114.2118678,51.0625738],[-114.2117832,51.062574],[-114.2122543,51.0625712],[-114.2124445,51.062569],[-114.212058,51.0625678],[-114.2123449,51.0625691],[-114.2121667,51.0625714],[-114.2116776,51.0625742],[-114.2119735,51.0625717]]}",POINT (-114.21206351778405 51.06252903037617),302 WENTWORTH RO SW,a,
BP2019-00829,Completed,2019-01-25,2019,2019-03-29,2020-03-20,2020,Commercial / Multi Family Project,Building,1606 - Ths Townhouse,Townhouse,Residential,New,New,New,Part 9 (9.10.15) - Residential 3 Storey Townhouse (Building #2 - 8 Units),TRUMAN HOMES 1995,,,8,"$2,373,186",123,123,7840 8A AV SW,WSP,WEST SPRINGS,51.06201534,-114.1996306,9,Titled Parcel;Building;Building;Building;Building;Building;Building;Building;Building,841 77 ST SW;#203 830 78 ST SW;#202 830 78 ST SW;#207 830 78 ST SW;#201 830 78 ST SW;#204 830 78 ST SW;#206 830 78 ST SW;7840 8A AV SW;#205 830 78 ST SW,"MULTIPOINT (-114.19963058792676 51.06201534391765,-114.20004457231362 51.06238955235365,-114.20004363400969 51.06243665108752,-114.2000424900214 51.06217120467238,-114.20003935460669 51.06249302393687,-114.20003864733542 51.06232890887094,-114.20004269605269 51.06221901163737,-114.20004110472321 51.06211127259605,-114.20004067882932 51.06227396024223)","{""type"":""MultiPoint"",""coordinates"":[[-114.1996306,51.0620153],[-114.2000446,51.0623896],[-114.2000436,51.0624367],[-114.2000425,51.0621712],[-114.2000394,51.062493],[-114.2000386,51.0623289],[-114.2000427,51.062219],[-114.2000411,51.0621113],[-114.2000407,51.062274]]}",POINT (-114.19963058792676 51.06201534391765),7840 8A AV SW,a,
BP2019-00830,Completed,2019-01-25,2019,2019-03-29,2020-01-21,2020,Commercial / Multi Family Project,Building,1606 - Ths Townhouse,Townhouse,Residential,New,New,New,Part 9 (9.10.15) - Residential 3 Storey Townhouse (Building #4 - 8 Units),TRUMAN HOMES 1995,,,8,"$2,373,186",123,123,838 78 ST SW,WSP,WEST SPRINGS,51.06201534,-114.1996306,9,Titled Parcel;Building;Building;Building;Building;Building;Building;Building;Building,841 77 ST SW;7880 8A AV SW;836 78 ST SW;840 78 ST SW;838 78 ST SW;834 78 ST SW;844 78 ST SW;846 78 ST SW;842 78 ST SW,"MULTIPOINT (-114.19963058792676 51.06201534391765,-114.20065259847921 51.06211379346532,-114.2006551104455 51.06243417369296,-114.20065465390542 51.06232856327821,-114.20065602768402 51.06238564562491,-114.20065535721457 51.06249125797321,-114.2006513492417 51.06222082718736,-114.20065338925467 51.06216801808472,-114.20064762584477 51.06227363917902)","{""type"":""MultiPoint"",""coordinates"":[[-114.1996306,51.0620153],[-114.2006526,51.0621138],[-114.2006551,51.0624342],[-114.2006547,51.0623286],[-114.200656,51.0623856],[-114.2006554,51.0624913],[-114.2006513,51.0622208],[-114.2006534,51.062168],[-114.2006476,51.0622736]]}",POINT (-114.19963058792676 51.06201534391765),838 78 ST SW,a,
BP2019-00828,Completed,2019-01-25,2019,2019-03-29,2020-03-20,2020,Commercial / Multi Family Project,Building,1606 - Ths Townhouse,Townhouse,Residential,New,New,New,Part 9 (9.10.15) - Residential 3 Storey Townhouse (Building #3 - 8 Units),TRUMAN HOMES 1995,,,8,"$2,373,186",123,123,#104 830 78 ST SW,WSP,WEST SPRINGS,51.06262542,-114.2007517,9,Titled Parcel;Building;Building;Building;Building;Building;Building;Building;Building,830 78 ST SW;7860 8A AV SW;#104 830 78 ST SW;#102 830 78 ST SW;#107 830 78 ST SW;#105 830 78 ST SW;#106 830 78 ST SW;#101 830 78 ST SW;#103 830 78 ST SW,"MULTIPOINT (-114.2007517200478 51.062625416873345,-114.20034344454535 51.06211146499864,-114.20034551087976 51.06232909352759,-114.2003471233989 51.062438270879596,-114.20035614812072 51.06216923811993,-114.20034187537166 51.06227344441831,-114.20034503661539 51.062219213024704,-114.20034057300579 51.06249393744477,-114.20034576650184 51.062388317346816)","{""type"":""MultiPoint"",""coordinates"":[[-114.2007517,51.0626254],[-114.2003434,51.0621115],[-114.2003455,51.0623291],[-114.2003471,51.0624383],[-114.2003561,51.0621692],[-114.2003419,51.0622734],[-114.200345,51.0622192],[-114.2003406,51.0624939],[-114.2003458,51.0623883]]}",POINT (-114.2007517200478 51.062625416873345),830 78 ST SW,a,
BP2022-20075,Completed,2022-12-14,2022,2023-05-19,2024-04-10,2024,Commercial / Multi Family Project,Building,1606 - Ths Townhouse,Townhouse,Residential,New,New,New,New 9 unit rowhouse-block #10,,TRICO HOMES,TRICO HOMES,9,"$1,693,910",124,124,#407 8235 8 AV SW,WSP,WEST SPRINGS,51.06227398,-114.2063931,18,Titled Parcel;Titled Parcel;Titled Parcel;Titled Parcel;Titled Parcel;Titled Parcel;Titled Parcel;Titled Parcel;Titled Parcel;Building;Building;Building;Building;Building;Building;Building;Building;Building,#409 8235 8 AV SW;#405 8235 8 AV SW;#401 8235 8 AV SW;#406 8235 8 AV SW;#404 8235 8 AV SW;#402 8235 8 AV SW;#408 8235 8 AV SW;#403 8235 8 AV SW;#407 8235 8 AV SW;#407 8235 8 AV SW;#408 8235 8 AV SW;#409 8235 8 AV SW;#404 8235 8 AV SW;#403 8235 8 AV SW;#405 8235 8 AV SW;#402 8235 8 AV SW;#406 8235 8 AV SW;#401 8235 8 AV SW,"MULTIPOINT (-114.2063931157111 51.062273983088836,-114.2060881388085 51.0622745211698,-114.20578314763061 51.06227505848019,-114.20615985360443 51.06227439471253,-114.20601640974613 51.0622746476082,-114.20586858624722 51.06227490804113,-114.20630767709899 51.062274133911274,-114.20594249799694 51.06227477784803,-114.20623376535198 51.062274264335265,-114.20622849978594 51.06232853556314,-114.20630305622369 51.06232899732611,-114.206386083993 51.06232885076367,-114.20601335514658 51.06232891492956,-114.20594258445023 51.06232963295497,-114.20608507266112 51.062329381834815,-114.20586708909374 51.06232976593703,-114.20616056801592 51.062329248711976,-114.20579064955416 51.06232930721118)","{""type"":""MultiPoint"",""coordinates"":[[-114.2063931,51.062274],[-114.2060881,51.0622745],[-114.2057831,51.0622751],[-114.2061599,51.0622744],[-114.2060164,51.0622746],[-114.2058686,51.0622749],[-114.2063077,51.0622741],[-114.2059425,51.0622748],[-114.2062338,51.0622743],[-114.2062285,51.0623285],[-114.2063031,51.062329],[-114.2063861,51.0623289],[-114.2060134,51.0623289],[-114.2059426,51.0623296],[-114.2060851,51.0623294],[-114.2058671,51.0623298],[-114.2061606,51.0623292],[-114.2057906,51.0623293]]}",POINT (-114.2063931157111 51.062273983088836),8235 8 AV SW,a,
BP2022-19436,Completed,2022-11-28,2022,2023-05-17,2024-02-20,2024,Commercial / Multi Family Project,Building,1606 - Ths Townhouse,Townhouse,Residential,New,New,New,New 5 unit rowhouse-block #5,,TRICO HOMES,TRICO HOMES,5,"$1,258,508",124,124,821 81 ST SW,WSP,WEST SPRINGS,51.06325442,-114.2060746,7,Titled Parcel;Titled Parcel;Building;Building;Building;Building;Building,8235 8 AV SW;819 81 ST SW;821 81 ST SW;819 81 ST SW;815 81 ST SW;817 81 ST SW;823 81 ST SW,"MULTIPOINT (-114.20607461388994 51.0632544242,-114.20525396244902 51.06277491819595,-114.20540329027612 51.06286278209506,-114.20540350867631 51.06291213525781,-114.20540391651744 51.06300429711909,-114.20540464759746 51.062956731242394,-114.20540307450212 51.062814022248595)","{""type"":""MultiPoint"",""coordinates"":[[-114.2060746,51.0632544],[-114.205254,51.0627749],[-114.2054033,51.0628628],[-114.2054035,51.0629121],[-114.2054039,51.0630043],[-114.2054046,51.0629567],[-114.2054031,51.062814]]}",POINT (-114.20607461388994 51.0632544242),821 81 ST SW,a,
BP2023-01571,Completed,2023-02-08,2023,2023-12-12,2024-09-25,2024,Commercial / Multi Family Project,Building,1606 - Ths Townhouse,Townhouse,Residential,New,New,New,"4-unit rowhouse, West Springs Phase 1, Block 13.",,TRICO HOMES,TRICO HOMES,4,"$861,649",124,124,8210 8A AV SW,WSP,WEST SPRINGS,51.06205104,-114.2053715,8,Titled Parcel;Titled Parcel;Titled Parcel;Titled Parcel;Building;Building;Building;Building,8202 8A AV SW;8214 8A AV SW;8206 8A AV SW;8210 8A AV SW;8214 8A AV SW;8210 8A AV SW;8202 8A AV SW;8206 8A AV SW,"MULTIPOINT (-114.20537149438412 51.06205103948413,-114.20562930691612 51.062050586248674,-114.20546345208638 51.062050877887366,-114.20554388297697 51.062050736487286,-114.20562750825127 51.06214049558527,-114.20554730545967 51.0621406366417,-114.20538027787971 51.062140336902935,-114.20546426375678 51.062140782633065)","{""type"":""MultiPoint"",""coordinates"":[[-114.2053715,51.062051],[-114.2056293,51.0620506],[-114.2054635,51.0620509],[-114.2055439,51.0620507],[-114.2056275,51.0621405],[-114.2055473,51.0621406],[-114.2053803,51.0621403],[-114.2054643,51.0621408]]}",POINT (-114.20537149438412 51.06205103948413),8210 8A AV SW,a,
BP2023-08421,Completed,2023-06-02,2023,2023-11-23,2024-10-08,2024,Commercial / Multi Family Project,Building,1606 - Ths Townhouse,Townhouse,Residential,New,New,New,5-unit Rowhouse - Block 9,,TRICO HOMES,TRICO HOMES,5,"$978,369",124,124,841 81 ST SW,WSP,WEST SPRINGS,51.06249172,-114.2052685,10,Titled Parcel;Titled Parcel;Titled Parcel;Titled Parcel;Titled Parcel;Building;Building;Building;Building;Building,841 81 ST SW;845 81 ST SW;849 81 ST SW;843 81 ST SW;847 81 ST SW;843 81 ST SW;849 81 ST SW;845 81 ST SW;841 81 ST SW;847 81 ST SW,"MULTIPOINT (-114.20526851697777 51.062491716540464,-114.20526859325109 51.06239282951176,-114.20526865525876 51.06229394250641,-114.205268549503 51.062437778177326,-114.2052686084673 51.06234788089595,-114.20540141408874 51.06243880335004,-114.20540079311864 51.062298474945756,-114.20540121673827 51.062394205706994,-114.20540257407873 51.0624881638516,-114.20540195568977 51.06234841977563)","{""type"":""MultiPoint"",""coordinates"":[[-114.2052685,51.0624917],[-114.2052686,51.0623928],[-114.2052687,51.0622939],[-114.2052685,51.0624378],[-114.2052686,51.0623479],[-114.2054014,51.0624388],[-114.2054008,51.0622985],[-114.2054012,51.0623942],[-114.2054026,51.0624882],[-114.205402,51.0623484]]}",POINT (-114.20526851697777 51.062491716540464),841 81 ST SW,a,
BP2023-08420,Completed,2023-06-02,2023,2023-11-09,2024-10-03,2024,Commercial / Multi Family Project,Building,1606 - Ths Townhouse,Townhouse,Residential,New,New,New,9 Unit Resi. Rowhouse - Block 8,,TRICO HOMES,TRICO HOMES,9,"$1,693,910",124,124,#301 8235 8 AV SW,WSP,WEST SPRINGS,51.0626117,-114.2060498,18,Titled Parcel;Titled Parcel;Titled Parcel;Titled Parcel;Titled Parcel;Titled Parcel;Titled Parcel;Titled Parcel;Titled Parcel;Building;Building;Building;Building;Building;Building;Building;Building;Building,#304 8235 8 AV SW;#306 8235 8 AV SW;#307 8235 8 AV SW;#302 8235 8 AV SW;#303 8235 8 AV SW;#308 8235 8 AV SW;#309 8235 8 AV SW;#301 8235 8 AV SW;#305 8235 8 AV SW;#305 8235 8 AV SW;#304 8235 8 AV SW;#309 8235 8 AV SW;#308 8235 8 AV SW;#303 8235 8 AV SW;#307 8235 8 AV SW;#306 8235 8 AV SW;#301 8235 8 AV SW;#302 8235 8 AV SW,"MULTIPOINT (-114.20604979055481 51.06261170319,-114.20619326398648 51.06261145020186,-114.20626714773853 51.0626113198532,-114.20590199451485 51.06261196361611,-114.20597587826907 51.062611833451555,-114.20634214424011 51.06261118749363,-114.20642758347243 51.06261103664529,-114.20581654101197 51.06261211410541,-114.20612152013788 51.06261157673052,-114.20612667219697 51.06256062291617,-114.20605684007215 51.062560746034116,-114.20642676037556 51.06256068669042,-114.20635032045122 51.062560228331,-114.20598135860634 51.06256087906526,-114.2062738858016 51.06256095655502,-114.2061993316272 51.06256108809059,-114.20583036977199 51.062561738348286,-114.20591152648049 51.0625610020964)","{""type"":""MultiPoint"",""coordinates"":[[-114.2060498,51.0626117],[-114.2061933,51.0626115],[-114.2062671,51.0626113],[-114.205902,51.062612],[-114.2059759,51.0626118],[-114.2063421,51.0626112],[-114.2064276,51.062611],[-114.2058165,51.0626121],[-114.2061215,51.0626116],[-114.2061267,51.0625606],[-114.2060568,51.0625607],[-114.2064268,51.0625607],[-114.2063503,51.0625602],[-114.2059814,51.0625609],[-114.2062739,51.062561],[-114.2061993,51.0625611],[-114.2058304,51.0625617],[-114.2059115,51.062561]]}",POINT (-114.20604979055481 51.06261170319),8235 8 AV SW,a,
BP2023-01570,Completed,2023-02-08,2023,2023-09-20,2024-04-16,2024,Commercial / Multi Family Project,Building,1606 - Ths Townhouse,Townhouse,Residential,New,New,New,"4-unit rowhouse, West Springs Phase 1, Block 12.",,TRICO HOMES,TRICO HOMES,4,"$810,934",124,124,8220 8A AV SW,WSP,WEST SPRINGS,51.06325442,-114.2060746,5,Titled Parcel;Building;Building;Building;Building,8235 8 AV SW;8228 8A AV SW;8224 8A AV SW;8220 8A AV SW;8232 8A AV SW,"MULTIPOINT (-114.20607461388994 51.0632544242,-114.20592569109007 51.062139377353056,-114.20584548830192 51.06213951861407,-114.20576716860954 51.06213965650528,-114.20600306923299 51.06213924101493)","{""type"":""MultiPoint"",""coordinates"":[[-114.2060746,51.0632544],[-114.2059257,51.0621394],[-114.2058455,51.0621395],[-114.2057672,51.0621397],[-114.2060031,51.0621392]]}",POINT (-114.20607461388994 51.0632544242),8220 8A AV SW,a,
BP2021-21497,Completed,2021-12-21,2021,2022-01-18,2022-09-14,2022,Commercial / Multi Family Project,Building,1606 - Ths Townhouse,Townhouse,Residential,New,New,New,5 Plex Rowhouse,ALLISTON AT HOME,,,5,"$1,047,789",125,125,7 WOLF CREEK DR SE,WWO,WOLF WILLOW,50.87725595,-114.0092259,5,Titled Parcel;Titled Parcel;Titled Parcel;Titled Parcel;Titled Parcel,19 WOLF CREEK DR SE;15 WOLF CREEK DR SE;11 WOLF CREEK DR SE;7 WOLF CREEK DR SE;23 WOLF CREEK DR SE,"MULTIPOINT (-114.00922585618694 50.87725594830684,-114.0092256528077 50.87730539328029,-114.00922544942802 50.87735483825331,-114.0092508728904 50.87744024116597,-114.00922607200013 50.87719751333962)","{""type"":""MultiPoint"",""coordinates"":[[-114.0092259,50.8772559],[-114.0092257,50.8773054],[-114.0092254,50.8773548],[-114.0092509,50.8774402],[-114.0092261,50.8771975]]}",POINT (-114.00922585618694 50.87725594830684),7 WOLF CREEK DR SE,a,
BP2022-11266,Completed,2022-06-28,2022,2022-07-27,2023-06-20,2023,Commercial / Multi Family Project,Building,1606 - Ths Townhouse,Townhouse,Residential,New,New,New,5 Unit Residential Rowhouse - Phase 3 Building 1,ALLISTON AT HOME,,ALLISTON GC,5,"$917,160",125,125,383 WOLF CREEK MR SE,WWO,WOLF WILLOW,50.87542661,-114.007538,5,Titled Parcel;Titled Parcel;Titled Parcel;Titled Parcel;Titled Parcel,367 WOLF CREEK MR SE;383 WOLF CREEK MR SE;379 WOLF CREEK MR SE;371 WOLF CREEK MR SE;375 WOLF CREEK MR SE,"MULTIPOINT (-114.00753800391819 50.8754266057847,-114.00753621997745 50.875201856017696,-114.00753866056435 50.87526928082568,-114.00753825025164 50.87536817080026,-114.00753845540821 50.87531872581318)","{""type"":""MultiPoint"",""coordinates"":[[-114.007538,50.8754266],[-114.0075362,50.8752019],[-114.0075387,50.8752693],[-114.0075383,50.8753682],[-114.0075385,50.8753187]]}",POINT (-114.00753800391819 50.8754266057847),383 WOLF CREEK MR SE,a,
BP2022-20438,Completed,2022-12-23,2022,2023-02-01,2023-10-19,2023,Commercial / Multi Family Project,Building,1606 - Ths Townhouse,Townhouse,Residential,New,New,New,4 Unit Residential Rowhouse - Building 2,ALLISTON AT HOME,,ALLISTON GC,4,"$734,397",125,125,351 WOLF CREEK MR SE,WWO,WOLF WILLOW,50.87560191,-114.0075373,4,Titled Parcel;Titled Parcel;Titled Parcel;Titled Parcel,355 WOLF CREEK MR SE;359 WOLF CREEK MR SE;363 WOLF CREEK MR SE;351 WOLF CREEK MR SE,"MULTIPOINT (-114.00753727912308 50.87560191073358,-114.00753748428167 50.87555246574848,-114.00753773061643 50.87549403076531,-114.0075383002858 50.87567832562328)","{""type"":""MultiPoint"",""coordinates"":[[-114.0075373,50.8756019],[-114.0075375,50.8755525],[-114.0075377,50.875494],[-114.0075383,50.8756783]]}",POINT (-114.00753727912308 50.87560191073358),351 WOLF CREEK MR SE,a,
BP2022-01808,Completed,2022-02-04,2022,2022-04-21,2023-06-09,2023,Commercial / Multi Family Project,Building,1606 - Ths Townhouse,Townhouse,Residential,New,New,New,New 5-unit townhouse (199-203),LOOK MASTER BUILDER CALGARY,,LOOK MASTER BUILDER CALGARY,5,"$1,616,642",125,125,195 WOLF CREEK AV SE,WWO,WOLF WILLOW,50.87492758,-114.0086358,5,Titled Parcel;Titled Parcel;Titled Parcel;Titled Parcel;Titled Parcel,203 WOLF CREEK AV SE;211 WOLF CREEK AV SE;207 WOLF CREEK AV SE;199 WOLF CREEK AV SE;195 WOLF CREEK AV SE,"MULTIPOINT (-114.00863584728187 50.87492758497763,-114.00880481766377 50.874927572354764,-114.00871399537309 50.87492757917001,-114.00855769919063 50.87492759073293,-114.00847088376563 50.874927597065216)","{""type"":""MultiPoint"",""coordinates"":[[-114.0086358,50.8749276],[-114.0088048,50.8749276],[-114.008714,50.8749276],[-114.0085577,50.8749276],[-114.0084709,50.8749276]]}",POINT (-114.00863584728187 50.87492758497763),195 WOLF CREEK AV SE,a,
BP2022-01803,Completed,2022-02-04,2022,2022-04-27,2023-06-09,2023,Commercial / Multi Family Project,Building,1606 - Ths Townhouse,Townhouse,Residential,New,New,New,New 5-unit townhouse. (Units 190-194),LOOK MASTER BUILDER CALGARY,,LOOK MASTER BUILDER CALGARY,5,"$1,616,642",125,125,159 WOLF CREEK AV SE,WWO,WOLF WILLOW,50.87492764,-114.0078638,5,Titled Parcel;Titled Parcel;Titled Parcel;Titled Parcel;Titled Parcel,167 WOLF CREEK AV SE;171 WOLF CREEK AV SE;175 WOLF CREEK AV SE;163 WOLF CREEK AV SE;159 WOLF CREEK AV SE,"MULTIPOINT (-114.00786375834814 50.874927639544026,-114.0079419064396 50.8749276342533,-114.00802857977737 50.87492762832421,-114.00778562446541 50.87492764478149,-114.00769882324889 50.87492765053862)","{""type"":""MultiPoint"",""coordinates"":[[-114.0078638,50.8749276],[-114.0079419,50.8749276],[-114.0080286,50.8749276],[-114.0077856,50.8749276],[-114.0076988,50.8749277]]}",POINT (-114.00786375834814 50.874927639544026),159 WOLF CREEK AV SE,a,
BP2020-00447,Completed,2020-01-14,2020,2020-02-20,2020-09-11,2020,Commercial / Multi Family Project,Building,1606 - Ths Townhouse,Townhouse,Residential,New,New,New,C Residential NEW 4 unit townhouse building,,STEPPER HOMES,STEPPER HOMES,4,"$743,427",126,126,108 WOLF HOLLOW PA SE,WWO,WOLF WILLOW,50.87462224,-113.9989274,4,Titled Parcel;Titled Parcel;Titled Parcel;Titled Parcel,120 WOLF HOLLOW PA SE;116 WOLF HOLLOW PA SE;112 WOLF HOLLOW PA SE;108 WOLF HOLLOW PA SE,"MULTIPOINT (-113.99892737471404 50.874622239625516,-113.99900967160268 50.87460426036,-113.99908388371169 50.87458628097326,-113.99916321087211 50.87456830157605)","{""type"":""MultiPoint"",""coordinates"":[[-113.9989274,50.8746222],[-113.9990097,50.8746043],[-113.9990839,50.8745863],[-113.9991632,50.8745683]]}",POINT (-113.99892737471404 50.874622239625516),108 WOLF HOLLOW PA SE,a,
BP2018-15753,Completed,2018-12-03,2018,2018-12-14,2019-05-16,2019,Commercial / Multi Family Project,Building,1606 - Ths Townhouse,Townhouse,Residential,New,New,New,New Townhouse,MATTAMY HOMES CALGARY,,MATTAMY HOMES CALGARY,3,"$512,142",127,127,24 YORKVILLE AV SW,YKV,YORKVILLE,50.87491024,-114.0719264,4,Titled Parcel;Titled Parcel;Titled Parcel;Building,32 YORKVILLE AV SW;28 YORKVILLE AV SW;24 YORKVILLE AV SW;24 YORKVILLE AV SW,"MULTIPOINT (-114.07192637282357 50.874910239875895,-114.07183160061074 50.87491029823352,-114.07173394402587 50.87491035828676,-114.07174349326972 50.87499428303254)","{""type"":""MultiPoint"",""coordinates"":[[-114.0719264,50.8749102],[-114.0718316,50.8749103],[-114.0717339,50.8749104],[-114.0717435,50.8749943]]}",POINT (-114.07192637282357 50.874910239875895),24 YORKVILLE AV SW,a,
BP2018-14493,Completed,2018-10-31,2018,2018-11-06,2019-05-02,2019,Commercial / Multi Family Project,Building,1606 - Ths Townhouse,Townhouse,Residential,New,New,New,New Building (6 Units) - Mattamy Homes,MATTAMY HOMES CALGARY,,MATTAMY HOMES CALGARY,6,"$1,106,403",127,127,19597 SHERIFF KING ST SW,YKV,YORKVILLE,50.87491043,-114.0716246,7,Titled Parcel;Titled Parcel;Titled Parcel;Titled Parcel;Titled Parcel;Titled Parcel;Building,20 YORKVILLE AV SW;19605 SHERIFF KING ST SW;19601 SHERIFF KING ST SW;19597 SHERIFF KING ST SW;16 YORKVILLE AV SW;12 YORKVILLE AV SW;19597 SHERIFF KING ST SW,"MULTIPOINT (-114.0716245510316 50.87491042546019,-114.07116544713264 50.87500959622727,-114.07112871856278 50.87511300357949,-114.07112676618222 50.87521189473515,-114.07150762741122 50.87491049714452,-114.07135054209802 50.87492407826301,-114.07128340193285 50.875200993212275)","{""type"":""MultiPoint"",""coordinates"":[[-114.0716246,50.8749104],[-114.0711654,50.8750096],[-114.0711287,50.875113],[-114.0711268,50.8752119],[-114.0715076,50.8749105],[-114.0713505,50.8749241],[-114.0712834,50.875201]]}",POINT (-114.0716245510316 50.87491042546019),19597 SHERIFF KING ST SW,a,
BP2018-15921,Completed,2018-12-06,2018,2018-12-11,2019-05-16,2019,Commercial / Multi Family Project,Building,1606 - Ths Townhouse,Townhouse,Residential,New,New,New,New Townhouse,MATTAMY HOMES CALGARY,,MATTAMY HOMES CALGARY,3,"$519,537",127,127,36 YORKVILLE AV SW,YKV,YORKVILLE,50.87491455,-114.0722326,4,Titled Parcel;Titled Parcel;Titled Parcel;Building,44 YORKVILLE AV SW;36 YORKVILLE AV SW;40 YORKVILLE AV SW;36 YORKVILLE AV SW,"MULTIPOINT (-114.07223257784851 50.87491454579763,-114.0720320147126 50.874910174734396,-114.07213129109138 50.87491011343089,-114.07202435803825 50.87499433482337)","{""type"":""MultiPoint"",""coordinates"":[[-114.0722326,50.8749145],[-114.072032,50.8749102],[-114.0721313,50.8749101],[-114.0720244,50.8749943]]}",POINT (-114.07223257784851 50.87491454579763),36 YORKVILLE AV SW,a,
BP2018-12636,Completed,2018-09-19,2018,2018-10-19,2019-04-10,2019,Commercial / Multi Family Project,Building,1606 - Ths Townhouse,Townhouse,Residential,New,New,New,6-Plex Yorkville Block 2 (new),MATTAMY HOMES CALGARY,,,6,"$1,020,800",127,127,19573 SHERIFF KING ST SW,YKV,YORKVILLE,50.87535124,-114.0711263,12,Titled Parcel;Titled Parcel;Titled Parcel;Titled Parcel;Titled Parcel;Titled Parcel;Building;Building;Building;Building;Building;Building,19589 SHERIFF KING ST SW;19593 SHERIFF KING ST SW;19581 SHERIFF KING ST SW;19585 SHERIFF KING ST SW;19577 SHERIFF KING ST SW;19573 SHERIFF KING ST SW;19593 SHERIFF KING ST SW;19573 SHERIFF KING ST SW;19585 SHERIFF KING ST SW;19577 SHERIFF KING ST SW;19589 SHERIFF KING ST SW;19581 SHERIFF KING ST SW,"MULTIPOINT (-114.07112629625506 50.87535123997074,-114.07112590208379 50.87528831023424,-114.0711272703667 50.8754591193356,-114.0711266767437 50.875405179718356,-114.0711284255055 50.875508563612016,-114.0711261552456 50.87557598996775,-114.07124157191389 50.87528538087872,-114.07125043467175 50.87557192261793,-114.07124806554282 50.875397329343585,-114.07124823826688 50.8755106121836,-114.07124376828541 50.875346682325585,-114.07124393084234 50.87545330358542)","{""type"":""MultiPoint"",""coordinates"":[[-114.0711263,50.8753512],[-114.0711259,50.8752883],[-114.0711273,50.8754591],[-114.0711267,50.8754052],[-114.0711284,50.8755086],[-114.0711262,50.875576],[-114.0712416,50.8752854],[-114.0712504,50.8755719],[-114.0712481,50.8753973],[-114.0712482,50.8755106],[-114.0712438,50.8753467],[-114.0712439,50.8754533]]}",POINT (-114.07112629625506 50.87535123997074),19573 SHERIFF KING ST SW,a,
BP2018-04704,Completed,2018-04-27,2018,2018-05-23,2019-10-04,2019,Commercial / Multi Family Project,Building,1606 - Ths Townhouse,Townhouse,Residential,New,New,New,Triplex Yorkville Block 2 (new),MATTAMY HOMES CALGARY,,MATTAMY HOMES CALGARY,3,"$386,460",127,127,19537 SHERIFF KING ST SW,YKV,YORKVILLE,50.87600301,-114.0711272,3,Titled Parcel;Titled Parcel;Titled Parcel,19545 SHERIFF KING ST SW;19541 SHERIFF KING ST SW;19537 SHERIFF KING ST SW,"MULTIPOINT (-114.07112724571301 50.87600301411042,-114.07112453494659 50.876070440728796,-114.07112434707602 50.87612438081603)","{""type"":""MultiPoint"",""coordinates"":[[-114.0711272,50.876003],[-114.0711245,50.8760704],[-114.0711243,50.8761244]]}",POINT (-114.07112724571301 50.87600301411042),19537 SHERIFF KING ST SW,a,
BP2019-01411,Completed,2019-02-08,2019,2019-02-20,2019-06-27,2019,Commercial / Multi Family Project,Building,1606 - Ths Townhouse,Townhouse,Residential,New,New,New,New Building - Yorkville Block 2,MATTAMY HOMES CALGARY,,MATTAMY HOMES CALGARY,4,"$695,147",127,127,68 YORKVILLE AV SW,YKV,YORKVILLE,50.87491429,-114.0726415,8,Titled Parcel;Titled Parcel;Titled Parcel;Titled Parcel;Building;Building;Building;Building,60 YORKVILLE AV SW;68 YORKVILLE AV SW;64 YORKVILLE AV SW;12 YORKVILLE MR SW;60 YORKVILLE AV SW;12 YORKVILLE MR SW;68 YORKVILLE AV SW;64 YORKVILLE AV SW,"MULTIPOINT (-114.07264150505902 50.874914292038696,-114.07282992700765 50.87491417463174,-114.07274147767289 50.87491422978298,-114.07299095386058 50.87495003404318,-114.07262478619619 50.874990537618714,-114.07294143309616 50.874993459714524,-114.07282598892914 50.874994781404496,-114.072730873102 50.87499327644704)","{""type"":""MultiPoint"",""coordinates"":[[-114.0726415,50.8749143],[-114.0728299,50.8749142],[-114.0727415,50.8749142],[-114.072991,50.87495],[-114.0726248,50.8749905],[-114.0729414,50.8749935],[-114.072826,50.8749948],[-114.0727309,50.8749933]]}",POINT (-114.07264150505902 50.874914292038696),68 YORKVILLE AV SW,a,
BP2019-06276,Completed,2019-05-24,2019,2019-05-29,2020-01-17,2020,Commercial / Multi Family Project,Building,1606 - Ths Townhouse,Townhouse,Residential,New,New,New,New 4 unit townhouse,MATTAMY HOMES CALGARY,,MATTAMY HOMES CALGARY,4,"$1,143,610",127,127,132 YORKVILLE AV SW,YKV,YORKVILLE,50.87508857,-114.0742778,4,Titled Parcel;Titled Parcel;Titled Parcel;Titled Parcel,140 YORKVILLE AV SW;132 YORKVILLE AV SW;136 YORKVILLE AV SW;144 YORKVILLE AV SW,"MULTIPOINT (-114.07427776245778 50.87508856727561,-114.07409969782631 50.875052720456495,-114.0741959979293 50.87507513427932,-114.07437406271991 50.875110980951334)","{""type"":""MultiPoint"",""coordinates"":[[-114.0742778,50.8750886],[-114.0740997,50.8750527],[-114.074196,50.8750751],[-114.0743741,50.875111]]}",POINT (-114.07427776245778 50.87508856727561),132 YORKVILLE AV SW,a,
BP2019-03345,Completed,2019-04-01,2019,2019-04-11,2019-08-08,2019,Commercial / Multi Family Project,Building,1606 - Ths Townhouse,Townhouse,Residential,New,New,New,New 4 unit townhouse,MATTAMY HOMES CALGARY,,MATTAMY HOMES CALGARY,4,"$681,195",127,127,285 YORKVILLE MR SW,YKV,YORKVILLE,50.87565434,-114.0752142,8,Titled Parcel;Titled Parcel;Titled Parcel;Titled Parcel;Building;Building;Building;Building,281 YORKVILLE MR SW;285 YORKVILLE MR SW;289 YORKVILLE MR SW;18 YORKVILLE GR SW;285 YORKVILLE MR SW;18 YORKVILLE GR SW;289 YORKVILLE MR SW;281 YORKVILLE MR SW,"MULTIPOINT (-114.075214222824 50.87565433742994,-114.07531832513814 50.87566775530115,-114.0754033587888 50.87567219540227,-114.0755855063672 50.87555970264599,-114.07530840960445 50.87566920009791,-114.07555419601663 50.87561623403333,-114.07539075856137 50.87567413638999,-114.0752091439481 50.87565926722032)","{""type"":""MultiPoint"",""coordinates"":[[-114.0752142,50.8756543],[-114.0753183,50.8756678],[-114.0754034,50.8756722],[-114.0755855,50.8755597],[-114.0753084,50.8756692],[-114.0755542,50.8756162],[-114.0753908,50.8756741],[-114.0752091,50.8756593]]}",POINT (-114.075214222824 50.87565433742994),285 YORKVILLE MR SW,a,
BP2020-16839,Completed,2020-11-17,2020,2020-12-30,2021-11-12,2021,Commercial / Multi Family Project,Building,1606 - Ths Townhouse,Townhouse,Residential,New,New,New,"New 8 Unit Townhouse, Group C",MATTAMY HOMES CALGARY,,MATTAMY HOMES CALGARY,8,"$1,461,013",127,127,37 YORKSTONE HE SW,YKV,YORKVILLE,50.8753234,-114.0794411,8,Titled Parcel;Titled Parcel;Titled Parcel;Titled Parcel;Titled Parcel;Titled Parcel;Titled Parcel;Titled Parcel,336 YORKVILLE AV SW;37 YORKSTONE HE SW;17 YORKSTONE PS SW;340 YORKVILLE AV SW;21 YORKSTONE PS SW;13 YORKSTONE PS SW;25 YORKSTONE PS SW;29 YORKSTONE PS SW,"MULTIPOINT (-114.07944111226455 50.87532340248359,-114.07915523805873 50.875831531492636,-114.07907994625391 50.87565627759479,-114.07955831342079 50.87531882766524,-114.07908079835639 50.875588852043556,-114.07907909213927 50.87570572315382,-114.07908894477606 50.87544051157891,-114.07919521038376 50.87535503456198)","{""type"":""MultiPoint"",""coordinates"":[[-114.0794411,50.8753234],[-114.0791552,50.8758315],[-114.0790799,50.8756563],[-114.0795583,50.8753188],[-114.0790808,50.8755889],[-114.0790791,50.8757057],[-114.0790889,50.8754405],[-114.0791952,50.875355]]}",POINT (-114.07944111226455 50.87532340248359),37 YORKSTONE HE SW,a,
BP2020-04515,Completed,2020-04-17,2020,2020-05-28,2021-08-17,2021,Commercial / Multi Family Project,Building,1606 - Ths Townhouse,Townhouse,Residential,New,New,New,4 plex rowhouse,MATTAMY HOMES CALGARY,,MATTAMY HOMES CALGARY,4,"$1,180,782",127,127,46 YORKVILLE BV SW,YKV,YORKVILLE,50.87676271,-114.0780972,4,Titled Parcel;Titled Parcel;Titled Parcel;Titled Parcel,50 YORKVILLE BV SW;54 YORKVILLE BV SW;12 YORKSTONE GV SW;46 YORKVILLE BV SW,"MULTIPOINT (-114.07809724182272 50.87676270864957,-114.07809715166961 50.87670876874131,-114.0782038800094 50.876582837359614,-114.0780973470017 50.87682563854191)","{""type"":""MultiPoint"",""coordinates"":[[-114.0780972,50.8767627],[-114.0780972,50.8767088],[-114.0782039,50.8765828],[-114.0780973,50.8768256]]}",POINT (-114.07809724182272 50.87676270864957),46 YORKVILLE BV SW,a,
BP2020-04511,Completed,2020-04-17,2020,2020-05-28,2021-04-09,2021,Commercial / Multi Family Project,Building,1606 - Ths Townhouse,Townhouse,Residential,New,New,New,4 plex rowhouse,MATTAMY HOMES CALGARY,,MATTAMY HOMES CALGARY,4,"$1,198,473",127,127,30 YORKVILLE BV SW,YKV,YORKVILLE,50.87700993,-114.0780977,4,Titled Parcel;Titled Parcel;Titled Parcel;Titled Parcel,34 YORKVILLE BV SW;30 YORKVILLE BV SW;42 YORKVILLE BV SW;38 YORKVILLE BV SW,"MULTIPOINT (-114.07809765502806 50.87700993322267,-114.07809776772143 50.87707735810442,-114.07809746720673 50.87689755841803,-114.07809756487367 50.87695599331672)","{""type"":""MultiPoint"",""coordinates"":[[-114.0780977,50.8770099],[-114.0780978,50.8770774],[-114.0780975,50.8768976],[-114.0780976,50.876956]]}",POINT (-114.07809765502806 50.87700993322267),30 YORKVILLE BV SW,a,
BP2020-04228,Completed,2020-04-09,2020,2020-05-28,2021-02-01,2021,Commercial / Multi Family Project,Building,1606 - Ths Townhouse,Townhouse,Residential,New,New,New,4 plex rowhouse,MATTAMY HOMES CALGARY,,MATTAMY HOMES CALGARY,4,"$1,101,642",127,127,14 YORKVILLE BV SW,YKV,YORKVILLE,50.87733807,-114.0781013,4,Titled Parcel;Titled Parcel;Titled Parcel;Titled Parcel,14 YORKVILLE BV SW;26 YORKVILLE BV SW;18 YORKVILLE BV SW;22 YORKVILLE BV SW,"MULTIPOINT (-114.0781012727174 50.87733806558635,-114.07809788792817 50.87714927797743,-114.07809806823921 50.87725715778526,-114.07809797808355 50.877203217881586)","{""type"":""MultiPoint"",""coordinates"":[[-114.0781013,50.8773381],[-114.0780979,50.8771493],[-114.0780981,50.8772572],[-114.078098,50.8772032]]}",POINT (-114.0781012727174 50.87733806558635),14 YORKVILLE BV SW,a,
BP2021-04297,Completed,2021-03-22,2021,2021-04-13,2022-04-26,2022,Commercial / Multi Family Project,Building,1606 - Ths Townhouse,Townhouse,Residential,New,New,New,"New 8 Unit Townhouse, Group C",MATTAMY HOMES CALGARY,,MATTAMY HOMES CALGARY,8,"$1,461,390",127,127,125 YORKVILLE BV SW,YKV,YORKVILLE,50.87531146,-114.0771445,16,Titled Parcel;Titled Parcel;Titled Parcel;Titled Parcel;Titled Parcel;Titled Parcel;Titled Parcel;Titled Parcel;Building;Building;Building;Building;Building;Building;Building;Building,256 YORKVILLE AV SW;121 YORKVILLE BV SW;117 YORKVILLE BV SW;264 YORKVILLE AV SW;260 YORKVILLE AV SW;252 YORKVILLE AV SW;125 YORKVILLE BV SW;212 YORKVILLE GR SW;125 YORKVILLE BV SW;117 YORKVILLE BV SW;264 YORKVILLE AV SW;212 YORKVILLE GR SW;260 YORKVILLE AV SW;252 YORKVILLE AV SW;256 YORKVILLE AV SW;121 YORKVILLE BV SW,"MULTIPOINT (-114.07714451336206 50.8753114578417,-114.07758465638214 50.875522431057384,-114.07758390301892 50.875607836525354,-114.07745065112891 50.875324740117286,-114.07727084422798 50.8753113742846,-114.07705857825013 50.875311514602316,-114.07758046290093 50.875410058885656,-114.07688066203872 50.875419511877865,-114.0774550550898 50.87546142110674,-114.07749664992762 50.87560173633672,-114.07736945004294 50.875412122795034,-114.07697371222253 50.87538265449991,-114.07724628588481 50.8753854501328,-114.0770592496171 50.875382598064355,-114.07714664541976 50.87538075132856,-114.07749277903635 50.87553810771098)","{""type"":""MultiPoint"",""coordinates"":[[-114.0771445,50.8753115],[-114.0775847,50.8755224],[-114.0775839,50.8756078],[-114.0774507,50.8753247],[-114.0772708,50.8753114],[-114.0770586,50.8753115],[-114.0775805,50.8754101],[-114.0768807,50.8754195],[-114.0774551,50.8754614],[-114.0774966,50.8756017],[-114.0773695,50.8754121],[-114.0769737,50.8753827],[-114.0772463,50.8753855],[-114.0770592,50.8753826],[-114.0771466,50.8753808],[-114.0774928,50.8755381]]}",POINT (-114.07714451336206 50.8753114578417),125 YORKVILLE BV SW,a,
BP2022-06631,Completed,2022-04-25,2022,2022-05-17,2023-02-10,2023,Commercial / Multi Family Project,Building,1606 - Ths Townhouse,Townhouse,Residential,New,New,New,"New 4 Unit Rowhouse - Blk 13, Lots 8-11",MATTAMY HOMES CALGARY,,MATTAMY (YORKVILLE),4,"$834,684",127,127,165 YORKVILLE AV SW,YKV,YORKVILLE,50.87493992,-114.0747714,4,Titled Parcel;Titled Parcel;Titled Parcel;Titled Parcel,165 YORKVILLE AV SW;157 YORKVILLE AV SW;161 YORKVILLE AV SW;153 YORKVILLE AV SW,"MULTIPOINT (-114.07477140812355 50.8749399171619,-114.07459971622235 50.87489957202372,-114.07468148774305 50.87491749973184,-114.0745034092458 50.87488165353645)","{""type"":""MultiPoint"",""coordinates"":[[-114.0747714,50.8749399],[-114.0745997,50.8748996],[-114.0746815,50.8749175],[-114.0745034,50.8748817]]}",POINT (-114.07477140812355 50.8749399171619),165 YORKVILLE AV SW,a,
BP2022-06630,Completed,2022-04-25,2022,2022-05-17,2023-01-18,2023,Commercial / Multi Family Project,Building,1606 - Ths Townhouse,Townhouse,Residential,New,New,New,"New 4 Unit Rowhouse - Blk 13, Lots 4-7",MATTAMY HOMES CALGARY,,MATTAMY (YORKVILLE),4,"$832,190",127,127,181 YORKVILLE AV SW,YKV,YORKVILLE,50.87499368,-114.0750502,4,Titled Parcel;Titled Parcel;Titled Parcel;Titled Parcel,177 YORKVILLE AV SW;181 YORKVILLE AV SW;169 YORKVILLE AV SW;173 YORKVILLE AV SW,"MULTIPOINT (-114.07505018489354 50.874993678244,-114.07515073374874 50.87501608854774,-114.07487548750407 50.87495783044269,-114.07496841309833 50.87497575079451)","{""type"":""MultiPoint"",""coordinates"":[[-114.0750502,50.8749937],[-114.0751507,50.8750161],[-114.0748755,50.8749578],[-114.0749684,50.8749758]]}",POINT (-114.07505018489354 50.874993678244),181 YORKVILLE AV SW,a,
BP2022-06627,Completed,2022-04-25,2022,2022-05-17,2023-01-09,2023,Commercial / Multi Family Project,Building,1606 - Ths Townhouse,Townhouse,Residential,New,New,New,"New 3 Unit Rowhouse - Blk 13, Lots 1-3",MATTAMY HOMES CALGARY,,MATTAMY (YORKVILLE),3,"$628,660",127,127,8 YORKVILLE LI SW,YKV,YORKVILLE,50.87503848,-114.0752732,3,Titled Parcel;Titled Parcel;Titled Parcel,185 YORKVILLE AV SW;8 YORKVILLE LI SW;189 YORKVILLE AV SW,"MULTIPOINT (-114.07527320682543 50.87503848462916,-114.07558324802778 50.87500681929863,-114.07538772281234 50.87505189572395)","{""type"":""MultiPoint"",""coordinates"":[[-114.0752732,50.8750385],[-114.0755832,50.8750068],[-114.0753877,50.8750519]]}",POINT (-114.07527320682543 50.87503848462916),8 YORKVILLE LI SW,a,
BP2023-06094,Completed,2023-05-02,2023,2023-06-26,2023-12-12,2023,Commercial / Multi Family Project,Building,1606 - Ths Townhouse,Townhouse,Residential,New,New,New,4 Unit Rowhouse,MATTAMY HOMES CALGARY,,MATTAMY (YORKVILLE),4,"$834,684",127,127,166 YORKVILLE RD SW,YKV,YORKVILLE,50.87431123,-114.0738069,4,Titled Parcel;Titled Parcel;Titled Parcel;Titled Parcel,178 YORKVILLE RD SW;166 YORKVILLE RD SW;170 YORKVILLE RD SW;174 YORKVILLE RD SW,"MULTIPOINT (-114.07380689138618 50.87431123114474,-114.07409296649809 50.87436498990277,-114.07399669632532 50.87434257597356,-114.07391415171267 50.87432914327293)","{""type"":""MultiPoint"",""coordinates"":[[-114.0738069,50.8743112],[-114.074093,50.874365],[-114.0739967,50.8743426],[-114.0739142,50.8743291]]}",POINT (-114.07380689138618 50.87431123114474),166 YORKVILLE RD SW,a,

