"BOARD","NAME","ADDRESS_AB","POSTAL_COD","CITY","PROVINCE","PHONE_NO","FAX_NO","EMAIL","GRADES","POSTSECOND","DATA_SOURCE","ELEM","JUNIOR_H","SENIOR_H","GLOBAL_ID","POINT"
"The Calgary School Division","Nose Creek School","135 Covepark Sq NE","T3K5W9","Calgary","AB","(403) 817-3360",,,"Elementary/Junior High","N","N","Y","Y","N","{DED70E27-1932-4853-A7FC-7CB2A67D2FC3}","POINT (-114.060714 51.1671563)"
"The Calgary School Division","John G. Diefenbaker High School","6620  4 St NW","T2K1C2","Calgary","AB","(403) 274-2240",,"johngdiefenbaker@cbe.ab.ca","Senior High","N","N","N","N","Y","{59FC3369-53C8-4217-8F34-069523545759}","POINT (-114.0701434 51.112806)"
"Eastside City Church and Missionary Society","Eastside Christian Academy","1320 Abbeydale Drive SE","T2A7L8","Calgary","AB","(403) 569-1003",,"admin@eastsidechristianacademy.ca","Elementary/Junior High/Senior High","N","N","Y","Y","Y","{35132286-0A8B-4D84-89CB-3F18C8BC241C}","POINT (-113.9302342 51.0519591)"
"The Calgary Roman Catholic Separate School Division","St. Marguerite School","1100 New Brighton Drive SE","T2Z0W1","Calgary","AB","(403) 500-2127",,"stmarguerite@cssd.ab.ca","Elementary","N","N","Y","N","N","{864F17B7-A49A-437D-9DCF-A82D8FD4A525}","POINT (-113.9372449 50.9211617)"
"The Calgary School Division","Twelve Mile Coulee School","65 Tuscany Hills Rd NW","T3L0C7","Calgary","AB","(403) 817-3390",,"TwelveMileCoulee@cbe.ab.ca","Elementary/Junior High","N","N","Y","Y","N","{B67CCD7B-4906-4F0C-88A7-547B20E352FC}","POINT (-114.2434944 51.1228429)"
"The Southern Francophone Education Region","École de la Rose sauvage","2512 - 4 Street N.W.","T2M2Z9","Calgary","AB","(403) 230-3112",,,"Junior High/Senior High","N","N","N","Y","Y","{ECD41ABD-83FB-418D-845D-833797B4B23B}","POINT (-114.0703177 51.0748514)"
"The Calgary School Division","CLS Forest Lawn Writing Centre","1304 44 St SE","T2A1M8","Calgary","AB","(403) 272-6665",,"chinooklearning@cbe.ab.ca","Unknown","N","N","N","N","N","{6241A727-63DF-4C16-9516-BDBC6A8ECE09}","POINT (-113.9689639 51.0424098)"
"The Calgary Roman Catholic Separate School Division","Ecole St. Pius X School","2312 - 18 Street N.W.","T2M3T5","Calgary","AB","(403) 500-2015",,"stpius@cssd.ab.ca","Elementary","N","N","Y","N","N","{DBB91965-59F7-476D-A376-2BF1F3CA602A}","POINT (-114.1034205 51.0729793)"
"The Calgary School Division","Alex Munro School","427 78 Ave NE","T2K0R9","Calgary","AB","(403) 777-6600",,"alexmunro@cbe.ab.ca","Elementary","N","N","Y","N","N","{961D7893-757D-4B53-9692-627C1581ADD4}","POINT (-114.0614094 51.1206541)"
"The Calgary School Division","Hawkwood School","650 Hawkwood Blvd NW","T3G2V7","Calgary","AB","(403) 777-6410",,"hawkwood@cbe.ab.ca","Elementary","N","N","Y","N","N","{D765A407-DD69-4869-8716-8404432C344F}","POINT (-114.1787604 51.1306637)"
"Fusion Education Association","Fusion Collegiate","3636 Research Road NW","T2L1Y1","Calgary","AB","(587) 333-7772",,"admin@fusioncollegiate.ca","Senior High","N","N","N","N","Y","{49A0D658-48E9-4C95-A551-1D8CE3F08B73}","POINT (-114.1373455 51.0868412)"
"The Calgary School Division","Glenbrook School","4725 33 Ave. S.W.","T3E3V1","Calgary","AB","(403) 777-8320",,"glenbrook@cbe.ab.ca","Elementary","N","N","Y","N","N","{9C4142A2-84F6-4DBD-A426-4CE77A04B74D}","POINT (-114.1550118 51.0235181)"
,"ST. MARY'S UNIVERSITY - STUDENTS' ASSOCIATION",,"T2X1Z4","Calgary","AB","(403) 531-9130",,,,"Y","Y",,,,"{669BBB9D-C48F-462E-AA7F-C3C9BA8125D6}","POINT (-114.0663533 50.9224441)"
"Calgary International Academy Ltd","Calgary International Academy ECS","110-1248 Livingston Way NE","T3J4A3","Calgary","AB","(403) 991-7534",,"info@ciacademy.ca","Unknown","N","N","N","N","N","{89C16590-7913-4F56-A9EF-4C816183519F}","POINT (-113.9528036 51.1258951)"
"The Calgary Roman Catholic Separate School Division","St. Andrew School","4331 - 41 Avenue S.W.","T3E1G2","Calgary","AB","(403) 500-2031",,"standrew@cssd.ab.ca","Elementary","N","N","Y","N","N","{E4F803D6-1B18-41BA-9283-6EB488C58EE6}","POINT (-114.1477384 51.0163696)"
"The Calgary Roman Catholic Separate School Division","St. Cecilia (Bilingual) Elementary School","610 Agate Crescent S.E.","T2J0Z3","Calgary","AB","(403) 500-2040",,"stcecilia@cssd.ab.ca","Elementary","N","N","Y","N","N","{D584CDE6-B3AE-4A56-8702-B33C7B8ECB5B}","POINT (-114.0504253 50.9653028)"
"The Calgary School Division","Ernest Morrow School","1212  47 St SE","T2A1R3","Calgary","AB","(403) 777-7800",,"ernestmorrow@cbe.ab.ca","Junior High","N","N","N","Y","N","{D51AA531-DCEF-4C80-AAA3-9A2FCA34C4B1}","POINT (-113.9648529 51.0433913)"
"The Calgary School Division","Altadore School","4506  16 St SW","T2T4H9","Calgary","AB","(403) 777-6910",,"altadore@cbe.ab.ca","Elementary","N","N","Y","N","N","{A2F7AAD4-65E2-43B8-BC0B-C7AC1164AB50}","POINT (-114.0997475 51.0140094)"
"The Calgary School Division","Balmoral School","220 16 Ave NW","T2M0H4","Calgary","AB","(403) 777-7330",,"balmoral@cbe.ab.ca","Elementary/Junior High","N","N","Y","Y","N","{1B376B7F-50A1-41B8-B86C-8F24A33C09C8}","POINT (-114.0664944 51.0678886)"
"The Calgary School Division","Chaparral School","480 Chaparral Dr SE","T2X3S2","Calgary","AB","(403) 777-6424",,"chaparral@cbe.ab.ca","Elementary","N","N","Y","N","N","{574E766E-E4B1-4C78-AF55-3919F1B5E5E3}","POINT (-114.0449824 50.8829707)"
"The Calgary School Division","Thorncliffe School","5646 Thornton Rd NW","T2K3B9","Calgary","AB","(403) 777-6670",,"thorncliffe@cbe.ab.ca","Elementary","N","N","Y","N","N","{7440A44A-357E-4130-938B-833F10F3CD2B}","POINT (-114.0671109 51.1023299)"
,"UNIVERSITY OF CALGARY - MAIN CAMPUS - MACEWAN STUDENT CENTRE",,,"Calgary","AB","(403) 210-7625",,,,"Y","Y",,,,"{CCD17696-F731-40FF-8E3E-ABE78D1267B3}","POINT (-114.1317287 51.0782159)"
"The Calgary Roman Catholic Separate School Division","St. Gianna School","800 Auburn Bay Blvd SE","T3M0H7","Calgary","AB","(403) 500-2135",,"stgianna@cssd.ab.ca","Elementary","N","N","Y","N","N","{59F14A19-A585-40B8-A778-9A39B848FFA9}","POINT (-113.9680452 50.8955204)"
"The Calgary School Division","Deer Run School","2127  146 Ave SE","T2J6P8","Calgary","AB","(403) 777-6840",,"deerrun@cbe.ab.ca","Elementary","N","N","Y","N","N","{B966099F-5724-445E-8F84-D27B07F3FB24}","POINT (-114.0094687 50.9215622)"
"The Calgary School Division","Banff Trail School","3232 Cochrane Rd NW","T2M4J3","Calgary","AB","(403) 777-6120",,"banfftrail@cbe.ab.ca","Elementary","N","N","Y","N","N","{5E22C7E0-192F-4C49-8EAB-22F9EBAB0FBC}","POINT (-114.116773 51.0816462)"
"The Calgary Roman Catholic Separate School Division","Father Scollen School","6839 Temple Drive N.E.","T1Y5N4","Calgary","AB","(403) 500-2088",,"fatherscollen@cssd.ab.ca","Elementary/Junior High","N","N","Y","Y","N","{C8D70F8B-7A51-4DC0-9957-2D6A7BD50B12}","POINT (-113.9419758 51.093027)"
"The Calgary Roman Catholic Separate School Division","St. Martha School","6020 - 4 Avenue N.E.","T2A4B1","Calgary","AB","(403) 500-2074",,"stmartha@cssd.ab.ca","Elementary/Junior High","N","N","Y","Y","N","{7E5AEF4F-32B2-4D54-8EF2-0431F7C17CE2}","POINT (-113.9456501 51.0565501)"
"The Calgary School Division","Hidden Valley School","10959 Hidden Valley Dr  NW","T3A6J2","Calgary","AB","(403) 777-7236",,,"Elementary","N","N","Y","N","N","{50699857-D1A6-4886-B300-23F8622C18E1}","POINT (-114.1196043 51.1502605)"
"The Calgary School Division","All Boys Program","3519  36 Avenue SW","T3E1C2","Calgary","AB","(403) 777-8400",,,"Elementary","N","N","Y","N","N","{76C895E7-983E-4AD5-9490-8D4D15C2EC8C}","POINT (-114.13624 51.0211865)"
"Delta West Academy Society","Delta West Academy","414 - 11A Street N.E.","T2E4P3","Calgary","AB","(403) 290-0767",,"info@deltawestacademy.ca","Elementary/Junior High/Senior High","N","N","Y","Y","Y","{3FC49C11-4DB3-4E32-BE9E-A142B1A8C7EF}","POINT (-114.0346391 51.0551144)"
"The Calgary Roman Catholic Separate School Division","St. Ambrose School","1500 Arbour Lake Road N.W.","T3G4X9","Calgary","AB","(403) 500-2100",,"stambrose@cssd.ab.ca","Elementary/Junior High","N","N","Y","Y","N","{02A776E1-3316-4680-87D2-A80A6CEE3DF7}","POINT (-114.2061721 51.1334735)"
"The Calgary Roman Catholic Separate School Division","Our Lady of Peace Elementary Junior High School","14826 Millrise Hill S.W.","T2Y2B4","Calgary","AB","(403) 500-2097",,"olp@cssd.ab.ca","Elementary/Junior High","N","N","Y","Y","N","{D6B3A856-EE1F-47AC-8AB0-099E17E9D40E}","POINT (-114.0877237 50.9184796)"
"Renfrew Educational Services Society","Renfrew Thomas W. Buchanan Centre","2050 - 21 Street N.E.","T2X3V4","Calgary","AB","(403) 291-5038",,"renfrew@renfreweducation.org","Elementary/Junior High","N","N","Y","Y","N","{3DADF560-8CB9-4DCF-8360-2A01C7AE2FA5}","POINT (-114.0560199 50.9019504)"
"The Calgary School Division","Sir John A. Macdonald School","6600  4 St NW","T2K1C2","Calgary","AB","(403) 777-7670",,"sirjohnamacdonald@cbe.ab.ca","Junior High","N","N","N","Y","N","{0B03A715-A357-428C-B247-EEABAF1F55A1}","POINT (-114.0700599 51.1114838)"
"Bearspaw Christian School Society","Bearspaw Christian School & College","15001 - 69 Street NW","T3R1C5","Calgary","AB","(403) 295-2566",,"info@bearspawschool.com","Elementary/Junior High/Senior High","N","N","Y","Y","Y","{1D0DEC4F-4B6C-475E-9A2E-1B14F168D2D3}","POINT (-114.1893601 51.1869508)"
"The Prairie Land School Division","Al-Amal Online Academy","9 Royal Vista Drive NW","T3R0N2","Calgary","AB","(825) 996-5399",,"al-amal.onlineacademy@plrd.ab.ca","Junior High/Senior High","N","N","N","Y","Y","{9B401E2F-1E36-4F25-82FF-35B03689F163}","POINT (-114.2075571 51.150739)"
"The Calgary School Division","Valley View School","4105  26 Ave SE","T2B0C6","Calgary","AB","(403) 777-8250",,"valleyview@cbe.ab.ca","Elementary","N","N","Y","N","N","{C939BFBD-4DB7-4249-8B06-E79A9A7BD336}","POINT (-113.9752921 51.0300613)"
"The Calgary School Division","Saddle Ridge School","368 Saddlecrest Blvd NE","T3J5L6","Calgary","AB","(403) 777-6249",,"SaddleRidge@cbe.ab.ca","Elementary","N","N","Y","N","N","{742FCCDA-4774-4DF9-9E60-9F38FDCBAC8B}","POINT (-113.9368939 51.1368893)"
"The Calgary Roman Catholic Separate School Division","St. Benedict School","10340 - 19 Street S.W.","T2V1R2","Calgary","AB","(403) 500-2053",,"stbenedict@cssd.ab.ca","Elementary","N","N","Y","N","N","{F3866511-142E-4C66-8987-DCEDEA91E4EC}","POINT (-114.1054613 50.9620004)"
"The Calgary School Division","Dalhousie School","4440 Dallyn St NW","T3A1K3","Calgary","AB","(403) 777-6030",,"dalhousie@cbe.ab.ca","Elementary","N","N","Y","N","N","{884D40D3-5CE6-450A-A809-B03A6E6D27AC}","POINT (-114.1513928 51.1065337)"
"New Heights School and Learning Services Society","New Heights School and Learning Services","2521 Dieppe Ave SW","T3E7M1","Calgary","AB","(403) 240-1312",,"info@newheightscalgary.com","Elementary/Junior High/Senior High","N","N","Y","Y","Y","{EE52E156-57E5-426F-B626-9E582472F2AD}","POINT (-114.1223486 51.0184803)"
"The Calgary Roman Catholic Separate School Division","Bishop Kidd School","1420 - 28 Street S.E.","T2A0Y8","Calgary","AB","(403) 500-2052",,"bishop.kidd@cssd.ab.ca","Junior High","N","N","N","Y","N","{DC888CC9-7834-4058-9377-4ADADB32C4D0}","POINT (-113.9921426 51.040584)"
"Al-Ghani Learning","Asasa Academy","PO Box 54073 Pro Village Squar","T1Y5J1","Calgary","AB","(403) 285-9277",,,"Unknown","N","N","N","N","N","{86DE01CC-C387-4FD2-8FBF-1DECD52FE80E}","POINT (-113.9548921 51.0747556)"
"The Calgary School Division","Vista Heights School","2411 Vermillion St NE","T2E6J3","Calgary","AB","(403) 777-6000",,"vistaheights@cbe.ab.ca","Elementary","N","N","Y","N","N","{ED8C7A52-3AFB-4682-8CB6-1577369BC8D8}","POINT (-114.0170878 51.073894)"
"The Calgary School Division","O. S. Geiger School","100 Castlebrook Dr NE","T3J2J4","Calgary","AB","(403) 777-6950",,"osgeiger@cbe.ab.ca","Elementary","N","N","Y","N","N","{F9D18417-A9A1-4189-834B-CF118DC441EF}","POINT (-113.9615548 51.1048933)"
"The Calgary School Division","Buffalo Rubbing Stone School","1308 Panatella Blvd NW","T3K0X2","Calgary","AB","(403) 817-3536",,"buffalorubbingstone@cbe.ab.ca","Elementary","N","N","Y","N","N","{8D39B627-DF94-4640-B2C2-D63D89E99AB0}","POINT (-114.0873828 51.1683592)"
"The Calgary Roman Catholic Separate School Division","St. Gregory School","5340 - 26 Avenue S.W.","T3E0R6","Calgary","AB","(403) 500-2048",,"stgregory@cssd.ab.ca","Junior High","N","N","N","Y","N","{94A83EEF-4FAE-4902-8274-52E0D120337B}","POINT (-114.160488 51.0311442)"
"Lady Fatima Academy","Lady Fatima Academy","Suite 310 1001 1 St SE","T2G5G3","Calgary","AB","(587) 437-0083",,"info@ladyfatimaacademy.ca","Elementary/Junior High","N","N","Y","Y","N","{1C5F0410-019E-49B6-93C8-E4A222A93EE8}","POINT (-114.061255 51.0430128)"
"The Palliser School Division","Palliser Beyond Borders at Calgary","151 Canada Olympic Road SW","T1Y5Z6","Calgary","AB","(403) 291-0584",,"jason.kwasny@pallisersd.ab.ca","Unknown","N","N","N","N","N","{49D904BF-6F3C-49A1-BDD9-528AF3458793}","POINT (-113.9990566 51.0861212)"
"The Calgary School Division","Maple Ridge School","10203 Maplemont Rd SE","T2J1W3","Calgary","AB","(403) 777-6280",,"mapleridge@cbe.ab.ca","Elementary","N","N","Y","N","N","{8072AE50-5F2D-4526-9565-1947222F7D4F}","POINT (-114.041973 50.9618973)"
"The Calgary Roman Catholic Separate School Division","St. Sebastian Elementary School","65 Chaparal Drive SE","T2X0E6","Calgary","AB","(403) 500-2116",,"stsebastian@cssd.ab.ca","Elementary","N","N","Y","N","N","{019E853F-B69B-4AC6-8CD9-11990DD4E605}","POINT (-114.0291192 50.8848476)"
"The Calgary School Division","Copperfield School","54 Copperstone Rd SE","T2Z0G7","Calgary","AB","(403) 817-3512",,"copperfield@cbe.ab.ca","Elementary","N","N","Y","N","N","{ADAAD736-6667-4BDC-BD43-C1D71636123B}","POINT (-113.9288201 50.9148388)"
"Clear Water Academy Foundation","Clear Water Academy","3910 Quesnay Wood Drive SW","T3E8G1","Calgary","AB","(403) 217-8448",,"btomiak@clearwateracademy.com","Elementary/Junior High/Senior High","N","N","Y","Y","Y","{C11CE4BA-33F7-4A6D-9DEC-CD9EED3BBDCA}","POINT (-114.1232548 51.0192825)"
"The Calgary Chinese Public School Society","Calgary Chinese Private School","126 2nd Avenue S.W","T2P0B9","Calgary","AB","(403) 264-2233",,"ccps@shaw.ca","Senior High","N","N","N","N","Y","{B2EC991D-C51C-43CE-82C8-BEDD9ECE6B99}","POINT (-114.0643022 51.0516213)"
"The Calgary School Division","Sir Winston Churchill High School","5220 Northland Dr NW","T2L2J6","Calgary","AB","(403) 289-9241",,"sirwinstonchurchill@cbe.ab.ca","Senior High","N","N","N","N","Y","{84C4AF13-CA1E-47C2-B1C1-86C72D427785}","POINT (-114.1400026 51.1001279)"
"The Calgary Roman Catholic Separate School Division","St. Sylvester School","7318 Silver Springs Blvd NW.","T3B4N1","Calgary","AB","(403) 500-2063",,"stsylvester@cssd.ab.ca","Elementary","N","N","Y","N","N","{FCC638E8-3762-4CEA-B29B-684824E6832C}","POINT (-114.1943669 51.1092619)"
"Banbury Crossroads School","Banbury Crossroads Academy","201, 2451 Dieppe Ave. SW","T3E7K1","Calgary","AB","(403) 270-7787",,"general@banburycrossroads.com","Elementary/Junior High/Senior High","N","N","Y","Y","Y","{BC953EA1-09EE-4391-A5C8-48CF4D0601A2}","POINT (-114.119053 51.0192933)"
"The Calgary School Division","Sir Wilfrid Laurier School","819  32 St SE","T2A0Y9","Calgary","AB","(403) 777-7370",,"ampetroni@cbe.ab.ca","Elementary/Junior High","N","N","Y","Y","N","{12FAECB2-E61C-486B-8D44-4A511808C00F}","POINT (-113.9893203 51.0457415)"
"The Calgary School Division","West Ridge School","8903 Wentworth Ave SW","T3H5N9","Calgary","AB","(403) 817-3552",,"westridge@cbe.ab.ca","Elementary/Junior High","N","N","Y","Y","N","{B2A3C557-7B18-4166-A47B-59A8CD498B0B}","POINT (-114.2142566 51.058496)"
"The Calgary Roman Catholic Separate School Division","St. Rose of Lima Junior High School","2419 50 Street NE","T1Y1Z5","Calgary","AB","(403) 500-2071",,"strose@cssd.ab.ca","Elementary/Junior High","N","N","Y","Y","N","{9872AAE8-846A-4621-98CC-383A5B052644}","POINT (-113.9622931 51.0758073)"
"The Calgary Roman Catholic Separate School Division","Guardian Angel School","20 Aspen Hills Dr. SW","T3H0G5","Calgary","AB","(403) 500-2111",,"guardianangel@cssd.ab.ca","Elementary","N","N","Y","N","N","{9DC7A7CD-45A7-4437-AAF0-6341A900A48E}","POINT (-114.2164797 51.0406355)"
"The Calgary School Division","Ron Southern School","483 Silverado Blvd SW","T2X2E2","Calgary","AB","(403) 817-3576",,"ronsouthern@cbe.ab.ca","Elementary","N","N","Y","N","N","{F5B66135-E4B6-4D6B-9C17-A0656FBC8E22}","POINT (-114.0857024 50.8809386)"
"GCA Educational Society","Glenmore Christian Academy Junior High","16520-24 Street SW","T2Y4W2","Calgary","AB","(403) 254-9051",,"admin@gcaschool.com","Elementary/Junior High","N","N","Y","Y","N","{5A37DE2A-6CF7-440B-8D68-3E876CC567FB}","POINT (-114.1152532 50.9039855)"
"The Calgary School Division","Mount View School","2004  4 St NE","T2E3T8","Calgary","AB","(403) 777-6300",,"mountview@cbe.ab.ca","Elementary","N","N","Y","N","N","{A2094322-C5DA-4783-97C2-59C0DB825BA8}","POINT (-114.0520762 51.0696322)"
"The Calgary School Division","Dr. E. P. Scarlett High School","220 Canterbury Dr SW","T2W1H4","Calgary","AB","(403) 281-3366",,"drepscarlett@cbe.ab.ca","Senior High","N","N","N","N","Y","{988105DC-B430-41E8-8E6A-B52E95621284}","POINT (-114.0879958 50.9487948)"
"Foothills Academy Society","Foothills Academy","745 - 37 Street N.W.","T2N4T1","Calgary","AB","(403) 270-9400",,,"Elementary/Junior High/Senior High","N","N","Y","Y","Y","{10757A85-40CD-42B1-BBA3-58C42F2F34E5}","POINT (-114.1423208 51.0640789)"
"The Calgary Roman Catholic Separate School Division","St. William School","11020 Fairmount Drive S.E.","T2J0T1","Calgary","AB","(403) 500-2055",,"stwilliam@cssd.ab.ca","Elementary","N","N","Y","N","N","{40047CC5-F74E-4FBC-B26F-621420BB7964}","POINT (-114.0592724 50.9536283)"
"The Prairie Land School Division","Green Dome Islamic School","4618 80 Avenue NE",,"Calgary","AB","(403) 900-5445",,"greendome.islamicschool@plrd.ab.ca","Elementary","N","N","Y","N","N","{8D7B2506-7867-434E-ABF9-786C0C22F390}","POINT (-113.9682729 51.1265019)"
"Neriah Christian School Society of the Netherlands Reformed Congregation","Neriah Christian School","400 Midpark BLVD","T2X2K4","Calgary","AB","(587) 317-6805",,"darlene.dekker@neriahcs.ca","Elementary/Junior High","N","N","Y","Y","N","{762F2BD8-E2E6-4AC9-AC84-F00F0A36AAEE}","POINT (-114.0587985 50.9087082)"
"The Calgary School Division","Acadia School","9603  5 St SE","T2J1K4","Calgary","AB","(403) 777-8440",,,"Elementary","N","N","Y","N","N","{180993F5-FF18-435D-A5AE-36587E6C3596}","POINT (-114.0539411 50.9676174)"
"The Calgary Roman Catholic Separate School Division","Holy Child School","31 Silverado Terrace SW","T2X0K4","Calgary","AB","(403) 500-2130",,"holychild@cssd.ab.ca","Elementary/Junior High","N","N","Y","Y","N","{48E07564-FD81-4841-A7AC-CEB546D2DEC4}","POINT (-114.0831523 50.8861898)"
"The Calgary School Division","Jack James High School","5105  8 Ave SE","T2A4M1","Calgary","AB","(403) 248-4054",,"jackjames@cbe.ab.ca","Senior High","N","N","N","N","Y","{0E60D963-9320-4D39-8934-C4E6E9F49B0A}","POINT (-113.9599771 51.0445345)"
"The Calgary School Division","Dr. Gladys McKelvie Egbert School","6033 Madigan Dr NE","T2A5G9","Calgary","AB","(403) 777-7780",,"drgladysmegbert@cbe.ab.ca","Junior High","N","N","N","Y","N","{138BD5D3-B91B-473D-9CD1-C96FDC36DA04}","POINT (-113.9415433 51.058899)"
"The Calgary School Division","Haysboro School","1123  87 Avenue SW","T2V0W2","Calgary","AB","(403) 777-8530",,"haysboro@cbe.ab.ca","Elementary","N","N","Y","N","N","{148606D3-A84D-487A-B59C-B72D3C637903}","POINT (-114.08915 50.9755019)"
"The Calgary School Division","Tuscany School","990 Tuscany Dr NW","T3L2T4","Calgary","AB","(403) 777-8060",,"tuscany@cbe.ab.ca","Elementary","N","N","Y","N","N","{68BA2FA1-C24F-4930-9CB8-B48D4A4CF69F}","POINT (-114.245445 51.1177938)"
"The Calgary Roman Catholic Separate School Division","St. Henry Elementary School","7423 - 10 Street N.W.","T2K1H5","Calgary","AB","(403) 500-2059",,"sthenry@cssd.ab.ca","Elementary","N","N","Y","N","N","{3EABB559-D2D5-4D4B-AC7E-CFBAE877D055}","POINT (-114.0801921 51.1176043)"
"STEM Innovation Academy Society","STEM Innovation Academy High School","3636 Research Road NW","T2L2K7","Calgary","AB","(587) 943-2499",,"info@stemia.ca","Senior High","N","N","N","N","Y","{45F6EDC4-C9A0-4EDA-AED0-ADCF4DB0C66E}","POINT (-114.1309443 51.0845697)"
"Connect Charter School Society","Connect Charter School","5915 Lewis Drive S.W.","T3E5Z4","Calgary","AB","(403) 282-2890",,"office@connectcharter.ca","Elementary/Junior High","N","N","Y","Y","N","{AC4AD01C-0522-4DE5-817F-6788EEAF1BCD}","POINT (-114.1357727 51.0003803)"
"The Calgary School Division","Dr. Gordon Higgins School","155 Rundlehill Dr NE","T1Y2W9","Calgary","AB","(403) 777-7060",,"drgordonhiggins@cbe.ab.ca","Junior High","N","N","N","Y","N","{88B3EF90-077A-491F-BC85-BBCFA53D8E3A}","POINT (-113.9706783 51.0752764)"
"Calgary Waldorf School Society","Calgary Waldorf School","515 Cougar Ridge Drive S.W.","T3H5G9","Calgary","AB","(403) 287-1868",,"principal@calgarywaldorf.org","Elementary/Junior High","N","N","Y","Y","N","{6574A5C4-2932-4037-81D0-863890ABAAF8}","POINT (-114.2183405 51.0723561)"
"The Calgary School Division","Wildwood School","120  45 St SW","T3C2B3","Calgary","AB","(403) 777-8430",,"wildwood@cbe.ab.ca","Elementary","N","N","Y","N","N","{B143AB93-6891-43F4-8633-D5C27963E103}","POINT (-114.1521308 51.0515963)"
"The Calgary School Division","CLS James Fowler Writing Centre","4004 4 St NE","T2K1A1","Calgary","AB","(403) 230-4743",,"chinooklearning@cbe.ab.ca","Unknown","N","N","N","N","N","{2EA9674F-E24A-4A99-8A4D-C884E851A30E}","POINT (-114.0705306 51.0865389)"
"The Canadian Montessori School Ltd.","Canadian Montessori School West","1112 - 70 Avenue S.W.","T2V0P6","Calgary","AB","(403) 252-3281",,"admin@calgarymontessorischool.com","Unknown","N","N","N","N","N","{FF8D9410-8CE0-448C-916B-EB68D4CC2F8C}","POINT (-114.0882764 50.9907515)"
"The Calgary School Division","Le Roi Daniels School","47 Fyffe Rd SE","T2H1B9","Calgary","AB","(403) 777-6420",,"leroidaniels@cbe.ab.ca","Elementary","N","N","Y","N","N","{37D3D1F6-2C45-4914-BC56-28CE3127FBD4}","POINT (-114.0579698 50.9838651)"
"The Calgary School Division","G. W. Skene School","6226 Penbrooke Dr SE","T2A6M7","Calgary","AB","(403) 777-8150",,"gwskene@cbe.ab.ca","Elementary","N","N","Y","N","N","{06DFFB3F-988F-4C29-AD90-77A98A6909EB}","POINT (-113.945235 51.0456316)"
"The Calgary Roman Catholic Separate School Division","St. Thomas Aquinas School","4540 - 26 Avenue S.W.","T3E0R1","Calgary","AB","(403) 500-2027",,"stthomasaquinas@cssd.ab.ca","Elementary","N","N","Y","N","N","{B119197B-E2E6-46F3-80C1-B0F76F750ECA}","POINT (-114.1518686 51.0309789)"
"The Calgary School Division","Simons Valley School","375 Sandarac Drive NW","T3K4B2","Calgary","AB","(403) 777-6660",,"simonsvalley@cbe.ab.ca","Elementary","N","N","Y","N","N","{47358E0F-5C07-4B52-89BD-D994E8D8CC60}","POINT (-114.1073349 51.1396811)"
"The Calgary Roman Catholic Separate School Division","St. Gemma Outreach High School","38 - 3250 Sunridge Way NE","T1Y7K4","Calgary","AB","(403) 500-2140",,"stgemma@cssd.ab.ca","Senior High","N","N","N","N","Y","{C5A4EC52-178C-4524-AF6B-1F5035FBC747}","POINT (-113.9901507 51.0696454)"
"The Calgary School Division","Coventry Hills School","12350 Coventry Hills Way NE","T3K5S9","Calgary","AB","(403) 777-6025",,"coventryhills@cbe.ab.ca","Elementary","N","N","Y","N","N","{A400090D-906B-4302-A60D-98C16C7F4A3C}","POINT (-114.0514279 51.1651872)"
"The Calgary School Division","Richmond School","2701 - 22 St SW","T2T5G5","Calgary","AB","(403) 777-8380",,"richmond@cbe.ab.ca","Elementary","N","N","Y","N","N","{DE2D6824-B377-435E-B51C-487FC040E32A}","POINT (-114.1150529 51.0301394)"
"The Calgary School Division","CBe-learn","2336 53 Avenue SW","T3E1L2","Calgary","AB","(403) 777-7971",,"cbelearn@cbe.ab.ca","Elementary/Junior High/Senior High","N","N","Y","Y","Y","{2FD2953D-5705-4053-9518-EA3568D97857}","POINT (-114.113942 51.0065237)"
"The Calgary School Division","Cedarbrae School","10631 Oakfield Dr SW","T2W2T3","Calgary","AB","(403) 777-8610",,"cedarbrae@cbe.ab.ca","Elementary","N","N","Y","N","N","{AA713474-EBC3-498E-A577-3CB9AF8DCD8B}","POINT (-114.1331988 50.9584055)"
"The Calgary School Division","Chief Justice Milvain School","3428  42 St NE","T1Y6A3","Calgary","AB","(403) 777-6700",,"chiefjusticemilvain@cbe.ab.ca","Elementary","N","N","Y","N","N","{11968FA5-0FFC-4F4C-AE41-ED55CB859F6D}","POINT (-113.9722042 51.0836928)"
"The Calgary School Division","Janet Johnstone School","224 Shawnessy Dr SW","T2Y1M1","Calgary","AB","(403) 777-8670",,"janetjohnstone@cbe.ab.ca","Elementary","N","N","Y","N","N","{AB8E2FA5-F760-4BB7-AD38-04D5ED17F2BC}","POINT (-114.0801002 50.909376)"
"The Calgary Roman Catholic Separate School Division","St. James Elementary Junior High School","2227 - 58 Avenue S.W.","T3E1N6","Calgary","AB","(403) 500-2035",,"stjames@cssd.ab.ca","Elementary/Junior High","N","N","Y","Y","N","{4FD09AD2-7BF8-44CE-959A-9435D8AC467B}","POINT (-114.1136783 51.0011481)"
"Janus Academy Society","Janus Academy","200 - 403 33 Street NE","T2A1X5","Calgary","AB","(403) 262-3333",,"janus.contact@janusacademy.org","Elementary","N","N","Y","N","N","{D5E1B26E-572A-443C-826C-C9783F9FB532}","POINT (-113.9875469 51.0553729)"
"The Calgary Roman Catholic Separate School Division","Our Lady of Grace School","736 Evanston Drive","T3P0N7","Calgary","AB","(403) 500-2124",,"ourladyofgrace@cssd.ab.ca","Elementary/Junior High","N","N","Y","Y","N","{7447CC83-EE09-472E-8268-BB10F85DB782}","POINT (-114.1205009 51.1793462)"
"The Calgary School Division","Forest Lawn High School","1304  44 St SE","T2A1M8","Calgary","AB","(403) 272-6665",,"forestlawn@cbe.ab.ca","Senior High","N","N","N","N","Y","{6A055979-39A2-476D-AE8F-9569A0AFA6A2}","POINT (-113.9689639 51.0424098)"
"The Calgary School Division","Griffith Woods School","7652  26 Ave SW","T3H3X2","Calgary","AB","(403) 817-3572",,"griffithwoods@cbe.ab.ca","Elementary/Junior High","N","N","Y","Y","N","{2C3DB9F3-11F8-4807-8599-2C308EFACD78}","POINT (-114.1947612 51.0309861)"
"The Calgary Roman Catholic Separate School Division","St. Augustine Elementary Junior High School","7112 - 7 Street S.W.","T2V1E9","Calgary","AB","(403) 500-2022",,"staugustine@cssd.ab.ca","Elementary/Junior High","N","N","Y","Y","N","{2317A294-DC62-45F7-A9A2-C678FB1038AE}","POINT (-114.0807914 50.9911204)"
"The Calgary School Division","Annie Gale School","577 Whiteridge Way NE","T1Y4S8","Calgary","AB","(403) 777-7680",,"anniegale@cbe.ab.ca","Elementary/Junior High","N","N","Y","Y","N","{EA00732C-99B0-4EAF-84A3-3119F4ADA68F}","POINT (-113.9689571 51.0890794)"
"The Calgary School Division","Lakeshore School","430 Auburn Bay Dr SE","T3M1P6","Calgary","AB","(403) 817-3440",,"Lakeshore@cbe.ab.ca","Elementary/Junior High","N","N","Y","Y","N","{57036CF3-B2DF-4507-83D4-3D84E73E1EB8}","POINT (-113.9538082 50.8959186)"
"The Calgary School Division","Chris Akkerman School","5004 Marbank Dr NE","T2A3J6","Calgary","AB","(403) 777-8120",,"chrisakkerman@cbe.ab.ca","Elementary","N","N","Y","N","N","{D6B07838-2C4E-4B67-98E5-65A7161D32C1}","POINT (-113.9630252 51.063764)"
"The Calgary School Division","Ethel M. Johnson School","255 Sackville Dr SW","T2W0W7","Calgary","AB","(403) 777-8500",,"ethelmjohnson@cbe.ab.ca","Elementary","N","N","Y","N","N","{5C5C2F1D-6E91-45FF-99A8-F62D16E02B5C}","POINT (-114.0890531 50.9554801)"
"River Valley School Society","River Valley School","3127 Bowwood Drive N.W.","T3B2E7","Calgary","AB","(403) 246-2275",,"info@rivervalleyschool.ca","Elementary","N","N","Y","N","N","{1BE1A444-53CF-41B4-8D6B-D85D91C1606B}","POINT (-114.1743584 51.0794761)"
"The Calgary School Division","Dr. Martha Cohen School","116 Brightondale Pk SE","T2Z0V1","Calgary","AB","(403) 817-3548",,"drmarthacohen@cbe.ab.ca","Elementary/Junior High","N","N","Y","Y","N","{970767CF-F553-4B72-9B67-24B0091356CC}","POINT (-113.9447466 50.9171057)"
"The Calgary Roman Catholic Separate School Division","Holy Cross Elementary Junior High School","3719 - 26 Avenue S.E.","T2B0C6","Calgary","AB","(403) 500-2033",,"holycross@cssd.ab.ca","Elementary/Junior High","N","N","Y","Y","N","{B37C2DB5-CC22-44BE-A5C6-6C3999BDC08A}","POINT (-113.9795768 51.0300622)"
"The Southern Francophone Education Region","École du Nouveau-Monde","220 Scenic Acres Drive NW","T3L0E7","Calgary","AB","(403) 910-3851",,"nouveaumonde@francosud.ca","Elementary","N","N","Y","N","N","{2E8D7C4F-B106-4D30-B5F4-DF2F5956D33E}","POINT (-114.2151383 51.1116028)"
"The Calgary School Division","Dr. Gordon Townsend School","28 Oki Drive NW","T3B6A8","Calgary","AB","(403) 955-7004",,"drgordontownsend@cbe.ab.ca","Elementary/Junior High/Senior High","N","N","Y","Y","Y","{96CD6172-BC8E-4306-BD60-96C08FBD0670}","POINT (-114.1483598 51.0745013)"
"The Calgary Roman Catholic Separate School Division","St. Jerome Elementary School","11616 Panorama Hills Blvd NW","T3K5S3","Calgary","AB","(403) 500-2115",,"stjerome@cssd.ab.ca","Elementary","N","N","Y","N","N","{EC6EC988-6C75-4EC8-A95A-310CEDB18E96}","POINT (-114.079297 51.1577179)"
"The Calgary School Division","Silver Springs School","7235 Silver Mead Rd NW","T3B3V1","Calgary","AB","(403) 777-6070",,"silversprings@cbe.ab.ca","Elementary","N","N","Y","N","N","{EC425D5C-53DE-4CE7-BC10-4794A8A17770}","POINT (-114.1908398 51.1057169)"
"The Calgary School Division","Royal Oak School","9100 Royal Birch Blvd NW","T3G5R8","Calgary","AB","(403) 777-6279",,"royaloak@cbe.ab.ca","Elementary","N","N","Y","N","N","{5BB19023-825E-439B-94B5-24A65FC8BB0D}","POINT (-114.2220836 51.1455795)"
"The Calgary Roman Catholic Separate School Division","St. Mark Elementary School","4589 Marbank Drive N.E.","T2A3V8","Calgary","AB","(403) 500-2068",,"stmark@cssd.ab.ca","Elementary","N","N","Y","N","N","{F932B435-01EE-4392-BA4E-A900AA9219D1}","POINT (-113.9693755 51.0629888)"
,"BOW VALLEY COLLEGE",,"T2G4V1","Calgary","AB","(403) 410-1400",,"info@bowvalleycollege.ca",,"Y","Y",,,,"{2083A03F-F7F3-4A50-B6AD-042F6F28DB86}","POINT (-114.0560154 51.0467729)"
"The Calgary School Division","Central Memorial High School","5111  21 St SW","T3E1R9","Calgary","AB","(403) 243-8880",,"centralmemorial@cbe.ab.ca","Senior High","N","N","N","N","Y","{29B3F3D2-2361-4903-BA7D-C9926197CF95}","POINT (-114.1135347 51.0079346)"
"The Calgary School Division","Douglasdale School","400 Douglas Park Blvd SE","T2Z4A3","Calgary","AB","(403) 777-6177",,"douglasdale@cbe.ab.ca","Elementary","N","N","Y","N","N","{B760A633-2C0D-409C-82F7-4A77A2C78263}","POINT (-113.982663 50.9352697)"
"The Calgary School Division","Mahogany School","165 Mahogany Blvd. SE","T3M1N4","Calgary","AB","(403) 817-3448",,"Mahogany@cbe.ab.ca","Elementary","N","N","Y","N","N","{AF957B71-2CA5-465B-B234-FB1073602818}","POINT (-113.9265654 50.9025781)"
"The Calgary School Division","Bob Edwards School","4424 Marlborough Dr NE","T2A2Z5","Calgary","AB","(403) 777-7770",,"bobedwards@cbe.ab.ca","Elementary/Junior High","N","N","Y","Y","N","{CA6734FB-6956-429A-B37B-5A4FB68E57CA}","POINT (-113.968788 51.0599362)"
"The Calgary School Division","Annie Foote School","6320 Temple Dr NE","T1Y5V5","Calgary","AB","(403) 777-6680",,"anniefoote@cbe.ab.ca","Elementary","N","N","Y","N","N","{6A24483A-5202-489F-ACD3-F066A5648C67}","POINT (-113.9403445 51.0859954)"
"The Calgary School Division","Louise Dean School","120  23 St NW","T2N2P1","Calgary","AB","(403) 777-7630",,"louisedean@cbe.ab.ca","Senior High","N","N","N","N","Y","{8EE84839-BB63-4A4A-86AB-C8D67463240C}","POINT (-114.1146967 51.0531575)"
"The Calgary School Division","Braeside School","1747  107 Ave SW","T2W0C3","Calgary","AB","(403) 777-8470",,"braeside@cbe.ab.ca","Elementary","N","N","Y","N","N","{9ABC9435-4FEB-4020-9BE4-1A483C2934D6}","POINT (-114.1017086 50.9566803)"
"The Calgary Roman Catholic Separate School Division","Bishop McNally High School","5700 Falconridge Boulevard N.E","T3J3N4","Calgary","AB","(403) 500-2091",,"bishopmcnally@cssd.ab.ca","Senior High","N","N","N","N","Y","{42BBA97C-A974-44D0-9ECB-668B2A79F007}","POINT (-113.9536206 51.103228)"
,"MOUNT ROYAL UNIVERSITY - LINCOLN PARK CAMPUS",,"T3E6K6","Calgary","AB","(403) 440-5000",,"aro@mtroyal.ca",,"Y","Y",,,,"{D53F6D7E-EF8E-4DD1-813A-87F4BC6F981C}","POINT (-114.1327346 51.0128117)"
"The Calgary School Division","William Aberhart High School","3009 Morley Trail NW","T2M4G9","Calgary","AB","(403) 289-2551",,"williamaberhart@cbe.ab.ca","Junior High/Senior High","N","N","N","Y","Y","{1026647C-EBC0-4CA7-8613-5EA268B94440}","POINT (-114.1153518 51.0786763)"
"Muslim Association of Canada","MAC Islamic School - Calgary Chapter","64 12 street NE","T3G1B5","Calgary","AB","(403) 454-7879",,"office@macislamicschool.ca","Elementary/Junior High","N","N","Y","Y","N","{BCBC787A-7C68-4E00-9059-3D50B9576497}","POINT (-114.1799465 51.1148437)"
"The Calgary Roman Catholic Separate School Division","Monsignor J. S. Smith School","2919 Douglasdale Boulevard S.E","T2Z2H9","Calgary","AB","(403) 500-2069",,"msgrsmith@cssd.ab.ca","Elementary/Junior High","N","N","Y","Y","N","{F5F77545-937C-4F57-9DBE-ACE886EF962B}","POINT (-113.9898805 50.9412152)"
"The Calgary School Division","Eric Harvie School","357 Tuscany Dr NW","T3L3C9","Calgary","AB","(403) 817-3532",,"ericharvie@cbe.ab.ca","Elementary","N","N","Y","N","N","{F2F24612-B4F3-4CEA-B0C7-0BDC26AE0407}","POINT (-114.2511254 51.1280486)"
"The Calgary Roman Catholic Separate School Division","St. Rita School","7811 Ranchview Drive N.W.","T3G2B3","Calgary","AB","(403) 500-2083",,"strita@cssd.ab.ca","Elementary","N","N","Y","N","N","{D833F66E-C253-4098-945E-9BF3D647DD1F}","POINT (-114.1817674 51.1198729)"
"The Calgary School Division","Louis Riel School","9632 Oakfield Dr SW","T2V0L1","Calgary","AB","(403) 777-7650",,"louisriel@cbe.ab.ca","Elementary/Junior High","N","N","Y","Y","N","{F912B6B6-0FBF-4B8E-B4BF-7D95BDF0D6AA}","POINT (-114.1322722 50.9667379)"
"Mountain View Academy Society","Mountain View Academy","3915 34 Street NE","T1Y6Z8","Calgary","AB","(403) 217-4346",,"office@mountainviewacademy.ca","Elementary/Junior High/Senior High","N","N","Y","Y","Y","{D3CB0C18-EBF5-4989-8B08-1AF0D0456C59}","POINT (-113.9861182 51.0884446)"
"The Calgary School Division","Keeler School","4807 Forego Ave SE","T2A2C4","Calgary","AB","(403) 777-8180",,"keeler@cbe.ab.ca","Elementary","N","N","Y","N","N","{D7965807-A033-4059-9E72-409E6BC67DA5}","POINT (-113.9648274 51.0492636)"
"The Calgary Roman Catholic Separate School Division","St. Teresa of Calcutta School","St. Teresa School 121 Midlake","T2X1T7","Calgary","AB","(403) 500-2078",,"stteresa@cssd.ab.ca","Elementary","N","N","Y","N","N","{11A09257-BC32-426D-B933-3585CCE076B0}","POINT (-114.0520974 50.9143846)"
"The Calgary School Division","Patrick Airlie School","1520  39 St SE","T2A1H9","Calgary","AB","(403) 777-8220",,"patrickairlie@cbe.ab.ca","Elementary","N","N","Y","N","N","{C7D032C4-7EDD-4DE9-AC29-6F8CF45F07A9}","POINT (-113.9767981 51.0399181)"
"The Calgary Roman Catholic Separate School Division","St. Monica School","235 - 18 Avenue S.W.","T2S0C2","Calgary","AB","(403) 500-2001",,"Stmonica@cssd.ab.ca","Elementary/Junior High","N","N","Y","Y","N","{CD48CE97-C8FF-4465-97B9-72153EBAD303}","POINT (-114.0678286 51.0367765)"
"Foundations for the Future Charter Academy Charter School Society","Southwest Elementary Campus","898 Sylvester Cres. SW","T2W0R7","Calgary","AB","(403) 259-3527",,"pam.brah@ffca-calgary.com","Elementary","N","N","Y","N","N","{90292F20-F9E3-4F8A-BEBC-6CB6A0624C2B}","POINT (-114.0825608 50.9589875)"
"The Calgary School Division","Manmeet Singh Bhullar School","1027 Martindale Blvd NE","T3J4Z1","Calgary","AB","(403) 817-3568",,"manmeetsinghbhullar@cbe.ab.ca","Elementary","N","N","Y","N","N","{344F84C6-C5A1-4366-A8A4-DFF47B97E2D8}","POINT (-113.9594368 51.1233136)"
"The Calgary School Division","Western Canada High School","641  17 Ave SW","T2S0B5","Calgary","AB","(403) 228-5363",,"westerncanada@cbe.ab.ca","Senior High","N","N","N","N","Y","{ACED75F9-97F3-4D21-91EF-5BD2F0EBF75E}","POINT (-114.0775618 51.0370015)"
"The Calgary School Division","Rundle School","4120 Rundlehorn Dr NE","T1Y4W9","Calgary","AB","(403) 777-6760",,"rundle@cbe.ab.ca","Elementary","N","N","Y","N","N","{77FB6A43-2321-433B-86BE-6F2399792D23}","POINT (-113.973736 51.0711891)"
"The Calgary Roman Catholic Separate School Division","Christ the King Catholic School","333 Cranston Way SE","T3M1K6","Calgary","AB","(403) 500-2119",,"christ.theking@cssd.ab.ca","Elementary/Junior High","N","N","Y","Y","N","{89A688CE-05A0-4A90-9BAA-ED5EB64F7C0C}","POINT (-113.9759845 50.8878437)"
"Maria Montessori Education Centre of Calgary, Ltd.","Maria Montessori School","Chief Crowfoot School Building 
2605 13 Avenue NW","T2N1K6","Calgary","AB","(403) 668-8538",,"info@mmec.ca","Elementary/Junior High","N","N","Y","Y","N","{8946B344-BF90-43ED-AE9E-2D7652BE1159}","POINT (-114.1235969 51.0627165)"
"Calgary Arts Academy Society","Calgary Arts Academy Rosscarrock Middle School","1406 40th Street SW","T3C1W7","Calgary","AB","(403) 255-1984",,"cjordan@caaschool.com","Unknown","N","N","N","N","N","{326794EA-D526-4BC9-A0C0-601CDF1FE00A}","POINT (-114.1447965 51.0412231)"
"The Calgary School Division","Sherwood School","2011  66 Ave SE","T2C1J4","Calgary","AB","(403) 777-7590",,"sherwood@cbe.ab.ca","Elementary/Junior High","N","N","Y","Y","N","{2A6BB377-3E24-4008-ADD7-27E01FCD5C09}","POINT (-114.0114926 50.9937034)"
"The Calgary Roman Catholic Separate School Division","Monsignor E. L. Doyle Elementary School","8887 Scurfield Drive NW","T3L1H6","Calgary","AB","(403) 500-2098",,,"Elementary","N","N","Y","N","N","{EE614C97-0A94-475B-9864-B61B6A3F57C9}","POINT (-114.2166262 51.1220249)"
"The Calgary School Division","Brentwood School","1231 Northmount Dr NW","T2L0C9","Calgary","AB","(403) 777-6130",,"brentwood@cbe.ab.ca","Elementary","N","N","Y","N","N","{8A083B9B-3CBB-4F60-83BE-E9EEF51DC3EC}","POINT (-114.1238723 51.0904962)"
"Westmount Charter School Society","Westmount Elementary School","728 - 32 Street NW","T2N2V9","Calgary","AB","(403) 217-0426",,"ecadmin@westmountcharter.com","Elementary","N","N","Y","N","N","{1C24955F-C61A-402B-B0E7-A5D0B8D0FFE5}","POINT (-114.1314426 51.0581544)"
"The Calgary Roman Catholic Separate School Division","Our Lady of the Rockies High School","111 Haddon Road S.W.","T2V2Y2","Calgary","AB","(403) 500-2047",,"ourladyoftherockies@cssd.ab.ca","Senior High","N","N","N","N","Y","{E08616E5-5E83-45A9-9CD6-185A0D0C60C3}","POINT (-114.0787552 50.9754445)"
"The Calgary School Division","Somerset School","150 Somerset Manor SW","T2Y4S2","Calgary","AB",,,"somerset@cbe.ab.ca","Elementary","N","N","Y","N","N","{7D12E64C-278B-4820-8120-E6AABFFFE116}","POINT (-114.0849814 50.8974187)"
"The Calgary Roman Catholic Separate School Division","Holy Angels School","275 Riverglen Drive SE","T2C3T5","Calgary","AB","(403) 500-2101",,"holyangels@cssd.ab.ca","Elementary","N","N","Y","N","N","{A60110B4-CCEB-46D5-925C-427DC4F5F2AC}","POINT (-114.0100319 50.9741021)"
"The Calgary Roman Catholic Separate School Division","Monsignor A. J. Hetherington Elementary School","4 Coral Springs Boulevard N.E","T3J3J3","Calgary","AB","(403) 500-2036",,"monsignor.hetherington@cssd.ab.ca","Elementary","N","N","Y","N","N","{B0C15ACD-86DC-4022-A8B5-F6543CF8A28C}","POINT (-113.9343077 51.0996085)"
"The Calgary School Division","Radisson Park School","2805 Radcliffe Dr SE","T2A0C8","Calgary","AB","(403) 777-8070",,"radissonpark@cbe.ab.ca","Elementary","N","N","Y","N","N","{1C0A496F-91D8-40AD-A7FD-943BC5A7A185}","POINT (-113.9922472 51.0461681)"
"Renfrew Educational Services Society","Renfrew Educational Services-Bowness Centre","2050 - 21 Street N.E.","T3B2B2","Calgary","AB","(403) 291-5038",,"renfrew@renfreweducation.org","Unknown","N","N","N","N","N","{E967E43B-1B4E-43BA-9CB0-169AA55CBDDE}","POINT (-114.2119387 51.096336)"
"The Calgary School Division","Bishop Pinkham School","3304  63 Ave SW","T3E5K1","Calgary","AB","(403) 777-7840",,"bishoppinkham@cbe.ab.ca","Junior High","N","N","N","Y","N","{FDBA9A3F-6F3C-4EA0-B96B-2688E225B26C}","POINT (-114.1307135 50.9972697)"
"The Calgary School Division","Marlborough School","4711 Maryvale Dr NE","T2A3A1","Calgary","AB","(403) 777-8190",,"marlborough@cbe.ab.ca","Elementary","N","N","Y","N","N","{B6952350-0E9F-4BEC-B0EE-54C98EAC300A}","POINT (-113.9655139 51.0560903)"
"Alberta Chung Wah School Society","Alberta Chung Wah School","#270, 328 Centre Street S.E.","T2G4X6","Calgary","AB","(403) 271-8033",,"office@albertachungwahschool.ca","Unknown","N","N","N","N","N","{2991A628-B476-415E-A749-086A0F5C183C}","POINT (-114.0617526 51.0495717)"
"Foundations for the Future Charter Academy Charter School Society","North Middle School Campus","211 McKnight Blvd. NE","T2E5S7","Calgary","AB",,,"kimberly.johnson@ffca-calgary.com","Elementary/Junior High","N","N","Y","Y","N","{D08E4462-6A2C-4313-B3F4-239AA4659ADC}","POINT (-114.0600524 51.0954545)"
"Almadina School Society","Calgary Charter School Hub ¿ Almadina Campus","3636 Research Road NW","T2L1Y1","Calgary","AB","(825) 801-5825",,"elmasri@esl-almadina.com","Junior High/Senior High","N","N","N","Y","Y","{EF65E652-57FC-4B7F-9685-01C9FD3F2EEE}","POINT (-114.1373455 51.0868412)"
"The Calgary School Division","Belfast School","1229  17A St NE","T2E4V4","Calgary","AB","(403) 777-6250",,"belfast@cbe.ab.ca","Elementary","N","N","Y","N","N","{4D67E234-E38C-44E9-A43D-053951B145A5}","POINT (-114.0183225 51.0633817)"
"The Calgary School Division","Lord Beaverbrook High School","9019 Fairmount Dr SE","T2H0Z4","Calgary","AB","(403) 259-5585",,"lordbeaverbrook@cbe.ab.ca","Senior High","N","N","N","N","Y","{A61352EF-BB89-4B59-A82C-D8740CB793DB}","POINT (-114.0616538 50.9731066)"
"The Calgary School Division","McKenzie Towne School","679 Prestwick Cir SE","T2Z0V3","Calgary","AB",,,"mckenzietowneSchool@cbe.ab.ca","Elementary","N","N","Y","N","N","{5FE199F8-835B-4E5F-88C2-E5ED0768BB76}","POINT (-113.9667317 50.9270555)"
"The Calgary School Division","Discovering Choices II","3610 - 9th Street SE","T2A6K3","Calgary","AB","(403) 777-8384",,"discoveringchoices@cbe.ab.ca","Senior High","N","N","N","N","Y","{1714AB85-5181-49D0-BB2D-6133E5B6BB41}","POINT (-113.9849539 51.0565383)"
"The Calgary Roman Catholic Separate School Division","St. Clare","12455 Coventry Hills Way, N.E.","T3K5Z4","Calgary","AB","(403) 500-2102",,"stclare@cssd.ab.ca","Elementary","N","N","Y","N","N","{14D5846C-F061-4035-99EC-29DDDC4872B0}","POINT (-114.0454099 51.1647493)"
"Westmount Charter School Society","Westmount Mid/High School","2215 Uxbridge Dr. N.W.","T2N4Y3","Calgary","AB",,,"mhadmin@westmountcharter.com","Elementary/Junior High/Senior High","N","N","Y","Y","Y","{E8067A46-5C8D-40EA-AE89-A297DA56DC0B}","POINT (-114.1325271 51.0710543)"
"The Calgary Roman Catholic Separate School Division","St. Elizabeth Seton","10845 Hidden Valley Drive","T3A6K3","Calgary","AB","(403) 500-2105",,"stelizabethseton@cssd.ab.ca","Elementary/Junior High","N","N","Y","Y","N","{D809C978-FD69-4E69-A517-11D5C97504F7}","POINT (-114.1104507 51.1511086)"
"Al-Ghani Learning","Little Angels","PO Box 54073 
Pro Village Square","T3K2R5","Calgary","AB","(403) 285-9277",,,"Unknown","N","N","N","N","N","{F9F0B0E9-78D9-4272-8B52-E9E23AC06E09}","POINT (-114.0321078 51.1520563)"
"The Calgary School Division","Banting and Best School","1819 66 Avenue SE","T2C2K5","Calgary","AB","(403) 777-8650",,"bantingandbest@cbe.ab.ca","Elementary","N","N","Y","N","N","{362D6F87-D7C8-4C63-994C-D1EC9719D6AB}","POINT (-114.0138764 50.9937496)"
"Foundations for the Future Charter Academy Charter School Society","FFCA South High School Campus","315 86 Avenue SE","T2H1Z2","Calgary","AB","(587) 794-4250",,"terry.carlisle-fink@ffca-calgary.com","Junior High/Senior High","N","N","N","Y","Y","{CDD9A9F6-B274-4F5B-A06D-6FD597EF974C}","POINT (-114.0650787 50.9753272)"
"Congregation House of Jacob-Mikveh Israel","Akiva Academy","140 Haddon Road S.W.","T2V2Y3","Calgary","AB","(403) 258-1312",,"office@akiva.ca","Elementary/Junior High","N","N","Y","Y","N","{BDAB72F5-2FBA-4E44-919E-1F642D31FB1F}","POINT (-114.0778378 50.9732841)"
"The Palliser School Division","Horizon Leadership Academy","199 Queen Charlotte Drive SE","T3E7K9","Calgary","AB","(403) 460-1746",,"aasima.asrar@pallisersd.ab.ca","Elementary/Junior High","N","N","Y","Y","N","{07E1E53B-FF70-43B3-9124-12B3275F57A3}","POINT (-114.119061 51.0176511)"
"The Calgary School Division","Hugh A. Bennett School","40 Saddlelake Way NE","T3J0V1","Calgary","AB","(403) 817-3560",,"hughabennett@cbe.ab.ca","Elementary","N","N","Y","N","N","{35062205-CDEF-4453-9004-D494966A6AE2}","POINT (-113.9285519 51.1317157)"
"The Calgary School Division","Rosemont School","19 Rosevale Dr NW","T2K1N6","Calgary","AB","(403) 777-6230",,"rosemont@cbe.ab.ca","Elementary","N","N","Y","N","N","{B4ED222D-BC94-44B4-A8CF-61BEB1CE2C9C}","POINT (-114.0923876 51.077878)"
"The Calgary School Division","Mayland Heights School","2324 Maunsell Drive NE","T2E6A2","Calgary","AB","(403) 777-6290",,"maylandheights@cbe.ab.ca","Elementary","N","N","Y","N","N","{F0533350-586A-4A39-882E-F46563C62782}","POINT (-114.007307 51.0589586)"
"The Calgary School Division","New Brighton School","30 New Brighton Dr SE","T2Z4B2","Calgary","AB","(403) 817-3516",,"newbrighton@cbe.ab.ca","Elementary","N","N","Y","N","N","{03FFE0D2-0BA4-4A56-90E9-782AE78C50A1}","POINT (-113.953722 50.9194839)"
"The Calgary School Division","Buchanan School","3717 Centre St NW","T2E2Y2","Calgary","AB","(403) 777-6260",,"buchanan@cbe.ab.ca","Elementary","N","N","Y","N","N","{636EB243-0309-42CD-A4DC-3B4A20E91238}","POINT (-114.0631621 51.0856364)"
"The Calgary Roman Catholic Separate School Division","Holy Trinity School","1717 - 41 Street S.E.","T2A1L2","Calgary","AB","(403) 500-2032",,"holytrinity@cssd.ab.ca","Elementary","N","N","Y","N","N","{DAD99979-7BDF-4E66-B579-AADAF4610BB2}","POINT (-113.9749598 51.0389768)"
"The Gilbertine Institute of Catholic Studies","The Gilbertine Academy","1423 8 Ave SE","T2G0N1","Calgary","AB","(866) 361-3650",,"admin@gilbertineinstitute.com","Elementary/Junior High/Senior High","N","N","Y","Y","Y","{44CA89C4-2FCE-4256-90F5-140F313A4380}","POINT (-114.0292647 51.0400303)"
"The Calgary School Division","Midsun School","660 Sunmills Dr SE","T2X3R5","Calgary","AB","(403) 777-6430",,"midsun@cbe.ab.ca","Elementary/Junior High","N","N","Y","Y","N","{9E7B90A7-855A-4B2E-A28F-36FD3EFF81E5}","POINT (-114.0309296 50.9018562)"
"The Calgary Roman Catholic Separate School Division","Monsignor Neville Anderson School","327 Sandarac Drive N.W.","T3K4B2","Calgary","AB","(403) 500-2094",,"mna.school@cssd.ab.ca","Elementary","N","N","Y","N","N","{97350030-0E68-488E-BE3B-FEA1559D225D}","POINT (-114.1040987 51.1391307)"
"The Palliser School Division","Heritage Christian Academy","2003 McKnight Boulevard N.E.","T2E6L2","Calgary","AB","(403) 219-3201",,"heritage_info@pallisersd.ab.ca","Elementary/Junior High/Senior High","N","N","Y","Y","Y","{D6A23A31-763C-4F8F-BB91-BBAA3C8FBDF6}","POINT (-114.0100347 51.0921419)"
"The Calgary Roman Catholic Separate School Division","All Saints School","729 Legacy Village Rd SE","T2X4K9","Calgary","AB","(403) 500-2133",,"allsaints@cssd.ab.ca","Senior High","N","N","N","N","Y","{DBD45BDD-F07C-46C2-BFE7-B6A054A1B29F}","POINT (-114.0267651 50.8593354)"
"The Calgary School Division","Queen Elizabeth High School","512  18 St NW","T2N2G5","Calgary","AB","(403) 777-6380",,"queenelizabethjrsr@cbe.ab.ca","Junior High/Senior High","N","N","N","Y","Y","{202BFAB8-4C25-4E05-9FBF-5C42CD830897}","POINT (-114.1019306 51.0562092)"
"The Calgary School Division","McKenzie Highlands School","25 McKenzie Towne Dr SE","T2Z4B7","Calgary","AB","(403) 817-3544",,"mckenziehighlands@cbe.ab.ca","Elementary/Junior High","N","N","Y","Y","N","{8440DAA9-A922-449C-96F9-D444ED71084F}","POINT (-113.9700874 50.9110004)"
"The Calgary Roman Catholic Separate School Division","St. Francis High School","877 Northmount Drive N.W.",,"Calgary","AB","(403) 500-2026",,"st.francis@cssd.ab.ca","Senior High","N","N","N","N","Y","{4461B735-3D88-4949-8478-8CF687A5F957}","POINT (-114.1024218 51.0845133)"
"Bearspaw Christian School Society","BCS@Home Blended-Learning South Campus","15001 69 Street NW","T3R1C5","Calgary","AB","(403) 295-2566",,"info@bearspawschool.com","Unknown","N","N","N","N","N","{8E7B0E04-B72F-474D-9379-F7374B2DAA14}","POINT (-114.1893601 51.1869508)"
"The Calgary School Division","Colonel Walker School","1921  9 Ave SE","T2G0V3","Calgary","AB","(403) 777-6780",,"colonelwalker@cbe.ab.ca","Elementary","N","N","Y","N","N","{3C5A104B-D380-4B8E-9014-3E7AF422856B}","POINT (-114.019049 51.0343687)"
"The Calgary School Division","Centennial High School","55 Sun Valley Blvd SE","T2X3W7","Calgary","AB","(403) 256-8140",,"centennialhigh@cbe.ab.ca","Senior High","N","N","N","N","Y","{B4A92E25-747E-4502-B696-1340CE926EB3}","POINT (-114.0533681 50.9061114)"
"The Prairie Land School Division","Al-Amal Academy","9 Royal Vista Drive NW","T3R0N2","Calgary","AB","(825) 996-5399",,"al-amal.academy@plrd.ab.ca","Elementary/Junior High","N","N","Y","Y","N","{F07905CC-8DD4-40B5-B8E4-FC8A4E6AFC97}","POINT (-114.2075571 51.150739)"
"The Calgary School Division","Penbrooke Meadows School","5645 Pensacola Cres SE","T2A2G4","Calgary","AB","(403) 777-8230",,"penbrookemeadows@cbe.ab.ca","Elementary","N","N","Y","N","N","{E54C6271-F843-49F3-B1AF-0B38AA9D5C2A}","POINT (-113.952203 51.0418021)"
"Calgary German Language School Society","Calgary German Language School Society","PO Box 84114    Market Mall RPO","T3B2L9","Calgary","AB","(403) 797-1766",,"admin@cglss.com","Junior High/Senior High","N","N","N","Y","Y","{7D337AA5-B69D-4D5A-BCB2-B0ABE93A9D23}","POINT (-114.1928032 51.0875658)"
"The Calgary School Division","William D. Pratt School","9850 Royal Oak Dr NW","T3G0A4","Calgary","AB","(403) 817-3520",,"williamdpratt@cbe.ab.ca","Elementary/Junior High","N","N","Y","Y","N","{B0F129F9-167E-48C7-9FC7-F7F67531E274}","POINT (-114.2241069 51.1493674)"
"The Calgary School Division","West Springs School","8999 Wentworth Ave SW","T3H0P7","Calgary","AB","(403) 777-6244",,,"Elementary","N","N","Y","N","N","{A502A962-0346-44D8-B2AF-8B90BE00DF2F}","POINT (-114.2167641 51.0584445)"
"The Calgary School Division","Westgate School","150 Westminster Dr SW","T3C2T3","Calgary","AB","(403) 777-8420",,"westgate@cbe.ab.ca","Elementary","N","N","Y","N","N","{D8F13E68-8113-439F-B59F-32A6AE4B4C4C}","POINT (-114.1592141 51.0444949)"
"West Island College Society of Alberta","West Island College","7410 Blackfoot Trail S.E.","T2H1M5","Calgary","AB","(403) 255-5300",,"office@mywic.ca","Junior High/Senior High","N","N","N","Y","Y","{EB071750-C021-48B4-A90A-E9F1D49A089D}","POINT (-114.0521746 50.9871111)"
"The Calgary School Division","Grant MacEwan School","180 Falshire Dr NE","T3J3A5","Calgary","AB","(403) 777-6930",,"grantmacewan@cbe.ab.ca","Elementary","N","N","Y","N","N","{03EC25B4-D3E7-47B4-9A10-C14C71AEA68E}","POINT (-113.942965 51.1064336)"
"The Calgary School Division","James Fowler High School","4004  4 St NW","T2K1A1","Calgary","AB","(403) 230-4743",,"jamesfowler@cbe.ab.ca","Senior High","N","N","N","N","Y","{5FF199F3-ADDB-4259-822E-DC21B184E433}","POINT (-114.0705306 51.0865389)"
"The Calgary School Division","Glenmeadows School","4931 Grove Hill Rd SW","T3E4G4","Calgary","AB","(403) 777-5235",,"glenmeadows@cbe.ab.ca","Elementary","N","N","Y","N","N","{CEAC79DB-93FB-4B72-ADEF-5DC56C66CE7F}","POINT (-114.1589433 51.0348685)"
"The Calgary School Division","Battalion Park School","369 Sienna Park Dr SW","T3H4S2","Calgary","AB","(403) 777-7187",,"battalionpark@cbe.ab.ca","Elementary","N","N","Y","N","N","{EFC2E01C-D389-411D-8BF6-979EAECCCC7A}","POINT (-114.1819153 51.0235736)"
"The Southern Francophone Education Region","École de la Source","360 - 94 Avenue S.E.","T2J0E8","Calgary","AB","(403) 255-6724",,,"Elementary/Junior High","N","N","Y","Y","N","{498C9C09-02BB-4142-B167-054324A05545}","POINT (-114.0618391 50.9692407)"
"The Calgary Roman Catholic Separate School Division","St. John XXIII School","1420 Falconridge Drive N.E.","T3J2C3","Calgary","AB","(403) 500-2080",,"stjohn23@cssd.ab.ca","Elementary/Junior High","N","N","Y","Y","N","{2E7042F1-EE21-4162-9E88-CBA828BAB638}","POINT (-113.939007 51.1014084)"
"Calgary Academy Society","Calgary Academy","1677 93 rd Street S.W.","T3H0R3","Calgary","AB","(403) 686-6444",,"info@calgaryacademy.com","Elementary/Junior High/Senior High","N","N","Y","Y","Y","{7116B93D-4B47-466F-B583-7B9610B34E6C}","POINT (-114.2243915 51.039438)"
"The Calgary School Division","Terry Fox School","139 Falshire Dr NE","T3J1P7","Calgary","AB","(403) 777-8800",,"terryfox@cbe.ab.ca","Junior High","N","N","N","Y","N","{E4582DB9-9F32-4C30-BBED-4BE48EF6F9B4}","POINT (-113.9451182 51.1046637)"
"Phoenix Education Foundation","Phoenix Education Foundation","320 19 Street S.E.","T2E6J6","Calgary","AB","(403) 265-7701",,"info@phoenixfoundation.ca","Elementary/Junior High/Senior High","N","N","Y","Y","Y","{BCDD3CCA-C02B-4EA9-944A-26E5E4DFA06B}","POINT (-114.0078399 51.0502709)"
"The Calgary School Division","Lester B. Pearson High School","3020  52 St NE","T1Y5P4","Calgary","AB","(403) 280-6565",,"lesterbpearson@cbe.ab.ca","Senior High","N","N","N","N","Y","{13BC0C69-219A-4F03-A99C-E53556CC22F9}","POINT (-113.9564118 51.0769567)"
"Alberta Classical Academy Ltd.","Calgary Classical Academy","231 6 St NE","T2E3Y1","Calgary","AB","(587) 885-3688",,"info@calgaryclassicalacademy.ca","Elementary","N","N","Y","N","N","{EC74B85D-43DB-44C7-880C-0B98DA272CF5}","POINT (-114.048834 51.0544287)"
"The Calgary Roman Catholic Separate School Division","St. Rupert School","111 Rundlehill Drive N.E.","T1Y2W9","Calgary","AB","(403) 500-2044",,"strupert@cssd.ab.ca","Elementary","N","N","Y","N","N","{C0A6E65A-A4EA-482D-B301-C6E9655EF724}","POINT (-113.9705409 51.07692)"
"Access Academy Inc.","Access Academy","Suite 100  B1  2451 Dieppe AVE","T3E7K1","Calgary","AB","(403) 903-8619",,"info@accessacademy.ca","Unknown","N","N","N","N","N","{AC2DC222-4FE4-49DD-AD8E-8FF99D469F87}","POINT (-114.119053 51.0192933)"
"The Calgary School Division","William Roper Hull School","2266 Woodpark Ave SW","T2W2Z8","Calgary","AB","(403) 251-8022",,"williamroperhull@cbe.ab.ca","Elementary/Junior High/Senior High","N","N","Y","Y","Y","{BC02FFB8-EA3F-44C8-A724-998B134CE7AF}","POINT (-114.1138467 50.9483694)"
"Aurora Learning Foundation (Calgary)","Aurora Learning Calgary","#137 5305 McCall Way NE","T2E7N7","Calgary","AB","(403) 277-9535",,"evan.rogers@na.oneschoolglobal.com","Elementary/Junior High/Senior High","N","N","Y","Y","Y","{D41C849D-5277-4BCD-8278-48DB89AA9847}","POINT (-114.0030488 51.1013461)"
"The Calgary School Division","Scenic Acres School","50 Scurfield Way NW","T3L1T2","Calgary","AB","(403) 777-6193",,"scenicacres@cbe.ab.ca","Elementary","N","N","Y","N","N","{6314C9C9-A7FF-4AC3-B979-008881C8E615}","POINT (-114.2156709 51.1200958)"
"The Calgary School Division","West View School","Calgary Young Offender Centre  12626 - 85 Street N.W.","T3R1J3","Calgary","AB","(403) 662-3547",,"westview@cbe.ab.ca","Elementary/Junior High/Senior High","N","N","Y","Y","Y","{97247EAA-BCE8-45F2-AC33-EC92F096348C}","POINT (-114.2080279 51.1655373)"
"The Calgary School Division","Lake Bonavista School","1015  120 Ave SE","T2J2L1","Calgary","AB","(403) 777-6871",,"lakebonavista@cbe.ab.ca","Elementary","N","N","Y","N","N","{0B12DA90-D75C-4D85-88F4-5B045B645FB6}","POINT (-114.040938 50.9445477)"
"The Calgary School Division","Chinook Learning Services","2336 53 Ave SW","T2M0T2","Calgary","AB","(403) 777-7200",,"chinooklearning@cbe.ab.ca","Senior High","N","N","N","N","Y","{061FB926-1819-480D-93B8-07ABF3F8A671}","POINT (-114.0654399 51.0685884)"
"The Calgary School Division","Dr. J. K. Mulloy School","7440 10 St NW","T2K1H6","Calgary","AB","(403) 777-6640",,,"Elementary","N","N","Y","N","N","{C0267DC5-18ED-4FD9-87E6-31DAFDF25F5F}","POINT (-114.0799833 51.1192318)"
,"AMBROSE UNIVERSITY",,"T3H0L5","Calgary","AB","(403) 410-2000",,,,"Y","Y",,,,"{D41C9601-E78A-41AC-BDA8-FE7FD7779BF4}","POINT (-114.1930641 51.0337138)"
"The Calgary School Division","Alternative High School","5003  20 St SW","T2T5A5","Calgary","AB","(403) 777-7730",,"alternative@cbe.ab.ca","Senior High","N","N","N","N","Y","{72CB2F3D-751C-406F-8049-B2733C6A7E88}","POINT (-114.1099742 51.0096662)"
"The Calgary Roman Catholic Separate School Division","St. Damien School","3619 - 28 Street S.E.","T2B2J1","Calgary","AB","(403) 500-2073",,"stdamien@cssd.ab.ca","Elementary","N","N","Y","N","N","{76165502-BC6F-4390-87A3-D80E2DA467A0}","POINT (-113.9922423 51.021927)"
"The Calgary School Division","Captain Nichola Goddard School","405 Panatella Blvd NW","T3K0P3","Calgary","AB","(403) 817-3300",,"CaptainNicholaGoddard@cbe.ab.ca","Elementary/Junior High","N","N","Y","Y","N","{6D828F83-70A7-46ED-8E5C-BA9A17938144}","POINT (-114.088693 51.1624577)"
"The Calgary School Division","Start Outreach","3610 9th Street SE","T3B5C2","Calgary","AB","(403) 777-6107",,"discoveringchoices@cbe.ab.ca","Senior High","N","N","N","N","Y","{B348EDC9-C324-4434-8367-2478E4E84FC6}","POINT (-114.2019175 51.0894363)"
"The Calgary Roman Catholic Separate School Division","St. Hubert Elementary School","320 - 72 Avenue N.E.","T2K5J3","Calgary","AB","(403) 500-2067",,"sthubert@cssd.ab.ca","Elementary","N","N","Y","N","N","{1C606255-D651-486D-B54F-ED3F923BFFDF}","POINT (-114.0622275 51.1183827)"
"The Calgary School Division","Stanley Jones School","950 6 St NE","T2E8M3","Calgary","AB","(403) 777-6800",,"Stanleyjones@cbe.ab.ca","Elementary/Junior High","N","N","Y","Y","N","{E95CEFC3-75C3-4772-B356-5EB4926E051D}","POINT (-114.0477215 51.0599122)"
"The Calgary Roman Catholic Separate School Division","St. John Paul II School","119 Castleridge Drive N.E.","T3J1P6","Calgary","AB","(403) 500-2085",,"stjohnpaul2@cssd.ab.ca","Elementary","N","N","Y","N","N","{60D782D0-DB28-46A9-999A-C17F21C22CF0}","POINT (-113.9562136 51.107717)"
"The Calgary Roman Catholic Separate School Division","St. Basil Elementary/Junior High School","919 Tuscany Drive NW","T3L2T5","Calgary","AB","(403) 500-2108",,"stbasil@cssd.ab.ca","Elementary/Junior High","N","N","Y","Y","N","{A72A6392-8EFE-48B9-8E06-3A0AABD4E21F}","POINT (-114.2503314 51.1194252)"
"The Calgary Roman Catholic Separate School Division","St. Brigid","730 Citadel Way, N.W.","T3G5S6","Calgary","AB","(403) 500-2113",,"stbrigid@cssd.ab.ca","Elementary/Junior High","N","N","Y","Y","N","{43041500-F73D-416D-8E52-DA628C24CA9E}","POINT (-114.1877325 51.1463309)"
"The Calgary School Division","R. T. Alderman School","725 Mapleton Dr SE","T2J1S1","Calgary","AB","(403) 777-7520",,"rtalderman@cbe.ab.ca","Elementary/Junior High","N","N","Y","Y","N","{7E1DBA2E-BB19-4E70-A0CC-E63D9FE9F92E}","POINT (-114.0446021 50.9611661)"
"Philippine Cultural Center Foundation (Calgary)","Filipino Language and Cultural School of Calgary","Bay 204 & 206  4656 Westwinds Dr NE","T3J3Z5","Calgary","AB",,,"abdacanay@shaw.ca","Unknown","N","N","N","N","N","{10E21C6D-8F18-4961-AD45-BFCE49052C20}","POINT (-113.9678147 51.1006537)"
"The Palliser School Division","Menno Simons Christian School","7000 Elkton Drive S.W.","T3H4Y7","Calgary","AB","(403) 531-0745",,"office@mennosimons.ab.ca","Elementary/Junior High","N","N","Y","Y","N","{DF964EE1-1FEF-49C1-86D9-9C0284CEDEC3}","POINT (-114.1885153 51.024207)"
"The Calgary School Division","Northern Lights School","711 Coventry Dr NE",,"Calgary","AB","(403) 817-3444",,"northernlights@cbe.ab.ca","Elementary","N","N","Y","N","N","{5AB60B95-38CF-47EC-9D19-153C00662650}","POINT (-114.0469408 51.1576231)"
"The Calgary School Division","Falconridge School","1331 Falconridge Dr NE","T3J1T4","Calgary","AB","(403) 777-6730",,"falconridge@cbe.ab.ca","Elementary","N","N","Y","N","N","{5C07A81C-17CD-4D0B-B60C-EE7965E91D57}","POINT (-113.9454468 51.0993709)"
"Horizon Academy Institute","Horizon Heritage Arabic School","199 Queen Charlotte Way SE","T3C3P1","Calgary","AB","(403) 826-4655",,,"Unknown","N","N","N","N","N","{0718548B-C5C4-4701-8C88-329C3F861FBB}","POINT (-114.1398235 51.0396824)"
"The Calgary School Division","Citadel Park School","808 Citadel Dr NW","T3G4B8","Calgary","AB","(403) 777-8063",,"citadel@cbe.ab.ca","Elementary","N","N","Y","N","N","{6FFC0F78-E717-485B-B440-031E985F47DA}","POINT (-114.1742488 51.1454578)"
"The Calgary School Division","Cecil Swanson School","4820 Rundlewood Dr NE","T1Y5V9","Calgary","AB","(403) 777-6690",,"cecilswanson@cbe.ab.ca","Elementary","N","N","Y","N","N","{C2AE77AC-B135-4401-A6E8-648165029D2B}","POINT (-113.9675574 51.0741889)"
"The Canadian Reformed School Society of Calgary","Tyndale Christian School","28 Hart Estates Blvd. NE","T1X0L3","Calgary","AB","(403) 590-5881",,"tcs@tyndalecalgary.ca","Elementary/Junior High/Senior High","N","N","Y","Y","Y","{77B65071-95DC-44EE-9A8D-E5E72BFE6B2F}","POINT (-113.8677599 51.0586407)"
"The Calgary School Division","Colonel Macleod School","1610  6 St NE","T2E3Y9","Calgary","AB","(403) 777-7500",,"colonelmacleod@cbe.ab.ca","Elementary/Junior High","N","N","Y","Y","N","{D92F7D65-800F-4261-B98F-DC93B02EDCF4}","POINT (-114.0476596 51.0661896)"
"The Calgary School Division","Sam Livingston School","12011 Bonaventure Dr SE","T2J3G7","Calgary","AB","(403) 777-6890",,"samlivingston@cbe.ab.ca","Elementary","N","N","Y","N","N","{D4FCE6F9-2092-4015-84B9-8B941AE739C6}","POINT (-114.0612846 50.9454549)"
"Yufeng Chinese School Centre","Yufeng Chinese School","169 Citadel Ridge Close NW","T3G4V5","Calgary","AB","(403) 681-8617",,"yufengchineseschool@telus.net","Elementary/Junior High/Senior High","N","N","Y","Y","Y","{F7E039C8-864A-4E82-8539-C334AD6494CB}","POINT (-114.1834835 51.1461011)"
"The Calgary Roman Catholic Separate School Division","St. Isabella School","855 Copperfield Blvd SE","T2Z4W8","Calgary","AB","(403) 500-2123",,"stisabella@cssd.ab.ca","Elementary/Junior High","N","N","Y","Y","N","{B6318FE2-2BA7-42CD-A16E-669289009E69}","POINT (-113.9360032 50.9105899)"
"The Calgary School Division","Calgary Home Education","5505 4A St. SW","T2V0Z7","Calgary","AB","(403) 777-8490",,"HomeEducation@cbe.ab.ca","Elementary/Junior High/Senior High","N","N","Y","Y","Y","{B16124A7-02FE-4E2E-A4E0-A7F61FE4D3DD}","POINT (-114.0744582 51.0047107)"
"The Calgary Roman Catholic Separate School Division","St. Josephine Bakhita School","3 Evansglen Cl NW","T3P0P2","Calgary","AB","(403) 500-2136",,"stjosephinebakhita@cssd.ab.ca","Elementary","N","N","Y","N","N","{641CCF2C-A87C-4F7F-B180-B588C9FCB627}","POINT (-114.101512 51.1767822)"
"The Calgary School Division","Auburn Bay School","7 Auburn Bay Ave SE","T3M0K6","Calgary","AB","(403) 817-3540",,"auburnbay@cbe.ab.ca","Elementary","N","N","Y","N","N","{9ED9CE2C-9425-4A75-8194-866ECE1A9F88}","POINT (-113.9623422 50.8967618)"
"The Calgary Roman Catholic Separate School Division","Divine Mercy School","228 Mahogany Blvd. SE","T3M1M5","Calgary","AB","(403) 500-2132",,"divinemercy@cssd.ab.ca","Elementary","N","N","Y","N","N","{39243189-22E8-4EFD-BECA-50B119E3D48D}","POINT (-113.923972 50.9015634)"
"The Calgary School Division","Joane Cardinal-Schubert High School","19480 45 St SE","T3M2P9","Calgary","AB","(403) 817-3600",,"saglassford@cbe.ab.ca","Senior High","N","N","N","N","Y","{7D9ED30D-CA42-4569-B7FF-05DDD243571E}","POINT (-113.9442407 50.8781272)"
"The Calgary Roman Catholic Separate School Division","St. Stephen School","10910 Elbow Drive S.W.","T2W1G6","Calgary","AB","(403) 500-2043",,"ststephen2@cssd.ab.ca","Elementary/Junior High","N","N","Y","Y","N","{EE6FC557-F8C8-4AD6-A16A-9E77204DEE9F}","POINT (-114.0838667 50.9557022)"
"The Southern Francophone Education Region","École La Mosaïque","199 Martindale Blvd NE","T3J3G4","Calgary","AB","(403) 277-2344",,,"Elementary","N","N","Y","N","N","{2E8501AB-BA0B-4677-B042-6A9F8F681FDF}","POINT (-113.957526 51.1137735)"
"The Palliser School Division","Trinity Christian School","#100, 295 Midpark Way S.E.","T2X2A8","Calgary","AB","(403) 254-6682",,,"Elementary/Junior High","N","N","Y","Y","N","{C08D7FB0-5761-4507-AF74-4B1F48E9370F}","POINT (-114.0622509 50.9093351)"
"The Calgary School Division","Ernest Manning High School","20 Springborough Blvd SW","T3H0N7","Calgary","AB","(403) 249-3131",,"ernestmanning@cbe.ab.ca","Senior High","N","N","N","N","Y","{23055171-64E6-4AD3-9D8C-390EBE98D34E}","POINT (-114.1892496 51.0359638)"
"The Calgary School Division","Ranchlands School","610 Ranchlands Blvd NW","T3G2C5","Calgary","AB","(403) 777-6350",,"ranchlands@cbe.ab.ca","Elementary","N","N","Y","N","N","{85744903-B994-4A5F-9D97-D04D4F917C5B}","POINT (-114.179224 51.1187116)"
"Montessori School of Calgary","Montessori School of Calgary","2201 Cliff Street S.W.","T2S2G4","Calgary","AB","(403) 229-1011",,"info@msofc.ca","Elementary","N","N","Y","N","N","{4D0F34F3-4FCF-428D-B8AD-DB030C347538}","POINT (-114.0760919 51.0333678)"
"The Calgary School Division","Christine Meikle School","3525 50 St NW","T3A2Y5","Calgary","AB","(403) 817-3524",,"christinemeikle@cbe.ab.ca","Elementary/Junior High/Senior High","N","N","Y","Y","Y","{6396C296-26BA-4408-97EE-D83A80C9166A}","POINT (-114.16108 51.0845514)"
"The Calgary School Division","Huntington Hills School","820  64 Ave NW","T2K0M5","Calgary","AB","(403) 777-6650",,"huntingtonhills@cbe.ab.ca","Elementary","N","N","Y","N","N","{E477BBB7-140D-421A-A015-1B2473D8FD1B}","POINT (-114.0774711 51.1122157)"
"The Calgary School Division","Andrew Sibbald School","1711 Lake Bonavista Dr SE","T2J2X9","Calgary","AB","(403) 777-6830",,"andrewsibbald@cbe.ab.ca","Elementary","N","N","Y","N","N","{EA4C6B9C-2F1A-4096-9542-0EC1D879F2D8}","POINT (-114.0408918 50.9351853)"
"The Calgary School Division","Douglas Harkness School","6203 24 Ave NE","T1Y2C5","Calgary","AB","(403) 777-6720",,"DouglasHarkness@cbe.ab.ca","Elementary","N","N","Y","N","N","{4E77CDCB-834C-448A-8E98-E0422DC8C6D2}","POINT (-113.9460588 51.0738502)"
"Foundations for the Future Charter Academy Charter School Society","Northeast Elementary Campus","1140 Mayland Drive NE","T2E6C8","Calgary","AB",,,"susan.snowden@ffca-calgary.com","Elementary","N","N","Y","N","N","{15690E79-CACB-4F02-86A4-D3F581CBD3C9}","POINT (-114.0113049 51.064201)"
"The Calgary Roman Catholic Separate School Division","Ascension of Our Lord","509 Harvest Hills Drive N.E.","T3K4G9","Calgary","AB","(403) 500-2075",,,"Elementary/Junior High","N","N","Y","Y","N","{E9429E17-398B-41A0-BFAB-ECA8FE67B6B5}","POINT (-114.059703 51.1469636)"
"The Calgary School Division","Project Trust","3610 - 9th Street SE","T2M4P6","Calgary","AB","(403) 777-6107",,"discoveringchoices@cbe.ab.ca","Unknown","N","N","N","N","N","{49964663-2A33-45C0-B79F-C19A8CAE365C}","POINT (-114.0828546 51.072077)"
"The Calgary Roman Catholic Separate School Division","St. Anne Academic Centre","1010 - 21 Avenue S.E.","T2G1N2","Calgary","AB","(403) 500-2012",,"stanne@cssd.ab.ca","Elementary/Junior High/Senior High","N","N","Y","Y","Y","{9DCDBD9E-FAFD-4174-BA4D-07124C549C70}","POINT (-114.0389376 51.0351446)"
"Centro Linguistico E Culturale Italiano Calgary","Italian School of Calgary","416-1 Avenue N.E.","T2E0B4","Calgary","AB","(403) 264-6349",,"clcic@shaw.ca","Junior High/Senior High","N","N","N","Y","Y","{44D2A2F2-0D8B-4BA3-A798-E16B9B03B607}","POINT (-114.0531614 51.0537531)"
"The Calgary Roman Catholic Separate School Division","Bishop Carroll High School","4624 Richard Road S.W.","T3E6L1","Calgary","AB","(403) 500-2056",,"bishopcarroll@cssd.ab.ca","Senior High","N","N","N","N","Y","{8AF34182-A235-4F97-97F9-0AF2579FB63A}","POINT (-114.1208057 51.0127004)"
"The Calgary Roman Catholic Separate School Division","Our Lady of Lourdes","1916 2nd Street SW","T2S1S3","Calgary","AB","(403) 500-2002",,"ourladyoflourdes@cssd.ab.ca","Elementary/Junior High","N","N","Y","Y","N","{20D7E7C3-42F9-40DF-A1CE-4F2831E8D6AE}","POINT (-114.0681746 51.0356799)"
"Renfrew Educational Services Society","Renfrew Educational Services - Child Development Centre","2050 - 21 Street N.E.","T3B2X9","Calgary","AB","(403) 291-5038",,"renfrew@renfreweducation.org","Unknown","N","N","N","N","N","{BDEFE978-CC8B-4014-821B-4FE40ADBCEF1}","POINT (-114.1439434 51.074772)"
"The Calgary School Division","Dr. George Stanley School","585 Cranston Dr SE","T3M0J4","Calgary","AB","(403) 817-3556",,"drgeorgestanley@cbe.ab.ca","Elementary/Junior High","N","N","Y","Y","N","{ADED398E-A06A-408B-9B86-1B54F0175D2A}","POINT (-113.978303 50.8827839)"
"The Calgary School Division","Branton School","2103  20 St NW","T2M3W1","Calgary","AB","(403) 777-7440",,"branton@cbe.ab.ca","Elementary/Junior High","N","N","Y","Y","N","{B8D6D681-0C49-4FCA-9D94-D50EC0AC5428}","POINT (-114.1090447 51.0712537)"
"Bearspaw Christian School Society","BCS@Home Blended-Learning North Campus","15001 69 Street NW","T3R1C5","Calgary","AB","(403) 295-2566",,"info@bearspawschool.com","Unknown","N","N","N","N","N","{33C184DD-0468-4FC3-953C-B0A236657747}","POINT (-114.1893601 51.1869508)"
"The Palliser School Division","National Sport School","151 Canada Olympic Rd SW","T3B6B7","Calgary","AB","(403) 777-7329",,"robert.jewan@pallisersd.ab.ca","Junior High/Senior High","N","N","N","Y","Y","{B6363779-70DC-4A05-8C1F-AAECEBB4DAB2}","POINT (-114.2210408 51.0848015)"
"The Pembina Hills School Division","Vista Virtual School South","341 -  58 Avenue SE",,"Calgary","AB","(855) 974-5333",,"steven.kaplan@pembinahills.ca","Unknown","N","N","N","N","N","{8F7E2E82-5BF3-48EB-B935-6284CA508138}","POINT (-114.0576739 51.0004922)"
"The Calgary School Division","Bowness High School","4627  77 St NW","T3B2N6","Calgary","AB","(403) 286-5092",,"bowness@cbe.ab.ca","Senior High","N","N","N","N","Y","{F234FD33-649C-4669-A812-A1DF5F4B217A}","POINT (-114.2002653 51.093182)"
"The Calgary School Division","H. D. Cartwright School","5500 Dalhart Rd NW","T3A1V6","Calgary","AB","(403) 777-7420",,"hdcartwright@cbe.ab.ca","Junior High","N","N","N","Y","N","{1E669117-11E7-4460-8B68-4A1FEED74CCE}","POINT (-114.1613417 51.1126553)"
"The Calgary School Division","Sunalta School","536 Sonora Ave SW","T3C2J9","Calgary","AB","(403) 777-8590",,"sunalta@cbe.ab.ca","Elementary","N","N","Y","N","N","{FB25F798-A591-4D0E-8533-9146377CAEB8}","POINT (-114.1109119 51.0413501)"
"The Calgary Roman Catholic Separate School Division","St. Michael School","4511 - 8 Avenue S.W.","T3C0G9","Calgary","AB","(403) 500-2021",,"stmichael@cssd.ab.ca","Elementary/Junior High","N","N","Y","Y","N","{2F6C8D1F-42F5-479F-9080-2A25B65943BA}","POINT (-114.1515917 51.0447916)"
"The Renert School Foundation","Renert School","14 Royal Vista Link NW","T3R0K4","Calgary","AB","(587) 353-1053",,"info@renertschool.ca","Elementary/Junior High/Senior High","N","N","Y","Y","Y","{468545C2-19DB-4CA7-86B1-0B5F8AAAEE69}","POINT (-114.2028508 51.1518438)"
"The Calgary School Division","Belvedere Parkway School","4631  85 St NW","T3B2R8","Calgary","AB","(403) 777-6010",,"belvedereparkway@cbe.ab.ca","Elementary","N","N","Y","N","N","{A6B907B7-AF3F-4D3D-A9E1-F297F82D3FB2}","POINT (-114.2115735 51.0927236)"
"The Calgary School Division","Ian Bazalgette School","3909  26 Ave SE","T2B0C6","Calgary","AB","(403) 777-7360",,"ianbazalgette@cbe.ab.ca","Junior High","N","N","N","Y","N","{B51AC359-5768-4921-B207-47D7B1B7D330}","POINT (-113.9776832 51.0298368)"
"The Calgary Roman Catholic Separate School Division","Corpus Christi School","5607 Thornton Road N.W.","T2K3C1","Calgary","AB","(403) 500-2023",,"corpuschristi@cssd.ab.ca","Elementary","N","N","Y","N","N","{CDE500AF-C522-4D1A-9917-8622E914462C}","POINT (-114.0680461 51.1016037)"
"The Calgary School Division","Tom Baines School","250 Edgepark Blvd NW","T3A3S2","Calgary","AB","(403) 777-7190",,"tombaines@cbe.ab.ca","Elementary/Junior High","N","N","Y","Y","N","{7D6285A1-574D-454A-96F3-AAE513C7C8B6}","POINT (-114.1570078 51.1335211)"
"The Calgary School Division","Alex Ferguson School","1704  26 St SW","T3C1K5","Calgary","AB","(403) 777-8270",,"alexanderferguson@cbe.ab.ca","Elementary","N","N","Y","N","N","{B074E2AE-5780-40F2-868B-4EF8CFC7F782}","POINT (-114.1229979 51.0393705)"
"The Calgary School Division","Ted Harrison School","215 Taravista Way NE","T3J4L1","Calgary","AB","(403) 817-3330",,"TedHarrison@cbe.ab.ca","Elementary/Junior High","N","N","Y","Y","N","{49A1D362-3167-4BF7-A4D0-DAA330968E6A}","POINT (-113.9282685 51.1172395)"
"The Calgary School Division","Pineridge School","1927  61 St NE","T1Y4W6","Calgary","AB","(403) 777-6750",,"pineridge@cbe.ab.ca","Elementary","N","N","Y","N","N","{A1CFD9F4-C336-480D-8E9C-8F6D1BB0A340}","POINT (-113.9452435 51.0703316)"
"The Calgary School Division","Midnapore School","55 Midpark Rise SE","T2X1L7","Calgary","AB","(403) 777-8680",,"midnapore@cbe.ab.ca","Elementary","N","N","Y","N","N","{16238F4B-B362-469D-93F9-8543C930FB8F}","POINT (-114.0551889 50.9150469)"
"The Calgary Roman Catholic Separate School Division","Madeleine D' Houet Bilingual School","108 - 22 Street N.W.","T2N2M8","Calgary","AB","(403) 500-2008",,"madeleinedhouet@cssd.ab.ca","Junior High","N","N","N","Y","N","{A0D3FC3D-3987-47AA-B9EF-C0521DC79FB2}","POINT (-114.1122526 51.0532003)"
"Foundations for the Future Charter Academy Charter School Society","Southeast Elementary Campus","9711 Academy Drive SE","T2J1A9","Calgary","AB","(430) 258-2728",,,"Elementary","N","N","Y","N","N","{3E3722DF-F86E-4F43-8AF5-1C1CEB96C523}","POINT (-114.0454205 50.9672487)"
"The Calgary Roman Catholic Separate School Division","Sacred Heart Elementary School","1312 - 15 Street S.W.","T3C0T6","Calgary","AB","(403) 500-2004",,"sacredheart@cssd.ab.ca","Elementary","N","N","Y","N","N","{E22D097F-D8BB-4A81-96F7-DF5B2EBBB498}","POINT (-114.0966401 51.040932)"
"The Calgary School Division","Fairview School","7840 Fairmount Dr SE","T2H0Y1","Calgary","AB","(403) 777-7900",,"fairview@cbe.ab.ca","Elementary/Junior High","N","N","Y","Y","N","{36BEB779-41A7-42DB-A2C1-A7EDA93D06A9}","POINT (-114.0594643 50.9839923)"
"The Calgary Roman Catholic Separate School Division","John Costello Catholic School","300 Strathcona Drive S.W.","T3H1N9","Calgary","AB","(403) 500-2003",,"Johncostello@cssd.ab.ca","Elementary","N","N","Y","N","N","{8DD97283-1908-4ED4-85E0-0F12B3B1E65C}","POINT (-114.1807218 51.0488393)"
"The Calgary Roman Catholic Separate School Division","St. Wilfrid Elementary School","4225 - 44 Avenue N.E.","T1Y4Y1","Calgary","AB","(403) 500-2077",,"stwilfrid@cssd.ab.ca","Elementary","N","N","Y","N","N","{B8210E2D-E1A1-46AD-B9C3-B5123B7D2A2C}","POINT (-113.969019 51.0919284)"
"Hellenic Society of Calgary and District","Greek Community School","1 Tamarac Crescent S.W.","T3C3B7","Calgary","AB","(403) 246-4553",,"greekschool@calgaryhellenic.com","Senior High","N","N","N","N","Y","{381C2D71-C7C7-4F90-A71A-C21DFF894600}","POINT (-114.137508 51.0481806)"
"The Calgary School Division","Prairie Sky School","201 Skyview Ranch Road NE","T3N2E7","Calgary","AB","(403) 817-3452",,"prairiesky@cbe.ab.ca","Elementary/Junior High","N","N","Y","Y","N","{14C6C981-F081-4075-9714-54E9280E43CE}","POINT (-113.9569039 51.1621393)"
"The Calgary School Division","Monterey Park School","7400 California Blvd NE","T1Y6R2","Calgary","AB","(403) 777-7233",,"montereypark@cbe.ab.ca","Elementary","N","N","Y","N","N","{B75ACFB5-4DEB-45AB-9685-9A5B5C762CE9}","POINT (-113.9304971 51.0774314)"
"The Calgary School Division","Robert Warren School","12424 Elbow Dr SW","T2W1H2","Calgary","AB","(403) 777-7690",,"robertwarren@cbe.ab.ca","Elementary/Junior High","N","N","Y","Y","N","{D648F4CC-AF83-4447-AA0F-9D7EA3E52281}","POINT (-114.0848313 50.9425285)"
"The Calgary School Division","Westbrook Outreach","3610 - 9th Street SE","T2G3C5","Calgary","AB","(403) 777-8020",,"discoveringchoices@cbe.ab.ca","Senior High","N","N","N","N","Y","{F7A5ECC3-1F40-4861-85D8-F817E2892662}","POINT (-114.039639 51.0220042)"
"The Calgary Roman Catholic Separate School Division","St. Bede Elementary School","333 Bermuda Drive N.W.","T3K2J5","Calgary","AB","(403) 500-2082",,"stbede@cssd.ab.ca","Elementary","N","N","Y","N","N","{0588C68C-617C-42B7-9F8D-672CFAFF53E6}","POINT (-114.0828603 51.1316805)"
"Calgary International Academy Ltd","Calgary International Academy","1248 Livingston Way NE","T3G5J7","Calgary","AB","(403) 991-7534",,"info@ciacademy.ca","Elementary","N","N","Y","N","N","{EF233A54-A52F-4180-9428-A7566577DEB6}","POINT (-114.2318814 51.1391257)"
"The Calgary School Division","Woodman School","8706 Elbow Dr SW","T2V1L2","Calgary","AB","(403) 777-7490",,"woodman@cbe.ab.ca","Elementary/Junior High","N","N","Y","Y","N","{0CC665D0-136C-4ADA-BE35-B973DF2E99C3}","POINT (-114.0832272 50.975665)"
"The Calgary School Division","Nickle School","2500 Lake Bonavista Dr SE","T2J2Y6","Calgary","AB","(403) 777-7720",,"nickle@cbe.ab.ca","Elementary/Junior High","N","N","Y","Y","N","{74E8FEEC-8BB5-4E70-937E-222645D6A082}","POINT (-114.061449 50.9407435)"
"The Calgary School Division","Wood's Homes School","805 37 ST NW","T3B2B2","Calgary","AB","(403) 270-1751",,"woodshomes@cbe.ab.ca","Junior High/Senior High","N","N","N","Y","Y","{6FAB448B-ED2F-47F2-BE69-1B1547AF4F2D}","POINT (-114.2242426 51.0961048)"
"The Calgary School Division","CLS Alternative Site","45 Saddletowne Circle NE","T3J4W3","Calgary","AB","(403) 777-7272",,"chinooklearning@cbe.ab.ca","Unknown","N","N","N","N","N","{27F51E34-1D6C-44D1-8438-AE65A7BB2A0C}","POINT (-113.94886 51.1219873)"
"The Calgary Roman Catholic Separate School Division","St. Matthew School","416 - 83 Avenue S.E.","T2H1N3","Calgary","AB","(403) 500-2030",,"stmatthew@cssd.ab.ca","Elementary/Junior High","N","N","Y","Y","N","{4954AA35-9210-43F3-803D-4249763F09DB}","POINT (-114.0585238 50.9786834)"
"North Point School for Boys","North Point School","2445 - 23 Ave SW","T2T0W3","Calgary","AB","(403) 744-5214",,,"Elementary/Junior High/Senior High","N","N","Y","Y","Y","{F183A163-AEBC-449B-BA9D-754AFF025374}","POINT (-114.1174982 51.0325631)"
"The Calgary Roman Catholic Separate School Division","St. Jean Brebeuf School","5030 Northland Drive N.W.","T2L2J6","Calgary","AB","(403) 500-2046",,"stjeanbrebeuf@cssd.ab.ca","Junior High","N","N","N","Y","N","{9F8C5F23-79B2-4655-9C13-72AF5099B5C4}","POINT (-114.1402432 51.0979001)"
"The Calgary Roman Catholic Separate School Division","St. Boniface Elementary School","927 Lake Sylvan Drive S.E.","T2J2P8","Calgary","AB","(403) 500-2060",,"stboniface@cssd.ab.ca","Elementary","N","N","Y","N","N","{D817748F-8828-45E2-9F0E-1971538BBAF2}","POINT (-114.0423555 50.9430704)"
"The Southern Francophone Education Region","École Sainte-Marguerite-Bourgeoys","4700 Richard Road S.W.","T3E6L1","Calgary","AB","(403) 240-2007",,,"Elementary/Junior High/Senior High","N","N","Y","Y","Y","{A7BE8C3A-4C48-4C93-A95C-A20DA01EF176}","POINT (-114.1215974 51.0111443)"
"The Calgary School Division","Emily Follensbee School","5139 14 ST SW","T2T3W5","Calgary","AB","(403) 777-6980",,"emilyfollensbee@cbe.ab.ca","Elementary/Junior High","N","N","Y","Y","N","{7CCE556C-34C7-472D-BEC3-3BC10C0C4D75}","POINT (-114.0955892 51.0076426)"
"The Calgary School Division","Dr. E. W. Coffin School","5615 Barrett Dr NW","T2L1W4","Calgary","AB","(403) 777-6190",,"drewcoffin@cbe.ab.ca","Elementary","N","N","Y","N","N","{008895B2-D185-4B6D-A785-2C4E3997B2F1}","POINT (-114.1348134 51.1037594)"
"Almadina School Society","Almadina Language Charter Academy, Mountain View Campus","2031 Sable Drive S.E.","T2B1R9","Calgary","AB","(403) 543-5074",,,"Elementary","N","N","Y","N","N","{AF8A456B-888C-411D-A5F4-0A52B0659210}","POINT (-113.9865729 51.0323697)"
"The Calgary School Division","CLS Lord Beaverbrook Writing Centre","9019 Fairmount Dr.  S.E.","T2H0Z4","Calgary","AB","(403) 259-5585",,"chinooklearning@cbe.ab.ca","Unknown","N","N","N","N","N","{3668120E-406F-4DB4-AAEB-1ABB24CD0DF9}","POINT (-114.0616538 50.9731066)"
"Alberta Conference of 7th Day Adventist Church","Chinook Winds Adventist Academy","10101 - 2nd Avenue S.W.","T3B5T2","Calgary","AB","(403) 286-5686",,"reception@cwaa.net","Elementary/Junior High/Senior High","N","N","Y","Y","Y","{27C6AE1C-D69B-42E2-9CEA-7B5C2CA03AC6}","POINT (-114.2332805 51.0792409)"
"The Calgary School Division","Dr. Oakley School","3904  20 St SW","T2T4Z9","Calgary","AB","(403) 777-8300",,"droakley@cbe.ab.ca","Elementary/Junior High/Senior High","N","N","Y","Y","Y","{D1AA57B2-3B4D-4DA3-BD9C-99D7ED78AAAF}","POINT (-114.1084497 51.019279)"
"The Calgary School Division","James Short Memorial School","6333  5 Ave SE","T2A3V7","Calgary","AB","(403) 777-8170",,"jamesshortmemorial@cbe.ab.ca","Elementary","N","N","Y","N","N","{E4DCC455-B94D-43F0-AA43-9D4B3A61C37E}","POINT (-113.9428125 51.0478673)"
"The Calgary School Division","West Dalhousie School","6502  58 St NW","T3A2C8","Calgary","AB","(403) 777-6110",,"westdalhousie@cbe.ab.ca","Elementary","N","N","Y","N","N","{BDB3DA62-CE95-47AF-A22C-19FF45AAF2F7}","POINT (-114.1695532 51.1111749)"
"The Calgary School Division","Discovering Choices II","3610 - 9th Street SE","T2A6K3","Calgary","AB","(403) 777-8384",,"discoveringchoices@cbe.ab.ca","Senior High","N","N","N","N","Y","{A7568D63-7715-4318-B7EB-65EF00155C27}","POINT (-113.9849539 51.0565383)"
"The Calgary School Division","Catherine Nichols Gunn School","6625  4 St NE","T2K5C7","Calgary","AB","(403) 777-6620",,"cngunn@cbe.ab.ca","Elementary","N","N","Y","N","N","{48B429F7-33AE-4E2B-9547-CEDDDAB67E39}","POINT (-114.0579093 51.1116505)"
"The Calgary School Division","Riverbend School","65 Rivervalley Dr SE","T2C3Z7","Calgary","AB","(403) 777-6510",,"riverbend@cbe.ab.ca","Elementary","N","N","Y","N","N","{7F5E40D0-D45F-4A7A-A184-35B42D778AEB}","POINT (-114.0185163 50.972163)"
"The Calgary School Division","Juno Beach Academy of Canadian Studies","315 - 86 Avenue SE","T2H1Z2","Calgary","AB","(403) 777-7210",,"junobeachacademy@cbe.ab.ca","Unknown","N","N","N","N","N","{7B7F2E3D-4583-4652-825B-34C109886F1E}","POINT (-114.0650787 50.9753272)"
"The Calgary School Division","David Thompson School","9320 Arbour Cres SE","T2J0X8","Calgary","AB","(403) 777-7470",,"davidthompson@cbe.ab.ca","Elementary/Junior High","N","N","Y","Y","N","{8C814A8E-404E-404B-B0A7-881FF3074CB4}","POINT (-114.0546656 50.9694103)"
"The Calgary Roman Catholic Separate School Division","St. Bernadette School","55 Lynndale Crescent S.E.","T2C0T8","Calgary","AB","(403) 500-2020",,"stbernadette@cssd.ab.ca","Elementary","N","N","Y","N","N","{73D3A555-A3F7-42BB-8E08-1C9D25F7C882}","POINT (-114.009212 50.9903976)"
"The Calgary School Division","Crescent Heights High School","1019 1 St NW","T2M2S2","Calgary","AB","(403) 276-5521",,"crescentheights@cbe.ab.ca","Senior High","N","N","N","N","Y","{C9D4E3A0-C07B-45AB-8610-88A16392A237}","POINT (-114.0661057 51.0614965)"
"Alberta Classical Academy Ltd.","Calgary Classical Academy Currie Campus","2415 Battleford Ave SW","T3E7K9","Calgary","AB","(587) 885-3688",,"info@classicalacademy.ca","Elementary/Junior High","N","N","Y","Y","N","{EE35D254-FE45-4A27-A1AD-1D747B8B4CA0}","POINT (-114.119061 51.0176511)"
"The Calgary School Division","North Haven School","4922 North Haven Dr NW","T2K2K2","Calgary","AB","(403) 777-6220",,"northhaven@cbe.ab.ca","Elementary","N","N","Y","N","N","{45F6BC03-687E-43D2-9095-B9ABBD4F6B3B}","POINT (-114.0866271 51.0975158)"
"The Calgary Roman Catholic Separate School Division","St. Luke Bilingual Elementary School","1232 Northmount Dr., N.W.","T2L0E1","Calgary","AB","(403) 500-2039",,"stluke@cssd.ab.ca","Elementary","N","N","Y","N","N","{28B4D4DF-40D4-4F60-911F-49EC71567A5E}","POINT (-114.1227011 51.0908335)"
"The Calgary School Division","Abbeydale School","320 Abergale Dr NE","T2A6W2","Calgary","AB","(403) 777-6970",,"Abbeydale@cbe.ab.ca","Elementary","N","N","Y","N","N","{9FE18FDD-0D2B-4CCF-A5BF-CA7B7B4C17C2}","POINT (-113.9298628 51.056632)"
"The Calgary School Division","Niitsitapi Learning Centre","3743 Dover Ridge Dr SW","T2B2E1","Calgary","AB","(403) 817-3404",,"niitsitapilearningcentre@cbe.ab.ca","Elementary","N","N","Y","N","N","{1A64D0A7-4FFF-4A20-8ABF-C4BC3A90019A}","POINT (-113.9793514 51.0205955)"
"The Calgary School Division","Elbow Park School","721  38 Ave SW","T2T2H8","Calgary","AB","(403) 817-3408",,"elbowpark@cbe.ab.ca","Elementary","N","N","Y","N","N","{5B038CA8-6401-4F7F-B988-D4B34FB27CEC}","POINT (-114.0822113 51.0195842)"
"The Calgary School Division","McKenzie Lake School","16210 McKenzie Lake Way SE","T2Z1L7","Calgary","AB","(403) 777-6500",,"mckenzielake@cbe.ab.ca","Elementary","N","N","Y","N","N","{208257DF-9FFC-41AA-9515-0E6E4F992E91}","POINT (-113.9850116 50.9062247)"
,"ALBERTA UNIVERSITY OF THE ARTS",,"T2N4R3","Calgary","AB","(403) 284-7600",,"infodesk@auarts.ca",,"Y","Y",,,,"{F7ABE648-DB8E-4A9C-882A-2F5A5E151630}","POINT (-114.0916194 51.0620132)"
"The Calgary School Division","Senator Patrick Burns School","2155 Chilcotin Rd NW","T2L0X2","Calgary","AB","(403) 777-7400",,"senatorpatrickburns@cbe.ab.ca","Elementary/Junior High","N","N","Y","Y","N","{79F81B0B-34FC-40FA-8B8A-A92D25EE845A}","POINT (-114.115551 51.0882178)"
"Banbury Crossroads School","Banbury Crossroads School","B1 #201  2451 Dieppe Avenue S.W.","T3E7K1","Calgary","AB","(403) 270-7787",,"general@banburycrossroads.com","Elementary/Junior High/Senior High","N","N","Y","Y","Y","{31B64520-5A7A-4958-A0AF-AA1DB67E2D1E}","POINT (-114.119053 51.0192933)"
"The Calgary Roman Catholic Separate School Division","Holy Family School","904 - 32 St. S.E.","T2A0Z1","Calgary","AB","(403) 500-2054",,"holy.family@cssd.ab.ca","Elementary","N","N","Y","N","N","{850E829A-2ED2-47FE-ADE3-51BF6097EA79}","POINT (-113.9878781 51.0455429)"
"The Calgary Roman Catholic Separate School Division","St. John Henry Newman School","16201 McKenzie Lake  Boulevard S.E.","T2Z2G7","Calgary","AB","(403) 500-2092",,"stjohnhenrynewman@cssd.ab.ca","Elementary/Junior High","N","N","Y","Y","N","{7028F868-8870-4DE0-8A8B-34EEEF01493D}","POINT (-113.9888638 50.9073474)"
"The Calgary School Division","Children's Village School","1210 Russet Rd NE","T2E5L5","Calgary","AB","(403) 777-6114",,"ChildrensVillage@cbe.ab.ca","Elementary","N","N","Y","N","N","{7F3059BB-3C3A-4566-85A5-1E4D932B37E0}","POINT (-114.0419786 51.0638755)"
"The Palliser School Division","Calgary Islamic School, Akram Jomaa Campus","2612 - 37 Avenue N.E.","T1Y5L2","Calgary","AB","(403) 248-2773",,"info.aj@pallisersd.ab.ca","Elementary/Junior High/Senior High","N","N","Y","Y","Y","{E3E702ED-79F6-4BA5-9316-856A23FD62E0}","POINT (-114.0004916 51.0875966)"
"The Calgary School Division","Taradale School","170 Taravista Dr NE",,"Calgary","AB","(403) 777-6270",,"taradale@cbe.ab.ca","Elementary","N","N","Y","N","N","{5487BB8B-BABD-45A5-A35A-A443DF937DC2}","POINT (-113.9377693 51.1212598)"
"Arise Calgary Church","Arise Christian Academy","155 Falconridge Crescent NE 
Calgary, AB T3J 1Z9","T3J1Z9","Calgary","AB","(403) 973-8171",,"arisechristianacademy33@gmail.com","Elementary/Junior High/Senior High","N","N","Y","Y","Y","{4E28AB8E-E567-4983-A64A-17A9DD375D17}","POINT (-113.9532429 51.0966299)"
"Renfrew Educational Services Society","Renfrew Educational Services - Park Place Centre","2050 - 21 Street N.E.","T2E6S5","Calgary","AB","(403) 291-5038",,"renfrew@renfreweducation.org","Unknown","N","N","N","N","N","{6FF5AAB4-30E6-47AA-ADC9-D100B5663D22}","POINT (-114.008306 51.0696237)"
"The Canadian Montessori School Ltd.","Canadian Montessori School","1112 70 Avenue S.W.","T2V0P6","Calgary","AB","(403) 862-8551",,"admin@calgarymontessorischool.com","Elementary","N","N","Y","N","N","{AC311A71-C948-43CE-9853-D93041667B28}","POINT (-114.0882764 50.9907515)"
"The Calgary Roman Catholic Separate School Division","St. Catherine Elementary School","11 Canata Close S.W.","T2W1P6","Calgary","AB","(403) 500-2061",,"stcatherine@cssd.ab.ca","Elementary","N","N","Y","N","N","{7ED3E3D8-E09A-4AFC-B38A-A9889CC52FE5}","POINT (-114.0865053 50.9438531)"
"The Calgary School Division","Haultain Memorial School","605 Queensland Dr SE","T2J4S8","Calgary","AB","(403) 777-6860",,"haultainmemorial@cbe.ab.ca","Elementary","N","N","Y","N","N","{715C5541-C0C1-4D4F-A534-5644BDD9D921}","POINT (-114.0233329 50.9395509)"
"The Calgary Roman Catholic Separate School Division","St. Alphonsus Elementary Junior High School","928 Radnor Avenue N.E.","T2E5H5","Calgary","AB","(403) 500-2016",,"stalphonsus@cssd.ab.ca","Elementary/Junior High","N","N","Y","Y","N","{8D4CC4F9-67B0-4414-BB33-382FADE110D3}","POINT (-114.0414326 51.0645564)"
"The Calgary School Division","Terrace Road School","2103  46 St NW","T3B1B3","Calgary","AB","(403) 777-6080",,"terraceroad@cbe.ab.ca","Elementary","N","N","Y","N","N","{445E1F42-742B-46E3-8C11-EBE94708408C}","POINT (-114.157946 51.0745086)"
"The Calgary School Division","A. E. Cross School","3445  37 St SW","T3E3C2","Calgary","AB","(403) 777-7410",,"aecross@cbe.ab.ca","Junior High","N","N","N","Y","N","{360ABBAD-AAC8-4843-8F9E-BED054D3AAC7}","POINT (-114.1421101 51.023251)"
"The Calgary School Division","Bowcroft School","3940  73 St NW","T3B2L9","Calgary","AB","(403) 777-6020",,"bowcroft@cbe.ab.ca","Elementary","N","N","Y","N","N","{84A17E25-0841-4ABF-BC01-C594A88D4CE6}","POINT (-114.1928032 51.0875658)"
"The Calgary School Division","University School","3035 Utah Dr NW","T2N3Z9","Calgary","AB","(403) 777-6240",,"university@cbe.ab.ca","Elementary","N","N","Y","N","N","{4279A266-4C21-4916-A513-16C23D4241BC}","POINT (-114.1332899 51.0698149)"
"The Calgary School Division","Discovering Choices","3610 9th Street SE","T2G0W2","Calgary","AB","(403) 268-3265",,"discoveringchoices@cbe.ab.ca","Senior High","N","N","N","N","Y","{211DA180-9D09-4F52-AAB5-92657DF20BDD}","POINT (-114.0567075 51.0428773)"
"The Calgary School Division","W. O. Mitchell School","511 Silvergrove Dr NW","T3B4R9","Calgary","AB","(403) 777-6100",,"womitchell@cbe.ab.ca","Elementary","N","N","Y","N","N","{2FD720C0-3B65-49AE-8EE2-160998550E00}","POINT (-114.1943018 51.1136975)"
"The Calgary Roman Catholic Separate School Division","Blessed Marie-Rose","999 Sherwood Blvd. NW","T3R1M9","Calgary","AB","(403) 500-2131",,"marierose@cssd.ab.ca","Elementary/Junior High","N","N","Y","Y","N","{D35AA4CA-2518-4A1B-8F1F-642AF95A54B7}","POINT (-114.148338 51.1598963)"
"Calgary Academy Society","Calgary Academy Collegiate","1677 - 93rd Street S.W.","T3H0R3","Calgary","AB","(403) 686-6444",,"info@calgaryacademy.com","Elementary/Junior High/Senior High","N","N","Y","Y","Y","{91C4D67D-4B91-436E-AF96-232AFC35DDC3}","POINT (-114.2243915 51.039438)"
"The Calgary School Division","Connaught School","1121  12 Ave SW","T2R0J8","Calgary","AB","(403) 777-8560",,"connaught@cbe.ab.ca","Elementary","N","N","Y","N","N","{9E4A1623-DE72-46AD-A630-215B99326600}","POINT (-114.0877305 51.0415385)"
"The Calgary School Division","Riverside School","107 6A St NE","T2E0B7","Calgary","AB","(403) 777-7350",,"Riverside@cbe.ab.ca","Elementary/Junior High","N","N","Y","Y","N","{025816EC-49A4-4A4F-9842-384B6B35BC14}","POINT (-114.0477239 51.0528574)"
"Capstone Engineering Academy","Capstone Engineering Academy","11950 Country Village Link NE","T2H2Z9","Calgary","AB","(403) 930-3535",,"dean@capstoneacad.ca","Elementary/Junior High/Senior High","N","N","Y","Y","Y","{A174A794-5B60-4023-A717-A7D7E3104553}","POINT (-114.04 50.9982873)"
"Calgary Quest Children's Society","Calgary Quest School","3405 Spruce Drive S.W.  c/o Spruce Cliff Elementary","T3C0A5","Calgary","AB","(403) 253-0003",,"info@calgaryquestschool.com","Elementary/Junior High/Senior High","N","N","Y","Y","Y","{233E1E57-6486-4BA5-980C-DCCF7966F349}","POINT (-114.1366529 51.0497282)"
"The Calgary School Division","Henry Wise Wood High School","910  75 Ave SW","T2V0S6","Calgary","AB","(403) 253-2261",,"henrywisewood@cbe.ab.ca","Senior High","N","N","N","N","Y","{3204F58E-BA9E-442A-83B7-FD212CFB16F8}","POINT (-114.0846986 50.9863474)"
"Calgary Chinese Alliance School Society","Calgary Chinese Alliance School","150 Beddington Blvd. NE","T3K2E2","Calgary","AB","(403) 274-7046",,"info@ccas.school","Senior High","N","N","N","N","Y","{776738EC-B9B1-4607-A9BF-F1F1840242B7}","POINT (-114.0676398 51.1257394)"
"The Calgary School Division","Vincent Massey School","939  45 St SW","T3C2B9","Calgary","AB","(403) 777-7870",,"vincentmassey@cbe.ab.ca","Junior High","N","N","N","Y","N","{C347408B-200D-4975-8EF4-6509F967F737}","POINT (-114.1534374 51.044044)"
"The Calgary School Division","Evergreen School","367 Everstone Dr SW","T2Y0L3","Calgary","AB",,,,"Elementary","N","N","Y","N","N","{C9D9632D-016E-403F-883C-6C32AC691F72}","POINT (-114.1065341 50.9169307)"
"The Calgary School Division","William Reid School","1216  36 Ave SW","T2T2E9","Calgary","AB","(403) 777-6940",,"williamreid@cbe.ab.ca","Elementary","N","N","Y","N","N","{EC968E4D-DDBC-476E-8111-0A449AE93630}","POINT (-114.0903571 51.0221812)"
"The Calgary Roman Catholic Separate School Division","St. Joseph Elementary Junior High School","2512 - 5 Street N.W.","T2M3C7","Calgary","AB","(403) 500-2009",,"stjoseph@cssd.ab.ca","Elementary/Junior High","N","N","Y","Y","N","{0849EE78-0B83-41AA-A223-9C21E3B2DE1F}","POINT (-114.0733312 51.0747933)"
"SCcyber ELearning Institute","SCcyber E-Learning Institute","Box 91099","T3G0C5","Calgary","AB","(780) 836-5544",,"kam@sccyber.net","Senior High","N","N","N","N","Y","{3BAF8E6A-23ED-474F-ABCE-3D6DB6C43C59}","POINT (-114.240431 51.1515104)"
"The Calgary School Division","Edgemont School","55 Edgevalley Cir NW","T3A4X1","Calgary","AB","(403) 777-6340",,"edgemont@cbe.ab.ca","Elementary","N","N","Y","N","N","{910C2F54-316F-4698-A240-6F50E519152B}","POINT (-114.1435928 51.1288954)"
"The Calgary Roman Catholic Separate School Division","St. Bonaventure School","1710 Acadia Drive S.E.","T2J3X8","Calgary","AB","(403) 500-2062",,"stbonaventure@cssd.ab.ca","Junior High","N","N","N","Y","N","{EA1018A0-D75F-4242-8F0D-23FD4896FB41}","POINT (-114.0471954 50.9317438)"
"The Calgary School Division","West Dover School","3113  30 Avenue SE","T2B0G9","Calgary","AB","(403) 777-8260",,"westdover@cbe.ab.ca","Elementary","N","N","Y","N","N","{C2DA664F-6D43-4794-B757-E94F32B65F65}","POINT (-113.9906622 51.026336)"
"The Calgary School Division","Peter Lougheed School","148 Saddletree Close NE","T3J5J1","Calgary","AB","(403) 817-3508",,"peterlougheed@cbe.ab.ca","Elementary/Junior High","N","N","Y","Y","N","{9DD22169-82A4-4C78-97CB-AAF4375206A9}","POINT (-113.9556975 51.1306764)"
"Almadina School Society","Almadina Language Charter Academy, Ogden Campus","1919 - 76th Avenue SE","T2C0G8","Calgary","AB","(403) 543-5070",,"lina@esl-almadina.com","Elementary/Junior High","N","N","Y","Y","N","{75365F0F-5B27-40B7-BB7F-F4A823A4CA91}","POINT (-114.0120022 50.9844621)"
"School of East Indian Languages and Performing Arts of Calgary","School of East Indian Languages and Performing Arts","376 Silverado Boulevard SW","T2X0N9","Calgary","AB","(403) 280-5110",,"office@silpa.ca","Unknown","N","N","N","N","N","{63928118-D00D-48A3-B876-7F3ECD59DD3B}","POINT (-114.0875596 50.8837483)"
"The Calgary School Division","Kenneth D. Taylor School","30 Evanscove Cir NW","T3P0A1","Calgary","AB","(403) 817-3504",,"kennethdtaylor@cbe.ab.ca","Elementary","N","N","Y","N","N","{1074D84E-C205-45D6-9125-3CA6462728C6}","POINT (-114.1177852 51.1651135)"
"The Calgary School Division","Collingwood School","3826 Collingwood Dr NW","T2L0R6","Calgary","AB","(403) 777-6180",,"collingwood@cbe.ab.ca","Elementary","N","N","Y","N","N","{D82AE1A7-A3A0-4B65-824D-8E8DD14FBDC5}","POINT (-114.1032718 51.0857887)"
"The Calgary School Division","The Hamptons School","10330 Hamptons Blvd NW","T3A6G2","Calgary","AB","(403) 777-7300",,"hamptons@cbe.ab.ca","Elementary","N","N","Y","N","N","{A68B8BE0-85EB-4F79-AC29-15498BA28820}","POINT (-114.1485213 51.1434525)"
"The Calgary School Division","Sunnyside School","211 7 St NW","T2N1S2","Calgary","AB","(403) 777-6390",,"sunnyside@cbe.ab.ca","Elementary","N","N","Y","N","N","{C78DE5EC-9C40-4107-BDDB-29585D1628B6}","POINT (-114.0795583 51.0565691)"
"The Calgary Roman Catholic Separate School Division","Father Lacombe School","3615 Radcliffe Drive S.E.","T2A6B4","Calgary","AB","(403) 500-2066",,"fatherlacombe@cssd.ab.ca","Senior High","N","N","N","N","Y","{39024F11-83FD-4EAD-AE88-235EA92097BC}","POINT (-113.983259 51.0473877)"
"Foundations for the Future Charter Academy Charter School Society","Northwest Elementary Campus","719-44 Ave NW","T2K0J5","Calgary","AB","(403) 282-5202",,"swita.sharma@ffca-calgary.com","Elementary","N","N","Y","N","N","{C09E42AC-DAE1-44DB-92AE-B32374BB384F}","POINT (-114.0780737 51.0931795)"
"The Calgary Roman Catholic Separate School Division","St. Maria Goretti Elementary School","375 Hawkstone Drive N.W.","T3G3T7","Calgary","AB","(403) 500-2099",,"stmariagoretti@cssd.ab.ca","Elementary","N","N","Y","N","N","{F2D43594-2D24-41AE-B49A-034BE26B77B5}","POINT (-114.177765 51.134531)"
"Access International College (Calgary) Incorporated","Access Academy","B1 - 2451 Dieppe Avenue S.W.  Box 100","T3E7K1","Calgary","AB","(403) 455-3033",,"info@accessacademy.ca","Unknown","N","N","N","N","N","{803B15DF-C1AC-4A2B-9F4D-D5C0AF40E705}","POINT (-114.119053 51.0192933)"
"The Palliser School Division","Master's Academy","4414 Crowchild Trail S.W.","T2T5J4","Calgary","AB","(403) 242-7034",,,"Elementary","N","N","Y","N","N","{1D66E186-14BF-4A9B-9EB9-6151B5CA0BFB}","POINT (-114.1165602 51.0153091)"
"The Calgary School Division","Rosedale School","905 13 Ave NW","T2M0G3","Calgary","AB","(403) 777-7530",,"rosedale@cbe.ab.ca","Elementary/Junior High","N","N","Y","Y","N","{B127CE04-98FF-44A4-B08E-53FF2A4B6619}","POINT (-114.0815133 51.0636038)"
"The Calgary School Division","Olympic Heights School","875 Strathcona Dr SW","T3H2Z7","Calgary","AB","(403) 777-8370",,"olympicheights@cbe.ab.ca","Elementary","N","N","Y","N","N","{FB410438-5893-483C-9C8B-80B29AB19E4F}","POINT (-114.1807907 51.0459743)"
"Rundle College Society","Rundle Studio","7379 - 17 Avenue SW","T3H3W5","Calgary","AB","(403) 291-3866",,"contactus@rundle.ab.ca","Junior High/Senior High","N","N","N","Y","Y","{DB555F6D-952D-42D0-9D29-098EAFFDA32C}","POINT (-114.1939364 51.0369008)"
"The Calgary Roman Catholic Separate School Division","St. Cyril School","2990 Cedarbrae Drive S.W.","T2W2N9","Calgary","AB","(403) 500-2070",,"stcyril@cssd.ab.ca","Elementary/Junior High","N","N","Y","Y","N","{414FC0B1-224B-4BC0-B413-C4D59CBE8BA2}","POINT (-114.1285361 50.9555002)"
"The Calgary Jewish Academy","Calgary Jewish Academy","6700 Kootenay Street S.W.","T2V1P7","Calgary","AB","(403) 253-3992",,"officeadmin@cja.ab.ca","Elementary/Junior High","N","N","Y","Y","N","{677F35FF-55C9-4BF0-B05D-B53A685E85AF}","POINT (-114.0926207 50.9935015)"
"The Calgary School Division","AADAC Youth Services","1005 - 17 Street N.W.","T2N2E5","Calgary","AB","(403) 297-4664",,"AADAC@cbe.ab.ca","Unknown","N","N","N","N","N","{EC649B94-90D1-4741-848D-9F2585E232BD}","POINT (-114.1016961 51.0612678)"
"The Calgary School Division","Varsity Acres School","4255 40 St NW","T3A0H7","Calgary","AB","(403) 777-6090",,"varsityacres@cbe.ab.ca","Elementary","N","N","Y","N","N","{47630D60-07C9-4701-8F31-972C7955BD56}","POINT (-114.1482325 51.0910211)"
"The Southern Francophone Education Region","École Notre-Dame-de-la-Paix","809 Willingdon Blvd SE","T2J2B7","Calgary","AB","(403) 271-5544",,"ecolendp@francosud.ca","Elementary","N","N","Y","N","N","{2421D23D-7E39-4DAA-8717-96808D69262B}","POINT (-114.0433868 50.9509238)"
"The Calgary School Division","Project Trust","3610 - 9th Street SE","T2M4P6","Calgary","AB","(403) 777-6107",,"discoveringchoices@cbe.ab.ca","Unknown","N","N","N","N","N","{FB15ADFA-3629-4CEC-AB37-827354CD343A}","POINT (-114.0828546 51.072077)"
"The Calgary School Division","Beddington Heights School","95 Bermuda Rd NW","T3K2J6","Calgary","AB","(403) 777-6610",,"beddingtonheights@cbe.ab.ca","Elementary","N","N","Y","N","N","{25768D58-964B-49ED-861B-B18927F9A774}","POINT (-114.0794072 51.1317524)"
"The Calgary Roman Catholic Separate School Division","Notre Dame High School","11900 Country Village Link NE","T3K6E4","Calgary","AB","(403) 500-2109",,"notredame@cssd.ab.ca","Senior High","N","N","N","N","Y","{A714116E-3DE6-4A0E-9689-851B2C4FA55C}","POINT (-114.0657893 51.1576257)"
"The Calgary School Division","Rideau Park School","829 Rideau Rd SW","T2S0S2","Calgary","AB","(403) 777-7480",,"rideaupark@cbe.ab.ca","Elementary/Junior High","N","N","Y","Y","N","{E57BC592-000F-4174-8D6E-5E0546E2A8E7}","POINT (-114.075578 51.0252834)"
"The Calgary Roman Catholic Separate School Division","Holy Name (Bilingual) School","3011 - 35 Street S.W.","T3E2Y7","Calgary","AB","(403) 500-2006",,"holyname@cssd.ab.ca","Elementary","N","N","Y","N","N","{6D74D689-2A96-4524-B8A0-C4A40F465CF1}","POINT (-114.1390179 51.0282786)"
"The Calgary School Division","Killarney School","3008  33 Street SW","T3E2T9","Calgary","AB","(403) 777-8360",,"killarney@cbe.ab.ca","Elementary","N","N","Y","N","N","{3F12D308-1F16-4DD9-AA97-ED6CC2C4FA81}","POINT (-114.1347436 51.0282002)"
"Bearspaw Christian School Society","BCS@Home","15001 - 69 Street NW","T3R1C5","Calgary","AB","(403) 295-2566",,"info@bearspawschool.com","Elementary/Junior High/Senior High","N","N","Y","Y","Y","{145A1577-ED7B-4E4D-ACDF-4873D30F5940}","POINT (-114.1893601 51.1869508)"
"The Calgary School Division","North Trail High School","12500 Harvest Hills Blvd. NE","T3K2S3","Calgary","AB","(403) 817-3700",,"schoolimprovement@cbe.ab.ca","Senior High","N","N","N","N","Y","{D1297938-3847-46A7-8293-FB5E41F78B9C}","POINT (-114.0664694 51.1675881)"
"The Calgary School Division","Capitol Hill School","2210  18 St NW","T2M3T4","Calgary","AB","(403) 777-6160",,"capitolhill@cbe.ab.ca","Elementary","N","N","Y","N","N","{65870EDD-8056-47D9-B79B-94907E5DA7B8}","POINT (-114.1039318 51.0720834)"
"The Pembina Hills School Division","Vista Virtual School","341 - 58 Avenue SE",,"Calgary","AB",,,"vvsupport@pembinahills.ca","Elementary/Junior High/Senior High","N","N","Y","Y","Y","{8FE833FE-34AF-4D2B-98D2-8A2112A5DBE5}","POINT (-114.0576739 51.0004922)"
"The Calgary School Division","Fish Creek School","1039 Suncastle Dr SE","T2X2Z1","Calgary","AB","(403) 777-6400",,"fishcreek@cbe.ab.ca","Elementary","N","N","Y","N","N","{FDB2EA16-1D76-40F3-86B1-D1B7E20FA234}","POINT (-114.0328256 50.9015119)"
"The Calgary Roman Catholic Separate School Division","Bishop O'Byrne High School","Suite 500  333 Shawville Boulevard S.E.","T2Y4H3","Calgary","AB","(403) 500-2103",,"bishopobyrne@cssd.ab.ca","Senior High","N","N","N","N","Y","{ACC92A9C-5487-4D5D-826F-426A4F3C2E43}","POINT (-114.064581 50.8980986)"
"The Southern Francophone Education Region","École Terre des Jeunes","3720 - 42 Street NW","T3A0C6","Calgary","AB","(403) 247-2458",,,"Elementary","N","N","Y","N","N","{3C4B9F41-C46D-4048-ADD0-FEB974A6FF47}","POINT (-114.149987 51.0853162)"
"The Calgary Roman Catholic Separate School Division","St. Albert the Great","225 Prestwick Ave SE","T2Z3X3","Calgary","AB","(403) 500-2114",,"stalbert@cssd.ab.ca","Elementary/Junior High","N","N","Y","Y","N","{EE9187C8-0D1B-4570-9D93-DEF9F97DF79F}","POINT (-113.96009 50.9215164)"
"Calgary Arts Academy Society","Calgary Arts Academy","2036 20 Avenue SW","T2T0M2","Calgary","AB","(403) 532-3020",,"khoey@caaschool.com","Elementary/Junior High/Senior High","N","N","Y","Y","Y","{02F3B6AD-9F44-47E1-A614-C57699120420}","POINT (-114.1080951 51.036278)"
"The Chinese Academy Foundation","The Chinese Academy","#191, 1518 Centre Street N.E.","T2K1C2","Calgary","AB","(403) 777-7663",,"thechineseacademy@gmail.com","Senior High","N","N","N","N","Y","{BC005457-4D75-4935-B61B-0B9A5FECD9F0}","POINT (-114.0701434 51.112806)"
"The Calgary School Division","Willow Park School","343 Willow Park Dr SE","T2J0K7","Calgary","AB","(403) 777-6900",,"willowpark@cbe.ab.ca","Elementary/Junior High","N","N","Y","Y","N","{B24F36C1-2C9A-45B8-8B57-C3A5CC199213}","POINT (-114.0607015 50.9578029)"
"North Point School for Boys","North Point School - DSEPS","2445 23 Ave SW","T2T0W3","Calgary","AB","(403) 744-5214",,,"Elementary/Junior High/Senior High","N","N","Y","Y","Y","{03E7AA92-4F99-4868-B715-22F2CF72D5DD}","POINT (-114.1174982 51.0325631)"
"The Calgary School Division","Cambrian Heights School","640 Northmount Dr NW","T2K3J5","Calgary","AB","(403) 777-6150",,"cambrianheights@cbe.ab.ca","Elementary","N","N","Y","N","N","{8FD0E96E-65DB-4E25-B3A0-AD26649E2D53}","POINT (-114.0879887 51.0853585)"
"Rundle College Society","Rundle College Elementary School","7615 - 17 Ave SW","T3H3W5","Calgary","AB","(403) 282-8411",,"contactus@rundle.ab.ca","Elementary","N","N","Y","N","N","{A753B322-C7C6-4B38-BCCD-47E4F989A539}","POINT (-114.197334 51.0367198)"
"The Calgary Roman Catholic Separate School Division","Our Lady of Fatima","6320 Taralea Park NE","T3J5C4","Calgary","AB","(403) 500-2112",,"ourladyoffatima@cssd.ab.ca","Elementary","N","N","Y","N","N","{99DD06F8-B55B-409A-ACE8-188BCFECB491}","POINT (-113.9379245 51.1163285)"
"The Calgary School Division","Sir John Franklin School","2215  8 Ave NE","T2E0T7","Calgary","AB","(403) 777-7610",,"sirjohnfranklin@cbe.ab.ca","Elementary/Junior High","N","N","Y","Y","N","{3AE8C0DC-59BE-4D2C-B31D-4B3C6677DC2E}","POINT (-114.0079373 51.059684)"
"STEM Innovation Academy Society","STEM Innovation Academy Middle School","1204 96 Ave SW","T2V0Y1","Calgary","AB","(403) 259-4211",,"info@stemia.ca","Junior High","N","N","N","Y","N","{D0B49D97-4691-4D20-8225-9E54F1AC3313}","POINT (-114.0884933 50.9688768)"
"The Calgary School Division","John Ware School","10020  19 St SW","T2V1R2","Calgary","AB","(403) 777-7930",,"johnware@cbe.ab.ca","Junior High","N","N","N","Y","N","{D760BA2F-3F14-4E7F-9ABA-281D1372EF0B}","POINT (-114.105319 50.9636615)"
"Al-Zahra Islamic Research Foundation","Al-Qaim International School","510 77 Ave SE, Calgary, AB T2H","T2H1C3","Calgary","AB","(825) 540-3220",,"info@alqaimschool.ca","Elementary/Junior High/Senior High","N","N","Y","Y","Y","{C1AE2D8D-AD55-42AE-ABD6-19753DCE1020}","POINT (-114.0514737 50.9851288)"
"The Calgary School Division","Mountain Park School","312 Mt Douglas Close SE","T2Z4Y1","Calgary","AB","(403) 777-6442",,"mountainpark@cbe.ab.ca","Elementary/Junior High","N","N","Y","Y","N","{3981BDBE-4C94-46A2-939F-F961B77561AC}","POINT (-113.9818941 50.9238051)"
"The Calgary School Division","Simon Fraser School","5215  33 St NW","T2L1V3","Calgary","AB","(403) 777-7290",,"simonfraser@cbe.ab.ca","Elementary/Junior High","N","N","Y","Y","N","{00CE7DDC-3602-4F79-93FB-F1FA988D85C8}","POINT (-114.1365647 51.1003262)"
"The Calgary Roman Catholic Separate School Division","Father James Whelihan","70 Sunmills Drive S.E.","T2X2R5","Calgary","AB","(403) 500-2087",,"fatherwhelihan@cssd.ab.ca","Elementary/Junior High","N","N","Y","Y","N","{9377C15E-7B39-405A-88A7-8763E1214C6F}","POINT (-114.0470336 50.9045311)"
"The Calgary Roman Catholic Separate School Division","St. Margaret School","3320 Carol Drive N.W.","T2L0K7","Calgary","AB","(403) 500-2025",,"saint.margaret@cssd.ab.ca","Elementary/Junior High","N","N","Y","Y","N","{D8E50816-D2BC-4FA7-A406-F76D98667B0D}","POINT (-114.0976517 51.0821473)"
"The Calgary School Division","Bayside School","15 Auburn Crest Park SE","T3M0Z4","Calgary","AB","(403) 817-3436",,"baysideschool@cbe.ab.ca","Elementary","N","N","Y","N","N","{9EA52801-7152-4E1C-87A3-4152A7112B4B}","POINT (-113.9475403 50.8882507)"
"Maria Montessori Education Centre of Calgary, Ltd.","Maria Montessori School - cSPACE King Edward Location","cSPACE Projects  1721-29 Avenue SW","T2T6T7","Calgary","AB","(403) 668-8538",,"info@mmec.ca","Unknown","N","N","N","N","N","{1F4B94F5-37E2-46AB-AFE1-837CB3C4EA75}","POINT (-114.1008977 51.0272766)"
"The Calgary School Division","Marion Carson School","5225 Varsity Dr NW","T3A1A7","Calgary","AB","(403) 777-6050",,"MarionCarson@cbe.ab.ca","Elementary","N","N","Y","N","N","{BE1BB795-16FD-4D3B-9CED-784B3F16EFB0}","POINT (-114.1614206 51.0929233)"
"The Calgary Roman Catholic Separate School Division","Light of Christ Catholic School","6270 Saddlehorn Dr. N.E.","T3J0L8","Calgary","AB","(403) 500-2121",,"lightofchrist@cssd.ab.ca","Elementary/Junior High","N","N","Y","Y","N","{D481A2B4-F4D3-482F-8985-ED99552CCDC9}","POINT (-113.9412877 51.129544)"
"The Calgary School Division","Valley Creek School","10951 Hidden Valley Dr NW","T3A6J2","Calgary","AB","(403) 777-7995",,"valleycreek@cbe.ab.ca","Elementary/Junior High","N","N","Y","Y","N","{B954A896-0CAD-40C1-B55B-301F6907EC74}","POINT (-114.1166872 51.1502406)"
"The Calgary School Division","Adolescent Mental Health Services","805  37 St NW","T2N2T9","Calgary","AB","(403) 270-1751",,"woodshomes@cbe.ab.ca","Elementary/Junior High/Senior High","N","N","Y","Y","Y","{9FB63F70-3438-4757-8F03-04B17C6D1054}","POINT (-114.134425 51.0646755)"
"The Calgary Roman Catholic Separate School Division","Father Doucet School","65 Shannon Drive S.W.","T2Y2T5","Calgary","AB","(403) 500-2089",,"fatherdoucet@cssd.ab.ca","Elementary","N","N","Y","N","N","{4FE1EA17-76FD-43E4-A83B-AB90972E024E}","POINT (-114.0851831 50.909351)"
"Janus Academy Society","Janus Academy Junior/Senior High School","200 - 403 33 Street NE","T2H1S1","Calgary","AB","(403) 262-3333",,"janus.contact@janusacademy.org","Elementary/Junior High/Senior High","N","N","Y","Y","Y","{E233CBF2-8696-42C8-9237-EF217EA12653}","POINT (-114.0563071 50.9774444)"
"The Palliser School Division","Calgary Christian High School","5029 - 26 Avenue S.W.","T3E0R5","Calgary","AB","(403) 242-2896",,"ccssoffice@pallisersd.ab.ca","Junior High/Senior High","N","N","N","Y","Y","{F7481646-9BE2-4501-8DC7-7CA0D777B52C}","POINT (-114.1589554 51.0297701)"
"Foundations for the Future Charter Academy Charter School Society","South Middle School Campus","8710 Ancourt Rd. SE","T2H1V2","Calgary","AB","(403) 259-3175",,,"Elementary/Junior High","N","N","Y","Y","N","{D688BB66-D7B4-458A-A4ED-A051CB90BCC1}","POINT (-114.0533193 50.975297)"
"The Calgary School Division","Hillhurst School","1418  7 Ave NW","T2N0Z2","Calgary","AB","(403) 777-6360",,"hillhurst@cbe.ab.ca","Elementary","N","N","Y","N","N","{106C79A3-FE56-4146-9F5D-50DBAAA5CF51}","POINT (-114.0931514 51.0593015)"
"The Calgary School Division","Eugene Coste School","10 Hillgrove Cres SW","T2V3K7","Calgary","AB","(403) 777-8511",,"eugenecoste@cbe.ab.ca","Elementary","N","N","Y","N","N","{8E5C6405-3AE9-4B93-927F-A6F32DCD5563}","POINT (-114.086992 50.9678963)"
"Rundle College Society","Rundle College Academy","4330 - 16 Street S.W.","T2T4H9","Calgary","AB","(403) 250-2965",,"contactus@rundle.ab.ca","Elementary/Junior High/Senior High","N","N","Y","Y","Y","{7D629E50-ED27-4D35-8422-359BAD51C5AF}","POINT (-114.099986 51.0152427)"
"The Calgary Roman Catholic Separate School Division","St. Helena School","320 - 64 Avenue N.W.","T2K0L8","Calgary","AB","(403) 500-2049",,"sthelena@cssd.ab.ca","Junior High","N","N","N","Y","N","{862614B2-B4F9-4D59-8EE5-ACFAB211D9EE}","POINT (-114.0677967 51.1115405)"
"The Calgary School Division","Colonel Sanders School","226 Northmount Dr NW","T2K3G5","Calgary","AB","(403) 777-6034",,"ColonelSanders@cbe.ab.ca","Elementary","N","N","Y","N","N","{6C48C242-D9D0-4052-A91C-7B9E141FFD8F}","POINT (-114.0747847 51.0998205)"
"The Calgary School Division","Crossing Park School","500 Martindale Blvd NE","T3J4W8","Calgary","AB","(403) 777-7195",,"crossingpark@cbe.ab.ca","Elementary/Junior High","N","N","Y","Y","N","{3EA4F57B-585F-4345-9A04-E4E3FB7A55B0}","POINT (-113.9663379 51.115699)"
"The Calgary Roman Catholic Separate School Division","St. Peter Elementary School","720 - 58 Street S.E.","T2A5L9","Calgary","AB","(403) 500-2079",,"stpeter@cssd.ab.ca","Elementary","N","N","Y","N","N","{329442A2-493B-4B55-B142-C776673A0465}","POINT (-113.9491212 51.0461918)"
"The Calgary School Division","Colonel J. Fred Scott School","171 Whitehorn Rd NE","T1Y3C4","Calgary","AB","(403) 777-6710",,"coloneljfredscott@cbe.ab.ca","Elementary","N","N","Y","N","N","{B81E5897-A41C-474F-BBDC-C94FD1D2EF7F}","POINT (-113.9681787 51.0877737)"
"The Calgary School Division","Nelson Mandela High School","45 Saddletowne Cir NE","T3J4W3","Calgary","AB","(403) 817-3500",,"nelsonmandelahigh@cbe.ab.ca","Senior High","N","N","N","N","Y","{6CFAC870-9CEF-440D-A855-309CB28604E5}","POINT (-113.94886 51.1219873)"
"The Calgary Roman Catholic Separate School Division","Mother Mary Greene School","115 Edenwold Drive N.W.","T3A3S8","Calgary","AB","(403) 500-2095",,"mothermarygreene@cssd.ab.ca","Elementary","N","N","Y","N","N","{24C827BD-8194-4E27-8182-EBB7A9B4333E}","POINT (-114.1392912 51.1242494)"
"The Calgary Roman Catholic Separate School Division","Our Lady of the Assumption School","7311 - 34 Avenue N.W.","T3B1N5","Calgary","AB","(403) 500-2045",,"assumption@cssd.ab.ca","Elementary/Junior High","N","N","Y","Y","N","{400CC5AC-421F-4FC1-8B97-50F0B5C59F79}","POINT (-114.1913645 51.0833063)"
"Webber Academy Foundation","Webber Academy","1515 - 93 Street SW","T3H4A8","Calgary","AB","(403) 277-4700",,"nwebber@webberacademy.ca","Elementary/Junior High/Senior High","N","N","Y","Y","Y","{BBAC043B-F1EC-4EB0-9A3B-A1A86F0E846C}","POINT (-114.2250364 51.0441282)"
"The Calgary School Division","Georges P. Vanier School","509  32 Ave NE","T2E2H3","Calgary","AB","(403) 777-7460",,"georgespvanier@cbe.ab.ca","Elementary/Junior High","N","N","Y","Y","N","{7E2B6895-AF5F-4D41-94F4-C4AD939118A0}","POINT (-114.0520834 51.0806121)"
"The Calgary School Division","Ramsay School","2223 Spiller Rd SE","T2G4G9","Calgary","AB","(403) 777-6790",,"ramsay@cbe.ab.ca","Elementary","N","N","Y","N","N","{4E8882C6-43DC-45F1-82BA-02A7C6C11658}","POINT (-114.0458037 51.0331953)"
"The Calgary School Division","Glamorgan School","50 Grafton Dr SW","T3E4W3","Calgary","AB","(403) 777-8310",,"glamorgan@cbe.ab.ca","Elementary/Junior High","N","N","Y","Y","N","{0D0D2C29-7060-499B-B7BB-A15F5A4ACBD1}","POINT (-114.1454125 51.0153867)"
"The Calgary School Division","Samuel W. Shaw School","115 Shannon Dr SW","T2Y0K6","Calgary","AB","(403) 777-6163",,,"Elementary/Junior High","N","N","Y","Y","N","{FCA4D9F1-7D19-4C0D-A172-213A17168A30}","POINT (-114.0873898 50.9081389)"
"The Calgary Roman Catholic Separate School Division","Prince of Peace School","43 Auburn Meadows Blvd SE","T3M2C9","Calgary","AB","(403) 500-2125",,"princeofpeace@cssd.ab.ca","Elementary/Junior High","N","N","Y","Y","N","{523A2660-4DAF-4E1D-8AC1-41571EA013C7}","POINT (-113.9498563 50.8932706)"
"The Calgary School Division","Dr. Roberta Bondar School","1580 Strathcona Dr SW","T3H5B1","Calgary","AB","(403) 817-3564",,"drrobertabondar@cbe.ab.ca","Elementary","N","N","Y","N","N","{51334134-801E-48B2-BD6F-AC724E2095B3}","POINT (-114.2055447 51.0503435)"
"The Calgary Roman Catholic Separate School Division","St. Kateri Tekakwitha School","1005 Abbotsford Drive N.E.","T2A7N5","Calgary","AB","(403) 500-2090",,"stkateri@cssd.ab.ca","Elementary","N","N","Y","N","N","{C2E9C43A-4AAB-4A65-9601-487DDAF77118}","POINT (-113.9277404 51.0618652)"
"The Calgary Roman Catholic Separate School Division","St. Patrick School","6006 Rundlehorn Drive N.E.","T1Y2X1","Calgary","AB","(403) 500-2076",,"stpatrick@cssd.ab.ca","Elementary","N","N","Y","N","N","{8120627D-B310-49E0-B37F-BCE6DB682C4A}","POINT (-113.946717 51.0719967)"
"Lycee Louis Pasteur Society","Lycee Louis Pasteur","4099 Garrison Blvd. S.W.","T2T6G2","Calgary","AB","(403) 243-5420",,"lycee.ab.ed@lycee.ca","Elementary/Junior High/Senior High","N","N","Y","Y","Y","{15BD2A70-50F3-40DA-8B39-2DF32F21D958}","POINT (-114.1144579 51.0178108)"
"The Calgary School Division","Highwood School","11 Holmwood Ave NW","T2K2G5","Calgary","AB","(403) 777-6200",,"highwood@cbe.ab.ca","Elementary","N","N","Y","N","N","{B707DD47-7484-4099-AD71-E05E1D28AE37}","POINT (-114.0765471 51.0922503)"
"The Calgary School Division","Cappy Smart School","5808 Madigan Dr NE","T2A4P5","Calgary","AB","(403) 777-8110",,"cappysmart@cbe.ab.ca","Elementary","N","N","Y","N","N","{AB986DC0-13C3-4AB7-B7E1-736AF57E0E88}","POINT (-113.945082 51.0636998)"
"The Calgary School Division","Dr. Freda Miller School","211 Everbrook Dr SW","T2Y0E8","Calgary","AB","(403) 817-3428",,"drfredamiller@cbe.ab.ca","Elementary","N","N","Y","N","N","{5ED4C50E-8AA7-4DE1-9C7D-BF3D04CD8C84}","POINT (-114.1160328 50.9208572)"
"Columbia College Calgary","Columbia College","802 Manning Road N.E.","T2E7N8","Calgary","AB","(403) 235-9300",,"registrar@columbia.ca","Senior High","N","N","N","N","Y","{CD6D173D-861B-4272-B9B4-AB3001BB646F}","POINT (-114.0180362 51.0570086)"
"The Alberta Ballet Company","Alberta Ballet School","West Annex, 2nd Floor  906-12 Avenue S.W.","T2R1K7","Calgary","AB","(403) 245-2274",,"schoolreception@albertaballet.com","Junior High/Senior High","N","N","N","Y","Y","{0716338C-55F4-48AE-871B-731033AA5910}","POINT (-114.082 51.0422504)"
"The Calgary Roman Catholic Separate School Division","St. Jude School","730 Woodbine Boulevard S.W.","T2W4W4","Calgary","AB","(403) 500-2084",,"stjude@cssd.ab.ca","Elementary","N","N","Y","N","N","{0FA66911-C461-4735-8DB9-3F7719575BFA}","POINT (-114.1334517 50.942959)"
"The Calgary School Division","Sibylla Kiddle School","126 Cranford Dr SE",,"Calgary","AB","(403) 817-3432",,"SibyllaKiddle@cbe.ab.ca","Elementary","N","N","Y","N","N","{783EF666-3B75-440F-ACF5-0D4AA4C770DA}","POINT (-113.9708165 50.8778693)"
"The Calgary School Division","Chinook Park School","1312  75 Ave SW","T2V0S6","Calgary","AB","(403) 777-8480",,"chinookpark@cbe.ab.ca","Elementary","N","N","Y","N","N","{DBDB1973-8AF4-4948-87D5-98E78D5678F8}","POINT (-114.0893846 50.9864545)"
"Third Academy International Ltd.","LYNX West","3311-49 Street SW","T3E6M6","Calgary","AB","(403) 288-5335",,"abed@thirdshools.ca","Elementary/Junior High","N","N","Y","Y","N","{C82DCDE1-A027-4FC3-82D5-E130C410D5FA}","POINT (-114.1587786 51.0247923)"
"The Calgary Roman Catholic Separate School Division","St. Thomas More School","6110 Temple Drive N.E.","T1Y5V4","Calgary","AB","(403) 500-2081",,"stthomasmore@cssd.ab.ca","Elementary","N","N","Y","N","N","{4E30D595-5B60-46C1-B9A4-EB4D9D3E945A}","POINT (-113.9455496 51.0854218)"
"The Calgary School Division","Guy Weadick School","5612 Templehill Rd NE","T1Y4W7","Calgary","AB","(403) 777-6740",,"guyweadick@cbe.ab.ca","Elementary","N","N","Y","N","N","{9ED2C3FF-F980-47DC-8E83-F14C080431B4}","POINT (-113.9529891 51.0869951)"
"The Calgary Roman Catholic Separate School Division","St. Anthony","4811 6th St. SW","T2S2N5","Calgary","AB","(403) 500-2013",,"stanthony@cssd.ab.ca","Elementary/Junior High/Senior High","N","N","Y","Y","Y","{DBCB4B9E-0785-4936-B91C-6878B74C6243}","POINT (-114.0793151 51.0101158)"
"The Calgary School Division","Harold Panabaker School","23 Sackville Dr SW","T2W0W3","Calgary","AB","(403) 777-7890",,"haroldpanabaker@cbe.ab.ca","Elementary/Junior High","N","N","Y","Y","N","{E385A4B7-05ED-4A09-B671-3AB678EE8C4E}","POINT (-114.0866624 50.9576463)"
"The Calgary School Division","Thomas B. Riley School","3915  69 St NW","T3B2J9","Calgary","AB","(403) 777-7260",,"thomasbriley@cbe.ab.ca","Junior High","N","N","N","Y","N","{256D4314-063D-4894-B582-0357BD1A153F}","POINT (-114.1890659 51.0875359)"
"The Calgary School Division","Earl Grey School","845 Hillcrest Ave SW","T2T0Z1","Calgary","AB","(403) 777-8570",,"earlgrey@cbe.ab.ca","Elementary","N","N","Y","N","N","{891B5894-BEE7-4F4D-975F-9A05A0F82634}","POINT (-114.082668 51.0308812)"
"The Calgary School Division","Panorama Hills School","1057 Panorama Hills Dr NW","T3K0S4","Calgary","AB","(403) 777-6061",,"panoramahills@cbe.ab.ca","Elementary","N","N","Y","N","N","{AB259845-6CED-4453-A622-EC21A32A12C6}","POINT (-114.0859357 51.1558208)"
"The Calgary School Division","Woodbine School","27 Woodfield Way SW","T2W5E1","Calgary","AB","(403) 777-8630",,"woodbine@cbe.ab.ca","Elementary","N","N","Y","N","N","{06BE8A54-0003-42FF-8D12-C89692FC3E0A}","POINT (-114.1289569 50.9365396)"
"The Calgary School Division","King George School","2108  10 St NW","T2M3M4","Calgary","AB","(403) 777-6210",,"KingGeorge@cbe.ab.ca","Elementary","N","N","Y","N","N","{40D2512E-BC48-41B6-BF40-9B705B2659D0}","POINT (-114.0840698 51.0709038)"
,"UNIVERSITY OF LETHBRIDGE",,"T2G4V1","Calgary","AB","(403) 261-2944",,"calgary.campus@uleth.ca",,"Y","Y",,,,"{08CBBDC5-EF43-4ABA-8965-E4DC695E9B39}","POINT (-114.0560154 51.0467729)"
"The Calgary School Division","F. E. Osborne School","5315 Varsity Dr NW","T3A1A7","Calgary","AB","(403) 777-7540",,"feosborne@cbe.ab.ca","Elementary/Junior High","N","N","Y","Y","N","{BC882932-350D-4468-A0A3-C7358926B66A}","POINT (-114.1629793 51.0928185)"
"The Calgary School Division","Cranston School","205 Cranston Drive SE","T3M1E8","Calgary","AB","(403) 777-6267",,"cranston@cbe.ab.ca","Elementary","N","N","Y","N","N","{B6DF8131-8B54-459F-8858-60F403B0D040}","POINT (-113.987256 50.8867939)"
"The Calgary School Division","Wilma Hansen School","963 Queensland Dr SE",,"Calgary","AB","(403) 777-7430",,"wilmahansen@cbe.ab.ca","Elementary/Junior High","N","N","Y","Y","N","{60AAA77E-385D-4880-8098-C4AB54FE4572}","POINT (-114.0188846 50.932294)"
"The Calgary School Division","Elboya School","4804  6 St SW","T2S2N3","Calgary","AB","(403) 777-7760",,"elboya@cbe.ab.ca","Elementary/Junior High","N","N","Y","Y","N","{14C99F85-8AB8-41F9-94C8-F47FCEB4549A}","POINT (-114.0782279 51.0108901)"
"The Calgary School Division","Prince of Wales School","253 Parkland Way SE","T2J3Y9","Calgary","AB","(403) 777-6880",,"princeofwales@cbe.ab.ca","Elementary","N","N","Y","N","N","{79C021C0-121E-4AB8-97AA-F2C48AB67C89}","POINT (-114.0333222 50.9247709)"
"The Calgary Roman Catholic Separate School Division","Our Lady of the Evergreens Catholic School","322 Everridge Dr. S.W.","T2Y0L5","Calgary","AB","(403) 500-2120",,"ourladyevergreens@cssd.ab.ca","Elementary","N","N","Y","N","N","{BDE5349F-BF33-49C0-8D41-7AEE146ACF39}","POINT (-114.1222085 50.9143805)"
"The Palliser School Division","Calgary Christian School","2839 - 49 Street S.W.","T3E3X9","Calgary","AB","(403) 242-2896",,"ccesoffice@pallisersd.ab.ca","Elementary","N","N","Y","N","N","{5936DBB1-A6AD-4582-80CE-4D1D5F527328}","POINT (-114.1589649 51.0274745)"
"The Calgary School Division","Marshall Springs School","1100 Everridge Dr SW","T2Y4X5","Calgary","AB","(403) 817-3528",,"marshallsprings@cbe.ab.ca","Elementary/Junior High","N","N","Y","Y","N","{85BFF416-2FC4-4567-A16B-5E5B58F37D4C}","POINT (-114.1123146 50.9114516)"
"The Calgary Roman Catholic Separate School Division","St. Joan of Arc Elementary/Junior High School","7970 Wentworth Drive SW","T3H0K2","Calgary","AB","(403) 500-2107",,"st.joanofarc@cssd.ab.ca","Elementary/Junior High","N","N","Y","Y","N","{5338B4C2-DA74-409E-9075-E14A897A0708}","POINT (-114.2072546 51.0571315)"
"Renfrew Educational Services Society","Renfrew Educational Services-Janice McTighe Centre","2050 - 21 Street N.E.","T2E6S5","Calgary","AB","(403) 291-5038",,"renfrew@renfreweducation.org","Elementary/Junior High","N","N","Y","Y","N","{2F3A05EF-8FC0-43BE-90A2-DAC08468E432}","POINT (-114.008306 51.0696237)"
"The Calgary Roman Catholic Separate School Division","St. Dominic School","4820 Dalhart Road N.W.","T3A1C2","Calgary","AB","(403) 500-2058",,"stdominic@cssd.ab.ca","Elementary","N","N","Y","N","N","{601745E6-7373-4511-A8AB-A2DCD022A8E1}","POINT (-114.1542583 51.1095655)"
"The Palliser School Division","Calgary Islamic School, Omar Bin Al-Khattab Campus","Omar Bin Al-Khattab Campus","T2A5K4","Calgary","AB","(584) 353-8900",,,"Elementary/Junior High","N","N","Y","Y","N","{A5E38A43-21F5-4014-860D-8F756DE23098}","POINT (-113.993824 51.0507518)"
"The Calgary School Division","Sundance School","200 Sunmills Dr SE","T2X2N9","Calgary","AB","(403) 777-8690",,"sundance@cbe.ab.ca","Elementary","N","N","Y","N","N","{20EBF329-9DEB-4B91-9C95-49C5DAEB0BA6}","POINT (-114.0468273 50.9006673)"
"The Calgary Roman Catholic Separate School Division","St. Philip School","13825 Parkside Drive S.E.","T2J5A8","Calgary","AB","(403) 500-2072",,"stphilip@cssd.ab.ca","Elementary","N","N","Y","N","N","{32772343-D86B-4E58-8F8E-7AAA00988850}","POINT (-114.0382888 50.9278894)"
"The Calgary Roman Catholic Separate School Division","Apostles of Jesus","15 Skyview Ranch Street NE","T3N1H6","Calgary","AB","(403) 500-2129",,"apostlesofjesus@cssd.ab.ca","Elementary/Junior High","N","N","Y","Y","N","{95AD9D8F-6302-40B2-B019-802396F2782F}","POINT (-113.9565273 51.1584241)"
"The Palliser School Division","Master's College","4414 Crowchild Trail SW","T2T5J4","Calgary","AB","(403) 242-7034",,,"Junior High/Senior High","N","N","N","Y","Y","{1250DF2F-5058-4E03-B61D-A2C82AF6DBE3}","POINT (-114.1165602 51.0153091)"
"The Calgary School Division","Nellie McClung School","2315 Palliser Dr SW","T2V3S4","Calgary","AB","(403) 777-8620",,"nelliemcclung@cbe.ab.ca","Elementary","N","N","Y","N","N","{CFD0E66A-6C75-4897-81DD-542F46E12C7B}","POINT (-114.113028 50.968502)"
"The Calgary Roman Catholic Separate School Division","St. Mary's High School","111 - 18 Avenue S.W.","T2S0B8","Calgary","AB","(403) 500-2024",,"stmarys@cssd.ab.ca","Senior High","N","N","N","N","Y","{32AD7EE8-4A33-4ED7-9FEC-386248F1AEBA}","POINT (-114.0640406 51.0366179)"
"GCA Educational Society","Glenmore Christian Academy Elementary","16520 - 24 Street S.W.","T2Y4W2","Calgary","AB","(403) 254-9050",,"admin@gcaschool.com","Elementary","N","N","Y","N","N","{D4C595BE-DCF0-43C8-BD68-15B96669E9D9}","POINT (-114.1152532 50.9039855)"
"The Calgary School Division","Canyon Meadows School","395 Canterbury Dr SW","T2W1J1","Calgary","AB","(403) 777-8600",,"canyonmeadows@cbe.ab.ca","Elementary","N","N","Y","N","N","{E76021C4-4C2A-4E1E-80AD-0A4F5EDEC951}","POINT (-114.0781054 50.9474171)"
"Ahmadiyya Muslim Schools Society Alberta","Ahmadiyya Muslim School","4353","T3J4L3","Calgary","AB","(403) 355-6313",,"info.calgary@ahmadiyyaschool.ca","Elementary/Junior High","N","N","Y","Y","N","{1AE44859-4028-4E2D-85D6-6C18A2D4660A}","POINT (-113.9712782 51.1018419)"
"The Calgary School Division","W.H.Cushing Workplace School","130 - 7 Avenue S.W.","T2P1M6","Calgary","AB","(403) 777-8900",,"whcushing@cbe.ab.ca","Unknown","N","N","N","N","N","{A95EF771-CA04-4F09-A07D-2C7A380CFC64}","POINT (-114.0649275 51.0468308)"
"The Calgary School Division","Jennie Elliott School","3031 Lindsay Dr SW","T3E6A9","Calgary","AB","(403) 777-8350",,"jennieelliott@cbe.ab.ca","Elementary","N","N","Y","N","N","{2D1FE79B-05AD-4F7B-BC25-8BF53AF19E79}","POINT (-114.1272429 50.9961363)"
"The Calgary School Division","Clarence Sansom School","5840  24 Ave NE","T1Y6G4","Calgary","AB","(403) 777-7700",,"clarencesansom@cbe.ab.ca","Elementary/Junior High","N","N","Y","Y","N","{57B6569C-3916-4B3A-B8D1-CACD41FAAA83}","POINT (-113.9492097 51.0746202)"
"The Calgary Roman Catholic Separate School Division","St. Isidore Online School","124 24 Ave NE","T2E1W6","Calgary","AB","(403) 500-2138",,"stisidore@cssd.ab.ca","Elementary/Junior High/Senior High","N","N","Y","Y","Y","{4953C916-068D-4682-88F3-68D9996E050D}","POINT (-114.0611471 51.0744979)"
"Gobind Marg Charitable Trust Foundation","Gobind Sarvar School Guru Nanak Gate Campus","8730 - 45 Street NE","T3J2J1","Calgary","AB","(403) 805-1822",,"gss@gscalgary.com","Elementary/Junior High/Senior High","N","N","Y","Y","Y","{A034F2B2-D2F3-42D4-9D8E-F766CC052A3C}","POINT (-113.9663163 51.129449)"
"The Calgary School Division","Bridlewood School","207 Bridleridge Way SW","T2Y0L4","Calgary","AB",,,,"Elementary","N","N","Y","N","N","{33687FEB-7B12-459E-A659-0792035CB09B}","POINT (-114.1106762 50.9023903)"
"The Calgary School Division","Arbour Lake Middle School","27 Arbour Crest Dr NW","T3G4H3","Calgary","AB","(403) 777-7310",,"ArbourLake@cbe.ab.ca","Elementary/Junior High","N","N","Y","Y","N","{37728E0B-CFEA-4400-A3D2-9B0B58583BDF}","POINT (-114.2091915 51.1346577)"
"The Calgary Roman Catholic Separate School Division","Monsignor J. J. O'Brien","99 Bridlewood Road SW","T2Y4J5","Calgary","AB","(403) 500-2104",,"msgrobrien@cssd.ab.ca","Elementary/Junior High","N","N","Y","Y","N","{C2F11B90-83A2-46C7-AD89-05D05979B82C}","POINT (-114.103873 50.9015731)"
"Access Academy Inc.","Access Academy","Suite 100, B1, 2451 Dieppe Ave","T3E7K1","Calgary","AB","(403) 455-3033",,"info@AccessAcademy.ca","Junior High/Senior High","N","N","N","Y","Y","{14398083-1301-4A7F-A2D3-BD4C0065275A}","POINT (-114.119053 51.0192933)"
"The Calgary Roman Catholic Separate School Division","Our Lady of the Rosary School","41 Cranston Gate SE","T3M0W7","Calgary","AB","(403) 500-2126",,"ourladyrosary@cssd.ab.ca","Elementary","N","N","Y","N","N","{AC225960-E55D-47E2-B6AF-4D468A7F73D7}","POINT (-113.9682202 50.8744359)"
"Foundations for the Future Charter Academy Charter School Society","FFCA High School Campus","2116 McKay Road N.W.","T3B1C7","Calgary","AB","(403) 243-3316",,"wanda.amundson@ffca-calgary.com","Junior High/Senior High","N","N","N","Y","Y","{4E042820-EADC-47BF-A6C2-44094DEC2FDE}","POINT (-114.1518364 51.0702081)"
"The Calgary School Division","Robert Thirsk High School","8777 Nose Hill Dr NW","T3G5T3","Calgary","AB",,,"RobertThirskHigh@cbe.ab.ca","Senior High","N","N","N","N","Y","{B31CA22B-AF91-4068-B127-C74380F20605}","POINT (-114.1947926 51.1308481)"
"The Calgary School Division","Glendale School","2415 Kelwood Dr SW","T3E3Z8","Calgary","AB","(403) 777-8330",,"glendale@cbe.ab.ca","Elementary","N","N","Y","N","N","{37FCF496-6927-4DC8-A9F6-88272F48BB0F}","POINT (-114.1455943 51.032474)"
"The Calgary School Division","Erin Woods School","25 Erin Park Dr SE","T2B2Z9","Calgary","AB","(403) 777-8140",,"erinwoods@cbe.ab.ca","Elementary","N","N","Y","N","N","{2B1FDF5D-8529-49DB-B7DC-004DAB89565C}","POINT (-113.9657916 51.0227065)"
"The Calgary School Division","Colonel Irvine School","412 Northmount Dr NW","T2K3H6","Calgary","AB","(403) 777-7280",,"colonelirvine@cbe.ab.ca","Elementary/Junior High","N","N","Y","Y","N","{FD972FD4-86B3-49F7-89A3-F27CE0F67FF4}","POINT (-114.0801018 51.0925028)"
"The Calgary School Division","CLS Lord Shaughnessy Writing Centre","2336 53 Ave SW","T3E1L2","Calgary","AB","(403) 777-7272",,"chinooklearning@cbe.ab.ca","Unknown","N","N","N","N","N","{92B50D88-D628-4EE6-A96B-DF2A257B171F}","POINT (-114.113942 51.0065237)"
"The Calgary School Division","Roland Michener School","5958  4 Ave NE","T2A4B1","Calgary","AB","(403) 777-8240",,"rolandmichener@cbe.ab.ca","Elementary","N","N","Y","N","N","{67516446-29B4-4537-9480-19876FF1171B}","POINT (-113.9474139 51.0570261)"
"The Calgary School Division","Queen Elizabeth School","402 18 St NW","T2N2G5","Calgary","AB","(403) 777-6789",,"queenelizabethelem@cbe.ab.ca","Elementary","N","N","Y","N","N","{52AE1D6C-CCE1-486E-9B28-F2D2C7541B6F}","POINT (-114.1019754 51.0554651)"
"Rundle College Society","Rundle College Junior Senior High","7375 - 17 Avenue SW","T3H3W5","Calgary","AB","(403) 250-7180",,"contactus@rundle.ab.ca","Junior High/Senior High","N","N","N","Y","Y","{FBC1A208-3F85-4C5C-AFE8-9BC83DEFA3E1}","POINT (-114.1939364 51.0369008)"
"The Calgary Roman Catholic Separate School Division","St. Vincent De Paul Elementary Junior High School","4525 - 49 Street N.W.","T3A0K4","Calgary","AB","(403) 500-2051",,"stvincent@cssd.ab.ca","Elementary/Junior High","N","N","Y","Y","N","{384ABD57-04A6-4689-843C-65564C99007C}","POINT (-114.159814 51.0931514)"
"Calgary French & International School Society","Calgary French & International School","700 - 77 Street S.W.","T3H5R1","Calgary","AB","(403) 240-1500",,"principal@cfis.com","Elementary/Junior High/Senior High","N","N","Y","Y","Y","{86448C81-C6F6-469B-B4CD-569A037F25E8}","POINT (-114.1978465 51.0679017)"
"The Calgary School Division","Briar Hill School","1233  21 St NW","T2N2L8","Calgary","AB","(403) 777-6140",,"briarhill@cbe.ab.ca","Elementary","N","N","Y","N","N","{F2871185-D8B0-4B64-8310-CDE76131C3A7}","POINT (-114.1114328 51.06312)"
"The Calgary School Division","Mount Royal School","2234  14 St SW","T2T3T3","Calgary","AB","(403) 777-7980",,"mountroyal@cbe.ab.ca","Junior High","N","N","N","Y","N","{DCA01BC1-58CC-4E2E-971C-6CAFF61BE3A4}","POINT (-114.0939244 51.0347291)"
"The Canadian Montessori School Ltd.","Canadian Montessori School North","1112 - 70 Avenue S.W.","T2V0P6","Calgary","AB","(403) 252-3281",,"admin@calgarymontessorischool.com","Unknown","N","N","N","N","N","{12D6CF4A-0B4D-4AF2-9912-8A6CC352CD58}","POINT (-114.0882764 50.9907515)"
"The Calgary School Division","Captain John Palliser School","1484 Northmount Dr NW","T2L0G6","Calgary","AB","(403) 777-6170",,"captainjohnpalliser@cbe.ab.ca","Elementary","N","N","Y","N","N","{30A6FF38-1CA5-4742-A268-1B14636B1F4E}","POINT (-114.1360304 51.0963716)"
"North Point School for Boys","North Point School for Boys","2445 - 23 Avenue SW","T2T0W3","Calgary","AB","(403) 744-5214",,,"Elementary/Junior High","N","N","Y","Y","N","{3F03C6E2-A20A-4EA9-823C-85B8651721D9}","POINT (-114.1174982 51.0325631)"
"River Valley School Society","River Valley School ECS","3127 Bowwood Drive N.W.","T3B2E7","Calgary","AB","(403) 246-2275",,"info@rivervalleyschool.ca","Unknown","N","N","N","N","N","{35E06224-B0CA-4BD7-9E74-446EF41E6CAE}","POINT (-114.1743584 51.0794761)"
"The Calgary Roman Catholic Separate School Division","Don Bosco School","13615 Deer Ridge Drive S.E.","T2J6S7","Calgary","AB","(403) 500-2057",,"donbosco@cssd.ab.ca","Elementary/Junior High","N","N","Y","Y","N","{587240C7-1F97-4FFC-A741-00F078D8819A}","POINT (-114.0182669 50.9313074)"
"The Calgary School Division","Woodlands School","88 Woodgreen Dr SW","T2W4W9","Calgary","AB","(403) 777-8640",,"woodlands@cbe.ab.ca","Elementary","N","N","Y","N","N","{2A967491-802E-4CB2-8B9B-26D02FB57CC4}","POINT (-114.1069838 50.9389419)"
"Calgary Girls' School Society","Calgary Girls Charter School","6304 Larkspur Way S.W.","T3E5P7","Calgary","AB","(403) 220-0745",,"office@calgarygirlsschool.com","Elementary/Junior High","N","N","Y","Y","N","{4CB2293F-FDA1-477D-915B-FF2B24E57BC0}","POINT (-114.1147784 50.9989993)"
