,SITE_NAME,PLANNING_CATEGORY,ASSET_TYPE,TYPE_DESCRIPTION,MINORTYPE,CULTURAL_LANDSCAPE,ASSET_CLASS,ASSET_CD,LOCATION_DETAIL,STEWARD,MAINTAINED_BY,MAINT_INFO,LIFE_CYCLE_STATUS,centroid
0,OLD REFINERY PARK,DISTRICT PARK,1,TITLED,NO BREAKDOWN,CULTURALLY SIGNIFICANT SITE,,09H862,,CALGARY PARKS SHARED,CALGARY PARKS SHARED,"DO NOT DIG OR DISTURB SOIL. IF YOU MUST DISTURB THE AREA CONTACT JEFF SWINGLER AND/OR TRENT PARKS, BOTH WITH ESM. FORMER IMPERIAL OIL REFINERY SITE. SEE REPOSITORY FOR INFO R:\SUBDIVISION_DEVELOPMENT\CAPITAL_PROJECT_APPROVAL_DOCUMENTS\OGDEN\OGD792",ACTIVE,[-114.01855176   51.00592466]
1,FAST FOOD PARK,SUBNEIGHBOURHOOD PARK,1,TITLED,NO BREAKDOWN,,,ARB399,,CALGARY PARKS,CALGARY PARKS,,ACTIVE,[-114.20474085   51.12367962]
2,CONSTABLE SLOPE PARK,SUBNEIGHBOURHOOD PARK,1,TITLED,NO BREAKDOWN,CULTURALLY SIGNIFICANT SITE,,COL389,,CALGARY PARKS,CALGARY PARKS,,ACTIVE,[-114.10788262   51.0843926 ]
3,OUTWEST PARK,SUBNEIGHBOURHOOD PARK,1,TITLED,NO BREAKDOWN,CULTURALLY SIGNIFICANT SITE,,ING029,,CALGARY PARKS SHARED,CALGARY PARKS SHARED,,ACTIVE,[-114.04223258   51.04325294]
4,FLUOR DANIELS PARK; RENFREW EDUCATIONAL SERVICES; SUNDANCE CENTRE,SUBNEIGHBOURHOOD PARK,1,TITLED,NO BREAKDOWN,,,SDC033,,CALGARY PARKS SHARED,CALGARY PARKS SHARED,FLUOR DANIEL LEASE;99 YEAR LEASE;THEY MAINTAIN EVERYTHING INCUDING PATHWAY,ACTIVE,[-114.05681435   50.90269336]
5,JOHN HEXTALL PARK,SUBNEIGHBOURHOOD PARK,1,TITLED,NO BREAKDOWN,CULTURALLY SIGNIFICANT SITE,,BOW214,,CALGARY PARKS SHARED,CALGARY PARKS,SEE REPOSITORY RE NAMING R:\CouncilDecisionsLandRelated\NAMING_OF_PARKS\MON\MON245 & \BOW\BOW214,ACTIVE,[-114.17216341   51.07975843]
6,GAZEBO PARK,SUBNEIGHBOURHOOD PARK,1,TITLED,NO BREAKDOWN,,,LPK546,,CALGARY PARKS,CALGARY PARKS,,ACTIVE,[-114.13596643   51.01547347]
7,KILLARNEY PARK; KILLARNEY/GLENGARRY PARK DEPOT,SUBNEIGHBOURHOOD PARK,1,TITLED,NO BREAKDOWN,,,KIL873,,CALGARY PARKS,CALGARY PARKS,PARKS DEPOT ON SITE,ACTIVE,[-114.12277893   51.03542653]
8,EVAMY RIDGE PARK; MONTESSORI SCHOOL; HOLY ANGELS SCHOOL,NEIGHBOURHOOD PARK,1,TITLED,NO BREAKDOWN,CULTURALLY SIGNIFICANT SITE,,CLI278,,CALGARY PARKS,CALGARY PARKS,,ACTIVE,[-114.07624359   51.0330048 ]
9,,NEIGHBOURHOOD PARK,1,TITLED,NO BREAKDOWN,,,HKS010,,CALGARY PARKS,CALGARY PARKS,,ACTIVE,[-113.90124837   50.91584239]
10,TONY AND RUBY SCHMALTZ PARK,SUBNEIGHBOURHOOD PARK,1,TITLED,NO BREAKDOWN,CULTURALLY SIGNIFICANT SITE,,BOW200,,CALGARY PARKS SHARED,CALGARY PARKS,,ACTIVE,[-114.18461554   51.0895947 ]
11,PEACEKEPERS PARK,SUBNEIGHBOURHOOD PARK,1,TITLED,NO BREAKDOWN,,,GAG558,,CALGARY PARKS,CALGARY PARKS,,ACTIVE,[-114.12652684   51.00279187]
12,,DISTRICT PARK,1,TITLED,NO BREAKDOWN,,,BVD007,,CALGARY PARKS,CALGARY PARKS,,ACTIVE,[-113.90800331   51.04546276]
13,,SUBNEIGHBOURHOOD PARK,1,TITLED,NO BREAKDOWN,CULTURALLY SIGNIFICANT SITE,,SPH010,,CALGARY PARKS SHARED,CALGARY PARKS SHARED,,ACTIVE,[-114.20747671   51.01998794]
14,,NEIGHBOURHOOD PARK,1,TITLED,NO BREAKDOWN,CULTURALLY SIGNIFICANT SITE,,SGH052,,CALGARY PARKS SHARED,CALGARY PARKS,,ACTIVE,[-114.13144665   51.17678308]
15,STAMPEDE PATHWAY; SCOTMAN'S HILL,DISTRICT PARK,1,TITLED,NO BREAKDOWN,CULTURALLY SIGNIFICANT SITE,,RAM415,,CALGARY PARKS SHARED,CALGARY PARKS SHARED,,ACTIVE,[-114.0473233    51.03688516]
16,SANDY BEACH PARK,REGIONAL PARK,1,TITLED,NO BREAKDOWN,CULTURALLY SIGNIFICANT SITE,SITE SPLIT ALT701,ALT701,,CALGARY PARKS,CALGARY PARKS,"2017/05/09: SEE REPOSITORY FOR MAP SHOWING BOUNDARIES FOR SANDY BEACH, RIVER PARK AND RIVEREDGE",ACTIVE,[-114.09284425   51.0131151 ]
17,VICTORIA CROSS PARK,SUBNEIGHBOURHOOD PARK,1,TITLED,NO BREAKDOWN,,,CUR001,,CALGARY PARKS,CALGARY PARKS,,ACTIVE,[-114.13395502   51.0175721 ]
18,KIWANIS PARK,SUBNEIGHBOURHOOD PARK,1,TITLED,NO BREAKDOWN,,,ALT643,,CALGARY PARKS,CALGARY PARKS,,ACTIVE,[-114.10099032   51.02060565]
19,HIDDEN SLOPES PARK,SUBNEIGHBOURHOOD PARK,1,TITLED,NO BREAKDOWN,,,BRD777,,CALGARY PARKS,CALGARY PARKS,2018/09/10: COULD NOT CONFIRM THIS IS THE OFFICIAL NAME,ACTIVE,[-114.05111207   51.05685544]
20,SINGH HARI PARK,SUBNEIGHBOURHOOD PARK,1,TITLED,NO BREAKDOWN,,,KIN014,,CALGARY PARKS,CALGARY PARKS,,ACTIVE,[-114.0785047    50.98189937]
21,PRESTWICK COMMON,SUBNEIGHBOURHOOD PARK,1,TITLED,NO BREAKDOWN,,,MCT834,,CALGARY PARKS,CALGARY PARKS SHARED,"MAINTAINED AS PER LANDSCAPE MAINTENANCE AGREEMENT, EXPIRES 2042/12/31; SEE PARIS_REPOSITORY\AGREEMENTS\LANDSCAPE_MAINTENANCE_AGREEMENT",ACTIVE,[-113.96630394   50.92232461]
22,LINDSAY PARK; MNP COMMUNITY AND SPORT CENTRE,DISTRICT PARK,1,TITLED,NO BREAKDOWN,CULTURALLY SIGNIFICANT SITE,,ERL246,,CALGARY PARKS SHARED,CALGARY PARKS SHARED,,ACTIVE,[-114.06329958   51.03380381]
23,EARL GREY PARK; EARL GREY SCHOOL,COMMUNITY PARK,1,TITLED,NO BREAKDOWN,CULTURALLY SIGNIFICANT SITE,,UMR274,,CALGARY PARKS SHARED,CALGARY PARKS SHARED,,ACTIVE,[-114.07987918   51.02960256]
24,SCENIC ACRES RAVINE,NEIGHBOURHOOD PARK,1,TITLED,NO BREAKDOWN,CULTURALLY SIGNIFICANT SITE,SITE SPLIT SCE352: NEW SITE SCE346,SCE346,,CALGARY PARKS,CALGARY PARKS SHARED,"MAINTAINED AS PER LANDSCAPE MAINTENANCE AGREEMENT, EXPIRES 2042/12/31; SEE PARIS_REPOSITORY\AGREEMENTS\LANDSCAPE_MAINTENANCE_AGREEMENT",ACTIVE,[-114.21910794   51.10798158]
25,SCENIC ACRES ESCARPMENT,DISTRICT PARK,1,TITLED,NO BREAKDOWN,CULTURALLY SIGNIFICANT SITE,SITE SPLIT SCE352,SCE352,,CALGARY PARKS SHARED,CALGARY PARKS SHARED,"MAINTAINED AS PER LANDSCAPE MAINTENANCE AGREEMENT, EXPIRES 2042/12/31; SEE PARIS_REPOSITORY\AGREEMENTS\LANDSCAPE_MAINTENANCE_AGREEMENT",ACTIVE,[-114.22041061   51.11042383]
26,CONFEDERATION PARK 3,COMMUNITY PARK,1,TITLED,NO BREAKDOWN,CULTURALLY SIGNIFICANT SITE,,MOP771,,CALGARY PARKS SHARED,CALGARY PARKS SHARED,,ACTIVE,[-114.07645121   51.08087718]
27,VALLEY RIDGE NATURAL AREA,DISTRICT PARK,1,TITLED,NO BREAKDOWN,CULTURALLY SIGNIFICANT SITE,,VAL711,,CALGARY PARKS,CALGARY PARKS SHARED,"MAINTAINED AS PER LANDSCAPE MAINTENANCE AGREEMENT, EXPIRES 2042/12/31; SEE PARIS_REPOSITORY\AGREEMENTS\LANDSCAPE_MAINTENANCE_AGREEMENT",ACTIVE,[-114.26514166   51.09523199]
28,CLEARWATER PARK,DISTRICT PARK,1,TITLED,NO BREAKDOWN,CULTURALLY SIGNIFICANT SITE,2016/11/18 SOUTH END SOLD TO PROVINCE FOR TUC SEE REPOSITORY R:\LAND_TRANSFERS\DIS\DIS101,DIS101,,CALGARY PARKS,CALGARY PARKS SHARED,CONTAINS DRY POND ##### - AT FAC SEE IF WATER HAS CAPUTRED POND AND ADD POND NUMBER IN PLACE OF ####,ACTIVE,[-114.25254319   51.01813671]
29,CALGARY CANADIAN IRISH ATHLETIC CLUB,DISTRICT PARK,1,TITLED,NO BREAKDOWN,,SITE SPLIT MCI091: ADJUSTED SITE MCI092,MCI092,,CALGARY PARKS SHARED,CALGARY PARKS SHARED,,ACTIVE,[-114.01485677   51.0910801 ]
30,MCKENZIE NATURAL AREA,DISTRICT PARK,1,TITLED,NO BREAKDOWN,CULTURALLY SIGNIFICANT SITE,SITE SPLIT MCK718,MCK718,,CALGARY PARKS SHARED,CALGARY PARKS SHARED,,ACTIVE,[-113.98951237   50.92166961]
31,PATTERSON HOMESTEAD MEMORIAL PARK,SUBNEIGHBOURHOOD PARK,1,TITLED,NO BREAKDOWN,CULTURALLY SIGNIFICANT SITE,SITE SPLIT MCK718: NEW SITE MCK722,MCK722,,CALGARY PARKS SHARED,CALGARY PARKS SHARED,,ACTIVE,[-113.98947535   50.9167458 ]
32,OLIVER QUARRY PARK,NEIGHBOURHOOD PARK,1,TITLED,NO BREAKDOWN,CULTURALLY SIGNIFICANT SITE,,SSW172,,CALGARY PARKS,CALGARY PARKS,,ACTIVE,[-114.11300485   51.0410917 ]
33,HENINGER PARK,SUBNEIGHBOURHOOD PARK,1,TITLED,NO BREAKDOWN,CULTURALLY SIGNIFICANT SITE,,ERL302,,CALGARY PARKS,CALGARY PARKS,,ACTIVE,[-114.06058772   51.02333766]
34,,NEIGHBOURHOOD PARK,1,TITLED,NO BREAKDOWN,,,ROC203,,CALGARY PARKS,CALGARY PARKS,,ACTIVE,[-114.23485019   51.14909782]
35,LAYCOCK PARK,REGIONAL PARK,1,TITLED,NO BREAKDOWN,CULTURALLY SIGNIFICANT SITE,,THO762,,CALGARY PARKS,CALGARY PARKS,,ACTIVE,[-114.05323772   51.10537423]
36,VARANGER PARK; CHRISTINE MEIKLE SCHOOL,NEIGHBOURHOOD PARK,1,TITLED,NO BREAKDOWN,CULTURALLY SIGNIFICANT SITE,,VAR181,,CALGARY PARKS SHARED,CALGARY PARKS SHARED,,ACTIVE,[-114.16155653   51.08479844]
37,LIONS PARK,NEIGHBOURHOOD PARK,1,TITLED,NO BREAKDOWN,,,HOU542,,CALGARY PARKS,CALGARY PARKS,,ACTIVE,[-114.09957881   51.06443676]
38,WEST DOVER (HOFER MEMORIAL) PARK; GFL 55+ SOCIETY ACTIVITY CENTRE,COMMUNITY PARK,1,TITLED,NO BREAKDOWN,,,DOV769,,CALGARY PARKS,CALGARY PARKS,,ACTIVE,[-113.98549631   51.02962465]
39,TWEED PARK,SUBNEIGHBOURHOOD PARK,1,TITLED,NO BREAKDOWN,,,THO706,,CALGARY PARKS,CALGARY PARKS,,ACTIVE,[-114.06093927   51.10420689]
40,POETIC PARK,SUBNEIGHBOURHOOD PARK,1,TITLED,NO BREAKDOWN,CULTURALLY SIGNIFICANT SITE,,DNW129,,CALGARY PARKS,CALGARY PARKS,,ACTIVE,[-114.08363343   51.04972979]
41,BOTTOMLANDS PARK,REGIONAL PARK,1,TITLED,NO BREAKDOWN,CULTURALLY SIGNIFICANT SITE,,REN890,,CALGARY PARKS,CALGARY PARKS,,ACTIVE,[-114.0282975   51.0555477]
42,STANLEY JONES PARK,SUBNEIGHBOURHOOD PARK,1,TITLED,NO BREAKDOWN,,,REN787,,CALGARY PARKS,CALGARY PARKS,,ACTIVE,[-114.04898489   51.0590674 ]
43,BREWERY TRIANGLE,SUBNEIGHBOURHOOD PARK,1,TITLED,NO BREAKDOWN,CULTURALLY SIGNIFICANT SITE,,ING018,,CALGARY PARKS,CALGARY PARKS,,ACTIVE,[-114.03173437   51.03802283]
44,BUFFALO PARK,SUBNEIGHBOURHOOD PARK,1,TITLED,NO BREAKDOWN,,,GAG563,,CALGARY PARKS,CALGARY PARKS,,ACTIVE,[-114.12134828   51.00306439]
45,WEASELHEAD FLATS,REGIONAL PARK,1,TITLED,NO BREAKDOWN,CULTURALLY SIGNIFICANT SITE,,GPK120,,CALGARY PARKS SHARED,CALGARY PARKS SHARED,,ACTIVE,[-114.15253286   50.99168653]
46,CONNAUGHT PARK; HISTORICALLY KNOWN AS ST STEPHENS KIWANIS PARK,SUBNEIGHBOURHOOD PARK,1,TITLED,NO BREAKDOWN,CULTURALLY SIGNIFICANT SITE,,BLN004,,CALGARY PARKS SHARED,CALGARY PARKS SHARED,,ACTIVE,[-114.08883547   51.04015705]
47,BOWGLEN PARK,SUBNEIGHBOURHOOD PARK,1,TITLED,NO BREAKDOWN,,,BOW174,,CALGARY PARKS,CALGARY PARKS,,ACTIVE,[-114.20595747   51.09084227]
48,CAPITOL HILL PARK,SUBNEIGHBOURHOOD PARK,1,TITLED,NO BREAKDOWN,CULTURALLY SIGNIFICANT SITE,,CAP321,,CALGARY PARKS,CALGARY PARKS SHARED,,ACTIVE,[-114.09602062   51.07098187]
49,BADEN-POWEL PARK,NON-PARK,1,TITLED,NO BREAKDOWN,,,WHL472,,CALGARY PARKS SHARED,LEASEHOLDER,,ACTIVE,[-114.10922249   51.04944703]
50,MARTY WOOD PARK,SUBNEIGHBOURHOOD PARK,1,TITLED,NO BREAKDOWN,,,BOW176,,CALGARY PARKS,CALGARY PARKS,,ACTIVE,[-114.20401783   51.08686055]
51,BETHANY SLOPE,NEIGHBOURHOOD PARK,1,TITLED,NO BREAKDOWN,,,HOU562,,CALGARY PARKS,CALGARY PARKS,,ACTIVE,[-114.09895795   51.06201492]
52,MOK'NSTSIS PARK,SUBNEIGHBOURHOOD PARK,1,TITLED,NO BREAKDOWN,CULTURALLY SIGNIFICANT SITE,,MIS204,,CALGARY PARKS,CALGARY PARKS,R:\CouncilDecisionsLandRelated\NAMING_OF_PARKS\MIS\MIS204,ACTIVE,[-114.06389654   51.02968382]
53,SOUTH TUSCANY RAVINES,DISTRICT PARK,1,TITLED,NO BREAKDOWN,CULTURALLY SIGNIFICANT SITE,SITE SPLIT TUS601: NEW SITE TUS501,TUS501,,CALGARY PARKS,CALGARY PARKS,,ACTIVE,[-114.25252315   51.11482729]
54,BIG MARLBOROUGH PARK; DR GLADYS MCKELVIE EGBERT SCHOOL; ROLAND MICHENER ELEM; ST MARTHA SCHOOL,REGIONAL PARK,1,TITLED,NO BREAKDOWN,,,MPK548,,CALGARY PARKS SHARED,CALGARY PARKS,,ACTIVE,[-113.94437591   51.05908772]
55,,SUBNEIGHBOURHOOD PARK,1,TITLED,NO BREAKDOWN,CULTURALLY SIGNIFICANT SITE,SITE SPLIT SPH021: NEW SITE SPH043,SPH043,,CALGARY PARKS,CALGARY PARKS,,ACTIVE,[-114.20220648   51.02364159]
56,ISLAND PARK,NEIGHBOURHOOD PARK,1,TITLED,NO BREAKDOWN,CULTURALLY SIGNIFICANT SITE,,RID299,,CALGARY PARKS SHARED,CALGARY PARKS,,ACTIVE,[-114.07415449   51.02843006]
57,GOOSE PARK,SUBNEIGHBOURHOOD PARK,1,TITLED,NO BREAKDOWN,CULTURALLY SIGNIFICANT SITE,,MIS248,,CALGARY PARKS SHARED,CALGARY PARKS,,ACTIVE,[-114.06930013   51.02947159]
58,,SUBNEIGHBOURHOOD PARK,1,TITLED,NO BREAKDOWN,CULTURALLY SIGNIFICANT SITE,SITE SPLIT SPH021: NEW SITE SPH042,SPH042,,CALGARY PARKS,CALGARY PARKS,,ACTIVE,[-114.19966278   51.02198304]
59,EGERT'S PARK,DISTRICT PARK,1,TITLED,NO BREAKDOWN,CULTURALLY SIGNIFICANT SITE,,THO569,,CALGARY PARKS,CALGARY PARKS,,ACTIVE,[-114.08018827   51.1020251 ]
60,BABBLING BROOK PARK,COMMUNITY PARK,1,TITLED,NO BREAKDOWN,CULTURALLY SIGNIFICANT SITE,SITE SPLIT CAN345,CAN345,,CALGARY PARKS SHARED,CALGARY PARKS SHARED,,ACTIVE,[-114.08036192   50.9392268 ]
61,JACK AND JEAN LESLIE RIVERWALK,REGIONAL PARK,1,TITLED,NO BREAKDOWN,CULTURALLY SIGNIFICANT SITE,SITE SPLIT CHN113: NEW SITE CHN114 FOR RIVERWALK,CHN114,RIVER VALLEY SYSTEM: SIEN LOK PARK,CALGARY PARKS SHARED,CALGARY PARKS,,ACTIVE,[-114.05819331   51.05111252]
62,RADAR CORNER PARK,SUBNEIGHBOURHOOD PARK,1,TITLED,NO BREAKDOWN,CULTURALLY SIGNIFICANT SITE,,EYA347,,CALGARY PARKS,CALGARY PARKS,,ACTIVE,[-114.07564157   51.01524701]
63,BIG MEADOWLARK PARK,SUBNEIGHBOURHOOD PARK,1,TITLED,NO BREAKDOWN,,,MEA368,,CALGARY PARKS,CALGARY PARKS,,ACTIVE,[-114.08070764   50.99785243]
64,BUFFALO RUBBING STONE HISTORIC SITE,SUBNEIGHBOURHOOD PARK,1,TITLED,NO BREAKDOWN,,,PAN028,,CALGARY PARKS,CALGARY PARKS,,ACTIVE,[-114.07026374   51.15194536]
65,BUTTERFLY PARK,SUBNEIGHBOURHOOD PARK,1,TITLED,NO BREAKDOWN,,,MCT829,,CALGARY PARKS,CALGARY PARKS SHARED,"MAINTAINED AS PER LANDSCAPE MAINTENANCE AGREEMENT, EXPIRES 2042/12/31; SEE PARIS_REPOSITORY\AGREEMENTS\LANDSCAPE_MAINTENANCE_AGREEMENT",ACTIVE,[-113.97323711   50.92329258]
66,MAPLE LEAF PARK,NEIGHBOURHOOD PARK,1,TITLED,NO BREAKDOWN,,,GAW642,,CALGARY PARKS SHARED,CALGARY PARKS,,ACTIVE,[-114.11633773   51.00990681]
67,EDWORTHY PARK,REGIONAL PARK,1,TITLED,NO BREAKDOWN,CULTURALLY SIGNIFICANT SITE,,SPR050,,CALGARY PARKS,CALGARY PARKS,,ACTIVE,[-114.13320021   51.05145062]
68,WOLFE PARK,SUBNEIGHBOURHOOD PARK,1,TITLED,NO BREAKDOWN,CULTURALLY SIGNIFICANT SITE,,UMR287,,CALGARY PARKS,CALGARY PARKS,,ACTIVE,[-114.09230529   51.02855116]
69,CHATHAM PLACE PARK,SUBNEIGHBOURHOOD PARK,1,TITLED,NO BREAKDOWN,,,CHW383,,CALGARY PARKS,CALGARY PARKS,,ACTIVE,[-114.11597195   51.09034656]
70,BONNIE LAING PARK,SUBNEIGHBOURHOOD PARK,1,TITLED,NO BREAKDOWN,,,BOW180,,CALGARY PARKS,CALGARY PARKS,,ACTIVE,[-114.19976774   51.08742056]
71,FLINT ROAD SLOPE PARK,NEIGHBOURHOOD PARK,1,TITLED,NO BREAKDOWN,,,FAI203,,CALGARY PARKS,CALGARY PARKS,,ACTIVE,[-114.06733294   50.98493987]
72,HAMPTONS RAVINE,DISTRICT PARK,1,TITLED,NO BREAKDOWN,CULTURALLY SIGNIFICANT SITE,SITE SPLIT HAM187,HAM187,,CALGARY PARKS SHARED,CALGARY PARKS SHARED,"MAINTAINED AS PER LANDSCAPE MAINTENANCE AGREEMENT, EXPIRES 2042/12/31; SEE PARIS_REPOSITORY\AGREEMENTS\LANDSCAPE_MAINTENANCE_AGREEMENT",ACTIVE,[-114.16396738   51.14251123]
73,KERRY PARK,SUBNEIGHBOURHOOD PARK,1,TITLED,NO BREAKDOWN,,,KIL616,,CALGARY PARKS,CALGARY PARKS,,ACTIVE,[-114.13935665   51.02422919]
74,HUMPY HOLLOW PARK,SUBNEIGHBOURHOOD PARK,1,TITLED,NO BREAKDOWN,CULTURALLY SIGNIFICANT SITE,,BLN009,,CALGARY PARKS,CALGARY PARKS,2024-05-10 SITE UNDER REDEVELOPMENT NO DOCS. ALL ASSETS RETIRED EXCEPT TREES AND VAULTS ON SIDEWALK AREA.,ACTIVE,[-114.06395656   51.03803011]
75,,SUBNEIGHBOURHOOD PARK,1,TITLED,NO BREAKDOWN,CULTURALLY SIGNIFICANT SITE,,SHG808,,CALGARY PARKS,CALGARY PARKS,,ACTIVE,[-114.11810642   51.04330323]
76,CHRYSLER PARK,SUBNEIGHBOURHOOD PARK,1,TITLED,NO BREAKDOWN,,,HOU570,,CALGARY PARKS,CALGARY PARKS,,ACTIVE,[-114.1070088    51.06618346]
77,HAWKSTONE FIELD; HAWKWOOD COMMUNITY PARK,COMMUNITY PARK,1,TITLED,NO BREAKDOWN,,,HAW016,,CALGARY PARKS,CALGARY PARKS SHARED,"MAINTAINED AS PER LANDSCAPE MAINTENANCE AGREEMENT, EXPIRES 2042/12/31; SEE PARIS_REPOSITORY\AGREEMENTS\LANDSCAPE_MAINTENANCE_AGREEMENT",ACTIVE,[-114.16432354   51.13099961]
78,LOOMIS PARK,SUBNEIGHBOURHOOD PARK,1,TITLED,NO BREAKDOWN,,,KIN016,,CALGARY PARKS,CALGARY PARKS,SEE REPOSITORY R:\CouncilDecisionsLandRelated\NAMING_OF_PARKS\KIN\KIN016 FOR NAMING OF THE PARK,ACTIVE,[-114.07913754   50.99251756]
79,PEIGAN TRAIL WETLANDS,DISTRICT PARK,1,TITLED,NO BREAKDOWN,,2016/09/20: OPF HAS NOT BEEN OFFICIALLY CREATED; WHEN IT IS THIS SITE MAY HAVE TO BE MODIFIED IN SIZE & CHANGE CPID ETC; CALGARY PARKS IS THE STEWARD FOR THIS PORTION OF THE SECTION; THAT IS WHY STEWARD HAS BEEN CAPTURED AT PARKS.,STD002,,CALGARY PARKS,CALGARY PARKS,"2017/02/14: CHANGED FROM REGIONAL TO SPECIAL PURPOSE AS PER A CHARLTON; 2016/09/20:  FAC DT=ASSET OWNER EVENT; TI PURCHASED FROM RE&DS, THEN TI TRANSFERRED TO PARKS; SEE REPOSITORY R:\LAND_TRANSFERS\10B\10B001 - PEIGIAN TR WETLANDS",ACTIVE,[-113.94072621   51.01162039]
80,NOSE HILL PARK,REGIONAL PARK,1,TITLED,NO BREAKDOWN,CULTURALLY SIGNIFICANT SITE,,NPK454,,CALGARY PARKS SHARED,CALGARY PARKS SHARED,,ACTIVE,[-114.10499306   51.11811289]
81,MERRILL PARK,SUBNEIGHBOURHOOD PARK,1,TITLED,NO BREAKDOWN,,,WIN803,,CALGARY PARKS,CALGARY PARKS,,ACTIVE,[-114.04934114   51.0812489 ]
82,MILLS PARK,SUBNEIGHBOURHOOD PARK,1,TITLED,NO BREAKDOWN,CULTURALLY SIGNIFICANT SITE,,ING013,,CALGARY PARKS,CALGARY PARKS,,ACTIVE,[-114.02833372   51.03913536]
83,,SUBNEIGHBOURHOOD PARK,1,TITLED,NO BREAKDOWN,CULTURALLY SIGNIFICANT SITE,,BOW204,,CALGARY PARKS,CALGARY PARKS,PARKS DEPOT ON SITE,ACTIVE,[-114.18693788   51.08833243]
84,HIDDEN HUT PARK,NEIGHBOURHOOD PARK,1,TITLED,NO BREAKDOWN,CULTURALLY SIGNIFICANT SITE,,HID539,,CALGARY PARKS,CALGARY PARKS,,ACTIVE,[-114.10171814   51.15049347]
85,JAMES GRAY PARK,SUBNEIGHBOURHOOD PARK,1,TITLED,NO BREAKDOWN,CULTURALLY SIGNIFICANT SITE,,PAT822,,CALGARY PARKS,CALGARY PARKS,,ACTIVE,[-114.17391919   51.06394081]
86,ROTARY PARK,REGIONAL PARK,1,TITLED,NO BREAKDOWN,CULTURALLY SIGNIFICANT SITE,,CRE876,,CALGARY PARKS,CALGARY PARKS SHARED,,ACTIVE,[-114.06138663   51.05673697]
87,PAGET PARK,SUBNEIGHBOURHOOD PARK,1,TITLED,NO BREAKDOWN,CULTURALLY SIGNIFICANT SITE,,DNC103,,CALGARY PARKS,CALGARY PARKS,,ACTIVE,[-114.05944048   51.04657486]
88,MAHOGANY WETLANDS,DISTRICT PARK,1,TITLED,NO BREAKDOWN,,SITE SPLIT MAH002: NEW SITE MAH050,MAH050,,CALGARY PARKS,CALGARY PARKS SHARED,,ACTIVE,[-113.91809453   50.89959837]
89,G. MAX BELL PARK; MAX BELL ARENA; WESTERN IRRIGATION DISTRICT (WID),DISTRICT PARK,1,TITLED,NO BREAKDOWN,CULTURALLY SIGNIFICANT SITE,,ALB635,,CALGARY PARKS SHARED,CALGARY PARKS SHARED,WID CANAL MAINTENANCE AGREEMENT SITE - EXPIRES 2042/05/31; SEE REPOSITORY FOR AGREEMENT R:\AGREEMENTS\PROVINCIAL_CITY_MAINTENANCE\WID CANAL AGREEMENT,ACTIVE,[-114.00357447   51.04103957]
90,LEVIS PARK,SUBNEIGHBOURHOOD PARK,1,TITLED,NO BREAKDOWN,CULTURALLY SIGNIFICANT SITE,,UMR290,,CALGARY PARKS,CALGARY PARKS,,ACTIVE,[-114.08974142   51.02456933]
91,POP DAVIES ATHLETIC PARK,ATHLETIC PARK,1,TITLED,NO BREAKDOWN,,,OGD809,,CALGARY PARKS SHARED,CALGARY PARKS SHARED,"DO NOT DIG OR DISTURB SOIL. IF YOU MUST DISTURB THE AREA CONTACT JEFF SWINGLER AND/OR TRENT PARKS, BOTH WITH ESM. FORMER IMPERIAL OIL REFINERY SITE. SEE REPOSITORY FOR INFO R:\SUBDIVISION_DEVELOPMENT\CAPITAL_PROJECT_APPROVAL_DOCUMENTS\OGDEN\OGD792",ACTIVE,[-114.00829326   50.99765849]
92,CARDSTON PARK,SUBNEIGHBOURHOOD PARK,1,TITLED,NO BREAKDOWN,,,COL392,,CALGARY PARKS,CALGARY PARKS,,ACTIVE,[-114.10884773   51.08234917]
93,MCHUGH BLUFF,REGIONAL PARK,1,TITLED,NO BREAKDOWN,CULTURALLY SIGNIFICANT SITE,,SSD560,RIVER VALLEY SYSTEM: MCHUGH BLUFF,CALGARY PARKS,CALGARY PARKS,,ACTIVE,[-114.07197272   51.06043692]
94,INGLEWOOD CORRIDOR,COMMUNITY PARK,1,TITLED,NO BREAKDOWN,CULTURALLY SIGNIFICANT SITE,SITE SPLIT ING999: NEW SITE ING997,ING997,,CALGARY PARKS SHARED,CALGARY PARKS SHARED,PROVINCIALLY DESIGNATED HERITAG SITE FOR COLONEL WALKER HOUSE,ACTIVE,[-114.01388548   51.03498337]
95,,NEIGHBOURHOOD PARK,1,TITLED,NO BREAKDOWN,,,ALP003,245 ALPINE BV SW,CALGARY PARKS,CALGARY PARKS,,ACTIVE,[-114.14733236   50.91807914]
96,,SUBNEIGHBOURHOOD PARK,1,TITLED,NO BREAKDOWN,,,MAH022,,CALGARY PARKS,CALGARY PARKS SHARED,,ACTIVE,[-113.93425879   50.89276383]
97,PATTON PARK,SUBNEIGHBOURHOOD PARK,1,TITLED,NO BREAKDOWN,,,PUM045,,CALGARY PARKS,CALGARY PARKS,,ACTIVE,[-114.09644055   50.96566042]
98,CENTRAL DALHOUSIE COULEE; ST DOMINIC ELEM,NEIGHBOURHOOD PARK,1,TITLED,NO BREAKDOWN,,,DAL086,,CALGARY PARKS SHARED,CALGARY PARKS SHARED,,ACTIVE,[-114.15334051   51.11008679]
99,LA PIAZZA,SUBNEIGHBOURHOOD PARK,1,TITLED,NO BREAKDOWN,CULTURALLY SIGNIFICANT SITE,,BRD771,,CALGARY PARKS,CALGARY PARKS SHARED,"OAA FOR BISTRO TABLE & CHAIRS, STRING LIGHTING, DECKING, PLANTERS, FOOSBALL TABLE AND COMMUNITY NOTICE BOARD. SEE REPOSITORY FOR DETAILS : \\coc\parks\Paris_Repository\AGREEMENTS\OPTIONAL AMENITY AGREEMENTS\Bridgeland",ACTIVE,[-114.04088845   51.05314222]
100,THE BRAWN FAMILY FOUNDATION ROTARY PARK,SUBNEIGHBOURHOOD PARK,1,TITLED,NO BREAKDOWN,,,HOU605,,CALGARY PARKS,CALGARY PARKS,"NOTE THAT PARKS NAME ""THE BRAWN FAMILY FOUNDATION ROTARY PARK"" WILL EXPIRE IN 2051",ACTIVE,[-114.10230454   51.06208579]
101,,COMMUNITY PARK,1,TITLED,NO BREAKDOWN,,,RSN014,,CALGARY PARKS,CALGARY PARKS SHARED,"MAINTAINED AS PER LANDSCAPE MAINTENANCE AGREEMENT, EXPIRES 2042/12/31; SEE PARIS_REPOSITORY\AGREEMENTS\LANDSCAPE_MAINTENANCE_AGREEMENT",ACTIVE,[-113.95636809   51.17100975]
102,BOWMONT PARK,REGIONAL PARK,1,TITLED,NO BREAKDOWN,CULTURALLY SIGNIFICANT SITE,SITE HAS HOLE; SITE SPLIT SIL245,SIL245,,CALGARY PARKS SHARED,CALGARY PARKS SHARED,,ACTIVE,[-114.19780871   51.09994023]
103,MONTEREY GREENWAY,REGIONAL PARK,2,NON TITLED,EA - PARKS EASEMENT,,SITE SHOULD BE SPLIT,MOR001,,CALGARY PARKS SHARED,CALGARY PARKS SHARED,,ACTIVE,[-113.92566089   51.08343901]
104,,SUBNEIGHBOURHOOD PARK,1,TITLED,NO BREAKDOWN,CULTURALLY SIGNIFICANT SITE,SITE SPLIT CRA030: NEW SITE CRA114,CRA114,,CALGARY PARKS,CALGARY PARKS,,ACTIVE,[-113.97577814   50.85962273]
105,,LINEAR PARK,1,TITLED,NO BREAKDOWN,,,MCT900,,CALGARY PARKS,CALGARY PARKS SHARED,"MAINTAINED AS PER LANDSCAPE MAINTENANCE AGREEMENT, EXPIRES 2042/12/31; SEE PARIS_REPOSITORY\AGREEMENTS\LANDSCAPE_MAINTENANCE_AGREEMENT",ACTIVE,[-113.96568225   50.92874059]
106,12 MILE COULEE PARK,COMMUNITY PARK,1,TITLED,NO BREAKDOWN,CULTURALLY SIGNIFICANT SITE,SITE SPLIT TUS620,TUS620,,CALGARY PARKS,CALGARY PARKS SHARED,"MAINTAINED AS PER LANDSCAPE MAINTENANCE AGREEMENT, EXPIRES 2042/12/31; SEE PARIS_REPOSITORY\AGREEMENTS\LANDSCAPE_MAINTENANCE_AGREEMENT",ACTIVE,[-114.2418059    51.12845863]
107,CONFEDERATION PARK 1,REGIONAL PARK,1,TITLED,NO BREAKDOWN,CULTURALLY SIGNIFICANT SITE,SITE HAS HOLE,CAP670,,CALGARY PARKS,CALGARY PARKS SHARED,,ACTIVE,[-114.08969945   51.07391248]
108,POPPY PARK; LANDSCAPE OF MEMORY,REGIONAL PARK,1,TITLED,NO BREAKDOWN,CULTURALLY SIGNIFICANT SITE,,SSD495,RIVER VALLEY SYSTEM: MEMORIAL DRIVE,CALGARY PARKS,CALGARY PARKS,,ACTIVE,[-114.07630353   51.05459746]
109,,NEIGHBOURHOOD PARK,1,TITLED,NO BREAKDOWN,CULTURALLY SIGNIFICANT SITE,,CRA002,,CALGARY PARKS,CALGARY PARKS,,ACTIVE,[-113.98542807   50.87353458]
110,SCHULE PARK,NEIGHBOURHOOD PARK,1,TITLED,NO BREAKDOWN,CULTURALLY SIGNIFICANT SITE,,BRD887,,CALGARY PARKS SHARED,CALGARY PARKS SHARED,2018/09/10: COULD NOT CONFIRM OFFICIAL NAME,ACTIVE,[-114.0330978    51.05555938]
111,RIVERSIDE PARK,SUBNEIGHBOURHOOD PARK,1,TITLED,NO BREAKDOWN,CULTURALLY SIGNIFICANT SITE,SITE HAS HOLE,BRD852,,CALGARY PARKS SHARED,CALGARY PARKS SHARED,,ACTIVE,[-114.03770039   51.0505794 ]
112,HELEN'S GARDEN,SUBNEIGHBOURHOOD PARK,1,TITLED,NO BREAKDOWN,CULTURALLY SIGNIFICANT SITE,,BRD002,300 SANTA MARIA GD NE,CALGARY PARKS,CALGARY PARKS,,ACTIVE,[-114.03331255   51.04954469]
113,BOTTOMLANDS PARK,COMMUNITY PARK,1,TITLED,NO BREAKDOWN,CULTURALLY SIGNIFICANT SITE,,REN691,,CALGARY PARKS SHARED,CALGARY PARKS,,ACTIVE,[-114.02431689   51.05584511]
114,ROSE KOHN JIMMIE CONDON ARENA,COMMUNITY PARK,1,TITLED,NO BREAKDOWN,,SITE HAS HOLE; SITE SHOULD BE SPLIT,KIN018,,CALGARY PARKS SHARED,CALGARY PARKS SHARED,MAINTENANCE SHARED WITH RECREATION;,ACTIVE,[-114.0744253    50.98127049]
115,,NON-PARK,1,TITLED,NO BREAKDOWN,CULTURALLY SIGNIFICANT SITE,SITE HAS HOLE,AYB997,,CALGARY PARKS SHARED,CALGARY PARKS,,ACTIVE,[-114.01187628   51.02400647]
116,BRIAR HILL PARK,SUBNEIGHBOURHOOD PARK,1,TITLED,NO BREAKDOWN,,,HOU484,,CALGARY PARKS,CALGARY PARKS,,ACTIVE,[-114.10988981   51.06388946]
117,,LINEAR PARK,1,TITLED,NO BREAKDOWN,CULTURALLY SIGNIFICANT SITE,,CRA084,,CALGARY PARKS,CALGARY PARKS,,ACTIVE,[-113.97962384   50.86318558]
118,NORTH TUSCANY RAVINES,COMMUNITY PARK,1,TITLED,NO BREAKDOWN,CULTURALLY SIGNIFICANT SITE,,TUS633,,CALGARY PARKS,CALGARY PARKS SHARED,"MAINTAINED AS PER LANDSCAPE MAINTENANCE AGREEMENT, EXPIRES 2042/12/31; SEE PARIS_REPOSITORY\AGREEMENTS\LANDSCAPE_MAINTENANCE_AGREEMENT",ACTIVE,[-114.24577071   51.13126361]
119,SUNALTA COMMUNITY CENTRE,SUBNEIGHBOURHOOD PARK,1,TITLED,NO BREAKDOWN,CULTURALLY SIGNIFICANT SITE,,SNA868,,CALGARY PARKS,CALGARY PARKS SHARED,,ACTIVE,[-114.0988693    51.04383238]
120,MEDICINE HILL / PASKAPOO SLOPES,COMMUNITY PARK,1,TITLED,NO BREAKDOWN,CULTURALLY SIGNIFICANT SITE,FUTURE REGIONAL PARK,CGR207,,CALGARY PARKS,CALGARY PARKS,,ACTIVE,[-114.20296073   51.0727501 ]
121,TALON PARK,SUBNEIGHBOURHOOD PARK,1,TITLED,NO BREAKDOWN,CULTURALLY SIGNIFICANT SITE,,UMR288,,CALGARY PARKS,CALGARY PARKS,,ACTIVE,[-114.08860493   51.02826793]
122,SOUTH DALHOUSIE COULEE,SUBNEIGHBOURHOOD PARK,1,TITLED,NO BREAKDOWN,CULTURALLY SIGNIFICANT SITE,,DAL087,,CALGARY PARKS,CALGARY PARKS,,ACTIVE,[-114.15437068   51.10701136]
123,,SUBNEIGHBOURHOOD PARK,1,TITLED,NO BREAKDOWN,,,BED679,,CALGARY PARKS,CALGARY PARKS,,ACTIVE,[-114.08339565   51.12899446]
124,,DISTRICT PARK,1,TITLED,NO BREAKDOWN,CULTURALLY SIGNIFICANT SITE,SITE HAS HOLE; SITE SHOULD BE SPLIT,HUN719,RIVER VALLEY SYSTEM: NOSE CREEK,CALGARY PARKS SHARED,CALGARY PARKS SHARED,,ACTIVE,[-114.04966992   51.11831812]
125,COPPERFIELD GREENWAY,REGIONAL PARK,2,NON TITLED,EA - PARKS EASEMENT,,,CPF905,PARKS FOUNDATION SE CALGARY PH2D GREENWAY,CALGARY PARKS SHARED,CALGARY PARKS SHARED,GREENWAY MAINTENANCE,ACTIVE,[-113.93271079   50.90785056]
126,GARDEN CRESCENT PARK,SUBNEIGHBOURHOOD PARK,1,TITLED,NO BREAKDOWN,CULTURALLY SIGNIFICANT SITE,,EPK295,,CALGARY PARKS,CALGARY PARKS,,ACTIVE,[-114.07681164   51.02922829]
127,PIONEER NURSERYMEN CENTURY PARK,SUBNEIGHBOURHOOD PARK,1,TITLED,NO BREAKDOWN,CULTURALLY SIGNIFICANT SITE,,MIS244,,CALGARY PARKS SHARED,CALGARY PARKS SHARED,,ACTIVE,[-114.06148921   51.03632776]
128,CHELTENHAM PARK,SUBNEIGHBOURHOOD PARK,1,TITLED,NO BREAKDOWN,,,COL361,,CALGARY PARKS,CALGARY PARKS,,ACTIVE,[-114.09828355   51.0860333 ]
129,ERNEST MANNING ATHLETIC PARK; ERNEST MANNING HIGH SCHOOL,ATHLETIC PARK,1,TITLED,NO BREAKDOWN,,,SPH984,,CALGARY PARKS,CALGARY PARKS SHARED,SITE REDEVELOPED 2011,ACTIVE,[-114.18910901   51.0359811 ]
130,CONFEDERATION PARK 2; NORTH MAIN OFFICE (CONFEDERATION),REGIONAL PARK,1,TITLED,NO BREAKDOWN,CULTURALLY SIGNIFICANT SITE,,MOP671,,CALGARY PARKS,CALGARY PARKS,PARKS DEPOT ON SITE,ACTIVE,[-114.08019158   51.07788363]
131,BRONCONNIER PARK,SUBNEIGHBOURHOOD PARK,1,TITLED,NO BREAKDOWN,,,MOP196,,CALGARY PARKS,CALGARY PARKS,,ACTIVE,[-114.06931191   51.08068532]
132,MACKINTOSH PARK,SUBNEIGHBOURHOOD PARK,1,TITLED,NO BREAKDOWN,,,BOW190,,CALGARY PARKS,CALGARY PARKS,,ACTIVE,[-114.19681396   51.08691937]
133,DALE HODGES PARK,REGIONAL PARK,1,TITLED,NO BREAKDOWN,CULTURALLY SIGNIFICANT SITE,,VAR456,,CALGARY PARKS SHARED,CALGARY PARKS SHARED,,ACTIVE,[-114.1698932    51.08746537]
134,GRIFFITH WOODS NATURAL AREA ENVIRONMENT PARK,REGIONAL PARK,1,TITLED,NO BREAKDOWN,CULTURALLY SIGNIFICANT SITE,SITE SPLIT DIS100,DIS100,,CALGARY PARKS SHARED,CALGARY PARKS SHARED,"MAINTAINED AS PER LANDSCAPE MAINTENANCE AGREEMENT, EXPIRES 2042/12/31; SEE PARIS_REPOSITORY\AGREEMENTS\LANDSCAPE_MAINTENANCE_AGREEMENT",ACTIVE,[-114.2140124    51.01373571]
135,PAUL 'SMOKEY' WILKINSON PARK,SUBNEIGHBOURHOOD PARK,1,TITLED,NO BREAKDOWN,CULTURALLY SIGNIFICANT SITE,,HIL494,,CALGARY PARKS,CALGARY PARKS,,ACTIVE,[-114.09560957   51.04966025]
136,DR LESLIE ALLAN PARK,SUBNEIGHBOURHOOD PARK,1,TITLED,NO BREAKDOWN,CULTURALLY SIGNIFICANT SITE,,SHS001,,CALGARY PARKS,CALGARY PARKS,,ACTIVE,[-114.08055866   50.92353821]
137,STRATHCONA RAVINES,COMMUNITY PARK,1,TITLED,NO BREAKDOWN,,,STR815,,CALGARY PARKS,CALGARY PARKS SHARED,,ACTIVE,[-114.19917445   51.05030172]
138,WESTSIDE RECREATION CENTRE,COMMUNITY PARK,1,TITLED,NO BREAKDOWN,,,SIG762,,CALGARY PARKS SHARED,CALGARY PARKS SHARED,,ACTIVE,[-114.18550225   51.0349325 ]
139,SAGE HILL NATURAL AREA,DISTRICT PARK,1,TITLED,NO BREAKDOWN,CULTURALLY SIGNIFICANT SITE,SITE HAS HOLE,SGH008,,CALGARY PARKS,CALGARY PARKS,,ACTIVE,[-114.127068     51.17490664]
140,,SUBNEIGHBOURHOOD PARK,1,TITLED,NO BREAKDOWN,,,ASP512,,CALGARY PARKS,CALGARY PARKS SHARED,,ACTIVE,[-114.19141706   51.03977634]
141,GRAND TRUNK PARK,SUBNEIGHBOURHOOD PARK,1,TITLED,NO BREAKDOWN,,,WHL489,,CALGARY PARKS,CALGARY PARKS,,ACTIVE,[-114.11605203   51.05764066]
142,MARY AND CATHERINE BARCLAY PARK,SUBNEIGHBOURHOOD PARK,1,TITLED,NO BREAKDOWN,,,CRE864,,CALGARY PARKS,CALGARY PARKS,,ACTIVE,[-114.07011523   51.06075927]
143,PEONY PARK,SUBNEIGHBOURHOOD PARK,1,TITLED,NO BREAKDOWN,,,EPK253,,CALGARY PARKS,CALGARY PARKS,,ACTIVE,[-114.09304087   51.02102647]
144,VICTORY PARK,SUBNEIGHBOURHOOD PARK,1,TITLED,NO BREAKDOWN,,SITE SPLIT WIN800: NEW SITE WIN310,WIN310,,CALGARY PARKS,CALGARY PARKS SHARED,FENCE AROUND MIDFIELD TRAILER PARK BELONGS TO RE&DS; MOSTLY MAINTAINED BY LEASE HOLDER,ACTIVE,[-114.04609465   51.07265075]
145,BONNER WETLANDS,COMMUNITY PARK,1,TITLED,NO BREAKDOWN,,,ST2001,,CALGARY PARKS,CALGARY PARKS,,ACTIVE,[-114.01056992   51.14844573]
146,ORCHARD PARK,SUBNEIGHBOURHOOD PARK,1,TITLED,NO BREAKDOWN,,,STR507,,CALGARY PARKS,CALGARY PARKS,,ACTIVE,[-114.18552681   51.05134029]
147,EDGEMONT RAVINE,DISTRICT PARK,1,TITLED,NO BREAKDOWN,CULTURALLY SIGNIFICANT SITE,SITE SPLIT EDG055,EDG055,,CALGARY PARKS,CALGARY PARKS SHARED,"MAINTAINED AS PER LANDSCAPE MAINTENANCE AGREEMENT, EXPIRES 2042/12/31; SEE PARIS_REPOSITORY\AGREEMENTS\LANDSCAPE_MAINTENANCE_AGREEMENT",ACTIVE,[-114.14726895   51.13349151]
148,TEACHER'S CORNER,SUBNEIGHBOURHOOD PARK,1,TITLED,NO BREAKDOWN,CULTURALLY SIGNIFICANT SITE,,RID254,,CALGARY PARKS,CALGARY PARKS,,ACTIVE,[-114.07325551   51.02777109]
149,LAWREY GARDENS,REGIONAL PARK,1,TITLED,NO BREAKDOWN,CULTURALLY SIGNIFICANT SITE,SITE SPLIT SPR049: SITE EXPANDED,SPR049,,CALGARY PARKS SHARED,CALGARY PARKS SHARED,,ACTIVE,[-114.13030673   51.05295918]
150,BOWNESS PARK; BOWNESS PARK DEPOT,REGIONAL PARK,1,TITLED,NO BREAKDOWN,CULTURALLY SIGNIFICANT SITE,SITE SPLIT BOW220,BOW220,,CALGARY PARKS SHARED,CALGARY PARKS,PARKS DEPOT ON SITE,ACTIVE,[-114.219702     51.09824316]
151,HYDRANT PARK,SUBNEIGHBOURHOOD PARK,1,TITLED,NO BREAKDOWN,,,HOU482,,CALGARY PARKS,CALGARY PARKS,,ACTIVE,[-114.09761555   51.06123797]
152,SUNKEN GARDEN PARK,SUBNEIGHBOURHOOD PARK,1,TITLED,NO BREAKDOWN,,,RIC850,,CALGARY PARKS,CALGARY PARKS,,ACTIVE,[-114.11322026   51.03318419]
153,OLYMPIC PLAZA,REGIONAL PARK,1,TITLED,NO BREAKDOWN,CULTURALLY SIGNIFICANT SITE,"2025-03-14 IS_PARK VALUE SET TO ""NO"" SO THAT SITE WILL NOT SHOW ON CORPORATE BASE MAPS. SHOULD BE SET BACK TO ""YES"" ONCE CONSTRUCTION IS COMPLETE",DNC100,,CALGARY PARKS SHARED,CALGARY PARKS,,ACTIVE,[-114.0602063    51.04632048]
154,,SUBNEIGHBOURHOOD PARK,1,TITLED,NO BREAKDOWN,,,THO578,,CALGARY PARKS,CALGARY PARKS,,ACTIVE,[-114.07197212   51.1028412 ]
155,NORTH TUSCANY RAVINES,SUBNEIGHBOURHOOD PARK,1,TITLED,NO BREAKDOWN,CULTURALLY SIGNIFICANT SITE,,TUS638,,CALGARY PARKS,CALGARY PARKS SHARED,"MAINTAINED AS PER LANDSCAPE MAINTENANCE AGREEMENT, EXPIRES 2042/12/31; SEE PARIS_REPOSITORY\AGREEMENTS\LANDSCAPE_MAINTENANCE_AGREEMENT",ACTIVE,[-114.25301885   51.1366101 ]
156,SOUTH TUSCANY RAVINES,SUBNEIGHBOURHOOD PARK,1,TITLED,NO BREAKDOWN,CULTURALLY SIGNIFICANT SITE,,TUS615,,CALGARY PARKS,CALGARY PARKS SHARED,"MAINTAINED AS PER LANDSCAPE MAINTENANCE AGREEMENT, EXPIRES 2042/12/31; SEE PARIS_REPOSITORY\AGREEMENTS\LANDSCAPE_MAINTENANCE_AGREEMENT",ACTIVE,[-114.25146647   51.11710902]
157,,COMMUNITY PARK,1,TITLED,NO BREAKDOWN,CULTURALLY SIGNIFICANT SITE,"2019/08/26: AS PER R MAY THIS IS A LAND TRANSFER BETWEEN BROOKFIELD AND THE CITY, AND THERE IS NO CCC OR FAC PAPERWORK",CRA998,,CALGARY PARKS SHARED,CALGARY PARKS SHARED,,ACTIVE,[-113.96961564   50.8631676 ]
158,ROULEAUVILLE SQUARE,SUBNEIGHBOURHOOD PARK,1,TITLED,NO BREAKDOWN,CULTURALLY SIGNIFICANT SITE,,MIS006,,CALGARY PARKS,CALGARY PARKS,,ACTIVE,[-114.06603422   51.03755366]
159,QUARRY PARK NATURAL AREA,DISTRICT PARK,1,TITLED,NO BREAKDOWN,CULTURALLY SIGNIFICANT SITE,SITE HAS HOLE; SITE SPLIT DDG049,DDG049,,CALGARY PARKS SHARED,CALGARY PARKS SHARED,,ACTIVE,[-114.02119474   50.95772449]
160,BEAVER DAM FLATS; MILLICAN PARK,DISTRICT PARK,1,TITLED,NO BREAKDOWN,CULTURALLY SIGNIFICANT SITE,SITE HAS HOLE;SITE SPLIT OGD792,OGD792,,CALGARY PARKS SHARED,CALGARY PARKS SHARED,"DO NOT DIG OR DISTURB SOIL. IF YOU MUST DISTURB THE AREA CONTACT JEFF SWINGLER AND/OR TRENT PARKS, BOTH WITH ESM. FORMER IMPERIAL OIL REFINERY SITE. SEE REPOSITORY FOR INFO R:\SUBDIVISION_DEVELOPMENT\CAPITAL_PROJECT_APPROVAL_DOCUMENTS\OGDEN\OGD792",ACTIVE,[-114.02258878   50.99436636]
161,JEFFERIES PARK,SUBNEIGHBOURHOOD PARK,1,TITLED,NO BREAKDOWN,CULTURALLY SIGNIFICANT SITE,,RAM021,,CALGARY PARKS SHARED,CALGARY PARKS,,ACTIVE,[-114.03791688   51.0392993 ]
162,DAVID RICHARDSON MEMORIAL DISC GOLF PARK,DISTRICT PARK,1,TITLED,NO BREAKDOWN,CULTURALLY SIGNIFICANT SITE,,RYV001,,CALGARY PARKS,CALGARY PARKS SHARED,MAINTENANCE SHARED WITH WATER RESOURCES,ACTIVE,[-114.20342399   51.14911975]
163,TOMKINS PARK,SUBNEIGHBOURHOOD PARK,1,TITLED,NO BREAKDOWN,CULTURALLY SIGNIFICANT SITE,,BLN001,,CALGARY PARKS,CALGARY PARKS,,ACTIVE,[-114.08069933   51.03793883]
164,WILLIAM ABERHART PARK,SUBNEIGHBOURHOOD PARK,1,TITLED,NO BREAKDOWN,CULTURALLY SIGNIFICANT SITE,,MIS268,,CALGARY PARKS,CALGARY PARKS,,ACTIVE,[-114.06762124   51.03129002]
165,UNIVERSITY RESEARCH PARK,SUBNEIGHBOURHOOD PARK,1,TITLED,NO BREAKDOWN,,,VAR125,,CALGARY PARKS,CALGARY PARKS,,ACTIVE,[-114.14008068   51.08702115]
166,MUNRO PARK,NEIGHBOURHOOD PARK,1,TITLED,NO BREAKDOWN,,,WIN850,,CALGARY PARKS,CALGARY PARKS,2017/07/05: PARKS OF PARK OF REDEVELOPED; CAPITAL PROJECT MANAGER JASON JONES,ACTIVE,[-114.05431686   51.06826003]
167,VERNA REID PARK,SUBNEIGHBOURHOOD PARK,1,TITLED,NO BREAKDOWN,CULTURALLY SIGNIFICANT SITE,,ALT645,,CALGARY PARKS,CALGARY PARKS,,ACTIVE,[-114.0991307    51.01144707]
168,JACK AND JEAN LESLIE RIVERWALK,REGIONAL PARK,1,TITLED,NO BREAKDOWN,CULTURALLY SIGNIFICANT SITE,SITE SPLIT DNE116,DNE116,RIVER VALLEY SYSTEM: EAST VILLAGE RIVER WALK,CALGARY PARKS SHARED,CALGARY PARKS SHARED,,ACTIVE,[-114.04829711   51.04740056]
169,RANCHLANDS PARK; ST RITA ELEM; RANCHLANDS ELEM; RANCHLANDS COMMUNITY ASSOC,COMMUNITY PARK,1,TITLED,NO BREAKDOWN,CULTURALLY SIGNIFICANT SITE,,RAN033,,CALGARY PARKS SHARED,CALGARY PARKS SHARED,,ACTIVE,[-114.18232493   51.11898577]
170,CRAIG REID PARK,SUBNEIGHBOURHOOD PARK,1,TITLED,NO BREAKDOWN,CULTURALLY SIGNIFICANT SITE,,ALT644,,CALGARY PARKS,CALGARY PARKS,,ACTIVE,[-114.10399738   51.01191936]
171,HOLLY ACRES PARK,SUBNEIGHBOURHOOD PARK,1,TITLED,NO BREAKDOWN,,,VAR341,,CALGARY PARKS,CALGARY PARKS,,ACTIVE,[-114.14258593   51.09221629]
172,BETH ISRAEL MEMORIAL PARK,SUBNEIGHBOURHOOD PARK,1,TITLED,NO BREAKDOWN,,,SHN314,,CALGARY PARKS,CALGARY PARKS,,ACTIVE,[-114.06821683   50.90815626]
173,RALPH KLEIN PARK,REGIONAL PARK,1,TITLED,NO BREAKDOWN,,,12B001,,CALGARY PARKS SHARED,CALGARY PARKS SHARED,,ACTIVE,[-113.90236094   50.94165059]
174,ST ANDREWS HEIGHTS ESCARPMENT,DISTRICT PARK,1,TITLED,NO BREAKDOWN,CULTURALLY SIGNIFICANT SITE,,STA506,,CALGARY PARKS,CALGARY PARKS,,ACTIVE,[-114.12459441   51.06087281]
175,MCKENZIE LAKE SCHOOL; MCKENZIE LAKE COMMUNITY ASSOC,COMMUNITY PARK,1,TITLED,NO BREAKDOWN,CULTURALLY SIGNIFICANT SITE,,MCK564,,CALGARY PARKS SHARED,CALGARY PARKS,,ACTIVE,[-113.98573019   50.9054161 ]
176,NEW EDINBURGH PARK,SUBNEIGHBOURHOOD PARK,1,TITLED,NO BREAKDOWN,CULTURALLY SIGNIFICANT SITE,,SSD473,,CALGARY PARKS,CALGARY PARKS,,ACTIVE,[-114.07620658   51.06015961]
177,,NEIGHBOURHOOD PARK,1,TITLED,NO BREAKDOWN,CULTURALLY SIGNIFICANT SITE,,SGH021,,CALGARY PARKS,CALGARY PARKS SHARED,,ACTIVE,[-114.13727059   51.17226591]
178,HIDDEN VALLEY LAKE PARK,NEIGHBOURHOOD PARK,1,TITLED,NO BREAKDOWN,CULTURALLY SIGNIFICANT SITE,,HID519,,CALGARY PARKS,CALGARY PARKS,,ACTIVE,[-114.10897925   51.14584104]
179,DOUGLASDALE NATURAL AREA SOUTH,DISTRICT PARK,1,TITLED,NO BREAKDOWN,CULTURALLY SIGNIFICANT SITE,SITE SPLIT DDG718: NEW SITE DDG719,DDG719,,CALGARY PARKS SHARED,CALGARY PARKS SHARED,M,ACTIVE,[-113.99327665   50.93544972]
180,OLMSTED TERRACE,SUBNEIGHBOURHOOD PARK,1,TITLED,NO BREAKDOWN,,,BRD778,,CALGARY PARKS,CALGARY PARKS,,ACTIVE,[-114.04548577   51.0575452 ]
181,TURTLE HILL PARK,NEIGHBOURHOOD PARK,1,TITLED,NO BREAKDOWN,,SITE SPLIT GDL881: NEW SITE GDL819 CREATED FOR TURTLE HILL PARK,GDL819,,CALGARY PARKS SHARED,CALGARY PARKS SHARED,,ACTIVE,[-114.15524827   51.03286278]
182,CENTURY GARDENS; CENTURY GARDENS PARK DEPOT & PUMPHOUSE,SUBNEIGHBOURHOOD PARK,1,TITLED,NO BREAKDOWN,CULTURALLY SIGNIFICANT SITE,,DNC130,,CALGARY PARKS SHARED,CALGARY PARKS,PARKS DEPOT ON SITE,ACTIVE,[-114.08057356   51.04655325]
183,RILEY PARK; RILEY PARK DEPOT,REGIONAL PARK,1,TITLED,NO BREAKDOWN,CULTURALLY SIGNIFICANT SITE,,HIL056,,CALGARY PARKS SHARED,CALGARY PARKS SHARED,PARKS DEPOT ON SITE,ACTIVE,[-114.08961782   51.0583319 ]
184,GEORGE GELL PARK,SUBNEIGHBOURHOOD PARK,1,TITLED,NO BREAKDOWN,,,MON216,,CALGARY PARKS,CALGARY PARKS,,ACTIVE,[-114.15719002   51.06774557]
185,INGLEWOOD BIRD SANCTUARY,REGIONAL PARK,1,TITLED,NO BREAKDOWN,CULTURALLY SIGNIFICANT SITE,SITE SPLIT ING999,ING999,,CALGARY PARKS SHARED,CALGARY PARKS SHARED,PROVINCIALLY DESIGNATED HERITAG SITE FOR COLONEL WALKER HOUSE,ACTIVE,[-114.00868132   51.02843575]
186,WEST CONFEDERATION PARK; FORMERLY CANMORE PARK,REGIONAL PARK,1,TITLED,NO BREAKDOWN,,SITE HAS HOLE,CHW402,,CALGARY PARKS SHARED,CALGARY PARKS SHARED,PARKS DEPOT ON SITE,ACTIVE,[-114.10997195   51.08048232]
187,,COMMUNITY PARK,1,TITLED,NO BREAKDOWN,CULTURALLY SIGNIFICANT SITE,SITE HAS HOLE,COU799,,CALGARY PARKS,CALGARY PARKS,,ACTIVE,[-114.08092161   51.14042799]
188,DOUGLASQUARRY COMMUNITY ASSOC,COMMUNITY PARK,1,TITLED,NO BREAKDOWN,,SITE HAS HOLE; SITE SHOULD BE SPLIT,DDG724,,CALGARY PARKS SHARED,CALGARY PARKS SHARED,"MAINTAINED AS PER LANDSCAPE MAINTENANCE AGREEMENT, EXPIRES 2042/12/31; SEE PARIS_REPOSITORY\AGREEMENTS\LANDSCAPE_MAINTENANCE_AGREEMENT",ACTIVE,[-114.00705188   50.95519157]
189,,COMMUNITY PARK,1,TITLED,NO BREAKDOWN,,SITE HAS HOLE; SITE SPLIT WIN800: NEW SITE WIN210,WIN210,,CALGARY PARKS SHARED,CALGARY PARKS SHARED,REGIONAL PATHWAY BETWEEN THE TO GOLF COURSES,ACTIVE,[-114.04626422   51.082459  ]
190,COPPERFIELD GREENWAY,REGIONAL PARK,2,NON TITLED,EA - PARKS EASEMENT,,,CPF906,,CALGARY PARKS SHARED,CALGARY PARKS SHARED,GREENWAY MAINTENANCE,ACTIVE,[-113.91891865   50.91630926]
191,,NEIGHBOURHOOD PARK,1,TITLED,NO BREAKDOWN,,SITE HAS HOLE,DOV777,,CALGARY PARKS,CALGARY PARKS,,ACTIVE,[-113.99097574   51.01585385]
192,FLYOVER PARK,SUBNEIGHBOURHOOD PARK,1,TITLED,NO BREAKDOWN,CULTURALLY SIGNIFICANT SITE,,BRD899,,CALGARY PARKS,CALGARY PARKS,,ACTIVE,[-114.04890488   51.0506636 ]
193,12 MILE COULEE PARK,REGIONAL PARK,1,TITLED,NO BREAKDOWN,CULTURALLY SIGNIFICANT SITE,SITE SPLIT TUS603,TUS603,,CALGARY PARKS SHARED,CALGARY PARKS SHARED,,ACTIVE,[-114.23508086   51.11428492]
194,BURNS ROCK GARDEN,REGIONAL PARK,1,TITLED,NO BREAKDOWN,CULTURALLY SIGNIFICANT SITE,,HIL557,,CALGARY PARKS,CALGARY PARKS,,ACTIVE,[-114.08647766   51.06093104]
195,NELLIE BREEN PARK,SUBNEIGHBOURHOOD PARK,1,TITLED,NO BREAKDOWN,CULTURALLY SIGNIFICANT SITE,,ING031,,CALGARY PARKS,CALGARY PARKS,,ACTIVE,[-114.02663623   51.04088592]
196,ACADIA ATHLETIC PARK; ALBERTA TENNIS CENTRE,ATHLETIC PARK,1,TITLED,NO BREAKDOWN,,SITE SPLIT ACA196: NEW SITE ACA200,ACA200,,CALGARY PARKS SHARED,CALGARY PARKS SHARED,,ACTIVE,[-114.06282937   50.97169275]
197,AIRWAYS PARK,DISTRICT PARK,1,TITLED,NO BREAKDOWN,,SITE SPLIT VIS250,VIS250,,CALGARY PARKS SHARED,CALGARY PARKS SHARED,,ACTIVE,[-114.02373015   51.07261551]
198,BARB SCOTT PARK,SUBNEIGHBOURHOOD PARK,1,TITLED,NO BREAKDOWN,CULTURALLY SIGNIFICANT SITE,,BLN016,,CALGARY PARKS,CALGARY PARKS,ADJACENT SCHOOL LAND IS NOT CITY MAINTAINED,ACTIVE,[-114.08382139   51.04150573]
199,EDGEMONT ESCARPMENT,DISTRICT PARK,1,TITLED,NO BREAKDOWN,CULTURALLY SIGNIFICANT SITE,SITE SPLIT EDG053,EDG053,,CALGARY PARKS,CALGARY PARKS SHARED,"MAINTAINED AS PER LANDSCAPE MAINTENANCE AGREEMENT, EXPIRES 2042/12/31; SEE PARIS_REPOSITORY\AGREEMENTS\LANDSCAPE_MAINTENANCE_AGREEMENT",ACTIVE,[-114.14535716   51.1193318 ]
200,NIMMONS PARK,SUBNEIGHBOURHOOD PARK,1,TITLED,NO BREAKDOWN,CULTURALLY SIGNIFICANT SITE,,BNK857,,CALGARY PARKS,CALGARY PARKS,,ACTIVE,[-114.10181111   51.03675033]
201,FLANDERS PARK,NEIGHBOURHOOD PARK,1,TITLED,NO BREAKDOWN,,,GAW631,,CALGARY PARKS,CALGARY PARKS,,ACTIVE,[-114.11111472   51.01672901]
202,J.H. WOODS PARK,NEIGHBOURHOOD PARK,1,TITLED,NO BREAKDOWN,CULTURALLY SIGNIFICANT SITE,,EPK300,,CALGARY PARKS SHARED,CALGARY PARKS,AT ELBOW DR SW & 29 AV SW ELBOW PARK SWIMMING POOL GROUNDS; CONTAINS GERRY SHAW GARDEN & FREDDIE LOWES¿ GARDEN,ACTIVE,[-114.07664379   51.02619124]
203,NORTH TUSCANY RAVINES,COMMUNITY PARK,1,TITLED,NO BREAKDOWN,CULTURALLY SIGNIFICANT SITE,,TUS637,,CALGARY PARKS,CALGARY PARKS SHARED,"MAINTAINED AS PER LANDSCAPE MAINTENANCE AGREEMENT, EXPIRES 2042/12/31; SEE PARIS_REPOSITORY\AGREEMENTS\LANDSCAPE_MAINTENANCE_AGREEMENT",ACTIVE,[-114.24940117   51.1356933 ]
204,,COMMUNITY PARK,1,TITLED,NO BREAKDOWN,,,ASP103,,CALGARY PARKS,CALGARY PARKS,,ACTIVE,[-114.20570022   51.04046258]
205,,NEIGHBOURHOOD PARK,1,TITLED,NO BREAKDOWN,,,SKR010,,CALGARY PARKS,CALGARY PARKS SHARED,,ACTIVE,[-113.95060729   51.15773002]
206,,NEIGHBOURHOOD PARK,1,TITLED,NO BREAKDOWN,CULTURALLY SIGNIFICANT SITE,SITE HAS HOLE,MON503,,CALGARY PARKS SHARED,CALGARY PARKS,,ACTIVE,[-114.15987529   51.06725418]
207,,NEIGHBOURHOOD PARK,1,TITLED,NO BREAKDOWN,CULTURALLY SIGNIFICANT SITE,SITE HAS HOLE,MNI415,STAMPEDE GROUNDS SOUTH BORDER,CALGARY PARKS,CALGARY PARKS SHARED,,ACTIVE,[-114.05445682   51.03115693]
208,TWELVE MILE COULEE SCHOOL,NEIGHBOURHOOD PARK,1,TITLED,NO BREAKDOWN,CULTURALLY SIGNIFICANT SITE,,TUS607,,CALGARY PARKS SHARED,CALGARY PARKS SHARED,"MAINTAINED AS PER LANDSCAPE MAINTENANCE AGREEMENT, EXPIRES 2042/12/31; SEE PARIS_REPOSITORY\AGREEMENTS\LANDSCAPE_MAINTENANCE_AGREEMENT",ACTIVE,[-114.24348347   51.12335823]
209,CORNELL PARK,SUBNEIGHBOURHOOD PARK,1,TITLED,NO BREAKDOWN,,,CAM809,,CALGARY PARKS,CALGARY PARKS,,ACTIVE,[-114.09401041   51.08418282]
210,UPPER ELBOYA PARK,SUBNEIGHBOURHOOD PARK,1,TITLED,NO BREAKDOWN,,,EYA378,,CALGARY PARKS,CALGARY PARKS,,ACTIVE,[-114.07520529   51.01158274]
211,ERLTON PARK,SUBNEIGHBOURHOOD PARK,1,TITLED,NO BREAKDOWN,CULTURALLY SIGNIFICANT SITE,,ERL247,,CALGARY PARKS SHARED,CALGARY PARKS,,ACTIVE,[-114.06271517   51.03031625]
212,,COMMUNITY PARK,1,TITLED,NO BREAKDOWN,CULTURALLY SIGNIFICANT SITE,,LEB002,,CALGARY PARKS,CALGARY PARKS,,ACTIVE,[-114.03922349   51.18737808]
213,,LINEAR PARK,1,TITLED,NO BREAKDOWN,,SITE SPLIT WIN800: NEW SITE WIN200,WIN200,,CALGARY PARKS SHARED,CALGARY PARKS SHARED,REGIONAL PATHWAY BETWEEN THE TO GOLF COURSES,ACTIVE,[-114.03496624   51.07293496]
214,FOREST LAWN PARK,SUBNEIGHBOURHOOD PARK,1,TITLED,NO BREAKDOWN,,,FLN750,,CALGARY PARKS,CALGARY PARKS,,ACTIVE,[-113.9764567   51.0311157]
215,DEVONIAN GARDENS,REGIONAL PARK,1,TITLED,NO BREAKDOWN,CULTURALLY SIGNIFICANT SITE,,DNC070,,CALGARY PARKS SHARED,CALGARY PARKS,,ACTIVE,[-114.0689104    51.04622837]
216,,LINEAR PARK,1,TITLED,NO BREAKDOWN,,SITE HAS HOLE; SITE SHOULD BE SPLIT,DAL089,,CALGARY PARKS,CALGARY PARKS,,ACTIVE,[-114.15310134   51.11407087]
217,,LINEAR PARK,1,TITLED,NO BREAKDOWN,CULTURALLY SIGNIFICANT SITE,,DAL098,,CALGARY PARKS,CALGARY PARKS,,ACTIVE,[-114.14430395   51.11049625]
218,LAWSON'S PARK,SUBNEIGHBOURHOOD PARK,1,TITLED,NO BREAKDOWN,,,REN793,,CALGARY PARKS,CALGARY PARKS,,ACTIVE,[-114.04991382   51.06481682]
219,HILLHURST TRIANGLE,SUBNEIGHBOURHOOD PARK,1,TITLED,NO BREAKDOWN,CULTURALLY SIGNIFICANT SITE,,HIL109,,CALGARY PARKS,CALGARY PARKS,,ACTIVE,[-114.09273661   51.05358142]
220,,COMMUNITY PARK,1,TITLED,NO BREAKDOWN,CULTURALLY SIGNIFICANT SITE,,ROX263,,CALGARY PARKS,CALGARY PARKS,,ACTIVE,[-114.06682345   51.02607817]
221,,COMMUNITY PARK,1,TITLED,NO BREAKDOWN,,,PEN578,,CALGARY PARKS,CALGARY PARKS,,ACTIVE,[-113.9470352    51.04134784]
222,,SUBNEIGHBOURHOOD PARK,1,TITLED,NO BREAKDOWN,CULTURALLY SIGNIFICANT SITE,,DDG057,,CALGARY PARKS,CALGARY PARKS SHARED,"MAINTAINED AS PER LANDSCAPE MAINTENANCE AGREEMENT, EXPIRES 2042/12/31; SEE PARIS_REPOSITORY\AGREEMENTS\LANDSCAPE_MAINTENANCE_AGREEMENT",ACTIVE,[-114.01370984   50.95775273]
223,,SUBNEIGHBOURHOOD PARK,1,TITLED,NO BREAKDOWN,,,CRA128,,CALGARY PARKS,CALGARY PARKS SHARED,,ACTIVE,[-113.97250423   50.88337036]
224,,SUBNEIGHBOURHOOD PARK,1,TITLED,NO BREAKDOWN,,,NEB850,,CALGARY PARKS,CALGARY PARKS SHARED,,ACTIVE,[-113.95303972   50.92573689]
225,,SUBNEIGHBOURHOOD PARK,1,TITLED,NO BREAKDOWN,,,GAW638,,CALGARY PARKS,CALGARY PARKS,,ACTIVE,[-114.11604084   51.0189742 ]
226,,NON-PARK,1,TITLED,NO BREAKDOWN,CULTURALLY SIGNIFICANT SITE,,SPH040,,CALGARY PARKS,CALGARY PARKS,,ACTIVE,[-114.21321702   51.02193048]
227,,NEIGHBOURHOOD PARK,1,TITLED,NO BREAKDOWN,,,YKV001,,CALGARY PARKS,CALGARY PARKS SHARED,,ACTIVE,[-114.0728606    50.87685413]
228,,SUBNEIGHBOURHOOD PARK,1,TITLED,NO BREAKDOWN,,,YKV002,,CALGARY PARKS,CALGARY PARKS,,ACTIVE,[-114.07848194   50.87549536]
229,,SUBNEIGHBOURHOOD PARK,1,TITLED,NO BREAKDOWN,,,WSP042,,CALGARY PARKS,CALGARY PARKS,,ACTIVE,[-114.19826043   51.05582051]
230,,SUBNEIGHBOURHOOD PARK,1,TITLED,NO BREAKDOWN,,,WSP043,,CALGARY PARKS,CALGARY PARKS,,ACTIVE,[-114.18948884   51.05460172]
231,,SUBNEIGHBOURHOOD PARK,1,TITLED,NO BREAKDOWN,,,WSP044,,CALGARY PARKS,CALGARY PARKS,,ACTIVE,[-114.19600545   51.05485657]
232,RON SOUTHERN ELEM,NEIGHBOURHOOD PARK,1,TITLED,NO BREAKDOWN,CULTURALLY SIGNIFICANT SITE,,SVO003,,CALGARY PARKS SHARED,CALGARY PARKS SHARED,,ACTIVE,[-114.08423382   50.8804326 ]
233,,NEIGHBOURHOOD PARK,1,TITLED,NO BREAKDOWN,,,SAD318,,CALGARY PARKS,CALGARY PARKS,,ACTIVE,[-113.92779078   51.13057136]
234,,SUBNEIGHBOURHOOD PARK,1,TITLED,NO BREAKDOWN,,,ASP005,,CALGARY PARKS,CALGARY PARKS SHARED,,ACTIVE,[-114.20988552   51.04757572]
235,,SUBNEIGHBOURHOOD PARK,1,TITLED,NO BREAKDOWN,,,CHA280,,CALGARY PARKS,CALGARY PARKS,,ACTIVE,[-114.03975099   50.88282053]
236,,COMMUNITY PARK,1,TITLED,NO BREAKDOWN,,,PEN603,,CALGARY PARKS,CALGARY PARKS,,ACTIVE,[-113.93578211   51.04779491]
237,,SUBNEIGHBOURHOOD PARK,1,TITLED,NO BREAKDOWN,,,CHA279,,CALGARY PARKS,CALGARY PARKS,,ACTIVE,[-114.03419545   50.87960196]
238,,SUBNEIGHBOURHOOD PARK,1,TITLED,NO BREAKDOWN,CULTURALLY SIGNIFICANT SITE,,CGR201,,CALGARY PARKS,CALGARY PARKS SHARED,,ACTIVE,[-114.19249639   51.06708527]
239,,LINEAR PARK,1,TITLED,NO BREAKDOWN,CULTURALLY SIGNIFICANT SITE,SITE SPLIT EVE963: NEW SITE EVE967,EVE967,,CALGARY PARKS SHARED,CALGARY PARKS SHARED,,ACTIVE,[-114.11716096   50.915956  ]
240,BEAULIEU GARDENS; LOUGHEED HOUSE,SUBNEIGHBOURHOOD PARK,1,TITLED,NO BREAKDOWN,CULTURALLY SIGNIFICANT SITE,,BLN005,,CALGARY PARKS,CALGARY PARKS,PROVINCIALLY DESIGNATED HERITAGE SITE AS OF 1980/01/01,ACTIVE,[-114.07620481   51.04034423]
241,,COMMUNITY PARK,1,TITLED,NO BREAKDOWN,,POND C 2007-079 & 2012-016,SKR005,,CALGARY PARKS,CALGARY PARKS SHARED,"MAINTAINED AS PER LANDSCAPE MAINTENANCE AGREEMENT, EXPIRES 2042/12/31; SEE PARIS_REPOSITORY\AGREEMENTS\LANDSCAPE_MAINTENANCE_AGREEMENT",ACTIVE,[-113.96049081   51.15535744]
242,,SUBNEIGHBOURHOOD PARK,1,TITLED,NO BREAKDOWN,,,SET003,,CALGARY PARKS SHARED,CALGARY PARKS SHARED,STORM POND SHARED MAINTENANCE WITH WATE RESOURCES,ACTIVE,[-113.95511043   50.87293921]
243,,SUBNEIGHBOURHOOD PARK,1,TITLED,NO BREAKDOWN,,,SET004,,CALGARY PARKS,CALGARY PARKS SHARED,STORM POND SHARE MAINTENANCE WITH WATER RESOURCES,ACTIVE,[-113.95461983   50.87498687]
244,BROOKFIELD RESIDENTIAL YMCA AT SETON; JOANE CARDINAL-SCHUBERT HIGH SCHOOL,DISTRICT PARK,1,TITLED,NO BREAKDOWN,,,SET005,,CALGARY PARKS,CALGARY PARKS,,ACTIVE,[-113.9421587    50.87956783]
245,,COMMUNITY PARK,1,TITLED,NO BREAKDOWN,CULTURALLY SIGNIFICANT SITE,,SGH025,,CALGARY PARKS,CALGARY PARKS SHARED,,ACTIVE,[-114.15278749   51.17330969]
246,,DISTRICT PARK,1,TITLED,NO BREAKDOWN,CULTURALLY SIGNIFICANT SITE,,ST1009,,CALGARY PARKS,CALGARY PARKS SHARED,,ACTIVE,[-114.03549705   51.14773868]
247,BOW TO BLUFF CORRIDOR,SUBNEIGHBOURHOOD PARK,1,TITLED,NO BREAKDOWN,,,SSD479,,CALGARY PARKS,CALGARY PARKS,,ACTIVE,[-114.08429962   51.05737054]
248,,SUBNEIGHBOURHOOD PARK,1,TITLED,NO BREAKDOWN,,,SSD475,,CALGARY PARKS,CALGARY PARKS,,ACTIVE,[-114.08481244   51.05893834]
249,,SUBNEIGHBOURHOOD PARK,1,TITLED,NO BREAKDOWN,CULTURALLY SIGNIFICANT SITE,,CHA281,,CALGARY PARKS,CALGARY PARKS,,ACTIVE,[-114.03099109   50.88526501]
250,,SUBNEIGHBOURHOOD PARK,1,TITLED,NO BREAKDOWN,,,ROC401,,CALGARY PARKS,CALGARY PARKS SHARED,NATURAL AREA - NO GROOMED LANDSCAPING,ACTIVE,[-114.23883946   51.15008417]
251,,SUBNEIGHBOURHOOD PARK,1,TITLED,NO BREAKDOWN,,,ROC195,,CALGARY PARKS,CALGARY PARKS,,ACTIVE,[-114.25513859   51.1531265 ]
252,,SUBNEIGHBOURHOOD PARK,1,TITLED,NO BREAKDOWN,,,AUB215,,CALGARY PARKS,CALGARY PARKS,,ACTIVE,[-113.94554897   50.89721017]
253,,LINEAR PARK,1,TITLED,NO BREAKDOWN,CULTURALLY SIGNIFICANT SITE,SITE SPLIT OGD792: NEW SITE OGD787,OGD787,,CALGARY PARKS SHARED,CALGARY PARKS SHARED,"DO NOT DIG OR DISTURB SOIL. IF YOU MUST DISTURB THE AREA CONTACT JEFF SWINGLER AND/OR TRENT PARKS, BOTH WITH ESM. FORMER IMPERIAL OIL REFINERY SITE. SEE REPOSITORY FOR INFO R:\SUBDIVISION_DEVELOPMENT\CAPITAL_PROJECT_APPROVAL_DOCUMENTS\OGDEN\OGD792",ACTIVE,[-114.01823383   50.98668266]
254,,SUBNEIGHBOURHOOD PARK,1,TITLED,NO BREAKDOWN,CULTURALLY SIGNIFICANT SITE,,CRA079,,CALGARY PARKS,CALGARY PARKS,,ACTIVE,[-113.98347396   50.86655328]
255,,SUBNEIGHBOURHOOD PARK,1,TITLED,NO BREAKDOWN,,,GBK651,,CALGARY PARKS,CALGARY PARKS,,ACTIVE,[-114.1613664    51.02491674]
256,,LINEAR PARK,1,TITLED,NO BREAKDOWN,CULTURALLY SIGNIFICANT SITE,SITE SPLIT TUS603: NEWSITE TUS011,TUS511,,CALGARY PARKS SHARED,CALGARY PARKS SHARED,"MAINTAINED AS PER LANDSCAPE MAINTENANCE AGREEMENT, EXPIRES 2042/12/31; SEE PARIS_REPOSITORY\AGREEMENTS\LANDSCAPE_MAINTENANCE_AGREEMENT",ACTIVE,[-114.2390121    51.11966155]
257,,LINEAR PARK,1,TITLED,NO BREAKDOWN,CULTURALLY SIGNIFICANT SITE,SITE SPLIT TUS603: NEWSITE TUS012,TUS512,,CALGARY PARKS SHARED,CALGARY PARKS SHARED,"MAINTAINED AS PER LANDSCAPE MAINTENANCE AGREEMENT, EXPIRES 2042/12/31; SEE PARIS_REPOSITORY\AGREEMENTS\LANDSCAPE_MAINTENANCE_AGREEMENT",ACTIVE,[-114.23921876   51.12338888]
258,,NEIGHBOURHOOD PARK,1,TITLED,NO BREAKDOWN,CULTURALLY SIGNIFICANT SITE,,CRM006,,CALGARY PARKS,CALGARY PARKS SHARED,,ACTIVE,[-114.27476207   51.08379777]
259,,LINEAR PARK,1,TITLED,NO BREAKDOWN,,SITE SPLIT ASP520: NEW SITE ASP530,ASP530,,CALGARY PARKS,CALGARY PARKS,,ACTIVE,[-114.20185381   51.04323658]
260,,COMMUNITY PARK,1,TITLED,NO BREAKDOWN,,,ST2003,,CALGARY PARKS SHARED,CALGARY PARKS SHARED,,ACTIVE,[-114.02364573   51.14072233]
261,,SUBNEIGHBOURHOOD PARK,1,TITLED,NO BREAKDOWN,CULTURALLY SIGNIFICANT SITE,,ST1008,,CALGARY PARKS,CALGARY PARKS,,ACTIVE,[-114.03073029   51.1530543 ]
262,,SUBNEIGHBOURHOOD PARK,1,TITLED,NO BREAKDOWN,,,ROC008,,CALGARY PARKS,CALGARY PARKS,,ACTIVE,[-114.23866522   51.15332607]
263,,SUBNEIGHBOURHOOD PARK,1,TITLED,NO BREAKDOWN,,,MAH004,,CALGARY PARKS,CALGARY PARKS,,ACTIVE,[-113.92529953   50.90469128]
264,,COMMUNITY PARK,1,TITLED,NO BREAKDOWN,,OLSH IS ONE OF THE DEVELOPERS,ESH001,,CALGARY PARKS SHARED,CALGARY PARKS SHARED,,ACTIVE,[-113.93060277   50.96010636]
265,,SUBNEIGHBOURHOOD PARK,1,TITLED,NO BREAKDOWN,,,LPK001,,CALGARY PARKS,CALGARY PARKS SHARED,,ACTIVE,[-114.12503063   51.00835035]
266,,SUBNEIGHBOURHOOD PARK,1,TITLED,NO BREAKDOWN,CULTURALLY SIGNIFICANT SITE,,RIV881,,CALGARY PARKS,CALGARY PARKS,,ACTIVE,[-114.01702578   50.96985909]
267,,SUBNEIGHBOURHOOD PARK,1,TITLED,NO BREAKDOWN,,,RAN025,,CALGARY PARKS,CALGARY PARKS,,ACTIVE,[-114.19022314   51.11934194]
268,,SUBNEIGHBOURHOOD PARK,1,TITLED,NO BREAKDOWN,,,AUB014,,CALGARY PARKS,CALGARY PARKS,,ACTIVE,[-113.94349656   50.89495738]
269,,SUBNEIGHBOURHOOD PARK,1,TITLED,NO BREAKDOWN,,,AUB016,,CALGARY PARKS,CALGARY PARKS,,ACTIVE,[-113.9433195    50.89346991]
270,,SUBNEIGHBOURHOOD PARK,1,TITLED,NO BREAKDOWN,CULTURALLY SIGNIFICANT SITE,,SSW171,,CALGARY PARKS,CALGARY PARKS,,ACTIVE,[-114.11663625   51.04224657]
271,,SUBNEIGHBOURHOOD PARK,1,TITLED,NO BREAKDOWN,,,AUB017,,CALGARY PARKS,CALGARY PARKS SHARED,,ACTIVE,[-113.94706045   50.89247562]
272,,NON-PARK,1,TITLED,NO BREAKDOWN,,,OGD001,,CALGARY PARKS,CALGARY OTHER BUSINESS UNIT,,ACTIVE,[-114.01207867   50.99873235]
273,,NON-PARK,1,TITLED,NO BREAKDOWN,CULTURALLY SIGNIFICANT SITE,,WOO001,,CALGARY PARKS,CALGARY OTHER BUSINESS UNIT,,ACTIVE,[-114.11030953   50.93363074]
274,,LINEAR PARK,1,TITLED,NO BREAKDOWN,,SITE SPLIT MOR383: NEW SITE MOR393,MOR393,,CALGARY PARKS SHARED,CALGARY PARKS,,ACTIVE,[-113.9291068   51.0897796]
275,,LINEAR PARK,1,TITLED,NO BREAKDOWN,,SITE SPLIT MCK579: NEW SITE MCK588,MCK588,,CALGARY PARKS SHARED,CALGARY PARKS SHARED,,ACTIVE,[-113.98916437   50.90994813]
276,,LINEAR PARK,1,TITLED,NO BREAKDOWN,,SITE SPLIT MCK579: NEW SITE MCK587,MCK587,,CALGARY PARKS SHARED,CALGARY PARKS SHARED,,ACTIVE,[-113.99358256   50.90740285]
277,MAHOGANY ELEM SCHOOL,NEIGHBOURHOOD PARK,1,TITLED,NO BREAKDOWN,,,MAH001,,CALGARY PARKS,CALGARY PARKS SHARED,,ACTIVE,[-113.92636685   50.90290788]
278,,SUBNEIGHBOURHOOD PARK,1,TITLED,NO BREAKDOWN,CULTURALLY SIGNIFICANT SITE,,SHW002,,CALGARY PARKS,CALGARY PARKS SHARED,,ACTIVE,[-114.15011203   51.16385214]
279,,SUBNEIGHBOURHOOD PARK,1,TITLED,NO BREAKDOWN,,,ROC009,,CALGARY PARKS,CALGARY PARKS SHARED,,ACTIVE,[-114.23522098   51.14769436]
280,,NEIGHBOURHOOD PARK,1,TITLED,NO BREAKDOWN,CULTURALLY SIGNIFICANT SITE,,PCK019,,CALGARY PARKS,CALGARY PARKS,,ACTIVE,[-114.05586219   50.86168383]
281,,COMMUNITY PARK,1,TITLED,NO BREAKDOWN,,2017/02/07: NORTH END WILL BE THE OGDEN OGDEN RECREATION FACILITY - SEE LINDA FOR MORE INFO,OGD808,,CALGARY PARKS SHARED,CALGARY PARKS,,ACTIVE,[-113.99671755   50.98203516]
282,,SUBNEIGHBOURHOOD PARK,1,TITLED,NO BREAKDOWN,,,NOL007,,CALGARY PARKS,CALGARY PARKS,,ACTIVE,[-114.17352834   51.18016941]
283,,SUBNEIGHBOURHOOD PARK,1,TITLED,NO BREAKDOWN,,,CSC002,,CALGARY PARKS,CALGARY PARKS,,ACTIVE,[-113.96682235   51.14740397]
284,PRAIRIE WINDS PARK;  PRAIRIE WINDS DEPOT,REGIONAL PARK,1,TITLED,NO BREAKDOWN,,,WES099,,CALGARY PARKS,CALGARY PARKS,PARKS DEPOT ON SITE,ACTIVE,[-113.97129861   51.10354271]
285,STANLEY PARK; STANLEY PARK DEPOT,REGIONAL PARK,1,TITLED,NO BREAKDOWN,CULTURALLY SIGNIFICANT SITE,,PKH200,,CALGARY PARKS SHARED,CALGARY PARKS SHARED,PARKS DEPOT ON SITE,ACTIVE,[-114.0696109    51.01832498]
286,,NON-PARK,1,TITLED,NO BREAKDOWN,,,MOP001,,CALGARY PARKS,CALGARY OTHER BUSINESS UNIT,,ACTIVE,[-114.07169444   51.07990346]
287,ST BRIGID ELEM & JR HIGH,COMMUNITY PARK,1,TITLED,NO BREAKDOWN,CULTURALLY SIGNIFICANT SITE,,CIT363,,CALGARY PARKS SHARED,CALGARY PARKS SHARED,,ACTIVE,[-114.18789043   51.14551841]
288,,LINEAR PARK,1,TITLED,NO BREAKDOWN,CULTURALLY SIGNIFICANT SITE,,CRA109,,CALGARY PARKS,CALGARY PARKS,,ACTIVE,[-113.98555376   50.87568876]
289,,LINEAR PARK,1,TITLED,NO BREAKDOWN,CULTURALLY SIGNIFICANT SITE,SITE SPLIT COV971: NEW SITE COV968,COV968,,CALGARY PARKS SHARED,CALGARY PARKS,,ACTIVE,[-114.04802416   51.16891811]
290,,SUBNEIGHBOURHOOD PARK,1,TITLED,NO BREAKDOWN,,,RSN019,,CALGARY PARKS,CALGARY PARKS SHARED,,ACTIVE,[-113.9509798    51.17322533]
291,,NEIGHBOURHOOD PARK,1,TITLED,NO BREAKDOWN,,,EVN028,,CALGARY PARKS,CALGARY PARKS,,ACTIVE,[-114.11411193   51.18170357]
292,,SUBNEIGHBOURHOOD PARK,1,TITLED,NO BREAKDOWN,CULTURALLY SIGNIFICANT SITE,,CRM003,,CALGARY PARKS,CALGARY PARKS,,ACTIVE,[-114.26999545   51.08384409]
293,,SUBNEIGHBOURHOOD PARK,1,TITLED,NO BREAKDOWN,CULTURALLY SIGNIFICANT SITE,,EVN013,,CALGARY PARKS,CALGARY PARKS,,ACTIVE,[-114.12106164   51.18152069]
294,,SUBNEIGHBOURHOOD PARK,1,TITLED,NO BREAKDOWN,,,GRE112,,CALGARY PARKS,CALGARY PARKS SHARED,,ACTIVE,[-114.21875304   51.0866754 ]
295,,SUBNEIGHBOURHOOD PARK,1,TITLED,NO BREAKDOWN,,,ROC010,,CALGARY PARKS,CALGARY PARKS SHARED,,ACTIVE,[-114.23588227   51.14919863]
296,,SUBNEIGHBOURHOOD PARK,1,TITLED,NO BREAKDOWN,,,SKR006,,CALGARY PARKS,CALGARY PARKS SHARED,"MAINTAINED AS PER LANDSCAPE MAINTENANCE AGREEMENT, EXPIRES 2042/12/31; SEE PARIS_REPOSITORY\AGREEMENTS\LANDSCAPE_MAINTENANCE_AGREEMENT",ACTIVE,[-113.95847105   51.16427659]
297,,SUBNEIGHBOURHOOD PARK,1,TITLED,NO BREAKDOWN,,,WSP005,,CALGARY PARKS,CALGARY PARKS,,ACTIVE,[-114.19129867   51.05623091]
298,,SUBNEIGHBOURHOOD PARK,1,TITLED,NO BREAKDOWN,CULTURALLY SIGNIFICANT SITE,,CRA012,,CALGARY PARKS,CALGARY PARKS,,ACTIVE,[-113.96819938   50.86980327]
299,,SUBNEIGHBOURHOOD PARK,1,TITLED,NO BREAKDOWN,CULTURALLY SIGNIFICANT SITE,,CRA014,,CALGARY PARKS,CALGARY PARKS,,ACTIVE,[-113.97144355   50.86728962]
300,,SUBNEIGHBOURHOOD PARK,1,TITLED,NO BREAKDOWN,,,CPF013,,CALGARY PARKS,CALGARY PARKS,,ACTIVE,[-113.9202643   50.9204909]
301,,NON-PARK,1,TITLED,NO BREAKDOWN,,SITE SPLIT MCI091: ADJUSTED SITE MCI093,MCI093,,CALGARY PARKS SHARED,LEASE HOLDER,LEASE ON SITE. CALGARY RIFLE AND PISTOL CLUB,ACTIVE,[-114.01444071   51.08857971]
302,,SUBNEIGHBOURHOOD PARK,1,TITLED,NO BREAKDOWN,CULTURALLY SIGNIFICANT SITE,,PAT922,,CALGARY PARKS,CALGARY PARKS,,ACTIVE,[-114.17225611   51.05718687]
303,,SUBNEIGHBOURHOOD PARK,1,TITLED,NO BREAKDOWN,CULTURALLY SIGNIFICANT SITE,,PAT981,,CALGARY PARKS,CALGARY PARKS,,ACTIVE,[-114.17071975   51.06080234]
304,,SUBNEIGHBOURHOOD PARK,1,TITLED,NO BREAKDOWN,,,WND372,,CALGARY PARKS,CALGARY FIRE,,ACTIVE,[-114.07124623   51.00381703]
305,ROYAL OAK GREENWAY,REGIONAL PARK,2,NON TITLED,EA - PARKS EASEMENT,,,ROY001,,CALGARY PARKS SHARED,CALGARY PARKS SHARED,GREENWAY MAINTENANCE,ACTIVE,[-114.22168375   51.13724306]
306,,SUBNEIGHBOURHOOD PARK,1,TITLED,NO BREAKDOWN,CULTURALLY SIGNIFICANT SITE,,PCK004,,CALGARY PARKS,CALGARY PARKS,,ACTIVE,[-114.06164205   50.86108058]
307,,SUBNEIGHBOURHOOD PARK,1,TITLED,NO BREAKDOWN,CULTURALLY SIGNIFICANT SITE,,PCK005,,CALGARY PARKS,CALGARY PARKS,,ACTIVE,[-114.05670685   50.86148382]
308,,SUBNEIGHBOURHOOD PARK,1,TITLED,NO BREAKDOWN,,,BLM006,,CALGARY PARKS,CALGARY PARKS,,ACTIVE,[-114.06822933   50.86978703]
309,,DISTRICT PARK,1,TITLED,NO BREAKDOWN,CULTURALLY SIGNIFICANT SITE,,CRA999,,CALGARY PARKS,DEVELOPER CONSTRUCTION,,ACTIVE,[-113.97596107   50.87069802]
310,CENTRAL MEMORIAL PARK,REGIONAL PARK,1,TITLED,NO BREAKDOWN,CULTURALLY SIGNIFICANT SITE,,BLN007,,CALGARY PARKS,CALGARY PARKS SHARED,PROVINCIALLY DESIGNATED HERITAGE SITE AS OF 1980/01/01,ACTIVE,[-114.07038585   51.04130732]
311,,SUBNEIGHBOURHOOD PARK,1,TITLED,NO BREAKDOWN,,,MAH024,,CALGARY PARKS,CALGARY PARKS,,ACTIVE,[-113.90817525   50.89107426]
312,,SUBNEIGHBOURHOOD PARK,1,TITLED,NO BREAKDOWN,,,ROC690,86 ROCKCLIFF TC NW,CALGARY PARKS,CALGARY PARKS,,ACTIVE,[-114.24011877   51.15327757]
313,,SUBNEIGHBOURHOOD PARK,1,TITLED,NO BREAKDOWN,CULTURALLY SIGNIFICANT SITE,,BRI706,,CALGARY PARKS,CALGARY PARKS,DEVELOPER DEFAULTED 2011/01/01- NO FAC ISSUED SEE NOTES IN PARIS_REPOSITORY\SUBDIVSION_DEVELOPMENT_URBAN_DEVELOPMENT_DOCUMENTS\2013\2013-091; MAINTENANCE SHARED WITH WATER RESOURCES; FAC 2003-091_F_LOT14_PUL_BLOCK2_OFFSITE,ACTIVE,[-114.11227393   50.90428718]
314,,SUBNEIGHBOURHOOD PARK,1,TITLED,NO BREAKDOWN,,,MAH003,,CALGARY PARKS SHARED,CALGARY PARKS SHARED,,ACTIVE,[-113.93179085   50.89793893]
315,,SUBNEIGHBOURHOOD PARK,1,TITLED,NO BREAKDOWN,,,SKR007,,CALGARY PARKS,CALGARY PARKS SHARED,"TO BE MAINTAINED AS PER LANDSCAPE MAINTENANCE AGREEMENT, EXPIRES 2042/12/31; SEE PARIS_REPOSITORY\AGREEMENTS\LANDSCAPE_MAINTENANCE_AGREEMENT",ACTIVE,[-113.95467298   51.15746247]
316,,SUBNEIGHBOURHOOD PARK,1,TITLED,NO BREAKDOWN,CULTURALLY SIGNIFICANT SITE,,CRA060,,CALGARY PARKS,CALGARY PARKS,,ACTIVE,[-113.97398738   50.8730612 ]
317,,SUBNEIGHBOURHOOD PARK,1,TITLED,NO BREAKDOWN,CULTURALLY SIGNIFICANT SITE,,CRA061,,CALGARY PARKS,CALGARY PARKS,,ACTIVE,[-113.97109021   50.87498517]
318,,SUBNEIGHBOURHOOD PARK,1,TITLED,NO BREAKDOWN,,,CPF014,,CALGARY PARKS,CALGARY PARKS SHARED,,ACTIVE,[-113.91735676   50.91507541]
319,CROWFOOT DEPOT,PARKS DEPOT,1,TITLED,NO BREAKDOWN,,,ARB000,8901 NOSEHILL DR NW,CALGARY PARKS,CALGARY PARKS,,ACTIVE,[-114.19045221   51.13305824]
320,EAST SHEPARD GREENWAY,REGIONAL PARK,2,NON TITLED,EA - PARKS EASEMENT,,,ESH004,PARKS FOUNDATION SE CALGARY PH2A GREENWAY,CALGARY PARKS SHARED,CALGARY PARKS SHARED,GREENWAY MAINTENANCE,ACTIVE,[-113.92326148   50.93857107]
321,,SUBNEIGHBOURHOOD PARK,1,TITLED,NO BREAKDOWN,CULTURALLY SIGNIFICANT SITE,,BOW009,,CALGARY PARKS,CALGARY PARKS,,ACTIVE,[-114.18878226   51.08469989]
322,MAHOGANY GREENWAY,REGIONAL PARK,2,NON TITLED,EA - PARKS EASEMENT,,,MAH465,,CALGARY PARKS SHARED,CALGARY PARKS SHARED,GREENWAY MAINTENANCE,ACTIVE,[-113.93387678   50.9039186 ]
323,EAST SHEPARD GREENWAY,REGIONAL PARK,2,NON TITLED,EA - PARKS EASEMENT,,,ESH005,,CALGARY PARKS SHARED,CALGARY PARKS SHARED,GREENWAY MAINTENANCE,ACTIVE,[-113.92592574   50.94841194]
324,12B GREENWAY,REGIONAL PARK,2,NON TITLED,EA - PARKS EASEMENT,,,12B002,PARKS FOUNDATION SE CALGARY PH2A GREENWAY,CALGARY PARKS SHARED,CALGARY PARKS SHARED,GREENWAY MAINTENANCE,ACTIVE,[-113.9118679    50.94796431]
325,,SUBNEIGHBOURHOOD PARK,1,TITLED,NO BREAKDOWN,CULTURALLY SIGNIFICANT SITE,7/11/2017: SEE R:\Grounds\Miscellaneous\WOO\WOO305 and WOO315,WOO315,,CALGARY PARKS,CALGARY PARKS,,ACTIVE,[-114.11772527   50.93353283]
326,,LINEAR PARK,1,TITLED,NO BREAKDOWN,CULTURALLY SIGNIFICANT SITE,SITE SPLIT HAW006: NEW SITE HAW020,HAW020,,CALGARY PARKS,CALGARY PARKS SHARED,"MAINTAINED AS PER LANDSCAPE MAINTENANCE AGREEMENT, EXPIRES 2042/12/31; SEE PARIS_REPOSITORY\AGREEMENTS\LANDSCAPE_MAINTENANCE_AGREEMENT",ACTIVE,[-114.18198945   51.13233455]
327,,SUBNEIGHBOURHOOD PARK,1,TITLED,NO BREAKDOWN,CULTURALLY SIGNIFICANT SITE,,CRA063,,CALGARY PARKS,CALGARY PARKS,,ACTIVE,[-113.97950963   50.87637913]
328,RUTLEDGE HANGAR - MUNICIPAL AIRPORT 1920s,SUBNEIGHBOURHOOD PARK,1,TITLED,NO BREAKDOWN,CULTURALLY SIGNIFICANT SITE,,REN101,,CALGARY PARKS,CALGARY PARKS SHARED,STEWARDSHIP AND MAINTENANCE SHARED WITH CORPORATE PROPERTIES,ACTIVE,[-114.04637846   51.0637533 ]
329,,COMMUNITY PARK,1,TITLED,NO BREAKDOWN,,,ST3002,,CALGARY PARKS,CALGARY PARKS,,ACTIVE,[-113.97568585   51.14820641]
330,,SUBNEIGHBOURHOOD PARK,1,TITLED,NO BREAKDOWN,,,MAH008,,CALGARY PARKS,CALGARY PARKS,,ACTIVE,[-113.91442014   50.90344042]
331,,LINEAR PARK,1,TITLED,NO BREAKDOWN,CULTURALLY SIGNIFICANT SITE,SITE SPLIT DIA514: NEW SITE DIA521,DIA521,,CALGARY PARKS,CALGARY PARKS,,ACTIVE,[-114.01748116   50.94194338]
332,,LINEAR PARK,1,TITLED,NO BREAKDOWN,CULTURALLY SIGNIFICANT SITE,SITE SPLIT DIA514: NEW SITE DIA520. PORTION OF SITE ADDED TO QLD582,DIA520,,CALGARY PARKS,CALGARY PARKS,,ACTIVE,[-114.02596156   50.94253954]
333,,SUBNEIGHBOURHOOD PARK,1,TITLED,NO BREAKDOWN,,,TAR419,,CALGARY PARKS,CALGARY PARKS SHARED,,ACTIVE,[-113.92374986   51.12428462]
334,BOW TO BLUFF CORRIDOR,SUBNEIGHBOURHOOD PARK,1,TITLED,NO BREAKDOWN,,SITE REDEVELOPED ALL ASSETS REMOVED IN 2012,SSD478,,CALGARY PARKS,CALGARY PARKS SHARED,,ACTIVE,[-114.08417652   51.05646058]
335,PRINCE'S ISLAND PARK,REGIONAL PARK,1,TITLED,NO BREAKDOWN,CULTURALLY SIGNIFICANT SITE,"2 SHAPES, SITE HAS HOLE",EAU120,,CALGARY PARKS SHARED,CALGARY PARKS,PARKS DEPOT ON SITE,ACTIVE,[-114.07064507   51.05498478]
336,,SUBNEIGHBOURHOOD PARK,1,TITLED,NO BREAKDOWN,,,WSP006,8615 8 AV SW,CALGARY PARKS,CALGARY PARKS SHARED,,ACTIVE,[-114.21185537   51.06303916]
337,,SUBNEIGHBOURHOOD PARK,1,TITLED,NO BREAKDOWN,,2017/01/2017: TRANSFERRED FROM RE&EDS TO PARKS,SHN001,,CALGARY PARKS,CALGARY PARKS,,ACTIVE,[-114.06792431   50.91121232]
338,,SUBNEIGHBOURHOOD PARK,1,TITLED,NO BREAKDOWN,CULTURALLY SIGNIFICANT SITE,,SGH046,,CALGARY PARKS,CALGARY PARKS,,ACTIVE,[-114.1372188    51.17885846]
339,,SUBNEIGHBOURHOOD PARK,1,TITLED,NO BREAKDOWN,,,MAH019,,CALGARY PARKS,CALGARY PARKS,,ACTIVE,[-113.91258367   50.89517919]
340,,SUBNEIGHBOURHOOD PARK,1,TITLED,NO BREAKDOWN,,,CAR001,37 CARRINGTON PZ NW,CALGARY PARKS,CALGARY PARKS,,ACTIVE,[-114.0933293    51.18172389]
341,,LINEAR PARK,1,TITLED,NO BREAKDOWN,,,HAW021,,CALGARY PARKS,CALGARY PARKS SHARED,"MAINTAINED AS PER LANDSCAPE MAINTENANCE AGREEMENT, EXPIRES 2042/12/31; SEE PARIS_REPOSITORY\AGREEMENTS\LANDSCAPE_MAINTENANCE_AGREEMENT",ACTIVE,[-114.1854439    51.13233587]
342,,LINEAR PARK,1,TITLED,NO BREAKDOWN,CULTURALLY SIGNIFICANT SITE,SITE SPLIT HAW014: NEW SITE HAW979,HAW979,,CALGARY PARKS,CALGARY PARKS SHARED,"MAINTAINED AS PER LANDSCAPE MAINTENANCE AGREEMENT, EXPIRES 2042/12/31; SEE PARIS_REPOSITORY\AGREEMENTS\LANDSCAPE_MAINTENANCE_AGREEMENT",ACTIVE,[-114.18249875   51.12506822]
343,,SUBNEIGHBOURHOOD PARK,1,TITLED,NO BREAKDOWN,CULTURALLY SIGNIFICANT SITE,,CRA081,,CALGARY PARKS,CALGARY PARKS,,ACTIVE,[-113.9763578    50.86276682]
344,,SUBNEIGHBOURHOOD PARK,1,TITLED,NO BREAKDOWN,,,SAD020,,CALGARY PARKS,CALGARY PARKS,,ACTIVE,[-113.96646894   51.13504517]
345,,SUBNEIGHBOURHOOD PARK,1,TITLED,NO BREAKDOWN,CULTURALLY SIGNIFICANT SITE,,LIV015,,CALGARY PARKS,DEVELOPER CONSTRUCTION,,ACTIVE,[-114.05113074   51.18718301]
346,,NEIGHBOURHOOD PARK,1,TITLED,NO BREAKDOWN,,POND D 2010-016 & 2012-031,SKR025,,CALGARY PARKS,CALGARY PARKS SHARED,,ACTIVE,[-113.94949309   51.15868198]
347,,NON-PARK,1,TITLED,NO BREAKDOWN,,,CPF015,,CALGARY PARKS,CALGARY PARKS,,ACTIVE,[-113.92289899   50.92476515]
348,TYE STREET PARK,SUBNEIGHBOURHOOD PARK,1,TITLED,NO BREAKDOWN,,,BNF323,,CALGARY PARKS SHARED,CALGARY PARKS,,ACTIVE,[-114.11459361   51.07084928]
349,,COMMUNITY PARK,1,TITLED,NO BREAKDOWN,CULTURALLY SIGNIFICANT SITE,,SHW001,,CALGARY PARKS,CALGARY PARKS SHARED,S-51003320,ACTIVE,[-114.15383455   51.16287534]
350,,COMMUNITY PARK,1,TITLED,NO BREAKDOWN,CULTURALLY SIGNIFICANT SITE,,SHW005,,CALGARY PARKS,CALGARY PARKS SHARED,,ACTIVE,[-114.15574013   51.16629564]
351,,NON-PARK,1,TITLED,NO BREAKDOWN,CULTURALLY SIGNIFICANT SITE,TRANSFER TO ROADS,MON661,,CALGARY PARKS,CALGARY ROADS,,ACTIVE,[-114.15149317   51.06704085]
352,,COMMUNITY PARK,1,TITLED,NO BREAKDOWN,CULTURALLY SIGNIFICANT SITE,,SIG750,,CALGARY PARKS,CALGARY PARKS,,ACTIVE,[-114.17705865   51.01121461]
353,,SUBNEIGHBOURHOOD PARK,1,TITLED,NO BREAKDOWN,CULTURALLY SIGNIFICANT SITE,,MPL180,,CALGARY PARKS,CALGARY PARKS,,ACTIVE,[-114.03703357   50.95457958]
354,,SUBNEIGHBOURHOOD PARK,1,TITLED,NO BREAKDOWN,,,PAL055,,CALGARY PARKS,CALGARY PARKS,,ACTIVE,[-114.11380537   50.97121948]
355,,SUBNEIGHBOURHOOD PARK,1,TITLED,NO BREAKDOWN,,,PAL059,,CALGARY PARKS,CALGARY PARKS,,ACTIVE,[-114.11361514   50.96371663]
356,,SUBNEIGHBOURHOOD PARK,1,TITLED,NO BREAKDOWN,,,QLD523,,CALGARY PARKS,CALGARY PARKS,,ACTIVE,[-114.0266621    50.93626138]
357,,SUBNEIGHBOURHOOD PARK,1,TITLED,NO BREAKDOWN,,,SAD337,,CALGARY PARKS,CALGARY PARKS,,ACTIVE,[-113.93993474   51.12771151]
358,,NEIGHBOURHOOD PARK,1,TITLED,NO BREAKDOWN,,,SAD343,,CALGARY PARKS,CALGARY PARKS,,ACTIVE,[-113.94400807   51.13473491]
359,,SUBNEIGHBOURHOOD PARK,1,TITLED,NO BREAKDOWN,,"CHECK FOR OAA AT FAC, DRAWING PLAN SAYS THERE IS ONE BUT THERE ARE NO SUPPORTING DOCS AS OF CCC",RSN017,,CALGARY PARKS,CALGARY PARKS SHARED,"TO BE MAINTAINED AS PER LANDSCAPE MAINTENANCE AGREEMENT, EXPIRES 2042/12/31; SEE PARIS_REPOSITORY\AGREEMENTS\LANDSCAPE_MAINTENANCE_AGREEMENT",ACTIVE,[-113.95826874   51.16815903]
360,,SUBNEIGHBOURHOOD PARK,1,TITLED,NO BREAKDOWN,CULTURALLY SIGNIFICANT SITE,,LIV002,,CALGARY PARKS,CALGARY PARKS,,ACTIVE,[-114.05945671   51.18613049]
361,,NEIGHBOURHOOD PARK,1,TITLED,NO BREAKDOWN,,,CNS015,,CALGARY PARKS SHARED,CALGARY PARKS SHARED,,ACTIVE,[-113.92820686   51.14920959]
362,,SUBNEIGHBOURHOOD PARK,1,TITLED,NO BREAKDOWN,,,WWO004,,CALGARY PARKS,DEVELOPER CONSTRUCTION,,ACTIVE,[-114.00642693   50.87536976]
363,CARRINGTON GREENWAY,REGIONAL PARK,2,NON TITLED,EA - PARKS EASEMENT,,,CAR005,,CALGARY PARKS SHARED,CALGARY PARKS SHARED,GREENWAY MAINTENANCE,ACTIVE,[-114.0794126    51.17729694]
364,LIVINGSTON GREENWAY,REGIONAL PARK,2,NON TITLED,EA - PARKS EASEMENT,,,LIV003,,CALGARY PARKS SHARED,CALGARY PARKS SHARED,GREENWAY MAINTENANCE,ACTIVE,[-114.0585028    51.17576366]
365,KEYSTONE HILLS GREENWAY,REGIONAL PARK,2,NON TITLED,EA - PARKS EASEMENT,,,KSH001,,CALGARY PARKS SHARED,CALGARY PARKS SHARED,GREENWAY MAINTENANCE,ACTIVE,[-114.02930458   51.17802615]
366,,NEIGHBOURHOOD PARK,1,TITLED,NO BREAKDOWN,,,ASP205,,CALGARY PARKS,CALGARY PARKS SHARED,,ACTIVE,[-114.20620308   51.04432052]
367,BUCKMASTER PARK,SUBNEIGHBOURHOOD PARK,1,TITLED,NO BREAKDOWN,CULTURALLY SIGNIFICANT SITE,,BNK872,,CALGARY PARKS,CALGARY PARKS,SITE IS TWO PIECES OF LAND SEPARATED BY A CLOSED STREET,ACTIVE,[-114.0991205    51.03440792]
368,BLACKFOOT DEPOT,PARKS DEPOT,1,TITLED,NO BREAKDOWN,,SITE SPLIT MPL091: NEW SITE MPL000 FOR BLACKFOOT DEPOT,MPL000,,CALGARY PARKS,CALGARY PARKS,,ACTIVE,[-114.03904972   50.96529348]
369,HARRY HUISH PARK,COMMUNITY PARK,1,TITLED,NO BREAKDOWN,CULTURALLY SIGNIFICANT SITE,,OGD795,,CALGARY PARKS SHARED,CALGARY PARKS,,ACTIVE,[-114.01315112   50.98803013]
370,,COMMUNITY PARK,1,TITLED,NO BREAKDOWN,CULTURALLY SIGNIFICANT SITE,WATER RESOURCES STEWARD OF PUL,LIV001,,CALGARY PARKS SHARED,CALGARY PARKS,,ACTIVE,[-114.06308527   51.18885676]
371,,SUBNEIGHBOURHOOD PARK,1,TITLED,NO BREAKDOWN,,,CNS004,,CALGARY PARKS,CALGARY PARKS,,ACTIVE,[-113.93513938   51.15102929]
372,,SUBNEIGHBOURHOOD PARK,1,TITLED,NO BREAKDOWN,,,CNS001,,CALGARY PARKS,CALGARY PARKS,,ACTIVE,[-113.94410396   51.16299314]
373,,SUBNEIGHBOURHOOD PARK,1,TITLED,NO BREAKDOWN,,,CNS002,,CALGARY PARKS,CALGARY PARKS,,ACTIVE,[-113.9402909   51.1625764]
374,BALMORAL CIRCUS,SUBNEIGHBOURHOOD PARK,1,TITLED,NO BREAKDOWN,CULTURALLY SIGNIFICANT SITE,,TUX804,,CALGARY PARKS,CALGARY PARKS,2023/12/05 - SITE UNDER CONSTRUCTION AND MAINATINED BY CONTRACTOR FOR TWO YEARS.,ACTIVE,[-114.06738195   51.06973247]
375,,SUBNEIGHBOURHOOD PARK,1,TITLED,NO BREAKDOWN,CULTURALLY SIGNIFICANT SITE,,WAL023,,CALGARY PARKS,CALGARY PARKS,,ACTIVE,[-114.01162213   50.8649311 ]
376,,SUBNEIGHBOURHOOD PARK,1,TITLED,NO BREAKDOWN,,,PCK002,,CALGARY PARKS,CALGARY PARKS,,ACTIVE,[-114.07535219   50.86081207]
377,,SUBNEIGHBOURHOOD PARK,1,TITLED,NO BREAKDOWN,CULTURALLY SIGNIFICANT SITE,,WAL024,,CALGARY PARKS,CALGARY PARKS,,ACTIVE,[-114.01472929   50.86562549]
378,,SUBNEIGHBOURHOOD PARK,1,TITLED,NO BREAKDOWN,CULTURALLY SIGNIFICANT SITE,,WAL025,,CALGARY PARKS,CALGARY PARKS,,ACTIVE,[-114.01864943   50.86399816]
379,,SUBNEIGHBOURHOOD PARK,1,TITLED,NO BREAKDOWN,,,UND001,,CALGARY PARKS,CALGARY PARKS,,ACTIVE,[-114.14731389   51.07942942]
380,,SUBNEIGHBOURHOOD PARK,1,TITLED,NO BREAKDOWN,,,RSN015,,CALGARY PARKS,CALGARY PARKS SHARED,"TO BE MAINTAINED AS PER LANDSCAPE MAINTENANCE AGREEMENT, EXPIRES 2042/12/31; SEE PARIS_REPOSITORY\AGREEMENTS\LANDSCAPE_MAINTENANCE_AGREEMENT",ACTIVE,[-113.95833546   51.1687565 ]
381,,SUBNEIGHBOURHOOD PARK,1,TITLED,NO BREAKDOWN,,,SET014,,CALGARY PARKS,CALGARY PARKS,,ACTIVE,[-113.95226705   50.88049363]
382,,SUBNEIGHBOURHOOD PARK,1,TITLED,NO BREAKDOWN,,,ASP123,,CALGARY PARKS,CALGARY PARKS,,ACTIVE,[-114.21175877   51.05140667]
383,,NEIGHBOURHOOD PARK,1,TITLED,NO BREAKDOWN,CULTURALLY SIGNIFICANT SITE,,KCA020,,CALGARY PARKS,CALGARY PARKS,,ACTIVE,[-114.14536413   51.16699399]
384,,LINEAR PARK,1,TITLED,NO BREAKDOWN,,,LKB014,,CALGARY PARKS,CALGARY PARKS,,ACTIVE,[-114.06768822   50.94643504]
385,,SUBNEIGHBOURHOOD PARK,1,TITLED,NO BREAKDOWN,,,ROC405,,CALGARY PARKS SHARED,CALGARY PARKS SHARED,"MAINTAINED AS PER LANDSCAPE MAINTENANCE AGREEMENT, EXPIRES 2042/12/31; SEE PARIS_REPOSITORY\AGREEMENTS\LANDSCAPE_MAINTENANCE_AGREEMENT",ACTIVE,[-114.23893952   51.14179144]
386,,SUBNEIGHBOURHOOD PARK,1,TITLED,NO BREAKDOWN,,,MRT311,,CALGARY PARKS,CALGARY PARKS,,ACTIVE,[-113.95847751   51.11715327]
387,,SUBNEIGHBOURHOOD PARK,1,TITLED,NO BREAKDOWN,,,RUN265,,CALGARY PARKS,CALGARY PARKS,,ACTIVE,[-113.96878039   51.06959326]
388,,NEIGHBOURHOOD PARK,1,TITLED,NO BREAKDOWN,,,UND002,,CALGARY PARKS,CALGARY PARKS SHARED,,ACTIVE,[-114.15077633   51.07956708]
389,,SUBNEIGHBOURHOOD PARK,1,TITLED,NO BREAKDOWN,,,EVN023,,CALGARY PARKS,CALGARY PARKS,,ACTIVE,[-114.10583173   51.18012271]
390,,SUBNEIGHBOURHOOD PARK,1,TITLED,NO BREAKDOWN,CULTURALLY SIGNIFICANT SITE,,LEG008,,CALGARY PARKS,CALGARY PARKS,,ACTIVE,[-114.01839122   50.85544562]
391,,SUBNEIGHBOURHOOD PARK,1,TITLED,NO BREAKDOWN,,,SAD010,,CALGARY PARKS,CALGARY PARKS,,ACTIVE,[-113.95416035   51.13362043]
392,,SUBNEIGHBOURHOOD PARK,1,TITLED,NO BREAKDOWN,CULTURALLY SIGNIFICANT SITE,,WAL021,,CALGARY PARKS,CALGARY PARKS SHARED,,ACTIVE,[-114.02054346   50.86555476]
393,,SUBNEIGHBOURHOOD PARK,1,TITLED,NO BREAKDOWN,,,SET017,,CALGARY PARKS,CALGARY PARKS,,ACTIVE,[-113.95595814   50.86736228]
394,,SUBNEIGHBOURHOOD PARK,1,TITLED,NO BREAKDOWN,,IGNORE ROLLUP ERROR; BVAP PATHWAY PROCESSED SEPERATE FROM SITE,LIV006,,CALGARY PARKS,CALGARY PARKS,,ACTIVE,[-114.07590965   51.18689996]
395,,SUBNEIGHBOURHOOD PARK,1,TITLED,NO BREAKDOWN,,,LIV007,47 LUCAS CR NW,CALGARY PARKS,CALGARY PARKS,,ACTIVE,[-114.07745298   51.18503622]
396,,SUBNEIGHBOURHOOD PARK,1,TITLED,NO BREAKDOWN,,,CNS011,,CALGARY PARKS,CALGARY PARKS,,ACTIVE,[-113.94055323   51.15972591]
397,,COMMUNITY PARK,1,TITLED,NO BREAKDOWN,,,CNS012,,CALGARY PARKS SHARED,CALGARY PARKS SHARED,,ACTIVE,[-113.93543942   51.15955051]
398,,SUBNEIGHBOURHOOD PARK,1,TITLED,NO BREAKDOWN,,,ASP219,,CALGARY PARKS,CALGARY PARKS,,ACTIVE,[-114.19546867   51.04568066]
399,,SUBNEIGHBOURHOOD PARK,1,TITLED,NO BREAKDOWN,CULTURALLY SIGNIFICANT SITE,,CRA074,,CALGARY PARKS,CALGARY PARKS,,ACTIVE,[-113.97846403   50.86658087]
400,,NON-PARK,1,TITLED,NO BREAKDOWN,CULTURALLY SIGNIFICANT SITE,,BYV056,,CALGARY PARKS SHARED,OUTSIDE AGENCY,GLENMORE LANDING MAINTAINING TURF AROUND THIER PROPERTY; NO AGREEMENT AVAILABLE,ACTIVE,[-114.09820199   50.97279857]
401,,SUBNEIGHBOURHOOD PARK,1,TITLED,NO BREAKDOWN,,,NOL004,,CALGARY PARKS,CALGARY PARKS,,ACTIVE,[-114.16664122   51.17733187]
402,,SUBNEIGHBOURHOOD PARK,1,TITLED,NO BREAKDOWN,CULTURALLY SIGNIFICANT SITE,,EVN005,,CALGARY PARKS,CALGARY PARKS,,ACTIVE,[-114.12106144   51.17091955]
403,,SUBNEIGHBOURHOOD PARK,1,TITLED,NO BREAKDOWN,,,AUB205,,CALGARY PARKS,CALGARY PARKS,,ACTIVE,[-113.95734036   50.89741275]
404,,SUBNEIGHBOURHOOD PARK,1,TITLED,NO BREAKDOWN,,,BRI717,,CALGARY PARKS,CALGARY PARKS SHARED,,ACTIVE,[-114.1198374    50.89758148]
405,,SUBNEIGHBOURHOOD PARK,1,TITLED,NO BREAKDOWN,CULTURALLY SIGNIFICANT SITE,,CHA830,,CALGARY PARKS,CALGARY PARKS,,ACTIVE,[-114.01318067   50.88368305]
406,,SUBNEIGHBOURHOOD PARK,1,TITLED,NO BREAKDOWN,CULTURALLY SIGNIFICANT SITE,,SGH002,,CALGARY PARKS,CALGARY PARKS,,ACTIVE,[-114.14267879   51.17681044]
407,,LINEAR PARK,1,TITLED,NO BREAKDOWN,,SITE SPLIT COL350: NEW SITE COL353,COL353,,CALGARY PARKS,CALGARY PARKS,SOUTH EAST PERIMETER OF CONFDERATION GOLF COURSE OUTSIDE FENCE,ACTIVE,[-114.09775147   51.07548534]
408,,LINEAR PARK,1,TITLED,NO BREAKDOWN,,SITE SPLIT COL350: NEW SITE COL354,COL354,,CALGARY PARKS,CALGARY PARKS,SOUTH WEST PERIMETER OF CONFDERATION GOLF COURSE OUTSIDE FENCE,ACTIVE,[-114.10388428   51.07816552]
409,,LINEAR PARK,1,TITLED,NO BREAKDOWN,CULTURALLY SIGNIFICANT SITE,,PAN034,,CALGARY PARKS,CALGARY PARKS,,ACTIVE,[-114.07286227   51.15421386]
410,,SUBNEIGHBOURHOOD PARK,1,TITLED,NO BREAKDOWN,,,MAH021,,CALGARY PARKS,CALGARY PARKS,,ACTIVE,[-113.93647603   50.89121084]
411,LEWISBURG GREENWAY,REGIONAL PARK,2,NON TITLED,EA - PARKS EASEMENT,,,LEB001,,CALGARY PARKS SHARED,CALGARY PARKS SHARED,GREENWAY MAINTENANCE,ACTIVE,[-114.04112924   51.17857132]
412,,NEIGHBOURHOOD PARK,1,TITLED,NO BREAKDOWN,,,BVD003,,CALGARY PARKS SHARED,CALGARY PARKS SHARED,,ACTIVE,[-113.90618643   51.03879443]
413,,SUBNEIGHBOURHOOD PARK,1,TITLED,NO BREAKDOWN,,,RSN024,,CALGARY PARKS,CALGARY PARKS,,ACTIVE,[-113.95861659   51.17377327]
414,,SUBNEIGHBOURHOOD PARK,1,TITLED,NO BREAKDOWN,,,SAD021,,CALGARY PARKS,CALGARY PARKS,,ACTIVE,[-113.9260935    51.12754069]
415,,SUBNEIGHBOURHOOD PARK,1,TITLED,NO BREAKDOWN,,,RSN025,,CALGARY PARKS,DEVELOPER CONSTRUCTION,,ACTIVE,[-113.96749535   51.17408862]
416,,SUBNEIGHBOURHOOD PARK,1,TITLED,NO BREAKDOWN,,,MAH029,,CALGARY PARKS,CALGARY PARKS,,ACTIVE,[-113.9156068    50.89088821]
417,,SUBNEIGHBOURHOOD PARK,1,TITLED,NO BREAKDOWN,,,CHA284,,CALGARY PARKS,CALGARY PARKS,,ACTIVE,[-114.02900722   50.88025585]
418,,SUBNEIGHBOURHOOD PARK,1,TITLED,NO BREAKDOWN,,,OAK072,,CALGARY PARKS,CALGARY PARKS,,ACTIVE,[-114.13445851   50.9681242 ]
419,,SUBNEIGHBOURHOOD PARK,1,TITLED,NO BREAKDOWN,,,OAK073,,CALGARY PARKS,CALGARY PARKS,,ACTIVE,[-114.1225417    50.96338773]
420,,SUBNEIGHBOURHOOD PARK,1,TITLED,NO BREAKDOWN,CULTURALLY SIGNIFICANT SITE,,OAK076,,CALGARY PARKS,CALGARY PARKS,,ACTIVE,[-114.13609487   50.96389457]
421,,SUBNEIGHBOURHOOD PARK,1,TITLED,NO BREAKDOWN,,,CHA818,,CALGARY PARKS,CALGARY PARKS,,ACTIVE,[-114.04178181   50.87678457]
422,,SUBNEIGHBOURHOOD PARK,1,TITLED,NO BREAKDOWN,,,QLD577,,CALGARY PARKS,CALGARY PARKS,,ACTIVE,[-114.02434247   50.93204743]
423,,SUBNEIGHBOURHOOD PARK,1,TITLED,NO BREAKDOWN,,,QLD582,,CALGARY PARKS,CALGARY PARKS,,ACTIVE,[-114.03093167   50.93754219]
424,,SUBNEIGHBOURHOOD PARK,1,TITLED,NO BREAKDOWN,,,CHA822,,CALGARY PARKS,CALGARY PARKS,,ACTIVE,[-114.03980973   50.88544559]
425,,SUBNEIGHBOURHOOD PARK,1,TITLED,NO BREAKDOWN,CULTURALLY SIGNIFICANT SITE,,OAK064,,CALGARY PARKS,CALGARY PARKS,,ACTIVE,[-114.12784283   50.97251772]
426,,NEIGHBOURHOOD PARK,1,TITLED,NO BREAKDOWN,,MADE ACTIVE FOR FAC RELATING TO TURF IN DIFFERENT SUBDIVISION,RVW003,,CALGARY PARKS,CALGARY PARKS,,ACTIVE,[-113.916302     50.88240969]
427,,SUBNEIGHBOURHOOD PARK,1,TITLED,NO BREAKDOWN,,,TAR001,,CALGARY PARKS,CALGARY PARKS SHARED,,ACTIVE,[-113.92533001   51.12489147]
428,,SUBNEIGHBOURHOOD PARK,1,TITLED,NO BREAKDOWN,,,MAH450,,CALGARY PARKS,CALGARY PARKS,,ACTIVE,[-113.93912823   50.90216336]
429,,SUBNEIGHBOURHOOD PARK,1,TITLED,NO BREAKDOWN,,,ALB624,,CALGARY PARKS SHARED,CALGARY PARKS SHARED,,ACTIVE,[-113.99709761   51.04539031]
430,,SUBNEIGHBOURHOOD PARK,1,TITLED,NO BREAKDOWN,CULTURALLY SIGNIFICANT SITE,,EPK350,,CALGARY PARKS SHARED,CALGARY PARKS,,ACTIVE,[-114.07862071   51.01763197]
431,,SUBNEIGHBOURHOOD PARK,1,TITLED,NO BREAKDOWN,CULTURALLY SIGNIFICANT SITE,,ING081,,CALGARY PARKS,CALGARY PARKS,,ACTIVE,[-114.02749922   51.0383978 ]
432,,COMMUNITY PARK,1,TITLED,NO BREAKDOWN,CULTURALLY SIGNIFICANT SITE,,BLM001,,CALGARY PARKS SHARED,CALGARY PARKS SHARED,,ACTIVE,[-114.05703651   50.8713345 ]
433,,SUBNEIGHBOURHOOD PARK,1,TITLED,NO BREAKDOWN,CULTURALLY SIGNIFICANT SITE,,EVE949,,CALGARY PARKS SHARED,CALGARY PARKS,,ACTIVE,[-114.10520024   50.9211961 ]
434,,SUBNEIGHBOURHOOD PARK,1,TITLED,NO BREAKDOWN,CULTURALLY SIGNIFICANT SITE,,PAT684,,CALGARY PARKS,CALGARY PARKS,,ACTIVE,[-114.16759013   51.05585005]
435,,SUBNEIGHBOURHOOD PARK,1,TITLED,NO BREAKDOWN,CULTURALLY SIGNIFICANT SITE,,PAT886,,CALGARY PARKS,CALGARY PARKS,,ACTIVE,[-114.16715215   51.06064912]
436,,SUBNEIGHBOURHOOD PARK,1,TITLED,NO BREAKDOWN,CULTURALLY SIGNIFICANT SITE,,PAT984,,CALGARY PARKS,CALGARY PARKS,,ACTIVE,[-114.17643177   51.06049245]
437,,SUBNEIGHBOURHOOD PARK,1,TITLED,NO BREAKDOWN,,,ROC199,,CALGARY PARKS,CALGARY PARKS,,ACTIVE,[-114.23529694   51.15062704]
438,,SUBNEIGHBOURHOOD PARK,1,TITLED,NO BREAKDOWN,,,SVO862,,CALGARY PARKS,CALGARY PARKS,,ACTIVE,[-114.07939866   50.87942283]
439,,SUBNEIGHBOURHOOD PARK,1,TITLED,NO BREAKDOWN,,,WND902,,CALGARY PARKS,CALGARY PARKS,LIMITED MAINTENANCE - UNDEVELOPED SITE,ACTIVE,[-114.06973366   51.00692293]
440,,SUBNEIGHBOURHOOD PARK,1,TITLED,NO BREAKDOWN,,,WOO353,,CALGARY PARKS,CALGARY PARKS,,ACTIVE,[-114.11320137   50.94591903]
441,,SUBNEIGHBOURHOOD PARK,1,TITLED,NO BREAKDOWN,CULTURALLY SIGNIFICANT SITE,,BLN011,,CALGARY PARKS SHARED,CALGARY PARKS SHARED,DOES NOT INCLUDE COMMUNITY LEASE AREA,ACTIVE,[-114.04564038   51.04108567]
442,,SUBNEIGHBOURHOOD PARK,1,TITLED,NO BREAKDOWN,CULTURALLY SIGNIFICANT SITE,,EVE965,,CALGARY PARKS,CALGARY PARKS,,ACTIVE,[-114.11494489   50.91756085]
443,,SUBNEIGHBOURHOOD PARK,1,TITLED,NO BREAKDOWN,,,SOM356,,CALGARY PARKS SHARED,CALGARY PARKS SHARED,,ACTIVE,[-114.0685085    50.89503126]
444,,SUBNEIGHBOURHOOD PARK,1,TITLED,NO BREAKDOWN,,,MLR007,,CALGARY PARKS,CALGARY PARKS,,ACTIVE,[-114.09415676   50.91980397]
445,,LINEAR PARK,1,TITLED,NO BREAKDOWN,,SITE SPLIT SOW224: NEW SITE SOW208,SOW208,,CALGARY PARKS,CALGARY PARKS,PARKS DEPOT ON SITE,ACTIVE,[-114.07509285   50.95521064]
446,SIR WINSTON CHURCHILL HIGH; CAPT JOHN PALLISER ELEM; BREBEUF JR HIGH; SWC POOL; NOSE HILL LIBRARY,DISTRICT PARK,1,TITLED,NO BREAKDOWN,,,BRE385,,CALGARY PARKS SHARED,CALGARY PARKS SHARED,,ACTIVE,[-114.13740957   51.09783178]
447,,SUBNEIGHBOURHOOD PARK,1,TITLED,NO BREAKDOWN,,,BLM004,,CALGARY PARKS,CALGARY PARKS,,ACTIVE,[-114.06812818   50.86772554]
448,,SUBNEIGHBOURHOOD PARK,1,TITLED,NO BREAKDOWN,,,NEB301,,CALGARY PARKS,CALGARY PARKS,,ACTIVE,[-113.94626068   50.92395438]
449,,COMMUNITY PARK,1,TITLED,NO BREAKDOWN,CULTURALLY SIGNIFICANT SITE,,CRM002,,CALGARY PARKS SHARED,CALGARY PARKS SHARED,,ACTIVE,[-114.2738246    51.08646481]
450,,SUBNEIGHBOURHOOD PARK,1,TITLED,NO BREAKDOWN,,,CUR002,,CALGARY PARKS,CALGARY PARKS,,ACTIVE,[-114.13180869   51.01815528]
451,,SUBNEIGHBOURHOOD PARK,1,TITLED,NO BREAKDOWN,,,SKR402,,CALGARY PARKS,CALGARY PARKS SHARED,"MAINTAINED AS PER LANDSCAPE MAINTENANCE AGREEMENT, EXPIRES 2042/12/31; SEE PARIS_REPOSITORY\AGREEMENTS\LANDSCAPE_MAINTENANCE_AGREEMENT",ACTIVE,[-113.96363215   51.15966166]
452,,SUBNEIGHBOURHOOD PARK,1,TITLED,NO BREAKDOWN,CULTURALLY SIGNIFICANT SITE,,CRA003,,CALGARY PARKS,CALGARY PARKS,,ACTIVE,[-113.98448624   50.87048351]
453,,SUBNEIGHBOURHOOD PARK,1,TITLED,NO BREAKDOWN,,,WSP003,,CALGARY PARKS,CALGARY PARKS,,ACTIVE,[-114.19565652   51.0578136 ]
454,,SUBNEIGHBOURHOOD PARK,1,TITLED,NO BREAKDOWN,,,WOO613,,CALGARY PARKS,CALGARY PARKS,,ACTIVE,[-114.11617097   50.94476467]
455,HARMONY PARK,SUBNEIGHBOURHOOD PARK,1,TITLED,NO BREAKDOWN,CULTURALLY SIGNIFICANT SITE,,DNC105,,CALGARY PARKS,CALGARY PARKS,,ACTIVE,[-114.06298867   51.04879979]
456,CHINOOK STABLES DEPOT,PARKS DEPOT,1,TITLED,NO BREAKDOWN,,,EVE000,,CALGARY PARKS,CALGARY PARKS,PARKS DEPOT ON SITE,ACTIVE,[-114.12050589   50.90758521]
457,,LINEAR PARK,1,TITLED,NO BREAKDOWN,,,PEN600,,CALGARY PARKS,CALGARY PARKS,,ACTIVE,[-113.95147929   51.03857871]
458,,SUBNEIGHBOURHOOD PARK,1,TITLED,NO BREAKDOWN,,,WBN428,,CALGARY PARKS,CALGARY PARKS,,ACTIVE,[-114.1239419   50.9473281]
459,,COMMUNITY PARK,1,TITLED,NO BREAKDOWN,CULTURALLY SIGNIFICANT SITE,,CED077,,CALGARY PARKS,CALGARY PARKS,OPTIONAL AMENITIES AGREEMENT ON FILE FOR DOG DISPENSERS EXPIRES 2018/10/29,ACTIVE,[-114.13993643   50.9616974 ]
460,,LINEAR PARK,1,TITLED,NO BREAKDOWN,,,PEN601,,CALGARY PARKS,CALGARY PARKS,,ACTIVE,[-113.94028036   51.04444086]
461,,SUBNEIGHBOURHOOD PARK,1,TITLED,NO BREAKDOWN,CULTURALLY SIGNIFICANT SITE,,EPK293,,CALGARY PARKS SHARED,CALGARY PARKS,,ACTIVE,[-114.08622522   51.01859298]
462,,SUBNEIGHBOURHOOD PARK,1,TITLED,NO BREAKDOWN,CULTURALLY SIGNIFICANT SITE,,CRM306,,CALGARY PARKS,CALGARY PARKS,,ACTIVE,[-114.2638474    51.08288633]
463,SIGNAL HILL LIBRARY,SUBNEIGHBOURHOOD PARK,1,TITLED,NO BREAKDOWN,CULTURALLY SIGNIFICANT SITE,,SIG749,,CALGARY PARKS SHARED,CALGARY PARKS SHARED,,ACTIVE,[-114.17590608   51.01895135]
464,,SUBNEIGHBOURHOOD PARK,1,TITLED,NO BREAKDOWN,CULTURALLY SIGNIFICANT SITE,,CRA004,,CALGARY PARKS,CALGARY PARKS,,ACTIVE,[-113.98753831   50.87223529]
465,,SUBNEIGHBOURHOOD PARK,1,TITLED,NO BREAKDOWN,,,WSP693,,CALGARY PARKS,CALGARY PARKS SHARED,,ACTIVE,[-114.19007389   51.05801165]
466,CRANSTON ELEM,NEIGHBOURHOOD PARK,1,TITLED,NO BREAKDOWN,CULTURALLY SIGNIFICANT SITE,SITE SPLIT CRA023,CRA023,,"CALGARY PARKS, CBE & CSSB",CALGARY PARKS SHARED,,ACTIVE,[-113.9860977    50.88803071]
467,,SUBNEIGHBOURHOOD PARK,1,TITLED,NO BREAKDOWN,,,SPH978,,CALGARY PARKS,CALGARY PARKS SHARED,,ACTIVE,[-114.1900988    51.02885337]
468,,SUBNEIGHBOURHOOD PARK,1,TITLED,NO BREAKDOWN,,,SKR400,,CALGARY PARKS,CALGARY PARKS SHARED,"MAINTAINED AS PER LANDSCAPE MAINTENANCE AGREEMENT, EXPIRES 2042/12/31; SEE PARIS_REPOSITORY\AGREEMENTS\LANDSCAPE_MAINTENANCE_AGREEMENT",ACTIVE,[-113.96200382   51.16339428]
469,,NEIGHBOURHOOD PARK,1,TITLED,NO BREAKDOWN,CULTURALLY SIGNIFICANT SITE,"2018/12/03:IGNORE ERROR, IT IS DUE TO TITLED AND BVM DO NOT WORK TOGETHER",STA667,,CALGARY PARKS SHARED,CALGARY PARKS SHARED,LEGAL PARCELS OVERLAP STREET,ACTIVE,[-114.11922726   51.06599085]
470,,LINEAR PARK,1,TITLED,NO BREAKDOWN,,,PEN602,,CALGARY PARKS,CALGARY PARKS,,ACTIVE,[-113.937066     51.04647434]
471,,SUBNEIGHBOURHOOD PARK,1,TITLED,NO BREAKDOWN,,,SVO001,,CALGARY PARKS,CALGARY PARKS,OPTIONAL AMENITIES ON SITE,ACTIVE,[-114.08414043   50.88328562]
472,,NEIGHBOURHOOD PARK,1,TITLED,NO BREAKDOWN,,,ROC204,,CALGARY PARKS,CALGARY PARKS,,ACTIVE,[-114.24294608   51.14853238]
473,,SUBNEIGHBOURHOOD PARK,1,TITLED,NO BREAKDOWN,,,THO572,,CALGARY PARKS,CALGARY PARKS,,ACTIVE,[-114.07089727   51.0963583 ]
474,,SUBNEIGHBOURHOOD PARK,1,TITLED,NO BREAKDOWN,CULTURALLY SIGNIFICANT SITE,,CRA130,,CALGARY PARKS,CALGARY PARKS,,ACTIVE,[-113.98992436   50.88579621]
475,,SUBNEIGHBOURHOOD PARK,1,TITLED,NO BREAKDOWN,,,MRL523,,CALGARY PARKS,CALGARY PARKS,,ACTIVE,[-113.97281002   51.05462851]
476,,LINEAR PARK,1,TITLED,NO BREAKDOWN,CULTURALLY SIGNIFICANT SITE,SITE SPLIT RIV880: NEW SITE RIV705,RIV705,,CALGARY PARKS SHARED,CALGARY PARKS SHARED,,ACTIVE,[-114.01655938   50.96502153]
477,,NEIGHBOURHOOD PARK,1,TITLED,NO BREAKDOWN,CULTURALLY SIGNIFICANT SITE,,HID530,,CALGARY PARKS SHARED,CALGARY PARKS SHARED,,ACTIVE,[-114.11494142   51.15278316]
478,,NON-PARK,1,TITLED,NO BREAKDOWN,,,DAL201,,CALGARY PARKS,CALGARY PARKS,,ACTIVE,[-114.16055066   51.11140149]
479,,NEIGHBOURHOOD PARK,1,TITLED,NO BREAKDOWN,CULTURALLY SIGNIFICANT SITE,CCC/FAC DOCUMENT FOR CHILD SITE_ELEMENT POLYGONS ARE SPLIT BY THE EASTERN PATHWAY,CRA907,,CALGARY PARKS SHARED,CALGARY PARKS SHARED,,ACTIVE,[-113.98051249   50.86498202]
480,,NEIGHBOURHOOD PARK,1,TITLED,NO BREAKDOWN,,,ROC202,,CALGARY PARKS,CALGARY PARKS,,ACTIVE,[-114.23680635   51.1522525 ]
481,,SUBNEIGHBOURHOOD PARK,1,TITLED,NO BREAKDOWN,,,AUB003,,CALGARY PARKS,CALGARY PARKS SHARED,,ACTIVE,[-113.95014158   50.88658353]
482,,DISTRICT PARK,1,TITLED,NO BREAKDOWN,CULTURALLY SIGNIFICANT SITE,SITE SPLIT COV945,COV945,,CALGARY PARKS,CALGARY PARKS,,ACTIVE,[-114.03862483   51.16231809]
483,,SUBNEIGHBOURHOOD PARK,1,TITLED,NO BREAKDOWN,,,AUB004,,CALGARY PARKS,CALGARY PARKS SHARED,,ACTIVE,[-113.95114473   50.88621239]
484,,SUBNEIGHBOURHOOD PARK,1,TITLED,NO BREAKDOWN,,,AUB005,,CALGARY PARKS,CALGARY PARKS SHARED,,ACTIVE,[-113.95225409   50.88858751]
485,,SUBNEIGHBOURHOOD PARK,1,TITLED,NO BREAKDOWN,CULTURALLY SIGNIFICANT SITE,,SPH022,,CALGARY PARKS,CALGARY PARKS,,ACTIVE,[-114.19504229   51.02300151]
486,,SUBNEIGHBOURHOOD PARK,1,TITLED,NO BREAKDOWN,,,CHK009,,CALGARY PARKS,CALGARY PARKS,,ACTIVE,[-114.09034415   50.98143517]
487,,SUBNEIGHBOURHOOD PARK,1,TITLED,NO BREAKDOWN,CULTURALLY SIGNIFICANT SITE,,CGR220,,CALGARY PARKS,CALGARY PARKS SHARED,,ACTIVE,[-114.20774082   51.0712547 ]
488,,SUBNEIGHBOURHOOD PARK,1,TITLED,NO BREAKDOWN,CULTURALLY SIGNIFICANT SITE,,CHA274,,CALGARY PARKS,CALGARY PARKS,,ACTIVE,[-114.04117567   50.88083364]
489,,SUBNEIGHBOURHOOD PARK,1,TITLED,NO BREAKDOWN,,,PUM035,,CALGARY PARKS,CALGARY PARKS,,ACTIVE,[-114.1036555    50.96538189]
490,,SUBNEIGHBOURHOOD PARK,1,TITLED,NO BREAKDOWN,,,SAD382,,CALGARY PARKS,CALGARY PARKS,,ACTIVE,[-113.92982046   51.13614599]
491,,SUBNEIGHBOURHOOD PARK,1,TITLED,NO BREAKDOWN,CULTURALLY SIGNIFICANT SITE,,CHA836,,CALGARY PARKS,CALGARY PARKS,,ACTIVE,[-114.04780078   50.88574981]
492,,NEIGHBOURHOOD PARK,1,TITLED,NO BREAKDOWN,CULTURALLY SIGNIFICANT SITE,,SVO012,,CALGARY PARKS,CALGARY PARKS,,ACTIVE,[-114.05905174   50.87617435]
493,,SUBNEIGHBOURHOOD PARK,1,TITLED,NO BREAKDOWN,,,NEB880,,CALGARY PARKS,CALGARY PARKS SHARED,,ACTIVE,[-113.93735167   50.91686175]
494,,SUBNEIGHBOURHOOD PARK,1,TITLED,NO BREAKDOWN,CULTURALLY SIGNIFICANT SITE,,SCE434,,CALGARY PARKS,CALGARY PARKS,"MAINTAINED AS PER LANDSCAPE MAINTENANCE AGREEMENT, EXPIRES 2042/12/31; SEE PARIS_REPOSITORY\AGREEMENTS\LANDSCAPE_MAINTENANCE_AGREEMENT",ACTIVE,[-114.22715392   51.12510823]
495,,NEIGHBOURHOOD PARK,1,TITLED,NO BREAKDOWN,CULTURALLY SIGNIFICANT SITE,,ST1019,,CALGARY PARKS,CALGARY PARKS,,ACTIVE,[-114.01684674   51.16645166]
496,BANFF TRAIL ELEM,NEIGHBOURHOOD PARK,1,TITLED,NO BREAKDOWN,,,CHW404,,CALGARY PARKS SHARED,CALGARY PARKS SHARED,,ACTIVE,[-114.11661939   51.08121787]
497,,LINEAR PARK,1,TITLED,NO BREAKDOWN,CULTURALLY SIGNIFICANT SITE,,MCK638,,CALGARY PARKS,CALGARY PARKS,,ACTIVE,[-113.98707772   50.91939505]
498,ECOLE SAINTE MARGUERITE BOURGEOYS; LA CITE DES ROCHEUSES,DISTRICT PARK,1,TITLED,NO BREAKDOWN,,,CUR552,,CALGARY PARKS SHARED,CALGARY PARKS SHARED,,ACTIVE,[-114.12156867   51.0107494 ]
499,,SUBNEIGHBOURHOOD PARK,1,TITLED,NO BREAKDOWN,CULTURALLY SIGNIFICANT SITE,,WWO002,,CALGARY PARKS,DEVELOPER CONSTRUCTION,,ACTIVE,[-114.00148043   50.87385864]
500,BOTANICAL GARDENS OF SILVER SPRINGS; BIRTHPLACE FOREST 2002,DISTRICT PARK,1,TITLED,NO BREAKDOWN,CULTURALLY SIGNIFICANT SITE,,SIL251,,CALGARY PARKS,CALGARY PARKS,,ACTIVE,[-114.18235759   51.107231  ]
501,,SUBNEIGHBOURHOOD PARK,1,TITLED,NO BREAKDOWN,,,WSP045,,CALGARY PARKS,CALGARY PARKS,,ACTIVE,[-114.19350927   51.05403736]
502,,SUBNEIGHBOURHOOD PARK,1,TITLED,NO BREAKDOWN,CULTURALLY SIGNIFICANT SITE,IGNORE ERROR BVAP ACTIVE BEFORE REST OF SITE,CRA065,,CALGARY PARKS,DEVELOPER CONSTRUCTION,,ACTIVE,[-113.98873509   50.87701932]
503,,LINEAR PARK,1,TITLED,NO BREAKDOWN,,,PAN038,,CALGARY PARKS,CALGARY PARKS,,ACTIVE,[-114.0815824    51.15986734]
504,,DISTRICT PARK,1,TITLED,NO BREAKDOWN,,SITE SPLIT WIN800: NEW SITE WIN300,WIN300,,CALGARY PARKS,CALGARY PARKS SHARED,FENCE AROUND MIDFIELD TRAILER PARK BELONGS TO RE&DS; MOSTLY MAINTAINED BY LEASE HOLDER,ACTIVE,[-114.03867262   51.06938297]
505,,COMMUNITY PARK,1,TITLED,NO BREAKDOWN,,,HAW161,,CALGARY PARKS,CALGARY PARKS SHARED,"MAINTAINED AS PER LANDSCAPE MAINTENANCE AGREEMENT, EXPIRES 2042/12/31; SEE PARIS_REPOSITORY\AGREEMENTS\LANDSCAPE_MAINTENANCE_AGREEMENT",ACTIVE,[-114.17237602   51.12494346]
506,,SUBNEIGHBOURHOOD PARK,1,TITLED,NO BREAKDOWN,,,OGD819,,CALGARY PARKS SHARED,CALGARY PARKS,,ACTIVE,[-113.99933923   50.98026985]
507,,SUBNEIGHBOURHOOD PARK,1,TITLED,NO BREAKDOWN,CULTURALLY SIGNIFICANT SITE,,EDG058,,CALGARY PARKS,CALGARY PARKS SHARED,"MAINTAINED AS PER LANDSCAPE MAINTENANCE AGREEMENT, EXPIRES 2042/12/31; SEE PARIS_REPOSITORY\AGREEMENTS\LANDSCAPE_MAINTENANCE_AGREEMENT",ACTIVE,[-114.1347515    51.12858691]
508,,COMMUNITY PARK,1,TITLED,NO BREAKDOWN,CULTURALLY SIGNIFICANT SITE,,EDG119,,CALGARY PARKS,CALGARY PARKS SHARED,"MAINTAINED AS PER LANDSCAPE MAINTENANCE AGREEMENT, EXPIRES 2042/12/31; SEE PARIS_REPOSITORY\AGREEMENTS\LANDSCAPE_MAINTENANCE_AGREEMENT",ACTIVE,[-114.12531524   51.14006343]
509,,NEIGHBOURHOOD PARK,1,TITLED,NO BREAKDOWN,,,EDG124,,CALGARY PARKS,CALGARY PARKS SHARED,"MAINTAINED AS PER LANDSCAPE MAINTENANCE AGREEMENT, EXPIRES 2042/12/31; SEE PARIS_REPOSITORY\AGREEMENTS\LANDSCAPE_MAINTENANCE_AGREEMENT",ACTIVE,[-114.1590005    51.12461844]
510,,SUBNEIGHBOURHOOD PARK,1,TITLED,NO BREAKDOWN,CULTURALLY SIGNIFICANT SITE,,CRE875,,CALGARY PARKS,CALGARY PARKS,,ACTIVE,[-114.06352112   51.05792851]
511,,SUBNEIGHBOURHOOD PARK,1,TITLED,NO BREAKDOWN,,,SAD501,,CALGARY PARKS,CALGARY PARKS,,ACTIVE,[-113.96189245   51.13385686]
512,ST HENRY ELEM SCHOOL,NEIGHBOURHOOD PARK,1,TITLED,NO BREAKDOWN,,,HUN842,,CALGARY PARKS,CALGARY PARKS SHARED,,ACTIVE,[-114.08104466   51.11712781]
513,,NEIGHBOURHOOD PARK,1,TITLED,NO BREAKDOWN,CULTURALLY SIGNIFICANT SITE,,HUN716,,CALGARY PARKS,CALGARY PARKS,,ACTIVE,[-114.05220106   51.12189689]
514,,SUBNEIGHBOURHOOD PARK,1,TITLED,NO BREAKDOWN,,,LKB507,,CALGARY PARKS,CALGARY PARKS,,ACTIVE,[-114.05036979   50.94516303]
515,,SUBNEIGHBOURHOOD PARK,1,TITLED,NO BREAKDOWN,CULTURALLY SIGNIFICANT SITE,,MID363,,CALGARY PARKS,CALGARY PARKS,,ACTIVE,[-114.06392914   50.91877365]
516,,SUBNEIGHBOURHOOD PARK,1,TITLED,NO BREAKDOWN,,,MCT801,,CALGARY PARKS,CALGARY PARKS SHARED,"MAINTAINED AS PER LANDSCAPE MAINTENANCE AGREEMENT, EXPIRES 2042/12/31; SEE PARIS_REPOSITORY\AGREEMENTS\LANDSCAPE_MAINTENANCE_AGREEMENT",ACTIVE,[-113.96735235   50.91492143]
517,,SUBNEIGHBOURHOOD PARK,1,TITLED,NO BREAKDOWN,,,MCT809,,CALGARY PARKS,CALGARY PARKS SHARED,"MAINTAINED AS PER LANDSCAPE MAINTENANCE AGREEMENT, EXPIRES 2042/12/31; SEE PARIS_REPOSITORY\AGREEMENTS\LANDSCAPE_MAINTENANCE_AGREEMENT",ACTIVE,[-113.96449709   50.91897596]
518,,SUBNEIGHBOURHOOD PARK,1,TITLED,NO BREAKDOWN,,,EVE107,,CALGARY PARKS,CALGARY PARKS,,ACTIVE,[-114.10496199   50.91433174]
519,,SUBNEIGHBOURHOOD PARK,1,TITLED,NO BREAKDOWN,,,MID383,,CALGARY PARKS,CALGARY PARKS,,ACTIVE,[-114.06016566   50.90991865]
520,,SUBNEIGHBOURHOOD PARK,1,TITLED,NO BREAKDOWN,,,MID415,,CALGARY PARKS,CALGARY PARKS,,ACTIVE,[-114.06158625   50.9117349 ]
521,,SUBNEIGHBOURHOOD PARK,1,TITLED,NO BREAKDOWN,,,HAW160,,CALGARY PARKS,CALGARY PARKS SHARED,"MAINTAINED AS PER LANDSCAPE MAINTENANCE AGREEMENT, EXPIRES 2042/12/31; SEE PARIS_REPOSITORY\AGREEMENTS\LANDSCAPE_MAINTENANCE_AGREEMENT",ACTIVE,[-114.17293835   51.13482851]
522,,NEIGHBOURHOOD PARK,1,TITLED,NO BREAKDOWN,,,GBK610,,CALGARY PARKS,CALGARY PARKS,,ACTIVE,[-114.15408305   51.02899828]
523,,SUBNEIGHBOURHOOD PARK,1,TITLED,NO BREAKDOWN,,,LKB506,,CALGARY PARKS,CALGARY PARKS,,ACTIVE,[-114.04843764   50.94658066]
524,,SUBNEIGHBOURHOOD PARK,1,TITLED,NO BREAKDOWN,,,HAR637,,CALGARY PARKS,CALGARY PARKS,,ACTIVE,[-114.05170891   51.15277055]
525,,SUBNEIGHBOURHOOD PARK,1,TITLED,NO BREAKDOWN,,,HOU486,,CALGARY PARKS,CALGARY PARKS,,ACTIVE,[-114.11734553   51.06639365]
526,,SUBNEIGHBOURHOOD PARK,1,TITLED,NO BREAKDOWN,,,HUN589,,CALGARY PARKS,CALGARY PARKS,,ACTIVE,[-114.08168582   51.12006706]
527,,SUBNEIGHBOURHOOD PARK,1,TITLED,NO BREAKDOWN,CULTURALLY SIGNIFICANT SITE,,HUN591,,CALGARY PARKS,CALGARY PARKS,,ACTIVE,[-114.08509263   51.11953346]
528,,SUBNEIGHBOURHOOD PARK,1,TITLED,NO BREAKDOWN,,,HPK822,,CALGARY PARKS,CALGARY PARKS,,ACTIVE,[-114.0667877    51.09255045]
529,,SUBNEIGHBOURHOOD PARK,1,TITLED,NO BREAKDOWN,,,MEA367,,CALGARY PARKS,CALGARY PARKS,,ACTIVE,[-114.07672795   50.996723  ]
530,,SUBNEIGHBOURHOOD PARK,1,TITLED,NO BREAKDOWN,,,MLR403,,CALGARY PARKS,CALGARY PARKS,,ACTIVE,[-114.07660123   50.91509911]
531,,SUBNEIGHBOURHOOD PARK,1,TITLED,NO BREAKDOWN,,,MLR416,,CALGARY PARKS,CALGARY PARKS,,ACTIVE,[-114.0888049    50.91663477]
532,,DISTRICT PARK,1,TITLED,NO BREAKDOWN,,,EDG143,,CALGARY PARKS,CALGARY PARKS SHARED,"IMPORTANT: THIS SITE HAS AN UNDERGOUND WATER RESERVOIR, NO TRUCKS AND ONLY LIGHT MOWERS ARE ALLOWED ON THIS SITE. NO PESTICIDE OR HEBICIDE APPLICATION ALLOWED",ACTIVE,[-114.14977342   51.11609736]
533,,SUBNEIGHBOURHOOD PARK,1,TITLED,NO BREAKDOWN,,,ASP102,,CALGARY PARKS,CALGARY PARKS SHARED,,ACTIVE,[-114.20884192   51.0422084 ]
534,,SUBNEIGHBOURHOOD PARK,1,TITLED,NO BREAKDOWN,,,EDG150,,CALGARY PARKS,CALGARY PARKS SHARED,"MAINTAINED AS PER LANDSCAPE MAINTENANCE AGREEMENT, EXPIRES 2042/12/31; SEE PARIS_REPOSITORY\AGREEMENTS\LANDSCAPE_MAINTENANCE_AGREEMENT",ACTIVE,[-114.14356033   51.1260265 ]
535,,SUBNEIGHBOURHOOD PARK,1,TITLED,NO BREAKDOWN,,,HUN587,,CALGARY PARKS,CALGARY PARKS,,ACTIVE,[-114.07128408   51.11836863]
536,GLENBROOK ELEM,NEIGHBOURHOOD PARK,1,TITLED,NO BREAKDOWN,,,GBK607,,CALGARY PARKS SHARED,CALGARY PARKS SHARED,,ACTIVE,[-114.15385196   51.02323346]
537,,NON-PARK,1,TITLED,NO BREAKDOWN,CULTURALLY SIGNIFICANT SITE,,ACA194,,CALGARY PARKS SHARED,CALGARY PARKS SHARED,,ACTIVE,[-114.03658236   50.96873206]
538,,NEIGHBOURHOOD PARK,1,TITLED,NO BREAKDOWN,,,COR209,,CALGARY PARKS SHARED,CALGARY PARKS,,ACTIVE,[-113.92454158   51.10473749]
539,,SUBNEIGHBOURHOOD PARK,1,TITLED,NO BREAKDOWN,,,COR353,,CALGARY PARKS,CALGARY PARKS,,ACTIVE,[-113.92566163   51.10056093]
540,,NON-PARK,1,TITLED,NO BREAKDOWN,,,DAL200,,CALGARY PARKS,CALGARY PARKS,,ACTIVE,[-114.15665184   51.10968156]
541,BOWNESS PARK EAST NATURAL AREA,REGIONAL PARK,1,TITLED,NO BREAKDOWN,CULTURALLY SIGNIFICANT SITE,SITE SPLIT BOW220: NEW SITE BOW221 FOR NATURAL AREA EAST OF 85TH ST,BOW221,,CALGARY PARKS SHARED,CALGARY PARKS,PARKS DEPOT ON SITE,ACTIVE,[-114.20862768   51.09710577]
542,DON BOSCO ELEM SCHOOL,COMMUNITY PARK,1,TITLED,NO BREAKDOWN,CULTURALLY SIGNIFICANT SITE,,DRG543,,CALGARY PARKS,CALGARY PARKS,,ACTIVE,[-114.01921853   50.93066619]
543,,LINEAR PARK,1,TITLED,NO BREAKDOWN,CULTURALLY SIGNIFICANT SITE,,RIV878,,CALGARY PARKS,CALGARY PARKS,,ACTIVE,[-114.01208284   50.97226818]
544,BUFFALO RUBBING STONE ELEM,NEIGHBOURHOOD PARK,1,TITLED,NO BREAKDOWN,CULTURALLY SIGNIFICANT SITE,,PAN014,,CALGARY PARKS SHARED,CALGARY PARKS,,ACTIVE,[-114.08692217   51.16794018]
545,,NEIGHBOURHOOD PARK,1,TITLED,NO BREAKDOWN,CULTURALLY SIGNIFICANT SITE,,CHA001,,CALGARY PARKS,CALGARY PARKS,,ACTIVE,[-114.01501977   50.87924935]
546,PANORAMA HILLS ELEM,COMMUNITY PARK,1,TITLED,NO BREAKDOWN,CULTURALLY SIGNIFICANT SITE,,PAN443,,CALGARY PARKS SHARED,CALGARY PARKS,,ACTIVE,[-114.08639978   51.15565264]
547,,SUBNEIGHBOURHOOD PARK,1,TITLED,NO BREAKDOWN,CULTURALLY SIGNIFICANT SITE,,PAN451,,CALGARY PARKS,CALGARY PARKS,,ACTIVE,[-114.08621234   51.15038417]
548,SUE HIGGINS PARK,REGIONAL PARK,1,TITLED,NO BREAKDOWN,CULTURALLY SIGNIFICANT SITE,,ACA192,,CALGARY PARKS SHARED,CALGARY PARKS SHARED,,ACTIVE,[-114.02825929   50.96771275]
549,,NEIGHBOURHOOD PARK,1,TITLED,NO BREAKDOWN,CULTURALLY SIGNIFICANT SITE,,EDG046,,CALGARY PARKS,CALGARY PARKS SHARED,"MAINTAINED AS PER LANDSCAPE MAINTENANCE AGREEMENT, EXPIRES 2042/12/31; SEE PARIS_REPOSITORY\AGREEMENTS\LANDSCAPE_MAINTENANCE_AGREEMENT",ACTIVE,[-114.16119038   51.12092125]
550,,DISTRICT PARK,1,TITLED,NO BREAKDOWN,,SITE SPLIT MCI091: ADJUSTED SITE MCI097,MCI097,,CALGARY PARKS SHARED,CALGARY PARKS SHARED,,ACTIVE,[-114.0150223    51.08672345]
551,,SUBNEIGHBOURHOOD PARK,1,TITLED,NO BREAKDOWN,CULTURALLY SIGNIFICANT SITE,,EDG918,,CALGARY PARKS,CALGARY PARKS SHARED,"MAINTAINED AS PER LANDSCAPE MAINTENANCE AGREEMENT, EXPIRES 2042/12/31; SEE PARIS_REPOSITORY\AGREEMENTS\LANDSCAPE_MAINTENANCE_AGREEMENT",ACTIVE,[-114.12666113   51.13235932]
552,,NEIGHBOURHOOD PARK,1,TITLED,NO BREAKDOWN,CULTURALLY SIGNIFICANT SITE,,MID365,,CALGARY PARKS,CALGARY PARKS,,ACTIVE,[-114.0605249    50.91988079]
553,,SUBNEIGHBOURHOOD PARK,1,TITLED,NO BREAKDOWN,CULTURALLY SIGNIFICANT SITE,,MID377,,CALGARY PARKS,CALGARY PARKS,,ACTIVE,[-114.04922938   50.91379906]
554,,NEIGHBOURHOOD PARK,1,TITLED,NO BREAKDOWN,CULTURALLY SIGNIFICANT SITE,,MCK578,,CALGARY PARKS,CALGARY PARKS,,ACTIVE,[-113.99153182   50.91177172]
555,ST JOHN HENRY NEWMAN ELEM & JR HIGH,NEIGHBOURHOOD PARK,1,TITLED,NO BREAKDOWN,,SITE SPLIT MCK579,MCK579,,CALGARY PARKS SHARED,CALGARY PARKS SHARED,,ACTIVE,[-113.98817147   50.90774003]
556,CARBURN PARK; CARBURN PARK DEPOT,REGIONAL PARK,1,TITLED,NO BREAKDOWN,CULTURALLY SIGNIFICANT SITE,SITE SPLIT RIV840,RIV840,,CALGARY PARKS SHARED,CALGARY PARKS SHARED,PARKS DEPOT ON SITE,ACTIVE,[-114.02669421   50.97561671]
557,PEARCE ESTATE PARK; SAM LIVINGSTON FISH HATCHERY; HARVIE PASSAGE,REGIONAL PARK,1,TITLED,NO BREAKDOWN,CULTURALLY SIGNIFICANT SITE,,ING037,,CALGARY PARKS SHARED,CALGARY PARKS SHARED,,ACTIVE,[-114.01334358   51.04111846]
558,,COMMUNITY PARK,1,TITLED,NO BREAKDOWN,,,YKV007,,CALGARY PARKS,CALGARY PARKS,,ACTIVE,[-114.07476703   50.87375766]
559,,NEIGHBOURHOOD PARK,1,TITLED,NO BREAKDOWN,CULTURALLY SIGNIFICANT SITE,,EPK252,,CALGARY PARKS SHARED,CALGARY PARKS,,ACTIVE,[-114.07177976   51.01830361]
560,,COMMUNITY PARK,1,TITLED,NO BREAKDOWN,CULTURALLY SIGNIFICANT SITE,SITE SPLIT HAW014,HAW014,,CALGARY PARKS,CALGARY PARKS SHARED,"MAINTAINED AS PER LANDSCAPE MAINTENANCE AGREEMENT, EXPIRES 2042/12/31; SEE PARIS_REPOSITORY\AGREEMENTS\LANDSCAPE_MAINTENANCE_AGREEMENT",ACTIVE,[-114.17998889   51.12583849]
561,,SUBNEIGHBOURHOOD PARK,1,TITLED,NO BREAKDOWN,CULTURALLY SIGNIFICANT SITE,,ING080,,CALGARY PARKS,CALGARY PARKS SHARED,,ACTIVE,[-114.02794259   51.03795639]
562,,SUBNEIGHBOURHOOD PARK,1,TITLED,NO BREAKDOWN,CULTURALLY SIGNIFICANT SITE,,ING125,,CALGARY PARKS,CALGARY PARKS,,ACTIVE,[-114.02330681   51.03360799]
563,COLONEL WALKER COMMUNITY SCHOOL,NEIGHBOURHOOD PARK,1,TITLED,NO BREAKDOWN,CULTURALLY SIGNIFICANT SITE,HERITAGE SITE,ING225,,CALGARY PARKS SHARED,CALGARY PARKS SHARED,,ACTIVE,[-114.02051633   51.03434557]
564,,SUBNEIGHBOURHOOD PARK,1,TITLED,NO BREAKDOWN,CULTURALLY SIGNIFICANT SITE,,ING226,,CALGARY PARKS,CALGARY PARKS,,ACTIVE,[-114.02401684   51.03354695]
565,,SUBNEIGHBOURHOOD PARK,1,TITLED,NO BREAKDOWN,,,COR373,,CALGARY PARKS,CALGARY PARKS,,ACTIVE,[-113.92432048   51.10868641]
566,,SUBNEIGHBOURHOOD PARK,1,TITLED,NO BREAKDOWN,,,FAI205,,CALGARY PARKS,CALGARY PARKS,,ACTIVE,[-114.05870881   50.98823895]
567,,SUBNEIGHBOURHOOD PARK,1,TITLED,NO BREAKDOWN,,,FAL084,,CALGARY PARKS,CALGARY PARKS,,ACTIVE,[-113.94050472   51.09796619]
568,,SUBNEIGHBOURHOOD PARK,1,TITLED,NO BREAKDOWN,,,FAL085,,CALGARY PARKS,CALGARY PARKS,,ACTIVE,[-113.94220006   51.10263817]
569,,SUBNEIGHBOURHOOD PARK,1,TITLED,NO BREAKDOWN,,,FAL089,,CALGARY PARKS,CALGARY PARKS,,ACTIVE,[-113.93881466   51.10864972]
570,ST JOHN XXIII ELEM & JR HIGH,NEIGHBOURHOOD PARK,1,TITLED,NO BREAKDOWN,,,FAL090,,CALGARY PARKS SHARED,CALGARY PARKS SHARED,,ACTIVE,[-113.9391345    51.10228046]
571,,COMMUNITY PARK,1,TITLED,NO BREAKDOWN,,,DAL077,,CALGARY PARKS,CALGARY PARKS,,ACTIVE,[-114.16372629   51.11809438]
572,,SUBNEIGHBOURHOOD PARK,1,TITLED,NO BREAKDOWN,CULTURALLY SIGNIFICANT SITE,,COV933,,CALGARY PARKS,CALGARY PARKS,,ACTIVE,[-114.04423991   51.15637016]
573,,SUBNEIGHBOURHOOD PARK,1,TITLED,NO BREAKDOWN,CULTURALLY SIGNIFICANT SITE,,HAW148,,CALGARY PARKS,CALGARY PARKS SHARED,"MAINTAINED AS PER LANDSCAPE MAINTENANCE AGREEMENT, EXPIRES 2042/12/31; SEE PARIS_REPOSITORY\AGREEMENTS\LANDSCAPE_MAINTENANCE_AGREEMENT",ACTIVE,[-114.17768104   51.12519199]
574,,SUBNEIGHBOURHOOD PARK,1,TITLED,NO BREAKDOWN,,,HID526,,CALGARY PARKS,CALGARY PARKS,,ACTIVE,[-114.11766674   51.14600049]
575,,SUBNEIGHBOURHOOD PARK,1,TITLED,NO BREAKDOWN,CULTURALLY SIGNIFICANT SITE,,COV934,,CALGARY PARKS,CALGARY PARKS,,ACTIVE,[-114.0421202    51.15835779]
576,,SUBNEIGHBOURHOOD PARK,1,TITLED,NO BREAKDOWN,,,HID532,,CALGARY PARKS,CALGARY PARKS,,ACTIVE,[-114.10427739   51.14322531]
577,,COMMUNITY PARK,1,TITLED,NO BREAKDOWN,CULTURALLY SIGNIFICANT SITE,,HUN728,,CALGARY PARKS SHARED,CALGARY PARKS,,ACTIVE,[-114.09105825   51.1241686 ]
578,CATHERINE NICHOLS GUNN ELEM,NEIGHBOURHOOD PARK,1,TITLED,NO BREAKDOWN,CULTURALLY SIGNIFICANT SITE,,HUN838,,CALGARY PARKS SHARED,CALGARY PARKS SHARED,,ACTIVE,[-114.05839919   51.11143582]
579,,SUBNEIGHBOURHOOD PARK,1,TITLED,NO BREAKDOWN,,,COU009,,CALGARY PARKS,CALGARY PARKS,,ACTIVE,[-114.06721777   51.14879262]
580,,SUBNEIGHBOURHOOD PARK,1,TITLED,NO BREAKDOWN,,,COU453,,CALGARY PARKS,CALGARY PARKS,,ACTIVE,[-114.0694722    51.14557754]
581,,LINEAR PARK,1,TITLED,NO BREAKDOWN,CULTURALLY SIGNIFICANT SITE,,COU669,,CALGARY PARKS,CALGARY PARKS,,ACTIVE,[-114.08295511   51.14069376]
582,,SUBNEIGHBOURHOOD PARK,1,TITLED,NO BREAKDOWN,CULTURALLY SIGNIFICANT SITE,,EDG057,,CALGARY PARKS,CALGARY PARKS SHARED,"MAINTAINED AS PER LANDSCAPE MAINTENANCE AGREEMENT, EXPIRES 2042/12/31; SEE PARIS_REPOSITORY\AGREEMENTS\LANDSCAPE_MAINTENANCE_AGREEMENT",ACTIVE,[-114.1451453    51.12195516]
583,MAYLAND HEIGHTS ELEMENTARY SCHOOL,COMMUNITY PARK,1,TITLED,NO BREAKDOWN,CULTURALLY SIGNIFICANT SITE,,MAL507,,CALGARY PARKS SHARED,CALGARY PARKS SHARED,,ACTIVE,[-114.00656351   51.05889563]
584,,SUBNEIGHBOURHOOD PARK,1,TITLED,NO BREAKDOWN,,,GLA639,,CALGARY PARKS,CALGARY PARKS,,ACTIVE,[-114.15361166   51.014258  ]
585,,SUBNEIGHBOURHOOD PARK,1,TITLED,NO BREAKDOWN,,,GDL649,,CALGARY PARKS,CALGARY PARKS,,ACTIVE,[-114.14427574   51.03066636]
586,HENRY WISE WOOD HIGH SCHOOL; CHINOOK PARK ELEM,COMMUNITY PARK,1,TITLED,NO BREAKDOWN,,,KEL006,,CALGARY PARKS SHARED,CALGARY PARKS SHARED,,ACTIVE,[-114.08604682   50.98633828]
587,,SUBNEIGHBOURHOOD PARK,1,TITLED,NO BREAKDOWN,CULTURALLY SIGNIFICANT SITE,,LKV508,,CALGARY PARKS,CALGARY PARKS,,ACTIVE,[-114.11834953   50.99107129]
588,,NEIGHBOURHOOD PARK,1,TITLED,NO BREAKDOWN,CULTURALLY SIGNIFICANT SITE,,HID240,,CALGARY PARKS,CALGARY PARKS,,ACTIVE,[-114.10305807   51.15874957]
589,,NEIGHBOURHOOD PARK,1,TITLED,NO BREAKDOWN,,,CSC022,,CALGARY PARKS,DEVELOPER CONSTRUCTION,,ACTIVE,[-113.95571345   51.15323151]
590,KILLARNEY SWIMMING POOL AND PARK,NEIGHBOURHOOD PARK,1,TITLED,NO BREAKDOWN,,,KIL874,,CALGARY PARKS SHARED,CALGARY PARKS SHARED,,ACTIVE,[-114.13045481   51.03609137]
591,,SUBNEIGHBOURHOOD PARK,1,TITLED,NO BREAKDOWN,,,LKB461,,CALGARY PARKS,CALGARY PARKS,,ACTIVE,[-114.04643042   50.93600726]
592,,NEIGHBOURHOOD PARK,1,TITLED,NO BREAKDOWN,,,LKV533,,CALGARY PARKS,CALGARY PARKS,,ACTIVE,[-114.12950466   51.00255992]
593,,SUBNEIGHBOURHOOD PARK,1,TITLED,NO BREAKDOWN,,,EDG048,,CALGARY PARKS,CALGARY PARKS SHARED,"MAINTAINED AS PER LANDSCAPE MAINTENANCE AGREEMENT, EXPIRES 2042/12/31; SEE PARIS_REPOSITORY\AGREEMENTS\LANDSCAPE_MAINTENANCE_AGREEMENT",ACTIVE,[-114.15536905   51.12279491]
594,,SUBNEIGHBOURHOOD PARK,1,TITLED,NO BREAKDOWN,,,FLN752,,CALGARY PARKS,CALGARY PARKS,,ACTIVE,[-113.96828902   51.03572987]
595,,SUBNEIGHBOURHOOD PARK,1,TITLED,NO BREAKDOWN,,,GDL877,,CALGARY PARKS,CALGARY PARKS,,ACTIVE,[-114.14285655   51.03430905]
596,,SUBNEIGHBOURHOOD PARK,1,TITLED,NO BREAKDOWN,,,GBK612,,CALGARY PARKS,CALGARY PARKS,,ACTIVE,[-114.14400624   51.02970022]
597,,SUBNEIGHBOURHOOD PARK,1,TITLED,NO BREAKDOWN,,,BVD006,,CALGARY PARKS,CALGARY PARKS,,ACTIVE,[-113.90882051   51.03521239]
598,,SUBNEIGHBOURHOOD PARK,1,TITLED,NO BREAKDOWN,CULTURALLY SIGNIFICANT SITE,SITE REFURBISHED BY ADJACENT CONSTRUCTION - D HAY,LMR294,,CALGARY PARKS,CALGARY PARKS,,ACTIVE,[-114.08204589   51.03535447]
599,ST MARY'S PARK,SUBNEIGHBOURHOOD PARK,1,TITLED,NO BREAKDOWN,CULTURALLY SIGNIFICANT SITE,,MIS241,,CALGARY PARKS,CALGARY PARKS,,ACTIVE,[-114.06538313   51.03616979]
600,,SUBNEIGHBOURHOOD PARK,1,TITLED,NO BREAKDOWN,,,MLR404,,CALGARY PARKS,CALGARY PARKS,,ACTIVE,[-114.08118386   50.91605419]
601,,LINEAR PARK,1,TITLED,NO BREAKDOWN,,,MLR417,,CALGARY PARKS,CALGARY PARKS,,ACTIVE,[-114.09683362   50.91576907]
602,,SUBNEIGHBOURHOOD PARK,1,TITLED,NO BREAKDOWN,,,GBK604,,CALGARY PARKS,CALGARY PARKS,,ACTIVE,[-114.16037829   51.02232549]
603,,SUBNEIGHBOURHOOD PARK,1,TITLED,NO BREAKDOWN,,,GBK613,,CALGARY PARKS,CALGARY PARKS,,ACTIVE,[-114.14401953   51.02903675]
604,,SUBNEIGHBOURHOOD PARK,1,TITLED,NO BREAKDOWN,,,CRA038,,CALGARY PARKS,CALGARY PARKS,,ACTIVE,[-113.97446911   50.88769656]
605,,SUBNEIGHBOURHOOD PARK,1,TITLED,NO BREAKDOWN,,,MOR300,,CALGARY PARKS,CALGARY PARKS,,ACTIVE,[-113.93343214   51.07330328]
606,,SUBNEIGHBOURHOOD PARK,1,TITLED,NO BREAKDOWN,,,MAL502,,CALGARY PARKS,CALGARY PARKS,,ACTIVE,[-114.00356218   51.05647   ]
607,,SUBNEIGHBOURHOOD PARK,1,TITLED,NO BREAKDOWN,,,DRG552,,CALGARY PARKS,CALGARY PARKS,,ACTIVE,[-114.02249121   50.92277497]
608,,SUBNEIGHBOURHOOD PARK,1,TITLED,NO BREAKDOWN,,,MLR602,,CALGARY PARKS,CALGARY PARKS,,ACTIVE,[-114.09244346   50.91976749]
609,WEST DOVER ELEM; DOVER COMMUNITY ASSOC.,NEIGHBOURHOOD PARK,1,TITLED,NO BREAKDOWN,,,DOV771,,CALGARY PARKS SHARED,CALGARY PARKS SHARED,LEASE ON SITE,ACTIVE,[-113.99072006   51.02651764]
610,,SUBNEIGHBOURHOOD PARK,1,TITLED,NO BREAKDOWN,,,DOV780,,CALGARY PARKS,CALGARY PARKS,,ACTIVE,[-113.99148244   51.01848447]
611,,SUBNEIGHBOURHOOD PARK,1,TITLED,NO BREAKDOWN,,,DOV786,,CALGARY PARKS,CALGARY PARKS,,ACTIVE,[-114.0009817    51.01887192]
612,SOUTH FISH CREEK RECREATION COMPLEX; BISHOP O'BYRNE SR HIGH,DISTRICT PARK,1,TITLED,NO BREAKDOWN,,,SHN359,,CALGARY PARKS SHARED,CALGARY PARKS SHARED,CORPORATE PROPERITES IS THE STEWARD OF THE SOUTH SITE ELMENT,ACTIVE,[-114.06265238   50.89691543]
613,,COMMUNITY PARK,1,TITLED,NO BREAKDOWN,,,COU015,,CALGARY PARKS SHARED,CALGARY PARKS,,ACTIVE,[-114.07133043   51.14738287]
614,,SUBNEIGHBOURHOOD PARK,1,TITLED,NO BREAKDOWN,CULTURALLY SIGNIFICANT SITE,,COU670,,CALGARY PARKS,CALGARY PARKS,,ACTIVE,[-114.08399011   51.14079593]
615,,COMMUNITY PARK,1,TITLED,NO BREAKDOWN,CULTURALLY SIGNIFICANT SITE,,DIS112,,CALGARY PARKS,CALGARY PARKS SHARED,"MAINTAINED AS PER LANDSCAPE MAINTENANCE AGREEMENT, EXPIRES 2042/12/31; SEE PARIS_REPOSITORY\AGREEMENTS\LANDSCAPE_MAINTENANCE_AGREEMENT; 2021/01/29: MOU ON  TRAP LOW LOCATED IN RESPOITORY AGREEMENTS\LOU & MOU\DIS112",ACTIVE,[-114.21959455   51.0175928 ]
616,,SUBNEIGHBOURHOOD PARK,1,TITLED,NO BREAKDOWN,CULTURALLY SIGNIFICANT SITE,,COU647,,CALGARY PARKS,CALGARY PARKS,,ACTIVE,[-114.08347238   51.14031884]
617,,SUBNEIGHBOURHOOD PARK,1,TITLED,NO BREAKDOWN,CULTURALLY SIGNIFICANT SITE,,ING026,,CALGARY PARKS,CALGARY PARKS,,ACTIVE,[-114.01752508   51.03404556]
618,INGLEWOOD LAWN BOWLING,SUBNEIGHBOURHOOD PARK,1,TITLED,NO BREAKDOWN,CULTURALLY SIGNIFICANT SITE,,ING017,,CALGARY PARKS,CALGARY PARKS,,ACTIVE,[-114.03404743   51.04200503]
619,,SUBNEIGHBOURHOOD PARK,1,TITLED,NO BREAKDOWN,CULTURALLY SIGNIFICANT SITE,,ING032,,CALGARY PARKS,CALGARY PARKS,,ACTIVE,[-114.02567875   51.04090139]
620,,SUBNEIGHBOURHOOD PARK,1,TITLED,NO BREAKDOWN,,,DAL073,,CALGARY PARKS,CALGARY PARKS,,ACTIVE,[-114.17185653   51.11520043]
621,,SUBNEIGHBOURHOOD PARK,1,TITLED,NO BREAKDOWN,,,DAL074,,CALGARY PARKS,CALGARY PARKS,,ACTIVE,[-114.17443661   51.11271461]
622,,SUBNEIGHBOURHOOD PARK,1,TITLED,NO BREAKDOWN,,,DAL085,,CALGARY PARKS,CALGARY PARKS,,ACTIVE,[-114.15628365   51.11166299]
623,,SUBNEIGHBOURHOOD PARK,1,TITLED,NO BREAKDOWN,,,DAL090,,CALGARY PARKS,CALGARY PARKS,,ACTIVE,[-114.14783892   51.10876915]
624,,SUBNEIGHBOURHOOD PARK,1,TITLED,NO BREAKDOWN,,,DAL094,,CALGARY PARKS,CALGARY PARKS,,ACTIVE,[-114.15726177   51.10878981]
625,,NEIGHBOURHOOD PARK,1,TITLED,NO BREAKDOWN,CULTURALLY SIGNIFICANT SITE,,DAL096,,CALGARY PARKS,CALGARY PARKS,,ACTIVE,[-114.15167422   51.10216529]
626,,SUBNEIGHBOURHOOD PARK,1,TITLED,NO BREAKDOWN,,,DAL188,,CALGARY PARKS,CALGARY PARKS,,ACTIVE,[-114.15323206   51.11238522]
627,,NEIGHBOURHOOD PARK,1,TITLED,NO BREAKDOWN,CULTURALLY SIGNIFICANT SITE,,EDG120,,CALGARY PARKS,CALGARY PARKS SHARED,"MAINTAINED AS PER LANDSCAPE MAINTENANCE AGREEMENT, EXPIRES 2042/12/31; SEE PARIS_REPOSITORY\AGREEMENTS\LANDSCAPE_MAINTENANCE_AGREEMENT",ACTIVE,[-114.15265777   51.12534156]
628,,SUBNEIGHBOURHOOD PARK,1,TITLED,NO BREAKDOWN,,,FAI204,,CALGARY PARKS,CALGARY PARKS,,ACTIVE,[-114.05836242   50.98972038]
629,,LINEAR PARK,1,TITLED,NO BREAKDOWN,,,EVE903,,CALGARY PARKS,CALGARY PARKS,,ACTIVE,[-114.10402573   50.91003277]
630,WESTERN IRRIGATION DISTRICT (WID) CANAL 2,LINEAR PARK,1,TITLED,NO BREAKDOWN,,,12A898,ONTAINS PART OF GREENWAY; WID CANAL MAINTENANCE AGREEMENT SITE - EXPIRES 2042/05/31; SEE REPOSITORY FOR AGREEMENT R:\AGREEMENTS\PROVINCIAL_CITY_MAINTENANCE\WID CANAL AGREEMENT,CALGARY PARKS SHARED,CALGARY PARKS SHARED,CONTAINS PART OF GREENWAY; WID CANAL MAINTENANCE AGREEMENT SITE - EXPIRES 2042/05/31; SEE REPOSITORY FOR AGREEMENT R:\AGREEMENTS\PROVINCIAL_CITY_MAINTENANCE\WID CANAL AGREEMENT,ACTIVE,[-113.90999487   50.97299191]
631,,SUBNEIGHBOURHOOD PARK,1,TITLED,NO BREAKDOWN,,,EVE905,,CALGARY PARKS,CALGARY PARKS,,ACTIVE,[-114.10503314   50.91067034]
632,,LINEAR PARK,1,TITLED,NO BREAKDOWN,,,EVE912,,CALGARY PARKS,CALGARY PARKS,,ACTIVE,[-114.09959502   50.90677492]
633,,LINEAR PARK,1,TITLED,NO BREAKDOWN,,,GLA624,,CALGARY PARKS SHARED,CALGARY PARKS,,ACTIVE,[-114.14412165   51.01943986]
634,,LINEAR PARK,1,TITLED,NO BREAKDOWN,,,GLA626,,CALGARY PARKS,CALGARY PARKS,,ACTIVE,[-114.14648231   51.0191036 ]
635,,COMMUNITY PARK,1,TITLED,NO BREAKDOWN,CULTURALLY SIGNIFICANT SITE,,EDG975,,CALGARY PARKS,CALGARY PARKS SHARED,"MAINTAINED AS PER LANDSCAPE MAINTENANCE AGREEMENT, EXPIRES 2042/12/31; SEE PARIS_REPOSITORY\AGREEMENTS\LANDSCAPE_MAINTENANCE_AGREEMENT",ACTIVE,[-114.12810533   51.1360234 ]
636,,NEIGHBOURHOOD PARK,1,TITLED,NO BREAKDOWN,CULTURALLY SIGNIFICANT SITE,,EDG974,,CALGARY PARKS,CALGARY PARKS SHARED,"MAINTAINED AS PER LANDSCAPE MAINTENANCE AGREEMENT, EXPIRES 2042/12/31; SEE PARIS_REPOSITORY\AGREEMENTS\LANDSCAPE_MAINTENANCE_AGREEMENT",ACTIVE,[-114.12909233   51.13198304]
637,,NEIGHBOURHOOD PARK,1,TITLED,NO BREAKDOWN,CULTURALLY SIGNIFICANT SITE,,COA786,,CALGARY PARKS,CALGARY PARKS,,ACTIVE,[-114.17637046   51.05746511]
638,,SUBNEIGHBOURHOOD PARK,1,TITLED,NO BREAKDOWN,,,GLA628,,CALGARY PARKS,CALGARY PARKS,,ACTIVE,[-114.1567369    51.01052389]
639,,SUBNEIGHBOURHOOD PARK,1,TITLED,NO BREAKDOWN,,,GLA629,,CALGARY PARKS,CALGARY PARKS,,ACTIVE,[-114.15468998   51.01428432]
640,,NEIGHBOURHOOD PARK,1,TITLED,NO BREAKDOWN,,,GDL818,,CALGARY PARKS,CALGARY PARKS SHARED,,ACTIVE,[-114.15063288   51.03266234]
641,,SUBNEIGHBOURHOOD PARK,1,TITLED,NO BREAKDOWN,,,GDL879,,CALGARY PARKS,CALGARY PARKS,,ACTIVE,[-114.14715434   51.03596939]
642,,SUBNEIGHBOURHOOD PARK,1,TITLED,NO BREAKDOWN,,,HIW860,,CALGARY PARKS,CALGARY PARKS,,ACTIVE,[-114.07324272   51.08967269]
643,,SUBNEIGHBOURHOOD PARK,1,TITLED,NO BREAKDOWN,CULTURALLY SIGNIFICANT SITE,,HUN625,,CALGARY PARKS,CALGARY PARKS,,ACTIVE,[-114.05728037   51.11449106]
644,,SUBNEIGHBOURHOOD PARK,1,TITLED,NO BREAKDOWN,,,HOU485,,CALGARY PARKS SHARED,CALGARY PARKS,,ACTIVE,[-114.11184595   51.06676389]
645,LOUISE RILEY LIBRARY,NEIGHBOURHOOD PARK,1,TITLED,NO BREAKDOWN,,,HOU543,,CALGARY PARKS SHARED,CALGARY PARKS SHARED,,ACTIVE,[-114.10514365   51.06608224]
646,,NEIGHBOURHOOD PARK,1,TITLED,NO BREAKDOWN,CULTURALLY SIGNIFICANT SITE,,BRD889,,CALGARY PARKS SHARED,CALGARY PARKS SHARED,,ACTIVE,[-114.01760681   51.04565885]
647,,SUBNEIGHBOURHOOD PARK,1,TITLED,NO BREAKDOWN,CULTURALLY SIGNIFICANT SITE,,HUN203,,CALGARY PARKS,CALGARY PARKS,,ACTIVE,[-114.05277969   51.11716779]
648,HUNTINGTON HILLS ELEM,NEIGHBOURHOOD PARK,1,TITLED,NO BREAKDOWN,,,HUN586,,CALGARY PARKS SHARED,CALGARY PARKS SHARED,,ACTIVE,[-114.07768272   51.11269312]
649,,SUBNEIGHBOURHOOD PARK,1,TITLED,NO BREAKDOWN,,,COL374,,CALGARY PARKS,CALGARY PARKS,,ACTIVE,[-114.09767379   51.08051901]
650,,NON-PARK,1,TITLED,NO BREAKDOWN,,,DAL205,,CALGARY PARKS,CALGARY PARKS,,ACTIVE,[-114.16937885   51.11522363]
651,HUNTINGTON HILLS COMMUNITY ASSOC; 78 AVE & CENTRE ST N TRANSIT PARK AND RIDE,COMMUNITY PARK,1,TITLED,NO BREAKDOWN,CULTURALLY SIGNIFICANT SITE,,HUN676,,CALGARY PARKS,CALGARY PARKS SHARED,COMMUNITY LEASE ON SITE,ACTIVE,[-114.07644163   51.12467316]
652,,SUBNEIGHBOURHOOD PARK,1,TITLED,NO BREAKDOWN,,,DAL207,,CALGARY PARKS,CALGARY PARKS,,ACTIVE,[-114.16755286   51.11288634]
653,,SUBNEIGHBOURHOOD PARK,1,TITLED,NO BREAKDOWN,,,EVE102,,CALGARY PARKS,CALGARY PARKS,,ACTIVE,[-114.10070103   50.91465797]
654,,SUBNEIGHBOURHOOD PARK,1,TITLED,NO BREAKDOWN,,,EVE108,,CALGARY PARKS,CALGARY PARKS,,ACTIVE,[-114.10275645   50.91593721]
655,,SUBNEIGHBOURHOOD PARK,1,TITLED,NO BREAKDOWN,,,FAL081,,CALGARY PARKS,CALGARY PARKS,,ACTIVE,[-113.94955481   51.09768907]
656,,SUBNEIGHBOURHOOD PARK,1,TITLED,NO BREAKDOWN,,,FAL082,,CALGARY PARKS,CALGARY PARKS,,ACTIVE,[-113.95318457   51.0998457 ]
657,FALCONRIDGE ELEM,NEIGHBOURHOOD PARK,1,TITLED,NO BREAKDOWN,,,FAL083,,CALGARY PARKS SHARED,CALGARY PARKS SHARED,,ACTIVE,[-113.94578463   51.09846245]
658,ALEX MUNRO ELEM; ST HUBERT ELEM,COMMUNITY PARK,1,TITLED,NO BREAKDOWN,,,HUN683,,CALGARY PARKS SHARED,CALGARY PARKS SHARED,,ACTIVE,[-114.06053477   51.11979259]
659,,SUBNEIGHBOURHOOD PARK,1,TITLED,NO BREAKDOWN,CULTURALLY SIGNIFICANT SITE,,HUN720,,CALGARY PARKS,CALGARY PARKS,,ACTIVE,[-114.05105214   51.12021191]
660,,SUBNEIGHBOURHOOD PARK,1,TITLED,NO BREAKDOWN,,,HUN726,,CALGARY PARKS,CALGARY PARKS,,ACTIVE,[-114.08664583   51.12202688]
661,,LINEAR PARK,1,TITLED,NO BREAKDOWN,CULTURALLY SIGNIFICANT SITE,,HUN835,,CALGARY PARKS,CALGARY PARKS,,ACTIVE,[-114.05217645   51.12499629]
662,,SUBNEIGHBOURHOOD PARK,1,TITLED,NO BREAKDOWN,CULTURALLY SIGNIFICANT SITE,,MAC819,,CALGARY PARKS,CALGARY PARKS,,ACTIVE,[-114.1183798    51.13639819]
663,,SUBNEIGHBOURHOOD PARK,1,TITLED,NO BREAKDOWN,,,MAC939,,CALGARY PARKS,CALGARY PARKS,,ACTIVE,[-114.11906234   51.13812631]
664,,LINEAR PARK,1,TITLED,NO BREAKDOWN,,,MAC951,,CALGARY PARKS,CALGARY PARKS,,ACTIVE,[-114.11705982   51.13834832]
665,,SUBNEIGHBOURHOOD PARK,1,TITLED,NO BREAKDOWN,CULTURALLY SIGNIFICANT SITE,,MAF362,,CALGARY PARKS,CALGARY PARKS,,ACTIVE,[-114.08342711   50.99629593]
666,CROSSROADS COMMUNITY ASSOC,NEIGHBOURHOOD PARK,1,TITLED,NO BREAKDOWN,,,MAL505,,CALGARY PARKS SHARED,CALGARY PARKS SHARED,,ACTIVE,[-114.01921335   51.06421208]
667,,SUBNEIGHBOURHOOD PARK,1,TITLED,NO BREAKDOWN,CULTURALLY SIGNIFICANT SITE,,SKW764,,CALGARY PARKS SHARED,CALGARY PARKS,,ACTIVE,[-114.05209035   51.09676267]
668,,SUBNEIGHBOURHOOD PARK,1,TITLED,NO BREAKDOWN,,,KEL003,,CALGARY PARKS,CALGARY PARKS,,ACTIVE,[-114.08858481   50.99155116]
669,,SUBNEIGHBOURHOOD PARK,1,TITLED,NO BREAKDOWN,,,KEL005,,CALGARY PARKS,CALGARY PARKS,,ACTIVE,[-114.08328453   50.98901937]
670,,SUBNEIGHBOURHOOD PARK,1,TITLED,NO BREAKDOWN,,,GLA627,,CALGARY PARKS,CALGARY PARKS,,ACTIVE,[-114.15522149   51.01628237]
671,,SUBNEIGHBOURHOOD PARK,1,TITLED,NO BREAKDOWN,,,HID527,,CALGARY PARKS,CALGARY PARKS,,ACTIVE,[-114.13094124   51.1476933 ]
672,KILLARNEY ELEM,NEIGHBOURHOOD PARK,1,TITLED,NO BREAKDOWN,,,KIL619,,CALGARY PARKS SHARED,CALGARY PARKS SHARED,,ACTIVE,[-114.13259869   51.02792711]
673,HILLHURST SUNNYSIDE COMMUNITY CENTRE,NEIGHBOURHOOD PARK,1,TITLED,NO BREAKDOWN,CULTURALLY SIGNIFICANT SITE,,HIL477,,CALGARY PARKS,CALGARY PARKS,,ACTIVE,[-114.0936711    51.05761296]
674,,SUBNEIGHBOURHOOD PARK,1,TITLED,NO BREAKDOWN,,,KIN015,,CALGARY PARKS,CALGARY PARKS,,ACTIVE,[-114.08131182   50.98867824]
675,KINGSLAND ELEM (FORMER),NEIGHBOURHOOD PARK,1,TITLED,NO BREAKDOWN,,EMPTY LOT TO NORTH IS PRIVATE LAND AND WILL BE DEVELOPED,KIN203,,CALGARY PARKS,CALGARY PARKS,SCHOOL LAND GIVEN TO CITY IN 2021. SCHOOL BUILDING TO BE DEMOLISHED IN 2024,ACTIVE,[-114.0769491    50.98630502]
676,LAKE BONAVISTA ELEM,NEIGHBOURHOOD PARK,1,TITLED,NO BREAKDOWN,,,LKB458,,CALGARY PARKS SHARED,CALGARY PARKS SHARED,,ACTIVE,[-114.0403086    50.94389865]
677,DALHOUSIE ELEM,NEIGHBOURHOOD PARK,1,TITLED,NO BREAKDOWN,,,DAL092,,CALGARY PARKS SHARED,CALGARY PARKS SHARED,,ACTIVE,[-114.15002059   51.10710184]
678,,COMMUNITY PARK,1,TITLED,NO BREAKDOWN,CULTURALLY SIGNIFICANT SITE,,MON240,,CALGARY PARKS,CALGARY PARKS,,ACTIVE,[-114.15642334   51.07785071]
679,,SUBNEIGHBOURHOOD PARK,1,TITLED,NO BREAKDOWN,CULTURALLY SIGNIFICANT SITE,,MID372,,CALGARY PARKS,CALGARY PARKS,,ACTIVE,[-114.04924855   50.91598497]
680,,SUBNEIGHBOURHOOD PARK,1,TITLED,NO BREAKDOWN,CULTURALLY SIGNIFICANT SITE,,MID375,,CALGARY PARKS,CALGARY PARKS,,ACTIVE,[-114.04296297   50.91136377]
681,,COMMUNITY PARK,1,TITLED,NO BREAKDOWN,CULTURALLY SIGNIFICANT SITE,,COL426,,CALGARY PARKS,CALGARY PARKS,,ACTIVE,[-114.09701196   51.08842976]
682,,SUBNEIGHBOURHOOD PARK,1,TITLED,NO BREAKDOWN,CULTURALLY SIGNIFICANT SITE,,MON242,,CALGARY PARKS,CALGARY PARKS,,ACTIVE,[-114.16074698   51.08134416]
683,,COMMUNITY PARK,1,TITLED,NO BREAKDOWN,,,GLA651,,CALGARY PARKS,CALGARY PARKS,,ACTIVE,[-114.1583002    51.01491535]
684,,LINEAR PARK,1,TITLED,NO BREAKDOWN,,,GLA690,,CALGARY PARKS,CALGARY PARKS,,ACTIVE,[-114.14707802   51.01892989]
685,,NEIGHBOURHOOD PARK,1,TITLED,NO BREAKDOWN,CULTURALLY SIGNIFICANT SITE,,MID380,,CALGARY PARKS SHARED,CALGARY PARKS,,ACTIVE,[-114.05399035   50.90858919]
686,ST CLARE ELEM,COMMUNITY PARK,1,TITLED,NO BREAKDOWN,CULTURALLY SIGNIFICANT SITE,SITE SPLIT COV873,COV873,,CALGARY PARKS SHARED,CALGARY PARKS SHARED,,ACTIVE,[-114.04459259   51.16306863]
687,,SUBNEIGHBOURHOOD PARK,1,TITLED,NO BREAKDOWN,,,COV879,,CALGARY PARKS,CALGARY PARKS,,ACTIVE,[-114.05181838   51.1628878 ]
688,,SUBNEIGHBOURHOOD PARK,1,TITLED,NO BREAKDOWN,CULTURALLY SIGNIFICANT SITE,,COV970,,CALGARY PARKS,CALGARY PARKS,,ACTIVE,[-114.03903525   51.1669135 ]
689,CORAL SPRINGS GREENWAY,REGIONAL PARK,2,NON TITLED,EA - PARKS EASEMENT,,,COR370,,CALGARY PARKS SHARED,CALGARY PARKS SHARED,,ACTIVE,[-113.92441309   51.10338183]
690,,SUBNEIGHBOURHOOD PARK,1,TITLED,NO BREAKDOWN,,,DOV781,,CALGARY PARKS,CALGARY PARKS,,ACTIVE,[-113.98983416   51.01943529]
691,,SUBNEIGHBOURHOOD PARK,1,TITLED,NO BREAKDOWN,CULTURALLY SIGNIFICANT SITE,,DIA713,,CALGARY PARKS,CALGARY PARKS,,ACTIVE,[-114.01761158   50.94366988]
692,,LINEAR PARK,1,TITLED,NO BREAKDOWN,CULTURALLY SIGNIFICANT SITE,,DIA910,,CALGARY PARKS,CALGARY PARKS,,ACTIVE,[-114.02501535   50.94655056]
693,,LINEAR PARK,1,TITLED,NO BREAKDOWN,,,ERI745,,CALGARY PARKS,CALGARY PARKS,,ACTIVE,[-113.96742527   51.02321062]
694,,LINEAR PARK,1,TITLED,NO BREAKDOWN,,,ERI746,,CALGARY PARKS,CALGARY PARKS,,ACTIVE,[-113.96842053   51.02320934]
695,,LINEAR PARK,1,TITLED,NO BREAKDOWN,,,ERI747,,CALGARY PARKS,CALGARY PARKS,,ACTIVE,[-113.9707995    51.02322732]
696,,SUBNEIGHBOURHOOD PARK,1,TITLED,NO BREAKDOWN,,,ERI773,,CALGARY PARKS,CALGARY PARKS,,ACTIVE,[-113.96895187   51.01556638]
697,,SUBNEIGHBOURHOOD PARK,1,TITLED,NO BREAKDOWN,,,ERI814,,CALGARY PARKS,CALGARY PARKS,,ACTIVE,[-113.96342218   51.01791394]
698,,SUBNEIGHBOURHOOD PARK,1,TITLED,NO BREAKDOWN,,,ERI824,,CALGARY PARKS,CALGARY PARKS,,ACTIVE,[-113.98050656   51.01756158]
699,,SUBNEIGHBOURHOOD PARK,1,TITLED,NO BREAKDOWN,,,ERI835,,CALGARY PARKS,CALGARY PARKS,,ACTIVE,[-113.96153369   51.01597177]
700,,SUBNEIGHBOURHOOD PARK,1,TITLED,NO BREAKDOWN,,,ERI838,,CALGARY PARKS,CALGARY PARKS,,ACTIVE,[-113.96302983   51.0231227 ]
701,,SUBNEIGHBOURHOOD PARK,1,TITLED,NO BREAKDOWN,CULTURALLY SIGNIFICANT SITE,,HUN627,,CALGARY PARKS,CALGARY PARKS,,ACTIVE,[-114.05431278   51.11709191]
702,,SUBNEIGHBOURHOOD PARK,1,TITLED,NO BREAKDOWN,,,HUN630,,CALGARY PARKS,CALGARY PARKS,,ACTIVE,[-114.06775785   51.12098271]
703,,SUBNEIGHBOURHOOD PARK,1,TITLED,NO BREAKDOWN,,,MOR133,,CALGARY PARKS,CALGARY PARKS,,ACTIVE,[-113.92457767   51.09038246]
704,WEST DALHOUSIE SCHOOL,NEIGHBOURHOOD PARK,1,TITLED,NO BREAKDOWN,,,DAL075,,CALGARY PARKS,CALGARY PARKS SHARED,,ACTIVE,[-114.16852541   51.1114166 ]
705,RADIO TOWER WETLANDS,DISTRICT PARK,1,TITLED,NO BREAKDOWN,CULTURALLY SIGNIFICANT SITE,,SVO869,,CALGARY PARKS SHARED,CALGARY PARKS SHARED,NO PARKS MAINTENACE EAST OF THE PATHWAY. SILVERADO RESIDENTS ASSOC OWNS PARCELS EAST OF PATHWAY,ACTIVE,[-114.09156008   50.88282927]
706,,SUBNEIGHBOURHOOD PARK,1,TITLED,NO BREAKDOWN,,,LKV505,,CALGARY PARKS,CALGARY PARKS,,ACTIVE,[-114.12338862   50.9927591 ]
707,,SUBNEIGHBOURHOOD PARK,1,TITLED,NO BREAKDOWN,CULTURALLY SIGNIFICANT SITE,,EDG833,,CALGARY PARKS,CALGARY PARKS SHARED,"MAINTAINED AS PER LANDSCAPE MAINTENANCE AGREEMENT, EXPIRES 2042/12/31; SEE PARIS_REPOSITORY\AGREEMENTS\LANDSCAPE_MAINTENANCE_AGREEMENT",ACTIVE,[-114.12971494   51.13974069]
708,,SUBNEIGHBOURHOOD PARK,1,TITLED,NO BREAKDOWN,CULTURALLY SIGNIFICANT SITE,,LKV507,,CALGARY PARKS,CALGARY PARKS,,ACTIVE,[-114.1184513    50.99160536]
709,,SUBNEIGHBOURHOOD PARK,1,TITLED,NO BREAKDOWN,CULTURALLY SIGNIFICANT SITE,,EDG846,,CALGARY PARKS,CALGARY PARKS SHARED,"MAINTAINED AS PER LANDSCAPE MAINTENANCE AGREEMENT, EXPIRES 2042/12/31; SEE PARIS_REPOSITORY\AGREEMENTS\LANDSCAPE_MAINTENANCE_AGREEMENT",ACTIVE,[-114.12643534   51.1380591 ]
710,KEELER ELEM; HOLY REDEEMER ELEM,COMMUNITY PARK,1,TITLED,NO BREAKDOWN,,,FHT604,,CALGARY PARKS SHARED,CALGARY PARKS SHARED,,ACTIVE,[-113.96357803   51.0484169 ]
711,,SUBNEIGHBOURHOOD PARK,1,TITLED,NO BREAKDOWN,,,FHT613,,CALGARY PARKS,CALGARY PARKS,,ACTIVE,[-113.97123486   51.04997127]
712,,COMMUNITY PARK,1,TITLED,NO BREAKDOWN,,,FHT618,,CALGARY PARKS,CALGARY PARKS,,ACTIVE,[-113.97677506   51.04887674]
713,,SUBNEIGHBOURHOOD PARK,1,TITLED,NO BREAKDOWN,,,HIW861,,CALGARY PARKS,CALGARY PARKS,,ACTIVE,[-114.07651284   51.09428351]
714,HAWKWOOD ELEM; ST MARIA GORETTI ELEM,DISTRICT PARK,1,TITLED,NO BREAKDOWN,CULTURALLY SIGNIFICANT SITE,SITE SPLIT HAW006,HAW006,,CALGARY PARKS,CALGARY PARKS SHARED,"MAINTAINED AS PER LANDSCAPE MAINTENANCE AGREEMENT, EXPIRES 2042/12/31; SEE PARIS_REPOSITORY\AGREEMENTS\LANDSCAPE_MAINTENANCE_AGREEMENT",ACTIVE,[-114.17673042   51.13215057]
715,,SUBNEIGHBOURHOOD PARK,1,TITLED,NO BREAKDOWN,,,HAW011,,CALGARY PARKS,CALGARY PARKS SHARED,"MAINTAINED AS PER LANDSCAPE MAINTENANCE AGREEMENT, EXPIRES 2042/12/31; SEE PARIS_REPOSITORY\AGREEMENTS\LANDSCAPE_MAINTENANCE_AGREEMENT",ACTIVE,[-114.18960014   51.12827797]
716,,NEIGHBOURHOOD PARK,1,TITLED,NO BREAKDOWN,,,HAW069,,CALGARY PARKS,CALGARY PARKS SHARED,"MAINTAINED AS PER LANDSCAPE MAINTENANCE AGREEMENT, EXPIRES 2042/12/31; SEE PARIS_REPOSITORY\AGREEMENTS\LANDSCAPE_MAINTENANCE_AGREEMENT",ACTIVE,[-114.18667423   51.13362461]
717,,SUBNEIGHBOURHOOD PARK,1,TITLED,NO BREAKDOWN,,,CPF860,,CALGARY PARKS,CALGARY PARKS,,ACTIVE,[-113.94739766   50.91291964]
718,,SUBNEIGHBOURHOOD PARK,1,TITLED,NO BREAKDOWN,,,DOV756,,CALGARY PARKS,CALGARY PARKS,,ACTIVE,[-113.97206332   51.02938562]
719,,SUBNEIGHBOURHOOD PARK,1,TITLED,NO BREAKDOWN,,,DOV757,,CALGARY PARKS,CALGARY PARKS,,ACTIVE,[-113.97111197   51.02652488]
720,EDGEMONT ELEM,COMMUNITY PARK,1,TITLED,NO BREAKDOWN,,,EDG140,,CALGARY PARKS,CALGARY PARKS SHARED,"MAINTAINED AS PER LANDSCAPE MAINTENANCE AGREEMENT, EXPIRES 2042/12/31; SEE PARIS_REPOSITORY\AGREEMENTS\LANDSCAPE_MAINTENANCE_AGREEMENT",ACTIVE,[-114.14378055   51.12822382]
721,TOM BAINES JR HIGH SCHOOL,NEIGHBOURHOOD PARK,1,TITLED,NO BREAKDOWN,CULTURALLY SIGNIFICANT SITE,,EDG149,,CALGARY PARKS,CALGARY PARKS SHARED,"MAINTAINED AS PER LANDSCAPE MAINTENANCE AGREEMENT, EXPIRES 2042/12/31; SEE PARIS_REPOSITORY\AGREEMENTS\LANDSCAPE_MAINTENANCE_AGREEMENT",ACTIVE,[-114.15551153   51.13356222]
722,FAIRVIEW ELEM & JR HIGH; LE ROI DANIELS SCHOOL,COMMUNITY PARK,1,TITLED,NO BREAKDOWN,,,FAI209,,CALGARY PARKS SHARED,CALGARY PARKS SHARED,,ACTIVE,[-114.05915946   50.98276547]
723,,SUBNEIGHBOURHOOD PARK,1,TITLED,NO BREAKDOWN,,,DAL093,,CALGARY PARKS,CALGARY PARKS,,ACTIVE,[-114.14924486   51.10462888]
724,,SUBNEIGHBOURHOOD PARK,1,TITLED,NO BREAKDOWN,,,HAW166,,CALGARY PARKS,CALGARY PARKS SHARED,"MAINTAINED AS PER LANDSCAPE MAINTENANCE AGREEMENT, EXPIRES 2042/12/31; SEE PARIS_REPOSITORY\AGREEMENTS\LANDSCAPE_MAINTENANCE_AGREEMENT",ACTIVE,[-114.16606011   51.13631718]
725,MOTHER MARY GREENE ELEM,NEIGHBOURHOOD PARK,1,TITLED,NO BREAKDOWN,CULTURALLY SIGNIFICANT SITE,,EDG056,,CALGARY PARKS,CALGARY PARKS SHARED,"MAINTAINED AS PER LANDSCAPE MAINTENANCE AGREEMENT, EXPIRES 2042/12/31; SEE PARIS_REPOSITORY\AGREEMENTS\LANDSCAPE_MAINTENANCE_AGREEMENT",ACTIVE,[-114.13943643   51.12435186]
726,,NEIGHBOURHOOD PARK,1,TITLED,NO BREAKDOWN,CULTURALLY SIGNIFICANT SITE,,HUN717,,CALGARY PARKS,CALGARY PARKS,,ACTIVE,[-114.0537789    51.12162664]
727,,SUBNEIGHBOURHOOD PARK,1,TITLED,NO BREAKDOWN,CULTURALLY SIGNIFICANT SITE,,HID844,,CALGARY PARKS,CALGARY PARKS,,ACTIVE,[-114.10389955   51.1516581 ]
728,,SUBNEIGHBOURHOOD PARK,1,TITLED,NO BREAKDOWN,,,LKB500,,CALGARY PARKS,CALGARY PARKS,,ACTIVE,[-114.05624775   50.94133664]
729,,SUBNEIGHBOURHOOD PARK,1,TITLED,NO BREAKDOWN,CULTURALLY SIGNIFICANT SITE,,HID242,,CALGARY PARKS,CALGARY PARKS,,ACTIVE,[-114.10251441   51.16005708]
730,,SUBNEIGHBOURHOOD PARK,1,TITLED,NO BREAKDOWN,,,HAW146,,CALGARY PARKS,CALGARY PARKS SHARED,"MAINTAINED AS PER LANDSCAPE MAINTENANCE AGREEMENT, EXPIRES 2042/12/31; SEE PARIS_REPOSITORY\AGREEMENTS\LANDSCAPE_MAINTENANCE_AGREEMENT",ACTIVE,[-114.18549804   51.13042887]
731,,SUBNEIGHBOURHOOD PARK,1,TITLED,NO BREAKDOWN,,,EYA380,,CALGARY PARKS,CALGARY PARKS,,ACTIVE,[-114.07107237   51.0099459 ]
732,,SUBNEIGHBOURHOOD PARK,1,TITLED,NO BREAKDOWN,,,CAS072,,CALGARY PARKS,CALGARY PARKS,,ACTIVE,[-113.96431957   51.10468027]
733,JOHN PAUL II SCHOOL,NEIGHBOURHOOD PARK,1,TITLED,NO BREAKDOWN,,,CAS073,,CALGARY PARKS SHARED,CALGARY PARKS,,ACTIVE,[-113.95692213   51.10761379]
734,,SUBNEIGHBOURHOOD PARK,1,TITLED,NO BREAKDOWN,,,CAS074,,CALGARY PARKS,CALGARY PARKS,,ACTIVE,[-113.96148621   51.10885474]
735,,SUBNEIGHBOURHOOD PARK,1,TITLED,NO BREAKDOWN,,,CAN933,,CALGARY PARKS,CALGARY PARKS,,ACTIVE,[-114.08247797   50.9445867 ]
736,,SUBNEIGHBOURHOOD PARK,1,TITLED,NO BREAKDOWN,,,CAS069,,CALGARY PARKS,CALGARY PARKS,,ACTIVE,[-113.94993653   51.10819783]
737,,SUBNEIGHBOURHOOD PARK,1,TITLED,NO BREAKDOWN,,,CAS070,,CALGARY PARKS,CALGARY PARKS,,ACTIVE,[-113.95198012   51.10936022]
738,O S GEIGER ELEM,COMMUNITY PARK,1,TITLED,NO BREAKDOWN,,,CAS071,,CALGARY PARKS SHARED,CALGARY PARKS,,ACTIVE,[-113.96050172   51.10427037]
739,,SUBNEIGHBOURHOOD PARK,1,TITLED,NO BREAKDOWN,,,CAS075,,CALGARY PARKS,CALGARY PARKS,,ACTIVE,[-113.95481217   51.10912419]
740,,SUBNEIGHBOURHOOD PARK,1,TITLED,NO BREAKDOWN,,,CAS076,,CALGARY PARKS,CALGARY PARKS,,ACTIVE,[-113.96671645   51.10761604]
741,,SUBNEIGHBOURHOOD PARK,1,TITLED,NO BREAKDOWN,,,FLI153,,CALGARY PARKS,CALGARY PARKS,,ACTIVE,[-113.96401759   51.03056384]
742,,SUBNEIGHBOURHOOD PARK,1,TITLED,NO BREAKDOWN,,,GAW635,,CALGARY PARKS,CALGARY PARKS,,ACTIVE,[-114.11232446   51.0206595 ]
743,BELVEDERE PARKWAY SCHOOL,NEIGHBOURHOOD PARK,1,TITLED,NO BREAKDOWN,CULTURALLY SIGNIFICANT SITE,,BOW172,,CALGARY PARKS SHARED,CALGARY PARKS SHARED,,ACTIVE,[-114.21226236   51.09289317]
744,,SUBNEIGHBOURHOOD PARK,1,TITLED,NO BREAKDOWN,,,CAS077,,CALGARY PARKS,CALGARY PARKS,,ACTIVE,[-113.96355438   51.10318437]
745,MONSIGNOR A J HETHERINGTON ELEM; DON HARTMAN SPORTSPLEX,COMMUNITY PARK,1,TITLED,NO BREAKDOWN,,,COR358,,CALGARY PARKS SHARED,CALGARY PARKS SHARED,,ACTIVE,[-113.93235825   51.10087397]
746,,SUBNEIGHBOURHOOD PARK,1,TITLED,NO BREAKDOWN,,,CRA024,,CALGARY PARKS,CALGARY PARKS,,ACTIVE,[-113.97986637   50.89275547]
747,NIITSITAPI LEARNING CENTRE SCHOOL,NEIGHBOURHOOD PARK,1,TITLED,NO BREAKDOWN,,,DOV010,,CALGARY PARKS SHARED,CALGARY PARKS SHARED,,ACTIVE,[-113.97982422   51.02058087]
748,,SUBNEIGHBOURHOOD PARK,1,TITLED,NO BREAKDOWN,,,SAN760,,CALGARY PARKS SHARED,CALGARY PARKS SHARED,,ACTIVE,[-114.09016714   51.13608   ]
749,,SUBNEIGHBOURHOOD PARK,1,TITLED,NO BREAKDOWN,,,GDL614,,CALGARY PARKS,CALGARY PARKS,,ACTIVE,[-114.14510948   51.03066477]
750,,SUBNEIGHBOURHOOD PARK,1,TITLED,NO BREAKDOWN,,,ARB962,,CALGARY PARKS,CALGARY PARKS,,ACTIVE,[-114.18903739   51.13895268]
751,BOWNESS HIGH SCHOOL; BOWNESS COMMUNITY ASSOC,COMMUNITY PARK,1,TITLED,NO BREAKDOWN,CULTURALLY SIGNIFICANT SITE,,BOW178,,CALGARY PARKS,CALGARY PARKS SHARED,,ACTIVE,[-114.20030988   51.09152112]
752,OUR LADY OF THE ASSUMPTION ELEM & JR HIGH,COMMUNITY PARK,1,TITLED,NO BREAKDOWN,CULTURALLY SIGNIFICANT SITE,SITE SPLIT BOW186,BOW186,,CALGARY PARKS SHARED,CALGARY PARKS SHARED,,ACTIVE,[-114.19075169   51.08298877]
753,,NEIGHBOURHOOD PARK,1,TITLED,NO BREAKDOWN,CULTURALLY SIGNIFICANT SITE,SITE SPLIT BOW199,BOW199,,CALGARY PARKS SHARED,CALGARY PARKS,,ACTIVE,[-114.19639234   51.09764946]
754,,SUBNEIGHBOURHOOD PARK,1,TITLED,NO BREAKDOWN,,,CGR210,,CALGARY PARKS,CALGARY PARKS,,ACTIVE,[-114.2120653    51.06880194]
755,,SUBNEIGHBOURHOOD PARK,1,TITLED,NO BREAKDOWN,,,CGR221,,CALGARY PARKS,CALGARY PARKS,,ACTIVE,[-114.22009586   51.06844553]
756,BISHOP CARROLL SENIOR HIGH,COMMUNITY PARK,1,TITLED,NO BREAKDOWN,,,CUR553,,CALGARY PARKS SHARED,CALGARY SEPARATE SCHOOL BOARD,,ACTIVE,[-114.11948666   51.01214567]
757,DEER RUN ELEM,COMMUNITY PARK,1,TITLED,NO BREAKDOWN,CULTURALLY SIGNIFICANT SITE,,DRN547,,CALGARY PARKS SHARED,CALGARY PARKS SHARED,,ACTIVE,[-114.00880535   50.92079296]
758,,SUBNEIGHBOURHOOD PARK,1,TITLED,NO BREAKDOWN,,,DRN559,,CALGARY PARKS,CALGARY PARKS,,ACTIVE,[-114.01782078   50.92041516]
759,,SUBNEIGHBOURHOOD PARK,1,TITLED,NO BREAKDOWN,,,EVE928,,CALGARY PARKS,CALGARY PARKS,,ACTIVE,[-114.10778653   50.90954098]
760,,SUBNEIGHBOURHOOD PARK,1,TITLED,NO BREAKDOWN,CULTURALLY SIGNIFICANT SITE,,EVE958,,CALGARY PARKS,CALGARY PARKS,,ACTIVE,[-114.10354362   50.92587273]
761,,SUBNEIGHBOURHOOD PARK,1,TITLED,NO BREAKDOWN,,,APP905,,CALGARY PARKS,CALGARY PARKS,,ACTIVE,[-113.92444467   51.0479268 ]
762,,NEIGHBOURHOOD PARK,1,TITLED,NO BREAKDOWN,CULTURALLY SIGNIFICANT SITE,,HUN722,,CALGARY PARKS,CALGARY PARKS,,ACTIVE,[-114.0832251    51.11358171]
763,,NEIGHBOURHOOD PARK,1,TITLED,NO BREAKDOWN,CULTURALLY SIGNIFICANT SITE,,ACA202,,CALGARY PARKS,CALGARY PARKS,,ACTIVE,[-114.05110534   50.97971202]
764,,SUBNEIGHBOURHOOD PARK,1,TITLED,NO BREAKDOWN,,,ASP006,,CALGARY PARKS,CALGARY PARKS SHARED,,ACTIVE,[-114.19813117   51.04037115]
765,,NEIGHBOURHOOD PARK,1,TITLED,NO BREAKDOWN,CULTURALLY SIGNIFICANT SITE,,ACA203,,CALGARY PARKS,CALGARY PARKS,,ACTIVE,[-114.04733122   50.97628698]
766,,SUBNEIGHBOURHOOD PARK,1,TITLED,NO BREAKDOWN,CULTURALLY SIGNIFICANT SITE,,CED114,,CALGARY PARKS,CALGARY PARKS,,ACTIVE,[-114.13842436   50.95410197]
767,,SUBNEIGHBOURHOOD PARK,1,TITLED,NO BREAKDOWN,,,CED089,,CALGARY PARKS,CALGARY PARKS,,ACTIVE,[-114.13407947   50.95326904]
768,CEDARBRAE ELEM,NEIGHBOURHOOD PARK,1,TITLED,NO BREAKDOWN,CULTURALLY SIGNIFICANT SITE,,CED091,,CALGARY PARKS SHARED,CALGARY PARKS SHARED,OPTIONAL AMENITIES AGREEMENT ON FILE FOR DOG DISPENSERS EXPIRES 2018/10/29,ACTIVE,[-114.1349087   50.9590404]
769,ST CYRIL ELEM & JR HIGH,COMMUNITY PARK,1,TITLED,NO BREAKDOWN,CULTURALLY SIGNIFICANT SITE,,CED107,,CALGARY PARKS SHARED,CALGARY PARKS SHARED,OPTIONAL AMENITIES AGREEMENT ON FILE FOR DOG DISPENSERS EXPIRES 2018/10/29,ACTIVE,[-114.13010647   50.95500868]
770,,SUBNEIGHBOURHOOD PARK,1,TITLED,NO BREAKDOWN,,,ALB621,,CALGARY PARKS,CALGARY PARKS,,ACTIVE,[-113.99360315   51.04544531]
771,FATHER LACOMBE HIGH SCHOOL; HOLY FAMILY ELEM,COMMUNITY PARK,1,TITLED,NO BREAKDOWN,,,ALB626,,CALGARY PARKS SHARED,CALGARY PARKS SHARED,,ACTIVE,[-113.98586236   51.04616522]
772,,NEIGHBOURHOOD PARK,1,TITLED,NO BREAKDOWN,CULTURALLY SIGNIFICANT SITE,,ACA198,,CALGARY PARKS,CALGARY PARKS,,ACTIVE,[-114.04918825   50.97715699]
773,,REGIONAL PARK,2,NON TITLED,EA - PARKS EASEMENT,,,SCE415,,CALGARY PARKS SHARED,CALGARY PARKS SHARED,,ACTIVE,[-114.22885107   51.09972824]
774,BISHOP KIDD JR HIGH,NEIGHBOURHOOD PARK,1,TITLED,NO BREAKDOWN,CULTURALLY SIGNIFICANT SITE,,ALB628,,CALGARY PARKS SHARED,CALGARY PARKS SHARED,,ACTIVE,[-113.99219857   51.04158904]
775,SIR WILFRID LAURIER JR HIGH SCHOOL; RADISSON PARK ELEM,COMMUNITY PARK,1,TITLED,NO BREAKDOWN,,,ALB632,,CALGARY PARKS SHARED,CALGARY PARKS SHARED,,ACTIVE,[-113.99064203   51.04578502]
776,,SUBNEIGHBOURHOOD PARK,1,TITLED,NO BREAKDOWN,CULTURALLY SIGNIFICANT SITE,,ALB630,,CALGARY PARKS SHARED,CALGARY PARKS SHARED,,ACTIVE,[-113.99850923   51.0417271 ]
777,,COMMUNITY PARK,1,TITLED,NO BREAKDOWN,CULTURALLY SIGNIFICANT SITE,,SGH005,4420 SAGE HILL DR NW,CALGARY PARKS,CALGARY PARKS,,ACTIVE,[-114.1375746    51.18183526]
778,,SUBNEIGHBOURHOOD PARK,1,TITLED,NO BREAKDOWN,,,BRA085,,CALGARY PARKS,CALGARY PARKS,,ACTIVE,[-114.10943363   50.95686779]
779,,SUBNEIGHBOURHOOD PARK,1,TITLED,NO BREAKDOWN,,,BRA103,,CALGARY PARKS,CALGARY PARKS,,ACTIVE,[-114.11426616   50.95954814]
780,,SUBNEIGHBOURHOOD PARK,1,TITLED,NO BREAKDOWN,,,BRA080,,CALGARY PARKS,CALGARY PARKS,,ACTIVE,[-114.10323426   50.95414485]
781,,SUBNEIGHBOURHOOD PARK,1,TITLED,NO BREAKDOWN,,,BRA100,,CALGARY PARKS,CALGARY PARKS,,ACTIVE,[-114.09809445   50.9599893 ]
782,BRAESIDE ELEM,NEIGHBOURHOOD PARK,1,TITLED,NO BREAKDOWN,,,BRA099,,CALGARY PARKS SHARED,CALGARY PARKS SHARED,,ACTIVE,[-114.10208793   50.95541868]
783,,COMMUNITY PARK,1,TITLED,NO BREAKDOWN,,,BRA102,,CALGARY PARKS,CALGARY PARKS,,ACTIVE,[-114.11526273   50.95598244]
784,,NEIGHBOURHOOD PARK,1,TITLED,NO BREAKDOWN,,,BRA104,,CALGARY PARKS,CALGARY PARKS,,ACTIVE,[-114.11348193   50.95684837]
785,,SUBNEIGHBOURHOOD PARK,1,TITLED,NO BREAKDOWN,,,CPF011,,CALGARY PARKS,CALGARY PARKS,,ACTIVE,[-113.93125861   50.9282737 ]
786,,NEIGHBOURHOOD PARK,1,TITLED,NO BREAKDOWN,,,ALP005,,CALGARY PARKS,CALGARY PARKS,,ACTIVE,[-114.15390067   50.92024515]
787,,SUBNEIGHBOURHOOD PARK,1,TITLED,NO BREAKDOWN,,,ASP503,,CALGARY PARKS,CALGARY PARKS,,ACTIVE,[-114.19444667   51.0435768 ]
788,,SUBNEIGHBOURHOOD PARK,1,TITLED,NO BREAKDOWN,CULTURALLY SIGNIFICANT SITE,,HAM440,,CALGARY PARKS,CALGARY PARKS SHARED,"MAINTAINED AS PER LANDSCAPE MAINTENANCE AGREEMENT, EXPIRES 2042/12/31; SEE PARIS_REPOSITORY\AGREEMENTS\LANDSCAPE_MAINTENANCE_AGREEMENT",ACTIVE,[-114.14624083   51.14489482]
789,,COMMUNITY PARK,1,TITLED,NO BREAKDOWN,,,ASP504,,CALGARY PARKS,CALGARY PARKS SHARED,,ACTIVE,[-114.20047411   51.0477098 ]
790,,SUBNEIGHBOURHOOD PARK,1,TITLED,NO BREAKDOWN,CULTURALLY SIGNIFICANT SITE,,BED613,,CALGARY PARKS,CALGARY PARKS,,ACTIVE,[-114.05989361   51.12875658]
791,,SUBNEIGHBOURHOOD PARK,1,TITLED,NO BREAKDOWN,,,BED592,,CALGARY PARKS,CALGARY PARKS,,ACTIVE,[-114.07900773   51.12714048]
792,,SUBNEIGHBOURHOOD PARK,1,TITLED,NO BREAKDOWN,,,BED593,,CALGARY PARKS,CALGARY PARKS,,ACTIVE,[-114.08711968   51.12959839]
793,,SUBNEIGHBOURHOOD PARK,1,TITLED,NO BREAKDOWN,,,BNF331,,CALGARY PARKS SHARED,CALGARY PARKS,,ACTIVE,[-114.12405654   51.08376826]
794,,COMMUNITY PARK,1,TITLED,NO BREAKDOWN,CULTURALLY SIGNIFICANT SITE,,BUR982,,CALGARY PARKS,CALGARY PARKS,,ACTIVE,[-114.02259859   51.00615205]
795,,SUBNEIGHBOURHOOD PARK,1,TITLED,NO BREAKDOWN,CULTURALLY SIGNIFICANT SITE,,BED610,,CALGARY PARKS,CALGARY PARKS,,ACTIVE,[-114.06802112   51.13049389]
796,,SUBNEIGHBOURHOOD PARK,1,TITLED,NO BREAKDOWN,CULTURALLY SIGNIFICANT SITE,,BED615,,CALGARY PARKS,CALGARY PARKS,,ACTIVE,[-114.06031009   51.12661326]
797,,NEIGHBOURHOOD PARK,1,TITLED,NO BREAKDOWN,CULTURALLY SIGNIFICANT SITE,,CHW375,,CALGARY PARKS,CALGARY PARKS SHARED,MAINTENANCE SHARED WITH TRIWOOD CMTY ASSOCIATION - LEASE,ACTIVE,[-114.11123725   51.08532447]
798,SADDLE RIDGE GREENWAY,REGIONAL PARK,2,NON TITLED,EA - PARKS EASEMENT,,,SAD066,SADDLERIDGE GREENWAY,CALGARY PARKS SHARED,CALGARY PARKS SHARED,GREENWAY MAINTENANCE,ACTIVE,[-113.92550631   51.1335672 ]
799,SIBYLLA KIDDLE SCHOOL,NEIGHBOURHOOD PARK,1,TITLED,NO BREAKDOWN,CULTURALLY SIGNIFICANT SITE,,CRA053,,CALGARY PARKS SHARED,CALGARY PARKS SHARED,,ACTIVE,[-113.97164695   50.87812313]
800,,SUBNEIGHBOURHOOD PARK,1,TITLED,NO BREAKDOWN,CULTURALLY SIGNIFICANT SITE,,HAM960,,CALGARY PARKS,CALGARY PARKS SHARED,"MAINTAINED AS PER LANDSCAPE MAINTENANCE AGREEMENT, EXPIRES 2042/12/31; SEE PARIS_REPOSITORY\AGREEMENTS\LANDSCAPE_MAINTENANCE_AGREEMENT",ACTIVE,[-114.15548239   51.14317527]
801,,SUBNEIGHBOURHOOD PARK,1,TITLED,NO BREAKDOWN,,,PUM030,,CALGARY PARKS,CALGARY PARKS SHARED,ENCROACHMENT,ACTIVE,[-114.09766306   50.96325598]
802,,LINEAR PARK,1,TITLED,NO BREAKDOWN,CULTURALLY SIGNIFICANT SITE,,HAR465,,CALGARY PARKS,CALGARY PARKS,,ACTIVE,[-114.05835493   51.15120252]
803,,COMMUNITY PARK,1,TITLED,NO BREAKDOWN,CULTURALLY SIGNIFICANT SITE,,EVN275,,CALGARY PARKS,CALGARY PARKS,,ACTIVE,[-114.11148709   51.17230727]
804,,SUBNEIGHBOURHOOD PARK,1,TITLED,NO BREAKDOWN,CULTURALLY SIGNIFICANT SITE,,CIT364,,CALGARY PARKS,CALGARY PARKS,,ACTIVE,[-114.18459264   51.14369833]
805,,SUBNEIGHBOURHOOD PARK,1,TITLED,NO BREAKDOWN,CULTURALLY SIGNIFICANT SITE,,CIT366,,CALGARY PARKS,CALGARY PARKS,,ACTIVE,[-114.19390721   51.14395403]
806,,COMMUNITY PARK,1,TITLED,NO BREAKDOWN,,,CPF882,,CALGARY PARKS,CALGARY PARKS SHARED,,ACTIVE,[-113.92604826   50.92020869]
807,,SUBNEIGHBOURHOOD PARK,1,TITLED,NO BREAKDOWN,CULTURALLY SIGNIFICANT SITE,,CIT414,,CALGARY PARKS,CALGARY PARKS,,ACTIVE,[-114.16637499   51.1453706 ]
808,,SUBNEIGHBOURHOOD PARK,1,TITLED,NO BREAKDOWN,,,CIT417,,CALGARY PARKS,CALGARY PARKS,,ACTIVE,[-114.17072615   51.14395935]
809,ARBOUR LAKE JR HIGH,COMMUNITY PARK,1,TITLED,NO BREAKDOWN,CULTURALLY SIGNIFICANT SITE,,ARB212,,CALGARY PARKS SHARED,CALGARY PARKS SHARED,,ACTIVE,[-114.21206656   51.13518054]
810,,NEIGHBOURHOOD PARK,1,TITLED,NO BREAKDOWN,,,ROC672,,CALGARY PARKS,CALGARY PARKS,,ACTIVE,[-114.23778105   51.13715406]
811,,SUBNEIGHBOURHOOD PARK,1,TITLED,NO BREAKDOWN,CULTURALLY SIGNIFICANT SITE,,CIT419,,CALGARY PARKS,CALGARY PARKS,,ACTIVE,[-114.16982918   51.14211812]
812,,NEIGHBOURHOOD PARK,1,TITLED,NO BREAKDOWN,,,CPF852,,CALGARY PARKS,CALGARY PARKS SHARED,,ACTIVE,[-113.94184966   50.91003163]
813,,NON-PARK,1,TITLED,NO BREAKDOWN,,,NEB849,,CALGARY PARKS,CALGARY PARKS,,ACTIVE,[-113.95497252   50.92554199]
814,,SUBNEIGHBOURHOOD PARK,1,TITLED,NO BREAKDOWN,CULTURALLY SIGNIFICANT SITE,SITE SPLIT COU014,COU014,,CALGARY PARKS,CALGARY PARKS,,ACTIVE,[-114.07636138   51.14373942]
815,,SUBNEIGHBOURHOOD PARK,1,TITLED,NO BREAKDOWN,,,MCT839,,CALGARY PARKS,CALGARY PARKS SHARED,"MAINTAINED AS PER LANDSCAPE MAINTENANCE AGREEMENT, EXPIRES 2042/12/31; SEE PARIS_REPOSITORY\AGREEMENTS\LANDSCAPE_MAINTENANCE_AGREEMENT",ACTIVE,[-113.96135811   50.92541732]
816,,SUBNEIGHBOURHOOD PARK,1,TITLED,NO BREAKDOWN,,,ASP502,,CALGARY PARKS,CALGARY PARKS,,ACTIVE,[-114.19034968   51.04203761]
817,KENNETH D TAYLOR ELEM,NEIGHBOURHOOD PARK,1,TITLED,NO BREAKDOWN,CULTURALLY SIGNIFICANT SITE,,EVN267,,CALGARY PARKS SHARED,CALGARY PARKS,,ACTIVE,[-114.11858697   51.16566034]
818,SCOTTISH NURSING HOME PARK,SUBNEIGHBOURHOOD PARK,1,TITLED,NO BREAKDOWN,CULTURALLY SIGNIFICANT SITE,,CLI269,,CALGARY PARKS,CALGARY PARKS,,ACTIVE,[-114.07385971   51.031247  ]
819,ABBEYDALE ELEM,COMMUNITY PARK,1,TITLED,NO BREAKDOWN,,,ABB560,,CALGARY PARKS SHARED,CALGARY PARKS SHARED,,ACTIVE,[-113.9307508    51.05767177]
820,,SUBNEIGHBOURHOOD PARK,1,TITLED,NO BREAKDOWN,,,ABB561,,CALGARY PARKS,CALGARY PARKS,,ACTIVE,[-113.93202317   51.06192677]
821,,SUBNEIGHBOURHOOD PARK,1,TITLED,NO BREAKDOWN,,,ABB565,,CALGARY PARKS,CALGARY PARKS,,ACTIVE,[-113.92603854   51.06442573]
822,,SUBNEIGHBOURHOOD PARK,1,TITLED,NO BREAKDOWN,,,ABB570,,CALGARY PARKS,CALGARY PARKS,,ACTIVE,[-113.93223965   51.0544132 ]
823,,SUBNEIGHBOURHOOD PARK,1,TITLED,NO BREAKDOWN,CULTURALLY SIGNIFICANT SITE,,TUS608,,CALGARY PARKS,CALGARY PARKS SHARED,"MAINTAINED AS PER LANDSCAPE MAINTENANCE AGREEMENT, EXPIRES 2042/12/31; SEE PARIS_REPOSITORY\AGREEMENTS\LANDSCAPE_MAINTENANCE_AGREEMENT",ACTIVE,[-114.2464748    51.12345856]
824,SCENIC ACRES SCHOOL; MONSIGNOR E L DOYLE ELEM,COMMUNITY PARK,1,TITLED,NO BREAKDOWN,CULTURALLY SIGNIFICANT SITE,,SCE153,,CALGARY PARKS,CALGARY PARKS SHARED,"MAINTAINED AS PER LANDSCAPE MAINTENANCE AGREEMENT, EXPIRES 2042/12/31; SEE PARIS_REPOSITORY\AGREEMENTS\LANDSCAPE_MAINTENANCE_AGREEMENT",ACTIVE,[-114.21745723   51.12001775]
825,,NEIGHBOURHOOD PARK,1,TITLED,NO BREAKDOWN,,,MON218,,CALGARY PARKS,CALGARY PARKS,,ACTIVE,[-114.15328171   51.08035053]
826,MONTGOMERY JR HIGH; FFCA HIGH SCHOOL,COMMUNITY PARK,1,TITLED,NO BREAKDOWN,CULTURALLY SIGNIFICANT SITE,,MON217,,CALGARY PARKS SHARED,CALGARY PARKS SHARED,,ACTIVE,[-114.15029314   51.06675944]
827,,SUBNEIGHBOURHOOD PARK,1,TITLED,NO BREAKDOWN,,,RCK752,,CALGARY PARKS,CALGARY PARKS,,ACTIVE,[-114.15057129   51.03895088]
828,,SUBNEIGHBOURHOOD PARK,1,TITLED,NO BREAKDOWN,CULTURALLY SIGNIFICANT SITE,,HAR937,,CALGARY PARKS,CALGARY PARKS,,ACTIVE,[-114.05373797   51.14479913]
829,,SUBNEIGHBOURHOOD PARK,1,TITLED,NO BREAKDOWN,,,BNK849,,CALGARY PARKS,CALGARY PARKS,,ACTIVE,[-114.0975646   51.0315426]
830,,SUBNEIGHBOURHOOD PARK,1,TITLED,NO BREAKDOWN,CULTURALLY SIGNIFICANT SITE,,BOW191,,CALGARY PARKS SHARED,CALGARY PARKS,,ACTIVE,[-114.19901192   51.08324623]
831,,SUBNEIGHBOURHOOD PARK,1,TITLED,NO BREAKDOWN,CULTURALLY SIGNIFICANT SITE,,BOW192,,CALGARY PARKS SHARED,CALGARY PARKS,,ACTIVE,[-114.19818473   51.082965  ]
832,,SUBNEIGHBOURHOOD PARK,1,TITLED,NO BREAKDOWN,,,BOW210,,CALGARY PARKS,CALGARY PARKS,,ACTIVE,[-114.17776366   51.08046961]
833,,SUBNEIGHBOURHOOD PARK,1,TITLED,NO BREAKDOWN,CULTURALLY SIGNIFICANT SITE,,BNK852,,CALGARY PARKS,CALGARY PARKS,,ACTIVE,[-114.1046287    51.03388309]
834,,COMMUNITY PARK,1,TITLED,NO BREAKDOWN,,,ESH907,,CALGARY PARKS,CALGARY PARKS SHARED,MAINTENANCE SHARED WITH WATER RESOURCES,ACTIVE,[-113.97029457   50.95453205]
835,,NEIGHBOURHOOD PARK,1,TITLED,NO BREAKDOWN,CULTURALLY SIGNIFICANT SITE,,ROC190,,CALGARY PARKS,CALGARY PARKS SHARED,"MAINTAINED AS PER LANDSCAPE MAINTENANCE AGREEMENT, EXPIRES 2042/12/31; SEE PARIS_REPOSITORY\AGREEMENTS\LANDSCAPE_MAINTENANCE_AGREEMENT",ACTIVE,[-114.25321318   51.14992205]
836,ST ALBERT THE GREAT SCHOOL,COMMUNITY PARK,1,TITLED,NO BREAKDOWN,,,MCT821,,CALGARY PARKS SHARED,CALGARY PARKS SHARED,"MAINTAINED AS PER LANDSCAPE MAINTENANCE AGREEMENT, EXPIRES 2042/12/31; SEE PARIS_REPOSITORY\AGREEMENTS\LANDSCAPE_MAINTENANCE_AGREEMENT",ACTIVE,[-113.96022367   50.91972801]
837,ROSSCARROCK DEPOT,NEIGHBOURHOOD PARK,1,TITLED,NO BREAKDOWN,,,RCK756,,CALGARY PARKS,CALGARY PARKS,PARKS DEPOT ON SITE,ACTIVE,[-114.15183286   51.0424659 ]
838,,SUBNEIGHBOURHOOD PARK,1,TITLED,NO BREAKDOWN,,,HAR748,,CALGARY PARKS,CALGARY PARKS,,ACTIVE,[-114.06277414   51.14395328]
839,,SUBNEIGHBOURHOOD PARK,1,TITLED,NO BREAKDOWN,,,HAR756,,CALGARY PARKS,CALGARY PARKS,,ACTIVE,[-114.06214806   51.14581732]
840,,DISTRICT PARK,1,TITLED,NO BREAKDOWN,CULTURALLY SIGNIFICANT SITE,,KCA830,,CALGARY PARKS,CALGARY PARKS SHARED,"MAINTAINED AS PER LANDSCAPE MAINTENANCE AGREEMENT, EXPIRES 2042/12/31; SEE PARIS_REPOSITORY\AGREEMENTS\LANDSCAPE_MAINTENANCE_AGREEMENT",ACTIVE,[-114.12486085   51.15721067]
841,ST CATHERINE ELEM,COMMUNITY PARK,1,TITLED,NO BREAKDOWN,CULTURALLY SIGNIFICANT SITE,,CAN330,,CALGARY PARKS SHARED,CALGARY PARKS,,ACTIVE,[-114.0875246    50.94321307]
842,,SUBNEIGHBOURHOOD PARK,1,TITLED,NO BREAKDOWN,CULTURALLY SIGNIFICANT SITE,,BOW173,,CALGARY PARKS,CALGARY PARKS,,ACTIVE,[-114.20679272   51.09208125]
843,,SUBNEIGHBOURHOOD PARK,1,TITLED,NO BREAKDOWN,CULTURALLY SIGNIFICANT SITE,,BOW193,,CALGARY PARKS SHARED,CALGARY PARKS,,ACTIVE,[-114.19715758   51.08246124]
844,,SUBNEIGHBOURHOOD PARK,1,TITLED,NO BREAKDOWN,,,BOW198,,CALGARY PARKS,CALGARY PARKS,,ACTIVE,[-114.19639742   51.08858873]
845,,SUBNEIGHBOURHOOD PARK,1,TITLED,NO BREAKDOWN,CULTURALLY SIGNIFICANT SITE,,BOW003,,CALGARY PARKS SHARED,CALGARY PARKS,,ACTIVE,[-114.19101686   51.09672565]
846,,SUBNEIGHBOURHOOD PARK,1,TITLED,NO BREAKDOWN,CULTURALLY SIGNIFICANT SITE,,BOW202,,CALGARY PARKS,CALGARY PARKS,,ACTIVE,[-114.20779507   51.09602341]
847,,SUBNEIGHBOURHOOD PARK,1,TITLED,NO BREAKDOWN,,,CAM884,,CALGARY PARKS,CALGARY PARKS,,ACTIVE,[-114.08930058   51.0874627 ]
848,DR E P SCARLETT HIGH SCHOOL; CANYON MEADOWS POOL,COMMUNITY PARK,1,TITLED,NO BREAKDOWN,,,CAN327,,CALGARY PARKS SHARED,CALGARY PARKS SHARED,,ACTIVE,[-114.08883366   50.94859602]
849,,SUBNEIGHBOURHOOD PARK,1,TITLED,NO BREAKDOWN,,,CAN336,,CALGARY PARKS,CALGARY PARKS,,ACTIVE,[-114.07545306   50.94782896]
850,,SUBNEIGHBOURHOOD PARK,1,TITLED,NO BREAKDOWN,,,CAN338,,CALGARY PARKS,CALGARY PARKS,,ACTIVE,[-114.07164065   50.94309196]
851,,SUBNEIGHBOURHOOD PARK,1,TITLED,NO BREAKDOWN,CULTURALLY SIGNIFICANT SITE,,CAN350,,CALGARY PARKS,CALGARY PARKS,,ACTIVE,[-114.08553511   50.93564262]
852,,SUBNEIGHBOURHOOD PARK,1,TITLED,NO BREAKDOWN,CULTURALLY SIGNIFICANT SITE,,HAR773,,CALGARY PARKS,CALGARY PARKS,,ACTIVE,[-114.04660889   51.14488808]
853,,SUBNEIGHBOURHOOD PARK,1,TITLED,NO BREAKDOWN,CULTURALLY SIGNIFICANT SITE,,HAR769,,CALGARY PARKS,CALGARY PARKS,,ACTIVE,[-114.0499921   51.144687 ]
854,,SUBNEIGHBOURHOOD PARK,1,TITLED,NO BREAKDOWN,CULTURALLY SIGNIFICANT SITE,,HAR775,,CALGARY PARKS,CALGARY PARKS,,ACTIVE,[-114.04314919   51.14660923]
855,,LINEAR PARK,1,TITLED,NO BREAKDOWN,,SITE SPLIT ROC402: NEW SITE ROC399,ROC399,,CALGARY PARKS,CALGARY PARKS SHARED,"MAINTAINED AS PER LANDSCAPE MAINTENANCE AGREEMENT, EXPIRES 2042/12/31; SEE PARIS_REPOSITORY\AGREEMENTS\LANDSCAPE_MAINTENANCE_AGREEMENT",ACTIVE,[-114.2424699    51.14679639]
856,,LINEAR PARK,1,TITLED,NO BREAKDOWN,CULTURALLY SIGNIFICANT SITE,,HAR776,,CALGARY PARKS,CALGARY PARKS,,ACTIVE,[-114.04814909   51.1448231 ]
857,,SUBNEIGHBOURHOOD PARK,1,TITLED,NO BREAKDOWN,,,CAM881,,CALGARY PARKS,CALGARY PARKS,,ACTIVE,[-114.08444802   51.08664648]
858,,NEIGHBOURHOOD PARK,1,TITLED,NO BREAKDOWN,,,QPK894,,CALGARY PARKS,CALGARY PARKS,,ACTIVE,[-114.08501906   51.08191431]
859,,COMMUNITY PARK,1,TITLED,NO BREAKDOWN,CULTURALLY SIGNIFICANT SITE,,ROC400,,CALGARY PARKS,CALGARY PARKS SHARED,"MAINTAINED AS PER LANDSCAPE MAINTENANCE AGREEMENT, EXPIRES 2042/12/31; SEE PARIS_REPOSITORY\AGREEMENTS\LANDSCAPE_MAINTENANCE_AGREEMENT",ACTIVE,[-114.24770826   51.15051844]
860,,LINEAR PARK,1,TITLED,NO BREAKDOWN,,,RVW005,,CALGARY PARKS,CALGARY PARKS SHARED,,ACTIVE,[-113.93024562   50.87355971]
861,,SUBNEIGHBOURHOOD PARK,1,TITLED,NO BREAKDOWN,,,ACA191,,CALGARY PARKS,CALGARY PARKS,,ACTIVE,[-114.05494265   50.97424156]
862,ACADIA ELEM; DAVID THOMPSON JR HIGH,COMMUNITY PARK,1,TITLED,NO BREAKDOWN,,,ACA186,,CALGARY PARKS SHARED,CALGARY PARKS SHARED,,ACTIVE,[-114.05410008   50.96967908]
863,,COMMUNITY PARK,1,TITLED,NO BREAKDOWN,CULTURALLY SIGNIFICANT SITE,,ALB824,,CALGARY PARKS SHARED,CALGARY PARKS,,ACTIVE,[-114.01010126   51.04065758]
864,,NEIGHBOURHOOD PARK,1,TITLED,NO BREAKDOWN,CULTURALLY SIGNIFICANT SITE,,BED681,,CALGARY PARKS,CALGARY PARKS,,ACTIVE,[-114.08112091   51.1348939 ]
865,,NEIGHBOURHOOD PARK,1,TITLED,NO BREAKDOWN,CULTURALLY SIGNIFICANT SITE,,ROY356,,CALGARY PARKS,CALGARY PARKS SHARED,MAINTENANCE SHARED WITH WATER RESOURCES,ACTIVE,[-114.22095846   51.15246492]
866,,SUBNEIGHBOURHOOD PARK,1,TITLED,NO BREAKDOWN,,,MCT778,,CALGARY PARKS,CALGARY PARKS SHARED,"MAINTAINED AS PER LANDSCAPE MAINTENANCE AGREEMENT, EXPIRES 2042/12/31; SEE PARIS_REPOSITORY\AGREEMENTS\LANDSCAPE_MAINTENANCE_AGREEMENT",ACTIVE,[-113.96840215   50.92504233]
867,,NEIGHBOURHOOD PARK,1,TITLED,NO BREAKDOWN,CULTURALLY SIGNIFICANT SITE,,CRA131,,CALGARY PARKS,CALGARY PARKS SHARED,,ACTIVE,[-113.98338619   50.88435339]
868,,SUBNEIGHBOURHOOD PARK,1,TITLED,NO BREAKDOWN,CULTURALLY SIGNIFICANT SITE,,CIT426,,CALGARY PARKS,CALGARY PARKS,,ACTIVE,[-114.19162345   51.14790173]
869,,NEIGHBOURHOOD PARK,1,TITLED,NO BREAKDOWN,,,TAR130,,CALGARY PARKS,CALGARY PARKS,,ACTIVE,[-113.92818937   51.11293874]
870,,NEIGHBOURHOOD PARK,1,TITLED,NO BREAKDOWN,CULTURALLY SIGNIFICANT SITE,,GRE010,,CALGARY PARKS,CALGARY PARKS SHARED,,ACTIVE,[-114.21555498   51.08576965]
871,OUR LADY OF FATIMA ELEM,NEIGHBOURHOOD PARK,1,TITLED,NO BREAKDOWN,,,TAR133,,CALGARY PARKS SHARED,CALGARY PARKS,,ACTIVE,[-113.93914494   51.11621563]
872,,SUBNEIGHBOURHOOD PARK,1,TITLED,NO BREAKDOWN,,,TAR324,,CALGARY PARKS,CALGARY PARKS,,ACTIVE,[-113.92557847   51.11673083]
873,,LINEAR PARK,1,TITLED,NO BREAKDOWN,CULTURALLY SIGNIFICANT SITE,SITE SPLIT COL350: NEW SITE COL351,COL351,,CALGARY PARKS SHARED,CALGARY PARKS,NORTH PERIMETER OF CONFDERATION GOLF COURSE OUTSIDE FENCE,ACTIVE,[-114.09749245   51.08045991]
874,OLYMPIC HEIGHTS ELEM; STRATHCONA CHRISTIE ASPEN COMMUNITY ASSOC,COMMUNITY PARK,1,TITLED,NO BREAKDOWN,CULTURALLY SIGNIFICANT SITE,,STR816,,CALGARY PARKS,CALGARY PARKS SHARED,,ACTIVE,[-114.18025724   51.04625914]
875,,SUBNEIGHBOURHOOD PARK,1,TITLED,NO BREAKDOWN,CULTURALLY SIGNIFICANT SITE,,HAM001,,CALGARY PARKS,CALGARY PARKS,,ACTIVE,[-114.13722208   51.14438333]
876,CANYON MEADOWS ELEM,NEIGHBOURHOOD PARK,1,TITLED,NO BREAKDOWN,,,CAN334,,CALGARY PARKS SHARED,CALGARY PARKS SHARED,,ACTIVE,[-114.07723593   50.94728231]
877,,SUBNEIGHBOURHOOD PARK,1,TITLED,NO BREAKDOWN,,,CAN335,,CALGARY PARKS,CALGARY PARKS,,ACTIVE,[-114.07513719   50.94907567]
878,,SUBNEIGHBOURHOOD PARK,1,TITLED,NO BREAKDOWN,,,CAM810,,CALGARY PARKS,CALGARY PARKS,,ACTIVE,[-114.09224077   51.08814116]
879,,NEIGHBOURHOOD PARK,1,TITLED,NO BREAKDOWN,,SITE SPLIT AUB201: NEW SITE AUB100,AUB100,,CALGARY PARKS SHARED,CALGARY PARKS SHARED,,ACTIVE,[-113.96626439   50.89196243]
880,,SUBNEIGHBOURHOOD PARK,1,TITLED,NO BREAKDOWN,,,HAR778,,CALGARY PARKS,CALGARY PARKS,,ACTIVE,[-114.06175185   51.15020076]
881,,LINEAR PARK,1,TITLED,NO BREAKDOWN,CULTURALLY SIGNIFICANT SITE,,HAR865,,CALGARY PARKS,CALGARY PARKS,,ACTIVE,[-114.05849248   51.15148954]
882,,NEIGHBOURHOOD PARK,1,TITLED,NO BREAKDOWN,CULTURALLY SIGNIFICANT SITE,SITE SPLIT ROC402,ROC402,,CALGARY PARKS,CALGARY PARKS SHARED,"MAINTAINED AS PER LANDSCAPE MAINTENANCE AGREEMENT, EXPIRES 2042/12/31; SEE PARIS_REPOSITORY\AGREEMENTS\LANDSCAPE_MAINTENANCE_AGREEMENT",ACTIVE,[-114.24728704   51.14791355]
883,90TH AVE DEPOT,PARKS DEPOT,1,TITLED,NO BREAKDOWN,CULTURALLY SIGNIFICANT SITE,,GPK000,,CALGARY PARKS,CALGARY PARKS,,ACTIVE,[-114.13652901   50.97769505]
884,CAMBRIAN HEIGHTS ELEM; CAMBRIAN HEIGHTS CMTY ASSOC,NEIGHBOURHOOD PARK,1,TITLED,NO BREAKDOWN,,,CAM883,,CALGARY PARKS SHARED,CALGARY PARKS SHARED,,ACTIVE,[-114.08781624   51.08582676]
885,,SUBNEIGHBOURHOOD PARK,1,TITLED,NO BREAKDOWN,,,CAN331,,CALGARY PARKS,CALGARY PARKS,,ACTIVE,[-114.08720096   50.94601639]
886,,COMMUNITY PARK,1,TITLED,NO BREAKDOWN,,,CPF864,,CALGARY PARKS,CALGARY PARKS SHARED,,ACTIVE,[-113.93341545   50.9135374 ]
887,,DISTRICT PARK,1,TITLED,NO BREAKDOWN,CULTURALLY SIGNIFICANT SITE,,SGH003,,CALGARY PARKS,CALGARY PARKS SHARED,,ACTIVE,[-114.14553585   51.18036719]
888,,COMMUNITY PARK,1,TITLED,NO BREAKDOWN,CULTURALLY SIGNIFICANT SITE,,SHW819,,CALGARY PARKS,CALGARY PARKS SHARED,,ACTIVE,[-114.15597935   51.15981045]
889,,COMMUNITY PARK,1,TITLED,NO BREAKDOWN,,,TAR137,,CALGARY PARKS,CALGARY PARKS SHARED,STORM POND AND WETLAND ENVIRONMENT,ACTIVE,[-113.92717879   51.12291292]
890,,SUBNEIGHBOURHOOD PARK,1,TITLED,NO BREAKDOWN,,,WSP037,,CALGARY PARKS,CALGARY PARKS,,ACTIVE,[-114.21967581   51.06583478]
891,,COMMUNITY PARK,1,TITLED,NO BREAKDOWN,CULTURALLY SIGNIFICANT SITE,SITE SPLIT KCA838: NEW SITE KCA838,KCA839,,CALGARY PARKS,CALGARY PARKS SHARED,"MAINTAINED AS PER LANDSCAPE MAINTENANCE AGREEMENT, EXPIRES 2042/12/31; SEE PARIS_REPOSITORY\AGREEMENTS\LANDSCAPE_MAINTENANCE_AGREEMENT",ACTIVE,[-114.13145581   51.1639104 ]
892,,SUBNEIGHBOURHOOD PARK,1,TITLED,NO BREAKDOWN,CULTURALLY SIGNIFICANT SITE,,KCA840,,CALGARY PARKS,CALGARY PARKS SHARED,"MAINTAINED AS PER LANDSCAPE MAINTENANCE AGREEMENT, EXPIRES 2042/12/31; SEE PARIS_REPOSITORY\AGREEMENTS\LANDSCAPE_MAINTENANCE_AGREEMENT",ACTIVE,[-114.13931011   51.15752699]
893,ROBERT WARREN JR HIGH,COMMUNITY PARK,1,TITLED,NO BREAKDOWN,,,CAN343,,CALGARY PARKS SHARED,CALGARY PARKS SHARED,,ACTIVE,[-114.0836739   50.9417761]
894,,COMMUNITY PARK,1,TITLED,NO BREAKDOWN,CULTURALLY SIGNIFICANT SITE,,BED724,,CALGARY PARKS,CALGARY PARKS,,ACTIVE,[-114.06456479   51.12752715]
895,,SUBNEIGHBOURHOOD PARK,1,TITLED,NO BREAKDOWN,,,CAM882,,CALGARY PARKS,CALGARY PARKS,,ACTIVE,[-114.0851861    51.08481244]
896,,SUBNEIGHBOURHOOD PARK,1,TITLED,NO BREAKDOWN,CULTURALLY SIGNIFICANT SITE,,BEL359,,CALGARY PARKS,CALGARY PARKS,,ACTIVE,[-114.08679053   50.99812505]
897,,SUBNEIGHBOURHOOD PARK,1,TITLED,NO BREAKDOWN,,,CAN326,,CALGARY PARKS,CALGARY PARKS,,ACTIVE,[-114.08481395   50.94774036]
898,,SUBNEIGHBOURHOOD PARK,1,TITLED,NO BREAKDOWN,,,CAN333,,CALGARY PARKS,CALGARY PARKS,,ACTIVE,[-114.08296427   50.9442727 ]
899,,SUBNEIGHBOURHOOD PARK,1,TITLED,NO BREAKDOWN,,,CAN337,,CALGARY PARKS,CALGARY PARKS,,ACTIVE,[-114.07302266   50.94628037]
900,,SUBNEIGHBOURHOOD PARK,1,TITLED,NO BREAKDOWN,,,CIT662,,CALGARY PARKS,CALGARY PARKS,,ACTIVE,[-114.1717226    51.14744994]
901,,NEIGHBOURHOOD PARK,1,TITLED,NO BREAKDOWN,CULTURALLY SIGNIFICANT SITE,,CIT358,,CALGARY PARKS,CALGARY PARKS,,ACTIVE,[-114.18434148   51.14828839]
902,,COMMUNITY PARK,1,TITLED,NO BREAKDOWN,CULTURALLY SIGNIFICANT SITE,,09D862,,CALGARY PARKS SHARED,CALGARY PARKS SHARED,"DO NOT DIG OR DISTURB SOIL. IF YOU MUST DISTURB THE AREA CONTACT JEFF SWINGLER AND/OR TRENT PARKS, BOTH WITH ESM. FORMER IMPERIAL OIL REFINERY SITE. SEE REPOSITORY FOR INFO R:\SUBDIVISION_DEVELOPMENT\CAPITAL_PROJECT_APPROVAL_DOCUMENTS\OGDEN\OGD792",ACTIVE,[-114.01390604   51.01060239]
903,,LINEAR PARK,1,TITLED,NO BREAKDOWN,CULTURALLY SIGNIFICANT SITE,,BNK891,,CALGARY PARKS,CALGARY PARKS,,ACTIVE,[-114.09661233   51.03665525]
904,,SUBNEIGHBOURHOOD PARK,1,TITLED,NO BREAKDOWN,,,BOW175,,CALGARY PARKS,CALGARY PARKS,,ACTIVE,[-114.20263362   51.09011996]
905,,SUBNEIGHBOURHOOD PARK,1,TITLED,NO BREAKDOWN,CULTURALLY SIGNIFICANT SITE,,BOW194,,CALGARY PARKS,CALGARY PARKS,,ACTIVE,[-114.19775737   51.08279895]
906,,SUBNEIGHBOURHOOD PARK,1,TITLED,NO BREAKDOWN,CULTURALLY SIGNIFICANT SITE,,BOW197,,CALGARY PARKS,CALGARY PARKS,,ACTIVE,[-114.19493605   51.09371809]
907,,SUBNEIGHBOURHOOD PARK,1,TITLED,NO BREAKDOWN,CULTURALLY SIGNIFICANT SITE,,BNK858,,CALGARY PARKS,CALGARY PARKS,,ACTIVE,[-114.09900787   51.03666009]
908,,NEIGHBOURHOOD PARK,1,TITLED,NO BREAKDOWN,CULTURALLY SIGNIFICANT SITE,,CHR904,,CALGARY PARKS,CALGARY PARKS SHARED,"MAINTAINED AS PER LANDSCAPE MAINTENANCE AGREEMENT, EXPIRES 2042/12/31; SEE PARIS_REPOSITORY\AGREEMENTS\LANDSCAPE_MAINTENANCE_AGREEMENT",ACTIVE,[-114.18068558   51.03855661]
909,,SUBNEIGHBOURHOOD PARK,1,TITLED,NO BREAKDOWN,CULTURALLY SIGNIFICANT SITE,,CRE776,,CALGARY PARKS,CALGARY PARKS,,ACTIVE,[-114.05399788   51.05663679]
910,,SUBNEIGHBOURHOOD PARK,1,TITLED,NO BREAKDOWN,CULTURALLY SIGNIFICANT SITE,SITE SPLIT CRA030: NEW SITE CRA112; IGNORE ERROR BVAP ACTIVE BEFORE REST OF SITE,CRA112,,CALGARY PARKS SHARED,CALGARY PARKS,,ACTIVE,[-113.9882909    50.87438767]
911,,SUBNEIGHBOURHOOD PARK,1,TITLED,NO BREAKDOWN,,,SAD004,,CALGARY PARKS,CALGARY PARKS,,ACTIVE,[-113.95213475   51.13698409]
912,,SUBNEIGHBOURHOOD PARK,1,TITLED,NO BREAKDOWN,,,PUM996,,CALGARY PARKS,CALGARY PARKS SHARED,"2021/04/22: AS PER J MERRIMAN-ALL THOUGH THIS HAS EXPIRED, PUMPHILL VILLAS HOA IS STILL RESPONSIBLE-SEE REPOSITORY R:\AGREEMENTS\LOU & MOU\PUM996",ACTIVE,[-114.10499621   50.97138097]
913,,SUBNEIGHBOURHOOD PARK,1,TITLED,NO BREAKDOWN,CULTURALLY SIGNIFICANT SITE,,CGR219,,CALGARY PARKS,CALGARY PARKS,,ACTIVE,[-114.20062911   51.06854524]
914,ERIN WOODS ELEM,COMMUNITY PARK,1,TITLED,NO BREAKDOWN,,,ERI830,,CALGARY PARKS SHARED,CALGARY PARKS SHARED,,ACTIVE,[-113.9655948    51.02225239]
915,,SUBNEIGHBOURHOOD PARK,1,TITLED,NO BREAKDOWN,,,CHW329,,CALGARY PARKS,CALGARY PARKS,,ACTIVE,[-114.12239232   51.08261506]
916,,SUBNEIGHBOURHOOD PARK,1,TITLED,NO BREAKDOWN,CULTURALLY SIGNIFICANT SITE,,ACA187,,CALGARY PARKS,CALGARY PARKS,,ACTIVE,[-114.04860911   50.97270439]
917,,SUBNEIGHBOURHOOD PARK,1,TITLED,NO BREAKDOWN,CULTURALLY SIGNIFICANT SITE,,EDG151,,CALGARY PARKS,CALGARY PARKS SHARED,"MAINTAINED AS PER LANDSCAPE MAINTENANCE AGREEMENT, EXPIRES 2042/12/31; SEE PARIS_REPOSITORY\AGREEMENTS\LANDSCAPE_MAINTENANCE_AGREEMENT",ACTIVE,[-114.14808393   51.1279024 ]
918,,SUBNEIGHBOURHOOD PARK,1,TITLED,NO BREAKDOWN,CULTURALLY SIGNIFICANT SITE,,ACA188,,CALGARY PARKS,CALGARY PARKS,,ACTIVE,[-114.04858464   50.97250457]
919,,SUBNEIGHBOURHOOD PARK,1,TITLED,NO BREAKDOWN,,,EDG153,,CALGARY PARKS,CALGARY PARKS SHARED,"MAINTAINED AS PER LANDSCAPE MAINTENANCE AGREEMENT, EXPIRES 2042/12/31; SEE PARIS_REPOSITORY\AGREEMENTS\LANDSCAPE_MAINTENANCE_AGREEMENT",ACTIVE,[-114.14523214   51.13018108]
920,,SUBNEIGHBOURHOOD PARK,1,TITLED,NO BREAKDOWN,CULTURALLY SIGNIFICANT SITE,,EDG157,,CALGARY PARKS,CALGARY PARKS SHARED,"MAINTAINED AS PER LANDSCAPE MAINTENANCE AGREEMENT, EXPIRES 2042/12/31; SEE PARIS_REPOSITORY\AGREEMENTS\LANDSCAPE_MAINTENANCE_AGREEMENT",ACTIVE,[-114.13943999   51.11598243]
921,ST KATERI TEKAKWITHA ELEM,NEIGHBOURHOOD PARK,1,TITLED,NO BREAKDOWN,,,ABB563,,CALGARY PARKS,CALGARY PARKS,,ACTIVE,[-113.92846982   51.06200713]
922,,COMMUNITY PARK,1,TITLED,NO BREAKDOWN,,,CNS017,,CALGARY PARKS SHARED,CALGARY PARKS SHARED,,ACTIVE,[-113.93333337   51.14971302]
923,,SUBNEIGHBOURHOOD PARK,1,TITLED,NO BREAKDOWN,,,ERI860,,CALGARY PARKS,CALGARY PARKS,,ACTIVE,[-113.97386032   51.01710423]
924,,NEIGHBOURHOOD PARK,1,TITLED,NO BREAKDOWN,CULTURALLY SIGNIFICANT SITE,,BED621,,CALGARY PARKS,CALGARY PARKS,,ACTIVE,[-114.09865718   51.1285351 ]
925,,NEIGHBOURHOOD PARK,1,TITLED,NO BREAKDOWN,CULTURALLY SIGNIFICANT SITE,,BED622,,CALGARY PARKS,CALGARY PARKS,,ACTIVE,[-114.09099968   51.12921973]
926,,SUBNEIGHBOURHOOD PARK,1,TITLED,NO BREAKDOWN,,,BED680,,CALGARY PARKS,CALGARY PARKS,,ACTIVE,[-114.09892987   51.13116438]
927,ST BEDE ELEM; BEDDINGTON ELEM,COMMUNITY PARK,1,TITLED,NO BREAKDOWN,,,BED723,,CALGARY PARKS,CALGARY PARKS SHARED,,ACTIVE,[-114.08181137   51.13151173]
928,,SUBNEIGHBOURHOOD PARK,1,TITLED,NO BREAKDOWN,CULTURALLY SIGNIFICANT SITE,,BEL358,,CALGARY PARKS,CALGARY PARKS,,ACTIVE,[-114.09074679   50.99812861]
929,SENATOR PATRICK BURNS JR HIGH; CHICOUTIMI FIELD,COMMUNITY PARK,1,TITLED,NO BREAKDOWN,CULTURALLY SIGNIFICANT SITE,,CHW376,,CALGARY PARKS SHARED,CALGARY PARKS SHARED,,ACTIVE,[-114.1162281    51.08728765]
930,,LINEAR PARK,1,TITLED,NO BREAKDOWN,,SITE SPLIT CRA023: NEW SITE CRA137,CRA137,,"CALGARY PARKS, CBE & CSSB",CALGARY PARKS SHARED,,ACTIVE,[-113.98305991   50.89068177]
931,,SUBNEIGHBOURHOOD PARK,1,TITLED,NO BREAKDOWN,CULTURALLY SIGNIFICANT SITE,,EPK296,,CALGARY PARKS,CALGARY PARKS,,ACTIVE,[-114.07711086   51.02829768]
932,,SUBNEIGHBOURHOOD PARK,1,TITLED,NO BREAKDOWN,,,APP572,,CALGARY PARKS,CALGARY PARKS,,ACTIVE,[-113.93176498   51.04389002]
933,,SUBNEIGHBOURHOOD PARK,1,TITLED,NO BREAKDOWN,,,APP573,,CALGARY PARKS,CALGARY PARKS,,ACTIVE,[-113.93267348   51.04070041]
934,,SUBNEIGHBOURHOOD PARK,1,TITLED,NO BREAKDOWN,,,GAW637,,CALGARY PARKS,CALGARY PARKS,,ACTIVE,[-114.11069458   51.01973913]
935,,SUBNEIGHBOURHOOD PARK,1,TITLED,NO BREAKDOWN,,,BNF326,,CALGARY PARKS,CALGARY PARKS,,ACTIVE,[-114.11827052   51.07718051]
936,,SUBNEIGHBOURHOOD PARK,1,TITLED,NO BREAKDOWN,,,CED088,,CALGARY PARKS,CALGARY PARKS,,ACTIVE,[-114.12323846   50.95234433]
937,,SUBNEIGHBOURHOOD PARK,1,TITLED,NO BREAKDOWN,,,CED093,,CALGARY PARKS,CALGARY PARKS,,ACTIVE,[-114.12344637   50.95790109]
938,,DISTRICT PARK,1,TITLED,NO BREAKDOWN,CULTURALLY SIGNIFICANT SITE,SITE SPLIT CRA030,CRA030,,CALGARY PARKS SHARED,CALGARY PARKS SHARED,,ACTIVE,[-113.9878795    50.87385256]
939,,NEIGHBOURHOOD PARK,1,TITLED,NO BREAKDOWN,CULTURALLY SIGNIFICANT SITE,,ROY393,,CALGARY PARKS,CALGARY PARKS SHARED,"MAINTAINED AS PER LANDSCAPE MAINTENANCE AGREEMENT, EXPIRES 2042/12/31; SEE PARIS_REPOSITORY\AGREEMENTS\LANDSCAPE_MAINTENANCE_AGREEMENT",ACTIVE,[-114.22486479   51.13725992]
940,,LINEAR PARK,1,TITLED,NO BREAKDOWN,,SITE SPLIT EVE110: NEW SITE EVE097,EVE097,,CALGARY PARKS SHARED,CALGARY PARKS SHARED,,ACTIVE,[-114.11025261   50.91472501]
941,,NEIGHBOURHOOD PARK,1,TITLED,NO BREAKDOWN,CULTURALLY SIGNIFICANT SITE,,ROY369,,CALGARY PARKS,CALGARY PARKS SHARED,"MAINTAINED AS PER LANDSCAPE MAINTENANCE AGREEMENT, EXPIRES 2042/12/31; SEE PARIS_REPOSITORY\AGREEMENTS\LANDSCAPE_MAINTENANCE_AGREEMENT",ACTIVE,[-114.22774853   51.1396646 ]
942,,LINEAR PARK,1,TITLED,NO BREAKDOWN,,SITE SPLIT HAW006: NEW SITE HAW019,HAW019,,CALGARY PARKS,CALGARY PARKS SHARED,"MAINTAINED AS PER LANDSCAPE MAINTENANCE AGREEMENT, EXPIRES 2042/12/31; SEE PARIS_REPOSITORY\AGREEMENTS\LANDSCAPE_MAINTENANCE_AGREEMENT",ACTIVE,[-114.1702501    51.13233242]
943,,COMMUNITY PARK,1,TITLED,NO BREAKDOWN,CULTURALLY SIGNIFICANT SITE,,CHW427,,CALGARY PARKS,CALGARY PARKS,PARKS DEPOT ON SITE,ACTIVE,[-114.11047439   51.09321802]
944,,SUBNEIGHBOURHOOD PARK,1,TITLED,NO BREAKDOWN,,,CHW378,,CALGARY PARKS,CALGARY PARKS,,ACTIVE,[-114.11919447   51.09410843]
945,,SUBNEIGHBOURHOOD PARK,1,TITLED,NO BREAKDOWN,CULTURALLY SIGNIFICANT SITE,,ERL457,,CALGARY PARKS,CALGARY PARKS,,ACTIVE,[-114.06250986   51.02674705]
946,,SUBNEIGHBOURHOOD PARK,1,TITLED,NO BREAKDOWN,,,ERI834,,CALGARY PARKS,CALGARY PARKS,,ACTIVE,[-113.97338441   51.021772  ]
947,,SUBNEIGHBOURHOOD PARK,1,TITLED,NO BREAKDOWN,,,ERI836,,CALGARY PARKS,CALGARY PARKS,,ACTIVE,[-113.96359364   51.02021182]
948,,LINEAR PARK,1,TITLED,NO BREAKDOWN,,SITE SPLIT OAK074: NEW SITE OAK081,OAK081,,CALGARY PARKS,CALGARY PARKS,,ACTIVE,[-114.12592489   50.96498295]
949,,COMMUNITY PARK,1,TITLED,NO BREAKDOWN,,,ERI837,,CALGARY PARKS SHARED,CALGARY PARKS,,ACTIVE,[-113.96901164   51.01883713]
950,,SUBNEIGHBOURHOOD PARK,1,TITLED,NO BREAKDOWN,,,AUB203,,CALGARY PARKS,CALGARY PARKS,,ACTIVE,[-113.96360245   50.88800822]
951,INGLEWOOD SWIMMING POOL,SUBNEIGHBOURHOOD PARK,1,TITLED,NO BREAKDOWN,CULTURALLY SIGNIFICANT SITE,,AYB091,,CALGARY PARKS SHARED,CALGARY PARKS SHARED,,ACTIVE,[-114.02860523   51.03757144]
952,,LINEAR PARK,1,TITLED,NO BREAKDOWN,,,BDO908,,CALGARY PARKS,CALGARY PARKS,,ACTIVE,[-114.03306661   50.94738751]
953,,LINEAR PARK,1,TITLED,NO BREAKDOWN,,,BDO909,,CALGARY PARKS,CALGARY PARKS,,ACTIVE,[-114.03326469   50.94701527]
954,,SUBNEIGHBOURHOOD PARK,1,TITLED,NO BREAKDOWN,,,CAN935,,CALGARY PARKS,CALGARY PARKS,,ACTIVE,[-114.07293382   50.94870833]
955,NORTH TRAIL HIGH SCHOOL,COMMUNITY PARK,1,TITLED,NO BREAKDOWN,CULTURALLY SIGNIFICANT SITE,,COV108,,CALGARY PARKS SHARED,CALGARY PARKS SHARED,,ACTIVE,[-114.06624551   51.16637734]
956,CENTRAL MEMORIAL HIGH; LORD SHAUGHNESSY SR HIGH,COMMUNITY PARK,1,TITLED,NO BREAKDOWN,,,NGM541,,CALGARY PARKS SHARED,CALGARY PARKS SHARED,,ACTIVE,[-114.11468567   51.0077618 ]
957,PUMPHOUSE THEATRE DEPOT,PARKS DEPOT,1,TITLED,NO BREAKDOWN,CULTURALLY SIGNIFICANT SITE,,SNA000,,CALGARY PARKS SHARED,CALGARY PARKS SHARED,PARKS DEPOT ON SITE,ACTIVE,[-114.10843096   51.04688749]
958,,COMMUNITY PARK,1,TITLED,NO BREAKDOWN,CULTURALLY SIGNIFICANT SITE,,EVN273,,CALGARY PARKS,CALGARY PARKS,,ACTIVE,[-114.10386807   51.17322007]
959,,SUBNEIGHBOURHOOD PARK,1,TITLED,NO BREAKDOWN,,,CIT970,,CALGARY PARKS,CALGARY PARKS,,ACTIVE,[-114.17305385   51.138804  ]
960,,COMMUNITY PARK,1,TITLED,MR - MUNICIPAL RESERVE,,,RVW008,,CALGARY PARKS,CALGARY PARKS,MAY MERGE WITH RVW001 IN FUTURE,ACTIVE,[-113.91613087   50.88009577]
961,,SUBNEIGHBOURHOOD PARK,1,TITLED,NO BREAKDOWN,CULTURALLY SIGNIFICANT SITE,,BED598,,CALGARY PARKS,CALGARY PARKS,,ACTIVE,[-114.10280186   51.1281017 ]
962,DR E W COFFIN ELEM,COMMUNITY PARK,1,TITLED,NO BREAKDOWN,CULTURALLY SIGNIFICANT SITE,,BRE452,,CALGARY PARKS SHARED,CALGARY PARKS SHARED,,ACTIVE,[-114.13656754   51.10412956]
963,,SUBNEIGHBOURHOOD PARK,1,TITLED,NO BREAKDOWN,,,BED594,,CALGARY PARKS,CALGARY PARKS,,ACTIVE,[-114.08772211   51.12640031]
964,HAMPTONS SCHOOL,DISTRICT PARK,1,TITLED,NO BREAKDOWN,CULTURALLY SIGNIFICANT SITE,,HAM461,,CALGARY PARKS,CALGARY PARKS SHARED,"MAINTAINED AS PER LANDSCAPE MAINTENANCE AGREEMENT, EXPIRES 2042/12/31; SEE PARIS_REPOSITORY\AGREEMENTS\LANDSCAPE_MAINTENANCE_AGREEMENT",ACTIVE,[-114.14833173   51.14179588]
965,SCENIC ACRES SPORTS ARENA,NON-PARK,1,TITLED,NO BREAKDOWN,CULTURALLY SIGNIFICANT SITE,,SCE280,,CALGARY PARKS,OUTSIDE AGENCY,"MAINTAINED AS PER LANDSCAPE MAINTENANCE AGREEMENT, EXPIRES 2042/12/31; SEE PARIS_REPOSITORY\AGREEMENTS\LANDSCAPE_MAINTENANCE_AGREEMENT",ACTIVE,[-114.21127175   51.1118887 ]
966,DR GEORGE STANLEY SCHOOL,COMMUNITY PARK,1,TITLED,NO BREAKDOWN,CULTURALLY SIGNIFICANT SITE,,CRA129,,CALGARY PARKS,CALGARY PARKS SHARED,,ACTIVE,[-113.97767042   50.883383  ]
967,,NON-PARK,1,TITLED,NO BREAKDOWN,,,MCI066,,CALGARY PARKS,OUTSIDE AGENCY,,ACTIVE,[-114.01341328   51.08948154]
968,,NEIGHBOURHOOD PARK,1,TITLED,NO BREAKDOWN,,,ESH909,,CALGARY PARKS SHARED,CALGARY PARKS SHARED,,ACTIVE,[-113.93310782   50.954703  ]
969,,SUBNEIGHBOURHOOD PARK,1,TITLED,NO BREAKDOWN,,,THO577,,CALGARY PARKS,CALGARY PARKS,,ACTIVE,[-114.07349922   51.10189269]
970,,SUBNEIGHBOURHOOD PARK,1,TITLED,NO BREAKDOWN,CULTURALLY SIGNIFICANT SITE,,THO699,,CALGARY PARKS,CALGARY PARKS,,ACTIVE,[-114.08125703   51.10658068]
971,CRESCENT PARK,COMMUNITY PARK,1,TITLED,NO BREAKDOWN,CULTURALLY SIGNIFICANT SITE,SITE SPLIT CRE871,CRE871,,CALGARY PARKS,CALGARY PARKS,,ACTIVE,[-114.06925327   51.06129136]
972,,SUBNEIGHBOURHOOD PARK,1,TITLED,NO BREAKDOWN,,,THO701,,CALGARY PARKS,CALGARY PARKS,,ACTIVE,[-114.07821405   51.1089789 ]
973,,SUBNEIGHBOURHOOD PARK,1,TITLED,NO BREAKDOWN,CULTURALLY SIGNIFICANT SITE,,THO712,,CALGARY PARKS,CALGARY PARKS,,ACTIVE,[-114.05962261   51.10705929]
974,,SUBNEIGHBOURHOOD PARK,1,TITLED,NO BREAKDOWN,CULTURALLY SIGNIFICANT SITE,,THO713,,CALGARY PARKS,CALGARY PARKS,,ACTIVE,[-114.05651029   51.1103261 ]
975,CANBERRA PARK,NON-PARK,1,TITLED,NO BREAKDOWN,CULTURALLY SIGNIFICANT SITE,,COL393,,CALGARY PARKS,CALGARY PARKS,,ACTIVE,[-114.10596312   51.08326626]
976,CITADEL PARK SCHOOL,COMMUNITY PARK,1,TITLED,NO BREAKDOWN,,,CIT967,,CALGARY PARKS SHARED,CALGARY PARKS SHARED,,ACTIVE,[-114.17596538   51.14543002]
977,,SUBNEIGHBOURHOOD PARK,1,TITLED,NO BREAKDOWN,CULTURALLY SIGNIFICANT SITE,,HAM098,,CALGARY PARKS,CALGARY PARKS SHARED,"MAINTAINED AS PER LANDSCAPE MAINTENANCE AGREEMENT, EXPIRES 2042/12/31; SEE PARIS_REPOSITORY\AGREEMENTS\LANDSCAPE_MAINTENANCE_AGREEMENT",ACTIVE,[-114.15547362   51.14032656]
978,,SUBNEIGHBOURHOOD PARK,1,TITLED,NO BREAKDOWN,CULTURALLY SIGNIFICANT SITE,,HAM136,,CALGARY PARKS,CALGARY PARKS SHARED,"MAINTAINED AS PER LANDSCAPE MAINTENANCE AGREEMENT, EXPIRES 2042/12/31; SEE PARIS_REPOSITORY\AGREEMENTS\LANDSCAPE_MAINTENANCE_AGREEMENT",ACTIVE,[-114.15957369   51.14033358]
979,,LINEAR PARK,1,TITLED,NO BREAKDOWN,CULTURALLY SIGNIFICANT SITE,,HAM138,,CALGARY PARKS,CALGARY PARKS SHARED,"MAINTAINED AS PER LANDSCAPE MAINTENANCE AGREEMENT, EXPIRES 2042/12/31; SEE PARIS_REPOSITORY\AGREEMENTS\LANDSCAPE_MAINTENANCE_AGREEMENT",ACTIVE,[-114.16124131   51.14049886]
980,,SUBNEIGHBOURHOOD PARK,1,TITLED,NO BREAKDOWN,,,HAM223,,CALGARY PARKS,CALGARY PARKS SHARED,"MAINTAINED AS PER LANDSCAPE MAINTENANCE AGREEMENT, EXPIRES 2042/12/31; SEE PARIS_REPOSITORY\AGREEMENTS\LANDSCAPE_MAINTENANCE_AGREEMENT",ACTIVE,[-114.13404658   51.14592369]
981,,SUBNEIGHBOURHOOD PARK,1,TITLED,NO BREAKDOWN,CULTURALLY SIGNIFICANT SITE,,HAM441,,CALGARY PARKS,CALGARY PARKS SHARED,"MAINTAINED AS PER LANDSCAPE MAINTENANCE AGREEMENT, EXPIRES 2042/12/31; SEE PARIS_REPOSITORY\AGREEMENTS\LANDSCAPE_MAINTENANCE_AGREEMENT",ACTIVE,[-114.15338894   51.14212954]
982,,SUBNEIGHBOURHOOD PARK,1,TITLED,NO BREAKDOWN,CULTURALLY SIGNIFICANT SITE,,HAM444,,CALGARY PARKS,CALGARY PARKS SHARED,"MAINTAINED AS PER LANDSCAPE MAINTENANCE AGREEMENT, EXPIRES 2042/12/31; SEE PARIS_REPOSITORY\AGREEMENTS\LANDSCAPE_MAINTENANCE_AGREEMENT",ACTIVE,[-114.16243504   51.14155741]
983,,SUBNEIGHBOURHOOD PARK,1,TITLED,NO BREAKDOWN,,,CPF002,,CALGARY PARKS,CALGARY PARKS,,ACTIVE,[-113.92285165   50.91760554]
984,,NEIGHBOURHOOD PARK,1,TITLED,NO BREAKDOWN,,,BRI357,,CALGARY PARKS,CALGARY PARKS,,ACTIVE,[-114.1067367    50.90572103]
985,MONSIGNOR J J O'BRIEN ELEM & JR HIGH,COMMUNITY PARK,1,TITLED,NO BREAKDOWN,,,BRI674,,CALGARY PARKS SHARED,CALGARY PARKS,,ACTIVE,[-114.10166615   50.89995318]
986,,SUBNEIGHBOURHOOD PARK,1,TITLED,NO BREAKDOWN,CULTURALLY SIGNIFICANT SITE,,CAN339,,CALGARY PARKS,CALGARY PARKS,,ACTIVE,[-114.07753321   50.93533074]
987,,SUBNEIGHBOURHOOD PARK,1,TITLED,NO BREAKDOWN,CULTURALLY SIGNIFICANT SITE,,CHW377,,CALGARY PARKS,CALGARY PARKS,,ACTIVE,[-114.11376684   51.08587834]
988,,SUBNEIGHBOURHOOD PARK,1,TITLED,NO BREAKDOWN,CULTURALLY SIGNIFICANT SITE,,CHW382,,CALGARY PARKS,CALGARY PARKS,,ACTIVE,[-114.11090265   51.09079973]
989,,SUBNEIGHBOURHOOD PARK,1,TITLED,NO BREAKDOWN,,,12A897,,CALGARY PARKS,CALGARY PARKS,,ACTIVE,[-113.91168422   50.9709915 ]
990,,SUBNEIGHBOURHOOD PARK,1,TITLED,NO BREAKDOWN,,,ABB562,,CALGARY PARKS,CALGARY PARKS,,ACTIVE,[-113.93148567   51.06446496]
991,,SUBNEIGHBOURHOOD PARK,1,TITLED,NO BREAKDOWN,,,ABB566,,CALGARY PARKS,CALGARY PARKS,,ACTIVE,[-113.92595799   51.06121066]
992,,SUBNEIGHBOURHOOD PARK,1,TITLED,NO BREAKDOWN,,,MCT833,,CALGARY PARKS,CALGARY PARKS SHARED,"MAINTAINED AS PER LANDSCAPE MAINTENANCE AGREEMENT, EXPIRES 2042/12/31; SEE PARIS_REPOSITORY\AGREEMENTS\LANDSCAPE_MAINTENANCE_AGREEMENT",ACTIVE,[-113.963361     50.92146345]
993,,SUBNEIGHBOURHOOD PARK,1,TITLED,NO BREAKDOWN,CULTURALLY SIGNIFICANT SITE,,PAN450,,CALGARY PARKS SHARED,CALGARY PARKS SHARED,,ACTIVE,[-114.08450948   51.14691081]
994,,NEIGHBOURHOOD PARK,1,TITLED,NO BREAKDOWN,,,MCT823,,CALGARY PARKS,CALGARY PARKS SHARED,"MAINTAINED AS PER LANDSCAPE MAINTENANCE AGREEMENT, EXPIRES 2042/12/31; SEE PARIS_REPOSITORY\AGREEMENTS\LANDSCAPE_MAINTENANCE_AGREEMENT",ACTIVE,[-113.95787283   50.90877242]
995,,SUBNEIGHBOURHOOD PARK,1,TITLED,NO BREAKDOWN,CULTURALLY SIGNIFICANT SITE,,ROY387,,CALGARY PARKS,CALGARY PARKS SHARED,"MAINTAINED AS PER LANDSCAPE MAINTENANCE AGREEMENT, EXPIRES 2042/12/31; SEE PARIS_REPOSITORY\AGREEMENTS\LANDSCAPE_MAINTENANCE_AGREEMENT",ACTIVE,[-114.22857551   51.1367404 ]
996,12A GREENWAY,REGIONAL PARK,1,TITLED,NO BREAKDOWN,,,12A895,CONTAINS PART OF PARKS FOUNDATION SE CALGARY PH2A GREENWAY,CALGARY PARKS,CALGARY PARKS,GREENWAY MAINTENANCE,ACTIVE,[-113.91151628   50.96470616]
997,,COMMUNITY PARK,1,TITLED,NO BREAKDOWN,CULTURALLY SIGNIFICANT SITE,,HID239,,CALGARY PARKS SHARED,CALGARY PARKS SHARED,,ACTIVE,[-114.10495824   51.15710957]
998,,SUBNEIGHBOURHOOD PARK,1,TITLED,NO BREAKDOWN,,,SAD679,,CALGARY PARKS,CALGARY PARKS,,ACTIVE,[-113.93210472   51.12790356]
999,OUR LADY OF THE ROSARY ELEM,COMMUNITY PARK,1,TITLED,NO BREAKDOWN,CULTURALLY SIGNIFICANT SITE,,CRA905,,CALGARY PARKS SHARED,CALGARY PARKS SHARED,,ACTIVE,[-113.96826827   50.87390846]
1000,ROYAL SUNALTA PARK; SCARBORO COMMUNITY ASSOC; CALGARY TENNIS CLUB,NEIGHBOURHOOD PARK,1,TITLED,NO BREAKDOWN,CULTURALLY SIGNIFICANT SITE,,SCA867,,CALGARY PARKS,CALGARY PARKS,,ACTIVE,[-114.10228258   51.04043249]
1001,NORTHERN HILLS DEPOT,PARKS DEPOT,1,TITLED,NO BREAKDOWN,CULTURALLY SIGNIFICANT SITE,,CHV000,,CALGARY PARKS,CALGARY PARKS,,ACTIVE,[-114.06230973   51.1563919 ]
1002,NORTH GLENMORE CMTY ASSOC,NEIGHBOURHOOD PARK,1,TITLED,NO BREAKDOWN,CULTURALLY SIGNIFICANT SITE,,NGM528,,CALGARY PARKS SHARED,CALGARY PARKS SHARED,,ACTIVE,[-114.11266578   50.99873731]
1003,,COMMUNITY PARK,1,TITLED,NO BREAKDOWN,CULTURALLY SIGNIFICANT SITE,,ASP101,,CALGARY PARKS,CALGARY PARKS SHARED,,ACTIVE,[-114.22123636   51.04636364]
1004,,SUBNEIGHBOURHOOD PARK,1,TITLED,NO BREAKDOWN,,,ABB567,,CALGARY PARKS,CALGARY PARKS,,ACTIVE,[-113.92552884   51.05881152]
1005,,SUBNEIGHBOURHOOD PARK,1,TITLED,NO BREAKDOWN,,,ABB569,,CALGARY PARKS,CALGARY PARKS,,ACTIVE,[-113.92556551   51.05471912]
1006,,SUBNEIGHBOURHOOD PARK,1,TITLED,NO BREAKDOWN,,,ABB619,,CALGARY PARKS,CALGARY PARKS,,ACTIVE,[-113.93313153   51.05319671]
1007,,SUBNEIGHBOURHOOD PARK,1,TITLED,NO BREAKDOWN,CULTURALLY SIGNIFICANT SITE,,BED604,,CALGARY PARKS,CALGARY PARKS,,ACTIVE,[-114.07713222   51.13012201]
1008,,SUBNEIGHBOURHOOD PARK,1,TITLED,NO BREAKDOWN,,,BED608,,CALGARY PARKS,CALGARY PARKS,,ACTIVE,[-114.08548727   51.13371982]
1009,,LINEAR PARK,1,TITLED,NO BREAKDOWN,CULTURALLY SIGNIFICANT SITE,,BED612,,CALGARY PARKS,CALGARY PARKS,,ACTIVE,[-114.06155791   51.13049306]
1010,,SUBNEIGHBOURHOOD PARK,1,TITLED,NO BREAKDOWN,CULTURALLY SIGNIFICANT SITE,,DDG761,,CALGARY PARKS,CALGARY PARKS SHARED,"MAINTAINED AS PER LANDSCAPE MAINTENANCE AGREEMENT, EXPIRES 2042/12/31; SEE PARIS_REPOSITORY\AGREEMENTS\LANDSCAPE_MAINTENANCE_AGREEMENT",ACTIVE,[-114.01409696   50.95546311]
1011,,SUBNEIGHBOURHOOD PARK,1,TITLED,NO BREAKDOWN,CULTURALLY SIGNIFICANT SITE,,THO563,,CALGARY PARKS,CALGARY PARKS,,ACTIVE,[-114.05584417   51.10180223]
1012,,NEIGHBOURHOOD PARK,1,TITLED,NO BREAKDOWN,CULTURALLY SIGNIFICANT SITE,,ABP405,,CALGARY PARKS SHARED,CALGARY PARKS,,ACTIVE,[-114.05526068   51.14095609]
1013,THORNCLIFFE-GREENVIEW COMMUNITY ASSOC,COMMUNITY PARK,1,TITLED,NO BREAKDOWN,,,THO702,,CALGARY PARKS,CALGARY PARKS,,ACTIVE,[-114.06017172   51.09971259]
1014,,SUBNEIGHBOURHOOD PARK,1,TITLED,NO BREAKDOWN,CULTURALLY SIGNIFICANT SITE,,THO711,,CALGARY PARKS,CALGARY PARKS,,ACTIVE,[-114.05593275   51.10759591]
1015,,SUBNEIGHBOURHOOD PARK,1,TITLED,NO BREAKDOWN,,,TAR120,,CALGARY PARKS,CALGARY PARKS,,ACTIVE,[-113.93752921   51.11173784]
1016,,SUBNEIGHBOURHOOD PARK,1,TITLED,NO BREAKDOWN,,,TAR121,,CALGARY PARKS,CALGARY PARKS,,ACTIVE,[-113.94301198   51.11311954]
1017,,SUBNEIGHBOURHOOD PARK,1,TITLED,NO BREAKDOWN,,,TAR123,,CALGARY PARKS,CALGARY PARKS,,ACTIVE,[-113.94458495   51.11945189]
1018,,COMMUNITY PARK,1,TITLED,NO BREAKDOWN,,,TAR124,,CALGARY PARKS,CALGARY PARKS,,ACTIVE,[-113.94118829   51.1196525 ]
1019,,SUBNEIGHBOURHOOD PARK,1,TITLED,NO BREAKDOWN,,,TAR135,,CALGARY PARKS,CALGARY PARKS,,ACTIVE,[-113.93935174   51.12380812]
1020,TED HARRISON SCHOOL,COMMUNITY PARK,1,TITLED,NO BREAKDOWN,,,TAR318,,CALGARY PARKS SHARED,CALGARY PARKS SHARED,,ACTIVE,[-113.92812802   51.11719212]
1021,,SUBNEIGHBOURHOOD PARK,1,TITLED,NO BREAKDOWN,CULTURALLY SIGNIFICANT SITE,SITE SPLIT SPH021: NEW SITE SPH041,SPH041,,CALGARY PARKS,CALGARY PARKS,,ACTIVE,[-114.20493008   51.02280511]
1022,BATTALION PARK,COMMUNITY PARK,1,TITLED,NO BREAKDOWN,CULTURALLY SIGNIFICANT SITE,2019/05/01: CHANGED BACK TO COMMUNITY PARK AS PER REGIONAL-ITERNAL USE DOCUMENT (2018) FROM J ROZEMA-STINSON,SIG725,,CALGARY PARKS SHARED,CALGARY PARKS SHARED,"IMPORTANT: THIS SITE HAS AN UNDERGOUND WATER RESERVOIR, NO TRUCKS AND ONLY LIGHT MOWERS ARE ALLOWED ON THIS SITE NEAR THE RESERVOIR",ACTIVE,[-114.17264787   51.02156326]
1023,WEST NOSE CREEK PARK; CONFLUENCE PARK,REGIONAL PARK,1,TITLED,NO BREAKDOWN,CULTURALLY SIGNIFICANT SITE,,ABP799,,CALGARY PARKS SHARED,CALGARY PARKS SHARED,,ACTIVE,[-114.05960935   51.1325143 ]
1024,,COMMUNITY PARK,1,TITLED,NO BREAKDOWN,CULTURALLY SIGNIFICANT SITE,,NOL002,,CALGARY PARKS,CALGARY PARKS,,ACTIVE,[-114.16947369   51.1799875 ]
1025,,NEIGHBOURHOOD PARK,1,TITLED,NO BREAKDOWN,CULTURALLY SIGNIFICANT SITE,,OGD807,,CALGARY PARKS,CALGARY PARKS,,ACTIVE,[-114.00795433   50.9884328 ]
1026,READER ROCK GARDEN; READER ROCK GARDEN DEPOT,REGIONAL PARK,1,TITLED,NO BREAKDOWN,CULTURALLY SIGNIFICANT SITE,,MNI211,,CALGARY PARKS,CALGARY PARKS,"PARKS DEPOT ON SITE;DESIGNATED PROVINCIAL HERITAGE SITE ON 2006/11/17;2017/03/01:OPS REQUESTED BNDRY BTW READER&CEMETERY BE MODIFIED TO REFLECT MAINTENANCE,LEGAL PARCELS NOT FOLLOWED. APPROVED BY GIS LEAD TO SIMPLIFY COST REPORTING & MAINTNENANCE",ACTIVE,[-114.0565712    51.02989301]
1027,ST JUDE ELEM,DISTRICT PARK,1,TITLED,NO BREAKDOWN,,,WBN323,,CALGARY PARKS SHARED,CALGARY PARKS,,ACTIVE,[-114.13263604   50.94304416]
1028,,SUBNEIGHBOURHOOD PARK,1,TITLED,NO BREAKDOWN,,,WOO095,,CALGARY PARKS,CALGARY PARKS,,ACTIVE,[-114.10811008   50.94610806]
1029,,DISTRICT PARK,1,TITLED,NO BREAKDOWN,CULTURALLY SIGNIFICANT SITE,,HSN003,,CALGARY PARKS,CALGARY PARKS,,ACTIVE,[-114.26688892   51.10619662]
1030,,SUBNEIGHBOURHOOD PARK,1,TITLED,NO BREAKDOWN,,,MAH035,,CALGARY PARKS,CALGARY PARKS,,ACTIVE,[-113.9171459   50.8900837]
1031,,SUBNEIGHBOURHOOD PARK,1,TITLED,NO BREAKDOWN,,IGNORE ERROR - ACTIVE TURF ON BVAP. REST OF SITE NOT FAC YET,MAH041,,CALGARY PARKS,CALGARY PARKS SHARED,2024-02-13 - ACTIVE TURF ON BVAP. REST OF SITE NOT FAC YET,ACTIVE,[-113.92220371   50.89114237]
1032,,LINEAR PARK,1,TITLED,NO BREAKDOWN,,,SGL003,,CALGARY PARKS,CALGARY PARKS,,ACTIVE,[-113.98058761   51.16647336]
1033,,COMMUNITY PARK,1,TITLED,NO BREAKDOWN,CULTURALLY SIGNIFICANT SITE,,LEG002,,CALGARY PARKS,CALGARY PARKS SHARED,,ACTIVE,[-114.01406292   50.85865638]
1034,,COMMUNITY PARK,1,TITLED,NO BREAKDOWN,,,SET023,,CALGARY PARKS,CALGARY PARKS,,ACTIVE,[-113.941551     50.86973692]
1035,,SUBNEIGHBOURHOOD PARK,1,TITLED,NO BREAKDOWN,CULTURALLY SIGNIFICANT SITE,,SPH016,,CALGARY PARKS,CALGARY PARKS,,ACTIVE,[-114.20240517   51.03342699]
1036,,SUBNEIGHBOURHOOD PARK,1,TITLED,NO BREAKDOWN,,,STR812,,CALGARY PARKS,CALGARY PARKS,2105/12/22: DUE TO HABITAT DECIDED TO INCLUDE AS PART OF THIS SITE,ACTIVE,[-114.16889197   51.04134596]
1037,,SUBNEIGHBOURHOOD PARK,1,TITLED,NO BREAKDOWN,,,WOO351,,CALGARY PARKS,CALGARY PARKS,,ACTIVE,[-114.11060399   50.94724134]
1038,,SUBNEIGHBOURHOOD PARK,1,TITLED,NO BREAKDOWN,,,HAY236,,CALGARY PARKS,CALGARY PARKS,,ACTIVE,[-114.07812996   50.96638479]
1039,SACRAMENTO DEPOT,PARKS DEPOT,1,TITLED,NO BREAKDOWN,,SITE SPLIT SOW224,SOW000,,CALGARY PARKS,CALGARY PARKS,PARKS DEPOT ON SITE,ACTIVE,[-114.07734121   50.96185796]
1040,,NEIGHBOURHOOD PARK,1,TITLED,NO BREAKDOWN,CULTURALLY SIGNIFICANT SITE,,MRN001,,CALGARY PARKS,CALGARY PARKS SHARED,,ACTIVE,[-114.10716591   51.18686501]
1041,,LINEAR PARK,1,TITLED,NO BREAKDOWN,,,SOW229,,CALGARY PARKS,CALGARY PARKS,,ACTIVE,[-114.09441997   50.95548865]
1042,,COMMUNITY PARK,1,TITLED,NO BREAKDOWN,,,CPF009,,CALGARY PARKS,CALGARY PARKS,,ACTIVE,[-113.92217491   50.91490084]
1043,ST ANDREWS HTS COMMUNITY,COMMUNITY PARK,1,TITLED,NO BREAKDOWN,CULTURALLY SIGNIFICANT SITE,SITE ELEMENTS SHOULD BE RESURVEYED,STA544,,CALGARY PARKS,CALGARY PARKS,,ACTIVE,[-114.12364894   51.06646971]
1044,,SUBNEIGHBOURHOOD PARK,1,TITLED,NO BREAKDOWN,CULTURALLY SIGNIFICANT SITE,SITE SPLIT SPH021: NEW SITE SPH041,SPH046,,CALGARY PARKS,CALGARY PARKS SHARED,,ACTIVE,[-114.2031835    51.02198856]
1045,,NEIGHBOURHOOD PARK,1,TITLED,NO BREAKDOWN,CULTURALLY SIGNIFICANT SITE,,ARB131,,CALGARY PARKS,CALGARY PARKS,,ACTIVE,[-114.19851392   51.13612258]
1046,,SUBNEIGHBOURHOOD PARK,1,TITLED,NO BREAKDOWN,CULTURALLY SIGNIFICANT SITE,,ARB214,,CALGARY PARKS,CALGARY PARKS,,ACTIVE,[-114.22064725   51.13234988]
1047,,LINEAR PARK,1,TITLED,NO BREAKDOWN,CULTURALLY SIGNIFICANT SITE,SITE SPLIT TUS602: NEW SITE TUS513,TUS513,,CALGARY PARKS SHARED,CALGARY PARKS SHARED,"MAINTAINED AS PER LANDSCAPE MAINTENANCE AGREEMENT, EXPIRES 2042/12/31; SEE PARIS_REPOSITORY\AGREEMENTS\LANDSCAPE_MAINTENANCE_AGREEMENT",ACTIVE,[-114.24776695   51.12154253]
1048,,SUBNEIGHBOURHOOD PARK,1,TITLED,NO BREAKDOWN,,,WSP033,,CALGARY PARKS,CALGARY PARKS SHARED,,ACTIVE,[-114.20309567   51.06065481]
1049,,LINEAR PARK,1,TITLED,NO BREAKDOWN,,SITE SPLIT ASP520: NEW SITE ASP529,ASP529,,CALGARY PARKS,CALGARY PARKS,,ACTIVE,[-114.19912746   51.04268444]
1050,,LINEAR PARK,1,TITLED,NO BREAKDOWN,,,CSC015,,CALGARY PARKS,CALGARY PARKS,IMPORTANT-WEEPING TILE AND ATCO PIPELINE PRESENT,ACTIVE,[-113.96759151   51.14327334]
1051,,COMMUNITY PARK,1,TITLED,NO BREAKDOWN,CULTURALLY SIGNIFICANT SITE,,EYA355,,CALGARY PARKS,CALGARY PARKS,,ACTIVE,[-114.07759879   51.01582064]
1052,,NON-PARK,1,TITLED,NO BREAKDOWN,,,12A893,,CALGARY PARKS,CALGARY PARKS,,ACTIVE,[-113.90015868   50.95085434]
1053,,NEIGHBOURHOOD PARK,1,TITLED,NO BREAKDOWN,CULTURALLY SIGNIFICANT SITE,,MPL152,,CALGARY PARKS,CALGARY PARKS,,ACTIVE,[-114.03739978   50.94978512]
1054,,SUBNEIGHBOURHOOD PARK,1,TITLED,NO BREAKDOWN,,,STR809,,CALGARY PARKS,CALGARY PARKS SHARED,,ACTIVE,[-114.19781662   51.05218296]
1055,,COMMUNITY PARK,1,TITLED,NO BREAKDOWN,CULTURALLY SIGNIFICANT SITE,,BEL379,,CALGARY PARKS,CALGARY PARKS,,ACTIVE,[-114.09393024   51.00026282]
1056,,SUBNEIGHBOURHOOD PARK,1,TITLED,NO BREAKDOWN,CULTURALLY SIGNIFICANT SITE,,PKH354,,CALGARY PARKS,CALGARY PARKS,S-02003336,ACTIVE,[-114.06996104   51.01439781]
1057,,SUBNEIGHBOURHOOD PARK,1,TITLED,NO BREAKDOWN,CULTURALLY SIGNIFICANT SITE,,PAT983,,CALGARY PARKS,CALGARY PARKS,,ACTIVE,[-114.1742859    51.05898727]
1058,,COMMUNITY PARK,1,TITLED,NO BREAKDOWN,CULTURALLY SIGNIFICANT SITE,SITE SPLIT BDO566,BDO566,,CALGARY PARKS,CALGARY PARKS,,ACTIVE,[-114.03069079   50.94781274]
1059,,NON-PARK,1,TITLED,NO BREAKDOWN,CULTURALLY SIGNIFICANT SITE,,CAN482,,CALGARY PARKS,CALGARY PARKS,,ACTIVE,[-114.07006171   50.93724203]
1060,,NEIGHBOURHOOD PARK,1,TITLED,NO BREAKDOWN,,,GBK590,,CALGARY PARKS,CALGARY PARKS,,ACTIVE,[-114.15470733   51.0207061 ]
1061,,NON-PARK,1,TITLED,NO BREAKDOWN,,,RIC140,,CALGARY PARKS,LEASEHOLDER,LEASED TO ALBERTA CHILDREN'S HOSPITAL VIA CPB (CORPATE LEASE),ACTIVE,[-114.11151614   51.0362391 ]
1062,,NEIGHBOURHOOD PARK,1,TITLED,NO BREAKDOWN,,2021-01-22; AT FAC LOOK AT POTENTIAL STAIRS LOWER END OF SITE,EVN027,,CALGARY PARKS,CALGARY PARKS,,ACTIVE,[-114.09597524   51.18176563]
1063,,NON-PARK,1,TITLED,NO BREAKDOWN,,TRANSFER STEWARDSHIP TO WATER SERVICES,MPK955,,CALGARY PARKS,OUTSIDE AGENCY,CORPORATE LEASE - UNDER GROUND UTILITES,ACTIVE,[-113.93981473   51.06629398]
1064,,SUBNEIGHBOURHOOD PARK,1,TITLED,NO BREAKDOWN,CULTURALLY SIGNIFICANT SITE,,MRN002,,CALGARY PARKS,CALGARY PARKS SHARED,,ACTIVE,[-114.11203924   51.1851282 ]
1065,,NEIGHBOURHOOD PARK,1,TITLED,NO BREAKDOWN,CULTURALLY SIGNIFICANT SITE,,MRN003,,CALGARY PARKS,CALGARY PARKS SHARED,,ACTIVE,[-114.11476224   51.18466592]
1066,,SUBNEIGHBOURHOOD PARK,1,TITLED,NO BREAKDOWN,,,WGT757,,CALGARY PARKS,CALGARY PARKS,,ACTIVE,[-114.15924314   51.03852323]
1067,,NON-PARK,1,TITLED,NO BREAKDOWN,,TRANSFER STEWARDSHIP TO WATER SERVICES,MPK958,,CALGARY PARKS,OUTSIDE AGENCY,CORPORATE LEASE - UNDER GROUND UTILITES,ACTIVE,[-113.94103787   51.06329669]
1068,,COMMUNITY PARK,1,TITLED,NO BREAKDOWN,CULTURALLY SIGNIFICANT SITE,SITE SPLIT BDO566: NEW SITE BDO570,BDO570,,CALGARY PARKS,CALGARY PARKS,,ACTIVE,[-114.02800318   50.94330288]
1069,MEDICINE HILL / PASKAPOO SLOPES,DISTRICT PARK,1,TITLED,NO BREAKDOWN,CULTURALLY SIGNIFICANT SITE,,PAT217,,CALGARY PARKS,CALGARY PARKS SHARED,,ACTIVE,[-114.19159407   51.07151467]
1070,,SUBNEIGHBOURHOOD PARK,1,TITLED,NO BREAKDOWN,CULTURALLY SIGNIFICANT SITE,,EVE099,,CALGARY PARKS,CALGARY PARKS,,ACTIVE,[-114.11002878   50.92110228]
1071,,NEIGHBOURHOOD PARK,1,TITLED,NO BREAKDOWN,,,CPF010,,CALGARY PARKS,CALGARY PARKS,,ACTIVE,[-113.93384236   50.92803662]
1072,,SUBNEIGHBOURHOOD PARK,1,TITLED,NO BREAKDOWN,,,CSC024,,CALGARY PARKS,CALGARY PARKS,,ACTIVE,[-113.9619722    51.14930262]
1073,,LINEAR PARK,1,TITLED,NO BREAKDOWN,,,BLM002,,CALGARY PARKS,DEVELOPER AGREEMENT,2025-03-31 DEVELOPER TO MAINTAIN UNTIL SPRING 2026 AS PER PARKS INSPECTOR,ACTIVE,[-114.06069338   50.86748412]
1074,,NEIGHBOURHOOD PARK,1,TITLED,NO BREAKDOWN,CULTURALLY SIGNIFICANT SITE,,CGR213,,CALGARY PARKS,CALGARY PARKS SHARED,,ACTIVE,[-114.21580006   51.07404884]
1075,,SUBNEIGHBOURHOOD PARK,1,TITLED,NO BREAKDOWN,,,SIG683,,CALGARY PARKS,CALGARY PARKS,,ACTIVE,[-114.17592484   51.03075449]
1076,COWBOYS PARK; FORMERLY MILLENNIUM PARK,REGIONAL PARK,1,TITLED,NO BREAKDOWN,CULTURALLY SIGNIFICANT SITE,,DNW134,,CALGARY PARKS,CALGARY PARKS SHARED,PARKS DEPOT ON SITE,ACTIVE,[-114.09254549   51.0461186 ]
1077,JOHN W COSTELLO ELEM,COMMUNITY PARK,1,TITLED,NO BREAKDOWN,CULTURALLY SIGNIFICANT SITE,,STR750,,CALGARY PARKS SHARED,CALGARY PARKS,,ACTIVE,[-114.18052898   51.04899976]
1078,,LINEAR PARK,1,TITLED,NO BREAKDOWN,CULTURALLY SIGNIFICANT SITE,,CGR212,,CALGARY PARKS,CALGARY PARKS,,ACTIVE,[-114.21158237   51.07262019]
1079,MILLENNIUM PARK DEPOT,PARKS DEPOT,1,TITLED,NO BREAKDOWN,CULTURALLY SIGNIFICANT SITE,,DNW000,,CALGARY PARKS,CALGARY PARKS,,ACTIVE,[-114.09376169   51.04661437]
1080,,COMMUNITY PARK,1,TITLED,NO BREAKDOWN,CULTURALLY SIGNIFICANT SITE,SITE HAS HOLE; SITE SHOULD BE SPLIT,HID241,RIVER VALLEY SYSTEM: NOSE CREEK,CALGARY PARKS SHARED,CALGARY PARKS SHARED,,ACTIVE,[-114.09579154   51.15384614]
1081,ST JOAN OF ARC ELEM & JR HIGH,NEIGHBOURHOOD PARK,1,TITLED,NO BREAKDOWN,CULTURALLY SIGNIFICANT SITE,,WSP019,,CALGARY PARKS SHARED,CALGARY PARKS SHARED,,ACTIVE,[-114.20600654   51.05724313]
1082,,SUBNEIGHBOURHOOD PARK,1,TITLED,NO BREAKDOWN,CULTURALLY SIGNIFICANT SITE,,EPK297,,CALGARY PARKS,CALGARY PARKS,,ACTIVE,[-114.07755962   51.02797737]
1083,,NEIGHBOURHOOD PARK,1,TITLED,NO BREAKDOWN,,,GBK650,,CALGARY PARKS,CALGARY PARKS,,ACTIVE,[-114.1626183   51.0260239]
1084,,LINEAR PARK,1,TITLED,NO BREAKDOWN,,SITE SPLIT SOM653: NEW SITE SOM646,SOM646,,CALGARY PARKS,CALGARY PARKS,,ACTIVE,[-114.08722648   50.89902894]
1085,,LINEAR PARK,1,TITLED,NO BREAKDOWN,,SITE SPLIT LKB495: NEW SITE LKB494,LKB494,,CALGARY PARKS SHARED,CALGARY PARKS SHARED,,ACTIVE,[-114.06646429   50.94931627]
1086,,SUBNEIGHBOURHOOD PARK,1,TITLED,NO BREAKDOWN,CULTURALLY SIGNIFICANT SITE,,SCA929,,CALGARY PARKS,CALGARY PARKS SHARED,,ACTIVE,[-114.11163951   51.0389597 ]
1087,,SUBNEIGHBOURHOOD PARK,1,TITLED,NO BREAKDOWN,,,GLA621,,CALGARY PARKS,CALGARY PARKS,,ACTIVE,[-114.14211873   51.0119406 ]
1088,,SUBNEIGHBOURHOOD PARK,1,TITLED,NO BREAKDOWN,,,LPK548,,CALGARY PARKS,CALGARY PARKS,,ACTIVE,[-114.13983924   51.01007836]
1089,,SUBNEIGHBOURHOOD PARK,1,TITLED,NO BREAKDOWN,CULTURALLY SIGNIFICANT SITE,,WGT764,,CALGARY PARKS,CALGARY PARKS,,ACTIVE,[-114.16348667   51.04854431]
1090,,SUBNEIGHBOURHOOD PARK,1,TITLED,NO BREAKDOWN,CULTURALLY SIGNIFICANT SITE,,WAL039,,CALGARY PARKS,CALGARY PARKS,,ACTIVE,[-114.01601259   50.86525419]
1091,,NEIGHBOURHOOD PARK,1,TITLED,NO BREAKDOWN,CULTURALLY SIGNIFICANT SITE,,CAR006,,CALGARY PARKS,CALGARY PARKS,,ACTIVE,[-114.08467817   51.17797527]
1092,COLONEL IRVINE JR HIGH; HIGHWOOD ELEM; HIGHWOOD OUTDOOR POOL AND DEPOT,COMMUNITY PARK,1,TITLED,NO BREAKDOWN,,,HIW859,,CALGARY PARKS SHARED,CALGARY PARKS SHARED,PARKS DEPOT ON SITE,ACTIVE,[-114.07995824   51.09197805]
1093,,SUBNEIGHBOURHOOD PARK,1,TITLED,NO BREAKDOWN,CULTURALLY SIGNIFICANT SITE,,HUN632,,CALGARY PARKS,CALGARY PARKS,,ACTIVE,[-114.0578709    51.12503536]
1094,,SUBNEIGHBOURHOOD PARK,1,TITLED,NO BREAKDOWN,,,HUN634,,CALGARY PARKS,CALGARY PARKS,,ACTIVE,[-114.0668326    51.11730994]
1095,WESTERN IRRIGATION DISTRICT (WID) CANAL 2,LINEAR PARK,1,TITLED,NO BREAKDOWN,,,12K898,ONTAINS PART OF GREENWAY; WID CANAL MAINTENANCE AGREEMENT SITE - EXPIRES 2042/05/31; SEE REPOSITORY FOR AGREEMENT R:\AGREEMENTS\PROVINCIAL_CITY_MAINTENANCE\WID CANAL AGREEMENT,CALGARY PARKS SHARED,CALGARY PARKS SHARED,CONTAINS PART OF GREENWAY; WID CANAL MAINTENANCE AGREEMENT SITE - EXPIRES 2042/05/31; SEE REPOSITORY FOR AGREEMENT R:\AGREEMENTS\PROVINCIAL_CITY_MAINTENANCE\WID CANAL AGREEMENT,ACTIVE,[-113.90871084   50.97427603]
1096,,NEIGHBOURHOOD PARK,1,TITLED,NO BREAKDOWN,CULTURALLY SIGNIFICANT SITE,,HUN675,,CALGARY PARKS,CALGARY PARKS,,ACTIVE,[-114.08352419   51.12211814]
1097,,SUBNEIGHBOURHOOD PARK,1,TITLED,NO BREAKDOWN,,,MOR381,,CALGARY PARKS,CALGARY PARKS,,ACTIVE,[-113.92984746   51.08266995]
1098,,COMMUNITY PARK,1,TITLED,NO BREAKDOWN,,,LKB457,,CALGARY PARKS,CALGARY PARKS,,ACTIVE,[-114.03506022   50.93688711]
1099,,SUBNEIGHBOURHOOD PARK,1,TITLED,NO BREAKDOWN,,,LKB492,,CALGARY PARKS,CALGARY PARKS,,ACTIVE,[-114.06531768   50.94840864]
1100,ECOLE DE LA ROSE SAUVAGE DE CALGARY,NEIGHBOURHOOD PARK,1,TITLED,NO BREAKDOWN,,,MOP769,,CALGARY PARKS SHARED,CALGARY PARKS SHARED,,ACTIVE,[-114.06851962   51.07468143]
1101,,SUBNEIGHBOURHOOD PARK,1,TITLED,NO BREAKDOWN,,,LKB488,,CALGARY PARKS,CALGARY PARKS,,ACTIVE,[-114.06658265   50.94254588]
1102,,SUBNEIGHBOURHOOD PARK,1,TITLED,NO BREAKDOWN,,,HPK821,,CALGARY PARKS,CALGARY PARKS,,ACTIVE,[-114.06532947   51.09071749]
1103,,SUBNEIGHBOURHOOD PARK,1,TITLED,NO BREAKDOWN,,,LKB501,,CALGARY PARKS,CALGARY PARKS,,ACTIVE,[-114.05714048   50.94431159]
1104,,SUBNEIGHBOURHOOD PARK,1,TITLED,NO BREAKDOWN,,,LKB505,,CALGARY PARKS,CALGARY PARKS,,ACTIVE,[-114.05420008   50.94746579]
1105,,SUBNEIGHBOURHOOD PARK,1,TITLED,NO BREAKDOWN,,,LKB902,,CALGARY PARKS,CALGARY PARKS,,ACTIVE,[-114.05539928   50.94325159]
1106,,NEIGHBOURHOOD PARK,1,TITLED,NO BREAKDOWN,,,MEA364,,CALGARY PARKS SHARED,CALGARY PARKS SHARED,SEE IN WAM FOR MORE INFO ON FAC,ACTIVE,[-114.07913044   50.99520666]
1107,,NON-PARK,1,TITLED,NO BREAKDOWN,,,HUN107,,CALGARY PARKS,CALGARY PARKS,,ACTIVE,[-114.07105039   51.12276469]
1108,,SUBNEIGHBOURHOOD PARK,1,TITLED,NO BREAKDOWN,CULTURALLY SIGNIFICANT SITE,,BRD850,,CALGARY PARKS,CALGARY PARKS,,ACTIVE,[-114.04134276   51.05022074]
1109,,SUBNEIGHBOURHOOD PARK,1,TITLED,NO BREAKDOWN,,,BRE399,,CALGARY PARKS,CALGARY PARKS,,ACTIVE,[-114.13659047   51.09501952]
1110,ST SEBASTIAN ELEM,NEIGHBOURHOOD PARK,1,TITLED,NO BREAKDOWN,,,CHA283,,CALGARY PARKS,CALGARY PARKS SHARED,,ACTIVE,[-114.02826701   50.88473542]
1111,NOSE CREEK BOTTOMLANDS,COMMUNITY PARK,1,TITLED,NO BREAKDOWN,CULTURALLY SIGNIFICANT SITE,,REN830,RIVER VALLEY SYSTEM: NOSE CREEK,CALGARY PARKS,CALGARY PARKS,,ACTIVE,[-114.02418375   51.05769843]
1112,,SUBNEIGHBOURHOOD PARK,1,TITLED,NO BREAKDOWN,,,LKB479,,CALGARY PARKS,CALGARY PARKS,,ACTIVE,[-114.05706699   50.9375951 ]
1113,,SUBNEIGHBOURHOOD PARK,1,TITLED,NO BREAKDOWN,,,MAC732,,CALGARY PARKS,CALGARY PARKS,,ACTIVE,[-114.1110907    51.13715586]
1114,,NEIGHBOURHOOD PARK,1,TITLED,NO BREAKDOWN,,,MAC757,,CALGARY PARKS SHARED,CALGARY PARKS,,ACTIVE,[-114.11604563   51.13867644]
1115,,COMMUNITY PARK,1,TITLED,NO BREAKDOWN,,,MCT830,,CALGARY PARKS,CALGARY PARKS SHARED,"MAINTAINED AS PER LANDSCAPE MAINTENANCE AGREEMENT, EXPIRES 2042/12/31; SEE PARIS_REPOSITORY\AGREEMENTS\LANDSCAPE_MAINTENANCE_AGREEMENT",ACTIVE,[-113.9685539    50.91763637]
1116,LIGHT OF CHRIST ELEM & JR HIGH,COMMUNITY PARK,1,TITLED,NO BREAKDOWN,,,SAD320,,CALGARY PARKS SHARED,CALGARY PARKS SHARED,,ACTIVE,[-113.94156999   51.13071954]
1117,,SUBNEIGHBOURHOOD PARK,1,TITLED,NO BREAKDOWN,,,MRL514,,CALGARY PARKS,CALGARY PARKS,,ACTIVE,[-113.97860446   51.06367793]
1118,,COMMUNITY PARK,1,TITLED,NO BREAKDOWN,,,RAN021,,CALGARY PARKS,CALGARY PARKS,,ACTIVE,[-114.19438217   51.1229812 ]
1119,,NEIGHBOURHOOD PARK,1,TITLED,NO BREAKDOWN,,,MRL516,,CALGARY PARKS,CALGARY PARKS,,ACTIVE,[-113.97673415   51.06241861]
1120,,SUBNEIGHBOURHOOD PARK,1,TITLED,NO BREAKDOWN,,,HUN619,,CALGARY PARKS,CALGARY PARKS,,ACTIVE,[-114.06155414   51.11209705]
1121,,SUBNEIGHBOURHOOD PARK,1,TITLED,NO BREAKDOWN,,,HUN623,,CALGARY PARKS,CALGARY PARKS,,ACTIVE,[-114.06086791   51.11503291]
1122,,SUBNEIGHBOURHOOD PARK,1,TITLED,NO BREAKDOWN,CULTURALLY SIGNIFICANT SITE,,PAT923,,CALGARY PARKS,CALGARY PARKS,,ACTIVE,[-114.17734727   51.06317352]
1123,,SUBNEIGHBOURHOOD PARK,1,TITLED,NO BREAKDOWN,,,REN789,,CALGARY PARKS,CALGARY PARKS,,ACTIVE,[-114.03632455   51.06385981]
1124,NOSE HILL SPRING; DR J K MULLOY ELEM,NEIGHBOURHOOD PARK,1,TITLED,NO BREAKDOWN,,,HUN588,,CALGARY PARKS SHARED,CALGARY PARKS SHARED,,ACTIVE,[-114.07990131   51.11975045]
1125,,NEIGHBOURHOOD PARK,1,TITLED,NO BREAKDOWN,CULTURALLY SIGNIFICANT SITE,,PAT980,,CALGARY PARKS,CALGARY PARKS,,ACTIVE,[-114.16947028   51.05918567]
1126,,SUBNEIGHBOURHOOD PARK,1,TITLED,NO BREAKDOWN,,,PKL540,,CALGARY PARKS,CALGARY PARKS,,ACTIVE,[-114.03566865   50.92358384]
1127,,SUBNEIGHBOURHOOD PARK,1,TITLED,NO BREAKDOWN,,,LKB468,,CALGARY PARKS,CALGARY PARKS,,ACTIVE,[-114.05036759   50.93492289]
1128,,SUBNEIGHBOURHOOD PARK,1,TITLED,NO BREAKDOWN,,,MCK663,,CALGARY PARKS,CALGARY PARKS,,ACTIVE,[-113.98487408   50.92422415]
1129,,SUBNEIGHBOURHOOD PARK,1,TITLED,NO BREAKDOWN,,,MCK703,,CALGARY PARKS,CALGARY PARKS,,ACTIVE,[-113.97983728   50.91827319]
1130,COVENTRY HILLS SCHOOL,COMMUNITY PARK,1,TITLED,NO BREAKDOWN,CULTURALLY SIGNIFICANT SITE,SITE SPLIT COV971,COV971,,CALGARY PARKS SHARED,CALGARY PARKS,,ACTIVE,[-114.04996623   51.16533146]
1131,,SUBNEIGHBOURHOOD PARK,1,TITLED,NO BREAKDOWN,,,GDL775,,CALGARY PARKS,CALGARY PARKS,,ACTIVE,[-114.15952768   51.03800938]
1132,,SUBNEIGHBOURHOOD PARK,1,TITLED,NO BREAKDOWN,CULTURALLY SIGNIFICANT SITE,,CHA826,,CALGARY PARKS,CALGARY PARKS,,ACTIVE,[-114.04602883   50.88941965]
1133,ST AMBROSE ELEM & JR HIGH,NEIGHBOURHOOD PARK,1,TITLED,NO BREAKDOWN,CULTURALLY SIGNIFICANT SITE,,ARB934,,CALGARY PARKS SHARED,CALGARY PARKS,,ACTIVE,[-114.20606061   51.13288136]
1134,,NON-PARK,1,TITLED,NO BREAKDOWN,,,AUB001,,CALGARY PARKS,CALGARY PARKS SHARED,,ACTIVE,[-113.95773297   50.89334191]
1135,,SUBNEIGHBOURHOOD PARK,1,TITLED,NO BREAKDOWN,,,CHA827,,CALGARY PARKS,CALGARY PARKS,,ACTIVE,[-114.02704002   50.88743171]
1136,,SUBNEIGHBOURHOOD PARK,1,TITLED,NO BREAKDOWN,,,CHK011,,CALGARY PARKS,CALGARY PARKS,,ACTIVE,[-114.08989307   50.97983153]
1137,,SUBNEIGHBOURHOOD PARK,1,TITLED,NO BREAKDOWN,,,ASP508,,CALGARY PARKS,CALGARY PARKS,,ACTIVE,[-114.21380306   51.0430612 ]
1138,FOOTHILLS ACADEMY; WOOD'S HOMES; WILLIAM TAYLOR CENTRE,SUBNEIGHBOURHOOD PARK,1,TITLED,NO BREAKDOWN,CULTURALLY SIGNIFICANT SITE,,PKD497,,CALGARY PARKS SHARED,CALGARY PARKS SHARED,,ACTIVE,[-114.14274708   51.06313464]
1139,,SUBNEIGHBOURHOOD PARK,1,TITLED,NO BREAKDOWN,,,RIC851,,CALGARY PARKS,CALGARY PARKS,,ACTIVE,[-114.10902164   51.03358318]
1140,,SUBNEIGHBOURHOOD PARK,1,TITLED,NO BREAKDOWN,CULTURALLY SIGNIFICANT SITE,,PKD502,,CALGARY PARKS,CALGARY PARKS,,ACTIVE,[-114.14030199   51.06284594]
1141,,SUBNEIGHBOURHOOD PARK,1,TITLED,NO BREAKDOWN,,,PKD507,,CALGARY PARKS,CALGARY PARKS,,ACTIVE,[-114.1301004   51.0606326]
1142,,SUBNEIGHBOURHOOD PARK,1,TITLED,NO BREAKDOWN,,,PKL527,,CALGARY PARKS,CALGARY PARKS,,ACTIVE,[-114.03332227   50.92991299]
1143,,SUBNEIGHBOURHOOD PARK,1,TITLED,NO BREAKDOWN,,,LKB481,,CALGARY PARKS,CALGARY PARKS,,ACTIVE,[-114.0627964   50.9377101]
1144,MARLBOROUGH ELEM,NEIGHBOURHOOD PARK,1,TITLED,NO BREAKDOWN,,,MRL526,,CALGARY PARKS SHARED,CALGARY PARKS SHARED,,ACTIVE,[-113.965728     51.05578284]
1145,,SUBNEIGHBOURHOOD PARK,1,TITLED,NO BREAKDOWN,,,MRL519,,CALGARY PARKS,CALGARY PARKS,,ACTIVE,[-113.96100312   51.06048204]
1146,ANDREW SIBBALD ELEM,COMMUNITY PARK,1,TITLED,NO BREAKDOWN,,,LKB460,,CALGARY PARKS SHARED,CALGARY PARKS SHARED,,ACTIVE,[-114.04157281   50.93644409]
1147,,SUBNEIGHBOURHOOD PARK,1,TITLED,NO BREAKDOWN,,,LKB462,,CALGARY PARKS,CALGARY PARKS,,ACTIVE,[-114.04388718   50.93464763]
1148,,NEIGHBOURHOOD PARK,1,TITLED,NO BREAKDOWN,,,MLR413,,CALGARY PARKS SHARED,CALGARY PARKS,,ACTIVE,[-114.08028367   50.91848926]
1149,,SUBNEIGHBOURHOOD PARK,1,TITLED,NO BREAKDOWN,,,HAW010,,CALGARY PARKS,CALGARY PARKS SHARED,"MAINTAINED AS PER LANDSCAPE MAINTENANCE AGREEMENT, EXPIRES 2042/12/31; SEE PARIS_REPOSITORY\AGREEMENTS\LANDSCAPE_MAINTENANCE_AGREEMENT",ACTIVE,[-114.17535589   51.13677691]
1150,,SUBNEIGHBOURHOOD PARK,1,TITLED,NO BREAKDOWN,,,HAW068,,CALGARY PARKS,CALGARY PARKS SHARED,"MAINTAINED AS PER LANDSCAPE MAINTENANCE AGREEMENT, EXPIRES 2042/12/31; SEE PARIS_REPOSITORY\AGREEMENTS\LANDSCAPE_MAINTENANCE_AGREEMENT",ACTIVE,[-114.18460084   51.13430041]
1151,,SUBNEIGHBOURHOOD PARK,1,TITLED,NO BREAKDOWN,,,HAW078,,CALGARY PARKS,CALGARY PARKS SHARED,"MAINTAINED AS PER LANDSCAPE MAINTENANCE AGREEMENT, EXPIRES 2042/12/31; SEE PARIS_REPOSITORY\AGREEMENTS\LANDSCAPE_MAINTENANCE_AGREEMENT",ACTIVE,[-114.18209145   51.13758497]
1152,,SUBNEIGHBOURHOOD PARK,1,TITLED,NO BREAKDOWN,CULTURALLY SIGNIFICANT SITE,,HAW082,,CALGARY PARKS,CALGARY PARKS SHARED,"MAINTAINED AS PER LANDSCAPE MAINTENANCE AGREEMENT, EXPIRES 2042/12/31; SEE PARIS_REPOSITORY\AGREEMENTS\LANDSCAPE_MAINTENANCE_AGREEMENT",ACTIVE,[-114.18152701   51.13373172]
1153,,SUBNEIGHBOURHOOD PARK,1,TITLED,NO BREAKDOWN,,,LKB491,,CALGARY PARKS SHARED,CALGARY PARKS,,ACTIVE,[-114.06613433   50.94513839]
1154,,SUBNEIGHBOURHOOD PARK,1,TITLED,NO BREAKDOWN,,,LKB493,,CALGARY PARKS,CALGARY PARKS,,ACTIVE,[-114.06285018   50.94845948]
1155,,SUBNEIGHBOURHOOD PARK,1,TITLED,NO BREAKDOWN,,,LKB485,,CALGARY PARKS,CALGARY PARKS,,ACTIVE,[-114.06597095   50.93872935]
1156,,SUBNEIGHBOURHOOD PARK,1,TITLED,NO BREAKDOWN,,,LKB498,,CALGARY PARKS,CALGARY PARKS,,ACTIVE,[-114.05340115   50.93931921]
1157,,SUBNEIGHBOURHOOD PARK,1,TITLED,NO BREAKDOWN,,,MPK534,,CALGARY PARKS,CALGARY PARKS,,ACTIVE,[-113.95379245   51.05454254]
1158,,NON-PARK,1,TITLED,NO BREAKDOWN,,,MNI238,,CALGARY PARKS,CALGARY PARKS,,ACTIVE,[-114.0523874    51.01827876]
1159,,SUBNEIGHBOURHOOD PARK,1,TITLED,NO BREAKDOWN,,,HAY243,,CALGARY PARKS,CALGARY PARKS,,ACTIVE,[-114.08609478   50.97540541]
1160,,SUBNEIGHBOURHOOD PARK,1,TITLED,NO BREAKDOWN,,,MPK536,,CALGARY PARKS,CALGARY PARKS,,ACTIVE,[-113.95382826   51.0580164 ]
1161,,SUBNEIGHBOURHOOD PARK,1,TITLED,NO BREAKDOWN,,,MPK539,,CALGARY PARKS,CALGARY PARKS,,ACTIVE,[-113.95097988   51.06210782]
1162,,SUBNEIGHBOURHOOD PARK,1,TITLED,NO BREAKDOWN,,,MPK540,,CALGARY PARKS,CALGARY PARKS,,ACTIVE,[-113.9537018    51.06489894]
1163,,SUBNEIGHBOURHOOD PARK,1,TITLED,NO BREAKDOWN,,,HID689,,CALGARY PARKS,CALGARY PARKS,,ACTIVE,[-114.12492094   51.14643746]
1164,,SUBNEIGHBOURHOOD PARK,1,TITLED,NO BREAKDOWN,,,MCT802,,CALGARY PARKS,CALGARY PARKS SHARED,"MAINTAINED AS PER LANDSCAPE MAINTENANCE AGREEMENT, EXPIRES 2042/12/31; SEE PARIS_REPOSITORY\AGREEMENTS\LANDSCAPE_MAINTENANCE_AGREEMENT",ACTIVE,[-113.97311006   50.91466829]
1165,,SUBNEIGHBOURHOOD PARK,1,TITLED,NO BREAKDOWN,CULTURALLY SIGNIFICANT SITE,,QLD518,,CALGARY PARKS,CALGARY PARKS,,ACTIVE,[-114.02002176   50.9388333 ]
1166,ST MARK ELEM; BOB EDWARDS JR HIGH,COMMUNITY PARK,1,TITLED,NO BREAKDOWN,,,MRL517,,"CALGARY PARKS, CBE & CSSB",CALGARY PARKS SHARED,,ACTIVE,[-113.96971637   51.06140511]
1167,,SUBNEIGHBOURHOOD PARK,1,TITLED,NO BREAKDOWN,,,MRL527,,CALGARY PARKS,CALGARY PARKS,,ACTIVE,[-113.96052      51.05446802]
1168,,COMMUNITY PARK,1,TITLED,NO BREAKDOWN,,,GRE012,8550 BOWFORT RD NW,CALGARY PARKS,CALGARY PARKS,,ACTIVE,[-114.21419378   51.08701444]
1169,,SUBNEIGHBOURHOOD PARK,1,TITLED,NO BREAKDOWN,CULTURALLY SIGNIFICANT SITE,,HID843,,CALGARY PARKS,CALGARY PARKS,,ACTIVE,[-114.10289351   51.15116407]
1170,,SUBNEIGHBOURHOOD PARK,1,TITLED,NO BREAKDOWN,CULTURALLY SIGNIFICANT SITE,,LKB470,,CALGARY PARKS,CALGARY PARKS,,ACTIVE,[-114.0501403    50.93077397]
1171,,SUBNEIGHBOURHOOD PARK,1,TITLED,NO BREAKDOWN,,,LKB489,,CALGARY PARKS,CALGARY PARKS,,ACTIVE,[-114.06332986   50.94308458]
1172,,SUBNEIGHBOURHOOD PARK,1,TITLED,NO BREAKDOWN,,,LKB490,,CALGARY PARKS,CALGARY PARKS,,ACTIVE,[-114.06394754   50.94614202]
1173,,SUBNEIGHBOURHOOD PARK,1,TITLED,NO BREAKDOWN,CULTURALLY SIGNIFICANT SITE,,RIV845,,CALGARY PARKS,CALGARY PARKS,,ACTIVE,[-114.02353933   50.98223955]
1174,,SUBNEIGHBOURHOOD PARK,1,TITLED,NO BREAKDOWN,,,RAN141,,CALGARY PARKS,CALGARY PARKS,,ACTIVE,[-114.19318869   51.12402228]
1175,,SUBNEIGHBOURHOOD PARK,1,TITLED,NO BREAKDOWN,CULTURALLY SIGNIFICANT SITE,,SHG807,,CALGARY PARKS,CALGARY PARKS,,ACTIVE,[-114.12100208   51.04193411]
1176,,SUBNEIGHBOURHOOD PARK,1,TITLED,NO BREAKDOWN,,,PKL528,,CALGARY PARKS,CALGARY PARKS,,ACTIVE,[-114.03589662   50.92936456]
1177,,NEIGHBOURHOOD PARK,1,TITLED,NO BREAKDOWN,CULTURALLY SIGNIFICANT SITE,,PKL530,,CALGARY PARKS,CALGARY PARKS SHARED,,ACTIVE,[-114.02632194   50.91740508]
1178,MONTEREY PARK ELEM; MONTEREY PARK COMMUNTIY ASSOC,COMMUNITY PARK,1,TITLED,NO BREAKDOWN,,SITE SPLIT MOR298,MOR298,,CALGARY PARKS,CALGARY PARKS SHARED,,ACTIVE,[-113.92975416   51.07785023]
1179,,SUBNEIGHBOURHOOD PARK,1,TITLED,NO BREAKDOWN,,,MOR382,,CALGARY PARKS,CALGARY PARKS,,ACTIVE,[-113.93368871   51.08254513]
1180,,NEIGHBOURHOOD PARK,1,TITLED,NO BREAKDOWN,,SITE SPLIT MOR383,MOR383,,CALGARY PARKS SHARED,CALGARY PARKS,,ACTIVE,[-113.93026237   51.08683467]
1181,,NON-PARK,1,TITLED,NO BREAKDOWN,,,RAN151,,CALGARY PARKS,CALGARY PARKS,,ACTIVE,[-114.18714079   51.12428576]
1182,,SUBNEIGHBOURHOOD PARK,1,TITLED,NO BREAKDOWN,,,HID533,,CALGARY PARKS,CALGARY PARKS,,ACTIVE,[-114.12532824   51.149394  ]
1183,JAMES SHORT MEMORIAL SCHOOL; GW SKENE ELEM; ST PETER ELEM,COMMUNITY PARK,1,TITLED,NO BREAKDOWN,,,PEN583,,CALGARY PARKS,CALGARY PARKS,,ACTIVE,[-113.94386164   51.04681628]
1184,,SUBNEIGHBOURHOOD PARK,1,TITLED,NO BREAKDOWN,CULTURALLY SIGNIFICANT SITE,,ING220,,CALGARY PARKS SHARED,CALGARY PARKS,,ACTIVE,[-114.02449289   51.03431926]
1185,,SUBNEIGHBOURHOOD PARK,1,TITLED,NO BREAKDOWN,,,MCK563,,CALGARY PARKS,CALGARY PARKS,,ACTIVE,[-113.98043137   50.90360969]
1186,,COMMUNITY PARK,1,TITLED,NO BREAKDOWN,CULTURALLY SIGNIFICANT SITE,,GRI829,,CALGARY PARKS SHARED,CALGARY PARKS SHARED,,ACTIVE,[-114.04972453   51.08886461]
1187,,NEIGHBOURHOOD PARK,1,TITLED,NO BREAKDOWN,CULTURALLY SIGNIFICANT SITE,,RAN038,,CALGARY PARKS SHARED,CALGARY PARKS SHARED,,ACTIVE,[-114.17411887   51.12022527]
1188,,COMMUNITY PARK,1,TITLED,NO BREAKDOWN,CULTURALLY SIGNIFICANT SITE,,RAN161,,CALGARY PARKS,CALGARY PARKS,,ACTIVE,[-114.17010736   51.12125441]
1189,ST JOSEPH PARK,SUBNEIGHBOURHOOD PARK,1,TITLED,NO BREAKDOWN,,,MOP775,,CALGARY PARKS SHARED,CALGARY PARKS,,ACTIVE,[-114.0757286    51.07032936]
1190,KING GEORGE ELEM,NEIGHBOURHOOD PARK,1,TITLED,NO BREAKDOWN,CULTURALLY SIGNIFICANT SITE,,MOP805,,CALGARY PARKS SHARED,CALGARY PARKS SHARED,,ACTIVE,[-114.0840684    51.07194756]
1191,,NEIGHBOURHOOD PARK,1,TITLED,NO BREAKDOWN,,,BLM003,,CALGARY PARKS,CALGARY PARKS SHARED,,ACTIVE,[-114.06280689   50.8687518 ]
1192,,SUBNEIGHBOURHOOD PARK,1,TITLED,NO BREAKDOWN,,,MOR292,,CALGARY PARKS,CALGARY PARKS,,ACTIVE,[-113.93299441   51.07530941]
1193,,SUBNEIGHBOURHOOD PARK,1,TITLED,NO BREAKDOWN,,,LKV506,,CALGARY PARKS,CALGARY PARKS,,ACTIVE,[-114.11988991   50.99263775]
1194,,SUBNEIGHBOURHOOD PARK,1,TITLED,NO BREAKDOWN,,,PEN586,,CALGARY PARKS,CALGARY PARKS,,ACTIVE,[-113.94514793   51.0502402 ]
1195,,SUBNEIGHBOURHOOD PARK,1,TITLED,NO BREAKDOWN,,,CHK013,,CALGARY PARKS,CALGARY PARKS,,ACTIVE,[-114.08337218   50.98264268]
1196,CHAPARRAL SCHOOL,NEIGHBOURHOOD PARK,1,TITLED,NO BREAKDOWN,CULTURALLY SIGNIFICANT SITE,,CHA834,,CALGARY PARKS SHARED,CALGARY PARKS SHARED,,ACTIVE,[-114.0456473    50.88272685]
1197,,SUBNEIGHBOURHOOD PARK,1,TITLED,NO BREAKDOWN,,,CHK012,,CALGARY PARKS,CALGARY PARKS,,ACTIVE,[-114.08640595   50.97971141]
1198,,SUBNEIGHBOURHOOD PARK,1,TITLED,NO BREAKDOWN,,,CHA825,,CALGARY PARKS,CALGARY PARKS,,ACTIVE,[-114.0426186    50.88517475]
1199,,SUBNEIGHBOURHOOD PARK,1,TITLED,NO BREAKDOWN,,,GDL880,,CALGARY PARKS,CALGARY PARKS,,ACTIVE,[-114.15098983   51.03667123]
1200,,SUBNEIGHBOURHOOD PARK,1,TITLED,NO BREAKDOWN,,,GDL885,,CALGARY PARKS,CALGARY PARKS,,ACTIVE,[-114.15834618   51.03667199]
1201,,COMMUNITY PARK,1,TITLED,NO BREAKDOWN,CULTURALLY SIGNIFICANT SITE,,CRM301,,CALGARY PARKS,CALGARY PARKS,,ACTIVE,[-114.26576856   51.0870197 ]
1202,,SUBNEIGHBOURHOOD PARK,1,TITLED,NO BREAKDOWN,,,DRN553,,CALGARY PARKS,CALGARY PARKS,,ACTIVE,[-114.01554234   50.91853235]
1203,,SUBNEIGHBOURHOOD PARK,1,TITLED,NO BREAKDOWN,,,ARB963,,CALGARY PARKS,CALGARY PARKS,,ACTIVE,[-114.18803805   51.13670642]
1204,,SUBNEIGHBOURHOOD PARK,1,TITLED,NO BREAKDOWN,,,BED599,,CALGARY PARKS,CALGARY PARKS,,ACTIVE,[-114.10335222   51.13070365]
1205,,SUBNEIGHBOURHOOD PARK,1,TITLED,NO BREAKDOWN,,,LKB459,,CALGARY PARKS,CALGARY PARKS,,ACTIVE,[-114.03803484   50.9408854 ]
1206,,SUBNEIGHBOURHOOD PARK,1,TITLED,NO BREAKDOWN,CULTURALLY SIGNIFICANT SITE,,LKB464,,CALGARY PARKS,CALGARY PARKS,,ACTIVE,[-114.04045059   50.93216609]
1207,,SUBNEIGHBOURHOOD PARK,1,TITLED,NO BREAKDOWN,,,MCK640,,CALGARY PARKS,CALGARY PARKS SHARED,,ACTIVE,[-113.9865388    50.91429852]
1208,,SUBNEIGHBOURHOOD PARK,1,TITLED,NO BREAKDOWN,CULTURALLY SIGNIFICANT SITE,,MCK645,,CALGARY PARKS,CALGARY PARKS,,ACTIVE,[-113.99492335   50.89944242]
1209,EUGENE COSTE ELEM,NEIGHBOURHOOD PARK,1,TITLED,NO BREAKDOWN,,,HAY233,,CALGARY PARKS SHARED,CALGARY PARKS SHARED,,ACTIVE,[-114.08849665   50.96761109]
1210,,SUBNEIGHBOURHOOD PARK,1,TITLED,NO BREAKDOWN,CULTURALLY SIGNIFICANT SITE,,KCA833,,CALGARY PARKS,CALGARY PARKS SHARED,"MAINTAINED AS PER LANDSCAPE MAINTENANCE AGREEMENT, EXPIRES 2042/12/31; SEE PARIS_REPOSITORY\AGREEMENTS\LANDSCAPE_MAINTENANCE_AGREEMENT",ACTIVE,[-114.13507015   51.15520436]
1211,,SUBNEIGHBOURHOOD PARK,1,TITLED,NO BREAKDOWN,,,LKV527,,CALGARY PARKS,CALGARY PARKS,,ACTIVE,[-114.12222861   50.99891614]
1212,,LINEAR PARK,1,TITLED,NO BREAKDOWN,CULTURALLY SIGNIFICANT SITE,,WWO003,,CALGARY PARKS,CALGARY PARKS,,ACTIVE,[-113.99867059   50.8744575 ]
1213,,SUBNEIGHBOURHOOD PARK,1,TITLED,NO BREAKDOWN,,,LKB906,,CALGARY PARKS,CALGARY PARKS,,ACTIVE,[-114.04866612   50.94561843]
1214,,SUBNEIGHBOURHOOD PARK,1,TITLED,NO BREAKDOWN,,,MOR384,,CALGARY PARKS,CALGARY PARKS,,ACTIVE,[-113.93338223   51.08893091]
1215,,SUBNEIGHBOURHOOD PARK,1,TITLED,NO BREAKDOWN,,,MAH043,,CALGARY PARKS,CALGARY PARKS,,ACTIVE,[-113.90762356   50.88613791]
1216,,SUBNEIGHBOURHOOD PARK,1,TITLED,NO BREAKDOWN,,,MOR386,,CALGARY PARKS,CALGARY PARKS,,ACTIVE,[-113.93087129   51.09057085]
1217,,SUBNEIGHBOURHOOD PARK,1,TITLED,NO BREAKDOWN,,,MOR390,,CALGARY PARKS,CALGARY PARKS,,ACTIVE,[-113.92486584   51.07395712]
1218,,SUBNEIGHBOURHOOD PARK,1,TITLED,NO BREAKDOWN,,,MAH042,,CALGARY PARKS,CALGARY PARKS,,ACTIVE,[-113.91030195   50.8876584 ]
1219,,COMMUNITY PARK,1,TITLED,NO BREAKDOWN,CULTURALLY SIGNIFICANT SITE,,KCA847,,CALGARY PARKS,CALGARY PARKS SHARED,"MAINTAINED AS PER LANDSCAPE MAINTENANCE AGREEMENT, EXPIRES 2042/12/31; SEE PARIS_REPOSITORY\AGREEMENTS\LANDSCAPE_MAINTENANCE_AGREEMENT",ACTIVE,[-114.13859921   51.16251744]
1220,,SUBNEIGHBOURHOOD PARK,1,TITLED,NO BREAKDOWN,,,LKB907,,CALGARY PARKS,CALGARY PARKS,,ACTIVE,[-114.05000851   50.94404158]
1221,RAMSEY CIVIC BUILDING,SUBNEIGHBOURHOOD PARK,1,TITLED,NO BREAKDOWN,CULTURALLY SIGNIFICANT SITE,,RAM009,,CALGARY PARKS,OUTSIDE AGENCY,2022/05/24:LEASE NOW WITH CALGARY COMMUNITY BRIDGE LEAGUE; LEASE POLYGON WILL BE ADDED; 2020/06/24: LEASE DISSOLVED  SEE REPOSITORY R:\AGREEMENTS\LEASEorLICENSE_OF_OCCUPATION\RAM\RAM009,ACTIVE,[-114.04110246   51.03850412]
1222,,SUBNEIGHBOURHOOD PARK,1,TITLED,NO BREAKDOWN,,,RAN028,,CALGARY PARKS,CALGARY PARKS,,ACTIVE,[-114.18848501   51.1166804 ]
1223,,SUBNEIGHBOURHOOD PARK,1,TITLED,NO BREAKDOWN,,,RAN031,,CALGARY PARKS SHARED,CALGARY PARKS SHARED,,ACTIVE,[-114.18381332   51.12205544]
1224,,SUBNEIGHBOURHOOD PARK,1,TITLED,NO BREAKDOWN,CULTURALLY SIGNIFICANT SITE,,BED603,,CALGARY PARKS,CALGARY PARKS,,ACTIVE,[-114.07275365   51.13128812]
1225,,SUBNEIGHBOURHOOD PARK,1,TITLED,NO BREAKDOWN,,,BED605,,CALGARY PARKS,CALGARY PARKS,,ACTIVE,[-114.07884822   51.13375887]
1226,,SUBNEIGHBOURHOOD PARK,1,TITLED,NO BREAKDOWN,CULTURALLY SIGNIFICANT SITE,,BED614,,CALGARY PARKS,CALGARY PARKS,,ACTIVE,[-114.05655589   51.12841454]
1227,,SUBNEIGHBOURHOOD PARK,1,TITLED,NO BREAKDOWN,CULTURALLY SIGNIFICANT SITE,,BRD001,,CALGARY PARKS,CALGARY PARKS,,ACTIVE,[-114.03922632   51.05165983]
1228,,SUBNEIGHBOURHOOD PARK,1,TITLED,NO BREAKDOWN,,,MCK137,,CALGARY PARKS,CALGARY PARKS,,ACTIVE,[-113.98926287   50.90517033]
1229,ALBERTA BADMINTON ASSOC,NEIGHBOURHOOD PARK,1,TITLED,NO BREAKDOWN,CULTURALLY SIGNIFICANT SITE,CHECK TITLES,PAT826,,CALGARY PARKS SHARED,CALGARY PARKS SHARED,LEASE ON SITE,ACTIVE,[-114.17661353   51.06258368]
1230,,SUBNEIGHBOURHOOD PARK,1,TITLED,NO BREAKDOWN,,,REN788,,CALGARY PARKS,CALGARY PARKS,,ACTIVE,[-114.0414983    51.06265739]
1231,STANLEY JONES SCHOOL; RENFREW COMMUNITY ASSOC,NEIGHBOURHOOD PARK,1,TITLED,NO BREAKDOWN,CULTURALLY SIGNIFICANT SITE,HERITAGE SITE,REN791,,CALGARY PARKS SHARED,CALGARY PARKS SHARED,,ACTIVE,[-114.04701398   51.06022951]
1232,,SUBNEIGHBOURHOOD PARK,1,TITLED,NO BREAKDOWN,,,RIC856,,CALGARY PARKS,CALGARY PARKS,,ACTIVE,[-114.10790517   51.03553415]
1233,,NEIGHBOURHOOD PARK,1,TITLED,NO BREAKDOWN,,,RUN257,,CALGARY PARKS,CALGARY PARKS,,ACTIVE,[-113.97535345   51.07861717]
1234,,COMMUNITY PARK,1,TITLED,NO BREAKDOWN,,,MCI288,,CALGARY PARKS,CALGARY PARKS,,ACTIVE,[-114.03670027   51.08867536]
1235,,SUBNEIGHBOURHOOD PARK,1,TITLED,NO BREAKDOWN,,,MRL512,,CALGARY PARKS,CALGARY PARKS,,ACTIVE,[-113.97424586   51.0648838 ]
1236,CHRIS AKKERMAN ELEM,NEIGHBOURHOOD PARK,1,TITLED,NO BREAKDOWN,,,MRL513,,CALGARY PARKS,CALGARY PARKS,,ACTIVE,[-113.96354614   51.06432855]
1237,MAPLE RIDGE ELEM; RT ALDERMAN JR HIGH; WILLOW RIDGE COMMUNITY ASSOC,COMMUNITY PARK,1,TITLED,NO BREAKDOWN,CULTURALLY SIGNIFICANT SITE,,MPL183,,CALGARY PARKS SHARED,CALGARY PARKS SHARED,,ACTIVE,[-114.0428428    50.96091634]
1238,,SUBNEIGHBOURHOOD PARK,1,TITLED,NO BREAKDOWN,,,RIC641,,CALGARY PARKS,CALGARY PARKS,,ACTIVE,[-114.11402933   51.02655714]
1239,HAULTAIN MEMORIAL ELEM,NEIGHBOURHOOD PARK,1,TITLED,NO BREAKDOWN,CULTURALLY SIGNIFICANT SITE,,QLD519,,CALGARY PARKS SHARED,CALGARY PARKS SHARED,,ACTIVE,[-114.02305638   50.93925175]
1240,,NEIGHBOURHOOD PARK,1,TITLED,NO BREAKDOWN,,,SET024,,CALGARY PARKS,DEVELOPER CONSTRUCTION,,ACTIVE,[-113.94369697   50.86596033]
1241,,SUBNEIGHBOURHOOD PARK,1,TITLED,NO BREAKDOWN,,,CHA272,,CALGARY PARKS,CALGARY PARKS,,ACTIVE,[-114.03774846   50.88098765]
1242,VALLEYVIEW PARK; CALGARY BEACH VOLLEYBALL ASSOC.,REGIONAL PARK,1,TITLED,NO BREAKDOWN,CULTURALLY SIGNIFICANT SITE,,DOV030,,CALGARY PARKS SHARED,CALGARY PARKS SHARED,,ACTIVE,[-113.99680952   51.02451435]
1243,ST ROSE OF LIMA ELEM & JR HIGH; RUNDLE COMMUNITY ASSOC,COMMUNITY PARK,1,TITLED,NO BREAKDOWN,,SITE SPLIT RUN259,RUN259,,CALGARY PARKS SHARED,CALGARY PARKS SHARED,,ACTIVE,[-113.96206469   51.07616959]
1244,,SUBNEIGHBOURHOOD PARK,1,TITLED,NO BREAKDOWN,,,RUT706,,CALGARY PARKS,CALGARY PARKS,,ACTIVE,[-114.13055523   51.02434349]
1245,,SUBNEIGHBOURHOOD PARK,1,TITLED,NO BREAKDOWN,,,PEN588,,CALGARY PARKS,CALGARY PARKS,,ACTIVE,[-113.94809791   51.05188661]
1246,,SUBNEIGHBOURHOOD PARK,1,TITLED,NO BREAKDOWN,,,PEN595,,CALGARY PARKS,CALGARY PARKS,,ACTIVE,[-113.95609413   51.04642742]
1247,,SUBNEIGHBOURHOOD PARK,1,TITLED,NO BREAKDOWN,CULTURALLY SIGNIFICANT SITE,,RID255,,CALGARY PARKS,CALGARY PARKS,,ACTIVE,[-114.07385957   51.02737955]
1248,,SUBNEIGHBOURHOOD PARK,1,TITLED,NO BREAKDOWN,,,MLR414,,CALGARY PARKS,CALGARY PARKS,,ACTIVE,[-114.07660311   50.91718941]
1249,,SUBNEIGHBOURHOOD PARK,1,TITLED,NO BREAKDOWN,,,MLR418,,CALGARY PARKS,CALGARY PARKS,,ACTIVE,[-114.07382546   50.91867613]
1250,,SUBNEIGHBOURHOOD PARK,1,TITLED,NO BREAKDOWN,,,MID301,,CALGARY PARKS,CALGARY PARKS,,ACTIVE,[-114.05531091   50.90727312]
1251,,SUBNEIGHBOURHOOD PARK,1,TITLED,NO BREAKDOWN,,,MCT799,,CALGARY PARKS,CALGARY PARKS SHARED,"MAINTAINED AS PER LANDSCAPE MAINTENANCE AGREEMENT, EXPIRES 2042/12/31; SEE PARIS_REPOSITORY\AGREEMENTS\LANDSCAPE_MAINTENANCE_AGREEMENT",ACTIVE,[-113.96434448   50.91650362]
1252,,SUBNEIGHBOURHOOD PARK,1,TITLED,NO BREAKDOWN,,,MON201,,CALGARY PARKS,CALGARY PARKS,,ACTIVE,[-114.15670486   51.07929132]
1253,,SUBNEIGHBOURHOOD PARK,1,TITLED,NO BREAKDOWN,,,MCK628,,CALGARY PARKS,CALGARY PARKS,,ACTIVE,[-113.99368524   50.90396706]
1254,,SUBNEIGHBOURHOOD PARK,1,TITLED,NO BREAKDOWN,,,NHV889,,CALGARY PARKS,CALGARY PARKS,,ACTIVE,[-114.08536174   51.0960861 ]
1255,,NEIGHBOURHOOD PARK,1,TITLED,NO BREAKDOWN,CULTURALLY SIGNIFICANT SITE,,CRM308,,CALGARY PARKS,CALGARY PARKS SHARED,,ACTIVE,[-114.26095313   51.08319537]
1256,,SUBNEIGHBOURHOOD PARK,1,TITLED,NO BREAKDOWN,CULTURALLY SIGNIFICANT SITE,,DIS104,,CALGARY PARKS,CALGARY PARKS SHARED,"MAINTAINED AS PER LANDSCAPE MAINTENANCE AGREEMENT, EXPIRES 2042/12/31; SEE PARIS_REPOSITORY\AGREEMENTS\LANDSCAPE_MAINTENANCE_AGREEMENT",ACTIVE,[-114.2046427    51.01306716]
1257,MCKENZIE HIGHLANDS SCHOOL,COMMUNITY PARK,1,TITLED,NO BREAKDOWN,,SITE SPLIT MCT832,MCT832,,CALGARY PARKS SHARED,CALGARY PARKS SHARED,"MAINTAINED AS PER LANDSCAPE MAINTENANCE AGREEMENT, EXPIRES 2042/12/31; SEE PARIS_REPOSITORY\AGREEMENTS\LANDSCAPE_MAINTENANCE_AGREEMENT",ACTIVE,[-113.97109177   50.91102893]
1258,,SUBNEIGHBOURHOOD PARK,1,TITLED,NO BREAKDOWN,,,OGD764,,CALGARY PARKS SHARED,CALGARY PARKS,,ACTIVE,[-113.99612594   50.98372289]
1259,,LINEAR PARK,1,TITLED,NO BREAKDOWN,,,OGD763,,CALGARY PARKS SHARED,CALGARY PARKS,,ACTIVE,[-113.99552694   50.98400759]
1260,,SUBNEIGHBOURHOOD PARK,1,TITLED,NO BREAKDOWN,,,OGD765,,CALGARY PARKS SHARED,CALGARY PARKS,,ACTIVE,[-113.99695295   50.98334387]
1261,,SUBNEIGHBOURHOOD PARK,1,TITLED,NO BREAKDOWN,CULTURALLY SIGNIFICANT SITE,,OGD789,,CALGARY PARKS,CALGARY PARKS,,ACTIVE,[-114.01600994   50.98775929]
1262,,NEIGHBOURHOOD PARK,1,TITLED,NO BREAKDOWN,,,OGD791,,CALGARY PARKS,CALGARY PARKS,,ACTIVE,[-114.01741503   50.99612763]
1263,,SUBNEIGHBOURHOOD PARK,1,TITLED,NO BREAKDOWN,,,PAL040,,CALGARY PARKS,CALGARY PARKS,,ACTIVE,[-114.11629062   50.96600699]
1264,,SUBNEIGHBOURHOOD PARK,1,TITLED,NO BREAKDOWN,,,PEN581,,CALGARY PARKS,CALGARY PARKS,,ACTIVE,[-113.93586302   51.04814168]
1265,,LINEAR PARK,1,TITLED,NO BREAKDOWN,,,PEN585,,CALGARY PARKS,CALGARY PARKS,,ACTIVE,[-113.94692827   51.04914137]
1266,,SUBNEIGHBOURHOOD PARK,1,TITLED,NO BREAKDOWN,,,PEN589,,CALGARY PARKS,CALGARY PARKS,,ACTIVE,[-113.95029874   51.05021011]
1267,,SUBNEIGHBOURHOOD PARK,1,TITLED,NO BREAKDOWN,CULTURALLY SIGNIFICANT SITE,,DIS105,,CALGARY PARKS,CALGARY PARKS SHARED,"MAINTAINED AS PER LANDSCAPE MAINTENANCE AGREEMENT, EXPIRES 2042/12/31; SEE PARIS_REPOSITORY\AGREEMENTS\LANDSCAPE_MAINTENANCE_AGREEMENT",ACTIVE,[-114.19578738   51.01084403]
1268,,COMMUNITY PARK,1,TITLED,NO BREAKDOWN,,,BDO454,,CALGARY PARKS,CALGARY PARKS,,ACTIVE,[-114.0343386    50.94553176]
1269,,SUBNEIGHBOURHOOD PARK,1,TITLED,NO BREAKDOWN,CULTURALLY SIGNIFICANT SITE,,BED611,,CALGARY PARKS,CALGARY PARKS,,ACTIVE,[-114.063653    51.1305651]
1270,,SUBNEIGHBOURHOOD PARK,1,TITLED,NO BREAKDOWN,CULTURALLY SIGNIFICANT SITE,,BED616,,CALGARY PARKS,CALGARY PARKS,,ACTIVE,[-114.05772955   51.12609185]
1271,,LINEAR PARK,1,TITLED,NO BREAKDOWN,,,BRI721,,CALGARY PARKS,CALGARY PARKS,,ACTIVE,[-114.11636802   50.90176131]
1272,,SUBNEIGHBOURHOOD PARK,1,TITLED,NO BREAKDOWN,CULTURALLY SIGNIFICANT SITE,,BRI702,,CALGARY PARKS,CALGARY PARKS,,ACTIVE,[-114.11580262   50.90514678]
1273,,COMMUNITY PARK,1,TITLED,NO BREAKDOWN,CULTURALLY SIGNIFICANT SITE,,BRI709,,CALGARY PARKS SHARED,CALGARY PARKS,,ACTIVE,[-114.11828126   50.90337374]
1274,CROSSING PARK ELEM,COMMUNITY PARK,1,TITLED,NO BREAKDOWN,,,MRT310,,CALGARY PARKS SHARED,CALGARY PARKS,,ACTIVE,[-113.96488092   51.11621508]
1275,,SUBNEIGHBOURHOOD PARK,1,TITLED,NO BREAKDOWN,,,MRT314,,CALGARY PARKS,CALGARY PARKS,,ACTIVE,[-113.96431881   51.11401782]
1276,MANMEET SINGH BHULLAR SCHOOL,COMMUNITY PARK,1,TITLED,NO BREAKDOWN,,,MRT331,,CALGARY PARKS SHARED,CALGARY PARKS,,ACTIVE,[-113.95818258   51.12392494]
1277,,SUBNEIGHBOURHOOD PARK,1,TITLED,NO BREAKDOWN,,,MPK541,,CALGARY PARKS,CALGARY PARKS,,ACTIVE,[-113.95212895   51.06481204]
1278,,SUBNEIGHBOURHOOD PARK,1,TITLED,NO BREAKDOWN,,,MPK542,,CALGARY PARKS,CALGARY PARKS,,ACTIVE,[-113.9510184   51.0649649]
1279,,SUBNEIGHBOURHOOD PARK,1,TITLED,NO BREAKDOWN,,,MPK543,,CALGARY PARKS,CALGARY PARKS,,ACTIVE,[-113.94967159   51.06528219]
1280,,LINEAR PARK,1,TITLED,NO BREAKDOWN,,,CSC017,,CALGARY PARKS,CALGARY PARKS,IMPORTANT-WEEPING TILE AND ATCO PIPELINE PRESENT,ACTIVE,[-113.95787651   51.14325638]
1281,LOWER RESERVOIR PARK,DISTRICT PARK,1,TITLED,NO BREAKDOWN,CULTURALLY SIGNIFICANT SITE,SITE SPLIT GPK701: NEW SITE GPK702,GPK702,,CALGARY PARKS SHARED,CALGARY PARKS SHARED,,ACTIVE,[-114.09638167   51.00321689]
1282,,SUBNEIGHBOURHOOD PARK,1,TITLED,NO BREAKDOWN,,,HID518,,CALGARY PARKS,CALGARY PARKS,,ACTIVE,[-114.13403077   51.1499849 ]
1283,HIDDEN VALLEY SCHOOL; VALLEY CREEK ELEM,COMMUNITY PARK,1,TITLED,NO BREAKDOWN,CULTURALLY SIGNIFICANT SITE,,HID523,,CALGARY PARKS SHARED,CALGARY PARKS,,ACTIVE,[-114.11780482   51.14982097]
1284,,SUBNEIGHBOURHOOD PARK,1,TITLED,NO BREAKDOWN,,,PIN023,,CALGARY PARKS,CALGARY PARKS,,ACTIVE,[-113.95232464   51.07249582]
1285,,SUBNEIGHBOURHOOD PARK,1,TITLED,NO BREAKDOWN,,,PIN024,,CALGARY PARKS,CALGARY PARKS,,ACTIVE,[-113.94774347   51.06902589]
1286,MCKENZIE TOWNE SCHOOL,NEIGHBOURHOOD PARK,1,TITLED,NO BREAKDOWN,,,MCT776,,CALGARY PARKS SHARED,CALGARY PARKS SHARED,"MAINTAINED AS PER LANDSCAPE MAINTENANCE AGREEMENT, EXPIRES 2042/12/31; SEE PARIS_REPOSITORY\AGREEMENTS\LANDSCAPE_MAINTENANCE_AGREEMENT",ACTIVE,[-113.96608094   50.92722882]
1287,,SUBNEIGHBOURHOOD PARK,1,TITLED,NO BREAKDOWN,,,MCT807,,CALGARY PARKS,CALGARY PARKS SHARED,"MAINTAINED AS PER LANDSCAPE MAINTENANCE AGREEMENT, EXPIRES 2042/12/31; SEE PARIS_REPOSITORY\AGREEMENTS\LANDSCAPE_MAINTENANCE_AGREEMENT",ACTIVE,[-113.97300581   50.91302494]
1288,,SUBNEIGHBOURHOOD PARK,1,TITLED,NO BREAKDOWN,CULTURALLY SIGNIFICANT SITE,,ARB657,,CALGARY PARKS,CALGARY PARKS,,ACTIVE,[-114.18484701   51.14103471]
1289,,SUBNEIGHBOURHOOD PARK,1,TITLED,NO BREAKDOWN,,,ARB351,,CALGARY PARKS,CALGARY PARKS,,ACTIVE,[-114.20206514   51.1402164 ]
1290,,NEIGHBOURHOOD PARK,1,TITLED,NO BREAKDOWN,CULTURALLY SIGNIFICANT SITE,,ARB346,,CALGARY PARKS,CALGARY PARKS,,ACTIVE,[-114.20134446   51.13752386]
1291,,SUBNEIGHBOURHOOD PARK,1,TITLED,NO BREAKDOWN,,,BRA082,,CALGARY PARKS,CALGARY PARKS,,ACTIVE,[-114.10036943   50.95872707]
1292,,SUBNEIGHBOURHOOD PARK,1,TITLED,NO BREAKDOWN,,,BRA087,,CALGARY PARKS,CALGARY PARKS,,ACTIVE,[-114.1002181    50.96117001]
1293,,SUBNEIGHBOURHOOD PARK,1,TITLED,NO BREAKDOWN,,,BRA101,,CALGARY PARKS,CALGARY PARKS,,ACTIVE,[-114.10174925   50.96075459]
1294,,COMMUNITY PARK,1,TITLED,NO BREAKDOWN,,,MCT779,,CALGARY PARKS,CALGARY PARKS SHARED,"MAINTAINED AS PER LANDSCAPE MAINTENANCE AGREEMENT, EXPIRES 2042/12/31; SEE PARIS_REPOSITORY\AGREEMENTS\LANDSCAPE_MAINTENANCE_AGREEMENT",ACTIVE,[-113.95272415   50.90726609]
1295,,NEIGHBOURHOOD PARK,1,TITLED,NO BREAKDOWN,,,WAL008,,CALGARY PARKS SHARED,CALGARY PARKS SHARED,,ACTIVE,[-114.02607718   50.87669991]
1296,,SUBNEIGHBOURHOOD PARK,1,TITLED,NO BREAKDOWN,,,MCK705,,CALGARY PARKS,CALGARY PARKS,,ACTIVE,[-113.98814824   50.9124921 ]
1297,,NON-PARK,1,TITLED,NO BREAKDOWN,,THIS AREA SPLIT OFF FROM CED044 AS THIS IS AN MR,CED045,,CALGARY PARKS,CALGARY PARKS,,ACTIVE,[-114.1187552   50.9511674]
1298,,SUBNEIGHBOURHOOD PARK,1,TITLED,NO BREAKDOWN,,,HUN635,,CALGARY PARKS,CALGARY PARKS,,ACTIVE,[-114.06243769   51.11664729]
1299,,SUBNEIGHBOURHOOD PARK,1,TITLED,NO BREAKDOWN,CULTURALLY SIGNIFICANT SITE,,HIL110,,CALGARY PARKS,CALGARY PARKS,,ACTIVE,[-114.08908805   51.05551283]
1300,,SUBNEIGHBOURHOOD PARK,1,TITLED,NO BREAKDOWN,,,HIL490,,CALGARY PARKS,CALGARY PARKS,,ACTIVE,[-114.09918621   51.05002824]
1301,,SUBNEIGHBOURHOOD PARK,1,TITLED,NO BREAKDOWN,,,MPK546,,CALGARY PARKS,CALGARY PARKS,,ACTIVE,[-113.93808029   51.06029108]
1302,,SUBNEIGHBOURHOOD PARK,1,TITLED,NO BREAKDOWN,,,LKB469,,CALGARY PARKS,CALGARY PARKS,,ACTIVE,[-114.05251281   50.93453285]
1303,,LINEAR PARK,1,TITLED,NO BREAKDOWN,,,MPK552,,CALGARY PARKS,CALGARY PARKS,,ACTIVE,[-113.94693026   51.05609251]
1304,,SUBNEIGHBOURHOOD PARK,1,TITLED,NO BREAKDOWN,,,LKB476,,CALGARY PARKS SHARED,CALGARY PARKS,,ACTIVE,[-114.06246922   50.93319333]
1305,,LINEAR PARK,1,TITLED,NO BREAKDOWN,,,MPK553,,CALGARY PARKS,CALGARY PARKS,,ACTIVE,[-113.94692984   51.05332783]
1306,,NEIGHBOURHOOD PARK,1,TITLED,NO BREAKDOWN,,,LKB478,,CALGARY PARKS,CALGARY PARKS,,ACTIVE,[-114.06055981   50.93572502]
1307,HOLY ANGELS ELEM,NEIGHBOURHOOD PARK,1,TITLED,NO BREAKDOWN,,,RIV848,,CALGARY PARKS SHARED,CALGARY PARKS,,ACTIVE,[-114.01007461   50.97516404]
1308,,SUBNEIGHBOURHOOD PARK,1,TITLED,NO BREAKDOWN,CULTURALLY SIGNIFICANT SITE,,EVE090,,CALGARY PARKS SHARED,CALGARY PARKS SHARED,,ACTIVE,[-114.10759123   50.92135674]
1309,,LINEAR PARK,1,TITLED,NO BREAKDOWN,,,MPK559,,CALGARY PARKS,CALGARY PARKS,,ACTIVE,[-113.94700328   51.05436791]
1310,,NEIGHBOURHOOD PARK,1,TITLED,NO BREAKDOWN,,,SGL008,,CALGARY PARKS SHARED,CALGARY PARKS SHARED,,ACTIVE,[-113.99388701   51.16795169]
1311,,SUBNEIGHBOURHOOD PARK,1,TITLED,NO BREAKDOWN,,,HUN628,,CALGARY PARKS,CALGARY PARKS,,ACTIVE,[-114.05735034   51.1194582 ]
1312,,NEIGHBOURHOOD PARK,1,TITLED,NO BREAKDOWN,,,RIV871,,CALGARY PARKS,CALGARY PARKS,,ACTIVE,[-114.00513381   50.97239541]
1313,,SUBNEIGHBOURHOOD PARK,1,TITLED,NO BREAKDOWN,,,RIV875,,CALGARY PARKS,CALGARY PARKS,,ACTIVE,[-114.01149196   50.96930004]
1314,,SUBNEIGHBOURHOOD PARK,1,TITLED,NO BREAKDOWN,,,RIV884,,CALGARY PARKS,CALGARY PARKS,,ACTIVE,[-114.01003199   50.966044  ]
1315,,SUBNEIGHBOURHOOD PARK,1,TITLED,NO BREAKDOWN,,,RCK758,,CALGARY PARKS,CALGARY PARKS,,ACTIVE,[-114.14493399   51.04516757]
1316,ST BONAVENTURE JR HIGH,COMMUNITY PARK,1,TITLED,NO BREAKDOWN,CULTURALLY SIGNIFICANT SITE,,LKB465,,CALGARY PARKS SHARED,CALGARY PARKS SHARED,,ACTIVE,[-114.04751829   50.93072854]
1317,MCKENZIE-FISH CREEK PARK BUFFER,LINEAR PARK,1,TITLED,NO BREAKDOWN,CULTURALLY SIGNIFICANT SITE,SITE SPLIT MCK718: NARROW NATURAL AREA BUFFER BETWEEN MCKENZIE AND GOLF COURSE,MCK719,,CALGARY PARKS SHARED,CALGARY PARKS SHARED,,ACTIVE,[-113.99773034   50.90404827]
1318,,NEIGHBOURHOOD PARK,1,TITLED,NO BREAKDOWN,CULTURALLY SIGNIFICANT SITE,,LKB565,,CALGARY PARKS,CALGARY PARKS,,ACTIVE,[-114.0362013    50.93144266]
1319,,SUBNEIGHBOURHOOD PARK,1,TITLED,NO BREAKDOWN,,,LKB814,,CALGARY PARKS,CALGARY PARKS,,ACTIVE,[-114.0539494    50.93549567]
1320,HASKAYNE LEGACY PARK,REGIONAL PARK,1,TITLED,NO BREAKDOWN,CULTURALLY SIGNIFICANT SITE,,HSN001,,CALGARY PARKS,CALGARY PARKS,SEE R:\Subdivision_Development\CAPITAL_PROJECT_APPROVAL_DOCUMENTS\HASKAYNE FOR STATUS CHANGE REASON,ACTIVE,[-114.29949589   51.13173612]
1321,,SUBNEIGHBOURHOOD PARK,1,TITLED,NO BREAKDOWN,,,NGM542,,CALGARY PARKS,CALGARY PARKS,,ACTIVE,[-114.11705619   51.00577977]
1322,NORTH HAVEN ELEM SCHOOL,NEIGHBOURHOOD PARK,1,TITLED,NO BREAKDOWN,,,NHV100,,CALGARY PARKS SHARED,CALGARY PARKS SHARED,,ACTIVE,[-114.08622292   51.0977933 ]
1323,,SUBNEIGHBOURHOOD PARK,1,TITLED,NO BREAKDOWN,CULTURALLY SIGNIFICANT SITE,,NHV818,,CALGARY PARKS,CALGARY PARKS,,ACTIVE,[-114.08896882   51.10119696]
1324,PENBROOKE MEADOWS ELEM,NEIGHBOURHOOD PARK,1,TITLED,NO BREAKDOWN,,,PEN577,,CALGARY PARKS,CALGARY PARKS,,ACTIVE,[-113.95282753   51.04188375]
1325,,SUBNEIGHBOURHOOD PARK,1,TITLED,NO BREAKDOWN,,,DOV816,,CALGARY PARKS,CALGARY PARKS,,ACTIVE,[-113.99880787   51.02204868]
1326,CALGARY WALDORF SCHOOL,COMMUNITY PARK,1,TITLED,NO BREAKDOWN,CULTURALLY SIGNIFICANT SITE,,CGR208,,CALGARY PARKS SHARED,CALGARY PARKS SHARED,,ACTIVE,[-114.21707192   51.0705934 ]
1327,,SUBNEIGHBOURHOOD PARK,1,TITLED,NO BREAKDOWN,CULTURALLY SIGNIFICANT SITE,,CED108,,CALGARY PARKS,CALGARY PARKS,,ACTIVE,[-114.13764062   50.96007722]
1328,,SUBNEIGHBOURHOOD PARK,1,TITLED,NO BREAKDOWN,CULTURALLY SIGNIFICANT SITE,,BRD773,,CALGARY PARKS,CALGARY PARKS,,ACTIVE,[-114.04262278   51.05008909]
1329,,SUBNEIGHBOURHOOD PARK,1,TITLED,NO BREAKDOWN,CULTURALLY SIGNIFICANT SITE,,EPK251,,CALGARY PARKS,CALGARY PARKS,,ACTIVE,[-114.07412791   51.01908916]
1330,,SUBNEIGHBOURHOOD PARK,1,TITLED,NO BREAKDOWN,CULTURALLY SIGNIFICANT SITE,,EPK262,,CALGARY PARKS SHARED,CALGARY PARKS,,ACTIVE,[-114.07327522   51.02105929]
1331,SAFEWAY CORNER,SUBNEIGHBOURHOOD PARK,1,TITLED,NO BREAKDOWN,CULTURALLY SIGNIFICANT SITE,,EPK270,,CALGARY PARKS,CALGARY PARKS,,ACTIVE,[-114.07350642   51.02972103]
1332,,COMMUNITY PARK,1,TITLED,NO BREAKDOWN,,,LKB503,,CALGARY PARKS,CALGARY PARKS,,ACTIVE,[-114.05295902   50.94751457]
1333,,SUBNEIGHBOURHOOD PARK,1,TITLED,NO BREAKDOWN,,,HAW977,,CALGARY PARKS,CALGARY PARKS SHARED,"MAINTAINED AS PER LANDSCAPE MAINTENANCE AGREEMENT, EXPIRES 2042/12/31; SEE PARIS_REPOSITORY\AGREEMENTS\LANDSCAPE_MAINTENANCE_AGREEMENT",ACTIVE,[-114.1852529    51.12840242]
1334,,SUBNEIGHBOURHOOD PARK,1,TITLED,NO BREAKDOWN,,,HAY232,,CALGARY PARKS,CALGARY PARKS,,ACTIVE,[-114.09437436   50.96577293]
1335,,SUBNEIGHBOURHOOD PARK,1,TITLED,NO BREAKDOWN,,,LKB502,,CALGARY PARKS,CALGARY PARKS,,ACTIVE,[-114.05447336   50.94439925]
1336,,SUBNEIGHBOURHOOD PARK,1,TITLED,NO BREAKDOWN,,,PEN587,,CALGARY PARKS,CALGARY PARKS,,ACTIVE,[-113.94687798   51.05202599]
1337,,SUBNEIGHBOURHOOD PARK,1,TITLED,NO BREAKDOWN,,,PEN596,,CALGARY PARKS,CALGARY PARKS,,ACTIVE,[-113.95238248   51.04716558]
1338,,SUBNEIGHBOURHOOD PARK,1,TITLED,NO BREAKDOWN,,,OGD793,,CALGARY PARKS,CALGARY PARKS,,ACTIVE,[-114.00875638   50.99428141]
1339,,LINEAR PARK,1,TITLED,NO BREAKDOWN,,,OGD805,,CALGARY PARKS,CALGARY PARKS,,ACTIVE,[-114.00957999   50.98043984]
1340,,SUBNEIGHBOURHOOD PARK,1,TITLED,NO BREAKDOWN,,,PEN582,,CALGARY PARKS,CALGARY PARKS,,ACTIVE,[-113.93863921   51.05024006]
1341,,LINEAR PARK,1,TITLED,NO BREAKDOWN,,,PEN584,,CALGARY PARKS,CALGARY PARKS,,ACTIVE,[-113.94686751   51.0486468 ]
1342,NELLIE MCCLUNG ELEM,NEIGHBOURHOOD PARK,1,TITLED,NO BREAKDOWN,,,PAL039,,CALGARY PARKS SHARED,CALGARY PARKS SHARED,,ACTIVE,[-114.1150241    50.96873946]
1343,,SUBNEIGHBOURHOOD PARK,1,TITLED,NO BREAKDOWN,CULTURALLY SIGNIFICANT SITE,,PKH351,,CALGARY PARKS,CALGARY PARKS,,ACTIVE,[-114.0662878    51.01534963]
1344,ELBOW PARK RESIDENTS ASSOC,COMMUNITY PARK,1,TITLED,NO BREAKDOWN,CULTURALLY SIGNIFICANT SITE,,EPK291,,CALGARY PARKS,CALGARY PARKS SHARED,LEASE ON SITE - ELBOW PARK CMTY ASSOC,ACTIVE,[-114.08369173   51.02506591]
1345,,SUBNEIGHBOURHOOD PARK,1,TITLED,NO BREAKDOWN,,,FHT610,,CALGARY PARKS,CALGARY PARKS,,ACTIVE,[-113.97036291   51.04670497]
1346,,SUBNEIGHBOURHOOD PARK,1,TITLED,NO BREAKDOWN,,,FHT609,,CALGARY PARKS,CALGARY PARKS,,ACTIVE,[-113.96976596   51.04638994]
1347,,SUBNEIGHBOURHOOD PARK,1,TITLED,NO BREAKDOWN,,,FHT611,,CALGARY PARKS,CALGARY PARKS,,ACTIVE,[-113.97200311   51.04588162]
1348,,SUBNEIGHBOURHOOD PARK,1,TITLED,NO BREAKDOWN,,,FHT612,,CALGARY PARKS,CALGARY PARKS,,ACTIVE,[-113.97034756   51.0492102 ]
1349,,SUBNEIGHBOURHOOD PARK,1,TITLED,NO BREAKDOWN,CULTURALLY SIGNIFICANT SITE,,REN120,,CALGARY PARKS,CALGARY PARKS,,ACTIVE,[-114.0302123    51.05825065]
1350,,SUBNEIGHBOURHOOD PARK,1,TITLED,NO BREAKDOWN,CULTURALLY SIGNIFICANT SITE,,REN121,,CALGARY PARKS,CALGARY PARKS,,ACTIVE,[-114.03015775   51.05757222]
1351,,SUBNEIGHBOURHOOD PARK,1,TITLED,NO BREAKDOWN,,,MRT307,,CALGARY PARKS,CALGARY PARKS,,ACTIVE,[-113.96976212   51.11294085]
1352,NICKLE SCHOOL,COMMUNITY PARK,1,TITLED,NO BREAKDOWN,,,LKB482,,CALGARY PARKS,CALGARY PARKS SHARED,,ACTIVE,[-114.06225529   50.94069087]
1353,,SUBNEIGHBOURHOOD PARK,1,TITLED,NO BREAKDOWN,,,LKB487,,CALGARY PARKS,CALGARY PARKS,,ACTIVE,[-114.06662175   50.94143863]
1354,,SUBNEIGHBOURHOOD PARK,1,TITLED,NO BREAKDOWN,,,FHT614,,CALGARY PARKS,CALGARY PARKS,,ACTIVE,[-113.9722667    51.05161852]
1355,APPLEWOOD PARK COMMUNITY ASSOC,COMMUNITY PARK,1,TITLED,NO BREAKDOWN,,,APP903,,CALGARY PARKS SHARED,CALGARY PARKS SHARED,,ACTIVE,[-113.92812688   51.04727759]
1356,APPLEWOOD GREENWAY,REGIONAL PARK,2,NON TITLED,EA - PARKS EASEMENT,,,APP904,,CALGARY PARKS SHARED,CALGARY PARKS SHARED,,ACTIVE,[-113.92330334   51.04821412]
1357,,NEIGHBOURHOOD PARK,1,TITLED,NO BREAKDOWN,CULTURALLY SIGNIFICANT SITE,,ARB211,,CALGARY PARKS,CALGARY PARKS,,ACTIVE,[-114.19786305   51.13803143]
1358,,LINEAR PARK,1,TITLED,NO BREAKDOWN,,,BRE420,,CALGARY PARKS,CALGARY PARKS,,ACTIVE,[-114.13521656   51.09835268]
1359,,SUBNEIGHBOURHOOD PARK,1,TITLED,NO BREAKDOWN,CULTURALLY SIGNIFICANT SITE,,BRE430,,CALGARY PARKS,CALGARY PARKS,,ACTIVE,[-114.13394623   51.10585419]
1360,,SUBNEIGHBOURHOOD PARK,1,TITLED,NO BREAKDOWN,CULTURALLY SIGNIFICANT SITE,,EYA200,,CALGARY PARKS SHARED,CALGARY PARKS,,ACTIVE,[-114.07509311   51.01729714]
1361,,SUBNEIGHBOURHOOD PARK,1,TITLED,NO BREAKDOWN,,,GAW630,,CALGARY PARKS,CALGARY PARKS,,ACTIVE,[-114.11263736   51.01265759]
1362,,SUBNEIGHBOURHOOD PARK,1,TITLED,NO BREAKDOWN,,,KIN017,,CALGARY PARKS,CALGARY PARKS SHARED,2020/05/27: LAND EXCHANGE WITH TRICO DEVELOPMENTS - FOR MORE INFO SEE REPOSITORY R:\LAND_TRANSFERS\KIN\KIN017,ACTIVE,[-114.07389025   50.9834087 ]
1363,,DISTRICT PARK,1,TITLED,NO BREAKDOWN,CULTURALLY SIGNIFICANT SITE,SITE SPLIT CHA835,CHA835,,CALGARY PARKS,CALGARY PARKS SHARED,,ACTIVE,[-114.01956433   50.88350115]
1364,FATHER SCOLLEN ELEM & JR HIGH,NEIGHBOURHOOD PARK,1,TITLED,NO BREAKDOWN,,,TEM055,,CALGARY PARKS SHARED,CALGARY PARKS SHARED,,ACTIVE,[-113.94115372   51.09361814]
1365,,SUBNEIGHBOURHOOD PARK,1,TITLED,NO BREAKDOWN,,,SIL250,,CALGARY PARKS,CALGARY PARKS,,ACTIVE,[-114.19639687   51.10954101]
1366,,NON-PARK,1,TITLED,NO BREAKDOWN,,,SIL256,,CALGARY PARKS,CALGARY PARKS,,ACTIVE,[-114.19887242   51.11541131]
1367,,SUBNEIGHBOURHOOD PARK,1,TITLED,NO BREAKDOWN,CULTURALLY SIGNIFICANT SITE,,SIL259,,CALGARY PARKS,CALGARY PARKS,,ACTIVE,[-114.18604483   51.09951833]
1368,,SUBNEIGHBOURHOOD PARK,1,TITLED,NO BREAKDOWN,CULTURALLY SIGNIFICANT SITE,,SIL261,,CALGARY PARKS,CALGARY PARKS,,ACTIVE,[-114.19541684   51.105587  ]
1369,,SUBNEIGHBOURHOOD PARK,1,TITLED,NO BREAKDOWN,,,SIL266,,CALGARY PARKS,CALGARY PARKS,,ACTIVE,[-114.19298784   51.11516016]
1370,,SUBNEIGHBOURHOOD PARK,1,TITLED,NO BREAKDOWN,CULTURALLY SIGNIFICANT SITE,,TUS610,,CALGARY PARKS,CALGARY PARKS SHARED,"MAINTAINED AS PER LANDSCAPE MAINTENANCE AGREEMENT, EXPIRES 2042/12/31; SEE PARIS_REPOSITORY\AGREEMENTS\LANDSCAPE_MAINTENANCE_AGREEMENT",ACTIVE,[-114.24116367   51.12045818]
1371,,SUBNEIGHBOURHOOD PARK,1,TITLED,NO BREAKDOWN,,,SOM676,,CALGARY PARKS,CALGARY PARKS,,ACTIVE,[-114.08709887   50.9016349 ]
1372,,SUBNEIGHBOURHOOD PARK,1,TITLED,NO BREAKDOWN,,,STR047,,CALGARY PARKS,CALGARY PARKS,,ACTIVE,[-114.18799262   51.04904906]
1373,,SUBNEIGHBOURHOOD PARK,1,TITLED,NO BREAKDOWN,,,SCE370,,CALGARY PARKS,CALGARY PARKS SHARED,"MAINTAINED AS PER LANDSCAPE MAINTENANCE AGREEMENT, EXPIRES 2042/12/31; SEE PARIS_REPOSITORY\AGREEMENTS\LANDSCAPE_MAINTENANCE_AGREEMENT",ACTIVE,[-114.2214059    51.11069518]
1374,,LINEAR PARK,1,TITLED,NO BREAKDOWN,,,FHI900,,CALGARY PARKS,CALGARY PARKS,,ACTIVE,[-113.98838919   50.98686553]
1375,,DISTRICT PARK,1,TITLED,NO BREAKDOWN,CULTURALLY SIGNIFICANT SITE,,DRG546,,CALGARY PARKS,CALGARY PARKS,,ACTIVE,[-114.01441174   50.92495893]
1376,,SUBNEIGHBOURHOOD PARK,1,TITLED,NO BREAKDOWN,,,SOM655,,CALGARY PARKS,CALGARY PARKS,,ACTIVE,[-114.0812897    50.90159024]
1377,,SUBNEIGHBOURHOOD PARK,1,TITLED,NO BREAKDOWN,,,RCK757,,CALGARY PARKS,CALGARY PARKS,,ACTIVE,[-114.146798     51.04530323]
1378,,NEIGHBOURHOOD PARK,1,TITLED,NO BREAKDOWN,CULTURALLY SIGNIFICANT SITE,,REN783,,CALGARY PARKS,CALGARY PARKS,,ACTIVE,[-114.03107327   51.05701944]
1379,CAPPY SMART ELEM,NEIGHBOURHOOD PARK,1,TITLED,NO BREAKDOWN,,,MPK544,,CALGARY PARKS,CALGARY PARKS,,ACTIVE,[-113.94457549   51.06420955]
1380,,SUBNEIGHBOURHOOD PARK,1,TITLED,NO BREAKDOWN,CULTURALLY SIGNIFICANT SITE,,MPL151,,CALGARY PARKS,CALGARY PARKS,,ACTIVE,[-114.03795844   50.95060083]
1381,,SUBNEIGHBOURHOOD PARK,1,TITLED,NO BREAKDOWN,,,PAL041,,CALGARY PARKS,CALGARY PARKS,,ACTIVE,[-114.11293036   50.96686096]
1382,,SUBNEIGHBOURHOOD PARK,1,TITLED,NO BREAKDOWN,CULTURALLY SIGNIFICANT SITE,,SCE430,,CALGARY PARKS,CALGARY PARKS SHARED,"MAINTAINED AS PER LANDSCAPE MAINTENANCE AGREEMENT, EXPIRES 2042/12/31; SEE PARIS_REPOSITORY\AGREEMENTS\LANDSCAPE_MAINTENANCE_AGREEMENT",ACTIVE,[-114.22616401   51.12737043]
1383,,SUBNEIGHBOURHOOD PARK,1,TITLED,NO BREAKDOWN,CULTURALLY SIGNIFICANT SITE,,SIG730,,CALGARY PARKS,CALGARY PARKS,,ACTIVE,[-114.1778148    51.01740421]
1384,,SUBNEIGHBOURHOOD PARK,1,TITLED,NO BREAKDOWN,,,HAR850,,CALGARY PARKS,CALGARY PARKS,,ACTIVE,[-114.061867     51.14281713]
1385,,COMMUNITY PARK,1,TITLED,NO BREAKDOWN,,,MNI110,,CALGARY PARKS,CALGARY PARKS,,ACTIVE,[-114.04910131   51.00698681]
1386,,SUBNEIGHBOURHOOD PARK,1,TITLED,NO BREAKDOWN,,,WSP004,,CALGARY PARKS,CALGARY PARKS SHARED,,ACTIVE,[-114.20808102   51.06172483]
1387,,SUBNEIGHBOURHOOD PARK,1,TITLED,NO BREAKDOWN,,,PUM028,,CALGARY PARKS,CALGARY PARKS,,ACTIVE,[-114.10217269   50.9622115 ]
1388,MEMORIAL DRIVE PATHWAY; POINT MCKAY,REGIONAL PARK,1,TITLED,NO BREAKDOWN,CULTURALLY SIGNIFICANT SITE,,POI503,,CALGARY PARKS,CALGARY PARKS,,ACTIVE,[-114.14836169   51.06022468]
1389,,LINEAR PARK,1,TITLED,NO BREAKDOWN,,,CNS016,,CALGARY PARKS,CALGARY PARKS,,ACTIVE,[-113.92939854   51.14730381]
1390,,NEIGHBOURHOOD PARK,1,TITLED,NO BREAKDOWN,CULTURALLY SIGNIFICANT SITE,,WSP029,,CALGARY PARKS,CALGARY PARKS,,ACTIVE,[-114.2169154    51.05514451]
1391,,SUBNEIGHBOURHOOD PARK,1,TITLED,NO BREAKDOWN,CULTURALLY SIGNIFICANT SITE,,REN001,,CALGARY PARKS,CALGARY PARKS,,ACTIVE,[-114.02972328   51.05698896]
1392,,NEIGHBOURHOOD PARK,1,TITLED,NO BREAKDOWN,,,MAH051,,CALGARY PARKS,CALGARY PARKS,,ACTIVE,[-113.9316999    50.89530316]
1393,,NEIGHBOURHOOD PARK,1,TITLED,NO BREAKDOWN,CULTURALLY SIGNIFICANT SITE,,PAN008,,CALGARY PARKS,CALGARY PARKS,,ACTIVE,[-114.09996873   51.16725625]
1394,ST JOSEPHINE BAKHITA SCHOOL,NEIGHBOURHOOD PARK,1,TITLED,NO BREAKDOWN,,,EVN007,,CALGARY PARKS SHARED,CALGARY PARKS SHARED,,ACTIVE,[-114.10289966   51.17606908]
1395,,LINEAR PARK,1,TITLED,NO BREAKDOWN,CULTURALLY SIGNIFICANT SITE,,SPH019,,CALGARY PARKS,CALGARY PARKS,,ACTIVE,[-114.18920848   51.0212614 ]
1396,,SUBNEIGHBOURHOOD PARK,1,TITLED,NO BREAKDOWN,CULTURALLY SIGNIFICANT SITE,,RIV861,,CALGARY PARKS,CALGARY PARKS,,ACTIVE,[-114.01439829   50.97433498]
1397,,SUBNEIGHBOURHOOD PARK,1,TITLED,NO BREAKDOWN,CULTURALLY SIGNIFICANT SITE,,QLD517,,CALGARY PARKS,CALGARY PARKS,,ACTIVE,[-114.01610155   50.93829439]
1398,,SUBNEIGHBOURHOOD PARK,1,TITLED,NO BREAKDOWN,,,QLD522,,CALGARY PARKS,CALGARY PARKS,,ACTIVE,[-114.02834022   50.93838047]
1399,,SUBNEIGHBOURHOOD PARK,1,TITLED,NO BREAKDOWN,,,ROC409,,CALGARY PARKS,CALGARY PARKS SHARED,"MAINTAINED AS PER LANDSCAPE MAINTENANCE AGREEMENT, EXPIRES 2042/12/31; SEE PARIS_REPOSITORY\AGREEMENTS\LANDSCAPE_MAINTENANCE_AGREEMENT",ACTIVE,[-114.2493431    51.14631482]
1400,SIR JAMES LOUGHEED ELEM; RUTLAND PARK COMMUNITY ASSOC,COMMUNITY PARK,1,TITLED,NO BREAKDOWN,,,RUT622,,CALGARY PARKS SHARED,CALGARY PARKS SHARED,,ACTIVE,[-114.13551866   51.01980975]
1401,,SUBNEIGHBOURHOOD PARK,1,TITLED,NO BREAKDOWN,,,SAD321,,CALGARY PARKS,CALGARY PARKS,,ACTIVE,[-113.9449945   51.1275651]
1402,,SUBNEIGHBOURHOOD PARK,1,TITLED,NO BREAKDOWN,,,ROC191,,CALGARY PARKS,CALGARY PARKS SHARED,"MAINTAINED AS PER LANDSCAPE MAINTENANCE AGREEMENT, EXPIRES 2042/12/31; SEE PARIS_REPOSITORY\AGREEMENTS\LANDSCAPE_MAINTENANCE_AGREEMENT",ACTIVE,[-114.25212737   51.15284785]
1403,,NEIGHBOURHOOD PARK,1,TITLED,NO BREAKDOWN,CULTURALLY SIGNIFICANT SITE,2021/11/22: AT CCC SEE IF STEWARD = WATER RESOURCES,ALP001,,CALGARY PARKS SHARED,CALGARY PARKS,,ACTIVE,[-114.14127226   50.92022928]
1404,,SUBNEIGHBOURHOOD PARK,1,TITLED,NO BREAKDOWN,,,PIN036,,CALGARY PARKS,CALGARY PARKS,,ACTIVE,[-113.95684193   51.07085315]
1405,,SUBNEIGHBOURHOOD PARK,1,TITLED,NO BREAKDOWN,CULTURALLY SIGNIFICANT SITE,,SGH016,,CALGARY PARKS,CALGARY PARKS SHARED,,ACTIVE,[-114.15603302   51.17844563]
1406,,SUBNEIGHBOURHOOD PARK,1,TITLED,NO BREAKDOWN,,,SOW217,,CALGARY PARKS,CALGARY PARKS,,ACTIVE,[-114.08504681   50.95423602]
1407,,SUBNEIGHBOURHOOD PARK,1,TITLED,NO BREAKDOWN,,,SOW218,,CALGARY PARKS,CALGARY PARKS,,ACTIVE,[-114.08711187   50.95408217]
1408,FFCA SOUTHWOOD ELEM CAMPUS,NEIGHBOURHOOD PARK,1,TITLED,NO BREAKDOWN,,,SOW226,,CALGARY PARKS SHARED,CALGARY PARKS SHARED,,ACTIVE,[-114.0823648    50.95792631]
1409,,SUBNEIGHBOURHOOD PARK,1,TITLED,NO BREAKDOWN,,,SHN601,,CALGARY PARKS,CALGARY PARKS,,ACTIVE,[-114.08468403   50.90425258]
1410,,SUBNEIGHBOURHOOD PARK,1,TITLED,NO BREAKDOWN,,,ROC404,,CALGARY PARKS,CALGARY PARKS SHARED,"MAINTAINED AS PER LANDSCAPE MAINTENANCE AGREEMENT, EXPIRES 2042/12/31; SEE PARIS_REPOSITORY\AGREEMENTS\LANDSCAPE_MAINTENANCE_AGREEMENT",ACTIVE,[-114.24526233   51.14365853]
1411,,SUBNEIGHBOURHOOD PARK,1,TITLED,NO BREAKDOWN,CULTURALLY SIGNIFICANT SITE,,WAL100,,CALGARY PARKS,CALGARY PARKS SHARED,,ACTIVE,[-114.01929142   50.87798239]
1412,,LINEAR PARK,1,TITLED,NO BREAKDOWN,CULTURALLY SIGNIFICANT SITE,,WAL020,,CALGARY PARKS,CALGARY PARKS,,ACTIVE,[-114.02549639   50.86442946]
1413,,SUBNEIGHBOURHOOD PARK,1,TITLED,NO BREAKDOWN,,,ARB012,,CALGARY PARKS,CALGARY PARKS,,ACTIVE,[-114.21403341   51.1298235 ]
1414,,SUBNEIGHBOURHOOD PARK,1,TITLED,NO BREAKDOWN,CULTURALLY SIGNIFICANT SITE,,SIG737,,CALGARY PARKS,CALGARY PARKS,,ACTIVE,[-114.16912615   51.02602703]
1415,,SUBNEIGHBOURHOOD PARK,1,TITLED,NO BREAKDOWN,,,SPH985,,CALGARY PARKS,CALGARY PARKS,,ACTIVE,[-114.19037161   51.03281595]
1416,,NEIGHBOURHOOD PARK,1,TITLED,NO BREAKDOWN,CULTURALLY SIGNIFICANT SITE,,SIG745,,CALGARY PARKS,CALGARY PARKS,,ACTIVE,[-114.18178625   51.01771077]
1417,,SUBNEIGHBOURHOOD PARK,1,TITLED,NO BREAKDOWN,,,TEM048,,CALGARY PARKS,CALGARY PARKS,,ACTIVE,[-113.93815881   51.08348284]
1418,,SUBNEIGHBOURHOOD PARK,1,TITLED,NO BREAKDOWN,,,TEM050,,CALGARY PARKS,CALGARY PARKS,,ACTIVE,[-113.937152     51.08538038]
1419,,SUBNEIGHBOURHOOD PARK,1,TITLED,NO BREAKDOWN,,,TEM057,,CALGARY PARKS,CALGARY PARKS,,ACTIVE,[-113.94761876   51.09405808]
1420,,SUBNEIGHBOURHOOD PARK,1,TITLED,NO BREAKDOWN,,,TEM059,,CALGARY PARKS,CALGARY PARKS,,ACTIVE,[-113.95746767   51.09291954]
1421,,SUBNEIGHBOURHOOD PARK,1,TITLED,NO BREAKDOWN,,,TEM056,,CALGARY PARKS,CALGARY PARKS,,ACTIVE,[-113.93686778   51.09432053]
1422,,DISTRICT PARK,1,TITLED,NO BREAKDOWN,CULTURALLY SIGNIFICANT SITE,,PKL653,,CALGARY PARKS SHARED,CALGARY PARKS SHARED,,ACTIVE,[-114.02693046   50.92413015]
1423,,SUBNEIGHBOURHOOD PARK,1,TITLED,NO BREAKDOWN,,,SCE378,,CALGARY PARKS,CALGARY PARKS SHARED,"MAINTAINED AS PER LANDSCAPE MAINTENANCE AGREEMENT, EXPIRES 2042/12/31; SEE PARIS_REPOSITORY\AGREEMENTS\LANDSCAPE_MAINTENANCE_AGREEMENT",ACTIVE,[-114.21465723   51.1170431 ]
1424,,SUBNEIGHBOURHOOD PARK,1,TITLED,NO BREAKDOWN,,,SCE379,,CALGARY PARKS,CALGARY PARKS SHARED,"MAINTAINED AS PER LANDSCAPE MAINTENANCE AGREEMENT, EXPIRES 2042/12/31; SEE PARIS_REPOSITORY\AGREEMENTS\LANDSCAPE_MAINTENANCE_AGREEMENT",ACTIVE,[-114.21247296   51.11001632]
1425,,SUBNEIGHBOURHOOD PARK,1,TITLED,NO BREAKDOWN,,,SCE392,,CALGARY PARKS,CALGARY PARKS SHARED,"MAINTAINED AS PER LANDSCAPE MAINTENANCE AGREEMENT, EXPIRES 2042/12/31; SEE PARIS_REPOSITORY\AGREEMENTS\LANDSCAPE_MAINTENANCE_AGREEMENT",ACTIVE,[-114.21317696   51.1204323 ]
1426,,SUBNEIGHBOURHOOD PARK,1,TITLED,NO BREAKDOWN,,,SIG757,,CALGARY PARKS,CALGARY PARKS,,ACTIVE,[-114.17019935   51.0360448 ]
1427,,SUBNEIGHBOURHOOD PARK,1,TITLED,NO BREAKDOWN,,,MPK545,,CALGARY PARKS,CALGARY PARKS,,ACTIVE,[-113.93850503   51.06443996]
1428,,LINEAR PARK,1,TITLED,NO BREAKDOWN,,,MPK550,,CALGARY PARKS,CALGARY PARKS SHARED,,ACTIVE,[-113.94701804   51.05382398]
1429,,LINEAR PARK,1,TITLED,NO BREAKDOWN,,,SIL237,,CALGARY PARKS,CALGARY PARKS,,ACTIVE,[-114.20923937   51.10936226]
1430,,LINEAR PARK,1,TITLED,NO BREAKDOWN,,,MPK557,,CALGARY PARKS,CALGARY PARKS,,ACTIVE,[-113.94694064   51.05559513]
1431,,SUBNEIGHBOURHOOD PARK,1,TITLED,NO BREAKDOWN,CULTURALLY SIGNIFICANT SITE,,RIV866,,CALGARY PARKS,CALGARY PARKS,,ACTIVE,[-114.01426018   50.97038732]
1432,,SUBNEIGHBOURHOOD PARK,1,TITLED,NO BREAKDOWN,,,SIG682,,CALGARY PARKS,CALGARY PARKS,,ACTIVE,[-114.17594125   51.03158991]
1433,,SUBNEIGHBOURHOOD PARK,1,TITLED,NO BREAKDOWN,,,SIG692,,CALGARY PARKS SHARED,CALGARY PARKS,,ACTIVE,[-114.17198238   51.02984044]
1434,,DISTRICT PARK,1,TITLED,NO BREAKDOWN,CULTURALLY SIGNIFICANT SITE,,VAL934,,CALGARY PARKS SHARED,CALGARY PARKS SHARED,"MAINTAINED AS PER LANDSCAPE MAINTENANCE AGREEMENT, EXPIRES 2042/12/31; SEE PARIS_REPOSITORY\AGREEMENTS\LANDSCAPE_MAINTENANCE_AGREEMENT",ACTIVE,[-114.24601939   51.09598606]
1435,,DISTRICT PARK,1,TITLED,NO BREAKDOWN,CULTURALLY SIGNIFICANT SITE,SITE SPLIT HID414,HID413,,CALGARY PARKS SHARED,CALGARY PARKS SHARED,,ACTIVE,[-114.10713768   51.14725724]
1436,,DISTRICT PARK,1,TITLED,NO BREAKDOWN,CULTURALLY SIGNIFICANT SITE,,SHW829,,CALGARY PARKS SHARED,CALGARY PARKS SHARED,,ACTIVE,[-114.1440385    51.15945166]
1437,,LINEAR PARK,1,TITLED,NO BREAKDOWN,,SITE SPLIT MPK108: PORTION OF SITE ADDED TO MPK104,MPK108,,CALGARY PARKS,CALGARY PARKS SHARED,,ACTIVE,[-113.9534596    51.05402441]
1438,,SUBNEIGHBOURHOOD PARK,1,TITLED,NO BREAKDOWN,,,PKL538,,CALGARY PARKS,CALGARY PARKS,,ACTIVE,[-114.03273113   50.92328799]
1439,PRINCE OF WALES ELEM SCHOOL,NEIGHBOURHOOD PARK,1,TITLED,NO BREAKDOWN,CULTURALLY SIGNIFICANT SITE,,PKL539,,CALGARY PARKS SHARED,CALGARY PARKS SHARED,,ACTIVE,[-114.03373463   50.92523238]
1440,,SUBNEIGHBOURHOOD PARK,1,TITLED,NO BREAKDOWN,,,RUN247,,CALGARY PARKS,CALGARY PARKS,,ACTIVE,[-113.97459433   51.07073827]
1441,,SUBNEIGHBOURHOOD PARK,1,TITLED,NO BREAKDOWN,,,RUN258,,CALGARY PARKS,CALGARY PARKS,,ACTIVE,[-113.97649198   51.07697079]
1442,PETER LOUGHEED JR HIGH,COMMUNITY PARK,1,TITLED,NO BREAKDOWN,,,SAD326,,CALGARY PARKS SHARED,CALGARY PARKS,,ACTIVE,[-113.95633535   51.13134864]
1443,FATHER WHELIHAN ELEM & JR,NEIGHBOURHOOD PARK,1,TITLED,NO BREAKDOWN,,,SDC399,,CALGARY PARKS SHARED,CALGARY PARKS,,ACTIVE,[-114.04753712   50.90479976]
1444,MIDSUN JR HIGH; FISHCREEK SCHOOL,COMMUNITY PARK,1,TITLED,NO BREAKDOWN,,,SDC436,,CALGARY PARKS SHARED,CALGARY PARKS SHARED,,ACTIVE,[-114.03128687   50.90103368]
1445,,SUBNEIGHBOURHOOD PARK,1,TITLED,NO BREAKDOWN,,,SDC445,,CALGARY PARKS,CALGARY PARKS,,ACTIVE,[-114.02984733   50.89701931]
1446,,SUBNEIGHBOURHOOD PARK,1,TITLED,NO BREAKDOWN,CULTURALLY SIGNIFICANT SITE,,SHS419,,CALGARY PARKS,CALGARY PARKS SHARED,,ACTIVE,[-114.08544981   50.92180398]
1447,,SUBNEIGHBOURHOOD PARK,1,TITLED,NO BREAKDOWN,,,PUM029,,CALGARY PARKS,CALGARY PARKS,,ACTIVE,[-114.10122471   50.9629256 ]
1448,,SUBNEIGHBOURHOOD PARK,1,TITLED,NO BREAKDOWN,CULTURALLY SIGNIFICANT SITE,,SHS441,,CALGARY PARKS,CALGARY PARKS,,ACTIVE,[-114.08911024   50.92200115]
1449,,SUBNEIGHBOURHOOD PARK,1,TITLED,NO BREAKDOWN,CULTURALLY SIGNIFICANT SITE,,SOV766,,CALGARY PARKS,CALGARY PARKS,,ACTIVE,[-113.99174586   51.03542135]
1450,,SUBNEIGHBOURHOOD PARK,1,TITLED,NO BREAKDOWN,,,STR821,,CALGARY PARKS,CALGARY PARKS,,ACTIVE,[-114.17698522   51.05039119]
1451,,LINEAR PARK,1,TITLED,NO BREAKDOWN,,,STR913,,CALGARY PARKS,CALGARY PARKS,,ACTIVE,[-114.19928387   51.0518956 ]
1452,,SUBNEIGHBOURHOOD PARK,1,TITLED,NO BREAKDOWN,CULTURALLY SIGNIFICANT SITE,,PAT824,,CALGARY PARKS,CALGARY PARKS,,ACTIVE,[-114.18071826   51.06181315]
1453,,SUBNEIGHBOURHOOD PARK,1,TITLED,NO BREAKDOWN,CULTURALLY SIGNIFICANT SITE,,PAT825,,CALGARY PARKS,CALGARY PARKS,,ACTIVE,[-114.17834898   51.0610027 ]
1454,,COMMUNITY PARK,1,TITLED,NO BREAKDOWN,CULTURALLY SIGNIFICANT SITE,,PAT924,,CALGARY PARKS,CALGARY PARKS SHARED,"MAINTAINED AS PER LANDSCAPE MAINTENANCE AGREEMENT, EXPIRES 2042/12/31",ACTIVE,[-114.18318841   51.06645353]
1455,,SUBNEIGHBOURHOOD PARK,1,TITLED,NO BREAKDOWN,CULTURALLY SIGNIFICANT SITE,,SCE485,,CALGARY PARKS,CALGARY PARKS SHARED,"MAINTAINED AS PER LANDSCAPE MAINTENANCE AGREEMENT, EXPIRES 2042/12/31; SEE PARIS_REPOSITORY\AGREEMENTS\LANDSCAPE_MAINTENANCE_AGREEMENT",ACTIVE,[-114.21233341   51.11072492]
1456,,NEIGHBOURHOOD PARK,1,TITLED,NO BREAKDOWN,CULTURALLY SIGNIFICANT SITE,,SIG723,,CALGARY PARKS SHARED,CALGARY PARKS,,ACTIVE,[-114.17784803   51.02706387]
1457,,SUBNEIGHBOURHOOD PARK,1,TITLED,NO BREAKDOWN,,,SAN831,,CALGARY PARKS,CALGARY PARKS,,ACTIVE,[-114.08456821   51.13857144]
1458,,SUBNEIGHBOURHOOD PARK,1,TITLED,NO BREAKDOWN,,,RIV877,,CALGARY PARKS,CALGARY PARKS,,ACTIVE,[-114.00244803   50.97464378]
1459,,SUBNEIGHBOURHOOD PARK,1,TITLED,NO BREAKDOWN,,,RIV886,,CALGARY PARKS,CALGARY PARKS,,ACTIVE,[-114.0051961    50.97780597]
1460,DR. FREDA MILLER SCHOOL,COMMUNITY PARK,1,TITLED,NO BREAKDOWN,CULTURALLY SIGNIFICANT SITE,SITE SPLIT EVE963: NEW SITE EVE968,EVE968,,CALGARY PARKS SHARED,CALGARY PARKS SHARED,,ACTIVE,[-114.11743161   50.91961613]
1461,,SUBNEIGHBOURHOOD PARK,1,TITLED,NO BREAKDOWN,,,MRT297,,CALGARY PARKS,CALGARY PARKS,,ACTIVE,[-113.96176063   51.11212896]
1462,,SUBNEIGHBOURHOOD PARK,1,TITLED,NO BREAKDOWN,,,MRT302,,CALGARY PARKS,CALGARY PARKS,,ACTIVE,[-113.94994093   51.11260965]
1463,,SUBNEIGHBOURHOOD PARK,1,TITLED,NO BREAKDOWN,,,MRT305,,CALGARY PARKS,CALGARY PARKS,,ACTIVE,[-113.96444422   51.11460372]
1464,,SUBNEIGHBOURHOOD PARK,1,TITLED,NO BREAKDOWN,,,MRT306,,CALGARY PARKS,CALGARY PARKS,,ACTIVE,[-113.9649707    51.11309218]
1465,,SUBNEIGHBOURHOOD PARK,1,TITLED,NO BREAKDOWN,,,RAN026,,CALGARY PARKS,CALGARY PARKS,,ACTIVE,[-114.19571055   51.12073598]
1466,,SUBNEIGHBOURHOOD PARK,1,TITLED,NO BREAKDOWN,,,RAN029,,CALGARY PARKS,CALGARY PARKS,,ACTIVE,[-114.19089499   51.1175351 ]
1467,,LINEAR PARK,1,TITLED,NO BREAKDOWN,,,MRT309,,CALGARY PARKS,CALGARY PARKS,2020/05/04:  AS PER C STOTSCHEK AGREEMENT FOR MAINTENANCE BY ADJACENT HOMEOWNER ABOLISHED,ACTIVE,[-113.96282915   51.11514323]
1468,,SUBNEIGHBOURHOOD PARK,1,TITLED,NO BREAKDOWN,,,RAN034,,CALGARY PARKS,CALGARY PARKS,,ACTIVE,[-114.18472294   51.11578025]
1469,,LINEAR PARK,1,TITLED,NO BREAKDOWN,,,MRT315,,CALGARY PARKS,CALGARY PARKS,,ACTIVE,[-113.96186271   51.1151296 ]
1470,,SUBNEIGHBOURHOOD PARK,1,TITLED,NO BREAKDOWN,,,RAN020,,CALGARY PARKS,CALGARY PARKS,,ACTIVE,[-114.19273095   51.12581067]
1471,,SUBNEIGHBOURHOOD PARK,1,TITLED,NO BREAKDOWN,,,SDC612,,CALGARY PARKS,CALGARY PARKS,,ACTIVE,[-114.04138666   50.89718477]
1472,,SUBNEIGHBOURHOOD PARK,1,TITLED,NO BREAKDOWN,,,SDC618,,CALGARY PARKS,CALGARY PARKS,,ACTIVE,[-114.04785741   50.8976052 ]
1473,,NEIGHBOURHOOD PARK,1,TITLED,NO BREAKDOWN,,,AUB011,,CALGARY PARKS,CALGARY PARKS SHARED,,ACTIVE,[-113.95005405   50.8999085 ]
1474,,SUBNEIGHBOURHOOD PARK,1,TITLED,NO BREAKDOWN,CULTURALLY SIGNIFICANT SITE,,ROY308,,CALGARY PARKS,CALGARY PARKS,,ACTIVE,[-114.23048353   51.1524965 ]
1475,ROYAL OAK SCHOOL; WILLIAM D PRATT SCHOOL; ROCKY RIDGE ROYAL OAK COMMUNITY ASSOC,COMMUNITY PARK,1,TITLED,NO BREAKDOWN,CULTURALLY SIGNIFICANT SITE,,ROY370,,CALGARY PARKS SHARED,CALGARY PARKS SHARED,,ACTIVE,[-114.22241459   51.14848459]
1476,,SUBNEIGHBOURHOOD PARK,1,TITLED,NO BREAKDOWN,,,ROY376,,CALGARY PARKS,CALGARY PARKS,,ACTIVE,[-114.21965377   51.14347936]
1477,,SUBNEIGHBOURHOOD PARK,1,TITLED,NO BREAKDOWN,,,ROY309,,CALGARY PARKS,CALGARY PARKS,,ACTIVE,[-114.21427159   51.14686001]
1478,ST ISABELLA ELEMENTARY JUNIOR HIGH SCHOOL,NEIGHBOURHOOD PARK,1,TITLED,NO BREAKDOWN,,,CPF846,,CALGARY PARKS,CALGARY PARKS SHARED,,ACTIVE,[-113.93532984   50.91012335]
1479,,SUBNEIGHBOURHOOD PARK,1,TITLED,NO BREAKDOWN,,,CHA837,,CALGARY PARKS,CALGARY PARKS,,ACTIVE,[-114.02538194   50.87803851]
1480,,SUBNEIGHBOURHOOD PARK,1,TITLED,NO BREAKDOWN,,,SAD339,,CALGARY PARKS,CALGARY PARKS,,ACTIVE,[-113.94976559   51.1311323 ]
1481,,SUBNEIGHBOURHOOD PARK,1,TITLED,NO BREAKDOWN,CULTURALLY SIGNIFICANT SITE,,RIV956,,CALGARY PARKS,CALGARY PARKS,,ACTIVE,[-114.01939254   50.96890395]
1482,,SUBNEIGHBOURHOOD PARK,1,TITLED,NO BREAKDOWN,CULTURALLY SIGNIFICANT SITE,,SIG729,,CALGARY PARKS,CALGARY PARKS,,ACTIVE,[-114.1807545    51.01851406]
1483,,NEIGHBOURHOOD PARK,1,TITLED,NO BREAKDOWN,CULTURALLY SIGNIFICANT SITE,,SIG735,,CALGARY PARKS SHARED,CALGARY PARKS,"IMPORTANT: THIS SITE HAS AN UNDERGOUND WATER RESERVOIR, NO TRUCKS AND ONLY LIGHT MOWERS ARE ALLOWED ON THIS SITE. NO PESTICIDE OR HERBICIDE APPLICATION ALLOWED",ACTIVE,[-114.17238392   51.02822323]
1484,,SUBNEIGHBOURHOOD PARK,1,TITLED,NO BREAKDOWN,,,SIG716,,CALGARY PARKS,CALGARY PARKS,,ACTIVE,[-114.16869209   51.02807138]
1485,,SUBNEIGHBOURHOOD PARK,1,TITLED,NO BREAKDOWN,,,RMT806,,CALGARY PARKS,CALGARY PARKS,,ACTIVE,[-114.08869994   51.07893582]
1486,,SUBNEIGHBOURHOOD PARK,1,TITLED,NO BREAKDOWN,CULTURALLY SIGNIFICANT SITE,,SIG721,,CALGARY PARKS,CALGARY PARKS,,ACTIVE,[-114.17179744   51.02602852]
1487,,SUBNEIGHBOURHOOD PARK,1,TITLED,NO BREAKDOWN,,,MOR389,,CALGARY PARKS,CALGARY PARKS,,ACTIVE,[-113.93363484   51.09402687]
1488,,NON-PARK,1,TITLED,NO BREAKDOWN,,,STA191,,CALGARY PARKS,CALGARY PARKS,,ACTIVE,[-114.12769352   51.06804931]
1489,,SUBNEIGHBOURHOOD PARK,1,TITLED,NO BREAKDOWN,,,SIL253,,CALGARY PARKS,CALGARY PARKS,,ACTIVE,[-114.20284201   51.11705708]
1490,,SUBNEIGHBOURHOOD PARK,1,TITLED,NO BREAKDOWN,,,SIL258,,CALGARY PARKS,CALGARY PARKS,,ACTIVE,[-114.18494558   51.10905607]
1491,,NON-PARK,1,TITLED,NO BREAKDOWN,,,NHV812,,CALGARY PARKS,CALGARY PARKS,,ACTIVE,[-114.09211025   51.09023086]
1492,,DISTRICT PARK,1,TITLED,NO BREAKDOWN,CULTURALLY SIGNIFICANT SITE,,DIA525,,CALGARY PARKS SHARED,CALGARY PARKS,,ACTIVE,[-114.01979822   50.94760644]
1493,ASCENSION OF OUR LORD ELEM & JR HIGH,DISTRICT PARK,1,TITLED,NO BREAKDOWN,CULTURALLY SIGNIFICANT SITE,,HAR639,,CALGARY PARKS SHARED,CALGARY PARKS,,ACTIVE,[-114.05466112   51.14916886]
1494,,COMMUNITY PARK,1,TITLED,NO BREAKDOWN,,2019/06/27: AT CCC CHANGE STEWARD TO INCLUDE SCHOOL 2023/01/04: SITE WAS SET TO INSTALLED TO NOT CREATE ERROR WHEN ADDING BVAP,SET018,,CALGARY PARKS,CALGARY PARKS SHARED,,ACTIVE,[-113.95065175   50.87031435]
1495,CENTENNIAL HIGH SCHOOL,COMMUNITY PARK,1,TITLED,NO BREAKDOWN,,,SDC396,,CALGARY PARKS SHARED,CALGARY PARKS,,ACTIVE,[-114.0533442   50.9053533]
1496,SUNDANCE ELEM,NEIGHBOURHOOD PARK,1,TITLED,NO BREAKDOWN,,,SDC398,,CALGARY PARKS SHARED,CALGARY PARKS,,ACTIVE,[-114.04584259   50.89991258]
1497,,SUBNEIGHBOURHOOD PARK,1,TITLED,NO BREAKDOWN,,2018/02/13: AS PER J MERRIMAN: RE&DS HAS NO LEASES OR ENCROACHMENT AGREEMENTS ON FILE FOR 48 SUNVISTA CL SE,SDC620,,CALGARY PARKS,CALGARY PARKS SHARED,,ACTIVE,[-114.03289217   50.89594136]
1498,,LINEAR PARK,1,TITLED,NO BREAKDOWN,,,SKR016,,CALGARY PARKS,CALGARY PARKS SHARED,"TO BE MAINTAINED AS PER LANDSCAPE MAINTENANCE AGREEMENT, EXPIRES 2042/12/31; SEE PARIS_REPOSITORY\AGREEMENTS\LANDSCAPE_MAINTENANCE_AGREEMENT",ACTIVE,[-113.95439511   51.15558858]
1499,,LINEAR PARK,1,TITLED,NO BREAKDOWN,,,SDC625,,CALGARY PARKS,CALGARY PARKS,,ACTIVE,[-114.04750977   50.89590301]
1500,,SUBNEIGHBOURHOOD PARK,1,TITLED,NO BREAKDOWN,,,SDC434,,CALGARY PARKS,CALGARY PARKS,,ACTIVE,[-114.05136562   50.89758618]
1501,,SUBNEIGHBOURHOOD PARK,1,TITLED,NO BREAKDOWN,CULTURALLY SIGNIFICANT SITE,,SDC437,,CALGARY PARKS,CALGARY PARKS,,ACTIVE,[-114.03221336   50.90326933]
1502,,NEIGHBOURHOOD PARK,1,TITLED,NO BREAKDOWN,CULTURALLY SIGNIFICANT SITE,,SIG720,,CALGARY PARKS SHARED,CALGARY PARKS,,ACTIVE,[-114.16886252   51.03120377]
1503,FRANCOPHONE ECOLE DU NOUVEAU MONDE ELEM; SCENIC ACRES RAVINE,COMMUNITY PARK,1,TITLED,NO BREAKDOWN,CULTURALLY SIGNIFICANT SITE,,SCE275,,CALGARY PARKS SHARED,CALGARY PARKS SHARED,"MAINTAINED AS PER LANDSCAPE MAINTENANCE AGREEMENT, EXPIRES 2042/12/31; SEE PARIS_REPOSITORY\AGREEMENTS\LANDSCAPE_MAINTENANCE_AGREEMENT",ACTIVE,[-114.21475376   51.11358965]
1504,DR GORDON HIGGINS JR HIGH; ST RUPERT ELEM,COMMUNITY PARK,1,TITLED,NO BREAKDOWN,,SITE SPLIT RUN248,RUN248,,CALGARY PARKS SHARED,CALGARY PARKS SHARED,,ACTIVE,[-113.97176808   51.07578599]
1505,HUGH A BENNETT SCHOOL,COMMUNITY PARK,1,TITLED,NO BREAKDOWN,,SITE SPLIT SAD379,SAD379,,CALGARY PARKS SHARED,CALGARY PARKS SHARED,,ACTIVE,[-113.92887572   51.13206603]
1506,VILLAGE SQUARE LEISURE CENTRE,NEIGHBOURHOOD PARK,1,TITLED,NO BREAKDOWN,,,PIN088,,CALGARY PARKS SHARED,CALGARY PARKS SHARED,,ACTIVE,[-113.95405397   51.07630025]
1507,,LINEAR PARK,1,TITLED,NO BREAKDOWN,,,PIN936,,CALGARY PARKS,CALGARY PARKS,,ACTIVE,[-113.95705806   51.07018746]
1508,,DISTRICT PARK,1,TITLED,NO BREAKDOWN,CULTURALLY SIGNIFICANT SITE,,HSN012,,CALGARY PARKS,CALGARY PARKS,,ACTIVE,[-114.26639687   51.10466695]
1509,,SUBNEIGHBOURHOOD PARK,1,TITLED,NO BREAKDOWN,CULTURALLY SIGNIFICANT SITE,,TUS647,,CALGARY PARKS,CALGARY PARKS SHARED,"MAINTAINED AS PER LANDSCAPE MAINTENANCE AGREEMENT, EXPIRES 2042/12/31; SEE PARIS_REPOSITORY\AGREEMENTS\LANDSCAPE_MAINTENANCE_AGREEMENT",ACTIVE,[-114.23752035   51.11464495]
1510,,SUBNEIGHBOURHOOD PARK,1,TITLED,NO BREAKDOWN,,,SDC981,,CALGARY PARKS,CALGARY PARKS,,ACTIVE,[-114.04943582   50.89470716]
1511,ST PHILIP ELEM,NEIGHBOURHOOD PARK,1,TITLED,NO BREAKDOWN,CULTURALLY SIGNIFICANT SITE,,PKL336,,CALGARY PARKS SHARED,CALGARY PARKS SHARED,,ACTIVE,[-114.03771635   50.92863035]
1512,,SUBNEIGHBOURHOOD PARK,1,TITLED,NO BREAKDOWN,,,DOV815,,CALGARY PARKS,CALGARY PARKS,,ACTIVE,[-113.99880828   51.01891971]
1513,,SUBNEIGHBOURHOOD PARK,1,TITLED,NO BREAKDOWN,,,RIV843,,CALGARY PARKS,CALGARY PARKS,,ACTIVE,[-114.01740036   50.97836293]
1514,,COMMUNITY PARK,1,TITLED,NO BREAKDOWN,CULTURALLY SIGNIFICANT SITE,,RIV844,,CALGARY PARKS SHARED,CALGARY PARKS,,ACTIVE,[-114.0230165    50.97767028]
1515,SADDLE RIDGE SCHOOL,COMMUNITY PARK,1,TITLED,NO BREAKDOWN,,SITE SPLIT SAD370,SAD370,,CALGARY PARKS SHARED,CALGARY PARKS,SEE R:\GROUNDS\MISC\SAD370,ACTIVE,[-113.93645369   51.1367983 ]
1516,,SUBNEIGHBOURHOOD PARK,1,TITLED,NO BREAKDOWN,,,RAN027,,CALGARY PARKS,CALGARY PARKS,,ACTIVE,[-114.19909196   51.12121581]
1517,,SUBNEIGHBOURHOOD PARK,1,TITLED,NO BREAKDOWN,,,RAN030,,CALGARY PARKS,CALGARY PARKS,,ACTIVE,[-114.186073     51.11971495]
1518,,SUBNEIGHBOURHOOD PARK,1,TITLED,NO BREAKDOWN,,,RAN035,,CALGARY PARKS,CALGARY PARKS,,ACTIVE,[-114.17986757   51.11357168]
1519,,SUBNEIGHBOURHOOD PARK,1,TITLED,NO BREAKDOWN,,,RUN260,,CALGARY PARKS,CALGARY PARKS,,ACTIVE,[-113.97728133   51.07361159]
1520,,SUBNEIGHBOURHOOD PARK,1,TITLED,NO BREAKDOWN,,,RUN261,,CALGARY PARKS,CALGARY PARKS,,ACTIVE,[-113.97956784   51.06970191]
1521,,SUBNEIGHBOURHOOD PARK,1,TITLED,NO BREAKDOWN,,,RUN262,,CALGARY PARKS,CALGARY PARKS,,ACTIVE,[-113.97701758   51.06822072]
1522,,SUBNEIGHBOURHOOD PARK,1,TITLED,NO BREAKDOWN,,,RUN263,,CALGARY PARKS,CALGARY PARKS,,ACTIVE,[-113.97551756   51.070554  ]
1523,,SUBNEIGHBOURHOOD PARK,1,TITLED,NO BREAKDOWN,,,RUN264,,CALGARY PARKS,CALGARY PARKS,,ACTIVE,[-113.9728608    51.06830077]
1524,,SUBNEIGHBOURHOOD PARK,1,TITLED,NO BREAKDOWN,,,RUN267,,CALGARY PARKS,CALGARY PARKS,,ACTIVE,[-113.96491768   51.07245546]
1525,,SUBNEIGHBOURHOOD PARK,1,TITLED,NO BREAKDOWN,,,RUN268,,CALGARY PARKS,CALGARY PARKS,,ACTIVE,[-113.96901617   51.07257794]
1526,,SUBNEIGHBOURHOOD PARK,1,TITLED,NO BREAKDOWN,,,LKB566,,CALGARY PARKS,CALGARY PARKS,,ACTIVE,[-114.04028096   50.94738785]
1527,,SUBNEIGHBOURHOOD PARK,1,TITLED,NO BREAKDOWN,CULTURALLY SIGNIFICANT SITE,,SHS426,,CALGARY PARKS SHARED,CALGARY PARKS,,ACTIVE,[-114.07887933   50.92647811]
1528,BEARSPAW NATURAL AREA,DISTRICT PARK,1,TITLED,NO BREAKDOWN,CULTURALLY SIGNIFICANT SITE,,01H001,,CALGARY PARKS,CALGARY PARKS,,ACTIVE,[-114.31123956   51.12551227]
1529,,DISTRICT PARK,1,TITLED,NO BREAKDOWN,CULTURALLY SIGNIFICANT SITE,,BLM005,,CALGARY PARKS,CALGARY PARKS,,ACTIVE,[-114.06110782   50.86423912]
1530,,SUBNEIGHBOURHOOD PARK,1,TITLED,NO BREAKDOWN,CULTURALLY SIGNIFICANT SITE,,SDC446,,CALGARY PARKS,CALGARY PARKS,,ACTIVE,[-114.03519114   50.90770765]
1531,,SUBNEIGHBOURHOOD PARK,1,TITLED,NO BREAKDOWN,,,THO705,,CALGARY PARKS,CALGARY PARKS,,ACTIVE,[-114.05801976   51.10282379]
1532,,SUBNEIGHBOURHOOD PARK,1,TITLED,NO BREAKDOWN,CULTURALLY SIGNIFICANT SITE,,THO710,,CALGARY PARKS,CALGARY PARKS,,ACTIVE,[-114.05521392   51.10626384]
1533,SIMONS VALLEY ELEM; MONSIGNOR NEVIILLE ANDERSON ELEM; SANDSTONE MACEWAN COMMUNITY ASSOC,COMMUNITY PARK,1,TITLED,NO BREAKDOWN,CULTURALLY SIGNIFICANT SITE,,SAN123,,CALGARY PARKS SHARED,CALGARY PARKS SHARED,,ACTIVE,[-114.10642371   51.13923759]
1534,ST BASIL SCHOOL,COMMUNITY PARK,1,TITLED,NO BREAKDOWN,CULTURALLY SIGNIFICANT SITE,SITE SPLIT TUS602,TUS602,,CALGARY PARKS SHARED,CALGARY PARKS SHARED,"MAINTAINED AS PER LANDSCAPE MAINTENANCE AGREEMENT, EXPIRES 2042/12/31; SEE PARIS_REPOSITORY\AGREEMENTS\LANDSCAPE_MAINTENANCE_AGREEMENT",ACTIVE,[-114.24762429   51.11917985]
1535,,SUBNEIGHBOURHOOD PARK,1,TITLED,NO BREAKDOWN,,,TUS604,,CALGARY PARKS,CALGARY PARKS SHARED,"MAINTAINED AS PER LANDSCAPE MAINTENANCE AGREEMENT, EXPIRES 2042/12/31; SEE PARIS_REPOSITORY\AGREEMENTS\LANDSCAPE_MAINTENANCE_AGREEMENT",ACTIVE,[-114.2494957    51.11833157]
1536,,SUBNEIGHBOURHOOD PARK,1,TITLED,NO BREAKDOWN,CULTURALLY SIGNIFICANT SITE,,SDC433,,CALGARY PARKS,CALGARY PARKS,,ACTIVE,[-114.03047764   50.90539219]
1537,,SUBNEIGHBOURHOOD PARK,1,TITLED,NO BREAKDOWN,,,SDC438,,CALGARY PARKS,CALGARY PARKS,,ACTIVE,[-114.02692247   50.89829795]
1538,,SUBNEIGHBOURHOOD PARK,1,TITLED,NO BREAKDOWN,,,RUN272,,CALGARY PARKS,CALGARY PARKS,,ACTIVE,[-113.96723578   51.07909865]
1539,,SUBNEIGHBOURHOOD PARK,1,TITLED,NO BREAKDOWN,,,ROC669,,CALGARY PARKS,CALGARY PARKS SHARED,"MAINTAINED AS PER LANDSCAPE MAINTENANCE AGREEMENT, EXPIRES 2042/12/31; SEE PARIS_REPOSITORY\AGREEMENTS\LANDSCAPE_MAINTENANCE_AGREEMENT",ACTIVE,[-114.23809389   51.1441061 ]
1540,GRIFFITH WOODS SCHOOL,NEIGHBOURHOOD PARK,1,TITLED,NO BREAKDOWN,,,SPH987,,CALGARY PARKS SHARED,CALGARY PARKS,,ACTIVE,[-114.19572339   51.03161604]
1541,,SUBNEIGHBOURHOOD PARK,1,TITLED,NO BREAKDOWN,,,THO700,,CALGARY PARKS,CALGARY PARKS,,ACTIVE,[-114.08075219   51.10826243]
1542,,SUBNEIGHBOURHOOD PARK,1,TITLED,NO BREAKDOWN,,,THO704,,CALGARY PARKS,CALGARY PARKS,,ACTIVE,[-114.05808591   51.10142079]
1543,,SUBNEIGHBOURHOOD PARK,1,TITLED,NO BREAKDOWN,CULTURALLY SIGNIFICANT SITE,,SDC371,,CALGARY PARKS,CALGARY PARKS,,ACTIVE,[-114.03861628   50.90493601]
1544,,SUBNEIGHBOURHOOD PARK,1,TITLED,NO BREAKDOWN,CULTURALLY SIGNIFICANT SITE,,SDC393,,CALGARY PARKS,CALGARY PARKS,,ACTIVE,[-114.03967689   50.90838971]
1545,,NEIGHBOURHOOD PARK,1,TITLED,NO BREAKDOWN,,,RED576,,CALGARY PARKS,CALGARY PARKS,,ACTIVE,[-113.9384815    51.04128126]
1546,,SUBNEIGHBOURHOOD PARK,1,TITLED,NO BREAKDOWN,,,SDC440,,CALGARY PARKS,CALGARY PARKS,,ACTIVE,[-114.02841507   50.90226673]
1547,,NON-PARK,1,TITLED,NO BREAKDOWN,,2018/02/13: AS PER J MERRIMAN: RE&DS HAS NO LEASES OR ENCROACHMENT AGREEMENTS,SDC604,,CALGARY PARKS,OUTSIDE AGENCY,2018/02/13: AS PER J MERRIMAN: MAINTAINED BY RESIDENT OF 105 SUNHARBOUR WY SE;  NO LEASE OR ENCROACHMENT AGREEMENT ON FILE,ACTIVE,[-114.0284369   50.8959591]
1548,,SUBNEIGHBOURHOOD PARK,1,TITLED,NO BREAKDOWN,,,SDC605,,CALGARY PARKS,CALGARY PARKS,,ACTIVE,[-114.0367957    50.89725267]
1549,,SUBNEIGHBOURHOOD PARK,1,TITLED,NO BREAKDOWN,,,SDC397,,CALGARY PARKS,CALGARY PARKS,,ACTIVE,[-114.0519098    50.90208263]
1550,SUNNYSIDE COMMUNITY GARDEN,SUBNEIGHBOURHOOD PARK,1,TITLED,NO BREAKDOWN,,,SSD112,,CALGARY PARKS,CALGARY PARKS SHARED,,ACTIVE,[-114.0719911    51.06053022]
1551,,SUBNEIGHBOURHOOD PARK,1,TITLED,NO BREAKDOWN,,,TEM053,,CALGARY PARKS,CALGARY PARKS,,ACTIVE,[-113.93654764   51.08997554]
1552,,SUBNEIGHBOURHOOD PARK,1,TITLED,NO BREAKDOWN,,,RUN269,,CALGARY PARKS,CALGARY PARKS,,ACTIVE,[-113.97020124   51.07256635]
1553,,SUBNEIGHBOURHOOD PARK,1,TITLED,NO BREAKDOWN,,,RUN270,,CALGARY PARKS,CALGARY PARKS,,ACTIVE,[-113.95979195   51.07418422]
1554,,SUBNEIGHBOURHOOD PARK,1,TITLED,NO BREAKDOWN,,,SKR401,,CALGARY PARKS,CALGARY PARKS SHARED,"MAINTAINED AS PER LANDSCAPE MAINTENANCE AGREEMENT, EXPIRES 2042/12/31; SEE PARIS_REPOSITORY\AGREEMENTS\LANDSCAPE_MAINTENANCE_AGREEMENT",ACTIVE,[-113.96739664   51.1595761 ]
1555,,SUBNEIGHBOURHOOD PARK,1,TITLED,NO BREAKDOWN,,,RUN271,,CALGARY PARKS,CALGARY PARKS,,ACTIVE,[-113.96857086   51.07593234]
1556,,SUBNEIGHBOURHOOD PARK,1,TITLED,NO BREAKDOWN,,,SPR773,,CALGARY PARKS,CALGARY PARKS,,ACTIVE,[-114.1427717    51.05168774]
1557,GUY WEADICK ELEM SCHOOL,NEIGHBOURHOOD PARK,1,TITLED,NO BREAKDOWN,,,TEM061,,CALGARY PARKS,CALGARY PARKS,,ACTIVE,[-113.95273743   51.08733149]
1558,,SUBNEIGHBOURHOOD PARK,1,TITLED,NO BREAKDOWN,,,SDC606,,CALGARY PARKS,CALGARY PARKS,,ACTIVE,[-114.03894209   50.89931566]
1559,,DISTRICT PARK,1,TITLED,NO BREAKDOWN,,,MCT831,,CALGARY PARKS,CALGARY PARKS SHARED,"MAINTAINED AS PER LANDSCAPE MAINTENANCE AGREEMENT, EXPIRES 2042/12/31; SEE PARIS_REPOSITORY\AGREEMENTS\LANDSCAPE_MAINTENANCE_AGREEMENT",ACTIVE,[-113.96405058   50.91069246]
1560,,DISTRICT PARK,1,TITLED,NO BREAKDOWN,CULTURALLY SIGNIFICANT SITE,,KCA835,,CALGARY PARKS,CALGARY PARKS SHARED,"MAINTAINED AS PER LANDSCAPE MAINTENANCE AGREEMENT, EXPIRES 2042/12/31; SEE PARIS_REPOSITORY\AGREEMENTS\LANDSCAPE_MAINTENANCE_AGREEMENT",ACTIVE,[-114.13364384   51.15819786]
1561,NOTRE DAME SR HIGH; VIVO RECREATION CENTRE,DISTRICT PARK,1,TITLED,NO BREAKDOWN,CULTURALLY SIGNIFICANT SITE,,CHV960,,CALGARY PARKS SHARED,CALGARY PARKS SHARED,"PARKS DEPOT ON SITE; OTHER AREAS MAINTAINED AS PER LANDSCAPE MAINTENANCE AGREEMENT, EXPIRES 2042/12/31; SEE PARIS_REPOSITORY\AGREEMENTS\LANDSCAPE_MAINTENANCE_AGREEMENT",ACTIVE,[-114.05832418   51.15798615]
1562,,LINEAR PARK,1,TITLED,NO BREAKDOWN,,,SHN649,,CALGARY PARKS,CALGARY PARKS,,ACTIVE,[-114.0951054   50.9068348]
1563,,SUBNEIGHBOURHOOD PARK,1,TITLED,NO BREAKDOWN,,,SCE375,,CALGARY PARKS,CALGARY PARKS SHARED,"MAINTAINED AS PER LANDSCAPE MAINTENANCE AGREEMENT, EXPIRES 2042/12/31; SEE PARIS_REPOSITORY\AGREEMENTS\LANDSCAPE_MAINTENANCE_AGREEMENT",ACTIVE,[-114.21402681   51.11843241]
1564,,SUBNEIGHBOURHOOD PARK,1,TITLED,NO BREAKDOWN,,,SHN626,,CALGARY PARKS,CALGARY PARKS,,ACTIVE,[-114.09556326   50.906478  ]
1565,,SUBNEIGHBOURHOOD PARK,1,TITLED,NO BREAKDOWN,,,SHN627,,CALGARY PARKS,CALGARY PARKS,,ACTIVE,[-114.09303346   50.90692553]
1566,,SUBNEIGHBOURHOOD PARK,1,TITLED,NO BREAKDOWN,,,TEM038,,CALGARY PARKS,CALGARY PARKS,,ACTIVE,[-113.95777886   51.083079  ]
1567,,SUBNEIGHBOURHOOD PARK,1,TITLED,NO BREAKDOWN,,,TEM039,,CALGARY PARKS,CALGARY PARKS,,ACTIVE,[-113.95614459   51.08418309]
1568,,SUBNEIGHBOURHOOD PARK,1,TITLED,NO BREAKDOWN,,,TEM040,,CALGARY PARKS,CALGARY PARKS,,ACTIVE,[-113.95459908   51.08264401]
1569,,SUBNEIGHBOURHOOD PARK,1,TITLED,NO BREAKDOWN,,,TEM041,,CALGARY PARKS,CALGARY PARKS,,ACTIVE,[-113.95152803   51.08332779]
1570,PRINCE OF PEACE ELEM & JR HIGH,COMMUNITY PARK,1,TITLED,NO BREAKDOWN,,SITE SPLIT AUB009,AUB009,,CALGARY PARKS SHARED,CALGARY PARKS SHARED,,ACTIVE,[-113.95140058   50.89347091]
1571,,SUBNEIGHBOURHOOD PARK,1,TITLED,NO BREAKDOWN,CULTURALLY SIGNIFICANT SITE,,CGR226,,CALGARY PARKS,CALGARY PARKS SHARED,,ACTIVE,[-114.19436908   51.06892447]
1572,,NEIGHBOURHOOD PARK,1,TITLED,NO BREAKDOWN,CULTURALLY SIGNIFICANT SITE,SITE SPLIT DIA514,DIA514,,CALGARY PARKS,CALGARY PARKS,,ACTIVE,[-114.0230235    50.94522899]
1573,,SUBNEIGHBOURHOOD PARK,1,TITLED,NO BREAKDOWN,,,SIL262,,CALGARY PARKS,CALGARY PARKS,,ACTIVE,[-114.19521486   51.10780454]
1574,,NEIGHBOURHOOD PARK,1,TITLED,NO BREAKDOWN,,,SIL269,,CALGARY PARKS SHARED,CALGARY PARKS,,ACTIVE,[-114.20426046   51.11161255]
1575,,LINEAR PARK,1,TITLED,NO BREAKDOWN,,,BLM013,,CALGARY PARKS,CALGARY PARKS,,ACTIVE,[-114.0682635    50.87135607]
1576,,SUBNEIGHBOURHOOD PARK,1,TITLED,NO BREAKDOWN,CULTURALLY SIGNIFICANT SITE,,DDG046,,CALGARY PARKS,CALGARY PARKS SHARED,"MAINTAINED AS PER LANDSCAPE MAINTENANCE AGREEMENT, EXPIRES 2042/12/31; SEE PARIS_REPOSITORY\AGREEMENTS\LANDSCAPE_MAINTENANCE_AGREEMENT",ACTIVE,[-114.0182604    50.96121444]
1577,,SUBNEIGHBOURHOOD PARK,1,TITLED,NO BREAKDOWN,,,TEM044,,CALGARY PARKS,CALGARY PARKS,,ACTIVE,[-113.94576733   51.08172157]
1578,,SUBNEIGHBOURHOOD PARK,1,TITLED,NO BREAKDOWN,,,TEM042,,CALGARY PARKS,CALGARY PARKS,,ACTIVE,[-113.94971317   51.08238465]
1579,,LINEAR PARK,1,TITLED,NO BREAKDOWN,,,SKR017,,CALGARY PARKS,CALGARY PARKS SHARED,"TO BE MAINTAINED AS PER LANDSCAPE MAINTENANCE AGREEMENT, EXPIRES 2042/12/31; SEE PARIS_REPOSITORY\AGREEMENTS\LANDSCAPE_MAINTENANCE_AGREEMENT",ACTIVE,[-113.95434778   51.15477406]
1580,,SUBNEIGHBOURHOOD PARK,1,TITLED,NO BREAKDOWN,,,TEM045,,CALGARY PARKS,CALGARY PARKS,,ACTIVE,[-113.94303819   51.08298623]
1581,,SUBNEIGHBOURHOOD PARK,1,TITLED,NO BREAKDOWN,,,TEM043,,CALGARY PARKS,CALGARY PARKS,,ACTIVE,[-113.94784882   51.08370864]
1582,,COMMUNITY PARK,1,TITLED,NO BREAKDOWN,,,OAK066,,CALGARY PARKS,CALGARY PARKS,,ACTIVE,[-114.12295677   50.96755195]
1583,,LINEAR PARK,1,TITLED,NO BREAKDOWN,CULTURALLY SIGNIFICANT SITE,,CRM005,,CALGARY PARKS,CALGARY PARKS,,ACTIVE,[-114.27232363   51.08319543]
1584,WILMA HANSEN JR HIGH; QUEENSLAND DOWNS ELEM,COMMUNITY PARK,1,TITLED,NO BREAKDOWN,CULTURALLY SIGNIFICANT SITE,,QLD515,,CALGARY PARKS SHARED,CALGARY PARKS SHARED,,ACTIVE,[-114.02059424   50.93280395]
1585,,SUBNEIGHBOURHOOD PARK,1,TITLED,NO BREAKDOWN,CULTURALLY SIGNIFICANT SITE,,QLD520,,CALGARY PARKS,CALGARY PARKS,,ACTIVE,[-114.02205499   50.94189583]
1586,,COMMUNITY PARK,1,TITLED,NO BREAKDOWN,CULTURALLY SIGNIFICANT SITE,,QLD525,,CALGARY PARKS,CALGARY PARKS,,ACTIVE,[-114.01382444   50.93622286]
1587,,SUBNEIGHBOURHOOD PARK,1,TITLED,NO BREAKDOWN,,,RUN273,,CALGARY PARKS,CALGARY PARKS,,ACTIVE,[-113.96204482   51.08030185]
1588,,SUBNEIGHBOURHOOD PARK,1,TITLED,NO BREAKDOWN,,,RUN274,,CALGARY PARKS,CALGARY PARKS,,ACTIVE,[-113.9610722    51.07798589]
1589,,LINEAR PARK,1,TITLED,NO BREAKDOWN,,,RUN280,,CALGARY PARKS,CALGARY PARKS,,ACTIVE,[-113.96211494   51.07056209]
1590,,SUBNEIGHBOURHOOD PARK,1,TITLED,NO BREAKDOWN,CULTURALLY SIGNIFICANT SITE,,SCA864,,CALGARY PARKS,CALGARY PARKS,,ACTIVE,[-114.10852154   51.04127931]
1591,,SUBNEIGHBOURHOOD PARK,1,TITLED,NO BREAKDOWN,CULTURALLY SIGNIFICANT SITE,,REN784,,CALGARY PARKS,CALGARY PARKS,,ACTIVE,[-114.03306089   51.05823735]
1592,,SUBNEIGHBOURHOOD PARK,1,TITLED,NO BREAKDOWN,CULTURALLY SIGNIFICANT SITE,,SCE235,,CALGARY PARKS,CALGARY PARKS SHARED,"MAINTAINED AS PER LANDSCAPE MAINTENANCE AGREEMENT, EXPIRES 2042/12/31; SEE PARIS_REPOSITORY\AGREEMENTS\LANDSCAPE_MAINTENANCE_AGREEMENT",ACTIVE,[-114.21818482   51.10693968]
1593,,SUBNEIGHBOURHOOD PARK,1,TITLED,NO BREAKDOWN,CULTURALLY SIGNIFICANT SITE,,SHN407,,CALGARY PARKS,CALGARY PARKS,,ACTIVE,[-114.07756814   50.90974266]
1594,,SUBNEIGHBOURHOOD PARK,1,TITLED,NO BREAKDOWN,,,SHN617,,CALGARY PARKS,CALGARY PARKS,,ACTIVE,[-114.09223695   50.91038904]
1595,,LINEAR PARK,1,TITLED,NO BREAKDOWN,,,SHN621,,CALGARY PARKS,CALGARY PARKS,,ACTIVE,[-114.09826522   50.90682019]
1596,,SUBNEIGHBOURHOOD PARK,1,TITLED,NO BREAKDOWN,,,AUB002,,CALGARY PARKS,CALGARY PARKS,,ACTIVE,[-113.97125634   50.89567602]
1597,,COMMUNITY PARK,1,TITLED,NO BREAKDOWN,CULTURALLY SIGNIFICANT SITE,,AYB230,,CALGARY PARKS SHARED,CALGARY PARKS SHARED,"2017/07/11: SEE RESPOSITORY R:\AGREEMENTS\ACCESS_AGREEMENTS\ALYTHBONNYBROOK\AYB230\FLOOD BERM RE AGREEMENT WITH WATER SERVICES-MAINTENANCE OF BERM & SECURITY FENCE; PARKS RESPONSIBLE FOR PATHWAY & ADJACENT AREA TO PATH, & AREA OUTSIDE NEW FENCE LINE",ACTIVE,[-114.0137375    51.01549337]
1598,,NEIGHBOURHOOD PARK,1,TITLED,NO BREAKDOWN,CULTURALLY SIGNIFICANT SITE,,ROY301,,CALGARY PARKS,CALGARY PARKS,,ACTIVE,[-114.21684948   51.14288775]
1599,,SUBNEIGHBOURHOOD PARK,1,TITLED,NO BREAKDOWN,,,WIN795,,CALGARY PARKS,CALGARY PARKS,,ACTIVE,[-114.04871151   51.06971619]
1600,BOW TO BLUFF CORRIDOR,NON-PARK,1,TITLED,NO BREAKDOWN,CULTURALLY SIGNIFICANT SITE,,SSD477,,CALGARY PARKS,CALGARY PARKS SHARED,,ACTIVE,[-114.08427381   51.05579781]
1601,,LINEAR PARK,1,TITLED,NO BREAKDOWN,,,RUN334,,CALGARY PARKS,CALGARY PARKS,,ACTIVE,[-113.97006632   51.07043676]
1602,ST SYLVESTER ELEM SCHOOL,NEIGHBOURHOOD PARK,1,TITLED,NO BREAKDOWN,,,SIL001,,CALGARY PARKS SHARED,CALGARY PARKS SHARED,,ACTIVE,[-114.19223207   51.1089109 ]
1603,,SUBNEIGHBOURHOOD PARK,1,TITLED,NO BREAKDOWN,,,MRT101,,CALGARY PARKS,CALGARY PARKS,,ACTIVE,[-113.9534546    51.11196801]
1604,,SUBNEIGHBOURHOOD PARK,1,TITLED,NO BREAKDOWN,,,SDC610,,CALGARY PARKS,CALGARY PARKS,,ACTIVE,[-114.05508562   50.89723625]
1605,,COMMUNITY PARK,1,TITLED,NO BREAKDOWN,CULTURALLY SIGNIFICANT SITE,,SPH900,,CALGARY PARKS,CALGARY PARKS SHARED,,ACTIVE,[-114.21547349   51.03191602]
1606,COPPERFIELD ELEM,NEIGHBOURHOOD PARK,1,TITLED,NO BREAKDOWN,,,CPF004,,CALGARY PARKS SHARED,CALGARY PARKS SHARED,,ACTIVE,[-113.92723128   50.91407721]
1607,,COMMUNITY PARK,1,TITLED,NO BREAKDOWN,CULTURALLY SIGNIFICANT SITE,,ASP995,,CALGARY PARKS SHARED,CALGARY PARKS SHARED,,ACTIVE,[-114.22821637   51.04158644]
1608,,COMMUNITY PARK,1,TITLED,NO BREAKDOWN,CULTURALLY SIGNIFICANT SITE,,SKW799,,CALGARY PARKS,CALGARY PARKS,,ACTIVE,[-114.04784965   51.10673757]
1609,SOMERSET SCHOOL,COMMUNITY PARK,1,TITLED,NO BREAKDOWN,,SITE SPLIT SOM653,SOM653,,CALGARY PARKS SHARED,CALGARY PARKS SHARED,,ACTIVE,[-114.08346967   50.89789426]
1610,,SUBNEIGHBOURHOOD PARK,1,TITLED,NO BREAKDOWN,,,TEM046,,CALGARY PARKS,CALGARY PARKS,,ACTIVE,[-113.94401063   51.08432465]
1611,,SUBNEIGHBOURHOOD PARK,1,TITLED,NO BREAKDOWN,,,TEM047,,CALGARY PARKS,CALGARY PARKS,,ACTIVE,[-113.93922698   51.08242332]
1612,,SUBNEIGHBOURHOOD PARK,1,TITLED,NO BREAKDOWN,,,TEM049,,CALGARY PARKS,CALGARY PARKS,,ACTIVE,[-113.93853439   51.08491492]
1613,,SUBNEIGHBOURHOOD PARK,1,TITLED,NO BREAKDOWN,,,TEM051,,CALGARY PARKS,CALGARY PARKS,,ACTIVE,[-113.93599924   51.08276012]
1614,,SUBNEIGHBOURHOOD PARK,1,TITLED,NO BREAKDOWN,,,TEM054,,CALGARY PARKS,CALGARY PARKS,,ACTIVE,[-113.94224346   51.09166095]
1615,,SUBNEIGHBOURHOOD PARK,1,TITLED,NO BREAKDOWN,,,TEM060,,CALGARY PARKS,CALGARY PARKS,,ACTIVE,[-113.95695206   51.08877344]
1616,,SUBNEIGHBOURHOOD PARK,1,TITLED,NO BREAKDOWN,,,TEM062,,CALGARY PARKS,CALGARY PARKS,,ACTIVE,[-113.95024859   51.09016375]
1617,,NON-PARK,1,TITLED,NO BREAKDOWN,CULTURALLY SIGNIFICANT SITE,,SNA871,,CALGARY PARKS,CALGARY PARKS,,ACTIVE,[-114.09929034   51.04062338]
1618,,NEIGHBOURHOOD PARK,1,TITLED,NO BREAKDOWN,CULTURALLY SIGNIFICANT SITE,,OGD790,,CALGARY PARKS,CALGARY PARKS,"DO NOT DIG OR DISTURB SOIL. IF YOU MUST DISTURB THE AREA CONTACT JEFF SWINGLER AND/OR TRENT PARKS, BOTH WITH ESM. FORMER IMPERIAL OIL REFINERY SITE. SEE REPOSITORY FOR INFO R:\SUBDIVISION_DEVELOPMENT\CAPITAL_PROJECT_APPROVAL_DOCUMENTS\OGDEN\OGD792",ACTIVE,[-114.01472775   50.99898867]
1619,BANTING AND BEST ELEM; SHERWOOD JR HIGH; MILICAN OGDEN OUTDOOR POOL; JACK SETTERS ARENA,DISTRICT PARK,1,TITLED,NO BREAKDOWN,CULTURALLY SIGNIFICANT SITE,,OGD794,,CALGARY PARKS SHARED,CALGARY PARKS SHARED,,ACTIVE,[-114.01345621   50.99227492]
1620,,LINEAR PARK,1,TITLED,NO BREAKDOWN,,,SOM006,,CALGARY PARKS,CALGARY PARKS,,ACTIVE,[-114.08951947   50.89902221]
1621,,LINEAR PARK,1,TITLED,NO BREAKDOWN,,,SOM008,,CALGARY PARKS,CALGARY PARKS,,ACTIVE,[-114.08869007   50.89774226]
1622,,LINEAR PARK,1,TITLED,NO BREAKDOWN,,,SOM648,,CALGARY PARKS,CALGARY PARKS,,ACTIVE,[-114.093063     50.89855324]
1623,,COMMUNITY PARK,1,TITLED,NO BREAKDOWN,CULTURALLY SIGNIFICANT SITE,SITE SPLIT CAN345: NEW SITE CAN340 FOR SPORT FIELDS,CAN340,,CALGARY PARKS SHARED,CALGARY PARKS SHARED,,ACTIVE,[-114.07509429   50.93915215]
1624,,NEIGHBOURHOOD PARK,1,TITLED,NO BREAKDOWN,,,ASP516,,CALGARY PARKS,CALGARY PARKS SHARED,,ACTIVE,[-114.20892652   51.03919073]
1625,,NEIGHBOURHOOD PARK,1,TITLED,NO BREAKDOWN,CULTURALLY SIGNIFICANT SITE,,THO565,,CALGARY PARKS,CALGARY PARKS,,ACTIVE,[-114.05661907   51.10451678]
1626,,NEIGHBOURHOOD PARK,1,TITLED,NO BREAKDOWN,,,THO570,,CALGARY PARKS,CALGARY PARKS,,ACTIVE,[-114.07502209   51.09656268]
1627,,DISTRICT PARK,1,TITLED,NO BREAKDOWN,,,CNS003,,CALGARY PARKS,CALGARY PARKS,,ACTIVE,[-113.93275103   51.16333734]
1628,HOLY CROSS ELEM & JR HIGH; VALLEY VIEW ELEM;  IAN BAZALGETTE JR HIGH,DISTRICT PARK,1,TITLED,NO BREAKDOWN,,,DOV758,,CALGARY PARKS SHARED,CALGARY PARKS SHARED,,ACTIVE,[-113.97863937   51.02835289]
1629,,LINEAR PARK,1,TITLED,NO BREAKDOWN,CULTURALLY SIGNIFICANT SITE,,EVN010,,CALGARY PARKS,CALGARY PARKS,,ACTIVE,[-114.11987391   51.16897752]
1630,,SUBNEIGHBOURHOOD PARK,1,TITLED,NO BREAKDOWN,,,HSD003,,CALGARY PARKS,CALGARY PARKS,,ACTIVE,[-113.91341628   51.11717754]
1631,,SUBNEIGHBOURHOOD PARK,1,TITLED,NO BREAKDOWN,CULTURALLY SIGNIFICANT SITE,,SHS423,,CALGARY PARKS,CALGARY PARKS,,ACTIVE,[-114.09075967   50.9296307 ]
1632,,DISTRICT PARK,1,TITLED,NO BREAKDOWN,,,SGL001,,CALGARY PARKS,CALGARY PARKS SHARED,,ACTIVE,[-113.99058198   51.16483481]
1633,,NEIGHBOURHOOD PARK,1,TITLED,NO BREAKDOWN,CULTURALLY SIGNIFICANT SITE,SITE SPLIT OAK074,OAK074,,CALGARY PARKS,CALGARY PARKS,,ACTIVE,[-114.13127302   50.96393056]
1634,PINERIDGE COMMUNITY SCHOOL,NEIGHBOURHOOD PARK,1,TITLED,NO BREAKDOWN,,,PIN035,,CALGARY PARKS SHARED,CALGARY PARKS SHARED,,ACTIVE,[-113.94620308   51.07076487]
1635,CALGARY MARLBOROUGH COMMUNITY ASSOC,NEIGHBOURHOOD PARK,1,TITLED,NO BREAKDOWN,,,MRL522,,CALGARY PARKS,CALGARY PARKS,,ACTIVE,[-113.97402946   51.05888659]
1636,,SUBNEIGHBOURHOOD PARK,1,TITLED,NO BREAKDOWN,,,MRL524,,CALGARY PARKS,CALGARY PARKS,,ACTIVE,[-113.972688     51.05302685]
1637,LESTER B. PEARSON HIGH SCHOOL,DISTRICT PARK,1,TITLED,NO BREAKDOWN,,,PIN301,,CALGARY PARKS SHARED,CALGARY PARKS SHARED,,ACTIVE,[-113.9563374    51.07906055]
1638,QUARRY ROAD TRAIL,REGIONAL PARK,1,TITLED,NO BREAKDOWN,CULTURALLY SIGNIFICANT SITE,,SHG052,,CALGARY PARKS SHARED,CALGARY PARKS SHARED,,ACTIVE,[-114.12038949   51.04684207]
1639,,SUBNEIGHBOURHOOD PARK,1,TITLED,NO BREAKDOWN,CULTURALLY SIGNIFICANT SITE,,TUS618,,CALGARY PARKS,CALGARY PARKS SHARED,"MAINTAINED AS PER LANDSCAPE MAINTENANCE AGREEMENT, EXPIRES 2042/12/31; SEE PARIS_REPOSITORY\AGREEMENTS\LANDSCAPE_MAINTENANCE_AGREEMENT",ACTIVE,[-114.24250294   51.135945  ]
1640,,SUBNEIGHBOURHOOD PARK,1,TITLED,NO BREAKDOWN,CULTURALLY SIGNIFICANT SITE,,TUS643,,CALGARY PARKS,CALGARY PARKS SHARED,"MAINTAINED AS PER LANDSCAPE MAINTENANCE AGREEMENT, EXPIRES 2042/12/31; SEE PARIS_REPOSITORY\AGREEMENTS\LANDSCAPE_MAINTENANCE_AGREEMENT",ACTIVE,[-114.24754101   51.13598684]
1641,,SUBNEIGHBOURHOOD PARK,1,TITLED,NO BREAKDOWN,CULTURALLY SIGNIFICANT SITE,,THO709,,CALGARY PARKS,CALGARY PARKS,,ACTIVE,[-114.05434116   51.10509355]
1642,,LINEAR PARK,1,TITLED,NO BREAKDOWN,,,SOM658,,CALGARY PARKS,CALGARY PARKS,,ACTIVE,[-114.07694096   50.89727964]
1643,,NEIGHBOURHOOD PARK,1,TITLED,NO BREAKDOWN,CULTURALLY SIGNIFICANT SITE,,CRA005,,CALGARY PARKS,CALGARY PARKS,,ACTIVE,[-113.98158392   50.86866961]
1644,CONNECT CHARTER SCHOOL; LAKEVIEW COMMUNTY ASSOC,NEIGHBOURHOOD PARK,1,TITLED,NO BREAKDOWN,,,LKV525,,CALGARY PARKS SHARED,CALGARY PARKS SHARED,,ACTIVE,[-114.13656478   50.99960197]
1645,,DISTRICT PARK,1,TITLED,NO BREAKDOWN,CULTURALLY SIGNIFICANT SITE,,DIS103,,CALGARY PARKS,CALGARY PARKS SHARED,"MAINTAINED AS PER LANDSCAPE MAINTENANCE AGREEMENT, EXPIRES 2042/12/31; SEE PARIS_REPOSITORY\AGREEMENTS\LANDSCAPE_MAINTENANCE_AGREEMENT",ACTIVE,[-114.20587485   51.01406591]
1646,,DISTRICT PARK,1,TITLED,NO BREAKDOWN,CULTURALLY SIGNIFICANT SITE,,REN786,RIVER VALLEY SYSTEM: NOSE CREEK,CALGARY PARKS,CALGARY PARKS,,ACTIVE,[-114.02988642   51.06227533]
1647,EAGLE RIDGE GLENMORE RESERVIOR,DISTRICT PARK,1,TITLED,NO BREAKDOWN,CULTURALLY SIGNIFICANT SITE,SITE SPLIT GPK023: PORTION OF GPK023 WAS ADDED TO NEW SITE GPK500,GPK023,,CALGARY PARKS SHARED,CALGARY PARKS SHARED,,ACTIVE,[-114.09813418   50.99000573]
1648,,COMMUNITY PARK,1,TITLED,NO BREAKDOWN,CULTURALLY SIGNIFICANT SITE,SITE SPLIT SPR906,SPH906,,CALGARY PARKS,CALGARY PARKS SHARED,,ACTIVE,[-114.22164767   51.03241065]
1649,HAROLD PANABAKER JR HIGH; ETHEL M JOHNSON ELEM; SOUTHWOOD COMMUNITY ASSOC,COMMUNITY PARK,1,TITLED,NO BREAKDOWN,,,SOW216,,CALGARY PARKS SHARED,CALGARY PARKS SHARED,,ACTIVE,[-114.08762825   50.95788836]
1650,,SUBNEIGHBOURHOOD PARK,1,TITLED,NO BREAKDOWN,,,SOW228,,CALGARY PARKS,CALGARY PARKS,,ACTIVE,[-114.08058678   50.96455252]
1651,,LINEAR PARK,1,TITLED,NO BREAKDOWN,,,SAD008,,CALGARY PARKS,CALGARY PARKS,,ACTIVE,[-113.93514683   51.12797633]
1652,16A STREET DEPOT,PARKS DEPOT,1,TITLED,NO BREAKDOWN,,SITE SPLIT COL350: NEW SITE COL000,COL000,,CALGARY PARKS,CALGARY PARKS,,ACTIVE,[-114.09982059   51.07671835]
1653,PARKLAND FISH CREEK PARK BUFFER,LINEAR PARK,1,TITLED,NO BREAKDOWN,CULTURALLY SIGNIFICANT SITE,,PKL535,,CALGARY PARKS,CALGARY PARKS SHARED,,ACTIVE,[-114.03474951   50.92139729]
1654,COL J FRED SCOTT ELEM; ST WILFRED ELEM; ANNE GALE JR HIGH; WHITEHORN COMMUNITY ASSOC,DISTRICT PARK,1,TITLED,NO BREAKDOWN,,,WHI004,,CALGARY PARKS SHARED,CALGARY PARKS,,ACTIVE,[-113.96847163   51.0888877 ]
1655,,LINEAR PARK,1,TITLED,NO BREAKDOWN,CULTURALLY SIGNIFICANT SITE,,CRA062,,CALGARY PARKS,CALGARY PARKS,,ACTIVE,[-113.9758681    50.87584881]
1656,,SUBNEIGHBOURHOOD PARK,1,TITLED,NO BREAKDOWN,,,MRT112,,CALGARY PARKS,CALGARY PARKS,,ACTIVE,[-113.96605366   51.12265969]
1657,"NELSON MANDELA HIGH SCHOOL; GENESIS CENTRE, NECC",DISTRICT PARK,1,TITLED,NO BREAKDOWN,,,MRT330,,CALGARY PARKS SHARED,CALGARY PARKS SHARED,,ACTIVE,[-113.95140376   51.12067503]
1658,ANNIE FOOTE ELEM; ST THOMAS MOORE ELEM,DISTRICT PARK,1,TITLED,NO BREAKDOWN,,SITE SPLIT TEM152,TEM152,,CALGARY PARKS SHARED,CALGARY PARKS,,ACTIVE,[-113.94220273   51.08578699]
1659,,DISTRICT PARK,1,TITLED,NO BREAKDOWN,CULTURALLY SIGNIFICANT SITE,SITE SPLIT TUS601,TUS601,,CALGARY PARKS,CALGARY PARKS SHARED,"MAINTAINED AS PER LANDSCAPE MAINTENANCE AGREEMENT, EXPIRES 2042/12/31; SEE PARIS_REPOSITORY\AGREEMENTS\LANDSCAPE_MAINTENANCE_AGREEMENT",ACTIVE,[-114.24813901   51.11079662]
1660,,SUBNEIGHBOURHOOD PARK,1,TITLED,NO BREAKDOWN,,,BLM015,,CALGARY PARKS,CALGARY PARKS SHARED,,ACTIVE,[-114.06316603   50.87236778]
1661,,SUBNEIGHBOURHOOD PARK,1,TITLED,NO BREAKDOWN,,,RSN003,,CALGARY PARKS,CALGARY PARKS SHARED,"MAINTAINED AS PER LANDSCAPE MAINTENANCE AGREEMENT, EXPIRES 2042/12/31; SEE PARIS_REPOSITORY\AGREEMENTS\LANDSCAPE_MAINTENANCE_AGREEMENT",ACTIVE,[-113.96251826   51.17124722]
1662,,SUBNEIGHBOURHOOD PARK,1,TITLED,NO BREAKDOWN,,,RSN004,,CALGARY PARKS,CALGARY PARKS SHARED,"MAINTAINED AS PER LANDSCAPE MAINTENANCE AGREEMENT, EXPIRES 2042/12/31; SEE PARIS_REPOSITORY\AGREEMENTS\LANDSCAPE_MAINTENANCE_AGREEMENT",ACTIVE,[-113.96408591   51.17162156]
1663,,COMMUNITY PARK,1,TITLED,NO BREAKDOWN,,,RSN001,,CALGARY PARKS,CALGARY PARKS SHARED,"TO BE MAINTAINED AS PER LANDSCAPE MAINTENANCE AGREEMENT, EXPIRES 2042/12/31; SEE PARIS_REPOSITORY\AGREEMENTS\LANDSCAPE_MAINTENANCE_AGREEMENT",ACTIVE,[-113.96678412   51.16607486]
1664,,SUBNEIGHBOURHOOD PARK,1,TITLED,NO BREAKDOWN,CULTURALLY SIGNIFICANT SITE,,CRA008,,CALGARY PARKS,CALGARY PARKS,,ACTIVE,[-113.97511137   50.87125403]
1665,,SUBNEIGHBOURHOOD PARK,1,TITLED,NO BREAKDOWN,,,CSC014,,CALGARY PARKS,CALGARY PARKS,,ACTIVE,[-113.95333609   51.15071738]
1666,MURDOCH PARK; MCDOUGALL SLOPE,COMMUNITY PARK,1,TITLED,NO BREAKDOWN,CULTURALLY SIGNIFICANT SITE,,BRD774,,CALGARY PARKS,CALGARY PARKS SHARED,,ACTIVE,[-114.04359045   51.05191161]
1667,BATTALION PARK SCHOOL; SIGNAL HILL COMMUNITY ASSOC,COMMUNITY PARK,1,TITLED,NO BREAKDOWN,CULTURALLY SIGNIFICANT SITE,SITE SPLIT SIG744,SIG744,,CALGARY PARKS,CALGARY PARKS SHARED,,ACTIVE,[-114.18087956   51.02445994]
1668,TARADALE SCHOOL,COMMUNITY PARK,1,TITLED,NO BREAKDOWN,,,TAR134,,CALGARY PARKS SHARED,CALGARY PARKS SHARED,,ACTIVE,[-113.93688771   51.12179051]
1669,,SUBNEIGHBOURHOOD PARK,1,TITLED,NO BREAKDOWN,CULTURALLY SIGNIFICANT SITE,,ARB011,,CALGARY PARKS,CALGARY PARKS,,ACTIVE,[-114.21431797   51.13191434]
1670,WILDFLOWER ART CENTRE; CALGARY LAWN BOWLING CLUB,NEIGHBOURHOOD PARK,1,TITLED,NO BREAKDOWN,CULTURALLY SIGNIFICANT SITE,,SPR778,,CALGARY PARKS SHARED,CALGARY PARKS SHARED,,ACTIVE,[-114.13607799   51.04697327]
1671,,NON-PARK,1,TITLED,NO BREAKDOWN,CULTURALLY SIGNIFICANT SITE,,PKL541,,CALGARY PARKS,CALGARY PARKS,,ACTIVE,[-114.04103674   50.9261323 ]
1672,,SUBNEIGHBOURHOOD PARK,1,TITLED,NO BREAKDOWN,,,SDC619,,CALGARY PARKS,CALGARY PARKS,,ACTIVE,[-114.04755127   50.89952607]
1673,,NEIGHBOURHOOD PARK,1,TITLED,NO BREAKDOWN,,,MRL555,,CALGARY PARKS,CALGARY PARKS,,ACTIVE,[-113.97147782   51.06573895]
1674,,SUBNEIGHBOURHOOD PARK,1,TITLED,NO BREAKDOWN,,,THO714,,CALGARY PARKS,CALGARY PARKS,,ACTIVE,[-114.06276604   51.09907649]
1675,,LINEAR PARK,1,TITLED,NO BREAKDOWN,,,SDC980,,CALGARY PARKS,CALGARY PARKS,,ACTIVE,[-114.04756906   50.89527275]
1676,,COMMUNITY PARK,1,TITLED,NO BREAKDOWN,,,SOW220,,CALGARY PARKS,CALGARY PARKS,,ACTIVE,[-114.09192114   50.95210818]
1677,,SUBNEIGHBOURHOOD PARK,1,TITLED,NO BREAKDOWN,,,EAG021,,CALGARY PARKS,CALGARY PARKS,,ACTIVE,[-114.09923423   50.98494749]
1678,,NEIGHBOURHOOD PARK,1,TITLED,NO BREAKDOWN,,,AUB013,,CALGARY PARKS,CALGARY PARKS,,ACTIVE,[-113.95168474   50.89155856]
1679,,COMMUNITY PARK,1,TITLED,NO BREAKDOWN,CULTURALLY SIGNIFICANT SITE,,ST1001,,CALGARY PARKS,CALGARY PARKS SHARED,,ACTIVE,[-114.02323406   51.16447357]
1680,,NEIGHBOURHOOD PARK,1,TITLED,NO BREAKDOWN,,,EVN011,,CALGARY PARKS SHARED,CALGARY PARKS,,ACTIVE,[-114.10965259   51.17903957]
1681,,SUBNEIGHBOURHOOD PARK,1,TITLED,NO BREAKDOWN,CULTURALLY SIGNIFICANT SITE,,VAL002,,CALGARY PARKS,CALGARY PARKS SHARED,,ACTIVE,[-114.27213556   51.09063587]
1682,,SUBNEIGHBOURHOOD PARK,1,TITLED,NO BREAKDOWN,CULTURALLY SIGNIFICANT SITE,,VAL710,,CALGARY PARKS,CALGARY PARKS SHARED,"MAINTAINED AS PER LANDSCAPE MAINTENANCE AGREEMENT, EXPIRES 2042/12/31; SEE PARIS_REPOSITORY\AGREEMENTS\LANDSCAPE_MAINTENANCE_AGREEMENT",ACTIVE,[-114.26973415   51.09235695]
1683,,NEIGHBOURHOOD PARK,1,TITLED,NO BREAKDOWN,CULTURALLY SIGNIFICANT SITE,SITE SPLIT WAL001,WAL001,,CALGARY PARKS,CALGARY PARKS,,ACTIVE,[-114.03123312   50.86944868]
1684,,DISTRICT PARK,1,TITLED,NO BREAKDOWN,CULTURALLY SIGNIFICANT SITE,,ARB352,,CALGARY PARKS SHARED,CALGARY PARKS,,ACTIVE,[-114.19753625   51.1397673 ]
1685,,SUBNEIGHBOURHOOD PARK,1,TITLED,NO BREAKDOWN,,,SAD026,,CALGARY PARKS,CALGARY PARKS,,ACTIVE,[-113.96760923   51.12982426]
1686,,SUBNEIGHBOURHOOD PARK,1,TITLED,NO BREAKDOWN,CULTURALLY SIGNIFICANT SITE,SITE SPLIT EVE963: NEW SITE EVE969,EVE969,,CALGARY PARKS SHARED,CALGARY PARKS SHARED,,ACTIVE,[-114.12216464   50.91825733]
1687,,SUBNEIGHBOURHOOD PARK,1,TITLED,NO BREAKDOWN,CULTURALLY SIGNIFICANT SITE,SITE SPLIT DDG049: NEW SITE DDG054,DDG054,,CALGARY PARKS SHARED,CALGARY PARKS SHARED,"MAINTAINED AS PER LANDSCAPE MAINTENANCE AGREEMENT, EXPIRES 2042/12/31; SEE PARIS_REPOSITORY\AGREEMENTS\LANDSCAPE_MAINTENANCE_AGREEMENT",ACTIVE,[-114.01910628   50.95845676]
1688,,SUBNEIGHBOURHOOD PARK,1,TITLED,NO BREAKDOWN,CULTURALLY SIGNIFICANT SITE,SITE SPLIT DDG049: NEW SITE DDG055,DDG055,,CALGARY PARKS,CALGARY PARKS SHARED,"MAINTAINED AS PER LANDSCAPE MAINTENANCE AGREEMENT, EXPIRES 2042/12/31; SEE PARIS_REPOSITORY\AGREEMENTS\LANDSCAPE_MAINTENANCE_AGREEMENT",ACTIVE,[-114.01785292   50.95646682]
1689,EVERGREEN ELEM,NEIGHBOURHOOD PARK,1,TITLED,NO BREAKDOWN,CULTURALLY SIGNIFICANT SITE,SITE SPLIT EVE110: NEW SITE EVE098,EVE098,,CALGARY PARKS SHARED,CALGARY PARKS SHARED,,ACTIVE,[-114.10874456   50.91734217]
1690,OUR LADY OF THE EVERGREENS,COMMUNITY PARK,1,TITLED,NO BREAKDOWN,CULTURALLY SIGNIFICANT SITE,SITE SPLIT EVE963,EVE963,,CALGARY PARKS SHARED,CALGARY PARKS SHARED,,ACTIVE,[-114.12086942   50.91551054]
1691,,COMMUNITY PARK,1,TITLED,NO BREAKDOWN,CULTURALLY SIGNIFICANT SITE,SITE SPLIT DDG718: NEW SITE DDG818 SPORT FIELD AREA,DDG818,,CALGARY PARKS SHARED,CALGARY PARKS SHARED,"MAINTAINED AS PER LANDSCAPE MAINTENANCE AGREEMENT, EXPIRES 2042/12/31; SEE PARIS_REPOSITORY\AGREEMENTS\LANDSCAPE_MAINTENANCE_AGREEMENT",ACTIVE,[-114.00270781   50.9416104 ]
1692,,SUBNEIGHBOURHOOD PARK,1,TITLED,NO BREAKDOWN,CULTURALLY SIGNIFICANT SITE,SITE SPLIT DDG718: NEW SITE DDG800,DDG800,,CALGARY PARKS SHARED,CALGARY PARKS SHARED,"MAINTAINED AS PER LANDSCAPE MAINTENANCE AGREEMENT, EXPIRES 2042/12/31; SEE PARIS_REPOSITORY\AGREEMENTS\LANDSCAPE_MAINTENANCE_AGREEMENT",ACTIVE,[-114.01138453   50.9459651 ]
1693,,SUBNEIGHBOURHOOD PARK,1,TITLED,NO BREAKDOWN,CULTURALLY SIGNIFICANT SITE,SITE SPLIT DDG718: NEW SITE DDG801,DDG801,,CALGARY PARKS SHARED,CALGARY PARKS SHARED,"MAINTAINED AS PER LANDSCAPE MAINTENANCE AGREEMENT, EXPIRES 2042/12/31; SEE PARIS_REPOSITORY\AGREEMENTS\LANDSCAPE_MAINTENANCE_AGREEMENT",ACTIVE,[-114.01034242   50.94435808]
1694,,SUBNEIGHBOURHOOD PARK,1,TITLED,NO BREAKDOWN,CULTURALLY SIGNIFICANT SITE,SITE SPLIT DDG718: NEW SITE DDG802,DDG802,,CALGARY PARKS SHARED,CALGARY PARKS SHARED,"MAINTAINED AS PER LANDSCAPE MAINTENANCE AGREEMENT, EXPIRES 2042/12/31; SEE PARIS_REPOSITORY\AGREEMENTS\LANDSCAPE_MAINTENANCE_AGREEMENT",ACTIVE,[-114.00803743   50.94255878]
1695,,SUBNEIGHBOURHOOD PARK,1,TITLED,NO BREAKDOWN,CULTURALLY SIGNIFICANT SITE,SITE SPLIT DDG718: NEW SITE DDG803,DDG803,,CALGARY PARKS,CALGARY PARKS SHARED,"MAINTAINED AS PER LANDSCAPE MAINTENANCE AGREEMENT, EXPIRES 2042/12/31; SEE PARIS_REPOSITORY\AGREEMENTS\LANDSCAPE_MAINTENANCE_AGREEMENT",ACTIVE,[-114.00180011   50.93932968]
1696,,NEIGHBOURHOOD PARK,1,TITLED,NO BREAKDOWN,CULTURALLY SIGNIFICANT SITE,SITE SPLIT DDG718: NEW SITE DDG804 SPORT FIELD AREA,DDG804,,CALGARY PARKS,CALGARY PARKS SHARED,"MAINTAINED AS PER LANDSCAPE MAINTENANCE AGREEMENT, EXPIRES 2042/12/31; SEE PARIS_REPOSITORY\AGREEMENTS\LANDSCAPE_MAINTENANCE_AGREEMENT",ACTIVE,[-113.99618365   50.93783203]
1697,,SUBNEIGHBOURHOOD PARK,1,TITLED,NO BREAKDOWN,,,LIV012,,CALGARY PARKS,CALGARY PARKS,,ACTIVE,[-114.08004927   51.18787721]
1698,,NEIGHBOURHOOD PARK,1,TITLED,NO BREAKDOWN,,,RIV885,,CALGARY PARKS SHARED,CALGARY PARKS SHARED,"PARTIALLY MAINTAINED AS PER LANDSCAPE MAINTENANCE AGREEMENT, EXPIRES 2042/12/31; SEE PARIS_REPOSITORY\AGREEMENTS\LANDSCAPE_MAINTENANCE_AGREEMENT",ACTIVE,[-114.00806793   50.96597575]
1699,,SUBNEIGHBOURHOOD PARK,1,TITLED,NO BREAKDOWN,CULTURALLY SIGNIFICANT SITE,,CAR004,,CALGARY PARKS,CALGARY PARKS,,ACTIVE,[-114.08332834   51.18463994]
1700,,NEIGHBOURHOOD PARK,1,TITLED,NO BREAKDOWN,CULTURALLY SIGNIFICANT SITE,,ACA204,,CALGARY PARKS,CALGARY PARKS,,ACTIVE,[-114.04566198   50.97431677]
1701,,COMMUNITY PARK,1,TITLED,NO BREAKDOWN,,,CNS022,,CALGARY PARKS,CALGARY PARKS,,ACTIVE,[-113.92839026   51.1594927 ]
1702,,SUBNEIGHBOURHOOD PARK,1,TITLED,NO BREAKDOWN,CULTURALLY SIGNIFICANT SITE,,EVN026,,CALGARY PARKS,CALGARY PARKS,,ACTIVE,[-114.09729455   51.17849897]
1703,,SUBNEIGHBOURHOOD PARK,1,TITLED,NO BREAKDOWN,CULTURALLY SIGNIFICANT SITE,,RVW001,1901 RANGEVIEW DR SE,CALGARY PARKS,CALGARY PARKS,,ACTIVE,[-113.91407618   50.88175198]
1704,,SUBNEIGHBOURHOOD PARK,1,TITLED,NO BREAKDOWN,,SITE SPLIT LEG021: NEW SITE LEG101,LEG101,,CALGARY PARKS,CALGARY PARKS,,ACTIVE,[-114.02064804   50.85438041]
1705,,NEIGHBOURHOOD PARK,1,TITLED,NO BREAKDOWN,CULTURALLY SIGNIFICANT SITE,SITE SPLIT TUS601: NEW SITE TUS502,TUS502,,CALGARY PARKS,CALGARY PARKS SHARED,"MAINTAINED AS PER LANDSCAPE MAINTENANCE AGREEMENT, EXPIRES 2042/12/31; SEE PARIS_REPOSITORY\AGREEMENTS\LANDSCAPE_MAINTENANCE_AGREEMENT",ACTIVE,[-114.2519244    51.11184211]
1706,,SUBNEIGHBOURHOOD PARK,1,TITLED,NO BREAKDOWN,CULTURALLY SIGNIFICANT SITE,SITE SPLIT TUS603: NEWSITE TUS007,TUS507,,CALGARY PARKS SHARED,CALGARY PARKS SHARED,,ACTIVE,[-114.23968899   51.11099521]
1707,,SUBNEIGHBOURHOOD PARK,1,TITLED,NO BREAKDOWN,CULTURALLY SIGNIFICANT SITE,SITE SPLIT TUS603: NEWSITE TUS005,TUS505,,CALGARY PARKS SHARED,CALGARY PARKS SHARED,"MAINTAINED AS PER LANDSCAPE MAINTENANCE AGREEMENT, EXPIRES 2042/12/31; SEE PARIS_REPOSITORY\AGREEMENTS\LANDSCAPE_MAINTENANCE_AGREEMENT",ACTIVE,[-114.24452647   51.11257607]
1708,,SUBNEIGHBOURHOOD PARK,1,TITLED,NO BREAKDOWN,CULTURALLY SIGNIFICANT SITE,SITE SPLIT TUS603: NEWSITE TUS010,TUS510,,CALGARY PARKS SHARED,CALGARY PARKS SHARED,"MAINTAINED AS PER LANDSCAPE MAINTENANCE AGREEMENT, EXPIRES 2042/12/31; SEE PARIS_REPOSITORY\AGREEMENTS\LANDSCAPE_MAINTENANCE_AGREEMENT",ACTIVE,[-114.23920481   51.11549263]
1709,,COMMUNITY PARK,1,TITLED,NO BREAKDOWN,CULTURALLY SIGNIFICANT SITE,,ACA197,,CALGARY PARKS,CALGARY PARKS,,ACTIVE,[-114.04041716   50.96769561]
1710,,NEIGHBOURHOOD PARK,1,TITLED,NO BREAKDOWN,CULTURALLY SIGNIFICANT SITE,SITE SPLIT TUS603: NEWSITE TUS008,TUS508,,CALGARY PARKS SHARED,CALGARY PARKS SHARED,,ACTIVE,[-114.23536262   51.10983101]
1711,,NEIGHBOURHOOD PARK,1,TITLED,NO BREAKDOWN,CULTURALLY SIGNIFICANT SITE,SITE SPLIT TUS603: NEWSITE TUS009,TUS509,,CALGARY PARKS SHARED,CALGARY PARKS SHARED,"MAINTAINED AS PER LANDSCAPE MAINTENANCE AGREEMENT, EXPIRES 2042/12/31; SEE PARIS_REPOSITORY\AGREEMENTS\LANDSCAPE_MAINTENANCE_AGREEMENT",ACTIVE,[-114.23472327   51.11209016]
1712,,SUBNEIGHBOURHOOD PARK,1,TITLED,NO BREAKDOWN,,SITE SPLIT ASP520,ASP520,,CALGARY PARKS,CALGARY PARKS,,ACTIVE,[-114.20196282   51.04001244]
1713,CHRIST THE KING ELEM & JR HIGH,COMMUNITY PARK,1,TITLED,NO BREAKDOWN,,SITE SPLIT CRA023: NEW SITE CRA135,CRA135,,"CALGARY PARKS, CBE & CSSB",CALGARY PARKS SHARED,,ACTIVE,[-113.97700625   50.88896551]
1714,,NON-PARK,1,TITLED,NO BREAKDOWN,CULTURALLY SIGNIFICANT SITE,,BOW010,,CALGARY PARKS,CALGARY PARKS,LAND WAS TRANSFERED TO PARKS BUT IS NOT CURRENTLY SUITABLE FOR PUBLIC ACCESS,ACTIVE,[-114.17887422   51.0760799 ]
1715,,SUBNEIGHBOURHOOD PARK,1,TITLED,NO BREAKDOWN,CULTURALLY SIGNIFICANT SITE,SITE SPLIT SPH021: NEW SITE SPH044,SPH044,,CALGARY PARKS,CALGARY PARKS,,ACTIVE,[-114.20906064   51.02388992]
1716,,LINEAR PARK,1,TITLED,NO BREAKDOWN,,,FAL106,,CALGARY PARKS,CALGARY PARKS,,ACTIVE,[-113.94701754   51.10793935]
1717,,SUBNEIGHBOURHOOD PARK,1,TITLED,NO BREAKDOWN,CULTURALLY SIGNIFICANT SITE,,HAW162,,CALGARY PARKS,CALGARY PARKS SHARED,"MAINTAINED AS PER LANDSCAPE MAINTENANCE AGREEMENT, EXPIRES 2042/12/31; SEE PARIS_REPOSITORY\AGREEMENTS\LANDSCAPE_MAINTENANCE_AGREEMENT",ACTIVE,[-114.17544774   51.12724207]
1718,,COMMUNITY PARK,1,TITLED,NO BREAKDOWN,CULTURALLY SIGNIFICANT SITE,,SHI010,,CALGARY PARKS SHARED,CALGARY PARKS SHARED,,ACTIVE,[-114.00038295   50.96977585]
1719,,SUBNEIGHBOURHOOD PARK,1,TITLED,NO BREAKDOWN,CULTURALLY SIGNIFICANT SITE,SITE SPLIT LEG021: NEW SITE LEG102,LEG102,,CALGARY PARKS,CALGARY PARKS,,ACTIVE,[-114.01538877   50.85303738]
1720,,COMMUNITY PARK,1,TITLED,NO BREAKDOWN,CULTURALLY SIGNIFICANT SITE,,EVE920,,CALGARY PARKS,CALGARY PARKS SHARED,,ACTIVE,[-114.13018817   50.92462858]
1721,,SUBNEIGHBOURHOOD PARK,1,TITLED,NO BREAKDOWN,,,SPH002,,CALGARY PARKS,CALGARY PARKS SHARED,,ACTIVE,[-114.2213951    51.03649171]
1722,,SUBNEIGHBOURHOOD PARK,1,TITLED,NO BREAKDOWN,,,ASP014,,CALGARY PARKS,CALGARY PARKS,,ACTIVE,[-114.22221401   51.05104342]
1723,WEST CONFEDERATION PARK DEPOT,PARKS DEPOT,1,TITLED,NO BREAKDOWN,,,CHW000,,CALGARY PARKS,CALGARY PARKS,,ACTIVE,[-114.10964656   51.0811178 ]
1724,,NEIGHBOURHOOD PARK,1,TITLED,NO BREAKDOWN,,SITE SPLIT CRA023: NEW SITE CRA136,CRA136,,"CALGARY PARKS, CBE & CSSB",CALGARY PARKS SHARED,,ACTIVE,[-113.98250277   50.88893768]
1725,,LINEAR PARK,1,TITLED,NO BREAKDOWN,CULTURALLY SIGNIFICANT SITE,,RIV876,,CALGARY PARKS SHARED,CALGARY PARKS,,ACTIVE,[-114.02248437   50.97367454]
1726,,SUBNEIGHBOURHOOD PARK,1,TITLED,NO BREAKDOWN,,SITE SPLIT HID414: NEW SITE HID415,HID415,,CALGARY PARKS SHARED,CALGARY PARKS SHARED,,ACTIVE,[-114.09873058   51.14586414]
1727,,SUBNEIGHBOURHOOD PARK,1,TITLED,NO BREAKDOWN,CULTURALLY SIGNIFICANT SITE,SITE SPLIT HID414: NEW SITE HID416,HID416,,CALGARY PARKS SHARED,CALGARY PARKS SHARED,,ACTIVE,[-114.10466087   51.14771219]
1728,,NEIGHBOURHOOD PARK,1,TITLED,NO BREAKDOWN,,IGNORE ROLLUP ERROR; BVAP PROCESSED SEPERATE FROM SITE,CSC001,,CALGARY PARKS,CALGARY PARKS,,ACTIVE,[-113.96439185   51.1528802 ]
1729,,SUBNEIGHBOURHOOD PARK,1,TITLED,NO BREAKDOWN,CULTURALLY SIGNIFICANT SITE,SITE SPLIT DIS100: NEW SITE DIS117,DIS117,,CALGARY PARKS SHARED,CALGARY PARKS SHARED,"MAINTAINED AS PER LANDSCAPE MAINTENANCE AGREEMENT, EXPIRES 2042/12/31; SEE PARIS_REPOSITORY\AGREEMENTS\LANDSCAPE_MAINTENANCE_AGREEMENT",ACTIVE,[-114.20850016   51.01231857]
1730,,NEIGHBOURHOOD PARK,1,TITLED,NO BREAKDOWN,,SITE SPLIT OGD801: NEW SITE OGD798,OGD798,,CALGARY PARKS SHARED,CALGARY PARKS SHARED,,ACTIVE,[-114.00599362   50.98089399]
1731,,SUBNEIGHBOURHOOD PARK,1,TITLED,NO BREAKDOWN,CULTURALLY SIGNIFICANT SITE,SITE SPLIT SCE352: NEW SITE SCE353,SCE353,,CALGARY PARKS SHARED,CALGARY PARKS SHARED,"MAINTAINED AS PER LANDSCAPE MAINTENANCE AGREEMENT, EXPIRES 2042/12/31; SEE PARIS_REPOSITORY\AGREEMENTS\LANDSCAPE_MAINTENANCE_AGREEMENT",ACTIVE,[-114.21430006   51.11071323]
1732,,COMMUNITY PARK,1,TITLED,NO BREAKDOWN,,SITE SPLIT NEB842: NEW SITE NEB846 FOR STORM POND,NEB846,,CALGARY PARKS SHARED,CALGARY PARKS SHARED,,ACTIVE,[-113.93554966   50.92382159]
1733,,SUBNEIGHBOURHOOD PARK,1,TITLED,NO BREAKDOWN,CULTURALLY SIGNIFICANT SITE,SITE SPLIT LEG021: NEW SITE LEG103,LEG103,,CALGARY PARKS,CALGARY PARKS,,ACTIVE,[-114.01263535   50.85380494]
1734,LEGACY PINE CREEK NATURAL AREA,DISTRICT PARK,1,TITLED,NO BREAKDOWN,CULTURALLY SIGNIFICANT SITE,SITE SPLIT LEG021,LEG021,,CALGARY PARKS,CALGARY PARKS,,ACTIVE,[-114.01898851   50.85421783]
1735,,SUBNEIGHBOURHOOD PARK,1,TITLED,NO BREAKDOWN,,,LEG050,,CALGARY PARKS,CALGARY PARKS,,ACTIVE,[-114.00076601   50.85437665]
1736,ST ELIZABETH SETON ELEM & JR HIGH,NEIGHBOURHOOD PARK,1,TITLED,NO BREAKDOWN,CULTURALLY SIGNIFICANT SITE,SITE SPLIT HID414: NEW SITE HID417,HID417,,CALGARY PARKS SHARED,CALGARY PARKS SHARED,,ACTIVE,[-114.11035715   51.150932  ]
1737,,NEIGHBOURHOOD PARK,1,TITLED,NO BREAKDOWN,,SITE SPLIT MOR383: NEW SITE MOR392,MOR392,,CALGARY PARKS SHARED,CALGARY PARKS,,ACTIVE,[-113.93018482   51.09233351]
1738,DR MARTHA COHEN SCHOOL,COMMUNITY PARK,1,TITLED,NO BREAKDOWN,,SITE SPLIT NEB844: NEW SITE NEB701,NEB701,,CALGARY PARKS SHARED,CALGARY PARKS SHARED,,ACTIVE,[-113.94352329   50.9184525 ]
1739,ST MARGUERITE ELEM,COMMUNITY PARK,1,TITLED,NO BREAKDOWN,,SITE SPLIT NEB844: NEW SITE NEB702,NEB702,,CALGARY PARKS SHARED,CALGARY PARKS SHARED,,ACTIVE,[-113.93905704   50.92131781]
1740,,SUBNEIGHBOURHOOD PARK,1,TITLED,NO BREAKDOWN,,SITE SPLIT ROC402: NEW SITE ROC398,ROC398,,CALGARY PARKS,CALGARY PARKS SHARED,"MAINTAINED AS PER LANDSCAPE MAINTENANCE AGREEMENT, EXPIRES 2042/12/31; SEE PARIS_REPOSITORY\AGREEMENTS\LANDSCAPE_MAINTENANCE_AGREEMENT",ACTIVE,[-114.23841788   51.14730593]
1741,,DISTRICT PARK,1,TITLED,NO BREAKDOWN,CULTURALLY SIGNIFICANT SITE,,ROY388,,CALGARY PARKS SHARED,CALGARY PARKS SHARED,,ACTIVE,[-114.22562212   51.14199575]
1742,RIVERBEND SCHOOL; RIVERBEND COMMUNITY ASSOC,COMMUNITY PARK,1,TITLED,NO BREAKDOWN,CULTURALLY SIGNIFICANT SITE,SITE SPLIT RIV880,RIV880,,CALGARY PARKS SHARED,CALGARY PARKS SHARED,,ACTIVE,[-114.01836918   50.9712277 ]
1743,,SUBNEIGHBOURHOOD PARK,1,TITLED,NO BREAKDOWN,CULTURALLY SIGNIFICANT SITE,SITE SPLIT RIV880: NEW SITE RIV704,RIV704,,CALGARY PARKS SHARED,CALGARY PARKS SHARED,,ACTIVE,[-114.01978963   50.96751395]
1744,,COMMUNITY PARK,1,TITLED,NO BREAKDOWN,,SITE SPLIT NEB842: NEW SITE NEB847 FOR STORM POND,NEB847,,CALGARY PARKS SHARED,CALGARY PARKS SHARED,,ACTIVE,[-113.94154946   50.92692679]
1745,,SUBNEIGHBOURHOOD PARK,1,TITLED,NO BREAKDOWN,CULTURALLY SIGNIFICANT SITE,SITE SPLIT RIV840: NEW SITE RIV703,RIV702,,CALGARY PARKS SHARED,CALGARY PARKS SHARED,PARKS DEPOT ON SITE,ACTIVE,[-114.02616494   50.97516819]
1746,,SUBNEIGHBOURHOOD PARK,1,TITLED,NO BREAKDOWN,CULTURALLY SIGNIFICANT SITE,SITE SPLIT RIV840: NEW SITE RIV701,RIV701,,CALGARY PARKS SHARED,CALGARY PARKS SHARED,PARKS DEPOT ON SITE,ACTIVE,[-114.02957272   50.97774416]
1747,,COMMUNITY PARK,1,TITLED,NO BREAKDOWN,,SITE SPLIT MOR298: NEW SITE MOR299,MOR299,,CALGARY PARKS,CALGARY PARKS SHARED,,ACTIVE,[-113.93004082   51.07252113]
1748,,SUBNEIGHBOURHOOD PARK,1,TITLED,NO BREAKDOWN,,,GRE001,,CALGARY PARKS,CALGARY PARKS,,ACTIVE,[-114.22106649   51.08900934]
1749,,SUBNEIGHBOURHOOD PARK,1,TITLED,NO BREAKDOWN,,,CAR015,,CALGARY PARKS,CALGARY PARKS,,ACTIVE,[-114.09030475   51.17782908]
1750,PUMPHOUSE THEATRE,COMMUNITY PARK,1,TITLED,NO BREAKDOWN,CULTURALLY SIGNIFICANT SITE,,SNA178,,CALGARY PARKS SHARED,CALGARY PARKS SHARED,PARKS DEPOT ON SITE,ACTIVE,[-114.10669364   51.04722216]
1751,,COMMUNITY PARK,1,TITLED,NO BREAKDOWN,CULTURALLY SIGNIFICANT SITE,,NHV672,,CALGARY PARKS,CALGARY PARKS,,ACTIVE,[-114.09143213   51.10176258]
1752,,NEIGHBOURHOOD PARK,1,TITLED,NO BREAKDOWN,CULTURALLY SIGNIFICANT SITE,,ACA205,,CALGARY PARKS,CALGARY PARKS,,ACTIVE,[-114.04463749   50.97316527]
1753,,COMMUNITY PARK,1,TITLED,NO BREAKDOWN,CULTURALLY SIGNIFICANT SITE,SITE SPLIT WAL200: NEW SITE WAL205,WAL205,,CALGARY PARKS,CALGARY PARKS,,ACTIVE,[-114.0091749    50.86666113]
1754,,SUBNEIGHBOURHOOD PARK,1,TITLED,NO BREAKDOWN,,,PEN590,,CALGARY PARKS,CALGARY PARKS,,ACTIVE,[-113.95440037   51.05197958]
1755,CORNERSTONE PARK,DISTRICT PARK,1,TITLED,NO BREAKDOWN,,,CSC003,,CALGARY PARKS,CALGARY PARKS,,ACTIVE,[-113.95678424   51.14772899]
1756,LAKESHORE SCHOOL,COMMUNITY PARK,1,TITLED,NO BREAKDOWN,,SITE SPLIT AUB009: NEW SITE AUB020 FOR LAKESHORE SCHOOL,AUB020,,CALGARY PARKS SHARED,CALGARY PARKS SHARED,,ACTIVE,[-113.95269341   50.89697693]
1757,MOUNTAIN PARK JR HIGH,COMMUNITY PARK,1,TITLED,NO BREAKDOWN,,SITE SPLIT MCK718: NEW SITE MCK721 FOR MOUNTAIN PARK SCHOOL,MCK721,,CALGARY PARKS SHARED,CALGARY PARKS SHARED,,ACTIVE,[-113.98279072   50.92515857]
1758,,SUBNEIGHBOURHOOD PARK,1,TITLED,NO BREAKDOWN,CULTURALLY SIGNIFICANT SITE,SITE SPLIT MCK718: NEW SITE MCK723,MCK723,,CALGARY PARKS,CALGARY PARKS,,ACTIVE,[-113.99018663   50.91523879]
1759,,SUBNEIGHBOURHOOD PARK,1,TITLED,NO BREAKDOWN,CULTURALLY SIGNIFICANT SITE,SITE SPLIT MCK718: NEW SITE MCK724,MCK724,,CALGARY PARKS,CALGARY PARKS,,ACTIVE,[-113.9942452    50.91251513]
1760,,SUBNEIGHBOURHOOD PARK,1,TITLED,NO BREAKDOWN,,SITE SPLIT MCK718: NEW SITE MCK725,MCK725,,CALGARY PARKS SHARED,CALGARY PARKS SHARED,,ACTIVE,[-113.99693313   50.90960786]
1761,,SUBNEIGHBOURHOOD PARK,1,TITLED,NO BREAKDOWN,CULTURALLY SIGNIFICANT SITE,SITE SPLIT MCK718: NEW SITE MCK726,MCK726,,CALGARY PARKS SHARED,CALGARY PARKS SHARED,,ACTIVE,[-114.00018703   50.9068111 ]
1762,,SUBNEIGHBOURHOOD PARK,1,TITLED,NO BREAKDOWN,,SITE SPLIT MCK718: NEW SITE MCK727,MCK727,,CALGARY PARKS,CALGARY PARKS,,ACTIVE,[-113.99771488   50.9032393 ]
1763,,SUBNEIGHBOURHOOD PARK,1,TITLED,NO BREAKDOWN,CULTURALLY SIGNIFICANT SITE,SITE SPLIT MCK718: NEW SITE MCK720,MCK720,,CALGARY PARKS SHARED,CALGARY PARKS SHARED,,ACTIVE,[-113.98831602   50.9317482 ]
1764,,SUBNEIGHBOURHOOD PARK,1,TITLED,NO BREAKDOWN,CULTURALLY SIGNIFICANT SITE,SITE SPLIT MCK718: NEW SITE MCK728,MCK728,,CALGARY PARKS SHARED,CALGARY PARKS SHARED,,ACTIVE,[-113.99609454   50.89991055]
1765,,SUBNEIGHBOURHOOD PARK,1,TITLED,NO BREAKDOWN,CULTURALLY SIGNIFICANT SITE,2022/07/14: AT FAC MAKE MAINTAIINED BY = DEVELOPER AGREEMENT - DEVELOPER WILL MAINTAIN FOR THE 2022 SEASON,SGH030,,CALGARY PARKS,CALGARY PARKS,,ACTIVE,[-114.1476359    51.17475859]
1766,,NEIGHBOURHOOD PARK,1,TITLED,NO BREAKDOWN,,SITE SPLIT SOW224: NEW SITE SOW207,SOW207,,CALGARY PARKS,CALGARY PARKS,PARKS DEPOT ON SITE,ACTIVE,[-114.07748147   50.95350496]
1767,,NEIGHBOURHOOD PARK,1,TITLED,NO BREAKDOWN,,,CSC005,,CALGARY PARKS & CBE,CALGARY PARKS SHARED,,ACTIVE,[-113.96497695   51.14968587]
1768,,SUBNEIGHBOURHOOD PARK,1,TITLED,NO BREAKDOWN,CULTURALLY SIGNIFICANT SITE,SITE SPLIT SCE419: NEW SITE SCE420,SCE420,,CALGARY PARKS,CALGARY PARKS SHARED,"MAINTAINED AS PER LANDSCAPE MAINTENANCE AGREEMENT, EXPIRES 2042/12/31; SEE PARIS_REPOSITORY\AGREEMENTS\LANDSCAPE_MAINTENANCE_AGREEMENT",ACTIVE,[-114.22172144   51.12702376]
1769,,LINEAR PARK,1,TITLED,NO BREAKDOWN,,,FAL105,,CALGARY PARKS,CALGARY PARKS,,ACTIVE,[-113.94704805   51.10164169]
1770,,SUBNEIGHBOURHOOD PARK,1,TITLED,NO BREAKDOWN,,SITE SPLIT SCE352: NEW SITE SCE355,SCE355,,CALGARY PARKS SHARED,CALGARY PARKS SHARED,"MAINTAINED AS PER LANDSCAPE MAINTENANCE AGREEMENT, EXPIRES 2042/12/31; SEE PARIS_REPOSITORY\AGREEMENTS\LANDSCAPE_MAINTENANCE_AGREEMENT",ACTIVE,[-114.2147448   51.1085109]
1771,MEMORIAL DRIVE PATHWAY,REGIONAL PARK,2,NON TITLED,RDMJ - BOULEVARD AND MEDIAN MAJOR,,,HIL498,RIVER VALLEY SYSTEM: MEMORIAL DRIVE,CALGARY PARKS SHARED,CALGARY PARKS SHARED,,ACTIVE,[-114.10022426   51.04872648]
1772,,SUBNEIGHBOURHOOD PARK,1,TITLED,NO BREAKDOWN,,SITE SPLIT SCE352: NEW SITE SCE347,SCE347,,CALGARY PARKS,CALGARY PARKS SHARED,"MAINTAINED AS PER LANDSCAPE MAINTENANCE AGREEMENT, EXPIRES 2042/12/31; SEE PARIS_REPOSITORY\AGREEMENTS\LANDSCAPE_MAINTENANCE_AGREEMENT",ACTIVE,[-114.218446     51.10790788]
1773,,SUBNEIGHBOURHOOD PARK,1,TITLED,NO BREAKDOWN,,SITE SPLIT MPK102,MPK102,,CALGARY PARKS,CALGARY PARKS,,ACTIVE,[-113.94442301   51.05299703]
1774,,LINEAR PARK,1,TITLED,NO BREAKDOWN,,SITE SPLIT MPK102: NEW SITE MPK103,MPK103,,CALGARY PARKS,CALGARY PARKS,,ACTIVE,[-113.94696534   51.05285128]
1775,RUNDLE SCHOOL,NEIGHBOURHOOD PARK,1,TITLED,NO BREAKDOWN,,SITE SPLIT RUN248: NEW SITE RUN246,RUN246,,CALGARY PARKS SHARED,CALGARY PARKS SHARED,,ACTIVE,[-113.97323031   51.07191412]
1776,CECIL SWANSON ELEM,NEIGHBOURHOOD PARK,1,TITLED,NO BREAKDOWN,,SITE SPLIT RUN259: NEW SITE RUN249,RUN249,,CALGARY PARKS SHARED,CALGARY PARKS SHARED,,ACTIVE,[-113.96667859   51.07415593]
1777,HOLY CHILD SCHOOL,COMMUNITY PARK,1,TITLED,NO BREAKDOWN,,SITE SPLIT SVO857: NEW SITE SVO757,SVO757,,CALGARY PARKS,CALGARY PARKS SHARED,,ACTIVE,[-114.08423758   50.88568526]
1778,TEMPLE COMMUNITY ASSOC,DISTRICT PARK,1,TITLED,NO BREAKDOWN,,SITE SPLIT TEM152: NEW SITE TEM153,TEM153,,CALGARY PARKS SHARED,CALGARY PARKS,,ACTIVE,[-113.94568875   51.08879973]
1779,,SUBNEIGHBOURHOOD PARK,1,TITLED,NO BREAKDOWN,,,PUM038,,CALGARY PARKS,CALGARY PARKS,,ACTIVE,[-114.10094298   50.96563792]
1780,,SUBNEIGHBOURHOOD PARK,1,TITLED,NO BREAKDOWN,,,ALP002,,CALGARY PARKS,CALGARY PARKS,,ACTIVE,[-114.14404799   50.91705876]
1781,,COMMUNITY PARK,1,TITLED,NO BREAKDOWN,CULTURALLY SIGNIFICANT SITE,,HSN011,,CALGARY PARKS,CALGARY PARKS,,ACTIVE,[-114.28148954   51.10598147]
1782,,SUBNEIGHBOURHOOD PARK,1,TITLED,NO BREAKDOWN,CULTURALLY SIGNIFICANT SITE,,SVO100,,CALGARY PARKS,CALGARY PARKS,,ACTIVE,[-114.08997886   50.88848693]
1783,,NEIGHBOURHOOD PARK,1,TITLED,NO BREAKDOWN,,SITE SPLIT WIN800: NEW SITE WIN305,WIN305,,CALGARY PARKS,CALGARY PARKS,,ACTIVE,[-114.04804395   51.07745824]
1784,,SUBNEIGHBOURHOOD PARK,1,TITLED,NO BREAKDOWN,CULTURALLY SIGNIFICANT SITE,,HSN004,,CALGARY PARKS,CALGARY PARKS,,ACTIVE,[-114.27622945   51.10583725]
1785,,NON-PARK,1,TITLED,NO BREAKDOWN,CULTURALLY SIGNIFICANT SITE,,VAL706,,CALGARY PARKS,CALGARY ROADS,,ACTIVE,[-114.26011389   51.09975066]
1786,,SUBNEIGHBOURHOOD PARK,1,TITLED,NO BREAKDOWN,CULTURALLY SIGNIFICANT SITE,,HID536,,CALGARY PARKS,CALGARY PARKS,,ACTIVE,[-114.10683536   51.15348925]
1787,,LINEAR PARK,1,TITLED,CITY - CITY OWNED LAND,CULTURALLY SIGNIFICANT SITE,,HID238,,CALGARY PARKS,CALGARY PARKS,,ACTIVE,[-114.10348152   51.15420902]
1788,,COMMUNITY PARK,1,TITLED,MR - MUNICIPAL RESERVE,,,RVW007,,CALGARY PARKS,CALGARY PARKS,,ACTIVE,[-113.91677539   50.88008929]
1789,MCDOUGALL CAIRN PARK,SUBNEIGHBOURHOOD PARK,1,TITLED,NO BREAKDOWN,CULTURALLY SIGNIFICANT SITE,,PAN800,,CALGARY PARKS,CALGARY PARKS,DO NOT DRIVE IN SITE,ACTIVE,[-114.0926375    51.17077557]
1790,,NEIGHBOURHOOD PARK,1,TITLED,NO BREAKDOWN,,,OGD803,,CALGARY PARKS,CALGARY PARKS,,ACTIVE,[-114.00491698   50.9910699 ]
1791,,NEIGHBOURHOOD PARK,1,TITLED,NO BREAKDOWN,CULTURALLY SIGNIFICANT SITE,SITE SPLIT TUS620: NEW SITE TUS720,TUS720,,CALGARY PARKS,CALGARY PARKS SHARED,"MAINTAINED AS PER LANDSCAPE MAINTENANCE AGREEMENT, EXPIRES 2042/12/31; SEE PARIS_REPOSITORY\AGREEMENTS\LANDSCAPE_MAINTENANCE_AGREEMENT",ACTIVE,[-114.24026478   51.12616224]
1792,,NEIGHBOURHOOD PARK,1,TITLED,NO BREAKDOWN,CULTURALLY SIGNIFICANT SITE,SITE SPLIT TUS620: NEW SITE TUS721,TUS721,,CALGARY PARKS & CSSB,CALGARY PARKS SHARED,"MAINTAINED AS PER LANDSCAPE MAINTENANCE AGREEMENT, EXPIRES 2042/12/31; SEE PARIS_REPOSITORY\AGREEMENTS\LANDSCAPE_MAINTENANCE_AGREEMENT",ACTIVE,[-114.23811234   51.13097227]
1793,ECOLE DE LA SOURCE,COMMUNITY PARK,1,TITLED,NO BREAKDOWN,,SITE SPLIT ACA196,ACA196,,CALGARY PARKS SHARED,CALGARY PARKS SHARED,,ACTIVE,[-114.06289196   50.96932493]
1794,,COMMUNITY PARK,1,TITLED,NO BREAKDOWN,,SITE SPLIT VIS250: NEW SITE VIS220,VIS220,,CALGARY PARKS SHARED,CALGARY PARKS SHARED,,ACTIVE,[-114.01624586   51.07509461]
1795,,NEIGHBOURHOOD PARK,1,TITLED,NO BREAKDOWN,,SITE SPLIT SPR906: NEW SITE SPH609,SPH609,,CALGARY PARKS,CALGARY PARKS SHARED,,ACTIVE,[-114.22773565   51.03494744]
1796,,SUBNEIGHBOURHOOD PARK,1,TITLED,NO BREAKDOWN,CULTURALLY SIGNIFICANT SITE,,SVO706,,CALGARY PARKS SHARED,CALGARY PARKS SHARED,THE NORTH-SOUTH PARCEL WITHIN THIS SITE IS OWNED BY SILVERADO RESIDENTS ASSOC,ACTIVE,[-114.08796643   50.88495638]
1797,,SUBNEIGHBOURHOOD PARK,1,TITLED,NO BREAKDOWN,,SITE SPLIT HAW006: NEW SITE HAW017,HAW017,,CALGARY PARKS,CALGARY PARKS SHARED,"MAINTAINED AS PER LANDSCAPE MAINTENANCE AGREEMENT, EXPIRES 2042/12/31; SEE PARIS_REPOSITORY\AGREEMENTS\LANDSCAPE_MAINTENANCE_AGREEMENT",ACTIVE,[-114.171471     51.13190589]
1798,ARCHER ISLAND,NON-PARK,1,TITLED,NO BREAKDOWN,CULTURALLY SIGNIFICANT SITE,,SHG505,,CALGARY PARKS,CALGARY PARKS,ISLAND IN BOW RIVER,ACTIVE,[-114.12018971   51.04912105]
1799,,SUBNEIGHBOURHOOD PARK,1,TITLED,NO BREAKDOWN,,SITE SPLIT HAW006: NEW SITE HAW018,HAW018,,CALGARY PARKS,CALGARY PARKS SHARED,"MAINTAINED AS PER LANDSCAPE MAINTENANCE AGREEMENT, EXPIRES 2042/12/31; SEE PARIS_REPOSITORY\AGREEMENTS\LANDSCAPE_MAINTENANCE_AGREEMENT",ACTIVE,[-114.17405758   51.1327564 ]
1800,,SUBNEIGHBOURHOOD PARK,1,TITLED,NO BREAKDOWN,CULTURALLY SIGNIFICANT SITE,SITE SPLIT HAM187: NEW SITE HAM193,HAM193,,CALGARY PARKS SHARED,CALGARY PARKS SHARED,"MAINTAINED AS PER LANDSCAPE MAINTENANCE AGREEMENT, EXPIRES 2042/12/31; SEE PARIS_REPOSITORY\AGREEMENTS\LANDSCAPE_MAINTENANCE_AGREEMENT",ACTIVE,[-114.15509262   51.14602307]
1801,,NEIGHBOURHOOD PARK,1,TITLED,NO BREAKDOWN,,,HAY197,,CALGARY PARKS,CALGARY PARKS,,ACTIVE,[-114.09442727   50.97420824]
1802,SHOULDICE ATHLETIC PARK,REGIONAL PARK,1,TITLED,NO BREAKDOWN,CULTURALLY SIGNIFICANT SITE,SITE HAS HOLE; COULD BE SPLIT,MON291,,CALGARY PARKS SHARED,CALGARY PARKS SHARED,PROVINCIALLY APPROVED HERITAGE SITE 1988/08/09,ACTIVE,[-114.17039704   51.07436698]
1803,DIVINE MERCY ELEM,COMMUNITY PARK,1,TITLED,NO BREAKDOWN,,SITE SPLIT MAH002,MAH002,,CALGARY PARKS,CALGARY PARKS SHARED,,ACTIVE,[-113.92410386   50.90121633]
1804,NEW BRIGHTON SCHOOL,COMMUNITY PARK,1,TITLED,NO BREAKDOWN,,SITE SPLIT NEB844: NEW SITE NEB700,NEB700,,CALGARY PARKS SHARED,CALGARY PARKS SHARED,,ACTIVE,[-113.95139885   50.91920412]
1805,,SUBNEIGHBOURHOOD PARK,1,TITLED,NO BREAKDOWN,CULTURALLY SIGNIFICANT SITE,SITE SPLIT HAM187: NEW SITE HAM190,HAM190,,CALGARY PARKS SHARED,CALGARY PARKS SHARED,"MAINTAINED AS PER LANDSCAPE MAINTENANCE AGREEMENT, EXPIRES 2042/12/31; SEE PARIS_REPOSITORY\AGREEMENTS\LANDSCAPE_MAINTENANCE_AGREEMENT",ACTIVE,[-114.1625794   51.1426483]
1806,,SUBNEIGHBOURHOOD PARK,1,TITLED,NO BREAKDOWN,CULTURALLY SIGNIFICANT SITE,SITE SPLIT HAM187: NEW SITE HAM194,HAM194,,CALGARY PARKS SHARED,CALGARY PARKS SHARED,"MAINTAINED AS PER LANDSCAPE MAINTENANCE AGREEMENT, EXPIRES 2042/12/31; SEE PARIS_REPOSITORY\AGREEMENTS\LANDSCAPE_MAINTENANCE_AGREEMENT",ACTIVE,[-114.15531913   51.14511798]
1807,,SUBNEIGHBOURHOOD PARK,1,TITLED,NO BREAKDOWN,CULTURALLY SIGNIFICANT SITE,SITE SPLIT HAM187: NEW SITE HAM191,HAM191,,CALGARY PARKS SHARED,CALGARY PARKS SHARED,"MAINTAINED AS PER LANDSCAPE MAINTENANCE AGREEMENT, EXPIRES 2042/12/31; SEE PARIS_REPOSITORY\AGREEMENTS\LANDSCAPE_MAINTENANCE_AGREEMENT",ACTIVE,[-114.16145136   51.14474525]
1808,,SUBNEIGHBOURHOOD PARK,1,TITLED,NO BREAKDOWN,CULTURALLY SIGNIFICANT SITE,SITE SPLIT HAM187: NEW SITE HAM192,HAM192,,CALGARY PARKS SHARED,CALGARY PARKS SHARED,"MAINTAINED AS PER LANDSCAPE MAINTENANCE AGREEMENT, EXPIRES 2042/12/31; SEE PARIS_REPOSITORY\AGREEMENTS\LANDSCAPE_MAINTENANCE_AGREEMENT",ACTIVE,[-114.15865385   51.14557453]
1809,,SUBNEIGHBOURHOOD PARK,1,TITLED,NO BREAKDOWN,CULTURALLY SIGNIFICANT SITE,SITE SPLIT PAN060: NEW SITE PAN102,PAN102,,CALGARY PARKS,CALGARY PARKS,,ACTIVE,[-114.08304507   51.1707575 ]
1810,,SUBNEIGHBOURHOOD PARK,1,TITLED,NO BREAKDOWN,CULTURALLY SIGNIFICANT SITE,SITE SPLIT PAN060: NEW SITE PAN103,PAN103,,CALGARY PARKS,CALGARY PARKS SHARED,,ACTIVE,[-114.07767323   51.17088513]
1811,,COMMUNITY PARK,1,TITLED,NO BREAKDOWN,CULTURALLY SIGNIFICANT SITE,,EVE814,,CALGARY PARKS,CALGARY PARKS SHARED,,ACTIVE,[-114.11938491   50.92432377]
1812,,SUBNEIGHBOURHOOD PARK,1,TITLED,NO BREAKDOWN,,,EVE109,,CALGARY PARKS SHARED,CALGARY PARKS SHARED,,ACTIVE,[-114.10612521   50.91401117]
1813,,SUBNEIGHBOURHOOD PARK,1,TITLED,NO BREAKDOWN,,,HAY237,,CALGARY PARKS,CALGARY PARKS,,ACTIVE,[-114.08111347   50.96837239]
1814,,SUBNEIGHBOURHOOD PARK,1,TITLED,NO BREAKDOWN,CULTURALLY SIGNIFICANT SITE,SITE SPLIT EVN260: NEW SITE EVN250,EVN250,,CALGARY PARKS SHARED,CALGARY PARKS SHARED,MAINTENANCE IS SHARED WITH DEVELOPER AND PARKS,ACTIVE,[-114.12513008   51.16609238]
1815,,SUBNEIGHBOURHOOD PARK,1,TITLED,NO BREAKDOWN,CULTURALLY SIGNIFICANT SITE,SITE SPLIT EVN260: NEW SITE EVN251,EVN251,,CALGARY PARKS SHARED,CALGARY PARKS SHARED,MAINTENANCE IS SHARED WITH DEVELOPER AND PARKS,ACTIVE,[-114.1239445    51.16429833]
1816,,SUBNEIGHBOURHOOD PARK,1,TITLED,NO BREAKDOWN,CULTURALLY SIGNIFICANT SITE,SITE SPLIT EVN260: NEW SITE EVN252,EVN252,,CALGARY PARKS SHARED,CALGARY PARKS SHARED,MAINTENANCE IS SHARED WITH DEVELOPER AND PARKS,ACTIVE,[-114.12073508   51.1633796 ]
1817,,NEIGHBOURHOOD PARK,1,TITLED,NO BREAKDOWN,CULTURALLY SIGNIFICANT SITE,SITE SPLIT OAK075: NEW SITE OAK080,OAK080,,CALGARY PARKS SHARED,CALGARY PARKS SHARED,,ACTIVE,[-114.13730551   50.96556059]
1818,,LINEAR PARK,1,TITLED,NO BREAKDOWN,CULTURALLY SIGNIFICANT SITE,SITE SPLIT TUS603: NEWSITE TUS006,TUS506,,CALGARY PARKS SHARED,CALGARY PARKS SHARED,"MAINTAINED AS PER LANDSCAPE MAINTENANCE AGREEMENT, EXPIRES 2042/12/31; SEE PARIS_REPOSITORY\AGREEMENTS\LANDSCAPE_MAINTENANCE_AGREEMENT",ACTIVE,[-114.2412068    51.11362503]
1819,,NEIGHBOURHOOD PARK,1,TITLED,NO BREAKDOWN,CULTURALLY SIGNIFICANT SITE,SITE SPLIT BOW199: NEW SITE BOW181,BOW181,,CALGARY PARKS SHARED,CALGARY PARKS,,ACTIVE,[-114.20071129   51.09739865]
1820,,COMMUNITY PARK,1,TITLED,NO BREAKDOWN,,SITE SPLIT SAD379: NEW SITE SAD375,SAD375,,CALGARY PARKS SHARED,CALGARY PARKS SHARED,,ACTIVE,[-113.92583169   51.13417911]
1821,01B GREENWAY,REGIONAL PARK,2,NON TITLED,EA - PARKS EASEMENT,,,01B410,,CALGARY PARKS SHARED,CALGARY PARKS SHARED,GREENWAY MAINTENANCE,ACTIVE,[-114.22705506   51.10445866]
1822,01B GREENWAY,REGIONAL PARK,2,NON TITLED,EA - PARKS EASEMENT,,,01B415,,CALGARY PARKS SHARED,CALGARY PARKS SHARED,GREENWAY MAINTENANCE,ACTIVE,[-114.23227981   51.09920453]
1823,,SUBNEIGHBOURHOOD PARK,1,TITLED,NO BREAKDOWN,CULTURALLY SIGNIFICANT SITE,,HAR774,,CALGARY PARKS SHARED,CALGARY PARKS SHARED,,ACTIVE,[-114.04631264   51.14401119]
1824,,NEIGHBOURHOOD PARK,1,TITLED,NO BREAKDOWN,,,DDG885,,CALGARY PARKS SHARED,CALGARY PARKS SHARED,"PARTIALLY MAINTAINED AS PER LANDSCAPE MAINTENANCE AGREEMENT, EXPIRES 2042/12/31; SEE PARIS_REPOSITORY\AGREEMENTS\LANDSCAPE_MAINTENANCE_AGREEMENT",ACTIVE,[-114.00787862   50.96477958]
1825,,NEIGHBOURHOOD PARK,1,TITLED,NO BREAKDOWN,CULTURALLY SIGNIFICANT SITE,SITE SPLIT KCA838,KCA838,,CALGARY PARKS,CALGARY PARKS SHARED,"MAINTAINED AS PER LANDSCAPE MAINTENANCE AGREEMENT, EXPIRES 2042/12/31; SEE PARIS_REPOSITORY\AGREEMENTS\LANDSCAPE_MAINTENANCE_AGREEMENT",ACTIVE,[-114.1299561    51.16109128]
1826,,SUBNEIGHBOURHOOD PARK,1,TITLED,NO BREAKDOWN,CULTURALLY SIGNIFICANT SITE,SITE SPLIT SIG744: NEW SITE SIG772,SIG772,,CALGARY PARKS,CALGARY PARKS SHARED,,ACTIVE,[-114.18126836   51.02107967]
1827,,SUBNEIGHBOURHOOD PARK,1,TITLED,NO BREAKDOWN,CULTURALLY SIGNIFICANT SITE,SITE SPLIT EDG053: NEW SITE EDG068,EDG068,,CALGARY PARKS,CALGARY PARKS SHARED,"MAINTAINED AS PER LANDSCAPE MAINTENANCE AGREEMENT, EXPIRES 2042/12/31; SEE PARIS_REPOSITORY\AGREEMENTS\LANDSCAPE_MAINTENANCE_AGREEMENT",ACTIVE,[-114.14775201   51.12475846]
1828,,COMMUNITY PARK,1,TITLED,NO BREAKDOWN,,SITE SPLIT NEB844,NEB844,,CALGARY PARKS SHARED,CALGARY PARKS SHARED,,ACTIVE,[-113.94087881   50.9218465 ]
1829,,SUBNEIGHBOURHOOD PARK,1,TITLED,NO BREAKDOWN,CULTURALLY SIGNIFICANT SITE,,HID818,,CALGARY PARKS,CALGARY PARKS,,ACTIVE,[-114.10623626   51.15413104]
1830,TUXEDO PARK ELEMENTARY; TUXEDO PARK COMMUNITY ASSOC,NEIGHBOURHOOD PARK,1,TITLED,NO BREAKDOWN,CULTURALLY SIGNIFICANT SITE,,TUX853,,CALGARY PARKS SHARED,CALGARY PARKS SHARED,,ACTIVE,[-114.06016634   51.07893974]
1831,,NEIGHBOURHOOD PARK,1,TITLED,NO BREAKDOWN,CULTURALLY SIGNIFICANT SITE,SITE SPLIT STR800: NEW SITE STR850,STR850,,CALGARY PARKS SHARED,CALGARY PARKS,,ACTIVE,[-114.16874603   51.04733615]
1832,,NEIGHBOURHOOD PARK,1,TITLED,NO BREAKDOWN,,,GBK600,,CALGARY PARKS,CALGARY PARKS,,ACTIVE,[-114.15959456   51.01993116]
1833,,SUBNEIGHBOURHOOD PARK,1,TITLED,NO BREAKDOWN,CULTURALLY SIGNIFICANT SITE,SITE SPLIT EDG053: NEW SITE EDG069,EDG069,,CALGARY PARKS,CALGARY PARKS SHARED,"MAINTAINED AS PER LANDSCAPE MAINTENANCE AGREEMENT, EXPIRES 2042/12/31; SEE PARIS_REPOSITORY\AGREEMENTS\LANDSCAPE_MAINTENANCE_AGREEMENT",ACTIVE,[-114.13731299   51.12119329]
1834,,SUBNEIGHBOURHOOD PARK,1,TITLED,NO BREAKDOWN,,SITE SPLIT CHR813: NEW SITE CHR814,CHR814,,CALGARY PARKS,CALGARY PARKS SHARED,"MAINTAINED AS PER LANDSCAPE MAINTENANCE AGREEMENT, EXPIRES 2042/12/31; SEE PARIS_REPOSITORY\AGREEMENTS\LANDSCAPE_MAINTENANCE_AGREEMENT",ACTIVE,[-114.17458931   51.03889728]
1835,,SUBNEIGHBOURHOOD PARK,1,TITLED,NO BREAKDOWN,,SITE SPLIT EDG055: NEW SITE EDG070,EDG070,,CALGARY PARKS,CALGARY PARKS SHARED,"MAINTAINED AS PER LANDSCAPE MAINTENANCE AGREEMENT, EXPIRES 2042/12/31; SEE PARIS_REPOSITORY\AGREEMENTS\LANDSCAPE_MAINTENANCE_AGREEMENT",ACTIVE,[-114.14586546   51.13672848]
1836,,SUBNEIGHBOURHOOD PARK,1,TITLED,NO BREAKDOWN,CULTURALLY SIGNIFICANT SITE,SITE SPLIT EDG055: NEW SITE EDG071,EDG071,,CALGARY PARKS,CALGARY PARKS SHARED,"MAINTAINED AS PER LANDSCAPE MAINTENANCE AGREEMENT, EXPIRES 2042/12/31; SEE PARIS_REPOSITORY\AGREEMENTS\LANDSCAPE_MAINTENANCE_AGREEMENT",ACTIVE,[-114.14821412   51.13305502]
1837,,SUBNEIGHBOURHOOD PARK,1,TITLED,NO BREAKDOWN,CULTURALLY SIGNIFICANT SITE,SITE SPLIT EDG055: NEW SITE EDG072,EDG072,,CALGARY PARKS,CALGARY PARKS SHARED,"MAINTAINED AS PER LANDSCAPE MAINTENANCE AGREEMENT, EXPIRES 2042/12/31; SEE PARIS_REPOSITORY\AGREEMENTS\LANDSCAPE_MAINTENANCE_AGREEMENT",ACTIVE,[-114.15037385   51.13261906]
1838,RIVER PARK,REGIONAL PARK,1,TITLED,NO BREAKDOWN,CULTURALLY SIGNIFICANT SITE,SITE SPLIT ALT701: NEW SITE,ALT702,,CALGARY PARKS,CALGARY PARKS,,ACTIVE,[-114.09449101   51.01612536]
1839,,COMMUNITY PARK,1,TITLED,NO BREAKDOWN,,,SVO016,,CALGARY PARKS,CALGARY PARKS,,ACTIVE,[-114.07842484   50.88874637]
1840,,COMMUNITY PARK,1,TITLED,NO BREAKDOWN,CULTURALLY SIGNIFICANT SITE,,CAR016,,CALGARY PARKS,CALGARY PARKS SHARED,,ACTIVE,[-114.07637667   51.18051252]
1841,12B GREENWAY,REGIONAL PARK,2,NON TITLED,EA - PARKS EASEMENT,,,12B003,PARKS FOUNDATION SE CALGARY PH2A GREENWAY,CALGARY PARKS SHARED,CALGARY PARKS SHARED,GREENWAY MAINTENANCE,ACTIVE,[-113.91577499   50.94777104]
1842,EAST SHEPARD GREENWAY,REGIONAL PARK,2,NON TITLED,EA - PARKS EASEMENT,,,ESH007,PARKS FOUNDATION SE CALGARY PH2A GREENWAY,CALGARY PARKS SHARED,CALGARY PARKS SHARED,GREENWAY MAINTENANCE,ACTIVE,[-113.92206706   50.94784182]
1843,,SUBNEIGHBOURHOOD PARK,1,TITLED,NO BREAKDOWN,CULTURALLY SIGNIFICANT SITE,,BED713,RIVER VALLEY SYSTEM: NOSE CREEK,CALGARY PARKS SHARED,CALGARY PARKS SHARED,,ACTIVE,[-114.05400134   51.1260807 ]
1844,,SUBNEIGHBOURHOOD PARK,1,TITLED,NO BREAKDOWN,CULTURALLY SIGNIFICANT SITE,SITE SPLIT EDG055: NEW SITE EDG073,EDG073,,CALGARY PARKS,CALGARY PARKS SHARED,"MAINTAINED AS PER LANDSCAPE MAINTENANCE AGREEMENT, EXPIRES 2042/12/31; SEE PARIS_REPOSITORY\AGREEMENTS\LANDSCAPE_MAINTENANCE_AGREEMENT",ACTIVE,[-114.14616162   51.13252531]
1845,,SUBNEIGHBOURHOOD PARK,1,TITLED,NO BREAKDOWN,CULTURALLY SIGNIFICANT SITE,SITE SPLIT COV945: NEW SITE COV946,COV946,,CALGARY PARKS,CALGARY PARKS,,ACTIVE,[-114.04183992   51.16200317]
1846,,COMMUNITY PARK,1,TITLED,NO BREAKDOWN,CULTURALLY SIGNIFICANT SITE,SITE SPLIT CRA030: NEW SITE CRA100,CRA100,,CALGARY PARKS SHARED,CALGARY PARKS SHARED,,ACTIVE,[-113.99579767   50.89201013]
1847,,NON-PARK,1,TITLED,NO BREAKDOWN,CULTURALLY SIGNIFICANT SITE,TRANSFER TO WATER RESOURCES,WBN333,,CALGARY PARKS,CALGARY OTHER BUSINESS UNIT,LIFT STATION L38A,ACTIVE,[-114.12168171   50.93269394]
1848,,DISTRICT PARK,1,TITLED,NO BREAKDOWN,,SITE SPLIT MCI091: NEW SITE MCI093,MCI094,,CALGARY PARKS SHARED,CALGARY PARKS SHARED,,ACTIVE,[-114.01877888   51.09148386]
1849,,DISTRICT PARK,1,TITLED,NO BREAKDOWN,,SITE SPLIT MCI091: ADJUSTED SITE MCI095,MCI095,,CALGARY PARKS SHARED,CALGARY PARKS SHARED,,ACTIVE,[-114.01628399   51.09007684]
1850,,DISTRICT PARK,1,TITLED,NO BREAKDOWN,,SITE SPLIT MCI091: ADJUSTED SITE MCI096,MCI096,,CALGARY PARKS SHARED,CALGARY PARKS SHARED,,ACTIVE,[-114.01634284   51.08793552]
1851,,NEIGHBOURHOOD PARK,1,TITLED,MR - MUNICIPAL RESERVE,,,GLR002,,CALGARY PARKS,CALGARY PARKS SHARED,,ACTIVE,[-114.1700947    51.18629843]
1852,ABBEYDALE GREENWAY,REGIONAL PARK,2,NON TITLED,EA - PARKS EASEMENT,,,ABB557,ABBEYDALE GREENWAY,CALGARY PARKS SHARED,CALGARY PARKS SHARED,,ACTIVE,[-113.92608993   51.06198859]
1853,,SUBNEIGHBOURHOOD PARK,1,TITLED,NO BREAKDOWN,,,CAR010,,CALGARY PARKS,CALGARY PARKS,,ACTIVE,[-114.09208484   51.18632218]
1854,,COMMUNITY PARK,1,TITLED,NO BREAKDOWN,,,MAH020,,CALGARY PARKS,CALGARY PARKS,,ACTIVE,[-113.91792217   50.89288442]
1855,,DISTRICT PARK,1,TITLED,NO BREAKDOWN,,,HSD001,,CALGARY PARKS,CALGARY PARKS,,ACTIVE,[-113.91542155   51.11452643]
1856,,SUBNEIGHBOURHOOD PARK,1,TITLED,NO BREAKDOWN,,,NOL001,,CALGARY PARKS,CALGARY PARKS,,ACTIVE,[-114.1611537    51.17791228]
1857,,NEIGHBOURHOOD PARK,1,TITLED,NO BREAKDOWN,CULTURALLY SIGNIFICANT SITE,,MDH001,,CALGARY PARKS,CALGARY PARKS,,ACTIVE,[-114.20577896   51.0807521 ]
1858,,SUBNEIGHBOURHOOD PARK,1,TITLED,NO BREAKDOWN,CULTURALLY SIGNIFICANT SITE,,SHS002,,CALGARY PARKS,CALGARY PARKS,,ACTIVE,[-114.08637367   50.92274722]
1859,,DISTRICT PARK,1,TITLED,NO BREAKDOWN,CULTURALLY SIGNIFICANT SITE,SITE SPLIT WAL200. UPDATE SITE BOUNDARY AFTER PRELIMINARY PARCEL RECIEVES CCC,WAL200,,CALGARY PARKS,CALGARY PARKS SHARED,,ACTIVE,[-114.01964424   50.86797302]
1860,,SUBNEIGHBOURHOOD PARK,1,TITLED,NO BREAKDOWN,,,MAH033,,CALGARY PARKS,CALGARY PARKS,,ACTIVE,[-113.91410105   50.88981836]
1861,CRANSTON FISH CREEK PARK BUFFER,NEIGHBOURHOOD PARK,1,TITLED,NO BREAKDOWN,CULTURALLY SIGNIFICANT SITE,SITE SPLIT CRA030: NEW SITE CRA047,CRA047,,CALGARY PARKS SHARED,CALGARY PARKS SHARED,,ACTIVE,[-113.99395818   50.88878372]
1862,,SUBNEIGHBOURHOOD PARK,1,TITLED,NO BREAKDOWN,CULTURALLY SIGNIFICANT SITE,SITE SPLIT CRA030: NEW SITE CRA102,CRA102,,CALGARY PARKS SHARED,CALGARY PARKS SHARED,,ACTIVE,[-113.99298735   50.8900738 ]
1863,,LINEAR PARK,1,TITLED,NO BREAKDOWN,CULTURALLY SIGNIFICANT SITE,SITE SPLIT CRA030: NEW SITE CRA103,CRA103,,CALGARY PARKS SHARED,CALGARY PARKS SHARED,,ACTIVE,[-113.99276369   50.88660864]
1864,,LINEAR PARK,1,TITLED,NO BREAKDOWN,CULTURALLY SIGNIFICANT SITE,SITE SPLIT CRA030: NEW SITE CRA104,CRA104,,CALGARY PARKS SHARED,CALGARY PARKS SHARED,,ACTIVE,[-113.99181818   50.8855144 ]
1865,,SUBNEIGHBOURHOOD PARK,1,TITLED,NO BREAKDOWN,CULTURALLY SIGNIFICANT SITE,SITE SPLIT CRA030: NEW SITE CRA111,CRA111,,CALGARY PARKS SHARED,CALGARY PARKS SHARED,,ACTIVE,[-113.99000425   50.87575962]
1866,,LINEAR PARK,1,TITLED,NO BREAKDOWN,CULTURALLY SIGNIFICANT SITE,SITE SPLIT CRA030: NEW SITE CRA101,CRA101,,CALGARY PARKS SHARED,CALGARY PARKS SHARED,,ACTIVE,[-113.99536822   50.88980571]
1867,,SUBNEIGHBOURHOOD PARK,1,TITLED,NO BREAKDOWN,CULTURALLY SIGNIFICANT SITE,SITE SPLIT CRA030: NEW SITE CRA105,CRA105,,CALGARY PARKS SHARED,CALGARY PARKS SHARED,,ACTIVE,[-113.98923724   50.88396539]
1868,,SUBNEIGHBOURHOOD PARK,1,TITLED,NO BREAKDOWN,CULTURALLY SIGNIFICANT SITE,SITE SPLIT CRA030: NEW SITE CRA106,CRA106,,CALGARY PARKS SHARED,CALGARY PARKS SHARED,,ACTIVE,[-113.98409417   50.88115062]
1869,,SUBNEIGHBOURHOOD PARK,1,TITLED,NO BREAKDOWN,CULTURALLY SIGNIFICANT SITE,SITE SPLIT CRA030: NEW SITE CRA107,CRA107,,CALGARY PARKS SHARED,CALGARY PARKS SHARED,,ACTIVE,[-113.98838317   50.87827827]
1870,NORTHERN LIGHTS SCHOOL,COMMUNITY PARK,1,TITLED,NO BREAKDOWN,CULTURALLY SIGNIFICANT SITE,SITE SPLIT COV873: NEW SITE COV773,COV773,,CALGARY PARKS SHARED,CALGARY PARKS SHARED,,ACTIVE,[-114.04832269   51.15797714]
1871,,SUBNEIGHBOURHOOD PARK,1,TITLED,NO BREAKDOWN,CULTURALLY SIGNIFICANT SITE,SITE SPLIT COV873: NEW SITE COV774,COV774,,CALGARY PARKS,CALGARY PARKS,,ACTIVE,[-114.04825979   51.16106168]
1872,,NEIGHBOURHOOD PARK,1,TITLED,NO BREAKDOWN,CULTURALLY SIGNIFICANT SITE,SITE SPLIT SIL245. NEW SITE SIL241 CREATED,SIL241,,CALGARY PARKS SHARED,CALGARY PARKS SHARED,,ACTIVE,[-114.20036317   51.10702854]
1873,AUBURN BAY ELEM,NEIGHBOURHOOD PARK,1,TITLED,NO BREAKDOWN,,SITE SPLIT AUB201,AUB201,,CALGARY PARKS SHARED,CALGARY PARKS SHARED,,ACTIVE,[-113.96289026   50.89678975]
1874,,COMMUNITY PARK,1,TITLED,NO BREAKDOWN,,,CNS019,,CALGARY PARKS SHARED,CALGARY PARKS SHARED,,ACTIVE,[-113.94423153   51.16652769]
1875,,SUBNEIGHBOURHOOD PARK,1,TITLED,NO BREAKDOWN,,,SPH903,,CALGARY PARKS,CALGARY PARKS SHARED,,ACTIVE,[-114.21677066   51.03579974]
1876,,SUBNEIGHBOURHOOD PARK,1,TITLED,NO BREAKDOWN,CULTURALLY SIGNIFICANT SITE,,SHS003,,CALGARY PARKS,CALGARY PARKS,,ACTIVE,[-114.08630333   50.92481641]
1877,GUARDIAN ANGEL ELEM,COMMUNITY PARK,1,TITLED,NO BREAKDOWN,,,ASP514,,CALGARY PARKS,CALGARY PARKS,,ACTIVE,[-114.21695923   51.04239597]
1878,,NEIGHBOURHOOD PARK,1,TITLED,NO BREAKDOWN,,,SPH992,,CALGARY PARKS,CALGARY PARKS,,ACTIVE,[-114.22353942   51.03632331]
1879,CENTENNIAL PLANETARIUM; COMTEMPORARY CALGARY,NON-PARK,1,TITLED,NO BREAKDOWN,CULTURALLY SIGNIFICANT SITE,,DNW234,,CALGARY PARKS,CALGARY PARKS SHARED,,ACTIVE,[-114.09007885   51.04759748]
1880,,SUBNEIGHBOURHOOD PARK,1,TITLED,NO BREAKDOWN,,,GBK609,,CALGARY PARKS,CALGARY PARKS,,ACTIVE,[-114.15559041   51.02430062]
1881,,NEIGHBOURHOOD PARK,1,TITLED,NO BREAKDOWN,,SITE SPLIT AUB201: NEW SITE AUB102,AUB102,,CALGARY PARKS SHARED,CALGARY PARKS SHARED,,ACTIVE,[-113.96592699   50.89439492]
1882,ST GIANNA SCHOOL,NEIGHBOURHOOD PARK,1,TITLED,NO BREAKDOWN,,SITE SPLIT AUB201: NEW SITE AUB101,AUB101,,CALGARY PARKS SHARED,CALGARY PARKS SHARED,,ACTIVE,[-113.96839867   50.89499461]
1883,,NEIGHBOURHOOD PARK,1,TITLED,NO BREAKDOWN,CULTURALLY SIGNIFICANT SITE,SITE SPLIT CHA835: NEW SITE CHA841,CHA841,,CALGARY PARKS,CALGARY PARKS SHARED,,ACTIVE,[-114.01673751   50.88148409]
1884,,NEIGHBOURHOOD PARK,1,TITLED,NO BREAKDOWN,CULTURALLY SIGNIFICANT SITE,SITE SPLIT CHA835: NEW SITE CHA843,CHA843,,CALGARY PARKS,CALGARY PARKS SHARED,,ACTIVE,[-114.02161651   50.88152695]
1885,,SUBNEIGHBOURHOOD PARK,1,TITLED,NO BREAKDOWN,CULTURALLY SIGNIFICANT SITE,,TUS622,,CALGARY PARKS,CALGARY PARKS SHARED,"MAINTAINED AS PER LANDSCAPE MAINTENANCE AGREEMENT, EXPIRES 2042/12/31; SEE PARIS_REPOSITORY\AGREEMENTS\LANDSCAPE_MAINTENANCE_AGREEMENT",ACTIVE,[-114.23435332   51.12698228]
1886,,SUBNEIGHBOURHOOD PARK,1,TITLED,NO BREAKDOWN,,,ASP517,,CALGARY PARKS,CALGARY PARKS,,ACTIVE,[-114.21988299   51.03937533]
1887,,SUBNEIGHBOURHOOD PARK,1,TITLED,NO BREAKDOWN,,,NGM544,,CALGARY PARKS,CALGARY PARKS,,ACTIVE,[-114.11678806   51.00107328]
1888,,SUBNEIGHBOURHOOD PARK,1,TITLED,NO BREAKDOWN,,,SET013,3823 202 AV SE,CALGARY PARKS,DEVELOPER CONSTRUCTION,,ACTIVE,[-113.94925795   50.86657744]
1889,,LINEAR PARK,1,TITLED,NO BREAKDOWN,CULTURALLY SIGNIFICANT SITE,SITE SPLIT CRA030: NEW SITE CRA108,CRA108,,CALGARY PARKS SHARED,CALGARY PARKS SHARED,,ACTIVE,[-113.98702937   50.87677512]
1890,,SUBNEIGHBOURHOOD PARK,1,TITLED,NO BREAKDOWN,,,PUM032,,CALGARY PARKS,CALGARY PARKS,,ACTIVE,[-114.10028563   50.96505105]
1891,,SUBNEIGHBOURHOOD PARK,1,TITLED,NO BREAKDOWN,CULTURALLY SIGNIFICANT SITE,SITE SPLIT DDG049: NEW SITE DDG053,DDG053,,CALGARY PARKS,CALGARY PARKS SHARED,"MAINTAINED AS PER LANDSCAPE MAINTENANCE AGREEMENT, EXPIRES 2042/12/31; SEE PARIS_REPOSITORY\AGREEMENTS\LANDSCAPE_MAINTENANCE_AGREEMENT",ACTIVE,[-114.01994776   50.961176  ]
1892,,SUBNEIGHBOURHOOD PARK,1,TITLED,NO BREAKDOWN,CULTURALLY SIGNIFICANT SITE,SITE SPLIT DDG049: NEW SITE DDG047,DDG047,,CALGARY PARKS SHARED,CALGARY PARKS SHARED,"MAINTAINED AS PER LANDSCAPE MAINTENANCE AGREEMENT, EXPIRES 2042/12/31; SEE PARIS_REPOSITORY\AGREEMENTS\LANDSCAPE_MAINTENANCE_AGREEMENT",ACTIVE,[-114.02079312   50.96466412]
1893,,SUBNEIGHBOURHOOD PARK,1,TITLED,NO BREAKDOWN,,,PUM037,,CALGARY PARKS,CALGARY PARKS,,ACTIVE,[-114.09791722   50.96486211]
1894,,NEIGHBOURHOOD PARK,1,TITLED,NO BREAKDOWN,CULTURALLY SIGNIFICANT SITE,SITE SPLIT CHA835: NEW SITE CHA844,CHA844,,CALGARY PARKS,CALGARY PARKS SHARED,,ACTIVE,[-114.02111335   50.87978494]
1895,,SUBNEIGHBOURHOOD PARK,1,TITLED,NO BREAKDOWN,CULTURALLY SIGNIFICANT SITE,SITE SPLIT CHA835: NEW SITE CHA845,CHA845,,CALGARY PARKS,CALGARY PARKS SHARED,,ACTIVE,[-114.01653242   50.89011765]
1896,,COMMUNITY PARK,1,TITLED,NO BREAKDOWN,CULTURALLY SIGNIFICANT SITE,SITE SPLIT DIS100: NEW SITE DIS200 CREATED FOR PLAYFIELD AREA,DIS200,,CALGARY PARKS SHARED,CALGARY PARKS SHARED,"MAINTAINED AS PER LANDSCAPE MAINTENANCE AGREEMENT, EXPIRES 2042/12/31; SEE PARIS_REPOSITORY\AGREEMENTS\LANDSCAPE_MAINTENANCE_AGREEMENT",ACTIVE,[-114.21277542   51.01466947]
1897,,SUBNEIGHBOURHOOD PARK,1,TITLED,NO BREAKDOWN,,SITE SPLIT WIL155: NEW SITE WIL156 CREATED FOR OLA,WIL156,,CALGARY PARKS,CALGARY PARKS,,ACTIVE,[-114.05102138   50.94876636]
1898,ST FRANCIS HIGH; COLLINGWOOD ELEM,DISTRICT PARK,1,TITLED,NO BREAKDOWN,CULTURALLY SIGNIFICANT SITE,SITE SPLIT COL350: NEW SITE COL340 FOR SCHOOLS,COL340,,CALGARY PARKS SHARED,CALGARY PARKS SHARED,,ACTIVE,[-114.10345213   51.08396568]
1899,,SUBNEIGHBOURHOOD PARK,1,TITLED,NO BREAKDOWN,,,LIV011,,CALGARY PARKS,CALGARY PARKS,,ACTIVE,[-114.08113986   51.18766944]
1900,,LINEAR PARK,1,TITLED,NO BREAKDOWN,,,OAK082,,CALGARY PARKS,CALGARY PARKS,,ACTIVE,[-114.12067662   50.97070166]
1901,,SUBNEIGHBOURHOOD PARK,1,TITLED,NO BREAKDOWN,CULTURALLY SIGNIFICANT SITE,,CRA082,,CALGARY PARKS,CALGARY PARKS,,ACTIVE,[-113.97653896   50.86447483]
1902,,SUBNEIGHBOURHOOD PARK,1,TITLED,NO BREAKDOWN,,,MAH034,,CALGARY PARKS,CALGARY PARKS,,ACTIVE,[-113.9302519    50.88948249]
1903,,COMMUNITY PARK,1,TITLED,NO BREAKDOWN,,2017/08/08: MAKE SURE PARKS IS THE STEWARD/COULD FALL TO WATER RESOURCES AS IT IS A PUL,PCK001,,CALGARY PARKS,DEVELOPER CONSTRUCTION,,ACTIVE,[-114.07252822   50.86175006]
1904,,SUBNEIGHBOURHOOD PARK,1,TITLED,NO BREAKDOWN,CULTURALLY SIGNIFICANT SITE,,PCK020,,CALGARY PARKS,CALGARY PARKS,,ACTIVE,[-114.05797461   50.86076336]
1905,,NON-PARK,1,TITLED,NO BREAKDOWN,,TRANSFER STEWARDSHIP TO WATER SERVICES,MPK956,,CALGARY PARKS,OUTSIDE AGENCY,CORPORATE LEASE - UNDER GROUND UTILITES,ACTIVE,[-113.93998966   51.06572889]
1906,BAKER PARK; BAKER PARK DEPOT,REGIONAL PARK,1,TITLED,NO BREAKDOWN,CULTURALLY SIGNIFICANT SITE,,SCE410,,CALGARY PARKS SHARED,CALGARY PARKS SHARED,PARKS DEPOT ON SITE,ACTIVE,[-114.21555674   51.10029275]
1907,,DISTRICT PARK,1,TITLED,NO BREAKDOWN,CULTURALLY SIGNIFICANT SITE,,CAR003,,CALGARY PARKS SHARED,CALGARY PARKS SHARED,,ACTIVE,[-114.08411232   51.18968831]
1908,NORTH STANLEY PARK,REGIONAL PARK,1,TITLED,NO BREAKDOWN,CULTURALLY SIGNIFICANT SITE,,RID200,,CALGARY PARKS SHARED,CALGARY PARKS,SOUTHERN ALBERTA PIONEERS FOUNDATION LEASE ON SITE,ACTIVE,[-114.07405613   51.02276355]
1909,,NEIGHBOURHOOD PARK,1,TITLED,NO BREAKDOWN,,,SET006,,CALGARY PARKS SHARED,CALGARY PARKS SHARED,STORM POND  SHARED MAINTENANCE WITH WATER RESOURCES,ACTIVE,[-113.95788386   50.87237358]
1910,,COMMUNITY PARK,1,TITLED,NO BREAKDOWN,CULTURALLY SIGNIFICANT SITE,,LEG001,,CALGARY PARKS SHARED,CALGARY PARKS SHARED,,ACTIVE,[-114.01981198   50.85918089]
1911,,DISTRICT PARK,1,TITLED,NO BREAKDOWN,CULTURALLY SIGNIFICANT SITE,,PAT997,,CALGARY PARKS,CALGARY PARKS SHARED,"MAINTAINED AS PER LANDSCAPE MAINTENANCE AGREEMENT, EXPIRES 2042/12/31; SEE PARIS_REPOSITORY\AGREEMENTS\LANDSCAPE_MAINTENANCE_AGREEMENT",ACTIVE,[-114.17939816   51.06728874]
1912,,COMMUNITY PARK,1,TITLED,NO BREAKDOWN,,SITE HAS HOLE; SITE SHOULD BE SPLIT,DAL088,,CALGARY PARKS,CALGARY PARKS,SITE SHOULD BE SPLIT,ACTIVE,[-114.14890178   51.11115632]
1913,,SUBNEIGHBOURHOOD PARK,1,TITLED,NO BREAKDOWN,CULTURALLY SIGNIFICANT SITE,,SIG432,,CALGARY PARKS,CALGARY PARKS,,ACTIVE,[-114.18844636   51.01973988]
1914,,NEIGHBOURHOOD PARK,1,TITLED,MR - MUNICIPAL RESERVE,CULTURALLY SIGNIFICANT SITE,,GLR003,,CALGARY PARKS,CALGARY PARKS,,ACTIVE,[-114.17002305   51.18766465]
1915,ST PATRICK'S ISLAND PARK,REGIONAL PARK,1,TITLED,NO BREAKDOWN,CULTURALLY SIGNIFICANT SITE,"4 SHAPES, SITE HAS HOLE",BRD100,,CALGARY PARKS SHARED,OUTSIDE AGENCY,ST PATRICKS ISLAND MAINTAINED BY CMLC MASTER AGREEMENT UNTIL 2027,ACTIVE,[-114.04230212   51.04740232]
1916,,COMMUNITY PARK,1,TITLED,NO BREAKDOWN,CULTURALLY SIGNIFICANT SITE,,PCK003,,CALGARY PARKS,CALGARY PARKS,,ACTIVE,[-114.05791048   50.86049471]
1917,,NEIGHBOURHOOD PARK,1,TITLED,MR - MUNICIPAL RESERVE,CULTURALLY SIGNIFICANT SITE,,GLR004,,CALGARY PARKS,CALGARY PARKS,,ACTIVE,[-114.17274701   51.18963098]
1918,,COMMUNITY PARK,1,TITLED,NO BREAKDOWN,,,WES098,,CALGARY PARKS,CALGARY PARKS SHARED,,ACTIVE,[-113.97830123   51.09747424]
1919,GLENMORE ATHLETIC PARK,ATHLETIC PARK,1,TITLED,NO BREAKDOWN,CULTURALLY SIGNIFICANT SITE,SITE SPLIT GPK701,GPK701,,CALGARY PARKS SHARED,CALGARY PARKS SHARED,MOSTLY RECREATION MAINTENANCE,ACTIVE,[-114.10276003   51.0056749 ]
1920,,COMMUNITY PARK,1,TITLED,NO BREAKDOWN,CULTURALLY SIGNIFICANT SITE,2016/11/07: SE CORNER SOLD TO PROVINCE FOR TUC ON 2016/08/12; RE REGISTERED 2016/10/25 AND NORTH EAST CORNER REDUCED IN SIZE SEE R:\LAND_TRANSFERS\SIG\SIG750: CCC/FAC DATES FROM OLD CCC/FAC DATABASE ID 1289,SIG751,,CALGARY PARKS,CALGARY PARKS,,ACTIVE,[-114.173907     51.01371633]
1921,,LINEAR PARK,1,TITLED,NO BREAKDOWN,CULTURALLY SIGNIFICANT SITE,,ARB579,,CALGARY PARKS,CALGARY PARKS,,ACTIVE,[-114.21055805   51.12905118]
1922,,COMMUNITY PARK,1,TITLED,NO BREAKDOWN,CULTURALLY SIGNIFICANT SITE,,MRN004,,CALGARY PARKS,CALGARY PARKS,,ACTIVE,[-114.11600408   51.18703921]
1923,,SUBNEIGHBOURHOOD PARK,1,TITLED,NO BREAKDOWN,CULTURALLY SIGNIFICANT SITE,,SCA859,,CALGARY PARKS,CALGARY PARKS,,ACTIVE,[-114.09972327   51.0379988 ]
1924,,NEIGHBOURHOOD PARK,1,TITLED,NO BREAKDOWN,,,WES092,,CALGARY PARKS SHARED,CALGARY PARKS SHARED,,ACTIVE,[-113.97963838   51.10719618]
1925,BLAKISTON PARK,NEIGHBOURHOOD PARK,1,TITLED,NO BREAKDOWN,,,BRE394,,CALGARY PARKS,CALGARY PARKS,,ACTIVE,[-114.13016118   51.08864159]
1926,,SUBNEIGHBOURHOOD PARK,1,TITLED,NO BREAKDOWN,,,HAR400,,CALGARY PARKS,CALGARY PARKS,,ACTIVE,[-114.04737169   51.15190235]
1927,,NEIGHBOURHOOD PARK,1,TITLED,NO BREAKDOWN,CULTURALLY SIGNIFICANT SITE,,HAR399,,CALGARY PARKS SHARED,CALGARY PARKS SHARED,,ACTIVE,[-114.04408407   51.14949687]
1928,,NON-PARK,1,TITLED,NO BREAKDOWN,,,MPK001,,CALGARY PARKS,CALGARY OTHER BUSINESS UNIT,,ACTIVE,[-113.94048556   51.06396451]
1929,,COMMUNITY PARK,1,TITLED,NO BREAKDOWN,CULTURALLY SIGNIFICANT SITE,,RDL550,,CALGARY PARKS,CALGARY PARKS,,ACTIVE,[-114.08524324   51.05971005]
1930,LORD BEAVERBROOK HIGH SCHOOL; ACADIA RECREATION COMPLEX; FFCA ALICE M CURTIS CAMPUS,COMMUNITY PARK,1,TITLED,NO BREAKDOWN,,,ACA185,,CALGARY PARKS SHARED,OUTSIDE AGENCY,,ACTIVE,[-114.06256642   50.97372138]
1931,EGERT'S PARK,DISTRICT PARK,1,TITLED,NO BREAKDOWN,,,THO567,,CALGARY PARKS,CALGARY PARKS,,ACTIVE,[-114.08537986   51.09832483]
1932,MEMORIAL PATHWAY 1,REGIONAL PARK,1,TITLED,NO BREAKDOWN,CULTURALLY SIGNIFICANT SITE,,WHL495,,CALGARY PARKS SHARED,CALGARY PARKS,,ACTIVE,[-114.11022429   51.04846597]
1933,THE CONFLUENCE HISTORIC SITE AND PARKLAND; FORT CALGARY,REGIONAL PARK,1,TITLED,NO BREAKDOWN,CULTURALLY SIGNIFICANT SITE,SITE SPLIT DNE116: NEW SITE DNE200 CREATED FOR FORT CALGARY,DNE200,RIVER VALLEY SYSTEM: EAST VILLAGE RIVER WALK,CALGARY PARKS SHARED,CALGARY PARKS SHARED,,ACTIVE,[-114.04484127   51.04531669]
1934,,LINEAR PARK,1,TITLED,NO BREAKDOWN,,SITE SPLIT SAD370: NEW SITE SAD371,SAD371,,CALGARY PARKS SHARED,CALGARY PARKS,SEE R:\GROUNDS\MISC\SAD370,ACTIVE,[-113.93532546   51.13203513]
1935,BRITANNIA SLOPES,DISTRICT PARK,1,TITLED,NO BREAKDOWN,CULTURALLY SIGNIFICANT SITE,,BRT346,,CALGARY PARKS SHARED,CALGARY PARKS,,ACTIVE,[-114.08795681   51.01245012]
1936,,LINEAR PARK,1,TITLED,NO BREAKDOWN,CULTURALLY SIGNIFICANT SITE,,HAR398,,CALGARY PARKS SHARED,CALGARY PARKS SHARED,,ACTIVE,[-114.04175035   51.15272224]
1937,WINSTON HEIGHTS MOUNTAINVIEW COMMUNITY ASSOC,SUBNEIGHBOURHOOD PARK,1,TITLED,NO BREAKDOWN,,,WIN854,,CALGARY PARKS,CALGARY PARKS SHARED,,ACTIVE,[-114.05248855   51.07779438]
1938,,LINEAR PARK,1,TITLED,NO BREAKDOWN,,,MPL154,,CALGARY PARKS,CALGARY PARKS,,ACTIVE,[-114.0335856    50.94898603]
1939,INGLEWOOD RIVER PROMENADE,NEIGHBOURHOOD PARK,1,TITLED,NO BREAKDOWN,CULTURALLY SIGNIFICANT SITE,SITE SPLIT ING012: NEW SITE ING011,ING011,,CALGARY PARKS SHARED,CALGARY PARKS,,ACTIVE,[-114.03130199   51.04229174]
1940,ALMADINA LANGUAGE CHARTER ACADEMY,DISTRICT PARK,1,TITLED,NO BREAKDOWN,CULTURALLY SIGNIFICANT SITE,SITE SPLIT OGD801,OGD801,,CALGARY PARKS SHARED,CALGARY PARKS SHARED,,ACTIVE,[-114.01290229   50.98260859]
1941,,LINEAR PARK,1,TITLED,NO BREAKDOWN,,,WSP023,,CALGARY PARKS SHARED,CALGARY PARKS SHARED,,ACTIVE,[-114.20235594   51.05784188]
1942,,NON-PARK,1,TITLED,NO BREAKDOWN,CULTURALLY SIGNIFICANT SITE,,CRM312,,CALGARY PARKS,CALGARY PARKS,,ACTIVE,[-114.26909335   51.08203016]
1943,HAULTAIN PARK,SUBNEIGHBOURHOOD PARK,1,TITLED,NO BREAKDOWN,CULTURALLY SIGNIFICANT SITE,,BLN008,,CALGARY PARKS,CALGARY PARKS SHARED,,ACTIVE,[-114.06781116   51.04007596]
1944,,NON-PARK,1,TITLED,NO BREAKDOWN,CULTURALLY SIGNIFICANT SITE,,CRA006,,CALGARY PARKS,DEVELOPER CONSTRUCTION,PUL,ACTIVE,[-113.96710747   50.87435178]
1945,SIEN LOK PARK,REGIONAL PARK,1,TITLED,NO BREAKDOWN,CULTURALLY SIGNIFICANT SITE,,CHN115,RIVER VALLEY SYSTEM: SIEN LOK PARK,CALGARY PARKS,CALGARY PARKS SHARED,,ACTIVE,[-114.06364518   51.05197281]
1946,JACK LONG PARK; ALEXANDRA CENTRE,SUBNEIGHBOURHOOD PARK,1,TITLED,NO BREAKDOWN,CULTURALLY SIGNIFICANT SITE,,ING014,,CALGARY PARKS,CALGARY PARKS SHARED,PARKS LEASE WITHIN,ACTIVE,[-114.03972087   51.0434653 ]
1947,EAST CALGARY TWIN ARENA,NON-PARK,1,TITLED,NO BREAKDOWN,,,ERI012,,CALGARY PARKS,OUTSIDE AGENCY,MAINTAINED BY LEASEHOLDER,ACTIVE,[-113.96564838   51.02627513]
1948,SADDLERIDGE DEPOT,PARKS DEPOT,1,TITLED,NO BREAKDOWN,,,SRI000,,CALGARY PARKS,CALGARY PARKS,,ACTIVE,[-113.97290649   51.12154528]
1949,,NON-PARK,1,TITLED,NO BREAKDOWN,,SITE BEING REDEVELOPED,SRI097,,CALGARY PARKS SHARED,CALGARY PARKS SHARED,,ACTIVE,[-113.97147083   51.12146893]
1950,,NON-PARK,1,TITLED,NO BREAKDOWN,CULTURALLY SIGNIFICANT SITE,,ROY660,,CALGARY PARKS,CALGARY WATER,UTILITY COMPANY AS PER A.RODRIQUES,ACTIVE,[-114.23390311   51.15170194]
1951,SOMERSET TOWNE SQUARE PARK,NEIGHBOURHOOD PARK,1,TITLED,NO BREAKDOWN,,,SOM651,,CALGARY PARKS,CALGARY PARKS,2019/10/31: CHANGED FROM CLASS A TO CLASS B; MAINTENANCE AGREEMENT ENDED 2019/10/31 AS PER J MERRIMAN,ACTIVE,[-114.07768942   50.89827529]
1952,BOW LANDING PARK; BOW TO BLUFF CORRIDOR,SUBNEIGHBOURHOOD PARK,1,TITLED,NO BREAKDOWN,CULTURALLY SIGNIFICANT SITE,,SSD474,,CALGARY PARKS,CALGARY PARKS,,ACTIVE,[-114.08415084   51.05295909]
1953,,NON-PARK,1,TITLED,NO BREAKDOWN,,,FHI002,,CALGARY PARKS,CALGARY OTHER BUSINESS UNIT,,ACTIVE,[-113.98700525   50.99643091]
1954,,SUBNEIGHBOURHOOD PARK,1,TITLED,NO BREAKDOWN,CULTURALLY SIGNIFICANT SITE,SITE SPLIT CRA030: NEW SITE CRA113,CRA113,,CALGARY PARKS,CALGARY PARKS,,ACTIVE,[-113.97828786   50.86094227]
1955,,SUBNEIGHBOURHOOD PARK,1,TITLED,NO BREAKDOWN,,,HAR777,,CALGARY PARKS,CALGARY PARKS,,ACTIVE,[-114.04501049   51.15125504]
1956,09Q GREENWAY,REGIONAL PARK,2,NON TITLED,EA - PARKS EASEMENT,,,09Q002,,CALGARY PARKS SHARED,CALGARY PARKS SHARED,GREENWAY CONNECTION CONSTRUCTED BY J THOMSON,ACTIVE,[-113.92722438   51.02649414]
1957,PRINCE'S ISLAND PROMENADE; PEACE PARK,REGIONAL PARK,1,TITLED,NO BREAKDOWN,CULTURALLY SIGNIFICANT SITE,,EAU131,RIVER VALLEY SYSTEM: EAU CLAIRE & PEACE PARK,CALGARY PARKS SHARED,CALGARY PARKS SHARED,,ACTIVE,[-114.0785214    51.05253838]
1958,SIEN LOK RIVERFRONT PROMENADE,REGIONAL PARK,1,TITLED,NO BREAKDOWN,CULTURALLY SIGNIFICANT SITE,SITE SPLIT CHN113,CHN113,RIVER VALLEY SYSTEM: SIEN LOK PARK,CALGARY PARKS SHARED,CALGARY PARKS,,ACTIVE,[-114.06579031   51.05366872]
1959,NORTH GLENMORE PARK; NORTH GLENMORE PARK DEPOT,REGIONAL PARK,1,TITLED,NO BREAKDOWN,CULTURALLY SIGNIFICANT SITE,SITE SPLIT OUT DEPOT AND BUFFER BY GOLF COURSE,GPK704,,CALGARY PARKS SHARED,CALGARY PARKS SHARED,PARKS DEPOT ON SITE,ACTIVE,[-114.1198078    50.98983989]
1960,,SUBNEIGHBOURHOOD PARK,1,TITLED,NO BREAKDOWN,CULTURALLY SIGNIFICANT SITE,,EVN012,,CALGARY PARKS,CALGARY PARKS,NO HEAVY EQUIPEMENT IN PARK - UNDERGROUND STREAM - CONTACT ZONE 3 SUPERINTENDENT OR MIKE HAMOUD IN IRRIGATION FOR ADDITIONAL INFORMATION,ACTIVE,[-114.12057277   51.17555423]
1961,SCENIC ACRES COMMUNITY ASSOC,SUBNEIGHBOURHOOD PARK,1,TITLED,NO BREAKDOWN,,,SCE354,,CALGARY PARKS SHARED,CALGARY PARKS SHARED,"MAINTAINED AS PER LANDSCAPE MAINTENANCE AGREEMENT, EXPIRES 2042/12/31; SEE PARIS_REPOSITORY\AGREEMENTS\LANDSCAPE_MAINTENANCE_AGREEMENT",ACTIVE,[-114.21472559   51.12164756]
1962,,SUBNEIGHBOURHOOD PARK,1,TITLED,NO BREAKDOWN,,,ROY392,,CALGARY PARKS SHARED,CALGARY PARKS SHARED,,ACTIVE,[-114.23256525   51.14462756]
1963,,SUBNEIGHBOURHOOD PARK,1,TITLED,NO BREAKDOWN,CULTURALLY SIGNIFICANT SITE,,DRN567,,CALGARY PARKS,CALGARY PARKS,,ACTIVE,[-114.01171243   50.93631194]
1964,,SUBNEIGHBOURHOOD PARK,1,TITLED,NO BREAKDOWN,CULTURALLY SIGNIFICANT SITE,,CRM305,,CALGARY PARKS,CALGARY PARKS,,ACTIVE,[-114.26724753   51.08383783]
1965,,LINEAR PARK,1,TITLED,NO BREAKDOWN,,,OAK067,,CALGARY PARKS,CALGARY PARKS,,ACTIVE,[-114.12754661   50.9674167 ]
1966,,SUBNEIGHBOURHOOD PARK,1,TITLED,NO BREAKDOWN,,,CHW379,,CALGARY PARKS,CALGARY PARKS,,ACTIVE,[-114.12273453   51.09489093]
1967,,SUBNEIGHBOURHOOD PARK,1,TITLED,NO BREAKDOWN,CULTURALLY SIGNIFICANT SITE,,CHW400,,CALGARY PARKS,CALGARY PARKS,,ACTIVE,[-114.12567632   51.10011889]
1968,,SUBNEIGHBOURHOOD PARK,1,TITLED,NO BREAKDOWN,CULTURALLY SIGNIFICANT SITE,,CHA824,,CALGARY PARKS,CALGARY PARKS,,ACTIVE,[-114.03150527   50.88780091]
1969,,SUBNEIGHBOURHOOD PARK,1,TITLED,NO BREAKDOWN,CULTURALLY SIGNIFICANT SITE,,CHA828,,CALGARY PARKS,CALGARY PARKS,,ACTIVE,[-114.04192623   50.88916585]
1970,,SUBNEIGHBOURHOOD PARK,1,TITLED,NO BREAKDOWN,,,MCT827,,CALGARY PARKS,CALGARY PARKS SHARED,"MAINTAINED AS PER LANDSCAPE MAINTENANCE AGREEMENT, EXPIRES 2042/12/31; SEE PARIS_REPOSITORY\AGREEMENTS\LANDSCAPE_MAINTENANCE_AGREEMENT",ACTIVE,[-113.9615808   50.9049175]
1971,,SUBNEIGHBOURHOOD PARK,1,TITLED,NO BREAKDOWN,CULTURALLY SIGNIFICANT SITE,,CHW381,,CALGARY PARKS,CALGARY PARKS,,ACTIVE,[-114.11444886   51.09239593]
1972,,SUBNEIGHBOURHOOD PARK,1,TITLED,NO BREAKDOWN,,,ROC002,,CALGARY PARKS,CALGARY PARKS,,ACTIVE,[-114.23887703   51.15121452]
1973,,SUBNEIGHBOURHOOD PARK,1,TITLED,NO BREAKDOWN,,,ROC003,,CALGARY PARKS,CALGARY PARKS,,ACTIVE,[-114.23887358   51.15193743]
1974,DOUGLASDALE SCHOOL,COMMUNITY PARK,1,TITLED,NO BREAKDOWN,,,DDG746,,CALGARY PARKS,CALGARY PARKS SHARED,"MAINTAINED AS PER LANDSCAPE MAINTENANCE AGREEMENT, EXPIRES 2042/12/31; SEE PARIS_REPOSITORY\AGREEMENTS\LANDSCAPE_MAINTENANCE_AGREEMENT",ACTIVE,[-113.98235116   50.93658292]
1975,,NEIGHBOURHOOD PARK,1,TITLED,NO BREAKDOWN,,,RUN277,,CALGARY PARKS,CALGARY PARKS,,ACTIVE,[-113.97337964   51.06801121]
1976,,SUBNEIGHBOURHOOD PARK,1,TITLED,NO BREAKDOWN,CULTURALLY SIGNIFICANT SITE,,DDG569,,CALGARY PARKS,CALGARY PARKS SHARED,"MAINTAINED AS PER LANDSCAPE MAINTENANCE AGREEMENT, EXPIRES 2042/12/31; SEE PARIS_REPOSITORY\AGREEMENTS\LANDSCAPE_MAINTENANCE_AGREEMENT",ACTIVE,[-113.99869296   50.94044227]
1977,,NEIGHBOURHOOD PARK,1,TITLED,NO BREAKDOWN,,,ASP505,,CALGARY PARKS SHARED,CALGARY PARKS SHARED,,ACTIVE,[-114.21228769   51.04025313]
1978,MCHUGH BLUFF,COMMUNITY PARK,1,TITLED,NO BREAKDOWN,CULTURALLY SIGNIFICANT SITE,,RDL560,,CALGARY PARKS SHARED,CALGARY PARKS,,ACTIVE,[-114.08357414   51.06060202]
1979,,SUBNEIGHBOURHOOD PARK,1,TITLED,NO BREAKDOWN,CULTURALLY SIGNIFICANT SITE,,COV101,,CALGARY PARKS,CALGARY PARKS,,ACTIVE,[-114.04375846   51.17280067]
1980,,SUBNEIGHBOURHOOD PARK,1,TITLED,NO BREAKDOWN,CULTURALLY SIGNIFICANT SITE,,COV105,,CALGARY PARKS,CALGARY PARKS SHARED,,ACTIVE,[-114.04834939   51.17338599]
1981,,SUBNEIGHBOURHOOD PARK,1,TITLED,NO BREAKDOWN,,,DOV753,,CALGARY PARKS,CALGARY PARKS,,ACTIVE,[-113.96532523   51.03038529]
1982,,SUBNEIGHBOURHOOD PARK,1,TITLED,NO BREAKDOWN,,,ERI839,,CALGARY PARKS,CALGARY PARKS,,ACTIVE,[-113.97968622   51.01647781]
1983,,SUBNEIGHBOURHOOD PARK,1,TITLED,NO BREAKDOWN,,,EVE802,,CALGARY PARKS,CALGARY PARKS,,ACTIVE,[-114.12215212   50.91076863]
1984,,SUBNEIGHBOURHOOD PARK,1,TITLED,NO BREAKDOWN,CULTURALLY SIGNIFICANT SITE,,ERL263,,CALGARY PARKS,CALGARY PARKS,,ACTIVE,[-114.06295159   51.02915527]
1985,,SUBNEIGHBOURHOOD PARK,1,TITLED,NO BREAKDOWN,,,GDL611,,CALGARY PARKS,CALGARY PARKS,,ACTIVE,[-114.14754482   51.02916958]
1986,,SUBNEIGHBOURHOOD PARK,1,TITLED,NO BREAKDOWN,,,ESH904,,CALGARY PARKS,CALGARY PARKS SHARED,,ACTIVE,[-113.93380462   50.95378057]
1987,,SUBNEIGHBOURHOOD PARK,1,TITLED,NO BREAKDOWN,CULTURALLY SIGNIFICANT SITE,,KCA834,,CALGARY PARKS,CALGARY PARKS SHARED,"MAINTAINED AS PER LANDSCAPE MAINTENANCE AGREEMENT, EXPIRES 2042/12/31; SEE PARIS_REPOSITORY\AGREEMENTS\LANDSCAPE_MAINTENANCE_AGREEMENT",ACTIVE,[-114.12792293   51.15986983]
1988,,SUBNEIGHBOURHOOD PARK,1,TITLED,NO BREAKDOWN,CULTURALLY SIGNIFICANT SITE,,DDG717,,CALGARY PARKS,CALGARY PARKS SHARED,"MAINTAINED AS PER LANDSCAPE MAINTENANCE AGREEMENT, EXPIRES 2042/12/31; SEE PARIS_REPOSITORY\AGREEMENTS\LANDSCAPE_MAINTENANCE_AGREEMENT",ACTIVE,[-114.01386369   50.94839485]
1989,,SUBNEIGHBOURHOOD PARK,1,TITLED,NO BREAKDOWN,CULTURALLY SIGNIFICANT SITE,,DDG733,,CALGARY PARKS,CALGARY PARKS SHARED,"MAINTAINED AS PER LANDSCAPE MAINTENANCE AGREEMENT, EXPIRES 2042/12/31; SEE PARIS_REPOSITORY\AGREEMENTS\LANDSCAPE_MAINTENANCE_AGREEMENT",ACTIVE,[-113.9877075    50.93800956]
1990,BANKVIEW PARK,SUBNEIGHBOURHOOD PARK,1,TITLED,NO BREAKDOWN,,,BNK853,,CALGARY PARKS,CALGARY PARKS,,ACTIVE,[-114.10429295   51.03263679]
1991,,SUBNEIGHBOURHOOD PARK,1,TITLED,NO BREAKDOWN,,,DDG748,,CALGARY PARKS,CALGARY PARKS SHARED,"MAINTAINED AS PER LANDSCAPE MAINTENANCE AGREEMENT, EXPIRES 2042/12/31; SEE PARIS_REPOSITORY\AGREEMENTS\LANDSCAPE_MAINTENANCE_AGREEMENT",ACTIVE,[-113.98048631   50.93389377]
1992,GEORGE AND ANNIE WOOD PARK,SUBNEIGHBOURHOOD PARK,1,TITLED,NO BREAKDOWN,CULTURALLY SIGNIFICANT SITE,,BOW171,,CALGARY PARKS,CALGARY PARKS,,ACTIVE,[-114.22095164   51.09558386]
1993,MONSIGNOR J S SMITH ELEM & JR HIGH,NEIGHBOURHOOD PARK,1,TITLED,NO BREAKDOWN,CULTURALLY SIGNIFICANT SITE,,DDG714,,CALGARY PARKS,CALGARY PARKS SHARED,"MAINTAINED AS PER LANDSCAPE MAINTENANCE AGREEMENT, EXPIRES 2042/12/31; SEE PARIS_REPOSITORY\AGREEMENTS\LANDSCAPE_MAINTENANCE_AGREEMENT",ACTIVE,[-113.99153146   50.94154242]
1994,,SUBNEIGHBOURHOOD PARK,1,TITLED,NO BREAKDOWN,CULTURALLY SIGNIFICANT SITE,,ING034,,CALGARY PARKS,CALGARY PARKS,,ACTIVE,[-114.02032863   51.03967621]
1995,,SUBNEIGHBOURHOOD PARK,1,TITLED,NO BREAKDOWN,CULTURALLY SIGNIFICANT SITE,,MCK584,,CALGARY PARKS SHARED,CALGARY PARKS SHARED,,ACTIVE,[-113.97998564   50.9069287 ]
1996,,NEIGHBOURHOOD PARK,1,TITLED,NO BREAKDOWN,,,ARB582,,CALGARY PARKS,CALGARY PARKS,,ACTIVE,[-114.20354205   51.13073512]
1997,,SUBNEIGHBOURHOOD PARK,1,TITLED,NO BREAKDOWN,,,SET001,,CALGARY PARKS,CALGARY PARKS,,ACTIVE,[-113.94119608   50.88333905]
1998,,SUBNEIGHBOURHOOD PARK,1,TITLED,NO BREAKDOWN,,,SFH014,,CALGARY PARKS,CALGARY PARKS,,ACTIVE,[-113.97975636   50.96597782]
1999,,COMMUNITY PARK,1,TITLED,NO BREAKDOWN,,,ARB575,,CALGARY PARKS,CALGARY PARKS,,ACTIVE,[-114.21146688   51.13102584]
2000,DEERFOOT ATHLETIC PARK,ATHLETIC PARK,1,TITLED,NO BREAKDOWN,CULTURALLY SIGNIFICANT SITE,,MAL504,ATHLETIC PARKS,CALGARY PARKS,CALGARY PARKS,,ACTIVE,[-114.02221932   51.0618097 ]
2001,,SUBNEIGHBOURHOOD PARK,1,TITLED,NO BREAKDOWN,,,KEL002,,CALGARY PARKS,CALGARY PARKS,,ACTIVE,[-114.08775492   50.99221375]
2002,,SUBNEIGHBOURHOOD PARK,1,TITLED,NO BREAKDOWN,,,KEL116,,CALGARY PARKS,CALGARY PARKS,,ACTIVE,[-114.0864398    50.99031168]
2003,,SUBNEIGHBOURHOOD PARK,1,TITLED,NO BREAKDOWN,,,KIL615,,CALGARY PARKS,CALGARY PARKS,,ACTIVE,[-114.13900234   51.02662387]
2004,,SUBNEIGHBOURHOOD PARK,1,TITLED,NO BREAKDOWN,,,KIL620,,CALGARY PARKS,CALGARY PARKS,,ACTIVE,[-114.12697444   51.02933647]
2005,,SUBNEIGHBOURHOOD PARK,1,TITLED,NO BREAKDOWN,CULTURALLY SIGNIFICANT SITE,,MCK116,,CALGARY PARKS,CALGARY PARKS,,ACTIVE,[-113.99150987   50.90062798]
2006,,SUBNEIGHBOURHOOD PARK,1,TITLED,NO BREAKDOWN,,,MCK562,,CALGARY PARKS,CALGARY PARKS,,ACTIVE,[-113.99017703   50.90023277]
2007,,SUBNEIGHBOURHOOD PARK,1,TITLED,NO BREAKDOWN,CULTURALLY SIGNIFICANT SITE,,CHW396,,CALGARY PARKS,CALGARY PARKS,,ACTIVE,[-114.12191366   51.09730179]
2008,RIVEREDGE PARK,COMMUNITY PARK,1,TITLED,NO BREAKDOWN,CULTURALLY SIGNIFICANT SITE,SITE SPLIT ALT701: NEW SITE,ALT703,,CALGARY PARKS,CALGARY PARKS,PART OF THIS SITE IS UNDER LEASE AND NOT PUBLICLY ACCESSIBLE. THE AREA OF THIS SITE OUTSIDE THE LEASE IS ACCESSIBLE LATE AFTERNOONS AND WEEKENDS. MUNICIPAL HISTORIC RESOURCE: SEE R:\AGREEMENTS\LEASEorLICENSE_OF_OCCUPATION\ALT\ALT701,ACTIVE,[-114.09175779   51.00674008]
2009,,SUBNEIGHBOURHOOD PARK,1,TITLED,NO BREAKDOWN,CULTURALLY SIGNIFICANT SITE,,CHW380,,CALGARY PARKS,CALGARY PARKS,,ACTIVE,[-114.11765541   51.09278288]
2010,DOUGLASDALE NATURAL AREA NORTH,DISTRICT PARK,1,TITLED,NO BREAKDOWN,CULTURALLY SIGNIFICANT SITE,SITE SPLIT DDG718,DDG718,,CALGARY PARKS SHARED,CALGARY PARKS SHARED,M,ACTIVE,[-114.00668532   50.94066217]
2011,,SUBNEIGHBOURHOOD PARK,1,TITLED,NO BREAKDOWN,,,EDG155,,CALGARY PARKS,CALGARY PARKS SHARED,"MAINTAINED AS PER LANDSCAPE MAINTENANCE AGREEMENT, EXPIRES 2042/12/31; SEE PARIS_REPOSITORY\AGREEMENTS\LANDSCAPE_MAINTENANCE_AGREEMENT",ACTIVE,[-114.13812482   51.13073108]
2012,,SUBNEIGHBOURHOOD PARK,1,TITLED,NO BREAKDOWN,CULTURALLY SIGNIFICANT SITE,,EDG054,,CALGARY PARKS,CALGARY PARKS SHARED,"MAINTAINED AS PER LANDSCAPE MAINTENANCE AGREEMENT, EXPIRES 2042/12/31; SEE PARIS_REPOSITORY\AGREEMENTS\LANDSCAPE_MAINTENANCE_AGREEMENT",ACTIVE,[-114.14071339   51.11858787]
2013,LOWER ELBOYA PARK,SUBNEIGHBOURHOOD PARK,1,TITLED,NO BREAKDOWN,CULTURALLY SIGNIFICANT SITE,,EYA377,,CALGARY PARKS,CALGARY PARKS,,ACTIVE,[-114.077054     51.01247744]
2014,,SUBNEIGHBOURHOOD PARK,1,TITLED,NO BREAKDOWN,CULTURALLY SIGNIFICANT SITE,,DDG597,,CALGARY PARKS,CALGARY PARKS SHARED,"MAINTAINED AS PER LANDSCAPE MAINTENANCE AGREEMENT, EXPIRES 2042/12/31; SEE PARIS_REPOSITORY\AGREEMENTS\LANDSCAPE_MAINTENANCE_AGREEMENT",ACTIVE,[-114.01317289   50.94955817]
2015,,NEIGHBOURHOOD PARK,1,TITLED,NO BREAKDOWN,,,PIN021,,CALGARY PARKS SHARED,CALGARY PARKS,"IMPORTANT: THIS SITE HAS AN UNDERGOUND WATER RESERVOIR, NO TRUCKS AND ONLY LIGHT MOWERS ARE ALLOWED ON THIS SITE. NO PESTICIDE OR HEBICIDE APPLICATION ALLOWED",ACTIVE,[-113.95568568   51.06912073]
2016,,SUBNEIGHBOURHOOD PARK,1,TITLED,NO BREAKDOWN,CULTURALLY SIGNIFICANT SITE,,DDG753,,CALGARY PARKS,CALGARY PARKS SHARED,"MAINTAINED AS PER LANDSCAPE MAINTENANCE AGREEMENT, EXPIRES 2042/12/31; SEE PARIS_REPOSITORY\AGREEMENTS\LANDSCAPE_MAINTENANCE_AGREEMENT",ACTIVE,[-113.98820923   50.93457189]
2017,,SUBNEIGHBOURHOOD PARK,1,TITLED,NO BREAKDOWN,,,DDG599,,CALGARY PARKS,CALGARY PARKS SHARED,"MAINTAINED AS PER LANDSCAPE MAINTENANCE AGREEMENT, EXPIRES 2042/12/31; SEE PARIS_REPOSITORY\AGREEMENTS\LANDSCAPE_MAINTENANCE_AGREEMENT",ACTIVE,[-114.0080429    50.94868854]
2018,,LINEAR PARK,1,TITLED,NO BREAKDOWN,CULTURALLY SIGNIFICANT SITE,,DDG001,,CALGARY PARKS,CALGARY PARKS SHARED,"MAINTAINED AS PER LANDSCAPE MAINTENANCE AGREEMENT, EXPIRES 2042/12/31; SEE PARIS_REPOSITORY\AGREEMENTS\LANDSCAPE_MAINTENANCE_AGREEMENT",ACTIVE,[-114.01841779   50.96145587]
2019,,COMMUNITY PARK,1,TITLED,NO BREAKDOWN,CULTURALLY SIGNIFICANT SITE,,CRM319,,CALGARY PARKS,CALGARY PARKS,,ACTIVE,[-114.26006478   51.08645633]
2020,BAYSIDE SCHOOL,NEIGHBOURHOOD PARK,1,TITLED,NO BREAKDOWN,,,AUB012,,CALGARY PARKS SHARED,CALGARY PARKS SHARED,,ACTIVE,[-113.94644364   50.88810903]
2021,,SUBNEIGHBOURHOOD PARK,1,TITLED,NO BREAKDOWN,,,DDG752,,CALGARY PARKS,CALGARY PARKS SHARED,"MAINTAINED AS PER LANDSCAPE MAINTENANCE AGREEMENT, EXPIRES 2042/12/31; SEE PARIS_REPOSITORY\AGREEMENTS\LANDSCAPE_MAINTENANCE_AGREEMENT",ACTIVE,[-113.9790839   50.9359441]
2022,,COMMUNITY PARK,1,TITLED,NO BREAKDOWN,CULTURALLY SIGNIFICANT SITE,,NOL018,,CALGARY PARKS,CALGARY PARKS SHARED,,ACTIVE,[-114.15635846   51.17077397]
2023,,SUBNEIGHBOURHOOD PARK,1,TITLED,NO BREAKDOWN,CULTURALLY SIGNIFICANT SITE,,DDG763,,CALGARY PARKS,CALGARY PARKS SHARED,"MAINTAINED AS PER LANDSCAPE MAINTENANCE AGREEMENT, EXPIRES 2042/12/31; SEE PARIS_REPOSITORY\AGREEMENTS\LANDSCAPE_MAINTENANCE_AGREEMENT",ACTIVE,[-114.01420311   50.95320227]
2024,,LINEAR PARK,1,TITLED,NO BREAKDOWN,,,ARB580,,CALGARY PARKS,CALGARY PARKS,,ACTIVE,[-114.20735099   51.12967339]
2025,,SUBNEIGHBOURHOOD PARK,1,TITLED,NO BREAKDOWN,,,TAR136,,CALGARY PARKS,CALGARY PARKS,,ACTIVE,[-113.93195815   51.12100244]
2026,,LINEAR PARK,1,TITLED,NO BREAKDOWN,,,ARB581,,CALGARY PARKS,CALGARY PARKS,,ACTIVE,[-114.20665654   51.12799656]
2027,,SUBNEIGHBOURHOOD PARK,1,TITLED,NO BREAKDOWN,CULTURALLY SIGNIFICANT SITE,,SIG746,,CALGARY PARKS,CALGARY PARKS,,ACTIVE,[-114.18118216   51.01275389]
2028,,LINEAR PARK,1,TITLED,NO BREAKDOWN,,,ARB583,,CALGARY PARKS,CALGARY PARKS,,ACTIVE,[-114.20323089   51.13188974]
2029,,SUBNEIGHBOURHOOD PARK,1,TITLED,NO BREAKDOWN,CULTURALLY SIGNIFICANT SITE,,WHL273,,CALGARY PARKS SHARED,CALGARY PARKS SHARED,,ACTIVE,[-114.11359935   51.04971972]
2030,,NEIGHBOURHOOD PARK,1,TITLED,NO BREAKDOWN,,,SOM657,,CALGARY PARKS,CALGARY PARKS,,ACTIVE,[-114.07413822   50.896347  ]
2031,LOUIS RIEL ELEM & JR HIGH; OAKRIDGE COMMUNITY ASSOC,COMMUNITY PARK,1,TITLED,NO BREAKDOWN,,,OAK068,,CALGARY PARKS,CALGARY PARKS,,ACTIVE,[-114.13124502   50.96781575]
2032,,NEIGHBOURHOOD PARK,1,TITLED,NO BREAKDOWN,,SITE SPLIT SOW224,SOW224,,CALGARY PARKS,CALGARY PARKS,,ACTIVE,[-114.07621207   50.9585524 ]
2033,,SUBNEIGHBOURHOOD PARK,1,TITLED,NO BREAKDOWN,,,MCK702,,CALGARY PARKS,CALGARY PARKS,,ACTIVE,[-113.9789707    50.91594456]
2034,,NEIGHBOURHOOD PARK,1,TITLED,NO BREAKDOWN,CULTURALLY SIGNIFICANT SITE,,EVN271,,CALGARY PARKS SHARED,CALGARY PARKS SHARED,,ACTIVE,[-114.11264449   51.16995385]
2035,,SUBNEIGHBOURHOOD PARK,1,TITLED,NO BREAKDOWN,CULTURALLY SIGNIFICANT SITE,,HAW976,,CALGARY PARKS,CALGARY PARKS SHARED,"MAINTAINED AS PER LANDSCAPE MAINTENANCE AGREEMENT, EXPIRES 2042/12/31; SEE PARIS_REPOSITORY\AGREEMENTS\LANDSCAPE_MAINTENANCE_AGREEMENT",ACTIVE,[-114.17774925   51.13589462]
2036,,SUBNEIGHBOURHOOD PARK,1,TITLED,NO BREAKDOWN,,,HAW978,,CALGARY PARKS,CALGARY PARKS SHARED,"MAINTAINED AS PER LANDSCAPE MAINTENANCE AGREEMENT, EXPIRES 2042/12/31; SEE PARIS_REPOSITORY\AGREEMENTS\LANDSCAPE_MAINTENANCE_AGREEMENT",ACTIVE,[-114.18461799   51.12496011]
2037,,SUBNEIGHBOURHOOD PARK,1,TITLED,NO BREAKDOWN,CULTURALLY SIGNIFICANT SITE,,PAN010,,CALGARY PARKS,CALGARY PARKS,,ACTIVE,[-114.08436264   51.17262934]
2038,OUR LADY OF GRACE ELEM & JR HIGH,COMMUNITY PARK,1,TITLED,NO BREAKDOWN,CULTURALLY SIGNIFICANT SITE,,EVN017,,CALGARY PARKS SHARED,CALGARY PARKS SHARED,,ACTIVE,[-114.12069482   51.17884711]
2039,,DISTRICT PARK,1,TITLED,NO BREAKDOWN,CULTURALLY SIGNIFICANT SITE,,BUR980,,CALGARY PARKS SHARED,CALGARY PARKS SHARED,,ACTIVE,[-114.02644398   51.00221166]
2040,,NEIGHBOURHOOD PARK,2,NON TITLED,EA - PARKS EASEMENT,,,TAR004,TARADALE GREENWAY,CALGARY PARKS SHARED,CALGARY PARKS SHARED,CCC/FACD PH 3,ACTIVE,[-113.92598971   51.11047597]
2041,,NEIGHBOURHOOD PARK,1,TITLED,NO BREAKDOWN,,,RSN002,,CALGARY PARKS SHARED,CALGARY PARKS SHARED,"MAINTAINED AS PER LANDSCAPE MAINTENANCE AGREEMENT, EXPIRES 2042/12/31; SEE PARIS_REPOSITORY\AGREEMENTS\LANDSCAPE_MAINTENANCE_AGREEMENT",ACTIVE,[-113.96460411   51.16974942]
2042,,SUBNEIGHBOURHOOD PARK,1,TITLED,NO BREAKDOWN,CULTURALLY SIGNIFICANT SITE,,HAM946,,CALGARY PARKS,CALGARY PARKS SHARED,"MAINTAINED AS PER LANDSCAPE MAINTENANCE AGREEMENT, EXPIRES 2042/12/31; SEE PARIS_REPOSITORY\AGREEMENTS\LANDSCAPE_MAINTENANCE_AGREEMENT",ACTIVE,[-114.12919001   51.14271863]
2043,,NEIGHBOURHOOD PARK,1,TITLED,NO BREAKDOWN,CULTURALLY SIGNIFICANT SITE,SITE SPLIT SIL245. NEW SITE SIL240 CREATED,SIL240,,CALGARY PARKS SHARED,CALGARY PARKS SHARED,,ACTIVE,[-114.1834626    51.10329782]
2044,,SUBNEIGHBOURHOOD PARK,1,TITLED,NO BREAKDOWN,CULTURALLY SIGNIFICANT SITE,,HAM955,,CALGARY PARKS,CALGARY PARKS SHARED,"MAINTAINED AS PER LANDSCAPE MAINTENANCE AGREEMENT, EXPIRES 2042/12/31; SEE PARIS_REPOSITORY\AGREEMENTS\LANDSCAPE_MAINTENANCE_AGREEMENT",ACTIVE,[-114.15889105   51.14296996]
2045,,SUBNEIGHBOURHOOD PARK,1,TITLED,NO BREAKDOWN,,,CAM877,,CALGARY PARKS,CALGARY PARKS,,ACTIVE,[-114.08729182   51.08266983]
2046,,SUBNEIGHBOURHOOD PARK,1,TITLED,NO BREAKDOWN,CULTURALLY SIGNIFICANT SITE,,CRM004,,CALGARY PARKS,DEVELOPER CONSTRUCTION,,ACTIVE,[-114.27056652   51.08208727]
2047,BRIDGELAND MEMORIAL GARDEN,COMMUNITY PARK,1,TITLED,NO BREAKDOWN,CULTURALLY SIGNIFICANT SITE,SITE NAME AND HERITAGE STATUS APPROVED BY BYLAW 46M2008,BRD674,,CALGARY PARKS,CALGARY PARKS SHARED,COMMUNITY GARDEN IS MUNICIPALLY APPROVED HERITAGE SITE,ACTIVE,[-114.04541502   51.05123419]
2048,,SUBNEIGHBOURHOOD PARK,1,TITLED,NO BREAKDOWN,CULTURALLY SIGNIFICANT SITE,,HAM937,,CALGARY PARKS,CALGARY PARKS SHARED,"MAINTAINED AS PER LANDSCAPE MAINTENANCE AGREEMENT, EXPIRES 2042/12/31; SEE PARIS_REPOSITORY\AGREEMENTS\LANDSCAPE_MAINTENANCE_AGREEMENT",ACTIVE,[-114.15885195   51.14970898]
2049,,NEIGHBOURHOOD PARK,1,TITLED,NO BREAKDOWN,CULTURALLY SIGNIFICANT SITE,,ARB130,,CALGARY PARKS,CALGARY PARKS,,ACTIVE,[-114.19701335   51.13409646]
2050,,COMMUNITY PARK,1,TITLED,NO BREAKDOWN,,,CNS005,,CALGARY PARKS,CALGARY PARKS,,ACTIVE,[-113.92991376   51.15659441]
2051,,SUBNEIGHBOURHOOD PARK,1,TITLED,NO BREAKDOWN,,IGNORE ERROR BVAP ACTIVE BEFORE REST OF SITE,CNS018,,CALGARY PARKS,CALGARY PARKS,,ACTIVE,[-113.92683829   51.150997  ]
2052,,COMMUNITY PARK,1,TITLED,NO BREAKDOWN,CULTURALLY SIGNIFICANT SITE,,LIV017,,CALGARY PARKS,CALGARY PARKS,,ACTIVE,[-114.05385882   51.1891947 ]
2053,THOMSON FAMILY PARK,SUBNEIGHBOURHOOD PARK,1,TITLED,NO BREAKDOWN,CULTURALLY SIGNIFICANT SITE,,BLN003,,CALGARY PARKS,CALGARY PARKS,2016/07/16: CAPITAL PROJECT; PROJECT MANAGER M WONG,ACTIVE,[-114.0903784    51.03850942]
2054,,NEIGHBOURHOOD PARK,1,TITLED,NO BREAKDOWN,CULTURALLY SIGNIFICANT SITE,,KCA001,,CALGARY PARKS,CALGARY PARKS,NOT PART OF MAINTANCE AGREEMENT,ACTIVE,[-114.13294007   51.1659712 ]
2055,,NEIGHBOURHOOD PARK,1,TITLED,NO BREAKDOWN,,,SVO864,,CALGARY PARKS,CALGARY PARKS SHARED,NO DIRECT ACCESS TO SITE; SURROUNDED BY PRIVATE DC SITE,ACTIVE,[-114.07230454   50.88256705]
2056,,LINEAR PARK,1,TITLED,NO BREAKDOWN,CULTURALLY SIGNIFICANT SITE,,PAN097,,CALGARY PARKS,CALGARY PARKS,,ACTIVE,[-114.07143498   51.16902903]
2057,,SUBNEIGHBOURHOOD PARK,1,TITLED,NO BREAKDOWN,,,CPF005,,CALGARY PARKS,CALGARY PARKS,,ACTIVE,[-113.92590126   50.92288271]
2058,,SUBNEIGHBOURHOOD PARK,1,TITLED,NO BREAKDOWN,,,CPF003,,CALGARY PARKS,CALGARY PARKS,,ACTIVE,[-113.93132992   50.92444378]
2059,,SUBNEIGHBOURHOOD PARK,1,TITLED,NO BREAKDOWN,,,MAH443,,CALGARY PARKS,CALGARY PARKS,,ACTIVE,[-113.93339815   50.90408983]
2060,,LINEAR PARK,1,TITLED,NO BREAKDOWN,CULTURALLY SIGNIFICANT SITE,,HAR936,,CALGARY PARKS,CALGARY PARKS,,ACTIVE,[-114.05977018   51.152424  ]
2061,,SUBNEIGHBOURHOOD PARK,1,TITLED,NO BREAKDOWN,,,BED721,,CALGARY PARKS,CALGARY PARKS,,ACTIVE,[-114.08581936   51.12618318]
2062,,SUBNEIGHBOURHOOD PARK,1,TITLED,NO BREAKDOWN,CULTURALLY SIGNIFICANT SITE,,NHU698,,CALGARY PARKS,CALGARY PARKS,,ACTIVE,[-114.0850448   51.1060548]
2063,,SUBNEIGHBOURHOOD PARK,1,TITLED,NO BREAKDOWN,CULTURALLY SIGNIFICANT SITE,,HAR862,,CALGARY PARKS,CALGARY PARKS,,ACTIVE,[-114.0477044    51.14550606]
2064,,SUBNEIGHBOURHOOD PARK,1,TITLED,NO BREAKDOWN,,2020/02/20: PARK REDEVELOPED BY PARKS FOUNDATION; FACD 2019/12/19 BY PARKS MANAGMENT (N BERNARD) NO OFFICIAL CCC OR FAC DOC.  USED 2018/12/19 FOR CCC AS PER R MAY.  PARK INSPECTOR: R MAY,FLN607,,CALGARY PARKS,CALGARY PARKS,,ACTIVE,[-113.97149366   51.04371184]
2065,,SUBNEIGHBOURHOOD PARK,1,TITLED,NO BREAKDOWN,CULTURALLY SIGNIFICANT SITE,,COV972,,CALGARY PARKS,CALGARY PARKS,,ACTIVE,[-114.04370896   51.16859563]
2066,,SUBNEIGHBOURHOOD PARK,1,TITLED,NO BREAKDOWN,,,CPF853,,CALGARY PARKS,CALGARY PARKS,,ACTIVE,[-113.94279358   50.907517  ]
2067,,SUBNEIGHBOURHOOD PARK,1,TITLED,NO BREAKDOWN,,,EVE907,,CALGARY PARKS,CALGARY PARKS,,ACTIVE,[-114.10342265   50.90867686]
2068,,NEIGHBOURHOOD PARK,1,TITLED,NO BREAKDOWN,,,MPK538,,CALGARY PARKS,CALGARY PARKS,,ACTIVE,[-113.95386827   51.05964203]
2069,,SUBNEIGHBOURHOOD PARK,1,TITLED,NO BREAKDOWN,CULTURALLY SIGNIFICANT SITE,,EVE916,,CALGARY PARKS,CALGARY PARKS,,ACTIVE,[-114.11888859   50.92260388]
2070,INGLEWOOD CMTY ASSOC,SUBNEIGHBOURHOOD PARK,1,TITLED,NO BREAKDOWN,CULTURALLY SIGNIFICANT SITE,,ING028,,CALGARY PARKS,CALGARY PARKS,,ACTIVE,[-114.02046596   51.03252434]
2071,,SUBNEIGHBOURHOOD PARK,1,TITLED,NO BREAKDOWN,CULTURALLY SIGNIFICANT SITE,,ING033,,CALGARY PARKS,CALGARY PARKS,,ACTIVE,[-114.02292563   51.04060688]
2072,,SUBNEIGHBOURHOOD PARK,1,TITLED,NO BREAKDOWN,,,HID743,,CALGARY PARKS,CALGARY PARKS,,ACTIVE,[-114.11517072   51.14592354]
2073,,SUBNEIGHBOURHOOD PARK,1,TITLED,NO BREAKDOWN,,,LKB496,,CALGARY PARKS,CALGARY PARKS,,ACTIVE,[-114.06143406   50.94193211]
2074,,SUBNEIGHBOURHOOD PARK,1,TITLED,NO BREAKDOWN,,,RUN266,,CALGARY PARKS,CALGARY PARKS,,ACTIVE,[-113.96182293   51.06947201]
2075,,SUBNEIGHBOURHOOD PARK,1,TITLED,NO BREAKDOWN,,,MAH440,,CALGARY PARKS,CALGARY PARKS,,ACTIVE,[-113.92960748   50.90138866]
2076,,DISTRICT PARK,1,TITLED,NO BREAKDOWN,CULTURALLY SIGNIFICANT SITE,SITE SPLIT EVN260,EVN260,,CALGARY PARKS SHARED,CALGARY PARKS SHARED,MAINTENANCE IS SHARED WITH DEVELOPER AND PARKS,ACTIVE,[-114.11838155   51.16206701]
2077,,DISTRICT PARK,1,TITLED,NO BREAKDOWN,CULTURALLY SIGNIFICANT SITE,,ST1938,,CALGARY PARKS SHARED,CALGARY PARKS SHARED,,ACTIVE,[-114.03713529   51.15726748]
2078,,SUBNEIGHBOURHOOD PARK,1,TITLED,NO BREAKDOWN,,,CRA033,,CALGARY PARKS,CALGARY PARKS,,ACTIVE,[-113.99161301   50.89289311]
2079,,NEIGHBOURHOOD PARK,1,TITLED,NO BREAKDOWN,CULTURALLY SIGNIFICANT SITE,,SIL248,,CALGARY PARKS,CALGARY PARKS,,ACTIVE,[-114.2098625    51.10473195]
2080,,SUBNEIGHBOURHOOD PARK,1,TITLED,NO BREAKDOWN,,,CRA034,,CALGARY PARKS,CALGARY PARKS,,ACTIVE,[-113.9843347    50.89420254]
2081,CALGARY HORSESHOE CLUB,SUBNEIGHBOURHOOD PARK,1,TITLED,NO BREAKDOWN,,,FHI016,,CALGARY PARKS SHARED,OUTSIDE AGENCY,,ACTIVE,[-113.97350819   50.98266388]
2082,,SUBNEIGHBOURHOOD PARK,1,TITLED,NO BREAKDOWN,,,FHI819,,CALGARY PARKS,CALGARY PARKS,,ACTIVE,[-113.96320043   50.98002973]
2083,,SUBNEIGHBOURHOOD PARK,1,TITLED,NO BREAKDOWN,CULTURALLY SIGNIFICANT SITE,,LKB570,,CALGARY PARKS,CALGARY PARKS,,ACTIVE,[-114.04204241   50.93006977]
2084,,SUBNEIGHBOURHOOD PARK,1,TITLED,NO BREAKDOWN,CULTURALLY SIGNIFICANT SITE,,LKB563,,CALGARY PARKS,CALGARY PARKS,,ACTIVE,[-114.05556681   50.93078043]
2085,,SUBNEIGHBOURHOOD PARK,1,TITLED,NO BREAKDOWN,,,SIL252,,CALGARY PARKS,CALGARY PARKS,,ACTIVE,[-114.20185714   51.11847292]
2086,,SUBNEIGHBOURHOOD PARK,1,TITLED,NO BREAKDOWN,,,SCE385,,CALGARY PARKS,CALGARY PARKS SHARED,"MAINTAINED AS PER LANDSCAPE MAINTENANCE AGREEMENT, EXPIRES 2042/12/31; SEE PARIS_REPOSITORY\AGREEMENTS\LANDSCAPE_MAINTENANCE_AGREEMENT",ACTIVE,[-114.21897756   51.11443072]
2087,PARKHILL STANLEY PARK COMMUNITY ASSOC,SUBNEIGHBOURHOOD PARK,1,TITLED,NO BREAKDOWN,CULTURALLY SIGNIFICANT SITE,,PKH353,,CALGARY PARKS,CALGARY PARKS,,ACTIVE,[-114.06540081   51.018442  ]
2088,,SUBNEIGHBOURHOOD PARK,1,TITLED,NO BREAKDOWN,CULTURALLY SIGNIFICANT SITE,,TUS614,,CALGARY PARKS,CALGARY PARKS SHARED,"MAINTAINED AS PER LANDSCAPE MAINTENANCE AGREEMENT, EXPIRES 2042/12/31; SEE PARIS_REPOSITORY\AGREEMENTS\LANDSCAPE_MAINTENANCE_AGREEMENT",ACTIVE,[-114.24560658   51.12752287]
2089,,SUBNEIGHBOURHOOD PARK,1,TITLED,NO BREAKDOWN,,,NEB824,,CALGARY PARKS,CALGARY PARKS,,ACTIVE,[-113.95419996   50.92336481]
2090,,SUBNEIGHBOURHOOD PARK,1,TITLED,NO BREAKDOWN,CULTURALLY SIGNIFICANT SITE,,TUS644,,CALGARY PARKS,CALGARY PARKS SHARED,"MAINTAINED AS PER LANDSCAPE MAINTENANCE AGREEMENT, EXPIRES 2042/12/31; SEE PARIS_REPOSITORY\AGREEMENTS\LANDSCAPE_MAINTENANCE_AGREEMENT",ACTIVE,[-114.25463531   51.13390319]
2091,,SUBNEIGHBOURHOOD PARK,1,TITLED,NO BREAKDOWN,,,NEB845,,CALGARY PARKS,CALGARY PARKS,,ACTIVE,[-113.95109884   50.91561031]
2092,,SUBNEIGHBOURHOOD PARK,1,TITLED,NO BREAKDOWN,CULTURALLY SIGNIFICANT SITE,,SCE154,,CALGARY PARKS,CALGARY PARKS SHARED,"MAINTAINED AS PER LANDSCAPE MAINTENANCE AGREEMENT, EXPIRES 2042/12/31; SEE PARIS_REPOSITORY\AGREEMENTS\LANDSCAPE_MAINTENANCE_AGREEMENT",ACTIVE,[-114.22547985   51.12635491]
2093,,NEIGHBOURHOOD PARK,1,TITLED,NO BREAKDOWN,,,SGH001,,CALGARY PARKS SHARED,CALGARY PARKS SHARED,,ACTIVE,[-114.15263798   51.18023576]
2094,,SUBNEIGHBOURHOOD PARK,1,TITLED,NO BREAKDOWN,CULTURALLY SIGNIFICANT SITE,,BRD119,,CALGARY PARKS,CALGARY PARKS SHARED,,ACTIVE,[-114.02530013   51.05178602]
2095,,NEIGHBOURHOOD PARK,1,TITLED,NO BREAKDOWN,CULTURALLY SIGNIFICANT SITE,SITE SPLIT WAL001: NEW SITE WAL043,WAL043,,CALGARY PARKS,CALGARY PARKS,,ACTIVE,[-114.03395404   50.87288436]
2096,,SUBNEIGHBOURHOOD PARK,1,TITLED,NO BREAKDOWN,CULTURALLY SIGNIFICANT SITE,,SCE403,,CALGARY PARKS,CALGARY PARKS SHARED,"MAINTAINED AS PER LANDSCAPE MAINTENANCE AGREEMENT, EXPIRES 2042/12/31; SEE PARIS_REPOSITORY\AGREEMENTS\LANDSCAPE_MAINTENANCE_AGREEMENT",ACTIVE,[-114.2253339    51.11819607]
2097,,SUBNEIGHBOURHOOD PARK,1,TITLED,NO BREAKDOWN,,,SIG687,,CALGARY PARKS,CALGARY PARKS,,ACTIVE,[-114.18311659   51.03167737]
2098,,SUBNEIGHBOURHOOD PARK,1,TITLED,NO BREAKDOWN,CULTURALLY SIGNIFICANT SITE,,SIG689,,CALGARY PARKS,CALGARY PARKS,,ACTIVE,[-114.18770074   51.01373636]
2099,,SUBNEIGHBOURHOOD PARK,1,TITLED,NO BREAKDOWN,,,RIV883,,CALGARY PARKS,CALGARY PARKS,,ACTIVE,[-114.00661374   50.96868632]
2100,,SUBNEIGHBOURHOOD PARK,1,TITLED,NO BREAKDOWN,,,SHN622,,CALGARY PARKS,CALGARY PARKS,,ACTIVE,[-114.09727392   50.90771212]
2101,,SUBNEIGHBOURHOOD PARK,1,TITLED,NO BREAKDOWN,,,MOR391,,CALGARY PARKS,CALGARY PARKS,,ACTIVE,[-113.92832166   51.07028644]
2102,,SUBNEIGHBOURHOOD PARK,1,TITLED,NO BREAKDOWN,,,TAR068,,CALGARY PARKS SHARED,CALGARY PARKS,,ACTIVE,[-113.93485697   51.11248787]
2103,,SUBNEIGHBOURHOOD PARK,1,TITLED,NO BREAKDOWN,,,SAD332,,CALGARY PARKS,CALGARY PARKS,,ACTIVE,[-113.94691136   51.12485092]
2104,,NEIGHBOURHOOD PARK,1,TITLED,NO BREAKDOWN,,,PIN037,,CALGARY PARKS,CALGARY PARKS,,ACTIVE,[-113.94295828   51.06779608]
2105,,SUBNEIGHBOURHOOD PARK,1,TITLED,NO BREAKDOWN,,,THO582,,CALGARY PARKS,CALGARY PARKS,,ACTIVE,[-114.07194934   51.10653723]
2106,,SUBNEIGHBOURHOOD PARK,1,TITLED,NO BREAKDOWN,,,THO673,,CALGARY PARKS,CALGARY PARKS,,ACTIVE,[-114.07556031   51.11037355]
2107,,SUBNEIGHBOURHOOD PARK,1,TITLED,NO BREAKDOWN,,,ASP521,,CALGARY PARKS,CALGARY PARKS,,ACTIVE,[-114.21190264   51.04669784]
2108,,SUBNEIGHBOURHOOD PARK,1,TITLED,NO BREAKDOWN,,,THO674,,CALGARY PARKS,CALGARY PARKS,,ACTIVE,[-114.0744758    51.10917525]
2109,,SUBNEIGHBOURHOOD PARK,1,TITLED,NO BREAKDOWN,,,CIT362,,CALGARY PARKS,CALGARY PARKS,,ACTIVE,[-114.17411257   51.14213061]
2110,,SUBNEIGHBOURHOOD PARK,1,TITLED,NO BREAKDOWN,,,THO697,,CALGARY PARKS,CALGARY PARKS,,ACTIVE,[-114.07338366   51.10050658]
2111,,SUBNEIGHBOURHOOD PARK,1,TITLED,NO BREAKDOWN,CULTURALLY SIGNIFICANT SITE,,CIT367,,CALGARY PARKS,CALGARY PARKS,,ACTIVE,[-114.19838688   51.14483131]
2112,,SUBNEIGHBOURHOOD PARK,1,TITLED,NO BREAKDOWN,CULTURALLY SIGNIFICANT SITE,,ROY304,,CALGARY PARKS SHARED,CALGARY PARKS SHARED,,ACTIVE,[-114.21242153   51.14293317]
2113,,SUBNEIGHBOURHOOD PARK,1,TITLED,NO BREAKDOWN,CULTURALLY SIGNIFICANT SITE,,PAN096,,CALGARY PARKS,CALGARY PARKS,,ACTIVE,[-114.07491653   51.16994935]
2114,,SUBNEIGHBOURHOOD PARK,1,TITLED,NO BREAKDOWN,,,FHT615,,CALGARY PARKS,CALGARY PARKS,,ACTIVE,[-113.97459339   51.05131565]
2115,,SUBNEIGHBOURHOOD PARK,1,TITLED,NO BREAKDOWN,CULTURALLY SIGNIFICANT SITE,,COV106,,CALGARY PARKS,CALGARY PARKS,,ACTIVE,[-114.05951892   51.16581453]
2116,,SUBNEIGHBOURHOOD PARK,1,TITLED,NO BREAKDOWN,,,COV115,,CALGARY PARKS,CALGARY PARKS SHARED,,ACTIVE,[-114.05445301   51.17017783]
2117,,SUBNEIGHBOURHOOD PARK,1,TITLED,NO BREAKDOWN,,,FHT603,,CALGARY PARKS,CALGARY PARKS,,ACTIVE,[-113.95730848   51.05093528]
2118,,SUBNEIGHBOURHOOD PARK,1,TITLED,NO BREAKDOWN,,,FHT608,,CALGARY PARKS,CALGARY PARKS,,ACTIVE,[-113.96864646   51.04568087]
2119,,SUBNEIGHBOURHOOD PARK,1,TITLED,NO BREAKDOWN,,,HOU481,,CALGARY PARKS,CALGARY PARKS,,ACTIVE,[-114.10505543   51.06075953]
2120,,SUBNEIGHBOURHOOD PARK,1,TITLED,NO BREAKDOWN,,,HID718,,CALGARY PARKS,CALGARY PARKS,,ACTIVE,[-114.12186126   51.14861659]
2121,,NEIGHBOURHOOD PARK,1,TITLED,NO BREAKDOWN,,,HPK823,,CALGARY PARKS SHARED,CALGARY PARKS,,ACTIVE,[-114.0588338    51.09258318]
2122,,SUBNEIGHBOURHOOD PARK,1,TITLED,NO BREAKDOWN,CULTURALLY SIGNIFICANT SITE,,EVE919,,CALGARY PARKS,CALGARY PARKS,,ACTIVE,[-114.12955614   50.923174  ]
2123,,SUBNEIGHBOURHOOD PARK,1,TITLED,NO BREAKDOWN,CULTURALLY SIGNIFICANT SITE,,EDG917,,CALGARY PARKS,CALGARY PARKS SHARED,"MAINTAINED AS PER LANDSCAPE MAINTENANCE AGREEMENT, EXPIRES 2042/12/31; SEE PARIS_REPOSITORY\AGREEMENTS\LANDSCAPE_MAINTENANCE_AGREEMENT",ACTIVE,[-114.1389919    51.13237869]
2124,,SUBNEIGHBOURHOOD PARK,1,TITLED,NO BREAKDOWN,,,MRL531,,CALGARY PARKS,CALGARY PARKS,,ACTIVE,[-113.95863711   51.06131765]
2125,,SUBNEIGHBOURHOOD PARK,1,TITLED,NO BREAKDOWN,,,CIT971,,CALGARY PARKS,CALGARY PARKS,,ACTIVE,[-114.16900109   51.13807327]
2126,,SUBNEIGHBOURHOOD PARK,1,TITLED,NO BREAKDOWN,,,HAM209,,CALGARY PARKS,CALGARY PARKS SHARED,"MAINTAINED AS PER LANDSCAPE MAINTENANCE AGREEMENT, EXPIRES 2042/12/31; SEE PARIS_REPOSITORY\AGREEMENTS\LANDSCAPE_MAINTENANCE_AGREEMENT",ACTIVE,[-114.13917417   51.14139041]
2127,,SUBNEIGHBOURHOOD PARK,1,TITLED,NO BREAKDOWN,CULTURALLY SIGNIFICANT SITE,,HAM217,,CALGARY PARKS,CALGARY PARKS SHARED,"MAINTAINED AS PER LANDSCAPE MAINTENANCE AGREEMENT, EXPIRES 2042/12/31; SEE PARIS_REPOSITORY\AGREEMENTS\LANDSCAPE_MAINTENANCE_AGREEMENT",ACTIVE,[-114.14107952   51.14084199]
2128,,SUBNEIGHBOURHOOD PARK,1,TITLED,NO BREAKDOWN,CULTURALLY SIGNIFICANT SITE,,CIT427,,CALGARY PARKS,CALGARY PARKS,,ACTIVE,[-114.18811626   51.14774637]
2129,,SUBNEIGHBOURHOOD PARK,1,TITLED,NO BREAKDOWN,CULTURALLY SIGNIFICANT SITE,,CIT425,,CALGARY PARKS,CALGARY PARKS,,ACTIVE,[-114.19370368   51.14656621]
2130,WOODCREEK COMMUNITY ASSOC,DISTRICT PARK,1,TITLED,NO BREAKDOWN,,,WBN324,,CALGARY PARKS SHARED,CALGARY PARKS,,ACTIVE,[-114.13086803   50.94617477]
2131,,SUBNEIGHBOURHOOD PARK,1,TITLED,NO BREAKDOWN,,,MCK630,,CALGARY PARKS,CALGARY PARKS,,ACTIVE,[-113.99759618   50.90628162]
2132,,SUBNEIGHBOURHOOD PARK,1,TITLED,NO BREAKDOWN,,,MCK668,,CALGARY PARKS,CALGARY PARKS,,ACTIVE,[-113.97980763   50.92971949]
2133,,SUBNEIGHBOURHOOD PARK,1,TITLED,NO BREAKDOWN,,,VAR347,,CALGARY PARKS,CALGARY PARKS,AREA BEHIND SOUND WALL,ACTIVE,[-114.13858606   51.08760185]
2134,,SUBNEIGHBOURHOOD PARK,1,TITLED,NO BREAKDOWN,CULTURALLY SIGNIFICANT SITE,,LKB561,,CALGARY PARKS,CALGARY PARKS,,ACTIVE,[-114.06148729   50.93063245]
2135,WOODBINE ELEM,COMMUNITY PARK,1,TITLED,NO BREAKDOWN,CULTURALLY SIGNIFICANT SITE,,WBN409,,CALGARY PARKS SHARED,CALGARY PARKS,,ACTIVE,[-114.12924661   50.93677285]
2136,,SUBNEIGHBOURHOOD PARK,1,TITLED,NO BREAKDOWN,,,SHN431,,CALGARY PARKS,CALGARY PARKS,,ACTIVE,[-114.09688489   50.91302666]
2137,,LINEAR PARK,1,TITLED,NO BREAKDOWN,,,LIV019,,CALGARY PARKS,CALGARY PARKS,,ACTIVE,[-114.08002575   51.19252633]
2138,,SUBNEIGHBOURHOOD PARK,1,TITLED,NO BREAKDOWN,,,SHN615,,CALGARY PARKS,CALGARY PARKS,,ACTIVE,[-114.09737804   50.91105322]
2139,,NEIGHBOURHOOD PARK,1,TITLED,NO BREAKDOWN,CULTURALLY SIGNIFICANT SITE,,COU651,,CALGARY PARKS,CALGARY PARKS,,ACTIVE,[-114.08578215   51.1406142 ]
2140,,SUBNEIGHBOURHOOD PARK,1,TITLED,NO BREAKDOWN,CULTURALLY SIGNIFICANT SITE,,COV045,,CALGARY PARKS SHARED,CALGARY PARKS,,ACTIVE,[-114.03786982   51.16978798]
2141,,SUBNEIGHBOURHOOD PARK,1,TITLED,NO BREAKDOWN,,,COR355,,CALGARY PARKS,CALGARY PARKS,,ACTIVE,[-113.93120878   51.10382503]
2142,,SUBNEIGHBOURHOOD PARK,1,TITLED,NO BREAKDOWN,CULTURALLY SIGNIFICANT SITE,,EVN263,,CALGARY PARKS,CALGARY PARKS,,ACTIVE,[-114.1116188    51.16661718]
2143,,SUBNEIGHBOURHOOD PARK,1,TITLED,NO BREAKDOWN,CULTURALLY SIGNIFICANT SITE,,EVE917,,CALGARY PARKS,CALGARY PARKS,,ACTIVE,[-114.12083029   50.92386036]
2144,,SUBNEIGHBOURHOOD PARK,1,TITLED,NO BREAKDOWN,,,COV089,,CALGARY PARKS,CALGARY PARKS,,ACTIVE,[-114.06437156   51.17016795]
2145,,SUBNEIGHBOURHOOD PARK,1,TITLED,NO BREAKDOWN,,,COV098,,CALGARY PARKS,CALGARY PARKS,,ACTIVE,[-114.06490924   51.1642005 ]
2146,FOREST LAWN POOL; HOLY TRINITY ELEM,SUBNEIGHBOURHOOD PARK,1,TITLED,NO BREAKDOWN,,,FLN606,,CALGARY PARKS SHARED,CALGARY PARKS SHARED,,ACTIVE,[-113.97598561   51.0388635 ]
2147,,SUBNEIGHBOURHOOD PARK,1,TITLED,NO BREAKDOWN,CULTURALLY SIGNIFICANT SITE,,KCA998,,CALGARY PARKS,CALGARY PARKS SHARED,"MAINTAINED AS PER LANDSCAPE MAINTENANCE AGREEMENT, EXPIRES 2042/12/31; SEE PARIS_REPOSITORY\AGREEMENTS\LANDSCAPE_MAINTENANCE_AGREEMENT",ACTIVE,[-114.13843977   51.16379825]
2148,,SUBNEIGHBOURHOOD PARK,1,TITLED,NO BREAKDOWN,,,RYV002,,CALGARY PARKS,CALGARY PARKS SHARED,SITE INCLUDES SMALL POND,ACTIVE,[-114.20859331   51.15137559]
2149,,SUBNEIGHBOURHOOD PARK,1,TITLED,NO BREAKDOWN,,,ASP002,,CALGARY PARKS,CALGARY PARKS,,ACTIVE,[-114.21420321   51.05023552]
2150,,SUBNEIGHBOURHOOD PARK,1,TITLED,NO BREAKDOWN,CULTURALLY SIGNIFICANT SITE,,WHL274,,CALGARY PARKS SHARED,CALGARY PARKS SHARED,,ACTIVE,[-114.11717982   51.0506417 ]
2151,,NON-PARK,1,TITLED,NO BREAKDOWN,CULTURALLY SIGNIFICANT SITE,,WOO305,,CALGARY PARKS,CALGARY PARKS,,ACTIVE,[-114.10779517   50.93823453]
2152,,COMMUNITY PARK,1,TITLED,NO BREAKDOWN,,,WOO352,,CALGARY PARKS,CALGARY PARKS,,ACTIVE,[-114.11543138   50.94706634]
2153,,SUBNEIGHBOURHOOD PARK,1,TITLED,NO BREAKDOWN,,,LKB451,,CALGARY PARKS,CALGARY PARKS,,ACTIVE,[-114.04016203   50.94630147]
2154,,SUBNEIGHBOURHOOD PARK,1,TITLED,NO BREAKDOWN,,,SOW197,,CALGARY PARKS,CALGARY PARKS,,ACTIVE,[-114.09419488   50.9627355 ]
2155,,SUBNEIGHBOURHOOD PARK,1,TITLED,NO BREAKDOWN,,,TAR118,,CALGARY PARKS,CALGARY PARKS,,ACTIVE,[-113.94502914   51.11514778]
2156,,SUBNEIGHBOURHOOD PARK,1,TITLED,NO BREAKDOWN,,,TAR122,,CALGARY PARKS SHARED,CALGARY PARKS,,ACTIVE,[-113.93471547   51.11797241]
2157,,SUBNEIGHBOURHOOD PARK,1,TITLED,NO BREAKDOWN,,,ARB965,,CALGARY PARKS,CALGARY PARKS SHARED,,ACTIVE,[-114.19021537   51.13476447]
2158,,SUBNEIGHBOURHOOD PARK,1,TITLED,NO BREAKDOWN,,,EVE904,,CALGARY PARKS,CALGARY PARKS,,ACTIVE,[-114.10139657   50.90663237]
2159,,SUBNEIGHBOURHOOD PARK,1,TITLED,NO BREAKDOWN,,,TAR119,,CALGARY PARKS,CALGARY PARKS SHARED,,ACTIVE,[-113.92383378   51.12097371]
2160,PRAIRIE SKY SCHOOL; APOSTLES OF JESUS SCHOOL,COMMUNITY PARK,1,TITLED,NO BREAKDOWN,,,SKR001,,CALGARY PARKS SHARED,CALGARY PARKS SHARED,"MAINTAINED AS PER LANDSCAPE MAINTENANCE AGREEMENT, EXPIRES 2042/12/31; SEE PARIS_REPOSITORY\AGREEMENTS\LANDSCAPE_MAINTENANCE_AGREEMENT",ACTIVE,[-113.95759759   51.15984897]
2161,,SUBNEIGHBOURHOOD PARK,1,TITLED,NO BREAKDOWN,,,HOR146,,CALGARY PARKS SHARED,CALGARY PARKS SHARED,,ACTIVE,[-113.99407156   51.09223183]
2162,,SUBNEIGHBOURHOOD PARK,1,TITLED,NO BREAKDOWN,,,LKB499,,CALGARY PARKS,CALGARY PARKS,,ACTIVE,[-114.05532931   50.94016662]
2163,,SUBNEIGHBOURHOOD PARK,1,TITLED,NO BREAKDOWN,,,MOR290,,CALGARY PARKS,CALGARY PARKS,,ACTIVE,[-113.93289441   51.07864733]
2164,,SUBNEIGHBOURHOOD PARK,1,TITLED,NO BREAKDOWN,CULTURALLY SIGNIFICANT SITE,,HAR935,,CALGARY PARKS,CALGARY PARKS,,ACTIVE,[-114.05661762   51.15294505]
2165,,SUBNEIGHBOURHOOD PARK,1,TITLED,NO BREAKDOWN,CULTURALLY SIGNIFICANT SITE,,HAW007,,CALGARY PARKS,CALGARY PARKS SHARED,"MAINTAINED AS PER LANDSCAPE MAINTENANCE AGREEMENT, EXPIRES 2042/12/31; SEE PARIS_REPOSITORY\AGREEMENTS\LANDSCAPE_MAINTENANCE_AGREEMENT",ACTIVE,[-114.18211078   51.1287928 ]
2166,,SUBNEIGHBOURHOOD PARK,1,TITLED,NO BREAKDOWN,CULTURALLY SIGNIFICANT SITE,,DAL125,,CALGARY PARKS,CALGARY PARKS,,ACTIVE,[-114.15688583   51.10547465]
2167,,LINEAR PARK,1,TITLED,NO BREAKDOWN,CULTURALLY SIGNIFICANT SITE,,HAR397,,CALGARY PARKS SHARED,CALGARY PARKS SHARED,,ACTIVE,[-114.04335759   51.1472507 ]
2168,,SUBNEIGHBOURHOOD PARK,1,TITLED,NO BREAKDOWN,,,HUN531,,CALGARY PARKS,CALGARY PARKS,,ACTIVE,[-114.06491352   51.12487399]
2169,,SUBNEIGHBOURHOOD PARK,1,TITLED,NO BREAKDOWN,,,WAL006,,CALGARY PARKS,CALGARY PARKS,,ACTIVE,[-114.03088157   50.87563145]
2170,,SUBNEIGHBOURHOOD PARK,1,TITLED,NO BREAKDOWN,CULTURALLY SIGNIFICANT SITE,,ERL245,,CALGARY PARKS,CALGARY PARKS,,ACTIVE,[-114.06033029   51.03482019]
2171,,SUBNEIGHBOURHOOD PARK,1,TITLED,NO BREAKDOWN,,,CHA002,,CALGARY PARKS,CALGARY PARKS,,ACTIVE,[-114.01573715   50.88626914]
2172,,SUBNEIGHBOURHOOD PARK,1,TITLED,NO BREAKDOWN,CULTURALLY SIGNIFICANT SITE,,PAN007,,CALGARY PARKS,CALGARY PARKS,,ACTIVE,[-114.07254658   51.1678336 ]
2173,,SUBNEIGHBOURHOOD PARK,1,TITLED,NO BREAKDOWN,,,EVN008,,CALGARY PARKS SHARED,CALGARY PARKS SHARED,,ACTIVE,[-114.11498052   51.17652506]
2174,,NEIGHBOURHOOD PARK,1,TITLED,NO BREAKDOWN,,,WHI065,,CALGARY PARKS,CALGARY PARKS,,ACTIVE,[-113.97109847   51.09375626]
2175,,SUBNEIGHBOURHOOD PARK,1,TITLED,NO BREAKDOWN,CULTURALLY SIGNIFICANT SITE,,SDC370,,CALGARY PARKS,CALGARY PARKS,,ACTIVE,[-114.03873987   50.91033493]
2176,,SUBNEIGHBOURHOOD PARK,1,TITLED,NO BREAKDOWN,,,SDC623,,CALGARY PARKS,CALGARY PARKS,,ACTIVE,[-114.03374793   50.89459163]
2177,,SUBNEIGHBOURHOOD PARK,1,TITLED,NO BREAKDOWN,,,HAY235,,CALGARY PARKS,CALGARY PARKS,,ACTIVE,[-114.07728937   50.96842377]
2178,,SUBNEIGHBOURHOOD PARK,1,TITLED,NO BREAKDOWN,,,SOW230,,CALGARY PARKS,CALGARY PARKS,,ACTIVE,[-114.09420229   50.96102999]
2179,,SUBNEIGHBOURHOOD PARK,1,TITLED,NO BREAKDOWN,,,MLR409,,CALGARY PARKS,CALGARY PARKS,,ACTIVE,[-114.09577761   50.91761325]
2180,,SUBNEIGHBOURHOOD PARK,1,TITLED,NO BREAKDOWN,CULTURALLY SIGNIFICANT SITE,,SPR779,,CALGARY PARKS,CALGARY PARKS,,ACTIVE,[-114.13378743   51.04937632]
2181,,SUBNEIGHBOURHOOD PARK,1,TITLED,NO BREAKDOWN,,,SPH986,,CALGARY PARKS,CALGARY PARKS,,ACTIVE,[-114.18818139   51.03118768]
2182,MARIA MONTTESSORI SCHOOL; FORMER CHIEF CROWFOOT SCHOOL,SUBNEIGHBOURHOOD PARK,1,TITLED,NO BREAKDOWN,CULTURALLY SIGNIFICANT SITE,,STA539,,CALGARY PARKS,CALGARY PARKS,,ACTIVE,[-114.12453555   51.06300095]
2183,,SUBNEIGHBOURHOOD PARK,1,TITLED,NO BREAKDOWN,CULTURALLY SIGNIFICANT SITE,,SPR777,,CALGARY PARKS,CALGARY PARKS,,ACTIVE,[-114.13770402   51.04917636]
2184,SOUTH GLENMORE PARK,REGIONAL PARK,1,TITLED,NO BREAKDOWN,CULTURALLY SIGNIFICANT SITE,SITE HAS HOLE; SITE SPLIT GPK056,GPK056,,CALGARY PARKS SHARED,CALGARY PARKS SHARED,PARKS DEPOT ON SITE,ACTIVE,[-114.11371451   50.97625266]
2185,FOREST LAWN ATHLETIC PARK; FOREST LAWN HIGH SCHOOL; JACK JAMES HIGH SCHOOL; ERNEST MORROW JR HIGH,ATHLETIC PARK,1,TITLED,NO BREAKDOWN,,,FLN605,,CALGARY PARKS SHARED,CALGARY PARKS SHARED,,ACTIVE,[-113.96340501   51.04320752]
2186,,SUBNEIGHBOURHOOD PARK,1,TITLED,NO BREAKDOWN,,,DDG596,,CALGARY PARKS,CALGARY PARKS SHARED,"MAINTAINED AS PER LANDSCAPE MAINTENANCE AGREEMENT, EXPIRES 2042/12/31; SEE PARIS_REPOSITORY\AGREEMENTS\LANDSCAPE_MAINTENANCE_AGREEMENT",ACTIVE,[-113.99142458   50.94569539]
2187,,SUBNEIGHBOURHOOD PARK,1,TITLED,NO BREAKDOWN,CULTURALLY SIGNIFICANT SITE,,EVE948,,CALGARY PARKS,CALGARY PARKS,,ACTIVE,[-114.10353526   50.92336877]
2188,,SUBNEIGHBOURHOOD PARK,1,TITLED,NO BREAKDOWN,CULTURALLY SIGNIFICANT SITE,,COL395,,CALGARY PARKS,CALGARY PARKS,,ACTIVE,[-114.10355328   51.09010569]
2189,HAWKCLIFF RAVINE,COMMUNITY PARK,1,TITLED,NO BREAKDOWN,,,HAW147,,CALGARY PARKS,CALGARY PARKS SHARED,"MAINTAINED AS PER LANDSCAPE MAINTENANCE AGREEMENT, EXPIRES 2042/12/31; SEE PARIS_REPOSITORY\AGREEMENTS\LANDSCAPE_MAINTENANCE_AGREEMENT",ACTIVE,[-114.16344023   51.12671514]
2190,ST JEROME SCHOOL,NEIGHBOURHOOD PARK,1,TITLED,NO BREAKDOWN,CULTURALLY SIGNIFICANT SITE,,PAN049,,CALGARY PARKS SHARED,CALGARY PARKS,,ACTIVE,[-114.07775052   51.15727402]
2191,,DISTRICT PARK,1,TITLED,NO BREAKDOWN,CULTURALLY SIGNIFICANT SITE,SITE SPLIT PAN060,PAN060,,CALGARY PARKS,CALGARY PARKS SHARED,,ACTIVE,[-114.08009665   51.1662639 ]
2192,,SUBNEIGHBOURHOOD PARK,1,TITLED,NO BREAKDOWN,CULTURALLY SIGNIFICANT SITE,,PAN011,,CALGARY PARKS,CALGARY PARKS,,ACTIVE,[-114.08438061   51.15093176]
2193,,SUBNEIGHBOURHOOD PARK,1,TITLED,NO BREAKDOWN,CULTURALLY SIGNIFICANT SITE,,PAN037,,CALGARY PARKS,CALGARY PARKS,,ACTIVE,[-114.0715468    51.15355064]
2194,,SUBNEIGHBOURHOOD PARK,1,TITLED,NO BREAKDOWN,CULTURALLY SIGNIFICANT SITE,,PAN509,,CALGARY PARKS,CALGARY PARKS,,ACTIVE,[-114.08293042   51.15085533]
2195,,SUBNEIGHBOURHOOD PARK,1,TITLED,NO BREAKDOWN,CULTURALLY SIGNIFICANT SITE,,ROC004,,CALGARY PARKS,CALGARY PARKS,,ACTIVE,[-114.24355186   51.15194044]
2196,,SUBNEIGHBOURHOOD PARK,1,TITLED,NO BREAKDOWN,,,TAR002,,CALGARY PARKS,CALGARY PARKS SHARED,,ACTIVE,[-113.9231858    51.11865688]
2197,,SUBNEIGHBOURHOOD PARK,1,TITLED,NO BREAKDOWN,CULTURALLY SIGNIFICANT SITE,,WAL009,,CALGARY PARKS,CALGARY PARKS,,ACTIVE,[-114.03782652   50.86961253]
2198,,SUBNEIGHBOURHOOD PARK,1,TITLED,NO BREAKDOWN,,,WSP002,,CALGARY PARKS,CALGARY PARKS,,ACTIVE,[-114.19546533   51.0563987 ]
2199,,SUBNEIGHBOURHOOD PARK,1,TITLED,NO BREAKDOWN,CULTURALLY SIGNIFICANT SITE,,SVO004,,CALGARY PARKS SHARED,CALGARY PARKS SHARED,NORTH PART OF THIS SITE IS OWNED BY SILVERADO RESIDNETS ASSOC,ACTIVE,[-114.08781583   50.88177056]
2200,,COMMUNITY PARK,1,TITLED,NO BREAKDOWN,CULTURALLY SIGNIFICANT SITE,,NOL010,,CALGARY PARKS,CALGARY PARKS,,ACTIVE,[-114.16499541   51.18092395]
2201,,NON-PARK,1,TITLED,NO BREAKDOWN,CULTURALLY SIGNIFICANT SITE,,BOW004,,CALGARY PARKS,CALGARY OTHER BUSINESS UNIT,,ACTIVE,[-114.17449568   51.08527696]
2202,,COMMUNITY PARK,1,TITLED,NO BREAKDOWN,CULTURALLY SIGNIFICANT SITE,,NOL017,,CALGARY PARKS,CALGARY PARKS SHARED,,ACTIVE,[-114.1632293    51.17439941]
2203,,SUBNEIGHBOURHOOD PARK,1,TITLED,NO BREAKDOWN,CULTURALLY SIGNIFICANT SITE,,SHW821,,CALGARY PARKS,CALGARY PARKS,,ACTIVE,[-114.15104911   51.15970044]
2204,,SUBNEIGHBOURHOOD PARK,1,TITLED,NO BREAKDOWN,CULTURALLY SIGNIFICANT SITE,,ARB213,,CALGARY PARKS,CALGARY PARKS,,ACTIVE,[-114.22163616   51.13325618]
2205,ARBOUR LAKE PAVILION,SUBNEIGHBOURHOOD PARK,1,TITLED,NO BREAKDOWN,,,ARB411,,CALGARY PARKS,CALGARY PARKS,,ACTIVE,[-114.20302234   51.13317412]
2206,,SUBNEIGHBOURHOOD PARK,1,TITLED,NO BREAKDOWN,,,OAK070,,CALGARY PARKS,CALGARY PARKS,,ACTIVE,[-114.1370191    50.97360283]
2207,LOIS SZABO COMMONS,SUBNEIGHBOURHOOD PARK,1,TITLED,NO BREAKDOWN,CULTURALLY SIGNIFICANT SITE,,BLN013,,CALGARY PARKS,CALGARY PARKS,MAINTENANCE BY PARKS AS OF JULY 2023,ACTIVE,[-114.08401842   51.03840899]
2208,,NEIGHBOURHOOD PARK,1,TITLED,NO BREAKDOWN,CULTURALLY SIGNIFICANT SITE,,ROX261,,CALGARY PARKS,CALGARY PARKS,,ACTIVE,[-114.06978011   51.02428354]
2209,,DISTRICT PARK,1,TITLED,NO BREAKDOWN,CULTURALLY SIGNIFICANT SITE,,SPH021,,CALGARY PARKS,CALGARY PARKS,,ACTIVE,[-114.20559552   51.02812905]
2210,,SUBNEIGHBOURHOOD PARK,1,TITLED,NO BREAKDOWN,CULTURALLY SIGNIFICANT SITE,,PAN958,,CALGARY PARKS,CALGARY PARKS,,ACTIVE,[-114.07930287   51.14861975]
2211,,COMMUNITY PARK,1,TITLED,NO BREAKDOWN,CULTURALLY SIGNIFICANT SITE,,PAN043,,CALGARY PARKS,CALGARY PARKS,,ACTIVE,[-114.07500158   51.16189689]
2212,,SUBNEIGHBOURHOOD PARK,1,TITLED,NO BREAKDOWN,,,PAN244,,CALGARY PARKS,CALGARY PARKS,,ACTIVE,[-114.0997359    51.16384053]
2213,,NEIGHBOURHOOD PARK,1,TITLED,NO BREAKDOWN,CULTURALLY SIGNIFICANT SITE,,PAN457,,CALGARY PARKS,CALGARY PARKS,,ACTIVE,[-114.08149834   51.15410771]
2214,,LINEAR PARK,1,TITLED,NO BREAKDOWN,CULTURALLY SIGNIFICANT SITE,,PAN035,,CALGARY PARKS,CALGARY PARKS,,ACTIVE,[-114.07437313   51.15623368]
2215,,LINEAR PARK,1,TITLED,NO BREAKDOWN,CULTURALLY SIGNIFICANT SITE,,PAN036,,CALGARY PARKS,CALGARY PARKS,,ACTIVE,[-114.07354518   51.15624067]
2216,,SUBNEIGHBOURHOOD PARK,1,TITLED,NO BREAKDOWN,CULTURALLY SIGNIFICANT SITE,,PAN042,,CALGARY PARKS,CALGARY PARKS,,ACTIVE,[-114.07747961   51.16173101]
2217,,COMMUNITY PARK,1,TITLED,NO BREAKDOWN,CULTURALLY SIGNIFICANT SITE,,PAN077,,CALGARY PARKS,CALGARY PARKS SHARED,,ACTIVE,[-114.08377254   51.16695316]
2218,,SUBNEIGHBOURHOOD PARK,1,TITLED,NO BREAKDOWN,CULTURALLY SIGNIFICANT SITE,,CRA007,,CALGARY PARKS,CALGARY PARKS,,ACTIVE,[-113.97913631   50.86967481]
2219,EDWORTHY PARK,REGIONAL PARK,1,TITLED,NO BREAKDOWN,CULTURALLY SIGNIFICANT SITE,SITE HAS HOLES (2),WLD050,,CALGARY PARKS SHARED,CALGARY PARKS SHARED,,ACTIVE,[-114.158002    51.0602178]
2220,,SUBNEIGHBOURHOOD PARK,1,TITLED,NO BREAKDOWN,,,NEB011,,CALGARY PARKS,CALGARY PARKS,,ACTIVE,[-113.9407639    50.92436394]
2221,,SUBNEIGHBOURHOOD PARK,1,TITLED,NO BREAKDOWN,,,SKR002,,CALGARY PARKS,CALGARY PARKS SHARED,"MAINTAINED AS PER LANDSCAPE MAINTENANCE AGREEMENT, EXPIRES 2042/12/31; SEE PARIS_REPOSITORY\AGREEMENTS\LANDSCAPE_MAINTENANCE_AGREEMENT",ACTIVE,[-113.95162215   51.16116039]
2222,,SUBNEIGHBOURHOOD PARK,1,TITLED,NO BREAKDOWN,,,SKR003,,CALGARY PARKS,CALGARY PARKS SHARED,"MAINTAINED AS PER LANDSCAPE MAINTENANCE AGREEMENT, EXPIRES 2042/12/31; SEE PARIS_REPOSITORY\AGREEMENTS\LANDSCAPE_MAINTENANCE_AGREEMENT",ACTIVE,[-113.9547816    51.16041872]
2223,,SUBNEIGHBOURHOOD PARK,1,TITLED,NO BREAKDOWN,,,SKR004,,CALGARY PARKS,CALGARY PARKS SHARED,"MAINTAINED AS PER LANDSCAPE MAINTENANCE AGREEMENT, EXPIRES 2042/12/31; SEE PARIS_REPOSITORY\AGREEMENTS\LANDSCAPE_MAINTENANCE_AGREEMENT",ACTIVE,[-113.95471556   51.15922013]
2224,,SUBNEIGHBOURHOOD PARK,1,TITLED,NO BREAKDOWN,CULTURALLY SIGNIFICANT SITE,,EVE922,,CALGARY PARKS,CALGARY PARKS SHARED,,ACTIVE,[-114.11627335   50.91332628]
2225,,SUBNEIGHBOURHOOD PARK,1,TITLED,NO BREAKDOWN,,,CPF867,,CALGARY PARKS,CALGARY PARKS,,ACTIVE,[-113.92942539   50.91686011]
2226,GLEN HANSEN FIELD,NEIGHBOURHOOD PARK,1,TITLED,NO BREAKDOWN,,SITE SPLIT VIS250: NEW SITE VIS221,VIS221,,CALGARY PARKS SHARED,CALGARY PARKS SHARED,,ACTIVE,[-114.02393049   51.07425221]
2227,,SUBNEIGHBOURHOOD PARK,1,TITLED,NO BREAKDOWN,CULTURALLY SIGNIFICANT SITE,,DAL095,,CALGARY PARKS SHARED,CALGARY PARKS SHARED,,ACTIVE,[-114.15671551   51.1048304 ]
2228,EAU CLAIRE PLAZA; FESTIVAL MARKET DEPOT,REGIONAL PARK,1,TITLED,NO BREAKDOWN,CULTURALLY SIGNIFICANT SITE,,EAU121,RIVER VALLEY SYSTEM: EAU CLAIRE,CALGARY PARKS SHARED,CALGARY PARKS SHARED,PARKS DEPOT ON SITE,ACTIVE,[-114.06963976   51.05242939]
2229,CORRAL DEPOT,PARKS DEPOT,1,TITLED,NO BREAKDOWN,,,FLI000,,CALGARY PARKS,CALGARY PARKS,PARKS DEPOT ON SITE,ACTIVE,[-113.9542649    51.03340412]
2230,HUGH BENNETT PARK,COMMUNITY PARK,1,TITLED,NO BREAKDOWN,,,SAD341,,CALGARY PARKS,CALGARY PARKS SHARED,MAINTENANCE SHARED WITH WATER RESOURCES,ACTIVE,[-113.95394225   51.12713195]
2231,CAPTAIN NICHOLA GODDARD SCHOOL,COMMUNITY PARK,1,TITLED,NO BREAKDOWN,CULTURALLY SIGNIFICANT SITE,,PAN075,,CALGARY PARKS & CBE,CALGARY PARKS SHARED,,ACTIVE,[-114.09172285   51.16180878]
2232,,SUBNEIGHBOURHOOD PARK,1,TITLED,NO BREAKDOWN,CULTURALLY SIGNIFICANT SITE,,PAN003,,CALGARY PARKS,CALGARY PARKS,,ACTIVE,[-114.09116296   51.15310156]
2233,,COMMUNITY PARK,1,TITLED,NO BREAKDOWN,CULTURALLY SIGNIFICANT SITE,,HID246,,CALGARY PARKS SHARED,CALGARY PARKS,,ACTIVE,[-114.094978     51.16010898]
2234,LITTLE FOURS 2,LINEAR PARK,1,TITLED,NO BREAKDOWN,,,CAP366,,CALGARY PARKS SHARED,CALGARY PARKS,,ACTIVE,[-114.10055407   51.07348871]
2235,LITTLE FOURS 4,LINEAR PARK,1,TITLED,NO BREAKDOWN,,,CAP368,,CALGARY PARKS SHARED,CALGARY PARKS,,ACTIVE,[-114.10057421   51.07253167]
2236,EXSHAW ROAD PARK,SUBNEIGHBOURHOOD PARK,1,TITLED,NO BREAKDOWN,,,BNF325,,CALGARY PARKS,CALGARY PARKS,,ACTIVE,[-114.11231661   51.07626353]
2237,MCKENZIE TOWNE PARK,SUBNEIGHBOURHOOD PARK,1,TITLED,NO BREAKDOWN,,,MCT800,,CALGARY PARKS,CALGARY PARKS SHARED,"MAINTAINED AS PER LANDSCAPE MAINTENANCE AGREEMENT, EXPIRES 2042/12/31; SEE PARIS_REPOSITORY\AGREEMENTS\LANDSCAPE_MAINTENANCE_AGREEMENT",ACTIVE,[-113.96926756   50.91368899]
2238,,SUBNEIGHBOURHOOD PARK,1,TITLED,NO BREAKDOWN,CULTURALLY SIGNIFICANT SITE,,DDG050,,CALGARY PARKS,CALGARY PARKS SHARED,"MAINTAINED AS PER LANDSCAPE MAINTENANCE AGREEMENT, EXPIRES 2042/12/31; SEE PARIS_REPOSITORY\AGREEMENTS\LANDSCAPE_MAINTENANCE_AGREEMENT",ACTIVE,[-114.01787431   50.96004937]
2239,,NEIGHBOURHOOD PARK,1,TITLED,NO BREAKDOWN,,,VIS254,,CALGARY PARKS,CALGARY PARKS,,ACTIVE,[-114.0095932    51.07271459]
2240,,SUBNEIGHBOURHOOD PARK,1,TITLED,NO BREAKDOWN,,,WHI006,,CALGARY PARKS,CALGARY PARKS,,ACTIVE,[-113.96072742   51.08867793]
2241,,SUBNEIGHBOURHOOD PARK,1,TITLED,NO BREAKDOWN,,,AUB010,,CALGARY PARKS,CALGARY PARKS,,ACTIVE,[-113.94514439   50.8861322 ]
2242,,SUBNEIGHBOURHOOD PARK,1,TITLED,NO BREAKDOWN,,,PUM036,,CALGARY PARKS,CALGARY PARKS,,ACTIVE,[-114.10320607   50.96747009]
2243,,SUBNEIGHBOURHOOD PARK,1,TITLED,NO BREAKDOWN,,,PUM110,,CALGARY PARKS,CALGARY PARKS,,ACTIVE,[-114.09999948   50.96871502]
2244,,SUBNEIGHBOURHOOD PARK,1,TITLED,NO BREAKDOWN,,,PUM113,,CALGARY PARKS,CALGARY PARKS,,ACTIVE,[-114.10214007   50.96988407]
2245,,SUBNEIGHBOURHOOD PARK,1,TITLED,NO BREAKDOWN,CULTURALLY SIGNIFICANT SITE,,PAN073,,CALGARY PARKS,CALGARY PARKS,,ACTIVE,[-114.08768482   51.16406841]
2246,,SUBNEIGHBOURHOOD PARK,1,TITLED,NO BREAKDOWN,,,ROY375,,CALGARY PARKS,CALGARY PARKS,,ACTIVE,[-114.22124177   51.14365671]
2247,,SUBNEIGHBOURHOOD PARK,1,TITLED,NO BREAKDOWN,,,ROY302,,CALGARY PARKS,CALGARY PARKS SHARED,,ACTIVE,[-114.21215288   51.14480659]
2248,RICHMOND GREEN,REGIONAL PARK,1,TITLED,NO BREAKDOWN,CULTURALLY SIGNIFICANT SITE,,RIC700,,CALGARY PARKS SHARED,CALGARY PARKS,PARKS DEPOT ON SITE,ACTIVE,[-114.12372499   51.02380289]
2249,VARSITY RAVINE PARK,COMMUNITY PARK,1,TITLED,NO BREAKDOWN,CULTURALLY SIGNIFICANT SITE,,VAR145,,CALGARY PARKS,CALGARY PARKS,,ACTIVE,[-114.16140385   51.09783121]
2250,POPPY PLAZA; LANDSCAPE OF MEMORY,REGIONAL PARK,1,TITLED,NO BREAKDOWN,CULTURALLY SIGNIFICANT SITE,,HIL495,RIVER VALLEY SYSTEM: MEMORIAL DRIVE,CALGARY PARKS,CALGARY PARKS,,ACTIVE,[-114.0888231    51.05027826]
2251,,SUBNEIGHBOURHOOD PARK,1,TITLED,NO BREAKDOWN,CULTURALLY SIGNIFICANT SITE,,MON292,,CALGARY PARKS,CALGARY PARKS,,ACTIVE,[-114.16484287   51.07492011]
2252,,SUBNEIGHBOURHOOD PARK,1,TITLED,NO BREAKDOWN,CULTURALLY SIGNIFICANT SITE,,CAP001,,CALGARY PARKS,CALGARY PARKS,,ACTIVE,[-114.09372537   51.06739063]
2253,,SUBNEIGHBOURHOOD PARK,1,TITLED,NO BREAKDOWN,CULTURALLY SIGNIFICANT SITE,,LIV016,,CALGARY PARKS,DEVELOPER CONSTRUCTION,,ACTIVE,[-114.05602787   51.18781088]
2254,,SUBNEIGHBOURHOOD PARK,1,TITLED,NO BREAKDOWN,,,ARB014,,CALGARY PARKS,CALGARY PARKS,,ACTIVE,[-114.20352078   51.14139058]
2255,,SUBNEIGHBOURHOOD PARK,1,TITLED,NO BREAKDOWN,CULTURALLY SIGNIFICANT SITE,,ASP011,,CALGARY PARKS,CALGARY PARKS,,ACTIVE,[-114.22085254   51.04835765]
2256,,SUBNEIGHBOURHOOD PARK,1,TITLED,NO BREAKDOWN,CULTURALLY SIGNIFICANT SITE,,CRA009,,CALGARY PARKS,CALGARY PARKS,,ACTIVE,[-113.97230996   50.87012784]
2257,,SUBNEIGHBOURHOOD PARK,1,TITLED,NO BREAKDOWN,,,ASP012,,CALGARY PARKS,CALGARY PARKS,,ACTIVE,[-114.22066851   51.04968507]
2258,,COMMUNITY PARK,1,TITLED,NO BREAKDOWN,,,SRI002,,CALGARY PARKS,CALGARY PARKS SHARED,,ACTIVE,[-113.97430094   51.12708425]
2259,,COMMUNITY PARK,1,TITLED,NO BREAKDOWN,CULTURALLY SIGNIFICANT SITE,,01K001,,CALGARY PARKS,DEVELOPER CONSTRUCTION,,ACTIVE,[-114.23010954   51.15772888]
2260,,SUBNEIGHBOURHOOD PARK,1,TITLED,NO BREAKDOWN,,,ROY307,,CALGARY PARKS,CALGARY PARKS,,ACTIVE,[-114.21691421   51.14542678]
2261,,SUBNEIGHBOURHOOD PARK,1,TITLED,NO BREAKDOWN,CULTURALLY SIGNIFICANT SITE,,ROY391,,CALGARY PARKS,CALGARY PARKS,,ACTIVE,[-114.22998913   51.14933923]
2262,,NON-PARK,1,TITLED,NO BREAKDOWN,CULTURALLY SIGNIFICANT SITE,,SOV006,2 OF 2 PARCELS WITH SAME ADDRESS,CALGARY PARKS,CALGARY PARKS,,ACTIVE,[-114.00159347   51.0363625 ]
2263,,SUBNEIGHBOURHOOD PARK,1,TITLED,NO BREAKDOWN,CULTURALLY SIGNIFICANT SITE,,ROY377,,CALGARY PARKS,CALGARY PARKS SHARED,"MAINTAINED AS PER LANDSCAPE MAINTENANCE AGREEMENT, EXPIRES 2042/12/31; SEE PARIS_REPOSITORY\AGREEMENTS\LANDSCAPE_MAINTENANCE_AGREEMENT",ACTIVE,[-114.23118582   51.13628228]
2264,,SUBNEIGHBOURHOOD PARK,1,TITLED,NO BREAKDOWN,CULTURALLY SIGNIFICANT SITE,,ROY382,,CALGARY PARKS,CALGARY PARKS,,ACTIVE,[-114.22710572   51.15077319]
2265,,SUBNEIGHBOURHOOD PARK,1,TITLED,NO BREAKDOWN,CULTURALLY SIGNIFICANT SITE,,ROY303,,CALGARY PARKS,CALGARY PARKS,,ACTIVE,[-114.21173471   51.14611811]
2266,NORMIE KWONG PARK,SUBNEIGHBOURHOOD PARK,1,TITLED,NO BREAKDOWN,CULTURALLY SIGNIFICANT SITE,,BRD780,,CALGARY PARKS,CALGARY PARKS,,ACTIVE,[-114.0388392   51.0556829]
2267,,SUBNEIGHBOURHOOD PARK,1,TITLED,NO BREAKDOWN,,,QPK880,,CALGARY PARKS,CALGARY PARKS,,ACTIVE,[-114.08156338   51.08770757]
2268,INGLEWOOD WILDLANDS,DISTRICT PARK,1,TITLED,NO BREAKDOWN,CULTURALLY SIGNIFICANT SITE,,ING171,,CALGARY PARKS SHARED,CALGARY PARKS,LEASE EXPIRES 2091 (99 YEAR LEASE); SEE RESPOSITORY FOR MORE INFO R:\AGREEMENTS\LEASEorLICENSE_OF_OCCUPATION\ING\ING171_INGLEWOOD_WILDLANDS,ACTIVE,[-114.01331209   51.03082739]
2269,CORPUS CHRISTI ELEM,SUBNEIGHBOURHOOD PARK,1,TITLED,NO BREAKDOWN,,,THO576,,CALGARY PARKS SHARED,CALGARY PARKS SHARED,,ACTIVE,[-114.06859381   51.10192356]
2270,COLONEL SAUNDERS ELEM,SUBNEIGHBOURHOOD PARK,1,TITLED,NO BREAKDOWN,,,THO840,,CALGARY PARKS SHARED,CALGARY PARKS SHARED,,ACTIVE,[-114.07501916   51.09946178]
2271,BRIAR HILL ESCARPMENT,COMMUNITY PARK,1,TITLED,NO BREAKDOWN,,,WHL563,,CALGARY PARKS,CALGARY PARKS,,ACTIVE,[-114.11036633   51.06056667]
2272,,LINEAR PARK,1,TITLED,NO BREAKDOWN,CULTURALLY SIGNIFICANT SITE,,CRA110,,CALGARY PARKS,CALGARY PARKS,,ACTIVE,[-113.98495451   50.87466293]
2273,,SUBNEIGHBOURHOOD PARK,1,TITLED,NO BREAKDOWN,,2018/02/13: MAINTENANCE NOW WITH PARKS,RSN006,,CALGARY PARKS,CALGARY PARKS SHARED,"MAINTAINED AS PER LANDSCAPE MAINTENANCE AGREEMENT, EXPIRES 2042/12/31; SEE PARIS_REPOSITORY\AGREEMENTS\LANDSCAPE_MAINTENANCE_AGREEMENT",ACTIVE,[-113.95869835   51.16965014]
2274,GEORGE MOSS PARK,COMMUNITY PARK,1,TITLED,NO BREAKDOWN,CULTURALLY SIGNIFICANT SITE,,OGD806,,CALGARY PARKS,CALGARY PARKS,,ACTIVE,[-114.00394136   50.98784511]
2275,LAURIE PARK,COMMUNITY PARK,1,TITLED,NO BREAKDOWN,CULTURALLY SIGNIFICANT SITE,,CHW428,,CALGARY PARKS,CALGARY PARKS,,ACTIVE,[-114.12252026   51.09963353]
2276,,SUBNEIGHBOURHOOD PARK,1,TITLED,NO BREAKDOWN,CULTURALLY SIGNIFICANT SITE,,DDG002,,CALGARY PARKS,CALGARY PARKS SHARED,"MAINTAINED AS PER LANDSCAPE MAINTENANCE AGREEMENT, EXPIRES 2042/12/31; SEE PARIS_REPOSITORY\AGREEMENTS\LANDSCAPE_MAINTENANCE_AGREEMENT",ACTIVE,[-114.0190492   50.9633554]
2277,LITTLE FOURS 1,LINEAR PARK,1,TITLED,NO BREAKDOWN,,,CAP365,,CALGARY PARKS SHARED,CALGARY PARKS,,ACTIVE,[-114.10056307   51.07400857]
2278,LITTLE FOURS 3,LINEAR PARK,1,TITLED,NO BREAKDOWN,,,CAP367,,CALGARY PARKS SHARED,CALGARY PARKS,,ACTIVE,[-114.10053987   51.07300293]
2279,,SUBNEIGHBOURHOOD PARK,1,TITLED,NO BREAKDOWN,,,VAR124,,CALGARY PARKS,CALGARY PARKS,,ACTIVE,[-114.14329706   51.08604857]
2280,,NEIGHBOURHOOD PARK,1,TITLED,NO BREAKDOWN,,,VAR121,,CALGARY PARKS,CALGARY PARKS,,ACTIVE,[-114.14621578   51.09417288]
2281,,SUBNEIGHBOURHOOD PARK,1,TITLED,NO BREAKDOWN,CULTURALLY SIGNIFICANT SITE,,SCE404,,CALGARY PARKS,CALGARY PARKS SHARED,"MAINTAINED AS PER LANDSCAPE MAINTENANCE AGREEMENT, EXPIRES 2042/12/31; SEE PARIS_REPOSITORY\AGREEMENTS\LANDSCAPE_MAINTENANCE_AGREEMENT",ACTIVE,[-114.22543176   51.12415245]
2282,FISH CREEK PARK BUFFER,LINEAR PARK,1,TITLED,NO BREAKDOWN,CULTURALLY SIGNIFICANT SITE,,LKB001,,CALGARY PARKS,CALGARY PARKS SHARED,,ACTIVE,[-114.05349343   50.9300194 ]
2283,SOUTH CALGARY PARK; ALEXANDER CALHOUN LIBRARY,COMMUNITY PARK,1,TITLED,NO BREAKDOWN,CULTURALLY SIGNIFICANT SITE,,SOC642,,CALGARY PARKS SHARED,CALGARY PARKS SHARED,2023/01/11: AS PER M RIED THE BUILDING ON SITE IS A CL RESOURCE,ACTIVE,[-114.09725175   51.02575566]
2284,,SUBNEIGHBOURHOOD PARK,1,TITLED,NO BREAKDOWN,,,WOO308,,CALGARY PARKS,CALGARY PARKS,,ACTIVE,[-114.11148103   50.94277019]
2285,,SUBNEIGHBOURHOOD PARK,1,TITLED,NO BREAKDOWN,CULTURALLY SIGNIFICANT SITE,,WOO311,,CALGARY PARKS,CALGARY PARKS,,ACTIVE,[-114.11369601   50.93456485]
2286,VARDELL PATHWAY PARK,SUBNEIGHBOURHOOD PARK,1,TITLED,NO BREAKDOWN,,,VAR455,,CALGARY PARKS,CALGARY PARKS,,ACTIVE,[-114.14583949   51.08674667]
2287,,SUBNEIGHBOURHOOD PARK,1,TITLED,NO BREAKDOWN,,,VAR335,,CALGARY PARKS,CALGARY PARKS,,ACTIVE,[-114.1430837    51.08487626]
2288,,SUBNEIGHBOURHOOD PARK,1,TITLED,NO BREAKDOWN,,,VAR342,,CALGARY PARKS,CALGARY PARKS,,ACTIVE,[-114.14146205   51.09038859]
2289,,SUBNEIGHBOURHOOD PARK,1,TITLED,NO BREAKDOWN,,,VAR344,,CALGARY PARKS,CALGARY PARKS,,ACTIVE,[-114.14315667   51.08723539]
2290,JANET JOHNSTONE SCHOOL; FATHER DOUCETT SCHOOL; SAMUEL W SHAW SCHOOL; SHAWNESSY COMMUNITY ASSOC,DISTRICT PARK,1,TITLED,NO BREAKDOWN,CULTURALLY SIGNIFICANT SITE,,SHN386,,CALGARY PARKS SHARED,CALGARY PARKS SHARED,,ACTIVE,[-114.08090965   50.90798062]
2291,,SUBNEIGHBOURHOOD PARK,1,TITLED,NO BREAKDOWN,,,CHK010,,CALGARY PARKS,CALGARY PARKS,,ACTIVE,[-114.09428883   50.98056791]
2292,,COMMUNITY PARK,1,TITLED,NO BREAKDOWN,CULTURALLY SIGNIFICANT SITE,,EVE812,,CALGARY PARKS,CALGARY PARKS SHARED,,ACTIVE,[-114.12630214   50.92416643]
2293,,SUBNEIGHBOURHOOD PARK,1,TITLED,NO BREAKDOWN,,,WBN430,,CALGARY PARKS,CALGARY PARKS,,ACTIVE,[-114.13843127   50.94584986]
2294,,SUBNEIGHBOURHOOD PARK,1,TITLED,NO BREAKDOWN,CULTURALLY SIGNIFICANT SITE,,WHL498,,CALGARY PARKS,CALGARY PARKS,,ACTIVE,[-114.12161552   51.0544713 ]
2295,,SUBNEIGHBOURHOOD PARK,1,TITLED,NO BREAKDOWN,,,WHL492,,CALGARY PARKS,CALGARY PARKS,,ACTIVE,[-114.10995444   51.05466189]
2296,CHIEF JUSTICE MILVAIN ELEM,NEIGHBOURHOOD PARK,1,TITLED,NO BREAKDOWN,,,WHI012,,CALGARY PARKS SHARED,CALGARY PARKS SHARED,,ACTIVE,[-113.97102214   51.08322092]
2297,TUSCANY SCHOOL,COMMUNITY PARK,1,TITLED,NO BREAKDOWN,CULTURALLY SIGNIFICANT SITE,,TUS645,,CALGARY PARKS SHARED,CALGARY PARKS SHARED,"MAINTAINED AS PER LANDSCAPE MAINTENANCE AGREEMENT, EXPIRES 2042/12/31; SEE PARIS_REPOSITORY\AGREEMENTS\LANDSCAPE_MAINTENANCE_AGREEMENT",ACTIVE,[-114.2433775   51.1166297]
2298,,SUBNEIGHBOURHOOD PARK,1,TITLED,NO BREAKDOWN,CULTURALLY SIGNIFICANT SITE,,UMR276,,CALGARY PARKS,CALGARY PARKS,,ACTIVE,[-114.07796575   51.03058063]
2299,,SUBNEIGHBOURHOOD PARK,1,TITLED,NO BREAKDOWN,,,WHI007,,CALGARY PARKS,CALGARY PARKS,,ACTIVE,[-113.96558975   51.08706152]
2300,,SUBNEIGHBOURHOOD PARK,1,TITLED,NO BREAKDOWN,,,WHI008,,CALGARY PARKS,CALGARY PARKS,,ACTIVE,[-113.96725123   51.0839996 ]
2301,,SUBNEIGHBOURHOOD PARK,1,TITLED,NO BREAKDOWN,,,WHI009,,CALGARY PARKS,CALGARY PARKS,,ACTIVE,[-113.96478429   51.08454427]
2302,,SUBNEIGHBOURHOOD PARK,1,TITLED,NO BREAKDOWN,,,WHI010,,CALGARY PARKS,CALGARY PARKS,,ACTIVE,[-113.96141244   51.08492188]
2303,,SUBNEIGHBOURHOOD PARK,1,TITLED,NO BREAKDOWN,CULTURALLY SIGNIFICANT SITE,,SCA893,,CALGARY PARKS,CALGARY PARKS,,ACTIVE,[-114.10539696   51.03945738]
2304,,SUBNEIGHBOURHOOD PARK,1,TITLED,NO BREAKDOWN,CULTURALLY SIGNIFICANT SITE,,SCE412,,CALGARY PARKS,CALGARY PARKS SHARED,"MAINTAINED AS PER LANDSCAPE MAINTENANCE AGREEMENT, EXPIRES 2042/12/31; SEE PARIS_REPOSITORY\AGREEMENTS\LANDSCAPE_MAINTENANCE_AGREEMENT",ACTIVE,[-114.22621589   51.12162188]
2305,,COMMUNITY PARK,1,TITLED,NO BREAKDOWN,CULTURALLY SIGNIFICANT SITE,,VAL076,,CALGARY PARKS,CALGARY PARKS SHARED,"MAINTAINED AS PER LANDSCAPE MAINTENANCE AGREEMENT, EXPIRES 2042/12/31; SEE PARIS_REPOSITORY\AGREEMENTS\LANDSCAPE_MAINTENANCE_AGREEMENT",ACTIVE,[-114.24582724   51.09110352]
2306,,SUBNEIGHBOURHOOD PARK,1,TITLED,NO BREAKDOWN,,,CPF854,,CALGARY PARKS,CALGARY PARKS,,ACTIVE,[-113.93842255   50.90881234]
2307,,SUBNEIGHBOURHOOD PARK,1,TITLED,NO BREAKDOWN,,,CPF862,,CALGARY PARKS,CALGARY PARKS,,ACTIVE,[-113.93057243   50.9096457 ]
2308,,SUBNEIGHBOURHOOD PARK,1,TITLED,NO BREAKDOWN,,,DOV755,,CALGARY PARKS,CALGARY PARKS,,ACTIVE,[-113.96913147   51.02879555]
2309,,SUBNEIGHBOURHOOD PARK,1,TITLED,NO BREAKDOWN,,,COA784,,CALGARY PARKS,CALGARY PARKS,,ACTIVE,[-114.17643298   51.0545909 ]
2310,,SUBNEIGHBOURHOOD PARK,1,TITLED,NO BREAKDOWN,,,DOV760,,CALGARY PARKS,CALGARY PARKS,,ACTIVE,[-113.97907528   51.02618399]
2311,,SUBNEIGHBOURHOOD PARK,1,TITLED,NO BREAKDOWN,,,COA787,,CALGARY PARKS,CALGARY PARKS,,ACTIVE,[-114.18066928   51.05862027]
2312,,SUBNEIGHBOURHOOD PARK,1,TITLED,NO BREAKDOWN,,,DOV761,,CALGARY PARKS,CALGARY PARKS,,ACTIVE,[-113.97761861   51.02417273]
2313,,LINEAR PARK,1,TITLED,NO BREAKDOWN,,SITE SPLIT SOM653: NEW SITE SOM647,SOM647,,CALGARY PARKS,CALGARY PARKS,,ACTIVE,[-114.08170848   50.89898874]
2314,,LINEAR PARK,1,TITLED,NO BREAKDOWN,,,COA780,,CALGARY PARKS,CALGARY PARKS,,ACTIVE,[-114.17165254   51.05408506]
2315,,SUBNEIGHBOURHOOD PARK,1,TITLED,NO BREAKDOWN,,,COA783,,CALGARY PARKS,CALGARY PARKS,,ACTIVE,[-114.17484856   51.0541414 ]
2316,,SUBNEIGHBOURHOOD PARK,1,TITLED,NO BREAKDOWN,,,STR829,,CALGARY PARKS,CALGARY PARKS,,ACTIVE,[-114.1832416   51.0473518]
2317,,COMMUNITY PARK,1,TITLED,NO BREAKDOWN,CULTURALLY SIGNIFICANT SITE,SITE SPLIT STR800,STR800,,CALGARY PARKS SHARED,CALGARY PARKS,,ACTIVE,[-114.17376288   51.04795045]
2318,,SUBNEIGHBOURHOOD PARK,1,TITLED,NO BREAKDOWN,,,UMR283,,CALGARY PARKS SHARED,CALGARY PARKS,,ACTIVE,[-114.0944044    51.03154809]
2319,,SUBNEIGHBOURHOOD PARK,1,TITLED,NO BREAKDOWN,,,WHI157,,CALGARY PARKS,CALGARY PARKS,,ACTIVE,[-113.98137039   51.08851724]
2320,,SUBNEIGHBOURHOOD PARK,1,TITLED,NO BREAKDOWN,CULTURALLY SIGNIFICANT SITE,,STR798,,CALGARY PARKS,CALGARY PARKS,,ACTIVE,[-114.16864679   51.04956489]
2321,,NEIGHBOURHOOD PARK,1,TITLED,NO BREAKDOWN,,,AUB209,,CALGARY PARKS,CALGARY PARKS SHARED,,ACTIVE,[-113.96110163   50.8993155 ]
2322,,NEIGHBOURHOOD PARK,1,TITLED,NO BREAKDOWN,CULTURALLY SIGNIFICANT SITE,,VAR103,,CALGARY PARKS,CALGARY PARKS,,ACTIVE,[-114.1674885    51.10234649]
2323,,SUBNEIGHBOURHOOD PARK,1,TITLED,NO BREAKDOWN,CULTURALLY SIGNIFICANT SITE,,WOO307,,CALGARY PARKS,CALGARY PARKS,,ACTIVE,[-114.10161901   50.93614559]
2324,,SUBNEIGHBOURHOOD PARK,1,TITLED,NO BREAKDOWN,,,COA789,,CALGARY PARKS,CALGARY PARKS,,ACTIVE,[-114.18378458   51.05502747]
2325,,COMMUNITY PARK,1,TITLED,NO BREAKDOWN,CULTURALLY SIGNIFICANT SITE,,EVE810,,CALGARY PARKS,CALGARY PARKS SHARED,,ACTIVE,[-114.13316733   50.92371465]
2326,,SUBNEIGHBOURHOOD PARK,1,TITLED,NO BREAKDOWN,,,COA792,,CALGARY PARKS,CALGARY PARKS,,ACTIVE,[-114.18506356   51.05677311]
2327,,SUBNEIGHBOURHOOD PARK,1,TITLED,NO BREAKDOWN,CULTURALLY SIGNIFICANT SITE,,COA794,,CALGARY PARKS,CALGARY PARKS,,ACTIVE,[-114.18583232   51.06026195]
2328,,SUBNEIGHBOURHOOD PARK,1,TITLED,NO BREAKDOWN,CULTURALLY SIGNIFICANT SITE,,EDG047,,CALGARY PARKS,CALGARY PARKS SHARED,"MAINTAINED AS PER LANDSCAPE MAINTENANCE AGREEMENT, EXPIRES 2042/12/31; SEE PARIS_REPOSITORY\AGREEMENTS\LANDSCAPE_MAINTENANCE_AGREEMENT",ACTIVE,[-114.1565436    51.12052406]
2329,,SUBNEIGHBOURHOOD PARK,1,TITLED,NO BREAKDOWN,,,GDL862,,CALGARY PARKS,CALGARY PARKS,,ACTIVE,[-114.14966255   51.03234064]
2330,,SUBNEIGHBOURHOOD PARK,1,TITLED,NO BREAKDOWN,,,COA788,,CALGARY PARKS,CALGARY PARKS,,ACTIVE,[-114.18145472   51.05736135]
2331,,SUBNEIGHBOURHOOD PARK,1,TITLED,NO BREAKDOWN,,,GDL878,,CALGARY PARKS,CALGARY PARKS,,ACTIVE,[-114.14718753   51.03403871]
2332,,SUBNEIGHBOURHOOD PARK,1,TITLED,NO BREAKDOWN,,,GDL883,,CALGARY PARKS,CALGARY PARKS,,ACTIVE,[-114.14974764   51.03140886]
2333,,SUBNEIGHBOURHOOD PARK,1,TITLED,NO BREAKDOWN,,,DOV762,,CALGARY PARKS,CALGARY PARKS,,ACTIVE,[-113.97412001   51.02330407]
2334,,SUBNEIGHBOURHOOD PARK,1,TITLED,NO BREAKDOWN,,,DOV772,,CALGARY PARKS,CALGARY PARKS,,ACTIVE,[-113.9836362   51.025069 ]
2335,,SUBNEIGHBOURHOOD PARK,1,TITLED,NO BREAKDOWN,,,DOV774,,CALGARY PARKS,CALGARY PARKS,,ACTIVE,[-113.98237151   51.02291125]
2336,,SUBNEIGHBOURHOOD PARK,1,TITLED,NO BREAKDOWN,,,DOV775,,CALGARY PARKS,CALGARY PARKS,,ACTIVE,[-113.98438901   51.02228572]
2337,,SUBNEIGHBOURHOOD PARK,1,TITLED,NO BREAKDOWN,,,DOV776,,CALGARY PARKS,CALGARY PARKS,,ACTIVE,[-113.98494198   51.01928582]
2338,,SUBNEIGHBOURHOOD PARK,1,TITLED,NO BREAKDOWN,,,SOM113,,CALGARY PARKS,CALGARY PARKS,,ACTIVE,[-114.09245669   50.90126332]
2339,,SUBNEIGHBOURHOOD PARK,1,TITLED,NO BREAKDOWN,,,TUS652,,CALGARY PARKS,CALGARY PARKS SHARED,"MAINTAINED AS PER LANDSCAPE MAINTENANCE AGREEMENT, EXPIRES 2042/12/31; SEE PARIS_REPOSITORY\AGREEMENTS\LANDSCAPE_MAINTENANCE_AGREEMENT",ACTIVE,[-114.24840128   51.11641096]
2340,,SUBNEIGHBOURHOOD PARK,1,TITLED,NO BREAKDOWN,,,TUS655,,CALGARY PARKS,CALGARY PARKS SHARED,"MAINTAINED AS PER LANDSCAPE MAINTENANCE AGREEMENT, EXPIRES 2042/12/31; SEE PARIS_REPOSITORY\AGREEMENTS\LANDSCAPE_MAINTENANCE_AGREEMENT",ACTIVE,[-114.25417312   51.1183387 ]
2341,,SUBNEIGHBOURHOOD PARK,1,TITLED,NO BREAKDOWN,CULTURALLY SIGNIFICANT SITE,,TUS659,,CALGARY PARKS,CALGARY PARKS SHARED,"MAINTAINED AS PER LANDSCAPE MAINTENANCE AGREEMENT, EXPIRES 2042/12/31; SEE PARIS_REPOSITORY\AGREEMENTS\LANDSCAPE_MAINTENANCE_AGREEMENT",ACTIVE,[-114.25562391   51.12660618]
2342,TRICO CENTRE,COMMUNITY PARK,1,TITLED,NO BREAKDOWN,,,WIL154,,CALGARY PARKS SHARED,CALGARY PARKS SHARED,,ACTIVE,[-114.05846643   50.95129765]
2343,PRINCE'S ISLAND PARK DEPOT,PARKS DEPOT,1,TITLED,NO BREAKDOWN,CULTURALLY SIGNIFICANT SITE,,EAU000,,CALGARY PARKS,CALGARY PARKS,,ACTIVE,[-114.07658353   51.05433971]
2344,,NEIGHBOURHOOD PARK,1,TITLED,NO BREAKDOWN,CULTURALLY SIGNIFICANT SITE,,SHG920,,CALGARY PARKS,CALGARY PARKS,,ACTIVE,[-114.12154262   51.04065171]
2345,,DISTRICT PARK,1,TITLED,NO BREAKDOWN,CULTURALLY SIGNIFICANT SITE,,ROC290,,CALGARY PARKS,CALGARY PARKS SHARED,"MAINTAINED AS PER LANDSCAPE MAINTENANCE AGREEMENT, EXPIRES 2042/12/31; SEE PARIS_REPOSITORY\AGREEMENTS\LANDSCAPE_MAINTENANCE_AGREEMENT",ACTIVE,[-114.25439774   51.14526189]
2346,,SUBNEIGHBOURHOOD PARK,1,TITLED,NO BREAKDOWN,,,VAR330,,CALGARY PARKS,CALGARY PARKS,,ACTIVE,[-114.13617157   51.08843082]
2347,,SUBNEIGHBOURHOOD PARK,1,TITLED,NO BREAKDOWN,CULTURALLY SIGNIFICANT SITE,,WSP498,,CALGARY PARKS,CALGARY PARKS,,ACTIVE,[-114.196889     51.06583482]
2348,WEST SPRINGS SCHOOL; WEST RIDGE SCHOOL,COMMUNITY PARK,1,TITLED,NO BREAKDOWN,CULTURALLY SIGNIFICANT SITE,,WSP028,,CALGARY PARKS SHARED,CALGARY PARKS,,ACTIVE,[-114.21549708   51.05801599]
2349,,SUBNEIGHBOURHOOD PARK,1,TITLED,NO BREAKDOWN,,,WBN427,,CALGARY PARKS,CALGARY PARKS,,ACTIVE,[-114.12452538   50.94320189]
2350,,NEIGHBOURHOOD PARK,1,TITLED,NO BREAKDOWN,CULTURALLY SIGNIFICANT SITE,,SAN645,,CALGARY PARKS,CALGARY PARKS,,ACTIVE,[-114.10235022   51.13332964]
2351,,SUBNEIGHBOURHOOD PARK,1,TITLED,NO BREAKDOWN,,,SAN731,,CALGARY PARKS,CALGARY PARKS,,ACTIVE,[-114.09292001   51.13377553]
2352,,SUBNEIGHBOURHOOD PARK,1,TITLED,NO BREAKDOWN,,,SAN737,,CALGARY PARKS,CALGARY PARKS,,ACTIVE,[-114.08932215   51.13852143]
2353,,SUBNEIGHBOURHOOD PARK,1,TITLED,NO BREAKDOWN,CULTURALLY SIGNIFICANT SITE,,WOO310,,CALGARY PARKS,CALGARY PARKS,,ACTIVE,[-114.11228279   50.93645937]
2354,,NEIGHBOURHOOD PARK,1,TITLED,NO BREAKDOWN,,,DRG544,,CALGARY PARKS,CALGARY PARKS SHARED,,ACTIVE,[-114.01752916   50.92612369]
2355,,NEIGHBOURHOOD PARK,1,TITLED,NO BREAKDOWN,,,ESH902,,CALGARY PARKS,CALGARY PARKS,,ACTIVE,[-113.97766494   50.94288424]
2356,,COMMUNITY PARK,1,TITLED,NO BREAKDOWN,,,ESH903,,CALGARY PARKS,CALGARY PARKS SHARED,,ACTIVE,[-113.93599618   50.95132684]
2357,,SUBNEIGHBOURHOOD PARK,1,TITLED,NO BREAKDOWN,,,DOV778,,CALGARY PARKS,CALGARY PARKS,,ACTIVE,[-113.99048257   51.01652806]
2358,,COMMUNITY PARK,1,TITLED,NO BREAKDOWN,,,ESH906,,CALGARY PARKS,CALGARY PARKS,,ACTIVE,[-113.97169068   50.94646744]
2359,,SUBNEIGHBOURHOOD PARK,1,TITLED,NO BREAKDOWN,,,EVE103,,CALGARY PARKS,CALGARY PARKS,,ACTIVE,[-114.1027469    50.91303371]
2360,,SUBNEIGHBOURHOOD PARK,1,TITLED,NO BREAKDOWN,,,EVE915,,CALGARY PARKS,CALGARY PARKS,,ACTIVE,[-114.10688122   50.91159776]
2361,DAVID SHELTON PARK,SUBNEIGHBOURHOOD PARK,1,TITLED,NO BREAKDOWN,,,DOV779,,CALGARY PARKS,CALGARY PARKS,,ACTIVE,[-113.99171478   51.01718973]
2362,,SUBNEIGHBOURHOOD PARK,1,TITLED,NO BREAKDOWN,,,DOV782,,CALGARY PARKS,CALGARY PARKS,,ACTIVE,[-113.98935441   51.02212781]
2363,,SUBNEIGHBOURHOOD PARK,1,TITLED,NO BREAKDOWN,,,DOV783,,CALGARY PARKS,CALGARY PARKS,,ACTIVE,[-113.99517526   51.01994668]
2364,ST DAMIEN ELEM,COMMUNITY PARK,1,TITLED,NO BREAKDOWN,,,DOV784,,CALGARY PARKS,CALGARY PARKS,,ACTIVE,[-113.99569221   51.02222343]
2365,,SUBNEIGHBOURHOOD PARK,1,TITLED,NO BREAKDOWN,,,DOV966,,CALGARY PARKS,CALGARY PARKS,,ACTIVE,[-113.98184714   51.02848748]
2366,,SUBNEIGHBOURHOOD PARK,1,TITLED,NO BREAKDOWN,,,DRG542,,CALGARY PARKS,CALGARY PARKS,,ACTIVE,[-114.02371785   50.92757397]
2367,,SUBNEIGHBOURHOOD PARK,1,TITLED,NO BREAKDOWN,CULTURALLY SIGNIFICANT SITE,,WIL157,,CALGARY PARKS,CALGARY PARKS,,ACTIVE,[-114.04166779   50.95210873]
2368,,NEIGHBOURHOOD PARK,1,TITLED,NO BREAKDOWN,CULTURALLY SIGNIFICANT SITE,,VAL073,,CALGARY PARKS,CALGARY PARKS SHARED,"MAINTAINED AS PER LANDSCAPE MAINTENANCE AGREEMENT, EXPIRES 2042/12/31; SEE PARIS_REPOSITORY\AGREEMENTS\LANDSCAPE_MAINTENANCE_AGREEMENT",ACTIVE,[-114.26095113   51.09007367]
2369,,SUBNEIGHBOURHOOD PARK,1,TITLED,NO BREAKDOWN,CULTURALLY SIGNIFICANT SITE,,VAL072,,CALGARY PARKS,CALGARY PARKS SHARED,"MAINTAINED AS PER LANDSCAPE MAINTENANCE AGREEMENT, EXPIRES 2042/12/31; SEE PARIS_REPOSITORY\AGREEMENTS\LANDSCAPE_MAINTENANCE_AGREEMENT",ACTIVE,[-114.23966271   51.09208041]
2370,,SUBNEIGHBOURHOOD PARK,1,TITLED,NO BREAKDOWN,,,SVO867,,CALGARY PARKS,CALGARY PARKS,,ACTIVE,[-114.0868472    50.88880969]
2371,,SUBNEIGHBOURHOOD PARK,1,TITLED,NO BREAKDOWN,,,GAG556,,CALGARY PARKS SHARED,CALGARY PARKS SHARED,,ACTIVE,[-114.11994619   51.00471318]
2372,,SUBNEIGHBOURHOOD PARK,1,TITLED,NO BREAKDOWN,CULTURALLY SIGNIFICANT SITE,,VAR101,,CALGARY PARKS,CALGARY PARKS,,ACTIVE,[-114.17649846   51.10001646]
2373,,SUBNEIGHBOURHOOD PARK,1,TITLED,NO BREAKDOWN,,,SHN387,,CALGARY PARKS,CALGARY PARKS,,ACTIVE,[-114.07326966   50.90928301]
2374,,SUBNEIGHBOURHOOD PARK,1,TITLED,NO BREAKDOWN,,,SHN406,,CALGARY PARKS,CALGARY PARKS,,ACTIVE,[-114.08090418   50.91235718]
2375,,SUBNEIGHBOURHOOD PARK,1,TITLED,NO BREAKDOWN,,,WOO312,,CALGARY PARKS,CALGARY PARKS,,ACTIVE,[-114.11552442   50.93979299]
2376,,SUBNEIGHBOURHOOD PARK,1,TITLED,NO BREAKDOWN,,,SAN738,,CALGARY PARKS,CALGARY PARKS,,ACTIVE,[-114.09536735   51.13821371]
2377,,SUBNEIGHBOURHOOD PARK,1,TITLED,NO BREAKDOWN,,,VAR159,,CALGARY PARKS,CALGARY PARKS,,ACTIVE,[-114.15406244   51.09773527]
2378,,SUBNEIGHBOURHOOD PARK,1,TITLED,NO BREAKDOWN,CULTURALLY SIGNIFICANT SITE,,VAL937,,CALGARY PARKS,CALGARY PARKS SHARED,"MAINTAINED AS PER LANDSCAPE MAINTENANCE AGREEMENT, EXPIRES 2042/12/31; SEE PARIS_REPOSITORY\AGREEMENTS\LANDSCAPE_MAINTENANCE_AGREEMENT",ACTIVE,[-114.2533897    51.08994873]
2379,,SUBNEIGHBOURHOOD PARK,1,TITLED,NO BREAKDOWN,,,WIL162,,CALGARY PARKS,CALGARY PARKS,,ACTIVE,[-114.05175538   50.94955698]
2380,,COMMUNITY PARK,1,TITLED,NO BREAKDOWN,CULTURALLY SIGNIFICANT SITE,,EVE811,,CALGARY PARKS,CALGARY PARKS SHARED,,ACTIVE,[-114.12955684   50.9245571 ]
2381,,NEIGHBOURHOOD PARK,1,TITLED,NO BREAKDOWN,,,MAC801,,CALGARY PARKS,CALGARY PARKS,,ACTIVE,[-114.11692313   51.14285518]
2382,,NEIGHBOURHOOD PARK,1,TITLED,NO BREAKDOWN,CULTURALLY SIGNIFICANT SITE,,MAC753,,CALGARY PARKS,CALGARY PARKS,,ACTIVE,[-114.10983221   51.1317656 ]
2383,,SUBNEIGHBOURHOOD PARK,1,TITLED,NO BREAKDOWN,,,EDG152,,CALGARY PARKS,CALGARY PARKS SHARED,"MAINTAINED AS PER LANDSCAPE MAINTENANCE AGREEMENT, EXPIRES 2042/12/31; SEE PARIS_REPOSITORY\AGREEMENTS\LANDSCAPE_MAINTENANCE_AGREEMENT",ACTIVE,[-114.15392768   51.1363495 ]
2384,,SUBNEIGHBOURHOOD PARK,1,TITLED,NO BREAKDOWN,,,MCK711,,CALGARY PARKS,CALGARY PARKS,,ACTIVE,[-113.98011072   50.92026836]
2385,,COMMUNITY PARK,1,TITLED,NO BREAKDOWN,CULTURALLY SIGNIFICANT SITE,,EVE954,,CALGARY PARKS,CALGARY PARKS,,ACTIVE,[-114.0994787    50.92404097]
2386,,SUBNEIGHBOURHOOD PARK,1,TITLED,NO BREAKDOWN,CULTURALLY SIGNIFICANT SITE,,VAR112,,CALGARY PARKS,CALGARY PARKS,,ACTIVE,[-114.16355956   51.0892882 ]
2387,,SUBNEIGHBOURHOOD PARK,1,TITLED,NO BREAKDOWN,CULTURALLY SIGNIFICANT SITE,,VAR118,,CALGARY PARKS,CALGARY PARKS,,ACTIVE,[-114.15887704   51.08886969]
2388,,SUBNEIGHBOURHOOD PARK,1,TITLED,NO BREAKDOWN,CULTURALLY SIGNIFICANT SITE,,WLD769,,CALGARY PARKS,CALGARY PARKS,,ACTIVE,[-114.15511591   51.05198298]
2389,BLESSED MARIE-ROSE ELEM & JR HIGH,NEIGHBOURHOOD PARK,1,TITLED,NO BREAKDOWN,CULTURALLY SIGNIFICANT SITE,,SHW820,,CALGARY PARKS SHARED,CALGARY PARKS SHARED,,ACTIVE,[-114.14768258   51.15905539]
2390,,NEIGHBOURHOOD PARK,1,TITLED,NO BREAKDOWN,CULTURALLY SIGNIFICANT SITE,,SIG694,,CALGARY PARKS SHARED,CALGARY PARKS,,ACTIVE,[-114.18597214   51.01581643]
2391,,SUBNEIGHBOURHOOD PARK,1,TITLED,NO BREAKDOWN,,,WIN797,,CALGARY PARKS,CALGARY PARKS,,ACTIVE,[-114.04534734   51.06834086]
2392,,SUBNEIGHBOURHOOD PARK,1,TITLED,NO BREAKDOWN,CULTURALLY SIGNIFICANT SITE,,VAR107,,CALGARY PARKS,CALGARY PARKS,,ACTIVE,[-114.15803598   51.09959183]
2393,WILLOW PARK ELEM SCHOOL,NEIGHBOURHOOD PARK,1,TITLED,NO BREAKDOWN,,,WIL170,,CALGARY PARKS SHARED,CALGARY PARKS SHARED,,ACTIVE,[-114.06325049   50.95821074]
2394,,NEIGHBOURHOOD PARK,1,TITLED,NO BREAKDOWN,CULTURALLY SIGNIFICANT SITE,,SPH015,,CALGARY PARKS,CALGARY PARKS SHARED,"MAINTAINED AS PER LANDSCAPE MAINTENANCE AGREEMENT, EXPIRES  2025/04/30; SEE PARIS_REPOSITORY\AGREEMENTS\LANDSCAPE_MAINTENANCE_AGREEMENT",ACTIVE,[-114.19955302   51.01960269]
2395,,SUBNEIGHBOURHOOD PARK,1,TITLED,NO BREAKDOWN,,,EVN272,,CALGARY PARKS,CALGARY PARKS,,ACTIVE,[-114.10827621   51.17133976]
2396,CENTRE MAIN OFFICE (MAYLAND HEIGHTS),PARKS DEPOT,1,TITLED,NO BREAKDOWN,CULTURALLY SIGNIFICANT SITE,,MLI500,,CALGARY PARKS SHARED,CALGARY PARKS,PARKS DEPOT ON SITE,ACTIVE,[-114.01413571   51.05125062]
2397,W O MITCHELL ELEM SCHOOL,NEIGHBOURHOOD PARK,1,TITLED,NO BREAKDOWN,,,SIL265,,CALGARY PARKS,CALGARY PARKS,,ACTIVE,[-114.19485928   51.11424086]
2398,SILVER SPRINGS ELEM; SILVER SPRINGS OUTDOOR POOL; SILVER SPRINGS COMMUNITY ASSOC,COMMUNITY PARK,1,TITLED,NO BREAKDOWN,CULTURALLY SIGNIFICANT SITE,,SIL268,,CALGARY PARKS SHARED,CALGARY PARKS SHARED,,ACTIVE,[-114.1911846   51.1049422]
2399,BRIDLEWOOD ELEM,COMMUNITY PARK,1,TITLED,NO BREAKDOWN,,,BRI704,,CALGARY PARKS SHARED,CALGARY PARKS SHARED,,ACTIVE,[-114.11040829   50.90236373]
2400,,SUBNEIGHBOURHOOD PARK,1,TITLED,NO BREAKDOWN,CULTURALLY SIGNIFICANT SITE,,SAN744,,CALGARY PARKS,CALGARY PARKS,,ACTIVE,[-114.09125862   51.14110407]
2401,,LINEAR PARK,1,TITLED,NO BREAKDOWN,CULTURALLY SIGNIFICANT SITE,,SAN816,,CALGARY PARKS,CALGARY PARKS,,ACTIVE,[-114.08797558   51.13965854]
2402,SIR WILLIAM VAN HORNE SR HIGH; UNIVERSITY ELEM; UTAH PARK; WESTMOUNT CHARTER SCHOOL MID-HIGH,COMMUNITY PARK,1,TITLED,NO BREAKDOWN,,PROPERTY TRANSFERED TO OLSH 2015/01/30; WILL BE SOLD TO PROPERTY OWNER OF ADJACENT NORTH PROPERTY,UNI546,,CALGARY PARKS SHARED,CALGARY PARKS SHARED,,ACTIVE,[-114.13573537   51.06816303]
2403,MARSHALL SPRINGS SCHOOL,COMMUNITY PARK,1,TITLED,NO BREAKDOWN,,SITE SPLIT EVE110,EVE110,,CALGARY PARKS SHARED,CALGARY PARKS SHARED,,ACTIVE,[-114.11127081   50.91247437]
2404,,SUBNEIGHBOURHOOD PARK,1,TITLED,NO BREAKDOWN,,,WHI996,,CALGARY PARKS,CALGARY PARKS,,ACTIVE,[-113.96904822   51.09451134]
2405,,SUBNEIGHBOURHOOD PARK,1,TITLED,NO BREAKDOWN,,,WIL172,,CALGARY PARKS,CALGARY PARKS,,ACTIVE,[-114.05720065   50.95849878]
2406,,SUBNEIGHBOURHOOD PARK,1,TITLED,NO BREAKDOWN,,,WIL174,,CALGARY PARKS,CALGARY PARKS,,ACTIVE,[-114.05345032   50.96104382]
2407,,SUBNEIGHBOURHOOD PARK,1,TITLED,NO BREAKDOWN,,,SAN739,,CALGARY PARKS,CALGARY PARKS,,ACTIVE,[-114.08680952   51.13643374]
2408,,SUBNEIGHBOURHOOD PARK,1,TITLED,NO BREAKDOWN,CULTURALLY SIGNIFICANT SITE,,WIL182,,CALGARY PARKS,CALGARY PARKS,,ACTIVE,[-114.04382574   50.95885919]
2409,,SUBNEIGHBOURHOOD PARK,1,TITLED,NO BREAKDOWN,,,COL370,,CALGARY PARKS,CALGARY PARKS,,ACTIVE,[-114.09647602   51.08427863]
2410,,SUBNEIGHBOURHOOD PARK,1,TITLED,NO BREAKDOWN,,,COL391,,CALGARY PARKS,CALGARY PARKS,,ACTIVE,[-114.10653954   51.08578359]
2411,NOSE CREEK SCHOOL,COMMUNITY PARK,1,TITLED,NO BREAKDOWN,CULTURALLY SIGNIFICANT SITE,,COV111,,CALGARY PARKS SHARED,CALGARY PARKS,,ACTIVE,[-114.06042489   51.16803719]
2412,,SUBNEIGHBOURHOOD PARK,1,TITLED,NO BREAKDOWN,,,COA791,,CALGARY PARKS,CALGARY PARKS,,ACTIVE,[-114.18741349   51.05534512]
2413,,SUBNEIGHBOURHOOD PARK,1,TITLED,NO BREAKDOWN,,,THO574,,CALGARY PARKS,CALGARY PARKS,,ACTIVE,[-114.06580457   51.10440489]
2414,,SUBNEIGHBOURHOOD PARK,1,TITLED,NO BREAKDOWN,,,THO579,,CALGARY PARKS,CALGARY PARKS,,ACTIVE,[-114.07113026   51.10282154]
2415,,SUBNEIGHBOURHOOD PARK,1,TITLED,NO BREAKDOWN,CULTURALLY SIGNIFICANT SITE,,SCE276,,CALGARY PARKS,CALGARY PARKS SHARED,"MAINTAINED AS PER LANDSCAPE MAINTENANCE AGREEMENT, EXPIRES 2042/12/31; SEE PARIS_REPOSITORY\AGREEMENTS\LANDSCAPE_MAINTENANCE_AGREEMENT",ACTIVE,[-114.21206663   51.11455346]
2416,RAMSAY ELEMENTARY,COMMUNITY PARK,1,TITLED,NO BREAKDOWN,CULTURALLY SIGNIFICANT SITE,HERITAGE SITE,RAM023,,CALGARY PARKS SHARED,CALGARY PARKS SHARED,,ACTIVE,[-114.04579815   51.03465251]
2417,WOODLANDS ELEM; WOODCREEK COMMUNITY ASSOC,COMMUNITY PARK,1,TITLED,NO BREAKDOWN,CULTURALLY SIGNIFICANT SITE,,WOO304,,CALGARY PARKS SHARED,CALGARY PARKS,,ACTIVE,[-114.10804598   50.93968997]
2418,,SUBNEIGHBOURHOOD PARK,1,TITLED,NO BREAKDOWN,CULTURALLY SIGNIFICANT SITE,,WOO309,,CALGARY PARKS,CALGARY PARKS,,ACTIVE,[-114.1115341    50.93872648]
2419,,NEIGHBOURHOOD PARK,1,TITLED,NO BREAKDOWN,CULTURALLY SIGNIFICANT SITE,,WOO313,,CALGARY PARKS,CALGARY PARKS,,ACTIVE,[-114.11735087   50.93715177]
2420,,SUBNEIGHBOURHOOD PARK,1,TITLED,NO BREAKDOWN,,,SIL254,,CALGARY PARKS,CALGARY PARKS,,ACTIVE,[-114.20036051   51.11558058]
2421,FRED SEYMOUR SCHOOL,NEIGHBOURHOOD PARK,1,TITLED,NO BREAKDOWN,CULTURALLY SIGNIFICANT SITE,SITE SPLIT WIL155,WIL155,,CALGARY PARKS SHARED,CALGARY PARKS SHARED,NORTHEAST END MAINTAINED BYFRED SEYMOUR ELEMENTARY SCHOOL,ACTIVE,[-114.04260578   50.95106823]
2422,,SUBNEIGHBOURHOOD PARK,1,TITLED,NO BREAKDOWN,,,SIL255,,CALGARY PARKS,CALGARY PARKS,,ACTIVE,[-114.20653263   51.11173191]
2423,,SUBNEIGHBOURHOOD PARK,1,TITLED,NO BREAKDOWN,CULTURALLY SIGNIFICANT SITE,,SIL260,,CALGARY PARKS,CALGARY PARKS,,ACTIVE,[-114.19555297   51.102385  ]
2424,,SUBNEIGHBOURHOOD PARK,1,TITLED,NO BREAKDOWN,,,SIL263,,CALGARY PARKS,CALGARY PARKS,,ACTIVE,[-114.19005231   51.10734911]
2425,,SUBNEIGHBOURHOOD PARK,1,TITLED,NO BREAKDOWN,,,SHN600,,CALGARY PARKS,CALGARY PARKS,,ACTIVE,[-114.08016903   50.90356184]
2426,,SUBNEIGHBOURHOOD PARK,1,TITLED,NO BREAKDOWN,,,SHN616,,CALGARY PARKS,CALGARY PARKS,,ACTIVE,[-114.0974498    50.91244523]
2427,H D CARTWRIGHT JR HIGH,COMMUNITY PARK,1,TITLED,NO BREAKDOWN,,,DAL081,,CALGARY PARKS SHARED,CALGARY PARKS SHARED,,ACTIVE,[-114.16003145   51.11291623]
2428,,SUBNEIGHBOURHOOD PARK,1,TITLED,NO BREAKDOWN,,,DAL076,,CALGARY PARKS,CALGARY PARKS,,ACTIVE,[-114.16539388   51.1116051 ]
2429,,SUBNEIGHBOURHOOD PARK,1,TITLED,NO BREAKDOWN,CULTURALLY SIGNIFICANT SITE,,DIA590,,CALGARY PARKS,CALGARY PARKS,,ACTIVE,[-114.02426416   50.94631802]
2430,,NEIGHBOURHOOD PARK,1,TITLED,NO BREAKDOWN,,,ROC671,,CALGARY PARKS,CALGARY PARKS SHARED,"MAINTAINED AS PER LANDSCAPE MAINTENANCE AGREEMENT, EXPIRES 2042/12/31; SEE PARIS_REPOSITORY\AGREEMENTS\LANDSCAPE_MAINTENANCE_AGREEMENT",ACTIVE,[-114.24011847   51.14022529]
2431,,SUBNEIGHBOURHOOD PARK,1,TITLED,NO BREAKDOWN,CULTURALLY SIGNIFICANT SITE,,VAL939,,CALGARY PARKS,CALGARY PARKS SHARED,"MAINTAINED AS PER LANDSCAPE MAINTENANCE AGREEMENT, EXPIRES 2042/12/31; SEE PARIS_REPOSITORY\AGREEMENTS\LANDSCAPE_MAINTENANCE_AGREEMENT",ACTIVE,[-114.24371558   51.09432399]
2432,,SUBNEIGHBOURHOOD PARK,1,TITLED,NO BREAKDOWN,CULTURALLY SIGNIFICANT SITE,,SNA897,,CALGARY PARKS,CALGARY PARKS,,ACTIVE,[-114.09951563   51.04259769]
2433,,SUBNEIGHBOURHOOD PARK,1,TITLED,NO BREAKDOWN,,,SSD819,,CALGARY PARKS,CALGARY PARKS,,ACTIVE,[-114.07252417   51.06072618]
2434,,SUBNEIGHBOURHOOD PARK,1,TITLED,NO BREAKDOWN,,,SCE351,,CALGARY PARKS,CALGARY PARKS SHARED,"MAINTAINED AS PER LANDSCAPE MAINTENANCE AGREEMENT, EXPIRES 2042/12/31; SEE PARIS_REPOSITORY\AGREEMENTS\LANDSCAPE_MAINTENANCE_AGREEMENT",ACTIVE,[-114.21708908   51.11639721]
2435,,LINEAR PARK,1,TITLED,NO BREAKDOWN,CULTURALLY SIGNIFICANT SITE,,SHW839,,CALGARY PARKS,CALGARY PARKS,,ACTIVE,[-114.14936096   51.1549449 ]
2436,,NEIGHBOURHOOD PARK,1,TITLED,NO BREAKDOWN,CULTURALLY SIGNIFICANT SITE,,WSP035,,CALGARY PARKS,CALGARY PARKS SHARED,,ACTIVE,[-114.21670412   51.06321536]
2437,,NEIGHBOURHOOD PARK,1,TITLED,NO BREAKDOWN,CULTURALLY SIGNIFICANT SITE,,ING036,,CALGARY PARKS SHARED,CALGARY PARKS SHARED,,ACTIVE,[-114.02132372   51.04220553]
2438,,SUBNEIGHBOURHOOD PARK,1,TITLED,NO BREAKDOWN,CULTURALLY SIGNIFICANT SITE,,CED090,,CALGARY PARKS,CALGARY PARKS,,ACTIVE,[-114.13382691   50.95582783]
2439,,SUBNEIGHBOURHOOD PARK,1,TITLED,NO BREAKDOWN,,,RSN005,,CALGARY PARKS,CALGARY PARKS SHARED,"MAINTAINED AS PER LANDSCAPE MAINTENANCE AGREEMENT, EXPIRES 2042/12/31; SEE PARIS_REPOSITORY\AGREEMENTS\LANDSCAPE_MAINTENANCE_AGREEMENT",ACTIVE,[-113.96075055   51.1710256 ]
2440,,SUBNEIGHBOURHOOD PARK,1,TITLED,NO BREAKDOWN,CULTURALLY SIGNIFICANT SITE,,VAR108,,CALGARY PARKS,CALGARY PARKS,,ACTIVE,[-114.16645414   51.09344375]
2441,,SUBNEIGHBOURHOOD PARK,1,TITLED,NO BREAKDOWN,,,GLR001,,CALGARY PARKS,CALGARY PARKS SHARED,,ACTIVE,[-114.16584779   51.18570897]
2442,,SUBNEIGHBOURHOOD PARK,1,TITLED,NO BREAKDOWN,,,UNI547,,CALGARY PARKS,CALGARY PARKS,,ACTIVE,[-114.13745127   51.06810706]
2443,VARSITY ACRES ELEM; VARSITY COMMUNITY ASSOC,NEIGHBOURHOOD PARK,1,TITLED,NO BREAKDOWN,,,VAR346,,CALGARY PARKS SHARED,CALGARY PARKS SHARED,,ACTIVE,[-114.14735332   51.09135562]
2444,,NEIGHBOURHOOD PARK,1,TITLED,NO BREAKDOWN,CULTURALLY SIGNIFICANT SITE,,WSP497,,CALGARY PARKS SHARED,CALGARY PARKS,,ACTIVE,[-114.19254971   51.06253071]
2445,MOUNTAIN VIEW ELEM; SOUTHVIEW COMMUNITY ASSOC,NEIGHBOURHOOD PARK,1,TITLED,NO BREAKDOWN,CULTURALLY SIGNIFICANT SITE,,SOV767,,CALGARY PARKS SHARED,CALGARY PARKS SHARED,,ACTIVE,[-113.98796615   51.03309178]
2446,,SUBNEIGHBOURHOOD PARK,1,TITLED,NO BREAKDOWN,,,SOW221,,CALGARY PARKS,CALGARY PARKS,,ACTIVE,[-114.09014556   50.95155072]
2447,,SUBNEIGHBOURHOOD PARK,1,TITLED,NO BREAKDOWN,CULTURALLY SIGNIFICANT SITE,,LEG045,,CALGARY PARKS,CALGARY PARKS,,ACTIVE,[-114.0000087    50.85497896]
2448,,SUBNEIGHBOURHOOD PARK,1,TITLED,NO BREAKDOWN,CULTURALLY SIGNIFICANT SITE,,WHL499,,CALGARY PARKS,CALGARY PARKS,,ACTIVE,[-114.12461438   51.05494351]
2449,,SUBNEIGHBOURHOOD PARK,1,TITLED,NO BREAKDOWN,,,WHL555,,CALGARY PARKS,CALGARY PARKS,,ACTIVE,[-114.10596954   51.05741071]
2450,,SUBNEIGHBOURHOOD PARK,1,TITLED,NO BREAKDOWN,CULTURALLY SIGNIFICANT SITE,,VAR113,,CALGARY PARKS,CALGARY PARKS,,ACTIVE,[-114.17688053   51.10481423]
2451,,SUBNEIGHBOURHOOD PARK,1,TITLED,NO BREAKDOWN,,,WHL488,,CALGARY PARKS,CALGARY PARKS,,ACTIVE,[-114.11685244   51.06069928]
2452,,SUBNEIGHBOURHOOD PARK,1,TITLED,NO BREAKDOWN,,,WSP034,,CALGARY PARKS,CALGARY PARKS SHARED,,ACTIVE,[-114.1997989    51.06100177]
2453,,SUBNEIGHBOURHOOD PARK,1,TITLED,NO BREAKDOWN,,,WBN429,,CALGARY PARKS,CALGARY PARKS,,ACTIVE,[-114.13605873   50.94324459]
2454,JERRY POTTS ELEM,COMMUNITY PARK,1,TITLED,NO BREAKDOWN,,,VAR431,,CALGARY PARKS SHARED,CALGARY PARKS SHARED,,ACTIVE,[-114.14888154   51.08532709]
2455,,SUBNEIGHBOURHOOD PARK,1,TITLED,NO BREAKDOWN,,,WHI015,,CALGARY PARKS,CALGARY PARKS,,ACTIVE,[-113.9621622    51.08236381]
2456,,SUBNEIGHBOURHOOD PARK,1,TITLED,NO BREAKDOWN,,,WHI016,,CALGARY PARKS,CALGARY PARKS,,ACTIVE,[-113.95911271   51.08361591]
2457,,SUBNEIGHBOURHOOD PARK,1,TITLED,NO BREAKDOWN,,,WHI019,,CALGARY PARKS,CALGARY PARKS,,ACTIVE,[-113.98049863   51.08956721]
2458,,SUBNEIGHBOURHOOD PARK,1,TITLED,NO BREAKDOWN,,,WHI020,,CALGARY PARKS,CALGARY PARKS,,ACTIVE,[-113.97819559   51.0927873 ]
2459,,NON-PARK,1,TITLED,NO BREAKDOWN,CULTURALLY SIGNIFICANT SITE,,GRE170,,CALGARY PARKS,CALGARY PARKS,,ACTIVE,[-114.20957128   51.08398456]
2460,,LINEAR PARK,1,TITLED,NO BREAKDOWN,,,GRV193,,CALGARY PARKS SHARED,CALGARY PARKS,,ACTIVE,[-114.05495724   51.09123153]
2461,GREENVIEW ELEM,NEIGHBOURHOOD PARK,1,TITLED,NO BREAKDOWN,,,GRV823,,CALGARY PARKS SHARED,CALGARY PARKS SHARED,,ACTIVE,[-114.06032944   51.09551838]
2462,,SUBNEIGHBOURHOOD PARK,1,TITLED,NO BREAKDOWN,,,HUN624,,CALGARY PARKS,CALGARY PARKS,,ACTIVE,[-114.05763359   51.11699072]
2463,,SUBNEIGHBOURHOOD PARK,1,TITLED,NO BREAKDOWN,CULTURALLY SIGNIFICANT SITE,,HUN725,,CALGARY PARKS,CALGARY PARKS,,ACTIVE,[-114.08948608   51.12312157]
2464,,LINEAR PARK,1,TITLED,NO BREAKDOWN,CULTURALLY SIGNIFICANT SITE,,HUN834,,CALGARY PARKS,CALGARY PARKS,,ACTIVE,[-114.05329888   51.12498708]
2465,,SUBNEIGHBOURHOOD PARK,1,TITLED,NO BREAKDOWN,CULTURALLY SIGNIFICANT SITE,,MAF361,,CALGARY PARKS,CALGARY PARKS,,ACTIVE,[-114.08848613   50.9955718 ]
2466,,SUBNEIGHBOURHOOD PARK,1,TITLED,NO BREAKDOWN,,,CED053,,CALGARY PARKS,CALGARY PARKS,,ACTIVE,[-114.12920489   50.95779833]
2467,,COMMUNITY PARK,1,TITLED,NO BREAKDOWN,CULTURALLY SIGNIFICANT SITE,,EVE813,,CALGARY PARKS,CALGARY PARKS SHARED,,ACTIVE,[-114.12321662   50.92466897]
2468,,NEIGHBOURHOOD PARK,1,TITLED,NO BREAKDOWN,CULTURALLY SIGNIFICANT SITE,,SGH024,,CALGARY PARKS,CALGARY PARKS,,ACTIVE,[-114.14775369   51.17229781]
2469,FFCA SOUTH MIDDLE SCHOOL,NEIGHBOURHOOD PARK,1,TITLED,NO BREAKDOWN,CULTURALLY SIGNIFICANT SITE,,ACA193,,CALGARY PARKS SHARED,CALGARY PARKS SHARED,,ACTIVE,[-114.05251505   50.97452964]
2470,,NEIGHBOURHOOD PARK,1,TITLED,NO BREAKDOWN,,,EVE929,,CALGARY PARKS,CALGARY PARKS SHARED,MAINTENANCE SHARED WITH WATER RESOURCES,ACTIVE,[-114.11796103   50.91010213]
2471,,NON-PARK,1,TITLED,NO BREAKDOWN,CULTURALLY SIGNIFICANT SITE,REVIEW STEWARDSHIP,TUS002,,CALGARY PARKS,CALGARY PARKS,PUL,ACTIVE,[-114.25586861   51.13822498]
2472,,SUBNEIGHBOURHOOD PARK,1,TITLED,NO BREAKDOWN,CULTURALLY SIGNIFICANT SITE,,SGH023,,CALGARY PARKS,CALGARY PARKS SHARED,,ACTIVE,[-114.14309128   51.17258122]
2473,,COMMUNITY PARK,1,TITLED,NO BREAKDOWN,CULTURALLY SIGNIFICANT SITE,,LEG048,,CALGARY PARKS,CALGARY PARKS,,ACTIVE,[-113.99707235   50.85811264]
2474,,SUBNEIGHBOURHOOD PARK,1,TITLED,NO BREAKDOWN,,,STA192,,CALGARY PARKS,CALGARY PARKS,,ACTIVE,[-114.12525647   51.06794963]
2475,,SUBNEIGHBOURHOOD PARK,1,TITLED,NO BREAKDOWN,,,STA510,,CALGARY PARKS,CALGARY PARKS,,ACTIVE,[-114.12536802   51.06632397]
2476,ERIC HARVIE ELEM,NEIGHBOURHOOD PARK,1,TITLED,NO BREAKDOWN,CULTURALLY SIGNIFICANT SITE,SITE SPLIT TUS623,TUS623,,CALGARY PARKS SHARED,CALGARY PARKS SHARED,,ACTIVE,[-114.2504641    51.12764616]
2477,,SUBNEIGHBOURHOOD PARK,1,TITLED,NO BREAKDOWN,,,THO573,,CALGARY PARKS,CALGARY PARKS,,ACTIVE,[-114.07705596   51.09714   ]
2478,,LINEAR PARK,1,TITLED,NO BREAKDOWN,,,SHS647,,CALGARY PARKS,CALGARY PARKS,,ACTIVE,[-114.0929674    50.92293752]
2479,JOHN G DIEFENBAKER HIGH SCHOOL; SIR JOHN A MACDONALD SCHOOL; ST HELENA JR HIGH; THORNHILL DEPOT,DISTRICT PARK,1,TITLED,NO BREAKDOWN,,,HUN715,,CALGARY PARKS SHARED,CALGARY PARKS SHARED,PARKS DEPOT ON SITE,ACTIVE,[-114.06442098   51.11168873]
2480,,SUBNEIGHBOURHOOD PARK,1,TITLED,NO BREAKDOWN,,,BNF328,,CALGARY PARKS,CALGARY PARKS,,ACTIVE,[-114.12286547   51.08131102]
2481,,SUBNEIGHBOURHOOD PARK,1,TITLED,NO BREAKDOWN,,,VIS253,,CALGARY PARKS,CALGARY PARKS,,ACTIVE,[-114.0124675    51.07298181]
2482,,LINEAR PARK,1,TITLED,NO BREAKDOWN,,,WBN131,,CALGARY PARKS,CALGARY PARKS,,ACTIVE,[-114.13734496   50.94100759]
2483,,SUBNEIGHBOURHOOD PARK,1,TITLED,NO BREAKDOWN,,,WBN318,,CALGARY PARKS,CALGARY PARKS,,ACTIVE,[-114.13021782   50.94036184]
2484,,SUBNEIGHBOURHOOD PARK,1,TITLED,NO BREAKDOWN,CULTURALLY SIGNIFICANT SITE,,DRN549,,CALGARY PARKS,CALGARY PARKS,,ACTIVE,[-114.00328127   50.91601857]
2485,,SUBNEIGHBOURHOOD PARK,1,TITLED,NO BREAKDOWN,CULTURALLY SIGNIFICANT SITE,,DRN550,,CALGARY PARKS,CALGARY PARKS,,ACTIVE,[-114.00884495   50.91640446]
2486,,SUBNEIGHBOURHOOD PARK,1,TITLED,NO BREAKDOWN,CULTURALLY SIGNIFICANT SITE,,DIS099,,CALGARY PARKS,CALGARY PARKS SHARED,"MAINTAINED AS PER LANDSCAPE MAINTENANCE AGREEMENT, EXPIRES 2042/12/31; SEE PARIS_REPOSITORY\AGREEMENTS\LANDSCAPE_MAINTENANCE_AGREEMENT",ACTIVE,[-114.23278304   51.01861377]
2487,,SUBNEIGHBOURHOOD PARK,1,TITLED,NO BREAKDOWN,CULTURALLY SIGNIFICANT SITE,,DRN554,,CALGARY PARKS,CALGARY PARKS,,ACTIVE,[-113.99868416   50.91952177]
2488,,SUBNEIGHBOURHOOD PARK,1,TITLED,NO BREAKDOWN,CULTURALLY SIGNIFICANT SITE,,DRN556,,CALGARY PARKS,CALGARY PARKS,,ACTIVE,[-114.0094507    50.92857328]
2489,,SUBNEIGHBOURHOOD PARK,1,TITLED,NO BREAKDOWN,,,CSC023,,CALGARY PARKS,CALGARY PARKS,,ACTIVE,[-113.94910853   51.14592816]
2490,DEER RUN BIRTHPLACE FOREST,DISTRICT PARK,1,TITLED,NO BREAKDOWN,CULTURALLY SIGNIFICANT SITE,,DRN560,,CALGARY PARKS SHARED,CALGARY PARKS SHARED,SITE IS 1/2 COC LAND AMD 1/2 PROVINCIAL LAND,ACTIVE,[-114.01065131   50.91548778]
2491,,SUBNEIGHBOURHOOD PARK,1,TITLED,NO BREAKDOWN,CULTURALLY SIGNIFICANT SITE,,EVE918,,CALGARY PARKS,CALGARY PARKS,,ACTIVE,[-114.12689404   50.92282726]
2492,,SUBNEIGHBOURHOOD PARK,1,TITLED,NO BREAKDOWN,CULTURALLY SIGNIFICANT SITE,,EVE937,,CALGARY PARKS,CALGARY PARKS,,ACTIVE,[-114.10535985   50.92340167]
2493,,SUBNEIGHBOURHOOD PARK,1,TITLED,NO BREAKDOWN,CULTURALLY SIGNIFICANT SITE,,EVE956,,CALGARY PARKS,CALGARY PARKS,,ACTIVE,[-114.0973808    50.93174538]
2494,,SUBNEIGHBOURHOOD PARK,1,TITLED,NO BREAKDOWN,CULTURALLY SIGNIFICANT SITE,,EVE957,,CALGARY PARKS,CALGARY PARKS,,ACTIVE,[-114.10209324   50.92846167]
2495,,COMMUNITY PARK,1,TITLED,NO BREAKDOWN,CULTURALLY SIGNIFICANT SITE,,LEG004,,CALGARY PARKS,CALGARY PARKS SHARED,,ACTIVE,[-114.0066756    50.85833932]
2496,VINCENT MASSEY JR HIGH; WESTGATE ELEM,COMMUNITY PARK,1,TITLED,NO BREAKDOWN,,,WGT762,,CALGARY PARKS SHARED,CALGARY PARKS SHARED,,ACTIVE,[-114.15661198   51.04436415]
2497,,SUBNEIGHBOURHOOD PARK,1,TITLED,NO BREAKDOWN,,,SPH902,,CALGARY PARKS,CALGARY PARKS,,ACTIVE,[-114.21877111   51.0332685 ]
2498,,NON-PARK,1,TITLED,NO BREAKDOWN,,,SPH980,,CALGARY PARKS,CALGARY PARKS,PUL,ACTIVE,[-114.1935236    51.03168409]
2499,,SUBNEIGHBOURHOOD PARK,1,TITLED,NO BREAKDOWN,,,WOO411,,CALGARY PARKS,CALGARY PARKS,,ACTIVE,[-114.1143845    50.94504737]
2500,,NEIGHBOURHOOD PARK,1,TITLED,NO BREAKDOWN,CULTURALLY SIGNIFICANT SITE,,SPH989,,CALGARY PARKS,CALGARY PARKS,,ACTIVE,[-114.19570201   51.02981486]
2501,,NON-PARK,1,TITLED,NO BREAKDOWN,CULTURALLY SIGNIFICANT SITE,,WSP001,,CALGARY PARKS,CALGARY PARKS,,ACTIVE,[-114.18785547   51.0625111 ]
2502,,SUBNEIGHBOURHOOD PARK,1,TITLED,NO BREAKDOWN,,,SPH993,,CALGARY PARKS,CALGARY PARKS,,ACTIVE,[-114.21382285   51.0370825 ]
2503,,SUBNEIGHBOURHOOD PARK,1,TITLED,NO BREAKDOWN,,,WSP016,,CALGARY PARKS,CALGARY PARKS,,ACTIVE,[-114.20189495   51.05610825]
2504,,NEIGHBOURHOOD PARK,1,TITLED,NO BREAKDOWN,CULTURALLY SIGNIFICANT SITE,,COA793,,CALGARY PARKS,CALGARY PARKS,,ACTIVE,[-114.18617948   51.05905268]
2505,,SUBNEIGHBOURHOOD PARK,1,TITLED,NO BREAKDOWN,CULTURALLY SIGNIFICANT SITE,,COA795,,CALGARY PARKS,CALGARY PARKS,,ACTIVE,[-114.18413122   51.05963096]
2506,,NON-PARK,1,TITLED,NO BREAKDOWN,,,DAL202,,CALGARY PARKS,CALGARY PARKS,,ACTIVE,[-114.16387751   51.11280236]
2507,,NON-PARK,1,TITLED,NO BREAKDOWN,,,DAL203,,CALGARY PARKS,CALGARY PARKS,,ACTIVE,[-114.16670282   51.11399173]
2508,,SUBNEIGHBOURHOOD PARK,1,TITLED,NO BREAKDOWN,,,COA790,,CALGARY PARKS,CALGARY PARKS,,ACTIVE,[-114.18492633   51.05376194]
2509,,NON-PARK,1,TITLED,NO BREAKDOWN,,,DAL204,,CALGARY PARKS,CALGARY PARKS,,ACTIVE,[-114.16804293   51.11459006]
2510,BISHOP MCNALLY HIGH SHOOL,COMMUNITY PARK,1,TITLED,NO BREAKDOWN,,,FAL087,,CALGARY PARKS SHARED,CALGARY PARKS,,ACTIVE,[-113.95316089   51.1033285 ]
2511,GRANT MACEWAN ELEM,NEIGHBOURHOOD PARK,1,TITLED,NO BREAKDOWN,,,FAL088,,CALGARY PARKS SHARED,CALGARY PARKS,,ACTIVE,[-113.94296581   51.10624624]
2512,,SUBNEIGHBOURHOOD PARK,1,TITLED,NO BREAKDOWN,,,WBN321,,CALGARY PARKS,CALGARY PARKS,,ACTIVE,[-114.13273165   50.94882839]
2513,,SUBNEIGHBOURHOOD PARK,1,TITLED,NO BREAKDOWN,CULTURALLY SIGNIFICANT SITE,,WBN417,,CALGARY PARKS,CALGARY PARKS,,ACTIVE,[-114.1306101    50.93467585]
2514,,NEIGHBOURHOOD PARK,1,TITLED,NO BREAKDOWN,CULTURALLY SIGNIFICANT SITE,,SKW763,,CALGARY PARKS SHARED,CALGARY PARKS,,ACTIVE,[-114.05315377   51.10038013]
2515,,NON-PARK,1,TITLED,NO BREAKDOWN,CULTURALLY SIGNIFICANT SITE,,TUS657,,CALGARY PARKS,CALGARY PARKS SHARED,"MAINTAINED AS PER LANDSCAPE MAINTENANCE AGREEMENT, EXPIRES 2042/12/31; SEE PARIS_REPOSITORY\AGREEMENTS\LANDSCAPE_MAINTENANCE_AGREEMENT",ACTIVE,[-114.25621399   51.11652065]
2516,,SUBNEIGHBOURHOOD PARK,1,TITLED,NO BREAKDOWN,,,UMR285,,CALGARY PARKS,CALGARY PARKS,,ACTIVE,[-114.0833741    51.02727826]
2517,,SUBNEIGHBOURHOOD PARK,1,TITLED,NO BREAKDOWN,,,WHI011,,CALGARY PARKS,CALGARY PARKS,,ACTIVE,[-113.96604532   51.08192257]
2518,,SUBNEIGHBOURHOOD PARK,1,TITLED,NO BREAKDOWN,CULTURALLY SIGNIFICANT SITE,,VAR104,,CALGARY PARKS,CALGARY PARKS,,ACTIVE,[-114.16132348   51.10142822]
2519,DR ROBERTA BONDAR SCHOOL,NEIGHBOURHOOD PARK,1,TITLED,NO BREAKDOWN,,,STR581,,CALGARY PARKS SHARED,CALGARY PARKS,,ACTIVE,[-114.20672719   51.0497365 ]
2520,,SUBNEIGHBOURHOOD PARK,1,TITLED,NO BREAKDOWN,,,WGT763,,CALGARY PARKS,CALGARY PARKS,,ACTIVE,[-114.16292881   51.04523191]
2521,,SUBNEIGHBOURHOOD PARK,1,TITLED,NO BREAKDOWN,,,WHI001,,CALGARY PARKS,CALGARY PARKS,,ACTIVE,[-113.96096184   51.09319087]
2522,,SUBNEIGHBOURHOOD PARK,1,TITLED,NO BREAKDOWN,,,WHI002,,CALGARY PARKS,CALGARY PARKS,,ACTIVE,[-113.9638445    51.09447077]
2523,,SUBNEIGHBOURHOOD PARK,1,TITLED,NO BREAKDOWN,,,WHI003,,CALGARY PARKS,CALGARY PARKS,,ACTIVE,[-113.96721191   51.0935563 ]
2524,,SUBNEIGHBOURHOOD PARK,1,TITLED,NO BREAKDOWN,,,WHI005,,CALGARY PARKS,CALGARY PARKS,,ACTIVE,[-113.96532818   51.09063176]
2525,,SUBNEIGHBOURHOOD PARK,1,TITLED,NO BREAKDOWN,CULTURALLY SIGNIFICANT SITE,,TUS701,,CALGARY PARKS,CALGARY PARKS SHARED,"MAINTAINED AS PER LANDSCAPE MAINTENANCE AGREEMENT, EXPIRES 2042/12/31; SEE PARIS_REPOSITORY\AGREEMENTS\LANDSCAPE_MAINTENANCE_AGREEMENT",ACTIVE,[-114.23304131   51.10982269]
2526,,SUBNEIGHBOURHOOD PARK,1,TITLED,NO BREAKDOWN,CULTURALLY SIGNIFICANT SITE,,WIL158,,CALGARY PARKS,CALGARY PARKS,,ACTIVE,[-114.04840185   50.95255529]
2527,,SUBNEIGHBOURHOOD PARK,1,TITLED,NO BREAKDOWN,CULTURALLY SIGNIFICANT SITE,,WIL159,,CALGARY PARKS,CALGARY PARKS,,ACTIVE,[-114.04845993   50.95056477]
2528,,SUBNEIGHBOURHOOD PARK,1,TITLED,NO BREAKDOWN,CULTURALLY SIGNIFICANT SITE,,DRN555,,CALGARY PARKS,CALGARY PARKS,,ACTIVE,[-114.00885011   50.92630623]
2529,,SUBNEIGHBOURHOOD PARK,1,TITLED,NO BREAKDOWN,CULTURALLY SIGNIFICANT SITE,,DRN558,,CALGARY PARKS,CALGARY PARKS,,ACTIVE,[-114.00917378   50.93145   ]
2530,,SUBNEIGHBOURHOOD PARK,1,TITLED,NO BREAKDOWN,CULTURALLY SIGNIFICANT SITE,,EDG045,,CALGARY PARKS,CALGARY PARKS SHARED,"MAINTAINED AS PER LANDSCAPE MAINTENANCE AGREEMENT, EXPIRES 2042/12/31; SEE PARIS_REPOSITORY\AGREEMENTS\LANDSCAPE_MAINTENANCE_AGREEMENT",ACTIVE,[-114.15804125   51.11807328]
2531,,SUBNEIGHBOURHOOD PARK,1,TITLED,NO BREAKDOWN,,,FAL091,,CALGARY PARKS,CALGARY PARKS,,ACTIVE,[-113.93772324   51.1048891 ]
2532,TERRY FOX JR HIGH,COMMUNITY PARK,1,TITLED,NO BREAKDOWN,,,FAL086,,CALGARY PARKS SHARED,CALGARY PARKS SHARED,,ACTIVE,[-113.94512669   51.10442013]
2533,,SUBNEIGHBOURHOOD PARK,1,TITLED,NO BREAKDOWN,,,EDG049,,CALGARY PARKS,CALGARY PARKS SHARED,"MAINTAINED AS PER LANDSCAPE MAINTENANCE AGREEMENT, EXPIRES 2042/12/31; SEE PARIS_REPOSITORY\AGREEMENTS\LANDSCAPE_MAINTENANCE_AGREEMENT",ACTIVE,[-114.1566127    51.12782646]
2534,,SUBNEIGHBOURHOOD PARK,1,TITLED,NO BREAKDOWN,,,EVE908,,CALGARY PARKS,CALGARY PARKS,,ACTIVE,[-114.1039339    50.90677686]
2535,,SUBNEIGHBOURHOOD PARK,1,TITLED,NO BREAKDOWN,CULTURALLY SIGNIFICANT SITE,,SCA863,,CALGARY PARKS,CALGARY PARKS,,ACTIVE,[-114.10704143   51.04045203]
2536,SUNALTA ELEMENTARY,NEIGHBOURHOOD PARK,1,TITLED,NO BREAKDOWN,CULTURALLY SIGNIFICANT SITE,HERITAGE SITE,SCA866,,CALGARY PARKS SHARED,CALGARY PARKS SHARED,,ACTIVE,[-114.11016339   51.04173552]
2537,,SUBNEIGHBOURHOOD PARK,1,TITLED,NO BREAKDOWN,CULTURALLY SIGNIFICANT SITE,,VAR109,,CALGARY PARKS,CALGARY PARKS,,ACTIVE,[-114.16725348   51.09038275]
2538,,SUBNEIGHBOURHOOD PARK,1,TITLED,NO BREAKDOWN,CULTURALLY SIGNIFICANT SITE,,VAR114,,CALGARY PARKS,CALGARY PARKS,,ACTIVE,[-114.16112952   51.08928897]
2539,,SUBNEIGHBOURHOOD PARK,1,TITLED,NO BREAKDOWN,,,VAR117,,CALGARY PARKS,CALGARY PARKS,,ACTIVE,[-114.15782263   51.08928943]
2540,,SUBNEIGHBOURHOOD PARK,1,TITLED,NO BREAKDOWN,CULTURALLY SIGNIFICANT SITE,,WIL981,,CALGARY PARKS,CALGARY PARKS,,ACTIVE,[-114.04848175   50.95121625]
2541,,SUBNEIGHBOURHOOD PARK,1,TITLED,NO BREAKDOWN,CULTURALLY SIGNIFICANT SITE,,HID800,,CALGARY PARKS,CALGARY PARKS,,ACTIVE,[-114.12608918   51.15058796]
2542,,SUBNEIGHBOURHOOD PARK,1,TITLED,NO BREAKDOWN,CULTURALLY SIGNIFICANT SITE,,PKL526,,CALGARY PARKS,CALGARY PARKS,,ACTIVE,[-114.04201274   50.92782622]
2543,,SUBNEIGHBOURHOOD PARK,1,TITLED,NO BREAKDOWN,CULTURALLY SIGNIFICANT SITE,,PKL533,,CALGARY PARKS,CALGARY PARKS,,ACTIVE,[-114.02127384   50.91349793]
2544,,SUBNEIGHBOURHOOD PARK,1,TITLED,NO BREAKDOWN,CULTURALLY SIGNIFICANT SITE,,PKL536,,CALGARY PARKS,CALGARY PARKS,,ACTIVE,[-114.03162755   50.92036543]
2545,ECOLE LA MOSAIQUE,NEIGHBOURHOOD PARK,1,TITLED,NO BREAKDOWN,,,MRT295,,CALGARY PARKS SHARED,CALGARY PARKS,,ACTIVE,[-113.957699     51.11340444]
2546,,SUBNEIGHBOURHOOD PARK,1,TITLED,NO BREAKDOWN,,,OAK062,,CALGARY PARKS,CALGARY PARKS,,ACTIVE,[-114.13086904   50.97432592]
2547,,SUBNEIGHBOURHOOD PARK,1,TITLED,NO BREAKDOWN,CULTURALLY SIGNIFICANT SITE,,OAK063,,CALGARY PARKS,CALGARY PARKS,,ACTIVE,[-114.12879475   50.97298834]
2548,,SUBNEIGHBOURHOOD PARK,1,TITLED,NO BREAKDOWN,,,OAK065,,CALGARY PARKS,CALGARY PARKS,,ACTIVE,[-114.12389577   50.97102085]
2549,,NEIGHBOURHOOD PARK,1,TITLED,NO BREAKDOWN,,,OAK069,,CALGARY PARKS,CALGARY PARKS,,ACTIVE,[-114.13592736   50.97135454]
2550,,SUBNEIGHBOURHOOD PARK,1,TITLED,NO BREAKDOWN,,,RIC171,,CALGARY PARKS,CALGARY PARKS,,ACTIVE,[-114.13003276   51.02567601]
2551,,SUBNEIGHBOURHOOD PARK,1,TITLED,NO BREAKDOWN,,,PIN025,,CALGARY PARKS,CALGARY PARKS,,ACTIVE,[-113.94112216   51.06824269]
2552,,SUBNEIGHBOURHOOD PARK,1,TITLED,NO BREAKDOWN,,,WIL160,,CALGARY PARKS,CALGARY PARKS,,ACTIVE,[-114.05143293   50.95203857]
2553,,SUBNEIGHBOURHOOD PARK,1,TITLED,NO BREAKDOWN,CULTURALLY SIGNIFICANT SITE,,WIL161,,CALGARY PARKS,CALGARY PARKS,,ACTIVE,[-114.04668997   50.9500917 ]
2554,F.E. OSBORNE JR HIGH; MARION CARSON ELEM; ST VINCENT DE PAUL ELEM & JR HIGH,COMMUNITY PARK,1,TITLED,NO BREAKDOWN,CULTURALLY SIGNIFICANT SITE,,VAR120,,CALGARY PARKS SHARED,CALGARY PARKS SHARED,,ACTIVE,[-114.16353096   51.09100108]
2555,,SUBNEIGHBOURHOOD PARK,1,TITLED,NO BREAKDOWN,,,VAR122,,CALGARY PARKS,CALGARY PARKS,,ACTIVE,[-114.14294778   51.08814472]
2556,,SUBNEIGHBOURHOOD PARK,1,TITLED,NO BREAKDOWN,,,WLD768,,CALGARY PARKS,CALGARY PARKS,,ACTIVE,[-114.15262861   51.05002526]
2557,WILDWOOD ELEM; WILDWOOD COMMUNITY ASSOC,COMMUNITY PARK,1,TITLED,NO BREAKDOWN,,,WLD772,,CALGARY PARKS SHARED,CALGARY PARKS SHARED,,ACTIVE,[-114.1499178    51.05104351]
2558,,COMMUNITY PARK,1,TITLED,NO BREAKDOWN,CULTURALLY SIGNIFICANT SITE,,VAL932,,CALGARY PARKS,CALGARY PARKS SHARED,"MAINTAINED AS PER LANDSCAPE MAINTENANCE AGREEMENT, EXPIRES 2042/12/31; SEE PARIS_REPOSITORY\AGREEMENTS\LANDSCAPE_MAINTENANCE_AGREEMENT",ACTIVE,[-114.25412146   51.09598044]
2559,,COMMUNITY PARK,1,TITLED,NO BREAKDOWN,,SITE SPLIT SVO857,SVO857,,CALGARY PARKS,CALGARY PARKS SHARED,,ACTIVE,[-114.07928255   50.88474162]
2560,,SUBNEIGHBOURHOOD PARK,1,TITLED,NO BREAKDOWN,CULTURALLY SIGNIFICANT SITE,,VAL079,,CALGARY PARKS,CALGARY PARKS SHARED,"MAINTAINED AS PER LANDSCAPE MAINTENANCE AGREEMENT, EXPIRES 2042/12/31; SEE PARIS_REPOSITORY\AGREEMENTS\LANDSCAPE_MAINTENANCE_AGREEMENT",ACTIVE,[-114.26488401   51.09082777]
2561,,SUBNEIGHBOURHOOD PARK,1,TITLED,NO BREAKDOWN,CULTURALLY SIGNIFICANT SITE,,EVN274,,CALGARY PARKS,CALGARY PARKS,,ACTIVE,[-114.1153841    51.17162977]
2562,ALL SAINTS HIGH SCHOOL,COMMUNITY PARK,1,TITLED,NO BREAKDOWN,CULTURALLY SIGNIFICANT SITE,SITE SPLIT LEG021: NEW SITE LEG100 FOR ALL SAINTS SCHOOL,LEG100,,CALGARY PARKS & CSSB,CALGARY PARKS SHARED,,ACTIVE,[-114.02743511   50.85907752]
2563,,SUBNEIGHBOURHOOD PARK,1,TITLED,NO BREAKDOWN,CULTURALLY SIGNIFICANT SITE,,TUS613,,CALGARY PARKS,CALGARY PARKS SHARED,"MAINTAINED AS PER LANDSCAPE MAINTENANCE AGREEMENT, EXPIRES 2042/12/31; SEE PARIS_REPOSITORY\AGREEMENTS\LANDSCAPE_MAINTENANCE_AGREEMENT",ACTIVE,[-114.25156893   51.12346923]
2564,,SUBNEIGHBOURHOOD PARK,1,TITLED,NO BREAKDOWN,,,VAR333,,CALGARY PARKS,CALGARY PARKS,,ACTIVE,[-114.14727094   51.09300659]
2565,,SUBNEIGHBOURHOOD PARK,1,TITLED,NO BREAKDOWN,,,VAR336,,CALGARY PARKS,CALGARY PARKS,,ACTIVE,[-114.14491057   51.09205951]
2566,,SUBNEIGHBOURHOOD PARK,1,TITLED,NO BREAKDOWN,,,VAR343,,CALGARY PARKS,CALGARY PARKS,,ACTIVE,[-114.15091063   51.09522559]
2567,,SUBNEIGHBOURHOOD PARK,1,TITLED,NO BREAKDOWN,,,VAR434,,CALGARY PARKS,CALGARY PARKS,,ACTIVE,[-114.14456305   51.08602759]
2568,,SUBNEIGHBOURHOOD PARK,1,TITLED,NO BREAKDOWN,CULTURALLY SIGNIFICANT SITE,,WOO306,,CALGARY PARKS,CALGARY PARKS,,ACTIVE,[-114.10444956   50.93747944]
2569,CLARENCE SANSOM COMMUNITY SCHOOL; DOUGLAS HARKNESS COMMUNITY SCHOOL; ST PATRICK ELEM,COMMUNITY PARK,1,TITLED,NO BREAKDOWN,,,PIN027,,CALGARY PARKS SHARED,CALGARY PARKS SHARED,,ACTIVE,[-113.94693345   51.07392637]
2570,,NEIGHBOURHOOD PARK,1,TITLED,NO BREAKDOWN,,,PIN030,,CALGARY PARKS,CALGARY PARKS,,ACTIVE,[-113.93955665   51.07660564]
2571,,SUBNEIGHBOURHOOD PARK,1,TITLED,NO BREAKDOWN,,,PIN026,,CALGARY PARKS,CALGARY PARKS,,ACTIVE,[-113.93927327   51.07204093]
2572,,SUBNEIGHBOURHOOD PARK,1,TITLED,NO BREAKDOWN,,,PIN031,,CALGARY PARKS,CALGARY PARKS,,ACTIVE,[-113.94400216   51.07965884]
2573,,SUBNEIGHBOURHOOD PARK,1,TITLED,NO BREAKDOWN,,,PIN032,,CALGARY PARKS,CALGARY PARKS,,ACTIVE,[-113.95043749   51.07835052]
2574,,SUBNEIGHBOURHOOD PARK,1,TITLED,NO BREAKDOWN,,,PIN033,,CALGARY PARKS,CALGARY PARKS,,ACTIVE,[-113.94849149   51.07951159]
2575,,SUBNEIGHBOURHOOD PARK,1,TITLED,NO BREAKDOWN,,,PIN034,,CALGARY PARKS,CALGARY PARKS,,ACTIVE,[-113.95158922   51.07962511]
2576,,LINEAR PARK,1,TITLED,NO BREAKDOWN,,,PIN238,,CALGARY PARKS,CALGARY PARKS,,ACTIVE,[-113.95144817   51.07544464]
2577,,LINEAR PARK,1,TITLED,NO BREAKDOWN,,,PIN239,,CALGARY PARKS,CALGARY PARKS,,ACTIVE,[-113.95215066   51.07559059]
2578,,LINEAR PARK,1,TITLED,NO BREAKDOWN,,,PIN371,,CALGARY PARKS,CALGARY PARKS,,ACTIVE,[-113.95022402   51.07531381]
2579,,LINEAR PARK,1,TITLED,NO BREAKDOWN,,,PIN372,,CALGARY PARKS,CALGARY PARKS,,ACTIVE,[-113.95087307   51.0754323 ]
2580,,SUBNEIGHBOURHOOD PARK,1,TITLED,NO BREAKDOWN,CULTURALLY SIGNIFICANT SITE,,RID301,,CALGARY PARKS SHARED,CALGARY PARKS,,ACTIVE,[-114.07722873   51.02488611]
2581,,SUBNEIGHBOURHOOD PARK,1,TITLED,NO BREAKDOWN,CULTURALLY SIGNIFICANT SITE,,SPH023,,CALGARY PARKS,CALGARY PARKS,,ACTIVE,[-114.20250084   51.02490007]
2582,,SUBNEIGHBOURHOOD PARK,1,TITLED,NO BREAKDOWN,,,THO581,,CALGARY PARKS,CALGARY PARKS,,ACTIVE,[-114.06982989   51.10552182]
2583,,SUBNEIGHBOURHOOD PARK,1,TITLED,NO BREAKDOWN,CULTURALLY SIGNIFICANT SITE,,STR797,,CALGARY PARKS,CALGARY PARKS,,ACTIVE,[-114.16728479   51.04974623]
2584,,SUBNEIGHBOURHOOD PARK,1,TITLED,NO BREAKDOWN,,,STR803,,CALGARY PARKS,CALGARY PARKS,,ACTIVE,[-114.16749306   51.04321262]
2585,,SUBNEIGHBOURHOOD PARK,1,TITLED,NO BREAKDOWN,,,WIL169,,CALGARY PARKS,CALGARY PARKS,,ACTIVE,[-114.0608142    50.96162607]
2586,,SUBNEIGHBOURHOOD PARK,1,TITLED,NO BREAKDOWN,CULTURALLY SIGNIFICANT SITE,,TUS640,,CALGARY PARKS,CALGARY PARKS SHARED,"MAINTAINED AS PER LANDSCAPE MAINTENANCE AGREEMENT, EXPIRES 2042/12/31; SEE PARIS_REPOSITORY\AGREEMENTS\LANDSCAPE_MAINTENANCE_AGREEMENT",ACTIVE,[-114.24395043   51.13207825]
2587,,SUBNEIGHBOURHOOD PARK,1,TITLED,NO BREAKDOWN,CULTURALLY SIGNIFICANT SITE,,WBN317,,CALGARY PARKS,CALGARY PARKS,,ACTIVE,[-114.12603206   50.93756636]
2588,,SUBNEIGHBOURHOOD PARK,1,TITLED,NO BREAKDOWN,,,WBN320,,CALGARY PARKS,CALGARY PARKS,,ACTIVE,[-114.13656933   50.94732134]
2589,,SUBNEIGHBOURHOOD PARK,1,TITLED,NO BREAKDOWN,,,WBN359,,CALGARY PARKS,CALGARY PARKS,,ACTIVE,[-114.11942019   50.94784068]
2590,,SUBNEIGHBOURHOOD PARK,1,TITLED,NO BREAKDOWN,,,THO575,,CALGARY PARKS,CALGARY PARKS,,ACTIVE,[-114.07090375   51.10015238]
2591,,SUBNEIGHBOURHOOD PARK,1,TITLED,NO BREAKDOWN,,,THO580,,CALGARY PARKS,CALGARY PARKS,,ACTIVE,[-114.06564932   51.1062863 ]
2592,,SUBNEIGHBOURHOOD PARK,1,TITLED,NO BREAKDOWN,,,SHN011,,CALGARY PARKS,CALGARY PARKS,,ACTIVE,[-114.09401399   50.91285684]
2593,,SUBNEIGHBOURHOOD PARK,1,TITLED,NO BREAKDOWN,,,SHN401,,CALGARY PARKS,CALGARY PARKS,,ACTIVE,[-114.07265166   50.90450949]
2594,,SUBNEIGHBOURHOOD PARK,1,TITLED,NO BREAKDOWN,,,AUB207,,CALGARY PARKS,CALGARY PARKS,,ACTIVE,[-113.96806402   50.89060479]
2595,WEST HILLHURST CMTY ASSOC; BOWVIEW POOL,NEIGHBOURHOOD PARK,1,TITLED,NO BREAKDOWN,,,WHL493,,CALGARY PARKS SHARED,CALGARY PARKS SHARED,,ACTIVE,[-114.10462243   51.05836096]
2596,,SUBNEIGHBOURHOOD PARK,1,TITLED,NO BREAKDOWN,,,WLD771,,CALGARY PARKS,CALGARY PARKS,,ACTIVE,[-114.14879421   51.05160699]
2597,,SUBNEIGHBOURHOOD PARK,1,TITLED,NO BREAKDOWN,CULTURALLY SIGNIFICANT SITE,,VAL927,,CALGARY PARKS,CALGARY PARKS SHARED,"MAINTAINED AS PER LANDSCAPE MAINTENANCE AGREEMENT, EXPIRES 2042/12/31; SEE PARIS_REPOSITORY\AGREEMENTS\LANDSCAPE_MAINTENANCE_AGREEMENT",ACTIVE,[-114.25172455   51.09379495]
2598,,NEIGHBOURHOOD PARK,1,TITLED,NO BREAKDOWN,,,SAN759,,CALGARY PARKS SHARED,CALGARY PARKS SHARED,,ACTIVE,[-114.09516203   51.13556339]
2599,,SUBNEIGHBOURHOOD PARK,1,TITLED,NO BREAKDOWN,CULTURALLY SIGNIFICANT SITE,,WIL177,,CALGARY PARKS,CALGARY PARKS,,ACTIVE,[-114.04539981   50.95732165]
2600,,SUBNEIGHBOURHOOD PARK,1,TITLED,NO BREAKDOWN,CULTURALLY SIGNIFICANT SITE,,WIL178,,CALGARY PARKS,CALGARY PARKS,,ACTIVE,[-114.04416062   50.95584752]
2601,,SUBNEIGHBOURHOOD PARK,1,TITLED,NO BREAKDOWN,,,WIL171,,CALGARY PARKS,CALGARY PARKS,,ACTIVE,[-114.05022727   50.95601379]
2602,,SUBNEIGHBOURHOOD PARK,1,TITLED,NO BREAKDOWN,,,WIL173,,CALGARY PARKS,CALGARY PARKS,,ACTIVE,[-114.05698902   50.95903044]
2603,,SUBNEIGHBOURHOOD PARK,1,TITLED,NO BREAKDOWN,CULTURALLY SIGNIFICANT SITE,,VAL951,,CALGARY PARKS,CALGARY PARKS SHARED,"MAINTAINED AS PER LANDSCAPE MAINTENANCE AGREEMENT, EXPIRES 2042/12/31; SEE PARIS_REPOSITORY\AGREEMENTS\LANDSCAPE_MAINTENANCE_AGREEMENT",ACTIVE,[-114.25746043   51.09030967]
2604,,SUBNEIGHBOURHOOD PARK,1,TITLED,NO BREAKDOWN,CULTURALLY SIGNIFICANT SITE,,VAL952,,CALGARY PARKS,CALGARY PARKS SHARED,LMA  EXPIRES 2034/12/31; SEE AGREEMENTS IN REPOSITORY FOR DETAILS,ACTIVE,[-114.25746045   51.09104982]
2605,,SUBNEIGHBOURHOOD PARK,1,TITLED,NO BREAKDOWN,,,VAR102,,CALGARY PARKS,CALGARY PARKS,,ACTIVE,[-114.16917599   51.10090656]
2606,,SUBNEIGHBOURHOOD PARK,1,TITLED,NO BREAKDOWN,,,VAR106,,CALGARY PARKS,CALGARY PARKS,,ACTIVE,[-114.15519517   51.09861872]
2607,,SUBNEIGHBOURHOOD PARK,1,TITLED,NO BREAKDOWN,CULTURALLY SIGNIFICANT SITE,,VAR115,,CALGARY PARKS,CALGARY PARKS,,ACTIVE,[-114.16018166   51.09055814]
2608,SPRING GARDENS DEPOT,PARKS DEPOT,1,TITLED,NO BREAKDOWN,,,GRI000,,CALGARY PARKS,CALGARY PARKS SHARED,PARKS DEPOT ON SITE,ACTIVE,[-114.04758309   51.08806696]
2609,VISTA HEIGHTS ELEM,NEIGHBOURHOOD PARK,1,TITLED,NO BREAKDOWN,,,VIS251,,CALGARY PARKS SHARED,CALGARY PARKS SHARED,,ACTIVE,[-114.01724462   51.07215694]
2610,,NEIGHBOURHOOD PARK,1,TITLED,NO BREAKDOWN,,,VIS255,,CALGARY PARKS,CALGARY PARKS,,ACTIVE,[-114.01003295   51.0699568 ]
2611,,SUBNEIGHBOURHOOD PARK,1,TITLED,NO BREAKDOWN,CULTURALLY SIGNIFICANT SITE,,WBN130,,CALGARY PARKS,CALGARY PARKS,,ACTIVE,[-114.13573135   50.93676904]
2612,,NON-PARK,1,TITLED,NO BREAKDOWN,CULTURALLY SIGNIFICANT SITE,,VAL071,,CALGARY PARKS,CALGARY PARKS SHARED,"MAINTAINED AS PER LANDSCAPE MAINTENANCE AGREEMENT, EXPIRES 2042/12/31; SEE PARIS_REPOSITORY\AGREEMENTS\LANDSCAPE_MAINTENANCE_AGREEMENT",ACTIVE,[-114.25842787   51.09327942]
2613,,SUBNEIGHBOURHOOD PARK,1,TITLED,NO BREAKDOWN,CULTURALLY SIGNIFICANT SITE,,WBN132,,CALGARY PARKS,CALGARY PARKS,,ACTIVE,[-114.12506724   50.93600748]
2614,,SUBNEIGHBOURHOOD PARK,1,TITLED,NO BREAKDOWN,CULTURALLY SIGNIFICANT SITE,,VAL075,,CALGARY PARKS,CALGARY PARKS SHARED,"MAINTAINED AS PER LANDSCAPE MAINTENANCE AGREEMENT, EXPIRES 2042/12/31; SEE PARIS_REPOSITORY\AGREEMENTS\LANDSCAPE_MAINTENANCE_AGREEMENT",ACTIVE,[-114.24240155   51.09162933]
2615,,SUBNEIGHBOURHOOD PARK,1,TITLED,NO BREAKDOWN,,,WBN316,,CALGARY PARKS,CALGARY PARKS,,ACTIVE,[-114.12304637   50.9384461 ]
2616,,SUBNEIGHBOURHOOD PARK,1,TITLED,NO BREAKDOWN,,,WBN325,,CALGARY PARKS,CALGARY PARKS,,ACTIVE,[-114.121767    50.9451995]
2617,,SUBNEIGHBOURHOOD PARK,1,TITLED,NO BREAKDOWN,CULTURALLY SIGNIFICANT SITE,,WBN332,,CALGARY PARKS SHARED,CALGARY PARKS SHARED,,ACTIVE,[-114.12283461   50.93309369]
2618,,SUBNEIGHBOURHOOD PARK,1,TITLED,NO BREAKDOWN,CULTURALLY SIGNIFICANT SITE,,WBN351,,CALGARY PARKS,CALGARY PARKS,,ACTIVE,[-114.13653322   50.93420422]
2619,,SUBNEIGHBOURHOOD PARK,1,TITLED,NO BREAKDOWN,,,WBN322,,CALGARY PARKS,CALGARY PARKS,,ACTIVE,[-114.12769885   50.94835286]
2620,,SUBNEIGHBOURHOOD PARK,1,TITLED,NO BREAKDOWN,,,CAN341,,CALGARY PARKS,CALGARY PARKS,,ACTIVE,[-114.07425437   50.94029783]
2621,,SUBNEIGHBOURHOOD PARK,1,TITLED,NO BREAKDOWN,CULTURALLY SIGNIFICANT SITE,,MON245,,CALGARY PARKS SHARED,CALGARY PARKS SHARED,PROVINCIALLY DESIGNATED HERITAGE SITE AS OF; SEE REPOSITORY RE NAMING R:\CouncilDecisionsLandRelated\NAMING_OF_PARKS\MON\MON245 & \BOW\BOW214,ACTIVE,[-114.17059805   51.07853892]
2622,,SUBNEIGHBOURHOOD PARK,1,TITLED,NO BREAKDOWN,,,KIL617,,CALGARY PARKS,CALGARY PARKS,,ACTIVE,[-114.13558308   51.02522949]
2623,,SUBNEIGHBOURHOOD PARK,1,TITLED,NO BREAKDOWN,,,HAY238,,CALGARY PARKS,CALGARY PARKS,,ACTIVE,[-114.08244553   50.97017374]
2624,,SUBNEIGHBOURHOOD PARK,1,TITLED,NO BREAKDOWN,,,MRL525,,CALGARY PARKS,CALGARY PARKS,,ACTIVE,[-113.96787186   51.05546659]
2625,HAYSBORO ELEM; HAYSBORO COMMUNITY ASSOC,NEIGHBOURHOOD PARK,1,TITLED,NO BREAKDOWN,,,HAY242,,CALGARY PARKS SHARED,CALGARY PARKS SHARED,,ACTIVE,[-114.08806467   50.97472567]
2626,,SUBNEIGHBOURHOOD PARK,1,TITLED,NO BREAKDOWN,,,MRL528,,CALGARY PARKS,CALGARY PARKS,,ACTIVE,[-113.95718765   51.05592464]
2627,,SUBNEIGHBOURHOOD PARK,1,TITLED,NO BREAKDOWN,,,HAY245,,CALGARY PARKS,CALGARY PARKS,,ACTIVE,[-114.09350039   50.97162311]
2628,,SUBNEIGHBOURHOOD PARK,1,TITLED,NO BREAKDOWN,CULTURALLY SIGNIFICANT SITE,,PKL537,,CALGARY PARKS,CALGARY PARKS,,ACTIVE,[-114.02979148   50.92059941]
2629,,SUBNEIGHBOURHOOD PARK,1,TITLED,NO BREAKDOWN,,,MRL558,,CALGARY PARKS,CALGARY PARKS,,ACTIVE,[-113.95821155   51.05584512]
2630,,LINEAR PARK,1,TITLED,NO BREAKDOWN,,,RUN289,,CALGARY PARKS,CALGARY PARKS,,ACTIVE,[-113.96179401   51.07004511]
2631,,NEIGHBOURHOOD PARK,1,TITLED,NO BREAKDOWN,,,MRT323,,CALGARY PARKS,CALGARY PARKS,,ACTIVE,[-113.96787999   51.12105641]
2632,,SUBNEIGHBOURHOOD PARK,1,TITLED,NO BREAKDOWN,,,WHL561,,CALGARY PARKS,CALGARY PARKS,,ACTIVE,[-114.11676918   51.06309326]
2633,,SUBNEIGHBOURHOOD PARK,1,TITLED,NO BREAKDOWN,,,WSP038,,CALGARY PARKS,CALGARY PARKS,,ACTIVE,[-114.22228271   51.06605906]
2634,,SUBNEIGHBOURHOOD PARK,1,TITLED,NO BREAKDOWN,CULTURALLY SIGNIFICANT SITE,,SIL264,,CALGARY PARKS,CALGARY PARKS,,ACTIVE,[-114.20641342   51.1048239 ]
2635,,SUBNEIGHBOURHOOD PARK,1,TITLED,NO BREAKDOWN,,,SIG719,,CALGARY PARKS,CALGARY PARKS,,ACTIVE,[-114.17888114   51.02844208]
2636,,SUBNEIGHBOURHOOD PARK,1,TITLED,NO BREAKDOWN,CULTURALLY SIGNIFICANT SITE,,SPH013,,CALGARY PARKS,CALGARY PARKS SHARED,,ACTIVE,[-114.20057331   51.03052967]
2637,,SUBNEIGHBOURHOOD PARK,1,TITLED,NO BREAKDOWN,,,CAM878,,CALGARY PARKS,CALGARY PARKS,,ACTIVE,[-114.0841439    51.08448521]
2638,,SUBNEIGHBOURHOOD PARK,1,TITLED,NO BREAKDOWN,,,CAM874,,CALGARY PARKS,CALGARY PARKS,,ACTIVE,[-114.08606656   51.08255866]
2639,,SUBNEIGHBOURHOOD PARK,1,TITLED,NO BREAKDOWN,,,CAS980,,CALGARY PARKS,CALGARY PARKS,,ACTIVE,[-113.96088665   51.10040723]
2640,,SUBNEIGHBOURHOOD PARK,1,TITLED,NO BREAKDOWN,,,CED105,,CALGARY PARKS,CALGARY PARKS,,ACTIVE,[-114.12083272   50.95958162]
2641,,SUBNEIGHBOURHOOD PARK,1,TITLED,NO BREAKDOWN,,,CAM808,,CALGARY PARKS,CALGARY PARKS,,ACTIVE,[-114.09158168   51.08339726]
2642,,SUBNEIGHBOURHOOD PARK,1,TITLED,NO BREAKDOWN,CULTURALLY SIGNIFICANT SITE,,CED092,,CALGARY PARKS,CALGARY PARKS,,ACTIVE,[-114.1296861    50.95892863]
2643,,SUBNEIGHBOURHOOD PARK,1,TITLED,NO BREAKDOWN,,,MCK635,,CALGARY PARKS,CALGARY PARKS,,ACTIVE,[-113.97956642   50.92294423]
2644,,SUBNEIGHBOURHOOD PARK,1,TITLED,NO BREAKDOWN,,,HUN620,,CALGARY PARKS,CALGARY PARKS,,ACTIVE,[-114.06294174   51.11449332]
2645,,SUBNEIGHBOURHOOD PARK,1,TITLED,NO BREAKDOWN,CULTURALLY SIGNIFICANT SITE,,HUN626,,CALGARY PARKS,CALGARY PARKS,,ACTIVE,[-114.05690236   51.11316594]
2646,,SUBNEIGHBOURHOOD PARK,1,TITLED,NO BREAKDOWN,CULTURALLY SIGNIFICANT SITE,,ING025,,CALGARY PARKS,CALGARY PARKS,,ACTIVE,[-114.02196815   51.03388079]
2647,,SUBNEIGHBOURHOOD PARK,1,TITLED,NO BREAKDOWN,,,MAL498,,CALGARY PARKS,CALGARY PARKS,,ACTIVE,[-114.01436505   51.05502213]
2648,,SUBNEIGHBOURHOOD PARK,1,TITLED,NO BREAKDOWN,CULTURALLY SIGNIFICANT SITE,,REN782,,CALGARY PARKS,CALGARY PARKS,,ACTIVE,[-114.03115763   51.05385328]
2649,,SUBNEIGHBOURHOOD PARK,1,TITLED,NO BREAKDOWN,,,ROY389,,CALGARY PARKS,CALGARY PARKS,,ACTIVE,[-114.23260396   51.14741722]
2650,,SUBNEIGHBOURHOOD PARK,1,TITLED,NO BREAKDOWN,,,NGM529,,CALGARY PARKS,CALGARY PARKS,,ACTIVE,[-114.11266405   50.99617733]
2651,,SUBNEIGHBOURHOOD PARK,1,TITLED,NO BREAKDOWN,,,RIC854,,CALGARY PARKS,CALGARY PARKS,,ACTIVE,[-114.10875277   51.03091629]
2652,,NON-PARK,1,TITLED,NO BREAKDOWN,,2018/011/15: USED TITLE REGISTRATION FOR ACTIVE DATE; SEE LINDA FOR REASON NOT TRANSFERRED TO TRANSIT; [BUS LOOP ON THIS PARCEL,NGM001,,CALGARY PARKS,CALGARY TRANSIT,MAINTAINED BY TRANSPORTATION INFRASTRUCTURE,ACTIVE,[-114.11732163   51.0052176 ]
2653,,SUBNEIGHBOURHOOD PARK,1,TITLED,NO BREAKDOWN,CULTURALLY SIGNIFICANT SITE,,PAN090,,CALGARY PARKS,CALGARY PARKS SHARED,,ACTIVE,[-114.09466434   51.16864045]
2654,,SUBNEIGHBOURHOOD PARK,1,TITLED,NO BREAKDOWN,CULTURALLY SIGNIFICANT SITE,,EVE112,,CALGARY PARKS,CALGARY PARKS,,ACTIVE,[-114.10562247   50.91851543]
2655,,SUBNEIGHBOURHOOD PARK,1,TITLED,NO BREAKDOWN,,,FAI202,,CALGARY PARKS,CALGARY PARKS,,ACTIVE,[-114.06304047   50.98192478]
2656,,SUBNEIGHBOURHOOD PARK,1,TITLED,NO BREAKDOWN,CULTURALLY SIGNIFICANT SITE,,EDG973,,CALGARY PARKS,CALGARY PARKS SHARED,"MAINTAINED AS PER LANDSCAPE MAINTENANCE AGREEMENT, EXPIRES 2042/12/31; SEE PARIS_REPOSITORY\AGREEMENTS\LANDSCAPE_MAINTENANCE_AGREEMENT",ACTIVE,[-114.1288005   51.1342391]
2657,,SUBNEIGHBOURHOOD PARK,1,TITLED,NO BREAKDOWN,CULTURALLY SIGNIFICANT SITE,,ROC670,,CALGARY PARKS,CALGARY PARKS,,ACTIVE,[-114.23892671   51.13851173]
2658,,SUBNEIGHBOURHOOD PARK,1,TITLED,NO BREAKDOWN,CULTURALLY SIGNIFICANT SITE,,TUS665,,CALGARY PARKS,CALGARY PARKS SHARED,"MAINTAINED AS PER LANDSCAPE MAINTENANCE AGREEMENT, EXPIRES 2042/12/31; SEE PARIS_REPOSITORY\AGREEMENTS\LANDSCAPE_MAINTENANCE_AGREEMENT",ACTIVE,[-114.25348134   51.13992812]
2659,,SUBNEIGHBOURHOOD PARK,1,TITLED,NO BREAKDOWN,,,STR820,,CALGARY PARKS,CALGARY PARKS,,ACTIVE,[-114.17346308   51.0511243 ]
2660,,SUBNEIGHBOURHOOD PARK,1,TITLED,NO BREAKDOWN,CULTURALLY SIGNIFICANT SITE,,LIV026,,CALGARY PARKS,DEVELOPER CONSTRUCTION,,ACTIVE,[-114.05091804   51.18459209]
2661,,SUBNEIGHBOURHOOD PARK,1,TITLED,NO BREAKDOWN,CULTURALLY SIGNIFICANT SITE,,PAN248,,CALGARY PARKS,CALGARY PARKS,,ACTIVE,[-114.10473712   51.1622195 ]
2662,,SUBNEIGHBOURHOOD PARK,1,TITLED,NO BREAKDOWN,CULTURALLY SIGNIFICANT SITE,,MCK639,,CALGARY PARKS,CALGARY PARKS,,ACTIVE,[-113.98608985   50.91891926]
2663,,SUBNEIGHBOURHOOD PARK,1,TITLED,NO BREAKDOWN,,,MCK641,,CALGARY PARKS,CALGARY PARKS,,ACTIVE,[-113.97960443   50.92694159]
2664,,SUBNEIGHBOURHOOD PARK,1,TITLED,NO BREAKDOWN,CULTURALLY SIGNIFICANT SITE,,MCK664,,CALGARY PARKS,CALGARY PARKS,,ACTIVE,[-113.98587648   50.93033677]
2665,,SUBNEIGHBOURHOOD PARK,1,TITLED,NO BREAKDOWN,,,MAL501,,CALGARY PARKS,CALGARY PARKS,,ACTIVE,[-114.0034996    51.05512629]
2666,FFCA NORTHEAST ELEM,SUBNEIGHBOURHOOD PARK,1,TITLED,NO BREAKDOWN,,,MAL510,,CALGARY PARKS SHARED,CALGARY PARKS SHARED,,ACTIVE,[-114.01169463   51.06538797]
2667,,SUBNEIGHBOURHOOD PARK,1,TITLED,NO BREAKDOWN,,,LKB086,,CALGARY PARKS,CALGARY PARKS,,ACTIVE,[-114.06762651   50.94115931]
2668,,SUBNEIGHBOURHOOD PARK,1,TITLED,NO BREAKDOWN,CULTURALLY SIGNIFICANT SITE,,MLI970,,CALGARY PARKS,CALGARY PARKS,,ACTIVE,[-114.01299649   51.04887938]
2669,,SUBNEIGHBOURHOOD PARK,1,TITLED,NO BREAKDOWN,CULTURALLY SIGNIFICANT SITE,,SCA889,,CALGARY PARKS,CALGARY PARKS,,ACTIVE,[-114.09946836   51.03884982]
2670,,SUBNEIGHBOURHOOD PARK,1,TITLED,NO BREAKDOWN,CULTURALLY SIGNIFICANT SITE,,SCE436,,CALGARY PARKS,CALGARY PARKS SHARED,"MAINTAINED AS PER LANDSCAPE MAINTENANCE AGREEMENT, EXPIRES 2042/12/31; SEE PARIS_REPOSITORY\AGREEMENTS\LANDSCAPE_MAINTENANCE_AGREEMENT",ACTIVE,[-114.21932551   51.12474254]
2671,,SUBNEIGHBOURHOOD PARK,1,TITLED,NO BREAKDOWN,CULTURALLY SIGNIFICANT SITE,,SCE437,,CALGARY PARKS,CALGARY PARKS SHARED,"MAINTAINED AS PER LANDSCAPE MAINTENANCE AGREEMENT, EXPIRES 2042/12/31; SEE PARIS_REPOSITORY\AGREEMENTS\LANDSCAPE_MAINTENANCE_AGREEMENT",ACTIVE,[-114.21769322   51.12621413]
2672,,SUBNEIGHBOURHOOD PARK,1,TITLED,NO BREAKDOWN,,,COR375,,CALGARY PARKS,CALGARY PARKS,,ACTIVE,[-113.9313372    51.10740699]
2673,,SUBNEIGHBOURHOOD PARK,1,TITLED,NO BREAKDOWN,,,COU013,,CALGARY PARKS,CALGARY PARKS,,ACTIVE,[-114.07466579   51.14606586]
2674,,SUBNEIGHBOURHOOD PARK,1,TITLED,NO BREAKDOWN,,,GRV825,,CALGARY PARKS,CALGARY PARKS,,ACTIVE,[-114.05641362   51.09186165]
2675,,SUBNEIGHBOURHOOD PARK,1,TITLED,NO BREAKDOWN,,,GRV827,,CALGARY PARKS,CALGARY PARKS,,ACTIVE,[-114.05587157   51.09583739]
2676,,SUBNEIGHBOURHOOD PARK,1,TITLED,NO BREAKDOWN,CULTURALLY SIGNIFICANT SITE,,COA781,,CALGARY PARKS,CALGARY PARKS,,ACTIVE,[-114.17495067   51.05552433]
2677,,SUBNEIGHBOURHOOD PARK,1,TITLED,NO BREAKDOWN,CULTURALLY SIGNIFICANT SITE,,DBC097,,CALGARY PARKS,CALGARY PARKS,,ACTIVE,[-114.04374804   51.11248449]
2678,,SUBNEIGHBOURHOOD PARK,1,TITLED,NO BREAKDOWN,,,FLN751,,CALGARY PARKS,CALGARY PARKS,,ACTIVE,[-113.9678463    51.03290972]
2679,,SUBNEIGHBOURHOOD PARK,1,TITLED,NO BREAKDOWN,CULTURALLY SIGNIFICANT SITE,,DDG591,,CALGARY PARKS,CALGARY PARKS SHARED,"MAINTAINED AS PER LANDSCAPE MAINTENANCE AGREEMENT, EXPIRES 2042/12/31; SEE PARIS_REPOSITORY\AGREEMENTS\LANDSCAPE_MAINTENANCE_AGREEMENT",ACTIVE,[-114.00647012   50.94498307]
2680,,SUBNEIGHBOURHOOD PARK,1,TITLED,NO BREAKDOWN,,,STR836,,CALGARY PARKS,CALGARY PARKS,,ACTIVE,[-114.17380547   51.04673292]
2681,,SUBNEIGHBOURHOOD PARK,1,TITLED,NO BREAKDOWN,,,SIL257,,CALGARY PARKS,CALGARY PARKS,,ACTIVE,[-114.18956557   51.11269113]
2682,,SUBNEIGHBOURHOOD PARK,1,TITLED,NO BREAKDOWN,,,SPH988,,CALGARY PARKS,CALGARY PARKS,,ACTIVE,[-114.18956863   51.02569569]
2683,,SUBNEIGHBOURHOOD PARK,1,TITLED,NO BREAKDOWN,,,PAN080,,CALGARY PARKS,CALGARY PARKS,,ACTIVE,[-114.0942259    51.16549942]
2684,,SUBNEIGHBOURHOOD PARK,1,TITLED,NO BREAKDOWN,,,UNI190,,CALGARY PARKS,CALGARY PARKS,,ACTIVE,[-114.1267902    51.06877149]
2685,WINDSOR PARK CMTY CENTRE,SUBNEIGHBOURHOOD PARK,1,TITLED,NO BREAKDOWN,CULTURALLY SIGNIFICANT SITE,,WND371,,CALGARY PARKS,CALGARY PARKS SHARED,,ACTIVE,[-114.07759701   51.00648995]
2686,,SUBNEIGHBOURHOOD PARK,1,TITLED,NO BREAKDOWN,,,LKB497,,CALGARY PARKS,CALGARY PARKS,,ACTIVE,[-114.05540036   50.9385947 ]
2687,,SUBNEIGHBOURHOOD PARK,1,TITLED,NO BREAKDOWN,,,KIN019,,CALGARY PARKS SHARED,CALGARY PARKS,,ACTIVE,[-114.07223854   50.98014264]
2688,,SUBNEIGHBOURHOOD PARK,1,TITLED,NO BREAKDOWN,CULTURALLY SIGNIFICANT SITE,,RIV851,,CALGARY PARKS,CALGARY PARKS,,ACTIVE,[-114.02783644   50.97905515]
2689,,SUBNEIGHBOURHOOD PARK,1,TITLED,NO BREAKDOWN,CULTURALLY SIGNIFICANT SITE,,QLD521,,CALGARY PARKS,CALGARY PARKS,,ACTIVE,[-114.02231954   50.94341887]
2690,,SUBNEIGHBOURHOOD PARK,1,TITLED,NO BREAKDOWN,,,RCK759,,CALGARY PARKS,CALGARY PARKS,,ACTIVE,[-114.15200249   51.0471291 ]
2691,,SUBNEIGHBOURHOOD PARK,1,TITLED,NO BREAKDOWN,,,SAD381,,CALGARY PARKS,CALGARY PARKS,,ACTIVE,[-113.94269637   51.1373273 ]
2692,ROSEDALE COMMUNITY CENTRE,SUBNEIGHBOURHOOD PARK,1,TITLED,NO BREAKDOWN,CULTURALLY SIGNIFICANT SITE,,RDL851,,CALGARY PARKS,CALGARY PARKS SHARED,,ACTIVE,[-114.08152175   51.06155279]
2693,,SUBNEIGHBOURHOOD PARK,1,TITLED,NO BREAKDOWN,,,SIG681,,CALGARY PARKS,CALGARY PARKS,,ACTIVE,[-114.18439275   51.02646524]
2694,,SUBNEIGHBOURHOOD PARK,1,TITLED,NO BREAKDOWN,CULTURALLY SIGNIFICANT SITE,,DDG595,,CALGARY PARKS,CALGARY PARKS SHARED,"MAINTAINED AS PER LANDSCAPE MAINTENANCE AGREEMENT, EXPIRES 2042/12/31; SEE PARIS_REPOSITORY\AGREEMENTS\LANDSCAPE_MAINTENANCE_AGREEMENT",ACTIVE,[-114.01210217   50.94788296]
2695,,SUBNEIGHBOURHOOD PARK,1,TITLED,NO BREAKDOWN,,,MOP886,,CALGARY PARKS,CALGARY PARKS,,ACTIVE,[-114.07440482   51.07915883]
2696,,SUBNEIGHBOURHOOD PARK,1,TITLED,NO BREAKDOWN,,,MOR287,,CALGARY PARKS,CALGARY PARKS,,ACTIVE,[-113.92614807   51.08652733]
2697,,SUBNEIGHBOURHOOD PARK,1,TITLED,NO BREAKDOWN,CULTURALLY SIGNIFICANT SITE,,HOU479,,CALGARY PARKS SHARED,CALGARY PARKS,PARKS/WATER JOINT STEWARDSHIP,ACTIVE,[-114.0955937    51.06084823]
2698,,SUBNEIGHBOURHOOD PARK,1,TITLED,NO BREAKDOWN,CULTURALLY SIGNIFICANT SITE,,LKV502,,CALGARY PARKS,CALGARY PARKS,,ACTIVE,[-114.13280139   50.9917419 ]
2699,,SUBNEIGHBOURHOOD PARK,1,TITLED,NO BREAKDOWN,CULTURALLY SIGNIFICANT SITE,,LKV503,,CALGARY PARKS,CALGARY PARKS,,ACTIVE,[-114.12933668   50.99196771]
2700,,SUBNEIGHBOURHOOD PARK,1,TITLED,NO BREAKDOWN,,,MEA370,,CALGARY PARKS,CALGARY PARKS,,ACTIVE,[-114.07646086   50.99978739]
2701,,SUBNEIGHBOURHOOD PARK,1,TITLED,NO BREAKDOWN,,,OGD017,,CALGARY PARKS,CALGARY PARKS,,ACTIVE,[-114.00038375   50.98191298]
2702,WEST PARKDALE COMMUNITY,SUBNEIGHBOURHOOD PARK,1,TITLED,NO BREAKDOWN,CULTURALLY SIGNIFICANT SITE,,PKD501,,CALGARY PARKS,CALGARY PARKS,,ACTIVE,[-114.1360519    51.06039282]
2703,,SUBNEIGHBOURHOOD PARK,1,TITLED,NO BREAKDOWN,,,BNF330,,CALGARY PARKS,CALGARY PARKS,,ACTIVE,[-114.12452887   51.08337039]
2704,,SUBNEIGHBOURHOOD PARK,1,TITLED,NO BREAKDOWN,,,BRA081,,CALGARY PARKS,CALGARY PARKS,,ACTIVE,[-114.10465415   50.95702148]
2705,,SUBNEIGHBOURHOOD PARK,1,TITLED,NO BREAKDOWN,,,VAR116,,CALGARY PARKS,CALGARY PARKS,,ACTIVE,[-114.15547571   51.09221879]
2706,,SUBNEIGHBOURHOOD PARK,1,TITLED,NO BREAKDOWN,,,FHT617,,CALGARY PARKS,CALGARY PARKS,,ACTIVE,[-113.97900149   51.0460167 ]
2707,,SUBNEIGHBOURHOOD PARK,1,TITLED,NO BREAKDOWN,,,BRA098,,CALGARY PARKS,CALGARY PARKS,,ACTIVE,[-114.09950594   50.95267025]
2708,,SUBNEIGHBOURHOOD PARK,1,TITLED,NO BREAKDOWN,,,BRA079,,CALGARY PARKS,CALGARY PARKS,,ACTIVE,[-114.10453022   50.95199295]
2709,,SUBNEIGHBOURHOOD PARK,1,TITLED,NO BREAKDOWN,,,BRA096,,CALGARY PARKS,CALGARY PARKS,,ACTIVE,[-114.09851691   50.95706161]
2710,,SUBNEIGHBOURHOOD PARK,1,TITLED,NO BREAKDOWN,,,BRA097,,CALGARY PARKS,CALGARY PARKS,,ACTIVE,[-114.11112345   50.9535277 ]
2711,BANKVIEW COMMUNITY CENTRE,SUBNEIGHBOURHOOD PARK,1,TITLED,NO BREAKDOWN,,,BNK855,,CALGARY PARKS,CALGARY PARKS,,ACTIVE,[-114.10097359   51.03277781]
2712,,LINEAR PARK,1,TITLED,NO BREAKDOWN,CULTURALLY SIGNIFICANT SITE,,MID350,,CALGARY PARKS,CALGARY PARKS,,ACTIVE,[-114.05130732   50.91933638]
2713,,SUBNEIGHBOURHOOD PARK,1,TITLED,NO BREAKDOWN,CULTURALLY SIGNIFICANT SITE,,RIV891,,CALGARY PARKS,CALGARY PARKS,,ACTIVE,[-114.01702618   50.96665626]
2714,CALGARY UNITED SOCCER ASSOC,SUBNEIGHBOURHOOD PARK,1,TITLED,NO BREAKDOWN,,,WHL439,,CALGARY PARKS,CALGARY PARKS SHARED,,ACTIVE,[-114.10680795   51.04968923]
2715,,SUBNEIGHBOURHOOD PARK,1,TITLED,NO BREAKDOWN,,,WHL500,,CALGARY PARKS,CALGARY PARKS,,ACTIVE,[-114.12662892   51.05721596]
2716,,SUBNEIGHBOURHOOD PARK,1,TITLED,NO BREAKDOWN,CULTURALLY SIGNIFICANT SITE,,WBN419,,CALGARY PARKS,CALGARY PARKS,,ACTIVE,[-114.13504099   50.93956414]
2717,,SUBNEIGHBOURHOOD PARK,1,TITLED,NO BREAKDOWN,,,WSP021,,CALGARY PARKS,CALGARY PARKS,,ACTIVE,[-114.2053807    51.05354442]
2718,,SUBNEIGHBOURHOOD PARK,1,TITLED,NO BREAKDOWN,CULTURALLY SIGNIFICANT SITE,,WSP024,,CALGARY PARKS,CALGARY PARKS,,ACTIVE,[-114.20635      51.05548804]
2719,,COMMUNITY PARK,1,TITLED,NO BREAKDOWN,CULTURALLY SIGNIFICANT SITE,,CAR002,,CALGARY PARKS SHARED,CALGARY PARKS SHARED,,ACTIVE,[-114.08359047   51.18030506]
2720,CARTIER PARK,NEIGHBOURHOOD PARK,1,TITLED,NO BREAKDOWN,CULTURALLY SIGNIFICANT SITE,,UMR289,,CALGARY PARKS,CALGARY PARKS,,ACTIVE,[-114.08560234   51.02688133]
2721,HEFFERNAN PARK,SUBNEIGHBOURHOOD PARK,1,TITLED,NO BREAKDOWN,,,NHV814,,CALGARY PARKS,CALGARY PARKS,,ACTIVE,[-114.08794028   51.09348457]
2722,,DISTRICT PARK,1,TITLED,NO BREAKDOWN,CULTURALLY SIGNIFICANT SITE,,ROY394,,CALGARY PARKS SHARED,CALGARY PARKS,,ACTIVE,[-114.22381182   51.1439307 ]
2723,,SUBNEIGHBOURHOOD PARK,1,TITLED,NO BREAKDOWN,CULTURALLY SIGNIFICANT SITE,,BED682,,CALGARY PARKS,CALGARY PARKS,,ACTIVE,[-114.07283572   51.1329296 ]
2724,INUKSHUK PARK,SUBNEIGHBOURHOOD PARK,1,TITLED,NO BREAKDOWN,,,MCT775,,CALGARY PARKS,CALGARY PARKS SHARED,"MAINTAINED AS PER LANDSCAPE MAINTENANCE AGREEMENT, EXPIRES 2042/12/31; SEE PARIS_REPOSITORY\AGREEMENTS\LANDSCAPE_MAINTENANCE_AGREEMENT",ACTIVE,[-113.97252013   50.92641987]
2725,,SUBNEIGHBOURHOOD PARK,1,TITLED,NO BREAKDOWN,,,MRT109,,CALGARY PARKS,CALGARY PARKS,,ACTIVE,[-113.96105708   51.12101348]
2726,,SUBNEIGHBOURHOOD PARK,1,TITLED,NO BREAKDOWN,CULTURALLY SIGNIFICANT SITE,,SCE411,,CALGARY PARKS,CALGARY PARKS SHARED,"MAINTAINED AS PER LANDSCAPE MAINTENANCE AGREEMENT, EXPIRES 2042/12/31; SEE PARIS_REPOSITORY\AGREEMENTS\LANDSCAPE_MAINTENANCE_AGREEMENT",ACTIVE,[-114.22877918   51.12305272]
2727,,SUBNEIGHBOURHOOD PARK,1,TITLED,NO BREAKDOWN,CULTURALLY SIGNIFICANT SITE,,PKL568,,CALGARY PARKS,CALGARY PARKS,,ACTIVE,[-114.04164286   50.92952353]
2728,,SUBNEIGHBOURHOOD PARK,1,TITLED,NO BREAKDOWN,CULTURALLY SIGNIFICANT SITE,,PKL574,,CALGARY PARKS,CALGARY PARKS,,ACTIVE,[-114.03676445   50.93014505]
2729,,SUBNEIGHBOURHOOD PARK,1,TITLED,NO BREAKDOWN,,,SCE270,,CALGARY PARKS,CALGARY PARKS SHARED,"MAINTAINED AS PER LANDSCAPE MAINTENANCE AGREEMENT, EXPIRES 2042/12/31; SEE PARIS_REPOSITORY\AGREEMENTS\LANDSCAPE_MAINTENANCE_AGREEMENT",ACTIVE,[-114.20789134   51.11694233]
2730,,SUBNEIGHBOURHOOD PARK,1,TITLED,NO BREAKDOWN,CULTURALLY SIGNIFICANT SITE,,SCE359,,CALGARY PARKS,CALGARY PARKS SHARED,"MAINTAINED AS PER LANDSCAPE MAINTENANCE AGREEMENT, EXPIRES 2042/12/31; SEE PARIS_REPOSITORY\AGREEMENTS\LANDSCAPE_MAINTENANCE_AGREEMENT",ACTIVE,[-114.22326855   51.12324394]
2731,,SUBNEIGHBOURHOOD PARK,1,TITLED,NO BREAKDOWN,CULTURALLY SIGNIFICANT SITE,,SCE363,,CALGARY PARKS,CALGARY PARKS SHARED,"MAINTAINED AS PER LANDSCAPE MAINTENANCE AGREEMENT, EXPIRES 2042/12/31; SEE PARIS_REPOSITORY\AGREEMENTS\LANDSCAPE_MAINTENANCE_AGREEMENT",ACTIVE,[-114.22217442   51.12094515]
2732,,SUBNEIGHBOURHOOD PARK,1,TITLED,NO BREAKDOWN,,,TEM058,,CALGARY PARKS,CALGARY PARKS,,ACTIVE,[-113.95384401   51.0939464 ]
2733,SETON PARK,COMMUNITY PARK,1,TITLED,NO BREAKDOWN,,,SET010,,CALGARY PARKS,CALGARY PARKS SHARED,,ACTIVE,[-113.94908425   50.87793345]
2734,IRISH CULTURAL CENTRE; BOWNESS SENIERS CENTRE,SUBNEIGHBOURHOOD PARK,1,TITLED,NO BREAKDOWN,CULTURALLY SIGNIFICANT SITE,SITE SPLIT BOW205,BOW205,,CALGARY PARKS SHARED,CALGARY PARKS SHARED,,ACTIVE,[-114.18217536   51.08462953]
2735,CALGARY RUGBY UNION,DISTRICT PARK,1,TITLED,NO BREAKDOWN,CULTURALLY SIGNIFICANT SITE,,SHI012,,CALGARY PARKS SHARED,CALGARY PARKS SHARED,CALGARY RUGBY UNION,ACTIVE,[-113.99278443   50.97116159]
2736,,SUBNEIGHBOURHOOD PARK,1,TITLED,NO BREAKDOWN,,,MAL503,,CALGARY PARKS,CALGARY PARKS,,ACTIVE,[-114.01212      51.05781048]
2737,,SUBNEIGHBOURHOOD PARK,1,TITLED,NO BREAKDOWN,,,MAL508,,CALGARY PARKS,CALGARY PARKS,,ACTIVE,[-114.00483808   51.06467949]
2738,,SUBNEIGHBOURHOOD PARK,1,TITLED,NO BREAKDOWN,,,MLI972,,CALGARY PARKS,CALGARY PARKS,,ACTIVE,[-114.00935167   51.04681316]
2739,,SUBNEIGHBOURHOOD PARK,1,TITLED,NO BREAKDOWN,,,HAW044,,CALGARY PARKS,CALGARY PARKS,,ACTIVE,[-114.17158527   51.12697358]
2740,,NON-PARK,1,TITLED,NO BREAKDOWN,,,SDC611,,CALGARY PARKS,CALGARY PARKS,,ACTIVE,[-114.03807718   50.8959798 ]
2741,,SUBNEIGHBOURHOOD PARK,1,TITLED,NO BREAKDOWN,CULTURALLY SIGNIFICANT SITE,,CAN348,,CALGARY PARKS,CALGARY PARKS,,ACTIVE,[-114.0896044    50.94121083]
2742,,SUBNEIGHBOURHOOD PARK,1,TITLED,NO BREAKDOWN,,,CAS078,,CALGARY PARKS,CALGARY PARKS,,ACTIVE,[-113.96196391   51.10228209]
2743,MANMEET SINGH BHULLAR PARK,REGIONAL PARK,2,NON TITLED,EA - PARKS EASEMENT,,,TAR003,TARADALE GREENWAY,CALGARY PARKS SHARED,CALGARY PARKS SHARED,2020/06/22: SEE REPOSITORY FOR MINISTERIAL CONSENT CERTIFICATE OF COMPLIANCE FORM R:\Subdivision_Development\CAPITAL_PROJECT_APPROVAL_DOCUMENTS\TARADALE\TAR003_MANMEET_SINGH_BHULLAR_PARK,ACTIVE,[-113.92523008   51.11145321]
2744,,SUBNEIGHBOURHOOD PARK,1,TITLED,NO BREAKDOWN,CULTURALLY SIGNIFICANT SITE,,CGR216,,CALGARY PARKS,CALGARY PARKS,,ACTIVE,[-114.19178275   51.06825896]
2745,,SUBNEIGHBOURHOOD PARK,1,TITLED,NO BREAKDOWN,,,MCT835,,CALGARY PARKS,CALGARY PARKS SHARED,"MAINTAINED AS PER LANDSCAPE MAINTENANCE AGREEMENT, EXPIRES 2042/12/31; SEE PARIS_REPOSITORY\AGREEMENTS\LANDSCAPE_MAINTENANCE_AGREEMENT",ACTIVE,[-113.96158203   50.91362795]
2746,,SUBNEIGHBOURHOOD PARK,1,TITLED,NO BREAKDOWN,,,BNF322,,CALGARY PARKS,CALGARY PARKS SHARED,,ACTIVE,[-114.10944981   51.06981884]
2747,,SUBNEIGHBOURHOOD PARK,1,TITLED,NO BREAKDOWN,,,MCT837,,CALGARY PARKS,CALGARY PARKS SHARED,"MAINTAINED AS PER LANDSCAPE MAINTENANCE AGREEMENT, EXPIRES 2042/12/31; SEE PARIS_REPOSITORY\AGREEMENTS\LANDSCAPE_MAINTENANCE_AGREEMENT",ACTIVE,[-113.97340275   50.907368  ]
2748,,SUBNEIGHBOURHOOD PARK,1,TITLED,NO BREAKDOWN,,,BNF327,,CALGARY PARKS,CALGARY PARKS,,ACTIVE,[-114.12013698   51.08020183]
2749,MEADOWLARK CMTY ASSOC,SUBNEIGHBOURHOOD PARK,1,TITLED,NO BREAKDOWN,,,MEA369,,CALGARY PARKS,CALGARY PARKS,,ACTIVE,[-114.07916953   51.00099841]
2750,,SUBNEIGHBOURHOOD PARK,1,TITLED,NO BREAKDOWN,,,HIW857,,CALGARY PARKS,CALGARY PARKS,,ACTIVE,[-114.08692664   51.09093177]
2751,,SUBNEIGHBOURHOOD PARK,1,TITLED,NO BREAKDOWN,,,HIW858,,CALGARY PARKS,CALGARY PARKS,,ACTIVE,[-114.0817221    51.09250087]
2752,,SUBNEIGHBOURHOOD PARK,1,TITLED,NO BREAKDOWN,,,SDC624,,CALGARY PARKS,CALGARY PARKS,,ACTIVE,[-114.04040168   50.89440476]
2753,,SUBNEIGHBOURHOOD PARK,1,TITLED,NO BREAKDOWN,,,SFH015,,CALGARY PARKS,CALGARY PARKS,,ACTIVE,[-113.97416546   50.96567259]
2754,,SUBNEIGHBOURHOOD PARK,1,TITLED,NO BREAKDOWN,,,ACA199,,CALGARY PARKS,CALGARY PARKS,,ACTIVE,[-114.0513251    50.97873197]
2755,INGLEWOOD RIVER PROMENADE; DEANE HOUSE,NEIGHBOURHOOD PARK,1,TITLED,NO BREAKDOWN,CULTURALLY SIGNIFICANT SITE,SITE SPLIT ING012,ING012,,CALGARY PARKS SHARED,CALGARY PARKS,,ACTIVE,[-114.03834364   51.0442123 ]
2756,,SUBNEIGHBOURHOOD PARK,1,TITLED,NO BREAKDOWN,,,ABB571,,CALGARY PARKS,CALGARY PARKS,,ACTIVE,[-113.93305332   51.05117973]
2757,,SUBNEIGHBOURHOOD PARK,1,TITLED,NO BREAKDOWN,,,APP574,,CALGARY PARKS,CALGARY PARKS,,ACTIVE,[-113.9264219    51.04283038]
2758,,SUBNEIGHBOURHOOD PARK,1,TITLED,NO BREAKDOWN,,,APP902,,CALGARY PARKS,CALGARY PARKS,,ACTIVE,[-113.93144594   51.04921611]
2759,,SUBNEIGHBOURHOOD PARK,1,TITLED,NO BREAKDOWN,,,ALB625,,CALGARY PARKS,CALGARY PARKS,,ACTIVE,[-113.98512116   51.04961116]
2760,,SUBNEIGHBOURHOOD PARK,1,TITLED,NO BREAKDOWN,,,MAL499,,CALGARY PARKS,CALGARY PARKS,,ACTIVE,[-114.00695164   51.05487321]
2761,NORTH MOUNT PLEASANT ARTS CENTRE,SUBNEIGHBOURHOOD PARK,1,TITLED,NO BREAKDOWN,CULTURALLY SIGNIFICANT SITE,,MOP772,,CALGARY PARKS SHARED,CALGARY PARKS SHARED,,ACTIVE,[-114.07279334   51.0765388 ]
2762,MOUNT PLEASANT POOL,SUBNEIGHBOURHOOD PARK,1,TITLED,NO BREAKDOWN,,,MOP856,,CALGARY PARKS,CALGARY PARKS,,ACTIVE,[-114.0751048    51.07294466]
2763,HIGHLAND COMMUNITY CENTRE,SUBNEIGHBOURHOOD PARK,1,TITLED,NO BREAKDOWN,,,HPK820,,CALGARY PARKS SHARED,CALGARY PARKS SHARED,,ACTIVE,[-114.06602252   51.08530317]
2764,,SUBNEIGHBOURHOOD PARK,1,TITLED,NO BREAKDOWN,,,HUN585,,CALGARY PARKS,CALGARY PARKS,,ACTIVE,[-114.07293195   51.11346543]
2765,,SUBNEIGHBOURHOOD PARK,1,TITLED,NO BREAKDOWN,,,WBN431,,CALGARY PARKS,CALGARY PARKS,,ACTIVE,[-114.13767044   50.94326082]
2766,BRIDLEWOOD WETLANDS,COMMUNITY PARK,1,TITLED,NO BREAKDOWN,,,BRI673,,CALGARY PARKS SHARED,CALGARY PARKS SHARED,,ACTIVE,[-114.09641701   50.90044849]
2767,,SUBNEIGHBOURHOOD PARK,1,TITLED,NO BREAKDOWN,,,WHI013,,CALGARY PARKS,CALGARY PARKS,,ACTIVE,[-113.97598563   51.08343798]
2768,STRATHCONA RAVINES,DISTRICT PARK,1,TITLED,NO BREAKDOWN,CULTURALLY SIGNIFICANT SITE,SITE SPLIT CHR813,CHR813,,CALGARY PARKS,CALGARY PARKS SHARED,"MAINTAINED AS PER LANDSCAPE MAINTENANCE AGREEMENT, EXPIRES 2042/12/31; SEE PARIS_REPOSITORY\AGREEMENTS\LANDSCAPE_MAINTENANCE_AGREEMENT",ACTIVE,[-114.17918952   51.04256196]
2769,,SUBNEIGHBOURHOOD PARK,1,TITLED,NO BREAKDOWN,,,HUN629,,CALGARY PARKS,CALGARY PARKS,,ACTIVE,[-114.05738978   51.12210386]
2770,,SUBNEIGHBOURHOOD PARK,1,TITLED,NO BREAKDOWN,,,CAM811,,CALGARY PARKS,CALGARY PARKS,,ACTIVE,[-114.09389072   51.08898303]
2771,,SUBNEIGHBOURHOOD PARK,1,TITLED,NO BREAKDOWN,,,HUN727,,CALGARY PARKS,CALGARY PARKS,,ACTIVE,[-114.08753831   51.12289542]
2772,NORTH TUSCANY RAVINES,SUBNEIGHBOURHOOD PARK,1,TITLED,NO BREAKDOWN,CULTURALLY SIGNIFICANT SITE,,TUS641,,CALGARY PARKS,CALGARY PARKS SHARED,"MAINTAINED AS PER LANDSCAPE MAINTENANCE AGREEMENT, EXPIRES 2042/12/31; SEE PARIS_REPOSITORY\AGREEMENTS\LANDSCAPE_MAINTENANCE_AGREEMENT",ACTIVE,[-114.25263416   51.13496401]
2773,,SUBNEIGHBOURHOOD PARK,1,TITLED,NO BREAKDOWN,CULTURALLY SIGNIFICANT SITE,,MAC820,,CALGARY PARKS,CALGARY PARKS,,ACTIVE,[-114.11811616   51.13264753]
2774,,SUBNEIGHBOURHOOD PARK,1,TITLED,NO BREAKDOWN,,,GAW632,,CALGARY PARKS,CALGARY PARKS,,ACTIVE,[-114.11412449   51.0214067 ]
2775,,SUBNEIGHBOURHOOD PARK,1,TITLED,NO BREAKDOWN,CULTURALLY SIGNIFICANT SITE,,DDG712,,CALGARY PARKS,CALGARY PARKS SHARED,"MAINTAINED AS PER LANDSCAPE MAINTENANCE AGREEMENT, EXPIRES 2042/12/31; SEE PARIS_REPOSITORY\AGREEMENTS\LANDSCAPE_MAINTENANCE_AGREEMENT",ACTIVE,[-114.00914565   50.9448487 ]
2776,,SUBNEIGHBOURHOOD PARK,1,TITLED,NO BREAKDOWN,,,DDG715,,CALGARY PARKS,CALGARY PARKS SHARED,"MAINTAINED AS PER LANDSCAPE MAINTENANCE AGREEMENT, EXPIRES 2042/12/31; SEE PARIS_REPOSITORY\AGREEMENTS\LANDSCAPE_MAINTENANCE_AGREEMENT",ACTIVE,[-113.97957707   50.94000488]
2777,,SUBNEIGHBOURHOOD PARK,1,TITLED,NO BREAKDOWN,CULTURALLY SIGNIFICANT SITE,,COV929,,CALGARY PARKS,CALGARY PARKS,,ACTIVE,[-114.04836386   51.15587247]
2778,,SUBNEIGHBOURHOOD PARK,1,TITLED,NO BREAKDOWN,,,FAI206,,CALGARY PARKS,CALGARY PARKS,,ACTIVE,[-114.05645863   50.9872891 ]
2779,GLENBROOK COMMUNITY ASSOC,SUBNEIGHBOURHOOD PARK,1,TITLED,NO BREAKDOWN,,,GBK608,,CALGARY PARKS,CALGARY PARKS SHARED,,ACTIVE,[-114.15186917   51.02352258]
2780,,SUBNEIGHBOURHOOD PARK,1,TITLED,NO BREAKDOWN,,,RIC968,,CALGARY PARKS SHARED,CALGARY PARKS,,ACTIVE,[-114.11729224   51.0322781 ]
2781,,SUBNEIGHBOURHOOD PARK,1,TITLED,NO BREAKDOWN,CULTURALLY SIGNIFICANT SITE,,QLD516,,CALGARY PARKS,CALGARY PARKS,,ACTIVE,[-114.02172847   50.9360164 ]
2782,,SUBNEIGHBOURHOOD PARK,1,TITLED,NO BREAKDOWN,,,HID516,,CALGARY PARKS,CALGARY PARKS,,ACTIVE,[-114.1070483   51.1457475]
2783,,NEIGHBOURHOOD PARK,1,TITLED,NO BREAKDOWN,,,NOL005,,CALGARY PARKS,CALGARY PARKS,,ACTIVE,[-114.17040193   51.17634869]
2784,,SUBNEIGHBOURHOOD PARK,1,TITLED,NO BREAKDOWN,,,NOL006,,CALGARY PARKS,CALGARY PARKS,,ACTIVE,[-114.17225091   51.17260935]
2785,,NEIGHBOURHOOD PARK,1,TITLED,NO BREAKDOWN,,CONFIRM RP DATA,SAD319,,CALGARY PARKS,CALGARY PARKS,,ACTIVE,[-113.930763     51.13111957]
2786,,SUBNEIGHBOURHOOD PARK,1,TITLED,NO BREAKDOWN,CULTURALLY SIGNIFICANT SITE,,VAL714,,CALGARY PARKS,CALGARY PARKS SHARED,"MAINTAINED AS PER LANDSCAPE MAINTENANCE AGREEMENT, EXPIRES 2042/12/31; SEE PARIS_REPOSITORY\AGREEMENTS\LANDSCAPE_MAINTENANCE_AGREEMENT",ACTIVE,[-114.26923068   51.09177028]
2787,,SUBNEIGHBOURHOOD PARK,1,TITLED,NO BREAKDOWN,CULTURALLY SIGNIFICANT SITE,,WSP494,,CALGARY PARKS,CALGARY PARKS,,ACTIVE,[-114.19433172   51.06503655]
2788,,SUBNEIGHBOURHOOD PARK,1,TITLED,NO BREAKDOWN,,,WGT761,,CALGARY PARKS,CALGARY PARKS,,ACTIVE,[-114.15825052   51.04635914]
2789,,SUBNEIGHBOURHOOD PARK,1,TITLED,NO BREAKDOWN,,,UNI205,,CALGARY PARKS,CALGARY PARKS,,ACTIVE,[-114.13519155   51.07419351]
2790,,SUBNEIGHBOURHOOD PARK,1,TITLED,NO BREAKDOWN,,,UNI203,,CALGARY PARKS,CALGARY PARKS,,ACTIVE,[-114.13286419   51.07419138]
2791,,SUBNEIGHBOURHOOD PARK,1,TITLED,NO BREAKDOWN,,2017/08/04: TRANSFERRED TO PARK FROM ROADS,WIL164,,CALGARY PARKS,CALGARY PARKS,,ACTIVE,[-114.06082484   50.95388129]
2792,,SUBNEIGHBOURHOOD PARK,1,TITLED,NO BREAKDOWN,CULTURALLY SIGNIFICANT SITE,,VAR111,,CALGARY PARKS,CALGARY PARKS,,ACTIVE,[-114.16459966   51.08906728]
2793,,SUBNEIGHBOURHOOD PARK,1,TITLED,NO BREAKDOWN,,,UNI201,,CALGARY PARKS,CALGARY PARKS,,ACTIVE,[-114.13237246   51.07418629]
2794,,SUBNEIGHBOURHOOD PARK,1,TITLED,NO BREAKDOWN,,,UNI200,,CALGARY PARKS,CALGARY PARKS,,ACTIVE,[-114.1313981    51.07419929]
2795,,SUBNEIGHBOURHOOD PARK,1,TITLED,NO BREAKDOWN,,,UNI209,,CALGARY PARKS,CALGARY PARKS,,ACTIVE,[-114.13815705   51.07419822]
2796,,SUBNEIGHBOURHOOD PARK,1,TITLED,NO BREAKDOWN,,,UNI207,,CALGARY PARKS,CALGARY PARKS,,ACTIVE,[-114.13591964   51.07418525]
2797,,SUBNEIGHBOURHOOD PARK,1,TITLED,NO BREAKDOWN,,,EPK259,,CALGARY PARKS,CALGARY PARKS,,ACTIVE,[-114.08644958   51.02085022]
2798,,NON-PARK,1,TITLED,NO BREAKDOWN,CULTURALLY SIGNIFICANT SITE,SITE SPLIT GPK023: PORTION OF GPK023 WAS ADDED TO NEW SITE GPK500,EAG026,,CALGARY PARKS,OUTSIDE AGENCY,ROCKY VIEW HOSPITAL PARKING LOT. NOT PARKS MAINTAINED,ACTIVE,[-114.09598705   50.99197479]
2799,,SUBNEIGHBOURHOOD PARK,1,TITLED,NO BREAKDOWN,CULTURALLY SIGNIFICANT SITE,,EVE955,,CALGARY PARKS,CALGARY PARKS,,ACTIVE,[-114.09914959   50.92934042]
2800,,SUBNEIGHBOURHOOD PARK,1,TITLED,NO BREAKDOWN,,,MRT312,,CALGARY PARKS,CALGARY PARKS,,ACTIVE,[-113.96435539   51.12020111]
2801,,SUBNEIGHBOURHOOD PARK,1,TITLED,NO BREAKDOWN,,,CRA025,,CALGARY PARKS,CALGARY PARKS,,ACTIVE,[-113.97798069   50.89543838]
2802,,SUBNEIGHBOURHOOD PARK,1,TITLED,NO BREAKDOWN,CULTURALLY SIGNIFICANT SITE,,DDG757,,CALGARY PARKS,CALGARY PARKS SHARED,"MAINTAINED AS PER LANDSCAPE MAINTENANCE AGREEMENT, EXPIRES 2042/12/31; SEE PARIS_REPOSITORY\AGREEMENTS\LANDSCAPE_MAINTENANCE_AGREEMENT",ACTIVE,[-113.98784318   50.93331188]
2803,,SUBNEIGHBOURHOOD PARK,1,TITLED,NO BREAKDOWN,,,MPK535,,CALGARY PARKS,CALGARY PARKS,,ACTIVE,[-113.95174169   51.05567662]
2804,,SUBNEIGHBOURHOOD PARK,1,TITLED,NO BREAKDOWN,,,ROC192,,CALGARY PARKS,CALGARY PARKS,,ACTIVE,[-114.25540196   51.15122541]
2805,,DISTRICT PARK,1,TITLED,NO BREAKDOWN,CULTURALLY SIGNIFICANT SITE,,NOL003,,CALGARY PARKS,CALGARY PARKS SHARED,,ACTIVE,[-114.16554383   51.17094851]
2806,,SUBNEIGHBOURHOOD PARK,1,TITLED,NO BREAKDOWN,,,MPK547,,CALGARY PARKS,CALGARY PARKS,,ACTIVE,[-113.93843689   51.05616679]
2807,,SUBNEIGHBOURHOOD PARK,1,TITLED,NO BREAKDOWN,,,MPK549,,CALGARY PARKS,CALGARY PARKS,,ACTIVE,[-113.94682356   51.05467161]
2808,MCLAURIN VILLAGE PARK,SUBNEIGHBOURHOOD PARK,1,TITLED,NO BREAKDOWN,,,VAR337,,CALGARY PARKS,CALGARY PARKS,,ACTIVE,[-114.14043514   51.08890035]
2809,,NEIGHBOURHOOD PARK,1,TITLED,NO BREAKDOWN,CULTURALLY SIGNIFICANT SITE,,HSN002,,CALGARY PARKS,CALGARY PARKS SHARED,,ACTIVE,[-114.2704426   51.1111477]
2810,,SUBNEIGHBOURHOOD PARK,1,TITLED,NO BREAKDOWN,CULTURALLY SIGNIFICANT SITE,,CGR224,,CALGARY PARKS,CALGARY PARKS,,ACTIVE,[-114.20987023   51.07182615]
2811,,SUBNEIGHBOURHOOD PARK,1,TITLED,NO BREAKDOWN,,,DAL072,,CALGARY PARKS,CALGARY PARKS,,ACTIVE,[-114.16577102   51.11768063]
2812,,SUBNEIGHBOURHOOD PARK,1,TITLED,NO BREAKDOWN,,,DAL199,,CALGARY PARKS,CALGARY PARKS,,ACTIVE,[-114.1668727    51.10805573]
2813,,SUBNEIGHBOURHOOD PARK,1,TITLED,NO BREAKDOWN,,,MAN373,,CALGARY PARKS,CALGARY PARKS,2012/06/12: LEASE EXPIRED 2001 OCTOBER AS PER STRATEGIC PLANNING & POLICY IN RECREATION; EMAIL SENT TO IIS TO REMOVE,ACTIVE,[-114.06744983   51.00360703]
2814,,SUBNEIGHBOURHOOD PARK,1,TITLED,NO BREAKDOWN,CULTURALLY SIGNIFICANT SITE,,MID369,,CALGARY PARKS,CALGARY PARKS,,ACTIVE,[-114.05316296   50.91663338]
2815,,SUBNEIGHBOURHOOD PARK,1,TITLED,NO BREAKDOWN,,,MID381,,CALGARY PARKS,CALGARY PARKS,,ACTIVE,[-114.05659317   50.91100327]
2816,,SUBNEIGHBOURHOOD PARK,1,TITLED,NO BREAKDOWN,,,LKB509,,CALGARY PARKS,CALGARY PARKS,,ACTIVE,[-114.04470264   50.94257789]
2817,,SUBNEIGHBOURHOOD PARK,1,TITLED,NO BREAKDOWN,,,DAL071,,CALGARY PARKS,CALGARY PARKS,,ACTIVE,[-114.17027057   51.11423242]
2818,,SUBNEIGHBOURHOOD PARK,1,TITLED,NO BREAKDOWN,,,MER003,,CALGARY PARKS,CALGARY PARKS,,ACTIVE,[-113.9994654    51.04770041]
2819,,SUBNEIGHBOURHOOD PARK,1,TITLED,NO BREAKDOWN,,,MLR410,,CALGARY PARKS,CALGARY PARKS,,ACTIVE,[-114.09696596   50.91500186]
2820,,SUBNEIGHBOURHOOD PARK,1,TITLED,NO BREAKDOWN,CULTURALLY SIGNIFICANT SITE,,EDG144,,CALGARY PARKS,CALGARY PARKS SHARED,"MAINTAINED AS PER LANDSCAPE MAINTENANCE AGREEMENT, EXPIRES 2042/12/31; SEE PARIS_REPOSITORY\AGREEMENTS\LANDSCAPE_MAINTENANCE_AGREEMENT",ACTIVE,[-114.15520612   51.11770296]
2821,,SUBNEIGHBOURHOOD PARK,1,TITLED,NO BREAKDOWN,,,EDG154,,CALGARY PARKS,CALGARY PARKS SHARED,"MAINTAINED AS PER LANDSCAPE MAINTENANCE AGREEMENT, EXPIRES 2042/12/31; SEE PARIS_REPOSITORY\AGREEMENTS\LANDSCAPE_MAINTENANCE_AGREEMENT",ACTIVE,[-114.14974775   51.130206  ]
2822,,SUBNEIGHBOURHOOD PARK,1,TITLED,NO BREAKDOWN,CULTURALLY SIGNIFICANT SITE,,EDG156,,CALGARY PARKS,CALGARY PARKS SHARED,"MAINTAINED AS PER LANDSCAPE MAINTENANCE AGREEMENT, EXPIRES 2042/12/31; SEE PARIS_REPOSITORY\AGREEMENTS\LANDSCAPE_MAINTENANCE_AGREEMENT",ACTIVE,[-114.13227745   51.13100646]
2823,,SUBNEIGHBOURHOOD PARK,1,TITLED,NO BREAKDOWN,CULTURALLY SIGNIFICANT SITE,,DAL091,,CALGARY PARKS,CALGARY PARKS,,ACTIVE,[-114.14429836   51.10856202]
2824,,SUBNEIGHBOURHOOD PARK,1,TITLED,NO BREAKDOWN,,,ROC001,,CALGARY PARKS,CALGARY PARKS,,ACTIVE,[-114.24027546   51.15065646]
2825,,SUBNEIGHBOURHOOD PARK,1,TITLED,NO BREAKDOWN,CULTURALLY SIGNIFICANT SITE,,RIV846,,CALGARY PARKS,CALGARY PARKS,,ACTIVE,[-114.02718532   50.97665278]
2826,,SUBNEIGHBOURHOOD PARK,1,TITLED,NO BREAKDOWN,,,VAR332,,CALGARY PARKS,CALGARY PARKS,,ACTIVE,[-114.15017451   51.09600929]
2827,,SUBNEIGHBOURHOOD PARK,1,TITLED,NO BREAKDOWN,,,SVO858,,CALGARY PARKS,CALGARY PARKS SHARED,,ACTIVE,[-114.07591875   50.87941453]
2828,,SUBNEIGHBOURHOOD PARK,1,TITLED,NO BREAKDOWN,CULTURALLY SIGNIFICANT SITE,,SOV768,,CALGARY PARKS,CALGARY PARKS,,ACTIVE,[-113.99229723   51.03181932]
2829,,SUBNEIGHBOURHOOD PARK,1,TITLED,NO BREAKDOWN,,,UNI199,,CALGARY PARKS,CALGARY PARKS,,ACTIVE,[-114.12877717   51.07364531]
2830,,SUBNEIGHBOURHOOD PARK,1,TITLED,NO BREAKDOWN,,,VAR345,,CALGARY PARKS,CALGARY PARKS,,ACTIVE,[-114.14532682   51.08953772]
2831,,SUBNEIGHBOURHOOD PARK,1,TITLED,NO BREAKDOWN,,,WIL181,,CALGARY PARKS,CALGARY PARKS,,ACTIVE,[-114.04138599   50.95636746]
2832,MEDICINE HILL / PASKAPOO SLOPES,REGIONAL PARK,1,TITLED,NO BREAKDOWN,CULTURALLY SIGNIFICANT SITE,SITE SPLIT MDH002,MDH002,,CALGARY PARKS,CALGARY PARKS,FUTURE REGIONAL PARK,ACTIVE,[-114.20201425   51.07948714]
2833,MT ROYAL CMTY ASSOC,SUBNEIGHBOURHOOD PARK,1,TITLED,NO BREAKDOWN,CULTURALLY SIGNIFICANT SITE,,UMR308,,CALGARY PARKS,CALGARY PARKS,,ACTIVE,[-114.08598091   51.03217956]
2834,,SUBNEIGHBOURHOOD PARK,1,TITLED,NO BREAKDOWN,,,WIL168,,CALGARY PARKS,CALGARY PARKS,,ACTIVE,[-114.06626383   50.9625543 ]
2835,,SUBNEIGHBOURHOOD PARK,1,TITLED,NO BREAKDOWN,CULTURALLY SIGNIFICANT SITE,,WIL179,,CALGARY PARKS,CALGARY PARKS,,ACTIVE,[-114.04124592   50.9537752 ]
2836,,SUBNEIGHBOURHOOD PARK,1,TITLED,NO BREAKDOWN,,,WHI017,,CALGARY PARKS,CALGARY PARKS,,ACTIVE,[-113.97486928   51.08964863]
2837,,SUBNEIGHBOURHOOD PARK,1,TITLED,NO BREAKDOWN,,,WGT753,,CALGARY PARKS,CALGARY PARKS,,ACTIVE,[-114.15420928   51.04144205]
2838,,SUBNEIGHBOURHOOD PARK,1,TITLED,NO BREAKDOWN,CULTURALLY SIGNIFICANT SITE,,VAR099,,CALGARY PARKS,CALGARY PARKS,,ACTIVE,[-114.171054     51.10568413]
2839,,SUBNEIGHBOURHOOD PARK,1,TITLED,NO BREAKDOWN,,,WIN798,,CALGARY PARKS,CALGARY PARKS,,ACTIVE,[-114.04526593   51.06918411]
2840,,SUBNEIGHBOURHOOD PARK,1,TITLED,NO BREAKDOWN,,,OAK977,,CALGARY PARKS,CALGARY PARKS,,ACTIVE,[-114.12023422   50.96501723]
2841,,SUBNEIGHBOURHOOD PARK,1,TITLED,NO BREAKDOWN,,,RAN142,,CALGARY PARKS,CALGARY PARKS,,ACTIVE,[-114.19465968   51.12136847]
2842,,SUBNEIGHBOURHOOD PARK,1,TITLED,NO BREAKDOWN,,,RAN019,,CALGARY PARKS,CALGARY PARKS,,ACTIVE,[-114.1952208    51.12657798]
2843,,SUBNEIGHBOURHOOD PARK,1,TITLED,NO BREAKDOWN,,,MRT108,,CALGARY PARKS,CALGARY PARKS,,ACTIVE,[-113.96185479   51.12344498]
2844,,SUBNEIGHBOURHOOD PARK,1,TITLED,NO BREAKDOWN,,,SCE273,,CALGARY PARKS,CALGARY PARKS SHARED,"MAINTAINED AS PER LANDSCAPE MAINTENANCE AGREEMENT, EXPIRES 2042/12/31; SEE PARIS_REPOSITORY\AGREEMENTS\LANDSCAPE_MAINTENANCE_AGREEMENT",ACTIVE,[-114.20900837   51.12016779]
2845,,SUBNEIGHBOURHOOD PARK,1,TITLED,NO BREAKDOWN,,,SCE361,,CALGARY PARKS,CALGARY PARKS SHARED,"MAINTAINED AS PER LANDSCAPE MAINTENANCE AGREEMENT, EXPIRES 2042/12/31; SEE PARIS_REPOSITORY\AGREEMENTS\LANDSCAPE_MAINTENANCE_AGREEMENT",ACTIVE,[-114.22155744   51.11304863]
2846,,SUBNEIGHBOURHOOD PARK,1,TITLED,NO BREAKDOWN,CULTURALLY SIGNIFICANT SITE,,SCE435,,CALGARY PARKS,CALGARY PARKS SHARED,"MAINTAINED AS PER LANDSCAPE MAINTENANCE AGREEMENT, EXPIRES 2042/12/31; SEE PARIS_REPOSITORY\AGREEMENTS\LANDSCAPE_MAINTENANCE_AGREEMENT",ACTIVE,[-114.22281196   51.12510058]
2847,,SUBNEIGHBOURHOOD PARK,1,TITLED,NO BREAKDOWN,,,SIG724,,CALGARY PARKS,CALGARY PARKS,,ACTIVE,[-114.17364542   51.03362435]
2848,,SUBNEIGHBOURHOOD PARK,1,TITLED,NO BREAKDOWN,,,UNI511,,CALGARY PARKS,CALGARY PARKS,,ACTIVE,[-114.13847748   51.06985017]
2849,,SUBNEIGHBOURHOOD PARK,1,TITLED,NO BREAKDOWN,,,WOO439,,CALGARY PARKS,CALGARY PARKS,,ACTIVE,[-114.11615359   50.94773182]
2850,,SUBNEIGHBOURHOOD PARK,1,TITLED,NO BREAKDOWN,CULTURALLY SIGNIFICANT SITE,,SAN646,,CALGARY PARKS,CALGARY PARKS,,ACTIVE,[-114.0956909    51.14224744]
2851,,SUBNEIGHBOURHOOD PARK,1,TITLED,NO BREAKDOWN,CULTURALLY SIGNIFICANT SITE,,BRE429,,CALGARY PARKS,CALGARY PARKS,,ACTIVE,[-114.13139361   51.10445481]
2852,,SUBNEIGHBOURHOOD PARK,1,TITLED,NO BREAKDOWN,,,BRE387,,CALGARY PARKS,CALGARY PARKS,,ACTIVE,[-114.13515796   51.10145489]
2853,,COMMUNITY PARK,1,TITLED,NO BREAKDOWN,,,SAD028,,CALGARY PARKS SHARED,DEVELOPER CONSTRUCTION,FUTURE SCHOOL SITE,ACTIVE,[-113.96032345   51.13566111]
2854,,SUBNEIGHBOURHOOD PARK,1,TITLED,NO BREAKDOWN,,,WBN426,,CALGARY PARKS,CALGARY PARKS,,ACTIVE,[-114.12042327   50.94340404]
2855,,SUBNEIGHBOURHOOD PARK,1,TITLED,NO BREAKDOWN,,,CED106,,CALGARY PARKS,CALGARY PARKS,,ACTIVE,[-114.12690478   50.95985285]
2856,,COMMUNITY PARK,1,TITLED,NO BREAKDOWN,CULTURALLY SIGNIFICANT SITE,,PCK014,,CALGARY PARKS,DEVELOPER CONSTRUCTION,,ACTIVE,[-114.07829811   50.86144649]
2857,SAGE HILL DEPOT,PARKS DEPOT,1,TITLED,NO BREAKDOWN,CULTURALLY SIGNIFICANT SITE,,SGH000,4420 SAGE HILL DR NW,CALGARY PARKS,CALGARY PARKS,PARKS DEPOT ON SITE; AS PER OLD DATABASE:UTILITY RIGHT OF WAY - ENMAX & CWN GAS; NMA;FAC DATE=DATE TITLED REGISTERED,ACTIVE,[-114.14023181   51.18234372]
2858,,SUBNEIGHBOURHOOD PARK,1,TITLED,NO BREAKDOWN,,,HAW080,,CALGARY PARKS,CALGARY PARKS SHARED,"MAINTAINED AS PER LANDSCAPE MAINTENANCE AGREEMENT, EXPIRES 2042/12/31; SEE PARIS_REPOSITORY\AGREEMENTS\LANDSCAPE_MAINTENANCE_AGREEMENT",ACTIVE,[-114.16537714   51.13555103]
2859,,SUBNEIGHBOURHOOD PARK,1,TITLED,NO BREAKDOWN,,,HAW135,,CALGARY PARKS,CALGARY PARKS SHARED,"MAINTAINED AS PER LANDSCAPE MAINTENANCE AGREEMENT, EXPIRES 2042/12/31; SEE PARIS_REPOSITORY\AGREEMENTS\LANDSCAPE_MAINTENANCE_AGREEMENT",ACTIVE,[-114.17153931   51.13343394]
2860,,SUBNEIGHBOURHOOD PARK,1,TITLED,NO BREAKDOWN,,,HAW170,,CALGARY PARKS,CALGARY PARKS SHARED,"MAINTAINED AS PER LANDSCAPE MAINTENANCE AGREEMENT, EXPIRES 2042/12/31; SEE PARIS_REPOSITORY\AGREEMENTS\LANDSCAPE_MAINTENANCE_AGREEMENT",ACTIVE,[-114.16822131   51.13583177]
2861,,SUBNEIGHBOURHOOD PARK,1,TITLED,NO BREAKDOWN,,,LKV504,,CALGARY PARKS,CALGARY PARKS,,ACTIVE,[-114.12716899   50.9926973 ]
2862,,SUBNEIGHBOURHOOD PARK,1,TITLED,NO BREAKDOWN,,,MOR380,,CALGARY PARKS,CALGARY PARKS,,ACTIVE,[-113.93323177   51.0865855 ]
2863,,SUBNEIGHBOURHOOD PARK,1,TITLED,NO BREAKDOWN,CULTURALLY SIGNIFICANT SITE,,RID264,,CALGARY PARKS,CALGARY PARKS,,ACTIVE,[-114.07129082   51.02478456]
2864,,SUBNEIGHBOURHOOD PARK,1,TITLED,NO BREAKDOWN,CULTURALLY SIGNIFICANT SITE,,SIG743,,CALGARY PARKS,CALGARY PARKS,,ACTIVE,[-114.17722365   51.03358938]
2865,,SUBNEIGHBOURHOOD PARK,1,TITLED,NO BREAKDOWN,CULTURALLY SIGNIFICANT SITE,,SHS425,,CALGARY PARKS,CALGARY PARKS,,ACTIVE,[-114.07994474   50.92566556]
2866,,SUBNEIGHBOURHOOD PARK,1,TITLED,NO BREAKDOWN,,,SOW219,,CALGARY PARKS,CALGARY PARKS,,ACTIVE,[-114.09105283   50.95358968]
2867,,SUBNEIGHBOURHOOD PARK,1,TITLED,NO BREAKDOWN,,,SOW234,,CALGARY PARKS,CALGARY PARKS,,ACTIVE,[-114.08640986   50.9637155 ]
2868,,SUBNEIGHBOURHOOD PARK,1,TITLED,NO BREAKDOWN,CULTURALLY SIGNIFICANT SITE,,SCE422,,CALGARY PARKS,CALGARY PARKS SHARED,"MAINTAINED AS PER LANDSCAPE MAINTENANCE AGREEMENT, EXPIRES 2042/12/31; SEE PARIS_REPOSITORY\AGREEMENTS\LANDSCAPE_MAINTENANCE_AGREEMENT",ACTIVE,[-114.22341426   51.11578195]
2869,,SUBNEIGHBOURHOOD PARK,1,TITLED,NO BREAKDOWN,CULTURALLY SIGNIFICANT SITE,,SAN826,,CALGARY PARKS,CALGARY PARKS,,ACTIVE,[-114.10395038   51.13551449]
2870,ANNIE GALE PARK,SUBNEIGHBOURHOOD PARK,1,TITLED,NO BREAKDOWN,CULTURALLY SIGNIFICANT SITE,,BRD874,,CALGARY PARKS,CALGARY PARKS,,ACTIVE,[-114.04460651   51.05127161]
2871,FLAT TOP PARK,SUBNEIGHBOURHOOD PARK,1,TITLED,NO BREAKDOWN,CULTURALLY SIGNIFICANT SITE,,OGD800,,CALGARY PARKS,CALGARY PARKS,,ACTIVE,[-114.01816336   50.98404498]
2872,,LINEAR PARK,1,TITLED,NO BREAKDOWN,CULTURALLY SIGNIFICANT SITE,,MID370,,CALGARY PARKS,CALGARY PARKS,,ACTIVE,[-114.04165777   50.9097963 ]
2873,,SUBNEIGHBOURHOOD PARK,1,TITLED,NO BREAKDOWN,,,BRD117,,CALGARY PARKS,CALGARY PARKS,,ACTIVE,[-114.05288255   51.05692057]
2874,MONTALBAN PARK,SUBNEIGHBOURHOOD PARK,1,TITLED,NO BREAKDOWN,CULTURALLY SIGNIFICANT SITE,,MON241,,CALGARY PARKS,CALGARY PARKS SHARED,,ACTIVE,[-114.16069239   51.08008467]
2875,,SUBNEIGHBOURHOOD PARK,1,TITLED,NO BREAKDOWN,,,BRI705,,CALGARY PARKS,CALGARY PARKS,,ACTIVE,[-114.10910744   50.89699139]
2876,TOM CAMPBELL'S HILL,DISTRICT PARK,1,TITLED,NO BREAKDOWN,CULTURALLY SIGNIFICANT SITE,,BRD890,,CALGARY PARKS SHARED,CALGARY PARKS,,ACTIVE,[-114.02894832   51.04979233]
2877,,SUBNEIGHBOURHOOD PARK,1,TITLED,NO BREAKDOWN,CULTURALLY SIGNIFICANT SITE,,BRT356,,CALGARY PARKS,CALGARY PARKS,,ACTIVE,[-114.08439954   51.01096798]
2878,,LINEAR PARK,1,TITLED,NO BREAKDOWN,CULTURALLY SIGNIFICANT SITE,,MID351,,CALGARY PARKS,CALGARY PARKS,,ACTIVE,[-114.04419213   50.91456366]
2879,,SUBNEIGHBOURHOOD PARK,1,TITLED,NO BREAKDOWN,,,LPK547,,CALGARY PARKS,CALGARY PARKS,,ACTIVE,[-114.13925008   51.01077835]
2880,,SUBNEIGHBOURHOOD PARK,1,TITLED,NO BREAKDOWN,,,DAL070,,CALGARY PARKS,CALGARY PARKS,,ACTIVE,[-114.16288158   51.11732883]
2881,,SUBNEIGHBOURHOOD PARK,1,TITLED,NO BREAKDOWN,CULTURALLY SIGNIFICANT SITE,,EDG050,,CALGARY PARKS,CALGARY PARKS SHARED,"MAINTAINED AS PER LANDSCAPE MAINTENANCE AGREEMENT, EXPIRES 2042/12/31; SEE PARIS_REPOSITORY\AGREEMENTS\LANDSCAPE_MAINTENANCE_AGREEMENT",ACTIVE,[-114.14586676   51.11519867]
2882,,SUBNEIGHBOURHOOD PARK,1,TITLED,NO BREAKDOWN,CULTURALLY SIGNIFICANT SITE,,OGD797,,CALGARY PARKS,CALGARY PARKS,,ACTIVE,[-114.01895825   50.99129852]
2883,,SUBNEIGHBOURHOOD PARK,1,TITLED,NO BREAKDOWN,,,ROC403,,CALGARY PARKS,CALGARY PARKS SHARED,"MAINTAINED AS PER LANDSCAPE MAINTENANCE AGREEMENT, EXPIRES 2042/12/31; SEE PARIS_REPOSITORY\AGREEMENTS\LANDSCAPE_MAINTENANCE_AGREEMENT",ACTIVE,[-114.23627859   51.14570557]
2884,,SUBNEIGHBOURHOOD PARK,1,TITLED,NO BREAKDOWN,,,SAN643,,CALGARY PARKS,CALGARY PARKS,,ACTIVE,[-114.10335883   51.14112398]
2885,,SUBNEIGHBOURHOOD PARK,1,TITLED,NO BREAKDOWN,,,OGD804,,CALGARY PARKS,CALGARY PARKS,,ACTIVE,[-114.00541204   50.98104196]
2886,,SUBNEIGHBOURHOOD PARK,1,TITLED,NO BREAKDOWN,,,RIC967,,CALGARY PARKS,CALGARY PARKS,,ACTIVE,[-114.11429692   51.03610464]
2887,,SUBNEIGHBOURHOOD PARK,1,TITLED,NO BREAKDOWN,,,PAL058,,CALGARY PARKS,CALGARY PARKS,,ACTIVE,[-114.10967572   50.9663868 ]
2888,,SUBNEIGHBOURHOOD PARK,1,TITLED,NO BREAKDOWN,CULTURALLY SIGNIFICANT SITE,,OGD796,,CALGARY PARKS,CALGARY PARKS,,ACTIVE,[-114.0174479   50.9891467]
2889,,SUBNEIGHBOURHOOD PARK,1,TITLED,NO BREAKDOWN,,,MRT303,,CALGARY PARKS,CALGARY PARKS,,ACTIVE,[-113.94968933   51.11567394]
2890,,SUBNEIGHBOURHOOD PARK,1,TITLED,NO BREAKDOWN,,,OAK071,,CALGARY PARKS,CALGARY PARKS,,ACTIVE,[-114.1369035    50.96756561]
2891,,SUBNEIGHBOURHOOD PARK,1,TITLED,NO BREAKDOWN,,,SOW225,,CALGARY PARKS,CALGARY PARKS,,ACTIVE,[-114.07849825   50.95739016]
2892,,SUBNEIGHBOURHOOD PARK,1,TITLED,NO BREAKDOWN,CULTURALLY SIGNIFICANT SITE,,SPH017,,CALGARY PARKS,CALGARY PARKS SHARED,,ACTIVE,[-114.19400149   51.02127976]
2893,,SUBNEIGHBOURHOOD PARK,1,TITLED,NO BREAKDOWN,,,COA903,,CALGARY PARKS,CALGARY PARKS,,ACTIVE,[-114.1879039    51.05315742]
2894,,SUBNEIGHBOURHOOD PARK,1,TITLED,NO BREAKDOWN,,,BRI672,,CALGARY PARKS,CALGARY PARKS,,ACTIVE,[-114.10093188   50.90362629]
2895,,SUBNEIGHBOURHOOD PARK,1,TITLED,NO BREAKDOWN,,,BRI710,,CALGARY PARKS,CALGARY PARKS,,ACTIVE,[-114.11446076   50.89855819]
2896,,SUBNEIGHBOURHOOD PARK,1,TITLED,NO BREAKDOWN,,,BRE397,,CALGARY PARKS,CALGARY PARKS,,ACTIVE,[-114.13233089   51.09895944]
2897,,SUBNEIGHBOURHOOD PARK,1,TITLED,NO BREAKDOWN,,,CAM807,,CALGARY PARKS,CALGARY PARKS,,ACTIVE,[-114.08748801   51.08021854]
2898,,SUBNEIGHBOURHOOD PARK,1,TITLED,NO BREAKDOWN,,,MAC940,,CALGARY PARKS,CALGARY PARKS,,ACTIVE,[-114.12018332   51.14170404]
2899,,SUBNEIGHBOURHOOD PARK,1,TITLED,NO BREAKDOWN,,,MAL509,,CALGARY PARKS,CALGARY PARKS,,ACTIVE,[-114.01808405   51.05937518]
2900,BEAUMONT CIRCUS,SUBNEIGHBOURHOOD PARK,1,TITLED,NO BREAKDOWN,CULTURALLY SIGNIFICANT SITE,HERITAGE SITE,REN794,,CALGARY PARKS,CALGARY PARKS,,ACTIVE,[-114.05326867   51.06595486]
2901,,SUBNEIGHBOURHOOD PARK,1,TITLED,NO BREAKDOWN,,,MAL506,,CALGARY PARKS,CALGARY PARKS,,ACTIVE,[-114.0101978   51.0617889]
2902,,SUBNEIGHBOURHOOD PARK,1,TITLED,NO BREAKDOWN,CULTURALLY SIGNIFICANT SITE,,CGR206,,CALGARY PARKS,CALGARY PARKS,,ACTIVE,[-114.20578632   51.07044542]
2903,,SUBNEIGHBOURHOOD PARK,1,TITLED,NO BREAKDOWN,CULTURALLY SIGNIFICANT SITE,,CED109,,CALGARY PARKS,CALGARY PARKS,,ACTIVE,[-114.13819485   50.96159942]
2904,,SUBNEIGHBOURHOOD PARK,1,TITLED,NO BREAKDOWN,,,GAG557,,CALGARY PARKS,CALGARY PARKS,,ACTIVE,[-114.12362039   51.00430994]
2905,,SUBNEIGHBOURHOOD PARK,1,TITLED,NO BREAKDOWN,,,WHI014,,CALGARY PARKS,CALGARY PARKS,,ACTIVE,[-113.97693147   51.08690636]
2906,,COMMUNITY PARK,1,TITLED,NO BREAKDOWN,,,HKS011,,CALGARY PARKS,CALGARY PARKS,,ACTIVE,[-113.88473482   50.90855374]
2907,,SUBNEIGHBOURHOOD PARK,1,TITLED,NO BREAKDOWN,,,ARB215,,CALGARY PARKS,CALGARY PARKS,,ACTIVE,[-114.20636999   51.13721765]
2908,,SUBNEIGHBOURHOOD PARK,1,TITLED,NO BREAKDOWN,,,APP909,,CALGARY PARKS,CALGARY PARKS,,ACTIVE,[-113.92597292   51.05095981]
2909,,SUBNEIGHBOURHOOD PARK,1,TITLED,NO BREAKDOWN,,,APP907,,CALGARY PARKS,CALGARY PARKS,,ACTIVE,[-113.92510312   51.04135983]
2910,,SUBNEIGHBOURHOOD PARK,1,TITLED,NO BREAKDOWN,,,ASP519,,CALGARY PARKS,CALGARY PARKS,,ACTIVE,[-114.20136813   51.03893228]
2911,,SUBNEIGHBOURHOOD PARK,1,TITLED,NO BREAKDOWN,,,ARB964,,CALGARY PARKS,CALGARY PARKS,,ACTIVE,[-114.19242742   51.13746948]
2912,,SUBNEIGHBOURHOOD PARK,1,TITLED,NO BREAKDOWN,CULTURALLY SIGNIFICANT SITE,,BED609,,CALGARY PARKS,CALGARY PARKS,,ACTIVE,[-114.06904808   51.12886844]
2913,,SUBNEIGHBOURHOOD PARK,1,TITLED,NO BREAKDOWN,,,ASP501,,CALGARY PARKS,CALGARY PARKS,,ACTIVE,[-114.19246014   51.04314048]
2914,BONAVISTA DOWNS COMMUNITY ASSOC,SUBNEIGHBOURHOOD PARK,1,TITLED,NO BREAKDOWN,,,BDO456,,CALGARY PARKS,CALGARY PARKS SHARED,,ACTIVE,[-114.03134733   50.94203402]
2915,,SUBNEIGHBOURHOOD PARK,1,TITLED,NO BREAKDOWN,CULTURALLY SIGNIFICANT SITE,,MID379,,CALGARY PARKS,CALGARY PARKS,,ACTIVE,[-114.05802711   50.91591204]
2916,,SUBNEIGHBOURHOOD PARK,1,TITLED,NO BREAKDOWN,,,HAW012,,CALGARY PARKS,CALGARY PARKS SHARED,"MAINTAINED AS PER LANDSCAPE MAINTENANCE AGREEMENT, EXPIRES 2042/12/31; SEE PARIS_REPOSITORY\AGREEMENTS\LANDSCAPE_MAINTENANCE_AGREEMENT",ACTIVE,[-114.1884191    51.13094371]
2917,,SUBNEIGHBOURHOOD PARK,1,TITLED,NO BREAKDOWN,CULTURALLY SIGNIFICANT SITE,,HUN718,,CALGARY PARKS,CALGARY PARKS,,ACTIVE,[-114.09007964   51.12075436]
2918,NORTH HAVEN COMMUNITY,SUBNEIGHBOURHOOD PARK,1,TITLED,NO BREAKDOWN,CULTURALLY SIGNIFICANT SITE,,NHV817,,CALGARY PARKS,CALGARY PARKS,,ACTIVE,[-114.08781252   51.09970843]
2919,,SUBNEIGHBOURHOOD PARK,1,TITLED,NO BREAKDOWN,CULTURALLY SIGNIFICANT SITE,,NHV824,,CALGARY PARKS,CALGARY PARKS,,ACTIVE,[-114.09280452   51.09344574]
2920,,SUBNEIGHBOURHOOD PARK,1,TITLED,NO BREAKDOWN,,,MRL518,,CALGARY PARKS,CALGARY PARKS,,ACTIVE,[-113.9638534    51.06099119]
2921,,COMMUNITY PARK,1,TITLED,NO BREAKDOWN,,,BRI675,,CALGARY PARKS,CALGARY PARKS,,ACTIVE,[-114.09617492   50.8973738 ]
2922,,LINEAR PARK,1,TITLED,NO BREAKDOWN,,,CSC016,,CALGARY PARKS,CALGARY PARKS,IMPORTANT-WEEPING TILE AND ATCO PIPELINE PRESENT,ACTIVE,[-113.9627435    51.14326596]
2923,,SUBNEIGHBOURHOOD PARK,1,TITLED,NO BREAKDOWN,CULTURALLY SIGNIFICANT SITE,,SCA861,,CALGARY PARKS,CALGARY PARKS,,ACTIVE,[-114.10602141   51.03905915]
2924,,SUBNEIGHBOURHOOD PARK,1,TITLED,NO BREAKDOWN,,,CPF851,,CALGARY PARKS,CALGARY PARKS,,ACTIVE,[-113.9444653    50.91081694]
2925,,SUBNEIGHBOURHOOD PARK,1,TITLED,NO BREAKDOWN,CULTURALLY SIGNIFICANT SITE,,HUN590,,CALGARY PARKS,CALGARY PARKS,,ACTIVE,[-114.08479726   51.11827793]
2926,,SUBNEIGHBOURHOOD PARK,1,TITLED,NO BREAKDOWN,,,MCT810,,CALGARY PARKS,CALGARY PARKS SHARED,"MAINTAINED AS PER LANDSCAPE MAINTENANCE AGREEMENT, EXPIRES 2042/12/31; SEE PARIS_REPOSITORY\AGREEMENTS\LANDSCAPE_MAINTENANCE_AGREEMENT",ACTIVE,[-113.97002264   50.91907119]
2927,,SUBNEIGHBOURHOOD PARK,1,TITLED,NO BREAKDOWN,,,MCT820,,CALGARY PARKS SHARED,CALGARY PARKS SHARED,"MAINTAINED AS PER LANDSCAPE MAINTENANCE AGREEMENT, EXPIRES 2042/12/31; SEE PARIS_REPOSITORY\AGREEMENTS\LANDSCAPE_MAINTENANCE_AGREEMENT",ACTIVE,[-113.95922753   50.92577599]
2928,,SUBNEIGHBOURHOOD PARK,1,TITLED,NO BREAKDOWN,,,KEL004,,CALGARY PARKS,CALGARY PARKS,,ACTIVE,[-114.09153829   50.9916079 ]
2929,TERRACE ROAD ELEM,SUBNEIGHBOURHOOD PARK,1,TITLED,NO BREAKDOWN,CULTURALLY SIGNIFICANT SITE,,MON004,,CALGARY PARKS SHARED,CALGARY PARKS SHARED,,ACTIVE,[-114.15864695   51.07509246]
2930,,SUBNEIGHBOURHOOD PARK,1,TITLED,NO BREAKDOWN,CULTURALLY SIGNIFICANT SITE,,MON205,,CALGARY PARKS,CALGARY PARKS,,ACTIVE,[-114.16367964   51.06900852]
2931,,COMMUNITY PARK,1,TITLED,NO BREAKDOWN,CULTURALLY SIGNIFICANT SITE,,GRE018,,CALGARY PARKS,CALGARY PARKS,,ACTIVE,[-114.2286391    51.09077263]
2932,,SUBNEIGHBOURHOOD PARK,1,TITLED,NO BREAKDOWN,CULTURALLY SIGNIFICANT SITE,,EDG836,,CALGARY PARKS,CALGARY PARKS SHARED,"MAINTAINED AS PER LANDSCAPE MAINTENANCE AGREEMENT, EXPIRES 2042/12/31; SEE PARIS_REPOSITORY\AGREEMENTS\LANDSCAPE_MAINTENANCE_AGREEMENT",ACTIVE,[-114.12449662   51.13523749]
2933,,SUBNEIGHBOURHOOD PARK,1,TITLED,NO BREAKDOWN,,,FAI207,,CALGARY PARKS,CALGARY PARKS,,ACTIVE,[-114.05259627   50.9843711 ]
2934,,SUBNEIGHBOURHOOD PARK,1,TITLED,NO BREAKDOWN,,,COR351,,CALGARY PARKS,CALGARY PARKS,,ACTIVE,[-113.93154368   51.09758791]
2935,,SUBNEIGHBOURHOOD PARK,1,TITLED,NO BREAKDOWN,,,EVE795,,CALGARY PARKS,CALGARY PARKS,,ACTIVE,[-114.12084927   50.90850263]
2936,,SUBNEIGHBOURHOOD PARK,1,TITLED,NO BREAKDOWN,,,EVE901,,CALGARY PARKS,CALGARY PARKS,,ACTIVE,[-114.1132438    50.90850931]
2937,,SUBNEIGHBOURHOOD PARK,1,TITLED,NO BREAKDOWN,,,GLA652,,CALGARY PARKS,CALGARY PARKS,,ACTIVE,[-114.16118416   51.01470453]
2938,,SUBNEIGHBOURHOOD PARK,1,TITLED,NO BREAKDOWN,CULTURALLY SIGNIFICANT SITE,,EDG052,,CALGARY PARKS,CALGARY PARKS SHARED,"MAINTAINED AS PER LANDSCAPE MAINTENANCE AGREEMENT, EXPIRES 2042/12/31; SEE PARIS_REPOSITORY\AGREEMENTS\LANDSCAPE_MAINTENANCE_AGREEMENT",ACTIVE,[-114.13860328   51.12180729]
2939,,SUBNEIGHBOURHOOD PARK,1,TITLED,NO BREAKDOWN,,,EVE805,,CALGARY PARKS,CALGARY PARKS,,ACTIVE,[-114.12603388   50.91704509]
2940,,SUBNEIGHBOURHOOD PARK,1,TITLED,NO BREAKDOWN,CULTURALLY SIGNIFICANT SITE,,PAN456,,CALGARY PARKS,CALGARY PARKS,,ACTIVE,[-114.08767276   51.15141082]
2941,,SUBNEIGHBOURHOOD PARK,1,TITLED,NO BREAKDOWN,CULTURALLY SIGNIFICANT SITE,,HID529,,CALGARY PARKS,CALGARY PARKS,,ACTIVE,[-114.0959312    51.14624276]
2942,,SUBNEIGHBOURHOOD PARK,1,TITLED,NO BREAKDOWN,,,PIN022,,CALGARY PARKS,CALGARY PARKS,,ACTIVE,[-113.95573105   51.07304329]
2943,,SUBNEIGHBOURHOOD PARK,1,TITLED,NO BREAKDOWN,,,PIN029,,CALGARY PARKS,CALGARY PARKS,,ACTIVE,[-113.94442344   51.07686532]
2944,,SUBNEIGHBOURHOOD PARK,1,TITLED,NO BREAKDOWN,,,MRL520,,CALGARY PARKS,CALGARY PARKS,,ACTIVE,[-113.96210399   51.05774744]
2945,,SUBNEIGHBOURHOOD PARK,1,TITLED,NO BREAKDOWN,,,MRL521,,CALGARY PARKS,CALGARY PARKS,,ACTIVE,[-113.96935655   51.05769607]
2946,,SUBNEIGHBOURHOOD PARK,1,TITLED,NO BREAKDOWN,CULTURALLY SIGNIFICANT SITE,,PAN030,,CALGARY PARKS,CALGARY PARKS,,ACTIVE,[-114.08087589   51.15827233]
2947,,SUBNEIGHBOURHOOD PARK,1,TITLED,NO BREAKDOWN,CULTURALLY SIGNIFICANT SITE,,PAN041,,CALGARY PARKS,CALGARY PARKS,,ACTIVE,[-114.07375393   51.16322296]
2948,,SUBNEIGHBOURHOOD PARK,1,TITLED,NO BREAKDOWN,,,AUB206,,CALGARY PARKS,CALGARY PARKS,,ACTIVE,[-113.96317046   50.88408022]
2949,,SUBNEIGHBOURHOOD PARK,1,TITLED,NO BREAKDOWN,,,BDO352,,CALGARY PARKS,CALGARY PARKS,,ACTIVE,[-114.03126292   50.93994304]
2950,,SUBNEIGHBOURHOOD PARK,1,TITLED,NO BREAKDOWN,CULTURALLY SIGNIFICANT SITE,,BED596,,CALGARY PARKS,CALGARY PARKS,,ACTIVE,[-114.09560872   51.12780208]
2951,,SUBNEIGHBOURHOOD PARK,1,TITLED,NO BREAKDOWN,CULTURALLY SIGNIFICANT SITE,,SCA865,,CALGARY PARKS SHARED,CALGARY PARKS,,ACTIVE,[-114.10792302   51.04283268]
2952,,SUBNEIGHBOURHOOD PARK,1,TITLED,NO BREAKDOWN,CULTURALLY SIGNIFICANT SITE,,BED602,,CALGARY PARKS,CALGARY PARKS,,ACTIVE,[-114.07197588   51.12874524]
2953,,SUBNEIGHBOURHOOD PARK,1,TITLED,NO BREAKDOWN,CULTURALLY SIGNIFICANT SITE,,GRV703,,CALGARY PARKS,CALGARY PARKS,,ACTIVE,[-114.05622321   51.09761217]
2954,,SUBNEIGHBOURHOOD PARK,1,TITLED,NO BREAKDOWN,,,MAC742,,CALGARY PARKS,CALGARY PARKS,,ACTIVE,[-114.111615     51.14201087]
2955,,SUBNEIGHBOURHOOD PARK,1,TITLED,NO BREAKDOWN,,,MAC750,,CALGARY PARKS,CALGARY PARKS,,ACTIVE,[-114.11871128   51.13945743]
2956,,SUBNEIGHBOURHOOD PARK,1,TITLED,NO BREAKDOWN,CULTURALLY SIGNIFICANT SITE,,LKB486,,CALGARY PARKS SHARED,CALGARY PARKS SHARED,,ACTIVE,[-114.06497753   50.933033  ]
2957,,COMMUNITY PARK,1,TITLED,NO BREAKDOWN,,,ASP001,,CALGARY PARKS,CALGARY PARKS SHARED,,ACTIVE,[-114.21831388   51.04831977]
2958,,SUBNEIGHBOURHOOD PARK,1,TITLED,NO BREAKDOWN,,,MAC797,,CALGARY PARKS,CALGARY PARKS,,ACTIVE,[-114.11564704   51.14179663]
2959,,SUBNEIGHBOURHOOD PARK,1,TITLED,NO BREAKDOWN,,,MCT838,,CALGARY PARKS,CALGARY PARKS SHARED,"MAINTAINED AS PER LANDSCAPE MAINTENANCE AGREEMENT, EXPIRES 2042/12/31; SEE PARIS_REPOSITORY\AGREEMENTS\LANDSCAPE_MAINTENANCE_AGREEMENT",ACTIVE,[-113.96946639   50.90553879]
2960,,SUBNEIGHBOURHOOD PARK,1,TITLED,NO BREAKDOWN,,,REN898,,CALGARY PARKS,CALGARY PARKS,,ACTIVE,[-114.04591107   51.0578851 ]
2961,,SUBNEIGHBOURHOOD PARK,1,TITLED,NO BREAKDOWN,,,RIC637,,CALGARY PARKS,CALGARY PARKS,,ACTIVE,[-114.11724322   51.02962227]
2962,,SUBNEIGHBOURHOOD PARK,1,TITLED,NO BREAKDOWN,,,RIC708,,CALGARY PARKS,CALGARY PARKS,,ACTIVE,[-114.12291186   51.02634147]
2963,,NEIGHBOURHOOD PARK,1,TITLED,R - RESERVE,CULTURALLY SIGNIFICANT SITE,SITE SPLIT FROM POI503,POI504,,CALGARY PARKS,CALGARY PARKS,,ACTIVE,[-114.14399487   51.05881358]
2964,,SUBNEIGHBOURHOOD PARK,1,TITLED,NO BREAKDOWN,,,RAN520,,CALGARY PARKS,CALGARY PARKS,,ACTIVE,[-114.18929287   51.12145783]
2965,MEDICINE HILL / PASKAPOO SLOPES,COMMUNITY PARK,1,TITLED,NO BREAKDOWN,CULTURALLY SIGNIFICANT SITE,FUTURE REGIONAL PARK,CGR001,,CALGARY PARKS,CALGARY PARKS,,ACTIVE,[-114.20644389   51.07533247]
2966,,SUBNEIGHBOURHOOD PARK,1,TITLED,NO BREAKDOWN,,,WSP030,,CALGARY PARKS,CALGARY PARKS,,ACTIVE,[-114.21891039   51.05748248]
2967,,SUBNEIGHBOURHOOD PARK,1,TITLED,NO BREAKDOWN,,,HOU487,,CALGARY PARKS,CALGARY PARKS,,ACTIVE,[-114.11351903   51.0618233 ]
2968,,SUBNEIGHBOURHOOD PARK,1,TITLED,NO BREAKDOWN,,,WSP032,,CALGARY PARKS,CALGARY PARKS,,ACTIVE,[-114.22011946   51.05987527]
2969,,SUBNEIGHBOURHOOD PARK,1,TITLED,NO BREAKDOWN,CULTURALLY SIGNIFICANT SITE,,ING030,,CALGARY PARKS SHARED,CALGARY PARKS SHARED,,ACTIVE,[-114.02836117   51.04106511]
2970,,SUBNEIGHBOURHOOD PARK,1,TITLED,NO BREAKDOWN,,,WSP031,,CALGARY PARKS,CALGARY PARKS,,ACTIVE,[-114.22057888   51.05658846]
2971,,SUBNEIGHBOURHOOD PARK,1,TITLED,NO BREAKDOWN,,,WSP041,,CALGARY PARKS,CALGARY PARKS,,ACTIVE,[-114.22062941   51.06404328]
2972,TECHVIEW PARK,SUBNEIGHBOURHOOD PARK,1,TITLED,NO BREAKDOWN,CULTURALLY SIGNIFICANT SITE,,RDL476,,CALGARY PARKS,CALGARY PARKS,,ACTIVE,[-114.08444261   51.06565366]
2973,,SUBNEIGHBOURHOOD PARK,1,TITLED,NO BREAKDOWN,,,WSP493,,CALGARY PARKS,CALGARY PARKS,,ACTIVE,[-114.19701123   51.05926842]
2974,PRINCESS OBOLENSKY PARK,SUBNEIGHBOURHOOD PARK,1,TITLED,NO BREAKDOWN,CULTURALLY SIGNIFICANT SITE,,PKH266,,CALGARY PARKS,CALGARY PARKS,,ACTIVE,[-114.0711212    51.02187043]
2975,,SUBNEIGHBOURHOOD PARK,1,TITLED,NO BREAKDOWN,CULTURALLY SIGNIFICANT SITE,,02C001,,CALGARY PARKS,CALGARY PARKS,,ACTIVE,[-114.17508804   51.17184781]
2976,,SUBNEIGHBOURHOOD PARK,1,TITLED,NO BREAKDOWN,CULTURALLY SIGNIFICANT SITE,,BED606,,CALGARY PARKS,CALGARY PARKS,,ACTIVE,[-114.07768762   51.13547982]
2977,,SUBNEIGHBOURHOOD PARK,1,TITLED,NO BREAKDOWN,,,CAR023,,CALGARY PARKS,CALGARY PARKS,,ACTIVE,[-114.0819824    51.18098696]
2978,,SUBNEIGHBOURHOOD PARK,1,TITLED,NO BREAKDOWN,CULTURALLY SIGNIFICANT SITE,,BOW008,,CALGARY PARKS,CALGARY PARKS,,ACTIVE,[-114.21178049   51.08639137]
2979,QUEEN ELIZABETH PARK,SUBNEIGHBOURHOOD PARK,1,TITLED,NO BREAKDOWN,,,BOW177,,CALGARY PARKS,CALGARY PARKS,,ACTIVE,[-114.19901127   51.08986678]
2980,,SUBNEIGHBOURHOOD PARK,1,TITLED,NO BREAKDOWN,CULTURALLY SIGNIFICANT SITE,,BOW195,,CALGARY PARKS,CALGARY PARKS,,ACTIVE,[-114.20211675   51.08365734]
2981,,SUBNEIGHBOURHOOD PARK,1,TITLED,NO BREAKDOWN,CULTURALLY SIGNIFICANT SITE,,BOW201,,CALGARY PARKS,CALGARY PARKS,,ACTIVE,[-114.20414762   51.09619884]
2982,,SUBNEIGHBOURHOOD PARK,1,TITLED,NO BREAKDOWN,CULTURALLY SIGNIFICANT SITE,,BOW203,,CALGARY PARKS,CALGARY PARKS,,ACTIVE,[-114.20689802   51.09671189]
2983,,SUBNEIGHBOURHOOD PARK,1,TITLED,NO BREAKDOWN,CULTURALLY SIGNIFICANT SITE,,BOW206,,CALGARY PARKS SHARED,CALGARY PARKS,,ACTIVE,[-114.17703987   51.07805787]
2984,,SUBNEIGHBOURHOOD PARK,1,TITLED,NO BREAKDOWN,,,COU440,,CALGARY PARKS,CALGARY PARKS,,ACTIVE,[-114.06633631   51.15054735]
2985,,SUBNEIGHBOURHOOD PARK,1,TITLED,NO BREAKDOWN,,,DDG747,,CALGARY PARKS,CALGARY PARKS SHARED,"MAINTAINED AS PER LANDSCAPE MAINTENANCE AGREEMENT, EXPIRES 2042/12/31; SEE PARIS_REPOSITORY\AGREEMENTS\LANDSCAPE_MAINTENANCE_AGREEMENT",ACTIVE,[-113.97884507   50.93726454]
2986,,SUBNEIGHBOURHOOD PARK,1,TITLED,NO BREAKDOWN,,SITE SPLIT LKB495,LKB495,,CALGARY PARKS SHARED,CALGARY PARKS SHARED,,ACTIVE,[-114.06122975   50.94781354]
2987,SOMERSIDE DRY POND,SUBNEIGHBOURHOOD PARK,1,TITLED,NO BREAKDOWN,,,SOM670,,CALGARY PARKS,CALGARY PARKS,,ACTIVE,[-114.09630787   50.9030334 ]
2988,,SUBNEIGHBOURHOOD PARK,1,TITLED,NO BREAKDOWN,,,SOM687,,CALGARY PARKS,CALGARY PARKS,,ACTIVE,[-114.08135134   50.89499262]
2989,,SUBNEIGHBOURHOOD PARK,1,TITLED,NO BREAKDOWN,,,SOM689,,CALGARY PARKS,CALGARY PARKS,,ACTIVE,[-114.08767556   50.89617387]
2990,,SUBNEIGHBOURHOOD PARK,1,TITLED,NO BREAKDOWN,CULTURALLY SIGNIFICANT SITE,,SIG722,,CALGARY PARKS,CALGARY PARKS,,ACTIVE,[-114.16970193   51.03366457]
2991,,SUBNEIGHBOURHOOD PARK,1,TITLED,NO BREAKDOWN,,,SOM656,,CALGARY PARKS,CALGARY PARKS SHARED,,ACTIVE,[-114.07046014   50.90064389]
2992,,SUBNEIGHBOURHOOD PARK,1,TITLED,NO BREAKDOWN,CULTURALLY SIGNIFICANT SITE,,PAT696,,CALGARY PARKS,CALGARY PARKS,,ACTIVE,[-114.17908352   51.06727207]
2993,,SUBNEIGHBOURHOOD PARK,1,TITLED,NO BREAKDOWN,CULTURALLY SIGNIFICANT SITE,,SPH020,,CALGARY PARKS,CALGARY PARKS SHARED,"MAINTAINED AS PER LANDSCAPE MAINTENANCE AGREEMENT, EXPIRES 2042/12/31; SEE PARIS_REPOSITORY\AGREEMENTS\LANDSCAPE_MAINTENANCE_AGREEMENT",ACTIVE,[-114.19149659   51.01971286]
2994,,SUBNEIGHBOURHOOD PARK,1,TITLED,NO BREAKDOWN,,,STR814,,CALGARY PARKS,CALGARY PARKS,,ACTIVE,[-114.17245909   51.04335569]
2995,,SUBNEIGHBOURHOOD PARK,1,TITLED,NO BREAKDOWN,CULTURALLY SIGNIFICANT SITE,,SAN741,,CALGARY PARKS,CALGARY PARKS,,ACTIVE,[-114.08400066   51.13772834]
2996,,SUBNEIGHBOURHOOD PARK,1,TITLED,NO BREAKDOWN,,,THO571,,CALGARY PARKS,CALGARY PARKS,,ACTIVE,[-114.06540811   51.09660095]
2997,,SUBNEIGHBOURHOOD PARK,1,TITLED,NO BREAKDOWN,,,SHN443,,CALGARY PARKS,CALGARY PARKS,,ACTIVE,[-114.08738041   50.91168427]
2998,,SUBNEIGHBOURHOOD PARK,1,TITLED,NO BREAKDOWN,CULTURALLY SIGNIFICANT SITE,SITE SPLIT SCE419,SCE419,,CALGARY PARKS,CALGARY PARKS SHARED,"MAINTAINED AS PER LANDSCAPE MAINTENANCE AGREEMENT, EXPIRES 2042/12/31; SEE PARIS_REPOSITORY\AGREEMENTS\LANDSCAPE_MAINTENANCE_AGREEMENT",ACTIVE,[-114.22022975   51.12598697]
2999,,SUBNEIGHBOURHOOD PARK,1,TITLED,NO BREAKDOWN,,,CAM879,,CALGARY PARKS,CALGARY PARKS,,ACTIVE,[-114.08337449   51.08657569]
3000,,SUBNEIGHBOURHOOD PARK,1,TITLED,NO BREAKDOWN,,,CAN328,,CALGARY PARKS,CALGARY PARKS,,ACTIVE,[-114.09142003   50.9468524 ]
3001,,SUBNEIGHBOURHOOD PARK,1,TITLED,NO BREAKDOWN,,,CAN329,,CALGARY PARKS,CALGARY PARKS,,ACTIVE,[-114.09047334   50.94503483]
3002,,SUBNEIGHBOURHOOD PARK,1,TITLED,NO BREAKDOWN,CULTURALLY SIGNIFICANT SITE,,CAN342,,CALGARY PARKS,CALGARY PARKS,,ACTIVE,[-114.07323654   50.93519168]
3003,,SUBNEIGHBOURHOOD PARK,1,TITLED,NO BREAKDOWN,,,CAN346,,CALGARY PARKS,CALGARY PARKS,,ACTIVE,[-114.07343473   50.93790643]
3004,,SUBNEIGHBOURHOOD PARK,1,TITLED,NO BREAKDOWN,CULTURALLY SIGNIFICANT SITE,,FPW349,,CALGARY PARKS,CALGARY PARKS,CITY OWNED PARCEL IN FISH CREEK PARK,ACTIVE,[-114.0935192    50.93788419]
3005,,SUBNEIGHBOURHOOD PARK,1,TITLED,NO BREAKDOWN,CULTURALLY SIGNIFICANT SITE,,FPW435,,CALGARY PARKS,CALGARY PARKS,CITY OWNED PARCEL IN FISH CREEK PARK,ACTIVE,[-114.09172218   50.93615354]
3006,,SUBNEIGHBOURHOOD PARK,1,TITLED,NO BREAKDOWN,CULTURALLY SIGNIFICANT SITE,,BYV038,,CALGARY PARKS,CALGARY PARKS,,ACTIVE,[-114.11187001   50.97428127]
3007,,SUBNEIGHBOURHOOD PARK,1,TITLED,NO BREAKDOWN,CULTURALLY SIGNIFICANT SITE,,EDG115,,CALGARY PARKS,CALGARY PARKS SHARED,"MAINTAINED AS PER LANDSCAPE MAINTENANCE AGREEMENT, EXPIRES 2042/12/31; SEE PARIS_REPOSITORY\AGREEMENTS\LANDSCAPE_MAINTENANCE_AGREEMENT",ACTIVE,[-114.14468932   51.11185042]
3008,,SUBNEIGHBOURHOOD PARK,1,TITLED,NO BREAKDOWN,,,GLA623,,CALGARY PARKS,CALGARY PARKS,,ACTIVE,[-114.1419796    51.01923681]
3009,,SUBNEIGHBOURHOOD PARK,1,TITLED,NO BREAKDOWN,,,DRG548,,CALGARY PARKS,CALGARY PARKS,,ACTIVE,[-114.02641636   50.92483562]
3010,,SUBNEIGHBOURHOOD PARK,1,TITLED,NO BREAKDOWN,CULTURALLY SIGNIFICANT SITE,,DRN551,,CALGARY PARKS,CALGARY PARKS SHARED,,ACTIVE,[-114.01391801   50.91687288]
3011,,SUBNEIGHBOURHOOD PARK,1,TITLED,NO BREAKDOWN,,,GDL884,,CALGARY PARKS,CALGARY PARKS,,ACTIVE,[-114.15499205   51.0342131 ]
3012,,SUBNEIGHBOURHOOD PARK,1,TITLED,NO BREAKDOWN,CULTURALLY SIGNIFICANT SITE,,GRE007,,CALGARY PARKS,CALGARY PARKS SHARED,,ACTIVE,[-114.21123967   51.08836437]
3013,,SUBNEIGHBOURHOOD PARK,1,TITLED,NO BREAKDOWN,,,ERI859,,CALGARY PARKS,CALGARY PARKS,,ACTIVE,[-113.96845804   51.0161632 ]
3014,,SUBNEIGHBOURHOOD PARK,1,TITLED,NO BREAKDOWN,,SITE SPLIT FHT599,FHT599,,CALGARY PARKS,CALGARY PARKS,,ACTIVE,[-113.95827281   51.04597319]
3015,,SUBNEIGHBOURHOOD PARK,1,TITLED,NO BREAKDOWN,,,FHT616,,CALGARY PARKS,CALGARY PARKS,,ACTIVE,[-113.97457832   51.04700255]
3016,,SUBNEIGHBOURHOOD PARK,1,TITLED,NO BREAKDOWN,,,REN790,,CALGARY PARKS,CALGARY PARKS,,ACTIVE,[-114.04384917   51.06195235]
3017,,SUBNEIGHBOURHOOD PARK,1,TITLED,NO BREAKDOWN,,,RUN276,,CALGARY PARKS,CALGARY PARKS,,ACTIVE,[-113.97020969   51.07989377]
3018,,SUBNEIGHBOURHOOD PARK,1,TITLED,NO BREAKDOWN,CULTURALLY SIGNIFICANT SITE,,SPH009,,CALGARY PARKS,CALGARY PARKS SHARED,"MAINTAINED AS PER LANDSCAPE MAINTENANCE AGREEMENT, EXPIRES 2042/12/31; SEE PARIS_REPOSITORY\AGREEMENTS\LANDSCAPE_MAINTENANCE_AGREEMENT",ACTIVE,[-114.2060935    51.02051024]
3019,,SUBNEIGHBOURHOOD PARK,1,TITLED,NO BREAKDOWN,CULTURALLY SIGNIFICANT SITE,,PAN031,,CALGARY PARKS,CALGARY PARKS,,ACTIVE,[-114.07141189   51.15228647]
3020,,SUBNEIGHBOURHOOD PARK,1,TITLED,NO BREAKDOWN,CULTURALLY SIGNIFICANT SITE,,PAN032,,CALGARY PARKS,CALGARY PARKS,,ACTIVE,[-114.07240024   51.15670551]
3021,,SUBNEIGHBOURHOOD PARK,1,TITLED,NO BREAKDOWN,CULTURALLY SIGNIFICANT SITE,,RAN158,,CALGARY PARKS SHARED,CALGARY PARKS SHARED,,ACTIVE,[-114.17866047   51.11657099]
3022,,SUBNEIGHBOURHOOD PARK,1,TITLED,NO BREAKDOWN,CULTURALLY SIGNIFICANT SITE,,CHA823,,CALGARY PARKS,CALGARY PARKS,,ACTIVE,[-114.02250557   50.8849376 ]
3023,,SUBNEIGHBOURHOOD PARK,1,TITLED,NO BREAKDOWN,CULTURALLY SIGNIFICANT SITE,,PCK011,,CALGARY PARKS,CALGARY PARKS,,ACTIVE,[-114.05419051   50.86065815]
3024,THE COLONEL'S ISLAND,SUBNEIGHBOURHOOD PARK,1,TITLED,NO BREAKDOWN,CULTURALLY SIGNIFICANT SITE,,EPK049,,CALGARY PARKS,CALGARY PARKS,,ACTIVE,[-114.07614911   51.0227994 ]
3025,ROBERT THIRSK SR HIGH; CROWFOOT PLAYFIELDS; CROWFOOT LIBRARY; CROWFOOT YMCA,DISTRICT PARK,1,TITLED,NO BREAKDOWN,,SITE HAS HOLE,ARB305,,CALGARY PARKS SHARED,CALGARY PARKS SHARED,"UNDERGROUND DRAINAGE INFRASTRUCTURE ON SITE, SEE DRAWING PLANS; PARKS DEPOT ON SITE",ACTIVE,[-114.19393013   51.13222076]
3026,,COMMUNITY PARK,1,TITLED,NO BREAKDOWN,CULTURALLY SIGNIFICANT SITE,,CUR005,,CALGARY PARKS,DEVELOPER CONSTRUCTION,,ACTIVE,[-114.1277654    51.01929576]
3027,,NEIGHBOURHOOD PARK,1,TITLED,NO BREAKDOWN,CULTURALLY SIGNIFICANT SITE,,HAW163,,CALGARY PARKS,CALGARY PARKS SHARED,"MAINTAINED AS PER LANDSCAPE MAINTENANCE AGREEMENT, EXPIRES 2042/12/31; SEE PARIS_REPOSITORY\AGREEMENTS\LANDSCAPE_MAINTENANCE_AGREEMENT",ACTIVE,[-114.17256768   51.12550078]
3028,,SUBNEIGHBOURHOOD PARK,1,TITLED,NO BREAKDOWN,CULTURALLY SIGNIFICANT SITE,,HAM936,,CALGARY PARKS,CALGARY PARKS SHARED,"MAINTAINED AS PER LANDSCAPE MAINTENANCE AGREEMENT, EXPIRES 2042/12/31; SEE PARIS_REPOSITORY\AGREEMENTS\LANDSCAPE_MAINTENANCE_AGREEMENT",ACTIVE,[-114.16283544   51.14918653]
3029,,SUBNEIGHBOURHOOD PARK,1,TITLED,NO BREAKDOWN,,,COL371,,CALGARY PARKS,CALGARY PARKS SHARED,,ACTIVE,[-114.09958329   51.08301264]
