,EstProjectCost,Initial Assessment,Final Assessment,Income,Distance To Downtown,Distance To Nearest Transit Stop,Cost Per Unit,Distance to Nearest Park,Distance to Nearest Public School,ROI,Class
0,2434520.07037713,491658.13835716475,4225603.078898228,98543.89646632716,7.571379796374739,0.07042677283434763,266648.5379797351,0.06987532307515312,1.0495432972582206,0.444068945044189,1
1,5553399.084987645,1200295.676974338,14956085.175481636,94344.34762298693,4.790328267712619,0.020932801484516556,188274.58667504933,0.27314874201072925,0.4284279546388262,1.214504164404495,2
2,2860354.8359173606,692365.2761418635,4194813.670545869,75980.71216816778,8.536074635240197,0.03611293773280621,194842.9889670324,0.19784110357380327,0.9231665269786657,0.1807329421496349,1
3,1873264.8704804864,1228536.0159638664,4980669.007819188,92553.01157156593,9.864163288627594,0.4277223326622261,168173.55115886542,0.29962606652635776,1.09040801953055,0.6057346006914757,1
4,1419826.712104845,244918.29575198883,1794438.5444168223,77360.71374928419,9.311918029826519,0.0,158880.723522317,0.3195155323980972,0.5406242799363838,0.07790594712577252,0
5,3636787.3984047286,3217820.9040190587,7775808.845828624,90480.13714197703,6.563438882544446,0.10419217477015634,307005.18360538303,0.09000862936013578,0.602022483815797,0.1343914200143429,0
6,1482861.2297545692,1369427.7070920214,1196666.98138235,64143.717176660975,5.1323592778405605,0.07380703644972245,206406.97632004909,0.17675175083845984,1.003546783018865,-0.5804538011827964,0
7,11660404.262868341,2662590.7521173386,27062748.077543616,112136.74292689562,9.865467977773427,0.021432376673250222,286106.3215304523,0.0982525108648087,1.13060716908781,0.8894615301638205,2
8,10352054.764887895,4740640.209702223,25252804.650831196,105391.57949805263,7.8423712230880565,0.1737649385266613,357447.9137125065,0.20139815005582348,0.5296344740986954,0.6731806144195266,1
9,1212395.7652880824,1123364.9930566554,3156844.758247303,84919.50411878459,5.396194559352632,0.26725946695888964,222465.6129642229,0.308295704022042,0.7221371430852728,0.35152744002961805,1
10,2461717.7279807464,414152.3415265786,4516151.040583342,78851.76865147552,5.287645862946414,0.25105775892504334,149520.87142939016,0.10390113738398632,0.4647200476185844,0.5703599020233272,1
11,664441.086838706,706754.4021936213,2855917.4573895154,90049.25124966989,7.947200849988137,0.2831364605991216,115472.60513766378,0.20661018150188304,0.4415425578107582,1.0827937958029443,2
12,1437678.8727907517,726586.434259482,1943538.546093326,92036.84201679814,3.427182578228746,0.0,149141.8701716316,0.1491596129818558,0.48819971486070907,-0.10198692380175203,0
13,1675941.5259763119,1233654.0861334568,3826251.5415021847,65653.73009150203,8.319711317164105,0.2463327795152802,187800.65906879416,0.17032034583427433,0.6827844019852465,0.31504581790585745,1
14,412031.82552829146,364526.8959759726,669138.0395335816,123290.30927672019,5.174555160356815,0.2879291056027818,195480.23349404734,0.3100063509378754,0.9056853693362501,-0.1383291166476103,0
15,1632392.8497343163,899474.2564646045,3484707.2865549303,105766.20084287567,7.964289762139442,0.014159384822194539,230493.79242549493,0.1847138565538443,0.533027903676452,0.3763389389684451,1
16,6056151.786629675,1619457.3081053752,14053955.563880278,135222.01679222053,15.059520587604776,0.08675593836613399,214035.8010566176,0.19986413689256557,1.3442792729427295,0.8309889665330068,2
17,819893.9035680245,797929.2989818427,1163497.1607381217,88611.51930973312,3.656059676262579,0.07316913604969313,165334.00621201735,0.38429023714703414,0.5317329604963086,-0.28082551980690956,0
18,1229566.741393659,699072.8682172176,4233907.597380498,144013.87221662188,12.776341933647087,0.08477028030866887,193355.6824840714,0.2082524736188538,0.9387680709672235,1.1952818848487377,2
19,795408.4091033452,246055.5747034165,2237470.3317082366,122391.8883798918,2.2356071717396384,0.2663359403036245,289639.65500890627,0.3150862862262227,0.3797742281609443,1.1483895425071058,2
20,3258040.2555101155,1440934.0373520143,4263895.324966644,104369.78989945044,6.4852845588201316,0.13942513074871798,209004.20569682293,0.2663694210972376,0.5493175768863867,-0.09259019964343776,0
21,447826.6653613202,386199.8711546728,1634431.2609454847,92278.93435814662,2.918242703023825,0.2624295226054735,298050.2712946129,0.15440136539519703,0.04307615493386795,0.9596873593171856,2
22,10696075.824096978,5804193.678814122,35033892.38916653,88722.54684382088,9.905534632091934,0.07805681364583904,285318.49186889455,0.14123682817654165,0.9669017167902096,1.1232315255811784,2
23,4469830.135243138,2439465.973072151,10236431.52431327,107425.8744820319,12.167541209229949,0.0,179183.781511365,0.2259203530524141,1.0727455524132998,0.4815447715424725,1
24,3024557.3577810717,3426363.5602018707,8356928.810615442,71239.51392563227,3.590642226991501,0.0,305686.9664164368,0.1673561529637655,0.09906978826494142,0.2954629140343678,1
25,5306004.404868014,3100372.5280198012,10116951.093862673,107882.5840518869,4.7914337097074675,0.33246468868245793,209222.79762632414,0.11391572661472853,0.44684871043460156,0.20348530343466653,1
26,2067174.1463822,486119.3470880852,5490256.72749501,77700.6311430329,2.4458803137603904,0.14692160350815406,202901.3140648282,0.09434195139772016,0.41133766979753233,1.1502646450694467,2
27,3951751.317252558,1936034.6143966294,11970644.0906887,78896.78146985688,7.230842554017791,0.2807891714093501,181737.48741836962,0.30262127187934834,0.8418437381951369,1.033131677960935,2
28,4348827.520107852,1407727.8242471484,4984377.682749185,86020.75850613171,5.206198438554489,0.344441651928048,216544.54188543773,0.3328152463349912,1.009326679829611,-0.1341388409238572,0
29,3536013.8102417905,1175102.8861091223,8524094.64721559,81332.81015293101,6.898053221902925,0.3383332959734676,284529.80060062866,0.1299289344418257,0.6557417645824304,0.8093575677754054,2
30,3866534.124603634,2340880.216938144,18667529.193887975,121398.54902041987,9.338020626663322,0.1803062734696541,220022.00491925867,0.20385316880211934,1.0950064444565872,2.0072954964452063,2
31,909833.3244143538,402616.9844610743,1537062.609249265,99047.83243550337,3.4407407724155297,0.17631243684787043,148082.23379838502,0.37710703703162185,0.3621518954236984,0.17113966056840335,1
32,2779230.8092499627,1694315.627562337,7412994.127771236,90674.38501503106,12.008835806600452,0.08464098784514654,212816.19608161753,0.10628414620037448,1.1314654055364057,0.6570732488145329,1
33,659742.1988369552,1551604.7080821763,1795634.1164480709,88508.62017245503,2.0037195434000252,0.13592299132494862,274846.47812352143,0.1696261698121643,0.18806267999258158,-0.18799076217771524,0
34,4824593.905034687,1230411.0404833436,22395646.269773968,114414.06943100468,4.420693785647412,0.14039204986148907,256416.18161208034,0.2769825018900209,0.32741512530993,2.6986999137550542,2
35,210094.57300810545,193485.06778256645,342688.81476962235,72746.02666414554,1.7492662949096203,0.0,215832.8159909757,0.1343029440416959,0.0,-0.15087685271178566,0
36,8452625.695814708,4225818.907828821,19683040.40809402,84868.54584144459,5.897831521063148,0.1400800079283901,421954.96980720415,0.11392102316320031,0.6859098026025199,0.5524806885568211,1
37,757878.4599916725,484234.42496364954,1513428.9094952738,89188.11541927897,14.910785347030407,0.1350940364331996,176821.3325541453,0.37179494139331076,1.1283178487256538,0.21843105230303664,1
38,5278284.476539047,3896085.6711428175,10019534.35482093,124875.73788072754,11.37495852485536,0.3181388080392041,256734.96800103676,0.2914372549077059,0.5690560924087857,0.09212231396098788,0
39,6713489.830885516,2230848.0732716857,13367053.766978823,110918.27620933707,28.21536659281541,0.28649670701566554,162137.37016830183,0.1420934083922672,0.9600636018537403,0.4944710173310879,1
40,2114666.436232159,763723.3934577779,1340275.747470661,100806.75236181807,8.848393338705504,0.14681527685281495,348970.36778655037,0.13183716127415968,0.7609095865967717,-0.5343661467790007,0
41,455120.93765218405,882871.3584481328,863642.4943692825,63419.99625706743,14.740349818195341,0.12877013981053892,154161.19119948227,0.3462447542469446,0.8055788011117704,-0.35452356722349143,0
42,1827779.8596227202,1149384.8340153047,3480144.395714924,84868.39671481063,8.220204484770402,0.07072510600916339,332936.3463568301,0.04711596850363158,0.7885410228444205,0.16894587765054747,1
43,3182894.2981086196,1255266.4412418562,5606158.652007127,114019.72976504662,9.888721064232252,0.21313827647422942,188597.7952221887,0.3759519050890668,0.8380293598982793,0.26317161122640825,1
44,941789.2323251098,594584.3848014518,2684101.5272648,83097.98419462555,4.003055562457712,0.1482657629155914,190678.43631471973,0.1880563673769695,0.5865636013809292,0.7470369819841107,1
45,1151219.348612927,763388.1892003941,882649.7163405245,84406.72185278207,4.043075326962457,0.174885174988919,421499.1364227251,0.0628027338592985,0.41932888329868867,-0.538991830488351,0
46,7111555.411423092,2860007.7659500996,25877338.12695089,97733.84924582759,31.509816745901503,0.354883167783197,140422.3600900447,0.1260635118457684,1.9905291889902248,1.5951134908988018,2
47,4775307.017942278,2269241.793764718,12146023.827156255,86301.02482910368,2.935057056309514,0.1463718407913149,304088.7453190413,0.13779890906037184,0.6798303004987769,0.7241734214363543,1
48,1067010.7302201553,587527.9396980492,1927106.3545334598,106598.1220665354,2.3771085877529177,0.14884700846626034,262945.7454258859,0.3463168050941882,0.06617914668298965,0.16473938601189056,1
49,526403.2163748404,467069.66833153774,1860635.7193570132,74868.6738031828,1.042639094754663,0.11768540636593806,234437.02977469005,0.31936886679303517,0.0,0.872860093113589,2
50,359884.0609206427,657843.3212824973,1394311.0542833575,94052.48449083253,4.565282805884933,0.07091770236420257,129064.65795983066,0.2929495341152925,0.4151200129807233,0.3700241132011233,1
51,225913.21736954185,276999.9917890003,500203.1689579523,61511.57717724411,2.691041939884314,0.2883083862311113,220325.10914622725,0.3169063514761178,0.3111813150204742,-0.005388683675905346,0
52,3400693.1681107585,2253459.7572521274,7632592.330400034,111998.40657540048,11.541909425787104,0.10996652427321482,217236.3863238895,0.173050029526815,0.9972368336707165,0.3499090723497138,1
53,269176.35892886354,938047.8763856052,915696.898426772,69836.61318189782,0.7046279005586082,0.04751160272263016,283640.1249314916,0.20268537120663413,0.0,-0.24148565640065794,0
54,6025211.365099741,1722541.798508865,7872760.81717605,78493.84903925478,8.746306832782114,0.10232581447262412,210413.20136655497,0.15690098392107965,0.9243450205850854,0.016134697495863413,0
55,3901361.1534176758,1743821.004396867,8105677.77220768,109051.03659358248,14.35759741153736,0.300983942924729,244532.03923344766,0.10153479766524011,0.9438603129698502,0.43585761196157496,1
56,2889157.4979096623,2326115.3737709434,10175192.362248547,91182.8163833604,3.857435389953536,0.1115312271763531,239502.99115770546,0.055138407621067344,0.8042935167457412,0.9510373881874414,2
57,5438275.06821076,2057486.6798749715,5983811.800043627,95176.49381333249,6.801963751235331,0.1279729850121675,274216.3805270663,0.19501812335163676,0.41968124735385853,-0.2017073112586892,0
58,885895.7680494895,484374.31764609925,1471584.1072748085,100116.77288043933,4.897430023291403,0.16909513122715805,235335.44358250924,0.3566321460841796,0.47931931769787767,0.07393726436623609,0
59,1000552.3520394061,2045524.7934249016,4852099.381584218,130785.33530290326,4.082467422873754,0.0,166277.5444970129,0.09916076487385286,0.3364314030516088,0.5929010165777078,1
60,1403454.0959631242,725156.1014416899,3636133.108085552,100297.83726043579,2.3438026433718946,0.33765733783983537,259074.37694081638,0.19328901555049074,0.19732880189695232,0.7082193407316658,1
61,7738990.848243758,851316.8383313302,24818864.04969355,110543.26962391786,13.670447222290035,0.3095735523658811,198946.15607018484,0.2064865972929765,0.8503870621342067,1.8891705577066127,2
62,942272.9812401466,1035821.9165375093,1769004.0240493168,84459.75691772238,1.9998871962031481,0.16208942728323905,239473.05770449652,0.27833417531077476,0.1833904273964876,-0.10570315608378945,0
63,16425187.502485774,4362513.3555980725,34729851.48595358,129993.23472718877,11.364806702694917,0.36362291494666577,216378.95631973443,0.04116928218211754,1.2412079880700664,0.6706922868984789,1
64,2259308.6661864556,1131990.9836358498,2944953.1348145823,92319.61639070549,7.950748408572618,0.011865799914963702,189862.66195833508,0.2300143321262443,0.3784264699805705,-0.13161518034276637,0
65,3530496.951073453,957857.6668480888,4562951.805371436,82372.15105405416,16.457776305663042,0.35638984207143776,217417.86692551273,0.08510927378726638,1.5404970411763697,0.016620163467484475,0
66,383106.46690907015,172634.5651710096,2286742.4379708436,98788.92391571635,2.563037983246904,0.2312626921945367,198956.25064790685,0.3352452330549885,0.3402230199336963,3.1147626429738486,2
67,2160184.879532103,1642169.557895126,8730918.716600483,105843.72436623804,6.838712742087799,0.20539549123055684,266566.746944539,0.2753061321790274,0.6448690024612291,1.2961874965312405,2
68,2384839.6429139366,445457.1989709431,4567929.04839018,73923.12901883072,4.138990896320576,0.09535320088470857,257154.1221223018,0.17650889085245913,0.3032650695058519,0.613939916403997,1
69,1712785.7081397802,2195369.531249818,4414653.018087839,80612.83299951196,1.7548119038822785,0.09477246965408366,228453.97619870774,0.24581392262005253,0.13901110561595892,0.1296002199690892,0
70,1518362.779255772,1464091.8005262215,3817727.0567911323,85026.53078117169,7.397459351942178,0.2182991383194265,161447.65241817973,0.14786880243885553,0.31341949614405884,0.2800620947160223,1
71,292021.9811275784,578434.65851487,1215064.1318988518,73960.55375782723,1.9718470020267622,0.056902995496730814,231060.72534970776,0.19093093128153618,0.0,0.39589277232459913,1
72,424874.0156690886,376334.5671327275,870110.1563970231,86323.80402487065,3.1401626251973216,0.0,166136.77833514905,0.20960552790555884,0.32547626312335687,0.08599704880127364,0
73,1973927.4812575346,1294571.257932684,5185512.449023881,95779.98115919967,7.672690370715747,0.21091717811108165,175366.64758297894,0.12834723589906027,0.49099459798901474,0.5865119930591159,1
74,1901386.9755470867,895014.7656970823,2182188.9712614566,130492.405511367,4.828452458036854,0.2084743187984234,232139.0433232963,0.24124879526865256,0.558656994218715,-0.21964396635994016,0
75,1733250.903064657,1015263.8579759257,3348177.962410839,124122.15064241902,9.073308739923466,0.19599555202555313,111272.51560263625,0.28695518493095806,0.8771325634594704,0.21817718058869898,1
76,18266401.914360873,5316008.257279155,21452749.119797,98066.26903951698,49.13802837134525,0.2792048972353305,193265.49213615776,0.13280821641565935,2.2622045928269405,-0.09030718388590059,0
77,5150313.689842757,2270529.9085054738,5720043.505525518,78670.32035037215,7.554009692351961,0.0,178101.26160763958,0.35655675374107226,0.43060985790277595,-0.22919228390708637,0
78,728243.0330873564,1334718.1400694232,1391278.8236722823,127267.82300843037,8.577927192117832,0.17649493928779783,226570.89423109996,0.08232588246420912,0.4694866721705415,-0.32559136750822953,0
79,1062337.001205663,2543963.872317377,2963324.986755395,97572.3516287606,2.7845579021288955,0.31608893126420184,227795.93219598747,0.07260149918154439,0.3725880233994417,-0.17829235810253233,0
80,2468186.9868938304,1917186.4068469214,5468122.039774545,108533.53018786552,12.356862573271538,0.2679697335474724,195370.26115962662,0.3532894881716477,0.948823341782137,0.2468999897657976,1
81,2304253.667348286,1771623.5215790602,5536668.842400627,91014.02033784645,8.597051528127633,0.20157978819187644,201702.84028970826,0.33569929007413923,0.8500300595476644,0.35839932995079254,1
82,848413.056889973,327810.2662451926,967787.8337728853,81931.25197918975,3.700157728690616,0.0,322628.0072198328,0.14230862774332442,0.2429260132370551,-0.1772074105848417,0
83,2397592.5652125464,1053594.897093839,4111608.3855838557,89706.92104918104,9.329941370681487,0.3063170144660151,179752.98261294508,0.018436486120188944,1.2049666004817565,0.1913604898286572,1
84,584519.4675860866,374983.0258863406,426788.14728348,91338.38044730114,3.1793824379620395,0.03245125785041888,183597.3533155596,0.39687182679550986,0.08698607938609951,-0.5551985011118218,0
85,3587374.3052339284,1350970.925855198,7610676.421174617,132222.189129432,8.093079699867463,0.08951439577165134,210771.65440682962,0.2891962098617578,0.2085632177516151,0.5411389979910581,1
86,1281192.291488092,1461093.5599442727,3143026.6823321898,78207.74588330094,4.707859465514343,0.16914564887054473,143966.1995129244,0.19595388988399703,0.6266387108636853,0.14613386518057858,0
87,2132564.5713687777,340088.20041127794,3505141.353705987,125109.12111858693,6.177381251773315,0.045509831808259245,237000.39956916522,0.31941570243539236,0.45520207364881526,0.4175631102391485,1
88,1508099.018570544,436074.90197533503,2571510.9517543577,80195.01772998054,5.365468210411969,0.2287200672639507,271305.65746878483,0.25576630426417707,0.28910739654585077,0.32267536591188145,1
89,6191900.142901773,685214.8233619607,33508485.735876482,103239.09048593378,3.050902482201697,0.32076947416919,303461.17089363467,0.1775189134504758,0.5370786060880599,3.8724626388035066,2
90,353466.8389670035,293602.15627311816,1223114.241444325,76677.34583635809,6.7042225449294985,0.14873456260927795,208155.43104023754,0.10367301347844604,0.5089866768176645,0.8902377496706331,2
91,7568376.519734232,1154826.5711434619,18390450.705104005,104945.68530676933,20.817662572093024,0.10794685736435702,210684.59866976517,0.39830813907678536,2.039101721875775,1.1082222336810952,2
92,5598798.532184675,1294551.6819131917,18069498.461182117,112418.37973509164,7.523372491405777,0.19946112046380512,356371.8014846852,0.3761729683597845,1.214648953296099,1.6212941312959064,2
93,1134757.5404331186,497572.86074343644,4939725.141881263,99294.64219280922,6.975191865387038,0.30113258518307456,228778.62277422275,0.21402720560951616,0.7417910779548014,2.0261797111177957,2
94,882968.1057635853,642212.6683166204,2643213.069123781,83520.98754376394,13.598503350790514,0.17726449330252741,146765.3882788074,0.26038368653059857,0.7734938857284195,0.7330490352645767,1
95,2754956.149853722,1583077.0207493892,9729967.296006054,114311.15877760312,9.90477839969341,0.06411691161163147,242268.1831348919,0.21630864254258625,1.2751644786514378,1.2429444205133426,2
96,1629559.2912391713,437307.18393396767,2473389.8247284554,71022.37245563278,5.470526244365029,0.22183205721796712,225362.44857354998,0.12911402120049587,0.5372164097806738,0.19668583067092538,1
97,4488842.227337437,760494.2476502982,6975881.421911396,98373.0169986924,20.839992112510384,0.18025392259578463,205935.05296659833,0.34632268143394407,1.6927660579908923,0.32890727335738085,1
98,790122.0759634151,466753.10708428104,727351.2007285123,96771.64615450746,2.8035860521082636,0.1623870918484253,178807.36663655017,0.17121099701407314,0.12373688026459291,-0.42130196336217207,0
99,1649363.7048448143,873082.8451427884,2785972.960311242,88932.89053977968,0.9020185421398526,0.20871819182193221,386085.95788499346,0.19719743687673327,0.49708781450310713,0.10447254484933867,0
100,1496319.4265208365,1051209.5859662797,2018868.0847171673,77699.89132553349,2.946760036572998,0.013673266921804443,225044.42894662253,0.022543256655194296,0.023557980751396083,-0.20751909995082837,0
101,1822391.601405338,1531375.2998287298,5245967.020952658,87347.60060008855,4.505048704380262,0.0,220333.35151375888,0.2206411001725762,0.3923871871929724,0.5642014413769564,1
102,3673554.020906837,2812377.8717487645,8991263.300701628,132507.3299031109,10.116233476630946,0.3022921181394202,231800.7162711163,0.3028481812688432,1.223183475279236,0.38627161825164374,1
103,2018905.2935708177,888462.7007621689,4534706.505226664,92222.93887266677,2.693102468098791,0.15673324137314987,241353.75913349184,0.3249304194958273,0.11616735184147599,0.5597291137777091,1
104,7643495.20026585,1810460.0070102233,15030700.56574333,66161.05783970075,11.101933418697678,0.15200207246601766,159655.30715761377,0.1979991820810889,1.5262800604312177,0.5898848932746384,1
105,5181039.656566056,2261041.221865592,33582030.0385451,107087.92373144068,8.129055899072654,0.31211716585838817,195035.4472194485,0.11614557098573956,0.7231063506218358,3.5124516364598035,2
106,5868026.73596378,449995.82095925754,13498934.517770514,95406.77150904851,7.7361568568196475,0.2695375333505364,229128.47132735155,0.25839368845505795,0.4898669597094411,1.1365758662857126,2
107,767590.9318503725,1481863.728612624,2245682.812486143,88280.35212672697,5.623247791420625,0.0,183209.04513588274,0.23897625613907492,0.1986816785348872,-0.00167678328581082,0
108,857121.1531190077,209778.24117152265,1298687.0373621415,83807.7420779059,5.124997154872102,0.08894580751003459,241845.38942685173,0.27532509300594166,0.1198417211665928,0.2172535145413087,1
109,6798149.2810033895,4070427.7887392673,53801497.716964655,101708.34121642336,12.750110167002996,0.6499295588485323,160744.9809699867,0.15802990225336389,1.0628493951045996,3.9501878094736234,2
110,3983910.8868853026,2365547.687244155,9036479.280115869,106050.27134193089,17.2304955742255,0.3925368389208203,138896.45242156376,0.24132609298237725,1.9337841490369123,0.42318894983180755,1
111,4142545.604125805,1345566.2261857032,6227071.87495185,114841.49790069378,19.241678731052588,0.0,168166.84904799185,0.03441937652421139,1.4903499103801718,0.1346474101637242,0
112,586116.9785359638,887874.3768478407,1109114.2909177893,79600.28445145092,2.3915854346757577,0.0,220837.77220474597,0.23561557049683196,0.009597232349223425,-0.2475435579274526,0
113,554279.3177199347,253224.15276605674,1469103.8677258678,82139.21592672901,4.695593640331591,0.1509521759139824,255296.5917488496,0.3422054783772845,0.4641394999947924,0.8193158561184831,2
114,4930154.715810892,1639657.769426538,13053357.026823277,95961.42416262135,8.71393259923755,0.3263826303181301,210104.37106818738,0.20736586978022856,1.0831761668645563,0.9868690401978093,2
115,783834.2894605213,919224.205217826,4809702.798693435,107166.0835630644,3.8240494019488738,0.3067106747650891,200752.87564096804,0.2049690683565972,0.22296660058920106,1.8241559604221536,2
116,1864076.9197277906,1001190.3173840872,1841745.5681827862,73216.62098494984,3.5813324696003104,0.24464080057513257,284825.1754035498,0.24238293262374294,0.9838896655716625,-0.3572168262953292,0
117,1024501.2266256185,367918.8465957659,3351706.1574748484,112317.53450303763,1.8472574580869088,0.10364373465484492,298919.09700663446,0.3525082844385515,0.5183574310217078,1.4071084738965494,2
118,6171874.146508097,2632742.1874480634,8190758.640860794,87848.88064007832,18.331874892117746,0.08688424822623461,163899.42593093813,0.003579287744835207,1.0342412028546524,-0.0697199820880261,0
119,3758500.8203166747,1080756.7215815755,4531704.77983063,84370.72918247168,16.520191336367326,0.181542010557779,141528.97746605967,0.2305456645145486,0.7002342189268123,-0.06355370827132704,0
120,1183669.2003997015,1006733.4887298063,1333399.0701806431,98661.2347071116,2.835548315769277,0.20548948166984612,390358.5783622241,0.09640559617701494,0.5254947510489065,-0.39125391107397156,0
121,3594663.6570009505,1377933.819966015,12480229.346423807,104743.67274925587,4.95882143643263,0.22854283990530674,235107.74599150245,0.0034935090930331694,0.5335576570164773,1.5098008443740187,2
122,1541247.0333751603,924660.0128223025,6820184.997137727,109644.1095447256,10.965584008050744,0.04756536311806367,122221.34425613428,0.12903993971352265,1.308418758631177,1.7657916009667731,2
123,1900760.6981187796,812734.7521622548,8033507.459229713,114001.12283644166,5.887808496552111,0.060810257938297085,263137.2609461528,0.24914533190782132,0.7317025081135151,1.9605752456292824,2
124,3441263.8532042457,1349102.9191043763,9164434.577611884,117030.67831077232,7.433220776521674,0.11838614561466175,164869.62540343826,0.44246419356606154,0.20703872148533153,0.913096640238106,2
125,1685783.5838303007,1187060.393545001,5182059.323195014,133285.39516700563,6.552422721394674,0.29293521707561293,235956.75698192182,0.18554459972217652,0.9664413992834326,0.8038081302032513,2
126,2073307.3566178728,599281.967118817,7461580.339978363,88731.96400588598,5.067942950912588,0.0611072027859357,207294.09883602732,0.17853797674625854,0.3834004025712139,1.7918918457497723,2
127,8377489.497301635,4802131.363297525,48380572.05593178,103739.84100623456,22.3133674322377,0.36121161991143663,158574.73851109477,0.18391320548773532,1.3806569128320803,2.6708622021568793,2
128,670848.8755072098,3893964.6362992767,2287200.286800459,108697.76817982609,1.4905236613148656,0.0,201842.28828580992,0.21545268075691548,0.01168742871667115,-0.49894989556861025,0
129,3152313.3148968504,703975.0762881619,3542027.1179502956,70192.30556981363,6.291082889691047,0.0,257495.99889403916,0.13542262236025862,0.5848040480966845,-0.08149319795507985,0
130,1870135.2541157056,1294499.3404327657,2965964.319387852,92552.0163405729,7.053177856992164,0.0010937853084568452,145980.26862880707,0.12087907470354166,0.5932481340531708,-0.06277826688201431,0
131,951856.127347893,447723.5234824771,1978508.64753521,116258.97017750915,10.36548096537729,0.26586725535097416,191486.52184965013,0.1391930007215355,0.8058602837684552,0.4136449085704851,1
132,481714.1601296809,243816.39490819955,1047917.9353150226,95598.86326089714,2.762962822240358,0.11480355697072583,184303.95646560393,0.12876858601151797,0.0,0.44434707544509977,1
133,962876.7610438169,788285.9033753216,3265364.3720332137,98985.94684891455,2.767852811751336,0.038144023300496065,212636.02969936465,0.0,0.22154020061901364,0.8646836404066075,2
134,4749165.537198209,1008181.3245464249,7146996.147644857,105306.79157574417,13.652622681732682,0.10646299691640332,257055.1942375497,0.3704998081485198,1.42627305450103,0.2413697349266744,1
135,10147588.08202501,2532911.8734148312,24036347.232774198,110233.27110226071,12.986657477885126,0.08164826365379678,246750.99379422702,0.08448532501449231,2.303131626411523,0.8955362420440514,2
136,931254.5114558839,1180497.542906914,2402642.8490708373,73748.26771341935,2.056071253821376,0.07043077239147373,270989.6235758619,0.2878189142674355,0.5330551896849076,0.13774855533208577,0
137,5735750.985025826,5187287.895414815,16508749.083122658,109552.69304008633,29.821035627573945,0.33218859318063554,182261.23462003827,0.15923409109790154,2.5623739946618813,0.5113696164429185,1
138,1487485.8944409075,1223800.5348627588,3841590.2839906476,106199.8248646296,6.226707263343814,0.13769326740571297,182436.19836170814,0.27322486227327486,0.7453275655109952,0.4168883975040861,1
139,18668411.208725687,1823674.2475026723,12958191.909030365,106461.90870794385,25.424033925684117,0.29228418093147845,298337.54084257537,0.1831264511172346,2.05373797897275,-0.3676489424802855,0
140,566933.7692118634,317082.5028936535,1169676.6313063742,89650.56129837873,4.144708950495057,0.11528161549817915,245870.0664922002,0.1442323333900593,0.5365813306002727,0.3231392545755772,1
141,2904400.5774168978,2122098.1189014055,18625766.24276834,86324.92448381343,4.3614658119735275,0.044109060765109134,188090.84463868878,0.17335610452697486,0.34169935966345133,2.7055149852940223,2
142,3603385.2195711276,2858783.276466812,6263875.188982532,101850.12403564433,5.489122397510699,0.10032984781312887,192617.05246686723,0.19322568994136455,0.24065291234492855,-0.030685257924949503,0
143,6879124.704993756,1981586.8084489452,24446605.965868324,77711.82208570524,13.914306229020754,0.06357828295983822,220976.90476495668,0.32459526852067744,0.4892055123979539,1.7589890415436797,2
144,2364959.840412147,1368138.019463584,10660857.60027507,112318.78492980475,6.222806288311986,0.17298364850694212,226691.5222091824,0.25051872935742087,0.47369747322043587,1.855766979714256,2
145,2036937.969488983,1479313.9862034733,3983433.5989150642,105773.90303967573,10.367453527274975,0.32966213105163833,141272.25523645384,0.09002256744668911,1.5126487430582607,0.1328635288680859,0
146,2244827.280783717,888197.5079069996,5197277.447815506,114394.2736673843,11.598719170951522,0.24006937146636398,150657.39793864836,0.2355968590232151,1.0323968094591613,0.658868920085192,1
147,1219523.3246493232,634048.3392668468,4136520.1483901422,95409.6003874448,8.222189633933054,0.31735282965384576,166019.39666730046,0.19092212970253483,0.7948894522871819,1.2316483516211225,2
148,928720.8396927152,324517.149383773,2381119.940633953,74278.24845886759,3.195210080160691,0.0,171855.18151205836,0.24608019622787533,0.0,0.8999742757467811,2
149,2721863.7782606147,1558720.2395754613,4764973.776745275,131810.0969528961,16.3633239354347,0.22415458301714675,251787.47835135148,0.06456979444529529,0.6044165974461828,0.11315973635627119,0
150,1786275.9268482453,690194.7693243681,2785665.273942313,86259.50295137735,13.538769268387597,0.018786567331930716,194430.03563989775,0.12930333111273665,0.42374373307445196,0.12485291194745807,0
151,2812530.984757865,664521.2154091053,7293766.6379626915,98229.386701946,6.2135730813319165,0.36663951488752633,190185.32295099448,0.23105000733013287,1.1106684663806359,1.0976868387573937,2
152,2057634.6024925138,219953.25024687755,2038087.8442760452,123495.21289887358,9.461380656251032,0.14689290928660345,164140.7481288736,0.24816473657403382,0.8887318294354434,-0.10515511319367336,0
153,2048208.607439399,880479.5903372461,4239485.230853321,96822.71326368913,4.567547134812323,0.24612699056360182,327820.9763219209,0.1860615285620042,0.20447924498048603,0.4475713850562126,1
154,1978154.2685484826,1065076.4585675586,4849654.196431918,108615.26827293761,8.829871175612729,0.0,325873.2253658311,0.2518129187879444,0.9436669151153836,0.5935874178780256,1
155,3868983.096917968,661993.9845549102,15719629.494547652,114234.77256713017,3.3096500765994366,0.23436210749753253,388139.81391588406,0.123366924469546,0.7366092617440747,2.4693685736847057,2
156,917101.7836760863,579551.7253852916,1696661.1493431467,78191.53782419642,0.967180278318289,0.07370290576200597,253146.7866500288,0.09464906207234056,0.28442834260987426,0.1336365692331841,0
157,2194810.5315828794,1150804.7538859323,7464200.157603218,144854.59459386536,16.751973303980566,0.16583987565930025,228643.84076270764,0.18022552969308597,1.5468260905329734,1.2310395908408462,2
158,3182064.6284468416,810270.3351285572,6796689.197460381,109459.02237528483,13.603149659437108,0.12234464590945185,212303.62316312396,0.2542990110762633,1.2751919146626585,0.7024346051798968,1
159,8446345.981575852,4563302.011712018,23312482.71859638,128985.77394419702,15.779823933494772,0.45888275356170194,196168.36857244448,0.2544283439145681,1.0155134068389415,0.7919380086704959,2
160,3497513.4964114353,1186581.624089128,10061529.820279226,90143.91457806346,16.27955170534066,0.12674918847450667,268780.1910498476,0.0,1.5578169995299485,1.148019961474225,2
161,3128778.001317278,883799.4977454679,4816088.21380879,110415.40908369118,7.924423294001677,0.23943787009839027,165632.48231198132,0.18681421125434022,0.3443875690853593,0.20024802385342771,1
162,2484710.9695183774,1077255.7686733427,2975927.2476036777,95923.6806552306,3.483038374915618,0.0,267352.79697073775,0.2767304122881815,0.18350802693426724,-0.16452694077810315,0
163,8918207.2852464,3725548.8026730022,19323321.7251496,101995.19417390849,13.690130102922389,0.06372059338119532,244362.11270919873,0.22463973352363437,0.8999482094045903,0.5282896625641373,1
164,1465079.298288455,1288423.6432467268,2997066.4155180585,76783.94015387155,4.379105668812548,0.12969393871870902,154158.52940428932,0.25618129403804474,0.487692711996926,0.08845586119006679,0
165,1813909.9971007816,2018547.9641109,3991866.407981929,94112.12347642976,2.5469891916940304,0.04869626667817582,306258.8784563148,0.2522334388814118,0.20583942084501075,0.04159431059221547,0
166,2399057.8237802703,1129353.3220505684,6496489.651860504,121099.18296441028,12.542633971698566,0.19367206168431686,223234.87439362291,0.04355396653594449,1.8144560621364372,0.8411940625277582,2
167,3336750.0529796802,2630478.887809768,8632435.082580613,118108.80938488827,13.731923929042294,0.23490018694920714,192340.92417023965,0.3643936223188398,0.9823199609607167,0.44664050403244043,1
168,1881619.5394322046,1082356.5215148686,4375974.579513153,91468.02375290764,10.084130270675743,0.09087369451226543,215238.31838313414,0.13501330487459942,0.9491219882072555,0.4763866136337508,1
169,5126216.283497927,1313732.2914613623,9633385.284262316,68612.1020758037,2.2721080036987154,0.2554668398915773,284463.27230151056,0.2689539771133931,0.4302497300507011,0.495879225141672,1
170,1530775.5243828518,1771994.3067307104,5249274.947832046,90475.57851745722,13.569568822770826,0.20092129165447262,117404.11481634463,0.13144948873358436,1.0537813863531365,0.5893553642102273,1
171,3049004.3675789447,1269995.0106062128,9828133.623533329,111958.82759676728,4.974427604608227,0.17332813063796296,261475.02400404724,0.387116425480725,0.7864750467699535,1.275558008453131,2
172,1549562.2513751248,368229.6732600896,4014993.1490023513,84290.32628038866,13.75224997434694,0.3351877904337907,188273.11811755894,0.24786933740173595,0.9593405551466669,1.0935499297016011,2
173,3475616.525817281,1672705.2933325265,10393701.150641516,79792.91803855001,4.183976914334456,0.18746698076904922,242480.39505498792,0.3555592948105133,0.7485322177171552,1.018852262106243,2
174,628868.8495418567,318843.2564181763,1325650.5864794909,108609.72050706032,5.6224048006070815,0.25261166493116494,237554.87487139206,0.18653145258781825,0.4166523998621461,0.39879039018564194,1
175,7479427.310475265,1317147.8292521778,8381811.785557559,96404.84180178831,19.221739938020413,0.17812035737851442,211385.63719521844,0.3107465138339651,0.9846013252951915,-0.0471505497971266,0
176,1176181.3391460255,686421.6550857421,1689332.974270869,91053.12943088604,14.471417735617818,0.2702824530061133,145896.6567159906,0.3563936742506266,0.9135954398159318,-0.09302573897792096,0
177,646186.4028809846,258380.91286048185,1327443.7602474315,109745.08226666535,4.570603670229347,0.22858271774732403,237690.23538498324,0.21512055274015868,0.0,0.467490298562619,1
178,760804.2696898326,267039.53069851315,2316368.844085746,138293.90480577367,1.7484216116388787,0.12844985857659277,153405.909785536,0.2585884346506247,0.5311533185460175,1.253619512235772,2
179,452014.0753801046,272461.67586809106,683112.4783375284,102044.84605249074,2.6271975213869903,0.2499433334480391,259070.92053588745,0.34694609241626495,0.3441452027728341,-0.05709407504585579,0
180,2943779.267501491,1471301.1202383477,9212159.52928968,55614.12842454056,3.855902355275801,0.10861309379289845,207463.08312909532,0.20192739868761206,0.65066996775753,1.0865213586757712,2
181,2405981.6362597723,3483893.911158409,4139921.3195787114,90212.58733058802,8.037238235155348,0.17974513551874857,208540.0117150278,0.09576006912659943,0.5029314093327688,-0.2971122587822012,0
182,354534.44141884986,179707.78426063462,324261.9915508521,97046.61624425107,3.7797104764211866,0.04230155418252275,197681.97511281894,0.3461923884958668,0.32407121270711253,-0.393043125450381,0
183,1815327.8882424505,550427.5149542186,9534753.986430544,104607.66111626315,4.039545656401941,0.04643088669549668,241411.77578418786,0.31567614959834195,0.5012933448816672,3.030321128527041,2
184,3950090.859375715,2246041.5695809787,11785762.21520607,93000.48878160611,6.117942595840145,0.09140336725149929,249651.26210945979,0.46295718428341276,0.3839442471521247,0.90211593285629,2
185,1318928.474456121,923098.3347157167,2175980.741685024,62422.0711382403,8.081032512248246,0.07533683722635598,174602.32095010954,0.2680308162284592,0.2130089208247191,-0.02945819702807654,0
186,1792149.5157469555,1464486.505762558,5355559.173570525,104503.82120619925,4.948701280368323,0.24766103450211277,267243.175581181,0.10365693695941934,0.5827474076148922,0.6445065209000914,1
187,2405744.274525177,724470.3354083423,2828638.1332424753,156342.76716129069,6.617402933442049,0.2030299901497535,198151.4555935665,0.1128488694176621,0.7148424735960575,-0.09634370618998847,0
188,2314213.1840507877,745633.509314547,4075647.93725677,163956.37911793977,14.05349068661406,0.3960689994392724,110597.18352149062,0.2928697954875716,1.156308261900663,0.3319778229719801,1
189,16078166.411021063,2355510.6614860073,12078557.204593226,96853.69465378101,14.083287111480766,0.16150969372757598,169447.5078591482,0.2331893186776002,2.08210840730784,-0.3447559509107488,0
190,779773.2736746669,368755.9983380945,1735942.2082986447,115631.39918543308,1.7296033907584003,0.2900760766010624,175570.8939931438,0.15103742818781274,0.0,0.5114479452983037,1
191,735165.9252231255,683730.7634879085,823266.2881081796,73510.74734154751,3.148358436994749,0.1139055711125285,188513.40926643639,0.28409014990126324,0.10533343414837655,-0.41978419242343995,0
192,1296689.2289054364,812751.5930982024,2703093.390649839,77060.58473276562,1.266019348915449,0.1101571338251299,200043.92982385555,0.2611507161268563,0.1787953493275288,0.281426510027583,1
193,8132327.14659632,1894805.1578333888,43557946.45252503,110433.52575565563,13.837090321237378,0.27813161845130063,194237.52588918817,0.13057205320588472,1.9001393101581119,3.3440083495539734,2
194,1110614.9673878676,370230.67700113094,1635808.6084657235,91110.69627340407,7.4351525274998185,0.0,177504.9162608986,0.4086491462200655,0.652082654115159,0.10464491330604751,0
195,2134106.359525389,582326.6044406563,4599395.271435462,92087.26200142474,7.395120827654555,0.1967672780639148,246608.42318071806,0.22296262634766442,0.6252653790434961,0.6931745905189777,1
196,2050096.7349217369,1554244.4012806844,6159274.785241685,88431.90255435187,7.01900628396168,0.11366106580173965,195974.73224679084,0.44023459211219634,0.6678897896362668,0.708849010815656,1
197,2073394.9733014517,836538.9891717013,7141716.819701995,102257.54024305973,8.847993154562241,0.20871116042347404,160892.0697276787,0.11086892827488949,0.36884641639835014,1.454253914969345,2
198,15794947.645032391,2587585.992964493,19246913.648939066,135685.63050824672,13.281172122633516,0.4508443801386797,252538.53610337435,0.35228032021121686,1.4626025250291037,0.04702181037523039,0
199,2479206.5288815317,1015124.1768330797,14710446.659960777,66545.93786118699,3.0828641824781924,0.032503046444044385,206136.4280690083,0.2276490400052802,0.09795700915065861,3.2098037932996393,2
200,1518239.7063078908,412123.9554770396,3552519.3323185863,93965.90701984277,4.431755135892692,0.0778949585803893,218619.12543559197,0.2580299510601738,0.7260313907221685,0.8403368249450537,2
201,426459.09246633825,355674.44390015176,801915.670971697,95181.78765975595,2.0329844061584725,0.1993062748760559,216160.09350137642,0.3893822190619571,0.38174781480131154,0.025292528302913172,0
202,554166.5167037711,728288.1508850827,1640542.053437908,86236.3781844232,2.6098059788095394,0.11343840474197378,191026.69420331356,0.36644439514207383,0.026002383543524486,0.27922030688405947,1
203,1092843.4701997028,743813.6572095209,2976098.744456664,98517.13078304107,4.305768460999284,0.06341783613150288,161841.44393987322,0.17931800434130302,0.6358579794226693,0.6203888575842837,1
204,3728814.527212473,1260386.7874247488,11394453.435359187,109669.82008280192,4.388239993827829,0.02035129624290782,261320.0160454092,0.045732673800497156,0.7602262307659629,1.283823144584357,2
205,1436603.2556083687,566029.0218029891,1588826.6983726844,84640.83846776628,8.377223839010545,0.13206051098567542,232899.8841121084,0.08501304686219635,0.626908024318751,-0.20663083468002755,0
206,1188936.8809831694,1858543.9113226305,3063744.959929991,89484.35733692914,7.63909932857819,0.11857531000532341,178974.8552190057,0.09162403449987018,0.1124939235211771,0.005336922111290828,0
207,6198689.165875722,1399238.0731719728,8648240.97144418,117354.90321157736,20.021047100567944,0.33818576216456747,197119.95957859588,0.19415036253741935,0.6587879069115505,0.13823687689435268,0
208,1260695.7377694596,367301.17865429446,3246538.456829023,82949.57877314152,6.807579045769911,0.08213883547732717,331579.0798853507,0.18476346642614688,1.0894432942044925,0.9941920184718434,2
209,3366205.8209628025,1385914.4623038662,6761477.66865453,105152.34971791551,9.24273979086756,0.37477155132660883,252379.63864262128,0.05395342138106164,0.984714164335555,0.4228338648041549,1
210,5137716.375948032,2821918.3934033723,12333316.586175904,90140.3540531522,15.790807528041242,0.17069109484853764,155976.7725012822,0.19126689886282286,1.0660079628728933,0.5494827267282882,1
211,631886.0620040043,227511.853632558,1613823.9180708518,98717.25198401025,4.089932130715495,0.04679066964047604,176352.46648944775,0.3933246913782034,0.49141833353596565,0.877854121714364,2
212,1757529.5242300075,1464828.330966139,3517319.2223045747,91234.68128411587,6.217569421117104,0.12217929333559335,180574.00138113822,0.3102127417497512,0.3650255687428321,0.09153588160073363,0
213,340996.89127536624,767775.1119624742,447361.9615576998,71215.0479863397,5.517049028948826,0.11462966999541815,141012.4525540754,0.2726677952795831,0.6195656758935293,-0.5965248398667069,0
214,2666703.877250206,1218025.9564052918,3493691.3997810623,126558.51305000536,3.5347066489124463,0.20167519102647524,244563.9122728841,0.2443379934222484,0.5632594014163392,-0.10066039354568754,0
215,3854755.00817423,1013840.5995959754,9178498.023217503,92124.89435627959,19.78428893377631,0.2495302544645147,226338.23234152157,0.2161747169918462,1.8062205119764259,0.8852455128063539,2
216,1892166.7299835586,1311177.530941156,4225465.89916904,98705.0784332099,13.938395691778787,0.1401084601327844,266243.93757598376,0.2341732678304351,1.1284920817936523,0.31907954780647513,1
217,1525995.0845913913,875815.9230449359,2135764.894158121,74800.22330024975,4.599339681790865,0.12428776972598354,182858.25757579293,0.0906482827822321,0.13785198361092743,-0.11076896251717477,0
218,1901870.322116119,487938.97581288614,4140901.9135093526,84757.73135777148,7.458430486032745,0.28936096598708566,255366.99803833768,0.32042304603608657,1.0175960695548363,0.7327332005519579,1
219,3283878.745148285,934800.2741142999,12362993.572523354,113996.53830564355,3.8441942635847637,0.1598885579010076,223223.00736726553,0.22977132142404819,0.10328027965945243,1.9305366718049992,2
220,3885109.030395967,1355062.5028894355,10737557.610225845,135578.77067332948,2.4990774008210432,0.3023713873595777,290404.66301873303,0.3532032265175212,0.5304539197858531,1.0490851381526771,2
221,1216934.7580738745,494012.8044496382,2067112.3708087201,74616.25298840296,8.831452318311431,0.006492641123610449,125249.6928555429,0.27575512727683255,0.867854022312871,0.20816816136661284,1
222,8032684.807350338,2095516.708603444,14172345.529416587,120461.01007617095,9.69966952397938,0.020699293623371837,249295.7403423456,0.1348855637654455,0.5394051106714752,0.39929537411874483,1
223,2405552.378896612,797600.0986317697,3485142.2750327843,93128.88919624467,10.009387444408636,0.016773053432353868,236091.7392494959,0.26114340860953994,0.402683378139133,0.08803508402509497,0
224,1212351.8718760426,293959.79265215946,2982944.890908331,98672.30699318294,2.6797856974277585,0.12766078838448322,281571.5929540661,0.548933663294966,0.1546472732794365,0.9802972792105619,2
225,2637990.6977448943,1959745.1026287568,8492841.684551673,124927.56561212266,11.784872827485163,0.22051640185656843,120514.83675875406,0.18628223092095075,0.7797916855732598,0.8471791449742442,2
226,4319387.592471717,2050676.9694400257,16725125.375944233,120909.81186626402,18.137942357057845,0.2405708908924104,131090.76214100968,0.3222952457983014,1.843934481564025,1.6255817681893,2
227,8456979.246571608,3110405.004014091,17829603.233923405,79919.09562183537,3.403979967228408,0.0,175342.912931828,0.30745105964825026,0.4014032376814599,0.5413686316351621,1
228,984368.0450608209,508742.8094640661,2345094.609393942,97072.92898173757,4.920948232588285,0.23165223955020378,240522.9817656063,0.2691679844871591,0.6235123077409668,0.5706098460721186,1
229,14009640.123745687,2988494.554230223,18009377.792545144,100512.71220976295,18.181857568046468,0.0003945777632084001,245967.76671807392,0.20977412528604386,1.6029111975479347,0.05949141677759949,0
230,2101083.504429088,2840523.6384734665,6815731.70076314,79336.36245794265,2.7920185375286084,0.21847772075946872,196465.83623657393,0.47775333568607353,0.3627159860628555,0.3792540571648476,1
231,3039075.7342653885,1353639.6069334047,7904280.051120793,103851.17119311896,8.772724240078322,0.06193598997803634,290902.14485191554,0.011615411667882347,0.5592262668711037,0.7994063892525479,2
232,898707.9932229365,1033317.0972372931,3275296.2887558723,76297.32407664559,1.6057616255061666,0.12972998319127824,397503.40643055877,0.2896672786645743,0.0075785280760675535,0.6952659180920164,1
233,2614141.5970037803,1022305.4650854394,3052942.3548014318,115110.6101150553,6.4038465975599586,0.2056840769038852,320209.01286759187,0.3041737298252746,0.5375618344498245,-0.1604601132162643,0
234,3967876.4162544655,1773457.0339114089,7865210.830483506,93293.63093065922,12.447346292308687,0.16951086541657698,160472.92651327938,0.30472386315986383,0.6062033583136317,0.3699275436190299,1
235,2647064.5466506192,1525962.8746530393,3816851.138790731,92225.22773061441,7.192214093575986,0.04899470263983578,224621.21700261743,0.32813159452408397,0.6352181135829535,-0.08535201103511034,0
236,1253240.7635573111,1283473.4691340507,1913448.3910993089,90449.90584661053,7.898710182487116,0.17530255854163745,133833.43165167316,0.24817949435607123,1.9557584883543289,-0.24569808989907008,0
237,3182473.0412197686,692940.680205696,8563804.891868632,113033.4204273078,9.802763080254751,0.27586050313703475,184493.80494848342,0.13479157498551175,0.7877671904633601,1.2097782346496602,2
238,8576004.974025827,3133578.882389515,17098021.678147413,95225.15754201997,20.913858301311052,0.17327358096495407,256468.41176755627,0.23338471383490467,0.9617852230379242,0.46017329802714557,1
239,1102246.079424423,2022159.7955346322,2371670.668876483,108496.1878739168,6.421284355376217,0.1149366808704747,207135.9996834512,0.21987771314685736,0.5871490034368465,-0.24092106986338216,0
240,491360.04516916187,326449.4675896244,1763194.7755514185,72278.25369131497,4.905662430205563,0.28432731986460835,149172.33416192787,0.2863460197589922,1.2328881042916042,1.1559969015320986,2
241,2373782.5495286416,1014394.0846127081,2463694.649768763,116581.48746252053,15.88462816078128,0.23286498602981773,151918.51547456702,0.18027393300899802,1.4487812785754883,-0.2728553095658998,0
242,2502989.0332521102,553163.3010362774,3970779.0385617446,84241.15413504302,7.607493281868178,0.09723701783908265,221726.57636797708,0.21131507819614587,0.7907382077572962,0.2992739249322544,1
243,1144225.9143801224,758473.6106546271,6812897.765899409,117920.20137695702,3.301426295547518,0.12755513705533583,273709.73259711673,0.4466836523402405,0.0,2.580648271710155,2
244,4488456.217178798,1556470.307580299,10384195.836916499,118753.53822387992,6.330930758665975,0.2992733674850367,140408.04047229665,0.14037859237910236,0.3847114585685077,0.7178365682997827,1
245,3929657.2322064233,1843177.0828239557,8498661.180826694,100222.73358594523,5.705198717565329,0.27399961844390314,236825.94790100504,0.20811577286216543,0.7755666034122244,0.47218172513616824,1
246,3177992.370925986,986886.4080618849,5708150.714132761,87321.29068254147,8.471144661555766,0.1233393470838317,217757.31257545503,0.06318880709221078,1.1982920171746154,0.3705442623998599,1
247,908901.8050565169,421155.95056028187,2225869.704164297,81517.26127571698,3.2532347932774703,0.005403361892457924,199703.45188874664,0.20990440714314054,0.37455597573058197,0.6735135709442,1
248,1223454.7122485773,437544.7547385297,2205108.8817520486,99224.39488183282,1.1284534023690482,0.05997952929387903,298872.57372612413,0.13849389202482337,0.1516932452931489,0.32757952400304124,1
249,3666519.156679387,1508438.6657640594,6878712.24592965,108566.2323773425,25.656574234349833,0.27576226622535926,163460.9860433193,0.24010456883824355,1.1159111763962928,0.32923059123248016,1
250,1442492.779615599,902919.5754081197,5465777.851203717,134069.5944500939,2.3627064795977075,0.14437317449496412,255938.2519464571,0.20496710721990025,0.0,1.3304123215247767,2
251,375841.7334118217,554925.1709812193,787049.7538767246,94303.66158150832,1.5564735712051503,0.004701822187867984,233683.86406638322,0.2696351155249966,0.0,-0.15440724185400131,0
252,1741934.4086380778,1082835.00628214,3326231.874955251,115715.96985446489,3.927429492422763,0.10766115039429691,210702.27105958,0.2568948347602278,0.7907948221254746,0.1775233254036051,1
253,1884313.6946630478,1430091.3296779206,2630531.3245605314,103239.39495779786,4.40775338497256,0.10409767855265337,176733.41800059206,0.22557462611808426,0.7216959559242209,-0.20633377476743886,0
254,566573.5877763109,341533.18385081843,1334955.895598355,68131.62823875589,1.5696252252588412,0.1374900296241953,191011.24595359978,0.1802570588295498,0.006052705083029448,0.47004288185893073,1
255,2383338.27539749,1975588.5276048002,9567075.464158533,127507.69326367544,7.072594273435737,0.10274053219665302,182912.9607017038,0.33789142734392064,0.5136165805182875,1.1948236106119137,2
256,433555.49534767965,644064.58389687,1198167.0526029961,111942.14761681807,10.128330331435306,0.033738363106376276,195702.14322397925,0.26411187680744563,0.34446365105276294,0.11186407499288084,0
257,836437.1628889763,311428.21829247486,1566666.721525257,131894.38502882762,1.7081613950665187,0.37233799653536614,277454.84374949354,0.1353506014914981,0.34857953665898217,0.3648523138773911,1
258,1873287.3274082886,986395.2389493702,10374846.738763029,89284.77078647928,3.527819439842018,0.07535093764322953,289607.01055847947,0.1711598819242123,0.40365378014825976,2.6279714611742166,2
259,866970.9109510371,551466.6257966257,1731026.586542045,96790.04583078368,3.202525044649371,0.0,227588.51641751282,0.38691608517076237,0.25420032170503937,0.22037561873265002,1
260,772078.3586972158,280802.77424991917,957901.3072553012,93906.88557244759,2.4089861472604954,0.3388327943731398,175616.31974187176,0.4120971147737756,0.2296270187008984,-0.09020944788513252,0
261,1007609.5302322875,1010904.7165885612,2284835.9053932684,92549.89238801814,2.0927086331284936,0.39668160697691596,165029.47343210387,0.15080308811882687,0.9923326622769366,0.13193944951930622,0
262,1092237.925343869,754462.1151301521,1376270.675748648,82953.15442633729,5.631163563994856,0.06724037442342828,201344.66695954846,0.31952023650833966,0.40219822289459956,-0.2547405395651699,0
263,592305.0105945332,603694.0994974975,1113006.8084719842,70216.3196399229,3.003281817652957,0.0,253661.2110599909,0.2066307008291987,0.4423578081926413,-0.06939160817072886,0
264,3214334.997446586,946800.7882185857,5840823.493346516,81229.3086313203,4.6410898863018915,0.27195415788767735,199894.9893823148,0.1242021657481383,0.3136371509827432,0.40366087390557015,1
265,1006410.0347766164,529533.7472876167,3289569.9901745464,114284.81306125592,4.034569251293049,0.1194712929221552,218570.98144585182,0.37945182390210525,0.942589088788051,1.1417255166419737,2
266,403856.0308789194,611275.2578095315,1026447.7549450982,68909.5980578896,3.8208365303542466,0.32077766198986735,193677.25775470192,0.1814145522979359,0.7510857094926471,0.011147785890107006,0
267,3436035.076984007,2922470.4140552212,12660117.943918452,130277.12560179572,6.652101831105125,0.2443070810129429,234328.7724541945,0.15964221165733694,1.166077918337702,0.9910524512025379,2
268,2322380.121009179,845589.6874899134,3108355.3010236956,81813.16139120435,5.052029717750487,0.23012277343870557,152083.88208657096,0.19082786432219026,0.704274558516544,-0.01881789003022113,0
269,747325.8263414612,464701.738528889,846077.19660266,61132.321719832624,2.3944982409986872,0.2662834345937408,279517.57817210816,0.3653712731321537,0.5384846410135127,-0.30193238080920676,0
270,1859757.9094151028,1452647.0713898828,6092307.9196569845,94739.01243054186,4.845839640100394,0.10494139240494944,232916.94410014088,0.38606033077485963,0.7532912675876686,0.8392400551747822,2
271,3077053.4368423442,613574.0861539849,7037260.904855802,93496.3832033191,3.440421710188441,0.25380159114228057,245330.96824843503,0.1001947857904802,0.876744801808611,0.9067925064251467,2
272,1173685.7010699802,747857.7491143197,1130198.8581803963,87618.05855054475,10.846855010576725,0.053282658927411894,165353.57974117494,0.25476784558856674,0.08612252801002633,-0.41182758158708505,0
273,2469597.20509711,1254727.3228956424,3203892.9859327977,75401.67698786632,3.7857994116988083,0.0,201443.48528856726,0.277559346413201,0.08913772949375935,-0.13973850510294936,0
274,2196302.562430645,932094.2643930042,5694195.02956966,76146.00065047009,5.080126587352747,0.03395050861096162,185700.54930223487,0.10418086855458634,0.4483495797492782,0.8201639193424,2
275,1748047.8244326494,619975.3521810991,1462687.9254291037,99578.7027694804,9.990516628696035,0.2087439583183872,215978.972994002,0.2559299835806203,0.6312148788051695,-0.38231688782677625,0
276,2130779.336365441,989751.8517832503,5918073.466041028,100202.72164272823,13.371519189381228,0.21723032946481707,224086.71817579295,0.06156823742336599,1.0213136953458033,0.89649553528482,2
277,1410254.8250052936,1764172.6140109429,4030900.1931864955,88184.87117977222,3.787102611282065,0.23550946116736846,317978.09661053855,0.28964920523938636,0.7263822178528927,0.2698038530172491,1
278,2944216.948522093,3115162.779869625,9901091.037115239,86833.26996797255,12.807021552177233,0.048639773538839186,178120.77069914134,0.18329340270395714,0.1696897488023526,0.6340106547082482,1
279,1214820.2703482737,1116725.0924306763,3335005.6757116197,83171.91584490992,1.8536117364142997,0.03201908277198955,204133.1743111565,0.09131439675789689,0.04237757284438817,0.43038421167008883,1
280,3820360.2825445686,1021969.1721764442,15097933.970741885,99322.88625682054,1.3880444082878975,0.0,343677.8171914335,0.03385541080338892,0.32080885429595657,2.117907220464358,2
281,5741703.335683328,2877129.8768264335,13482901.758240981,124919.54494438694,26.971256209389622,0.03512271367666432,164724.51896332105,0.22789525644051545,0.9104373778519532,0.5643534833312809,1
282,1393945.7032435813,1581666.5566315076,4359332.393068855,125014.15979586983,5.555852665281236,0.3508717351905873,194284.65444461835,0.27339108930103695,0.48673046013590093,0.4650203092159097,1
283,3548350.818173368,2250713.4229272753,13601015.833893636,107606.77863326346,6.856481931932311,0.09342573706883243,231175.7551742345,0.42379285953592494,0.7233990016373983,1.3453811284753434,2
284,820138.1503846805,1004010.7589394591,3925082.986750044,102924.909188596,8.975673632200987,0.30531533798026034,184666.80973466416,0.13078005442303672,1.2562588967973007,1.1517338670582085,2
285,3735264.529084706,692335.9817590831,10441856.730124252,111115.58957751718,8.188300232293438,0.18656986538886583,312404.6533438609,0.44363305879872494,0.8831714208272021,1.358355661164719,2
286,4090165.210965287,1539238.8390220432,10608191.980175696,106450.1506433042,16.197677038831685,0.2475941562076099,172006.28797978634,0.14564873063214573,0.7928723219980516,0.884425400269425,2
287,2225274.930493003,2196418.194717092,8224027.131369898,68768.82324352046,4.949497010371723,0.29525660162385603,173189.47370142737,0.14653454542073896,1.392521909323734,0.859927158780187,2
288,2154976.1317677274,533896.7242410524,2808758.248666527,133285.24323187832,4.774080893876672,0.2028877520340654,250599.69472198212,0.31774904981384194,1.6713524754654059,0.04458574245704537,0
289,551455.7408026861,310340.0341613961,838470.1024995357,73964.63684858168,0.2587749178051151,0.08830972009196245,141250.0413134177,0.20670956071975727,0.07139429609311973,-0.027066357415733072,0
290,581631.8390069497,433639.50557675184,871961.4986326202,113942.38044874628,2.1306179197612556,0.17441630393545618,243712.51822649274,0.2502213155999822,0.47538873440709367,-0.14115423104928038,0
291,403944.64387873106,352207.99088638474,1324797.767969542,93364.99072869997,0.576831846900435,0.34534436077870856,197047.3174319191,0.20245621533445082,0.055684412495551436,0.7520242700484205,2
292,740389.8020904467,707667.8347453162,841800.3270691861,84390.88717707121,5.00931354773896,0.04415183334564898,210406.29670987747,0.0014824518103085161,0.20131263732036261,-0.41866932250800853,0
293,621471.0410596869,584248.4739644553,608336.7015776611,64504.62370575559,0.6483364107478815,0.22478473125654125,291667.631515884,0.05443472424588218,0.018812822539351008,-0.4954575305472432,0
294,488330.87328610325,388205.34858670464,2342916.1858616164,96374.15464333622,4.178870898136539,0.31159657577623695,178396.24567742887,0.02039677228730264,0.2859319709372156,1.6729256902307357,2
295,2981170.6910029734,686184.5133402125,2084457.451845097,72367.45742341614,6.795164425070491,0.08239828498319123,197341.59368596578,0.4194025828228443,0.7822450576053965,-0.43161833645769854,0
296,1388444.1866212233,1065657.758475609,3162729.6858706623,63183.583572789954,3.956860398724867,0.13633039749568035,192738.9075009452,0.17533660207508903,0.5710581621479622,0.28875236507172464,1
297,462972.4220080507,475222.2334724423,935286.2763375798,75183.91368797311,1.2204037867043485,0.18321752013228806,318182.7771917233,0.29641519902146296,0.0,-0.0030999741108349767,0
298,3083262.4420786025,1045655.289228706,2936811.177856532,101117.19029784438,6.884413251958907,0.09477045366284395,256291.03323947132,0.42741370592652517,0.21491224488353342,-0.28872131416222935,0
299,499217.5700982957,291939.60448895977,621599.5553706109,104281.14237041862,1.2212547180154054,0.09909809165547492,182510.9529302687,0.2888607654543355,0.01110185596748431,-0.2143159724300071,0
300,2611341.6315516727,1944481.0451063886,6562180.812259259,90286.80160074029,9.88684687824154,0.19095044129707486,210660.17886663563,0.17709053278772754,0.807572323219552,0.44039425543949573,1
301,883393.1082862857,689404.4214231697,2359595.7346693655,100406.13915319994,2.9760020364347364,0.09765943451871503,424844.0905807662,0.21990458528521906,0.10718338539505408,0.5002539679123582,1
302,353031.4966623206,592751.123918751,448141.1602077866,107780.21137914174,3.504364275197166,0.22385570997240772,222273.91131843632,0.15811231178044646,0.24648611256330227,-0.5261689626603026,0
303,1719449.4114511702,411858.3692249102,5264770.398290013,97047.23262153614,9.472397824682053,0.19379470468632987,192527.14732396393,0.167038965416181,1.047291538985276,1.4702065304805272,2
304,1738516.4750066078,1060204.575935604,5048097.200582859,89312.34459683447,6.270070597971409,0.04442536779182394,207493.11951199797,0.26678238425513395,0.768298994888374,0.8037157361157435,2
305,2719933.4998126314,1583826.1178273303,5787678.3461411,95462.60069493434,11.517212037322702,0.5123172280978501,179557.74540644954,0.02143620443650051,1.2530389400189077,0.3447959134192699,1
306,2796973.5276206946,2102732.1631202605,5833361.457965917,101407.1950778664,16.298382057608787,0.03638402498923706,119296.25167062787,0.21570605873143406,0.5758780535479255,0.1905534385441364,1
307,9247298.398767306,1301703.4587061561,13519900.254695598,119619.2541203875,15.250362314032241,0.0830719445481414,233699.93086616817,0.04311933639911136,1.0671051491560868,0.28162838886196595,1
308,8965848.225117605,1753590.3944070411,16327454.403519772,93641.33462229653,20.386997356314073,0.31139479066845666,224110.60811556186,0.2732333463378565,1.5334338191094625,0.5231631975372805,1
309,4011129.064863669,1939754.7514481475,9888549.843314921,124222.24681918451,14.494469804377047,0.09481244721582505,215561.06099825338,0.26744026380338753,0.9374790937843624,0.6616943211375877,1
310,1134290.9404611883,1120621.4417122991,2037671.000262853,79615.88143436905,2.03034399431557,0.20920174344671574,206262.36895791884,0.27640085644413337,0.27671981216877195,-0.09634138498154757,0
311,1509447.9979461646,963219.350132932,3807905.023894269,185624.77558177616,14.285269584165112,0.22586978945076597,177112.33235194042,0.4726984388939742,0.7213104023634931,0.5399989112374773,1
312,2526858.991072069,966868.0623651799,16137193.471154017,98972.52251677394,4.124617338683161,0.10519751386566131,207447.42908696108,0.21267497395811144,0.6470241218653976,3.618905033029896,2
313,2713664.741390974,1424081.1149787835,6632132.440614198,92828.01917324559,9.636899794625682,0.3040769150903226,196339.72905114948,0.2774585126204734,1.336474321175527,0.6028370689815363,1
314,882051.3192693978,985262.7046819453,2245287.249042564,89661.03738915836,3.0982655517511173,0.21204174484397584,188494.9902286572,0.14583053740726262,0.9111249375535708,0.20241545891215884,1
315,1045652.0512494163,1269100.5960956635,2163899.408406521,113793.43400091729,2.0989883089339414,0.0,215237.71181881728,0.37576073075172284,0.6048535015960717,-0.06517034945897174,0
316,2795084.9093707856,2155532.5779187796,6620296.385313396,153134.70144284476,4.96199651549298,0.2213779258404225,175821.65356159117,0.20748342304799153,0.32983534552658694,0.33726679597255077,1
317,8309293.682309603,2750239.495088115,13070679.399968972,90380.09084270116,10.18034599270169,0.1021275216464476,222140.67661086828,0.024656813772591674,0.9633596496041683,0.1818472977396024,1
318,2390832.304308865,745696.7006561169,9329927.724625448,92201.18017043902,10.537504507480064,0.01116782372533686,136515.56973857727,0.07644056235579919,0.9471093254002021,1.9746027248135114,2
319,490197.5060778809,325004.95750696625,1080883.1112240576,103234.94302049113,0.8098419098250305,0.06286857701650284,226637.22265285024,0.3727594511982741,0.0,0.3259075622402828,1
320,3604646.9085139614,1853675.1535271374,4472613.693314701,78087.32006780354,6.0227068465191165,0.12696675811130056,241368.90502869728,0.03409330320678081,0.9807262335578224,-0.18058816565283412,0
321,3342998.7831175067,1102905.2440688103,6154558.4816521155,115984.13152015657,9.651055356806307,0.05659592271271594,242842.7216083474,0.14553982830122575,1.0275754902837293,0.38432103887477653,1
322,1613115.3076555938,1041725.0267915033,3816183.4584205,68436.15308872033,6.703581799717517,0.03078888832289452,191457.94063129977,0.16897018170009487,0.9403433958216632,0.4374436793447569,1
323,985225.9807225957,385963.88470239664,821171.0238266336,88583.54628913484,7.960555097846109,0.10357804252187694,237460.31262970404,0.486398633320478,0.5874375879233331,-0.4011252237689808,0
324,3583606.363525962,1269970.2033211598,4095085.34263113,83131.08219311514,4.854943021130435,0.0,257772.42196097647,0.1990944606218656,0.9957434820744087,-0.15627470047489259,0
325,1856089.6472964655,785853.1522029501,5469044.980364409,108457.5812707404,1.6378652264844886,0.25600593950913203,217844.12167536851,0.300039354540241,0.23729202552879683,1.0700845534584098,2
326,4093835.0719509507,1215736.5003849724,11327003.644605568,115146.14823715045,10.046183105575897,0.03558997914991807,244579.3450106647,0.24202908034369694,0.611256558200787,1.133317818639424,2
327,1807885.006482589,1524068.2356177913,6011068.324781398,64953.97185274729,3.1841352225988686,0.14858234853539104,294969.95309568587,0.18264121042078788,0.4432118284558881,0.8040674307278606,2
328,4561048.300079607,1364622.054704403,33459248.556521684,103761.01672585408,11.136749472956428,0.18845293895547247,198389.6710606686,0.21978141697105993,1.0583968644908288,4.646491713719581,2
329,1275417.508680876,1721002.4682841941,2353693.269665238,87050.62504193986,3.301933603821773,0.17121152348803323,258338.7920536405,0.1718138572032804,0.5566483408235268,-0.21449820527188557,0
330,2479832.67224042,819997.9650430322,5455623.3775119735,92998.92603826286,6.858030507221575,0.09698643097128301,218705.5877867898,0.15652241680103166,0.6443103036291973,0.6533040562358235,1
331,1682940.9446474253,701222.4824848083,2997068.518282232,104372.50600249335,5.852178416752591,0.02384915615841499,186754.0108099224,0.43236538980692635,0.21963072701591307,0.2570734389157311,1
332,2730013.0650196397,478571.10942424287,7805553.196907446,114281.3379916077,14.203128727964033,0.26164976960539243,203713.60950251788,0.26438143600915903,1.4864594396935087,1.432709498188658,2
333,8416871.251887312,1521659.0151637115,39354374.334767886,86829.11022540848,8.1504729846038,0.1250823807425643,282181.95077436854,0.2248559890324476,0.46924668146109183,2.9597780836104626,2
334,1907303.4273214461,1250939.1342735307,3768739.185805724,90091.49014023288,2.807270292933716,0.1562011602067457,291253.0844194775,0.16085910273264453,0.4501441605941454,0.1933026397764818,1
335,2481247.3689239095,1555261.1305493216,4714218.25994595,99747.04615115764,4.360090727029643,0.25493130995179925,290209.1182879311,0.27145731258346895,0.6851261356546718,0.1678950411131701,1
336,1850182.7704930967,1940973.4217597302,4074537.3671585056,117737.99770649309,7.12382660886146,0.09294907822354459,178990.51155252906,0.21783192507182064,0.2173191258756182,0.074747955646028,0
337,6373297.346988784,1094400.078424466,10047201.511975937,126721.77112827366,4.874379363563493,0.08777047942714138,287633.3644232585,0.09833523669512347,0.25816759609554163,0.34542161252870274,1
338,1184647.715526289,253698.7148014399,1351258.0396811608,117755.49654753959,3.345102149729682,0.18898658244192634,279399.49921491434,0.26622844965915565,0.0,-0.060547576585374394,0
339,579168.9773397754,672611.6138486537,2430841.2976936228,96024.7618229781,4.220406707917446,0.18340864392397752,273899.0842271581,0.18770025649425887,0.7755286581089431,0.9419068443822124,2
340,3358507.7808563593,934749.738332674,8816672.263031028,110988.51788934451,24.191423175006364,0.2828244745869461,208477.98380227352,0.0694705684416689,1.8141271830027281,1.05360899587883,2
341,717385.9518025634,223847.79226703136,1101608.9598892718,101130.18958882267,2.451945519627367,0.08052865190171482,224697.71762864015,0.3471510657617904,0.13756862496217276,0.1703882981566998,1
342,2611653.91630574,1090297.583510253,3261493.533179177,126135.1494090197,7.826906890072388,0.24599164679791077,228311.86272771392,0.32844385143844257,0.8093811084135618,-0.11897993981247706,0
343,590610.0506929416,624242.5457427108,3057490.5783986244,121096.15162307111,3.8581575928072676,0.3117144015721562,335984.2543774339,0.26387862516994376,0.7810837129119301,1.5167584835964676,2
344,761943.2914368915,689756.9703345018,944429.0764679816,94801.53561646905,2.419122218112115,0.11466593198414055,162957.2402719352,0.1900906603116921,0.10138499816972163,-0.349432454248117,0
345,1171561.7341286258,534287.8192902816,3206292.2024030467,105634.34497542917,5.106382005906537,0.10072592738043339,221019.86560675493,0.21040332813488444,0.5138854996056481,0.8795867407983979,2
346,3732894.814321542,959110.521254074,5486168.364509475,82260.96549439838,12.01970604815571,0.13599859992881214,174440.7061847873,0.047735822748017714,0.8047269811905506,0.1692587650982352,1
347,558773.8461913794,575791.2037620108,907993.3662735838,83129.72341927716,7.2143141416708545,0.25465674400137805,182461.88119007132,0.11430273603192555,0.9870224303279842,-0.19969915668485844,0
348,478601.9849395575,546700.951518477,606306.678887137,87146.2737181745,2.5760904427411853,0.06973931477922299,261779.33657335027,0.3391086904235534,0.1923010535167353,-0.40865605926999804,0
349,951232.149478683,819406.3616120804,5083244.2409652425,121512.51393728331,2.9843267044939545,0.2845269768165765,200992.06592500146,0.3642456215746133,0.492268018286136,1.870853767793529,2
350,888421.078083514,491575.46646789246,1647345.3984587574,85550.15263451106,5.30327603542946,0.22297315946535098,226113.50751812418,0.15770953147480998,0.5601855397912825,0.19373153864979975,1
351,4129648.403121841,2069345.1499107792,15499305.804303594,115878.20458819215,7.247211779189627,0.3479542916181875,276119.5514695736,0.20004481008548766,1.3573754455056846,1.5002939060520806,2
352,336504.7752077237,324825.0334029345,581584.6204368446,65096.99285954336,0.2163214863700722,0.0,227173.3752579679,0.2969732839801944,0.0,-0.12058308446937337,0
353,660432.4312471919,961602.7402728774,2262490.278510827,74671.32906759188,2.6539280593322623,0.028390853702949453,173517.23916852896,0.13445805203909628,0.01985374057632291,0.3948466212298983,1
354,1881680.2818328764,747493.4717192112,8624068.99160937,113823.68809169719,4.675755068923734,0.2517116501947858,336740.39924558235,0.40023390511862844,0.5865300596131098,2.2801441821629367,2
355,786058.6145330912,359758.0730129716,1768408.450129693,95103.04635667236,3.350317796845908,0.25055895430223485,248897.66813467952,0.2568441974819021,0.47320125238153543,0.5433607045093777,1
356,1450016.144379061,695576.8549806952,2059150.2710618374,96541.2791075322,1.5513743614650597,0.16735366728624768,305961.80018232076,0.1211870779521893,0.49925818254587323,-0.04028850221067708,0
357,1140498.8411408602,733182.6981527722,5224731.798084683,75889.12214789004,3.018240161767058,0.15910356836530626,219878.46102833244,0.34467161281316233,0.23329446629741332,1.7884844294587958,2
358,2235961.5529340035,892682.0362675121,7531300.4965084065,104956.46480925495,5.377366657483579,0.15532865203016014,227197.27270242883,0.500410848885541,0.4565311361973955,1.4072094764972976,2
359,4160151.6315064216,685318.5500531284,11105553.086739024,81355.10089658633,20.511509218243315,0.0,236554.62205635555,0.08013369291741959,0.8800873340919246,1.291945398612405,2
360,288990.6662989697,148019.12294617062,759918.1690302542,70203.69295010414,1.5113906223683302,0.1208582677069103,280669.69688303693,0.26164542821679454,0.03793266405529677,0.7389042253329906,1
361,6755650.76683095,3164959.80255554,17932818.845756065,110470.82038899821,15.940309094417476,0.11977665661140431,130598.90345937494,0.15183098551282773,1.0121428776883001,0.807632576677694,2
362,2153217.082328615,502613.61197561154,9248608.298863104,118064.59721685694,13.895363874704437,0.34530303776197574,241208.45214676973,0.12534265421687887,1.6336431677305177,2.482378721918511,2
363,3614511.3308502827,1441804.4032409042,19943450.161465056,75651.1702929017,11.51624962466109,0.14301069472898048,165525.66516023004,0.2238256112768876,1.2186266524122171,2.944265194319329,2
364,3292477.6966897687,2046497.780844788,6693878.725734126,87213.32417208682,16.795658600707316,0.28770242767611764,153064.1291386088,0.07284176048232967,1.8104929435874997,0.2537758890073118,1
365,125656.09967314867,207160.18089893565,208869.4934894607,80630.97118904704,0.27013901347001373,0.10507477717799128,293470.92646819534,0.32612560078802755,0.0,-0.37241804057652794,0
366,1130518.5479973077,699175.6080648067,1416637.6428217615,90402.41753052754,3.869527527533058,0.17369398622805216,253037.57305143855,0.30893967311277853,0.13677769150812438,-0.22575167104940488,0
367,630216.7925443209,357726.6395775168,1141890.6580943672,67805.53018000239,0.8858534093619224,0.21150181575925095,248044.9828722881,0.4695921267100227,0.40549651577982826,0.15582595214170522,0
368,6185126.563734238,1289196.1441173833,14278401.877451709,73148.91050204475,15.773120732557672,0.16179770882325129,198917.3306699951,0.32074101899899465,1.8022324301224524,0.9103271875661112,2
369,1662582.870345508,509147.41047766816,7779975.563714774,94968.48336333763,3.984400189669464,0.2162485527132618,275842.54479852784,0.25498552481795883,0.16257705114795445,2.5823857282893523,2
370,1612894.5309356323,679610.6467568348,1815438.2345826917,72755.31720524447,3.630182023605067,0.2254568945874751,252481.20004098988,0.10680548302940478,0.953335208119918,-0.20809852372502374,0
371,9105281.693077885,3436515.6548624476,22541059.692328956,70873.1392453846,7.621763641962527,0.19978848185643971,225207.1736686586,0.12931698824021565,0.8172495552288821,0.7972750688744579,2
372,2290720.9950686973,1002266.5500955961,6403093.933553875,79500.20732399658,10.359892163848926,0.23225413516720247,160757.46770575325,0.11953465872939616,0.7902953534688395,0.944463453242248,2
373,175812.8237944214,320539.23841241817,364381.6775502672,69566.24337307818,0.7898794638926847,0.06262704104442526,305768.41957014817,0.1480006333703793,0.0,-0.2658806010995835,0
374,2750505.310297644,503708.13272617105,4074646.430157358,85196.04527359584,4.71806095817285,0.0,211254.14916394043,0.3460278755751318,0.13312300550066683,0.25211406734623903,1
375,759465.6571135343,702701.7465929603,2457288.9686311767,84255.00689411593,6.307266496429566,0.08959417320114565,160219.46053883515,0.23032027063616511,0.24356443904689862,0.6805797765714902,1
376,853730.8624591029,734644.4314067373,3193272.3438327536,85010.6795981932,2.456491954571985,0.1967527737579892,200508.7273681771,0.21454218261403374,0.32226363223199933,1.0104016702884253,2
377,847750.4080048266,2103989.5093233264,2101739.912681983,61708.245477052646,3.421684474846929,0.0,152351.52490259864,0.17393584672011442,0.045103169618958966,-0.28796575187951196,0
378,2559402.281181165,1015033.2555702348,9149362.358142924,79939.18304784286,4.277706435699553,0.01998997471851673,240245.64319668277,0.29714917405355706,0.6016781675200726,1.5596663484546307,2
379,1289174.6474434447,1231682.3325395698,3664468.8656533426,126292.76269929712,2.1135251076003083,0.20042306430564188,221534.1931753562,0.12189772124463903,0.10490165792777557,0.4536599635565337,1
380,2242103.1602003993,1534438.08515664,4184325.660101768,79989.95148613994,4.515838107591976,0.0,247389.1670580698,0.3809620887366148,0.38666188117435857,0.10797827648408914,0
381,5006741.935274981,3680637.2242118036,9761637.904979523,129472.32869828383,10.335171797912707,0.11063054129594697,229157.9726607062,0.0549916253947835,1.3549866728199915,0.12365740297171518,0
382,1060513.6517158067,2212038.7391444105,1187878.1916349898,78852.61054310501,26.888334930087467,0.05154450270127281,142719.7781527776,0.09412429826453278,1.0528888355376007,-0.6370178228612724,0
383,1049092.1826048952,662108.251806375,1970433.2337591555,70426.87720250695,1.5461808582532073,0.16168175965473722,210640.65072397343,0.1552591227695779,0.523483752260963,0.15149177976750172,0
384,625909.7730462501,392691.15992309415,1699882.2415373558,77274.98464681495,10.53075714487415,0.07574908878974657,195921.26390349236,0.11772769114823717,0.9745926588039842,0.6688402558026277,1
385,1113120.9354381443,574093.2807247266,2035529.2096079218,114563.11666588874,2.130031520356923,0.0,421987.0466436665,0.5783029486966065,0.0,0.20644384696876406,1
386,10225976.139746055,1518445.0162166965,19783576.10509047,94554.49731473949,23.971225144510125,0.05889143353590949,244669.20866901902,0.3260613014453802,1.2702221994622929,0.6845084012545107,1
387,1779737.7439788629,2453133.8645073306,4730138.18159393,91698.88340984398,6.593371969764066,0.24491602678360044,281068.6089789264,0.09111683300913481,0.5640728507107504,0.11747735795028641,0
388,1622599.6631346939,1959567.4179845753,2734741.2290325286,103259.45744610194,8.775710059247858,0.09821654670338463,205228.65786635864,0.24820243278785634,0.29293963400524414,-0.23656793022115466,0
389,931534.1779326958,333083.463656984,2180459.9678094033,75576.36514383736,4.036390305750256,0.07769257856588693,244180.2318185095,0.3923001990441846,0.392931131403725,0.7242049265329477,1
390,1062493.6372164278,1527819.3401180727,1137975.1790548672,118201.74691648496,4.4895266944045344,0.2566728829664114,217582.70684266597,0.2420110795777224,0.17934913383554268,-0.5606804316651058,0
391,3368416.885174082,1533649.50760242,3171416.2295610453,87320.32866232975,8.78496511972702,0.1048300806427825,223552.8478070138,0.3041912472356723,0.43376455597923147,-0.353045027249259,0
392,3322100.4216687083,1006857.8340773617,5936229.375154773,85566.86805311388,4.607182889188504,0.19899097043529995,315567.20599219255,0.16447990594762585,0.3813489040280777,0.3712835801258377,1
393,1069546.7344043546,689176.1618787879,1660893.43001928,60516.95734694283,5.545471775153236,0.19150445352305917,185180.44121044097,0.26603746294612884,0.8944562830533953,-0.055625287230076904,0
394,889013.4856874003,582990.6618967707,1537814.266374104,97981.14848448838,4.335599761135146,0.0,187617.70757725803,0.08523774009311635,0.20836151818615145,0.04470783516333117,0
395,1054897.871662266,1571337.2456008836,1866891.8767476212,103481.34226724053,7.30033784887795,0.14470292989464706,216198.84178292027,0.29378623418691285,0.7301704944020175,-0.2891375701756873,0
396,417587.6827247041,582690.8832261282,1080669.7992814195,77742.4123473725,1.6126467422950173,0.026899099491044468,254211.34388119512,0.1504433602790199,0.0,0.08036884530677697,0
397,15555361.269204631,5930691.106796431,24819545.359941155,106315.75136826582,9.342843848455077,0.0,259756.86565180065,0.14036410712090583,0.5645692208248911,0.15514683319228292,0
398,557152.532417518,914710.4974799593,1672972.2440347641,71330.68866666804,2.0729716139447505,0.26070304175333675,210712.68488443244,0.11415891774616738,0.34872324662207776,0.13663582144005285,0
399,2250068.0817915513,604030.6093212008,3604450.6643719357,92515.44228904086,9.53405676636745,0.3083953877316614,209360.52959590236,0.14904399730801726,0.5050743294144875,0.26290330309728616,1
400,3242241.781529596,2011313.454580887,6389399.97182862,116036.87454176579,19.625131217099945,0.1643527185398363,138397.0392377511,0.4035692336542913,1.5973897860952104,0.2162049668595603,1
401,1221385.5497148552,959755.880140261,8349640.254745804,61914.34002402167,1.4384659277579033,0.044827662860306615,226496.84627343496,0.24494380708749003,0.5863228525975808,2.828105844241579,2
402,552434.0587575359,214639.85772221297,1759599.664653027,79364.35903194455,3.7731740786466847,0.1769392265546181,121966.8550757383,0.21862843178014327,0.3294082407906111,1.2939114821270046,2
403,824963.8997135962,546436.8877325624,3145844.798821719,89655.63619078025,0.9451755502725401,0.23328934818354077,345659.0396560668,0.19831195827653614,0.533574221579175,1.2938916381110985,2
404,822878.1911963561,965525.03968872,2850942.214490792,76104.1238593486,1.8451039986411453,0.05036772822749299,241675.97704693614,0.1634728006833083,0.5323879419187949,0.5941271885758492,1
405,372104.54319382505,420842.8544685352,823602.5897147157,92631.70921263244,3.990312508251188,0.26407006162355046,289364.06392440107,0.31547160530400264,0.23354993168087004,0.03865980535749055,0
406,1869711.393078419,685227.8005122453,2459422.910906844,64513.186519150535,3.134509745385765,0.02985521329956718,200057.01031474743,0.1490775849947001,0.18467975413917148,-0.03738495339671221,0
407,4413808.681896053,719084.1816673693,5141009.11475674,102339.658597282,3.556375627360789,0.13504052411151496,271606.67685686314,0.1454957158702777,0.6385580086199945,0.001581223572954729,0
408,3317714.044417646,1534719.9413265148,6899185.048752695,103020.17306127203,11.904580836945353,0.17693440344064115,223724.5326178598,0.12143913205145163,0.48579411740264933,0.42179884755189484,1
409,697827.3335146747,686042.5709547146,1916656.4041192215,86107.24396118186,2.884655850842207,0.07751172691246212,203128.73077480862,0.25975426454868045,0.08320084627733874,0.3849975333151826,1
410,1640365.1372750686,1525816.9808280172,3947047.793020947,96024.83994446861,4.362789357566097,0.27466974813611333,202335.84292928257,0.19117432758496966,0.4547110952776321,0.24662689819803887,1
411,5328822.490968723,5271081.285454718,12595113.766148636,106362.36788145924,8.97974009344151,0.29217516059001936,214273.51392464683,0.0934242510398326,1.3087919231446925,0.1882290662074677,1
412,831484.4764624003,1095532.2045704278,2059351.5370770458,108040.96130236295,4.317410013176492,0.25223020471647395,207944.1942380686,0.20748378970407963,0.6002868924202434,0.06867343565147026,0
413,1785753.398883541,786230.1174192156,5807697.7633988345,77432.02575989622,4.155441821646235,0.22368848774278102,179311.77906434357,0.19730656147830813,0.4888250384299367,1.2580618136104689,2
414,1612835.1845394296,433054.4520358747,3684624.944653925,76782.76646109417,8.46591710362555,0.20632705864987916,246437.05050761122,0.2660931210603344,0.7961876763560045,0.8009891045842358,2
415,3276255.405201938,3341331.3905665604,7509504.290056454,93871.02048100671,8.63060912947055,0.20208735276323522,121689.20531613285,0.12121859100376307,0.6546372915063385,0.13477987094302665,0
416,1164586.6587571343,691408.9354878715,2167776.2665724284,89107.81506171996,5.88686114079272,0.0,181396.88023908978,0.3060415027603154,0.3859957102452337,0.16798567480126522,1
417,272424.0621894642,501936.5601799531,944671.9305972812,78429.78825609744,1.4483281934475358,0.07835802451552962,283149.8678046892,0.18633705727370103,0.0,0.21993797632263248,1
418,651623.3951173002,341617.6225656297,1535053.6168213838,83777.48317263993,2.0837905362803895,0.23823437942638398,284515.7551100182,0.2811157632214382,0.4219811156503213,0.5454996214336926,1
419,6206271.553693358,661874.770299209,27837245.57846784,182548.2555593485,7.274575372334377,0.3388505269959064,338122.9639999126,0.3659455195053172,1.097894320347053,3.0530944253799164,2
420,507951.6291797698,536113.1494759307,1636256.155680161,74101.80276099208,2.0053523314959345,0.0,264676.8179548387,0.21102233383397279,0.41875610145692077,0.5671979259629315,1
421,1247098.5205253388,874201.1327916099,1460750.7460538833,91656.22246556886,2.9724664803494565,0.012472137090251991,276424.00582368916,0.1982939087294386,0.0,-0.31138877820971905,0
422,660374.0124609557,609315.7850371375,1155810.1223715567,58069.79289040185,1.9672491855652412,0.032108536433509006,180431.14413493685,0.15850948760833333,0.0,-0.08969094289875738,0
423,430026.7177708676,417380.9493892584,1284785.070974785,89791.34644781897,4.021204504060649,0.2515683844986989,262880.4751292117,0.3096638313755521,0.38849716506483845,0.5161357641245088,1
424,5535519.048538215,1345125.7068521248,9421348.1468305,123281.92178353695,8.737411813742693,0.08773077903891514,377596.48838256457,0.20412914283668415,0.7091444758949332,0.3692536792354751,1
425,814870.4724956539,442328.71561598754,1423024.7038884584,87186.71787699788,3.179195651076938,0.12532916631961916,215306.57773451583,0.17087002642327295,0.3094019995933251,0.13190074997255835,0
426,725903.2549367996,781847.8959915505,2079559.0817335087,101582.25332461412,2.2384691637209775,0.17155521806097812,223597.0264983868,0.3305729049398942,0.2744805670936928,0.3792455608162434,1
427,4626167.027849339,2638213.6973706307,10534534.258278761,88902.48774896961,16.893835213862374,0.15752300949298223,130746.49347754575,0.28878953695384846,1.21937316912252,0.4501627401914248,1
428,3424841.8220470063,736466.8402341965,11305327.744481064,87271.94576512555,9.825718358348183,0.21502892543717822,231114.64102893075,0.3005925772210512,1.0744288915501823,1.7167722132593632,2
429,540517.6501908288,575066.3472515806,1475241.2728727576,112308.81484422293,7.048261489761815,0.2082382172051286,137477.5518923835,0.2235920144035863,0.8496847094388755,0.3223937204682923,1
430,4374926.523898165,1210972.9423562465,10698884.086973054,121668.27442614619,9.696609021606957,0.08810405874313094,290059.92043081496,0.1896915572109279,1.1829604953181918,0.9153377449070207,2
431,2126118.0300048445,475310.2045665788,1301233.6158923802,68162.56334630893,6.31343703945471,0.17136451114743784,203862.74478523247,0.23571492770344846,0.864430122791964,-0.49980030254159435,0
432,1808553.1580746523,1414334.5702467544,3213498.9460333497,73110.13175087007,3.3985203998751894,0.09455161077386974,245153.97902608963,0.18408679485573123,0.40208157281029705,-0.0029131583472649454,0
433,3558104.768090897,1456176.9963893706,37812873.790161304,84356.06034667854,14.787208450279914,0.18956307440439396,172261.1211475631,0.08853360371055341,0.8865891416113678,6.541034901153112,2
434,1393858.2174893727,801149.0945225209,5512614.549668163,75268.19739191377,3.5677905624267225,0.13515645697743317,266764.8945200539,0.18892812904340456,0.6293486426957102,1.511433342158403,2
435,7314136.867934955,2746661.841834605,25979683.51130654,93827.53931707585,18.857761989245976,0.05371045468049243,298741.5569602821,0.16733171921172313,0.7985895177163689,1.582268491872212,2
436,3182091.332553655,2324096.356986517,6292450.9614895005,106303.16320770181,15.195691163790883,0.1598344656719004,258640.1112019035,0.17726635920665382,1.0899204549369421,0.1427963077689766,0
437,1047269.0666125275,768643.9913557649,4754916.757969958,72346.34922088732,9.433073171248568,0.06291901769077278,182284.93914863744,0.18535754902994112,0.5137631053233698,1.6184715931774434,2
438,3822608.2822481133,4141524.1897856286,10213225.177079292,83338.263036579,5.028320763969681,0.025620993804521833,200083.13617653382,0.13276739416610708,0.6008109039594185,0.28240272408115985,1
439,660775.626812788,1287022.3370158717,3022598.8145004422,128189.41694567044,6.416809304268395,0.2250138516392672,149404.3799730981,0.1259912600255129,0.18072740964050293,0.5518030466358619,1
440,476937.6155264598,423916.12165262667,1117015.6030396572,92595.86057349422,0.6647826962911909,0.17471922610049692,272924.7945479945,0.2190273129704026,0.5381925394507718,0.2399522330200407,1
441,2380814.044402986,2168591.9828685303,4767314.460135478,105971.79399170022,8.538800808049134,0.12860481079170727,145674.79399711837,0.1909394695903691,0.8561256627202571,0.04789821606550481,0
442,1908169.1365710897,1084656.0497206254,12329420.165851926,72748.56893607885,15.560105674012817,0.11025598713827237,103034.04508825015,0.11334284186066791,0.9707204391629911,3.119659318000059,2
443,1168947.0486151585,1030037.362681023,3616604.302149996,80270.11595265433,9.225324673656516,0.34210937572510003,186897.4913154108,0.20269542085285192,0.4358918803214215,0.6446702775933756,1
444,642166.1191132305,279565.2724355679,1818846.4596552693,85865.67816072576,4.499672873409305,0.1309173309610046,150362.6662477538,0.16902918933906919,0.31775600934323295,0.9732933871320533,2
445,1719648.5216006038,508007.8417289004,4213238.448417674,95777.47628522757,2.960141315301224,0.0,255729.57375831262,0.14658093408382553,0.10197351976160879,0.8913323068017883,2
446,1378748.7991101765,1178189.0675900918,2883773.6466130284,75008.6765742655,2.7598317137432398,0.08278351373045235,342714.0559262222,0.1566866671287583,0.14581489505604583,0.12782312162107481,0
447,868128.9470990958,904436.2956444514,1724720.2867178323,88383.22247010931,2.6235343405395715,0.19966225521936468,116053.68902810816,0.0,0.08719141869764306,-0.026991929477112573,0
448,3674998.8872650596,1202213.6846277409,11554818.627342258,120961.75544938735,12.126989373515935,0.23445625487239086,139731.94379276907,0.17361415112565318,1.1118642148368645,1.369143943803528,2
449,2518357.344086779,1330291.7917484355,5397039.228265082,126669.00859606394,11.812332962770205,0.1433253381872529,147554.8534765552,0.17800023897421374,1.833894902935885,0.4023204084811551,1
450,735393.3122293669,608351.3774017666,2767751.0736525226,78272.25652444949,1.68715336508915,0.12306128808011105,289529.74119455344,0.21869027819086412,0.13620264983587438,1.059729869081223,2
451,2189617.3384117894,1007313.8145887611,6323682.376537317,147738.2341315203,7.331691897516267,0.1448944393608829,191765.14013398852,0.2149041007643981,0.8813147074553711,0.9780477194831317,2
452,14289844.533249052,3414410.0918380376,32571466.821967255,113529.02277979869,25.291765435907518,0.17772321654121653,267362.8932008909,0.2808955508469477,1.6473985222870113,0.839753636157785,2
453,1190864.7476987205,458639.4731411439,4424925.336177876,102719.02355224598,7.966953894460094,0.2882191493243174,252005.65502084934,0.35008910897429374,0.4486935606565966,1.6825789714711208,2
454,5239441.757481401,1110076.8250968463,11895074.422090735,110760.02047820979,8.083030753699033,0.25793775639358757,266103.8719271237,0.08354182834901888,0.7565004771721617,0.8733820946249901,2
455,2723548.923320784,1737012.9484313205,5286187.25890587,156535.50843123038,4.5728408453828004,0.13141801488900998,209453.67015869607,0.3470954258151331,0.7245069567523348,0.18509448156796027,1
456,1236938.8407605777,1187925.379523183,1547704.6726961005,107194.3608978626,7.563931423011859,0.0,230426.27002644588,0.36439826963596605,0.6720668822587035,-0.36173553151978705,0
457,2256230.5108611495,1221996.420451829,3387384.4108167402,141845.88333970978,19.855604369963032,0.04396888717933483,177574.68343920776,0.16929458300754657,0.9159055241299106,-0.02611747947738026,0
458,2545367.6006370694,991791.0627204848,2971319.6323121483,90577.67704330957,10.624813831537473,0.2686932762059766,302089.21554580255,0.20314846109806303,0.846768960315667,-0.15996993205509702,0
459,697944.1401088613,1131854.852607698,2560059.4630473573,115068.71886501159,0.5839749067357864,0.19170095730223496,242573.16027333296,0.2999118519142911,0.3441839965115141,0.3990932737626211,1
460,433175.8548297129,659251.7010432533,524256.53798074817,79624.79785218825,1.1326519103879655,0.09114087254861694,233160.62456515644,0.301673577972337,0.0,-0.5200994929482429,0
461,6778723.43137894,2682722.7461048444,26315562.822171185,101756.38766500319,34.961147944008594,0.0,199932.19502310592,0.13322812240057813,1.314808614023045,1.7813467760136488,2
462,1074303.3734450005,427622.16602476186,3176528.6264656764,95218.26176291758,6.921036941711799,0.29717654027566676,230886.94351586283,0.250175070739592,1.1130405909510883,1.1149707778370384,2
463,7836794.384355606,1484280.5270915087,16813035.541613784,76188.09997152381,18.00500167929965,0.304184451139421,122427.4082860177,0.11733644827168967,1.6537005734795103,0.8037657353194179,2
464,1556496.675833105,365072.4282469946,2162501.861361093,120835.92061918239,9.759209025531147,0.2988413868749503,261061.3252481303,0.14621339899668173,0.9344491167912046,0.12538334258675202,0
465,3027549.255375473,457254.23047092906,8139540.314896917,115474.40210689022,9.071112498703862,0.2436228997350675,315908.2043383574,0.033546912035224224,1.015039298435688,1.3357243379593196,2
466,11771948.074147431,6046377.079175996,35328652.16121227,76167.38146690106,11.224613465814654,0.033524200362845015,188542.3792217802,0.27210263237122484,0.3636579865375462,0.9827145288468858,2
467,2861024.747667013,926558.5022694304,10517508.828988016,85313.58826392944,1.3854226442964115,0.14744646731535127,193678.18098208908,0.08860504720005796,0.17674465017199292,1.7768389854307496,2
468,1060353.0281083845,721345.4170018297,4221866.245808652,121472.20364806187,3.255893323628217,0.14015402773031005,248692.0425918108,0.3140048320067045,0.4356319484978313,1.3695739632008779,2
469,1804913.6139339134,1182421.6493650433,6098678.285312301,94006.04704698801,20.68219775148429,0.1757271297538309,132844.0716352787,0.10431490172313804,1.3713846823781335,1.0415111622180109,2
470,1473863.3169809852,570330.4929983591,1825312.8528052953,88508.03068641412,7.276835279854046,0.05373769317116239,190952.25469309557,0.02979821102893839,0.8212979294813298,-0.10707446432207947,0
471,1699952.908667037,802889.7280970247,3111609.5879918984,89734.94962955687,4.415902340148889,0.08990490658699003,206355.79347370777,0.21060600032345014,0.08723493261878712,0.24323021443126555,1
472,525633.1459562759,371841.76543666056,1361636.0207480951,116392.01472797398,5.20051196113693,0.052866453307857685,181977.45679837928,0.13543295264450395,0.4066412131521335,0.517185609829195,1
473,1208321.788229272,1111364.62119847,3010980.984332538,76409.26138816708,5.198923860675595,0.2953786752586476,190195.6393518016,0.16228032520365596,0.6198005425557387,0.29801208132927587,1
474,810280.798262515,756246.2637926706,3124323.9715474485,70276.59402575667,0.5948983465784177,0.14747435716749202,318110.95890991075,0.08200509144455016,0.09423345186862785,0.9944270655934478,2
475,3733345.129591415,1338498.8984986402,7211392.593389627,82447.21798739274,1.7491960665329924,0.0,302801.9203600585,0.3835000546022583,0.3219960516283663,0.4218482574483424,1
476,1433361.0424562865,608918.4392112496,4083750.0186342825,128734.0409016972,4.733058200789865,0.19215353092588638,225868.34320867545,0.22514914112158432,0.3448896140226004,0.9996039010781574,2
477,7971008.929203655,1681849.3194901978,6777893.12585499,123772.7836111978,17.85792168893922,0.09595874989627258,233748.71376148297,0.2803881305775305,1.088242742914912,-0.29783563052196266,0
478,15448916.946365995,3434818.7232979485,53879293.48631678,116486.9212076753,13.909956366166973,0.17411739992841693,211586.0370001864,0.04559294327842222,0.25479609185822205,1.8532115905896716,2
479,405906.04123114946,264692.2159703821,741290.519573785,69982.16944251432,0.8198087077886951,0.14278500994795398,250439.80517103727,0.12782757293450697,0.012668799783782223,0.10541671054627967,0
480,1103345.5977093254,721814.4365167372,8068094.973867655,109590.45711509885,11.313052448589673,0.3318760979575036,126855.50545940244,0.3967483310866617,0.4623804218740009,3.420486325895709,2
481,475892.3461574268,759157.571801343,2256740.3389394647,91216.90320561356,3.349133432975788,0.1003680819419845,267461.47002386494,0.2857959116712917,0.1867773892457896,0.8272462563045995,2
482,594787.0003716198,740033.7590138902,1962208.9999363818,73585.84158311295,2.922804140068732,0.12148540821640207,158850.16208764707,0.07419688551091942,0.32106217822759525,0.47001684393917625,1
483,4124015.4118219973,1527122.6636584026,6933450.657632373,115505.67494595407,14.830645200585424,0.16677688336633759,272792.26036349725,0.34433974447291277,1.288692969699107,0.2269122723643529,1
484,1371226.376493876,1634677.6905263858,6275784.579444462,106431.15141062051,6.097272507771288,0.03660214382438019,267257.94756516564,0.29555744675540196,0.40284274118460983,1.087819318088091,2
485,1226582.4795727069,727209.0740994842,927482.9851873332,90008.61156232253,2.157646447532634,0.15261237516812698,208557.9736655774,0.0741655656782672,0.23751252956823468,-0.5252907182221614,0
486,4816683.878795612,1356500.7171467817,11523722.170778515,127677.41909822871,9.368273644719062,0.35861103810244144,244914.03824062098,0.31275081763616125,1.8370104600838166,0.8667386324965897,2
487,3044783.192600959,624921.7662842566,7238381.744163369,116979.89144396463,4.231123334973531,0.2164421831373171,210080.8602930413,0.22793239562951495,0.47986911601204124,0.9724696740640008,2
488,711860.3171167142,756218.4807158024,1216127.435719949,137459.5364029091,0.860047254618524,0.3090921910590157,268954.8519160869,0.37166928699881274,0.0,-0.17161978123010194,0
489,2169147.523008898,1187788.9314310434,3361045.9541382515,97289.32138969772,4.194298216468253,0.21740454357441064,226804.23652241696,0.3237316981924756,0.7480633853825656,0.0012241815578233138,0
490,9149435.538590718,1195628.1541691895,22606670.319824878,76335.1882265885,12.639495239128145,0.3906694697176008,337219.10590109735,0.0803978519006284,1.2555911687272467,1.18526158864023,2
491,2300517.9678401756,1470256.144565585,2404700.839507715,99761.79102220529,5.0649130599537395,0.20718809606897853,291370.5716613409,0.11202801149609469,0.48925200551260617,-0.3622792647280822,0
492,1694007.3228914016,2164956.7101980173,5249392.11634083,100163.561023394,11.116737493919985,0.1576060436423404,156913.19240326295,0.23639871545950464,0.8748251164929282,0.36031123154528566,1
493,2632543.746691917,1253585.259964825,10070978.207606452,80397.27710368363,19.308850347955993,0.1770820028480916,174157.98937650237,0.1530622362397748,0.7109999886054119,1.5915192702958079,2
494,6060360.1895015575,884953.6892249881,13530154.135478567,106081.29356785123,25.78834337425328,0.23876898383510892,159953.8442560973,0.2926232100687638,0.9038477887526384,0.9480982964530008,2
495,1382433.1064168487,1102777.2074811375,3181499.556026308,96043.27226125561,2.522007156230765,0.087653925919253,168841.19252112095,0.3261711096475873,0.3132221152520464,0.2801731661238001,1
496,4474807.88738818,5538779.948634254,9709635.200483223,91787.8054165251,13.165615970437548,0.0851957325079535,183445.83830247907,0.40817968422081674,0.6665707065809026,-0.030354019010627127,0
497,2230531.8875507186,921712.0284938497,5338733.516591379,129172.71130418526,27.4132329177472,0.2123432381474213,167249.6569297064,0.07259783954488443,1.9863245953702222,0.6936295727046452,1
498,1784050.9580643657,1063470.8710049177,8508827.878507046,79834.92193474465,3.9290798527038593,0.2962454569241886,180093.5346769145,0.20078487778427942,0.7957194507318524,1.9881519402743857,2
499,3749774.340210256,1204078.2903355518,6160080.767638836,96330.9941707216,8.890364502141821,0.0,244867.22181434574,0.23046864636042272,0.3795636884408294,0.24349293914302972,1
500,1298483.8174225881,612475.523034601,5072430.058628584,126588.16175971397,3.9722915242563674,0.25365802238534735,330534.74217799096,0.18462757956885745,0.36339158259162185,1.654389317051103,2
501,705774.3072301353,804380.3775468993,3996679.5302517912,95462.19410299651,3.706744653143094,0.17760360316137944,254283.08626439032,0.27903736984508765,0.5754594217849283,1.646536524065995,2
502,1623399.7389819594,1173045.5722003987,3050637.6000476643,135730.11526427316,2.842946292658485,0.07894994317510691,194314.2279364162,0.2503396209380006,0.1332446385715248,0.0908983586587043,0
503,5594308.601348598,3258424.2893154453,9315043.94163155,73876.48275764857,5.03159431307056,0.14080802546449805,291178.44487200765,0.39524863670711663,0.8086359526675375,0.05222241048920083,0
504,1678092.032999718,1136801.7326184514,2507848.728042933,91856.34413521546,6.598033749904452,0.3265942701404998,301451.97934311704,0.2565338321406247,0.592410442119049,-0.10907873019066044,0
505,3124224.80481749,1844109.3597179004,9148993.951313933,104460.53297674518,5.657399642832425,0.23708479426201268,208675.54353679394,0.02470559794449773,0.9580718827637555,0.8414610709200343,2
506,836519.4172209669,841331.8874893776,2109161.5796333696,92429.00980401822,3.574050101275204,0.07940502911609584,198750.34400525867,0.4043604203344237,0.4684407223451426,0.25706108384704823,1
507,923078.7572075299,1890897.2684493326,1835361.2870908568,108590.52968595256,6.765541787597301,0.20513690565713893,185186.18192215922,0.3887839056401319,0.5579238349556224,-0.3477693944949545,0
508,5454488.241493178,1272840.146207244,12056637.420510458,128049.1552094979,20.609422018150898,0.13677709565838167,192059.33729803635,0.2157105475213888,0.9213077368279317,0.7921880315153954,2
509,8788150.422664614,1977898.928393977,29726830.527197946,77633.82777839804,4.573963769769946,0.1565097106575815,165675.00121536822,0.20361325292521898,0.879130583145767,1.7611642449210028,2
510,4297462.357904224,1726292.1680990017,11578027.82783613,93999.61933699789,8.063437228723432,0.22576614674952009,247235.30103921038,0.2515335453492151,0.8619356618122314,0.9220616938914635,2
511,1064550.2238797422,1675261.8446403374,5482690.352750806,109044.99652590197,7.50331824080296,0.11087221300162911,113597.58171128706,0.15214462400073342,0.40447242174011566,1.001119133587985,2
512,4826171.13431217,2464976.061023746,8732592.05371967,123701.16720967629,9.193039690789917,0.20406369517055473,270136.8617410562,0.4451324575676078,0.8732913610092607,0.19769795064703044,1
513,1287428.4421553146,1916897.1525303747,3735290.0823240355,105073.6326150435,1.5222040687494482,0.12252102387304405,231937.48184888953,0.07243240893775309,0.24569807111759312,0.16570241442347183,1
514,526526.4410990541,480331.1333633759,1597573.0995464043,67012.3834455221,1.2056843403648694,0.20867518005090913,156200.2243910172,0.24991490633976263,0.598786875486369,0.5866922393659922,1
515,1164801.5282922785,615907.887412917,3657857.193148718,80408.32354197209,7.053169332481154,0.17047442886844452,201563.0282170378,0.12399002633875787,0.2814843208999834,1.054157270629209,2
516,977900.16043673,755183.1043240341,1563894.1185857528,98563.37041059384,3.8738503513340357,0.04367394624070882,246270.2654619006,0.06745853086689323,0.2183617849431365,-0.09762320692558663,0
517,1384669.9377089003,1010732.6744622411,2206293.769586496,89555.06388992426,8.930016639366226,0.1862206223044403,190647.59126842403,0.2050259230256738,0.9283200429087946,-0.0789465794283497,0
518,4999683.378729484,1319407.4789616617,6831711.075586196,82515.5753037857,3.9900192286237077,0.0,302030.2673618292,0.11097766748322216,1.274073304285992,0.08112246356944304,0
519,5575241.480821576,1388162.7223519746,9159890.392264834,74607.70052919012,8.10238269088019,0.1071671371752231,235816.79424583213,0.011063632216645615,0.3634347932614378,0.31543281489967806,1
520,984170.5082746653,524186.8226573664,4790576.247181527,100053.28490948131,7.2013241019924585,0.02216153152181663,154676.5835157226,0.3826827678300815,0.287254420001026,2.176022119520826,2
521,2278414.086100688,829352.1756280009,2524590.551042923,80054.22525576902,6.111639403367993,0.11820315361482978,202805.49071727644,0.11042681799736939,0.5256037931007524,-0.18765108491826407,0
522,3864062.3142487025,3028377.988633032,14005966.258989781,101212.56637357551,6.852655807787807,0.35839996240443556,231286.14526460393,0.26881360885078737,1.5521748423601132,1.0320765423436278,2
523,2120360.556076496,510985.72536512004,4530088.117251379,97065.68393327465,5.044784265276638,0.19607008301409368,229252.0914868914,0.11711895587770721,0.26798370666440147,0.7215856952014367,1
524,2029635.8936566024,1122019.739806229,8471193.80910958,107140.39436867926,11.524581579590842,0.0,121044.300203877,0.326276302920602,0.3064757834637455,1.687855144821768,2
525,1122520.1873831507,443814.17342095025,3089655.738607645,99669.47596314478,14.036613824805016,0.02643600661978118,222426.72577674614,0.19756160380403773,0.5269687426827621,0.9725390797284971,2
526,1255376.7378495573,963188.5785496028,1430215.865936398,111841.60676138802,10.639113442457127,0.1831552691319566,349091.5704010437,0.39075892505401405,0.7664355239576441,-0.3553420062215214,0
527,386719.6618435598,196216.91374164302,1205165.4681738792,99678.82015084068,3.661122166081819,0.24444079703524582,165965.99695699255,0.16375979441787308,0.0,1.0674041030347574,2
528,722660.8375316771,946908.2732786762,1301763.1546378436,86584.66496190555,3.01041337593956,0.3360734733452202,172491.61418609883,0.355534712893939,0.9124725281920976,-0.2202999287606543,0
529,4545204.025932361,1359642.0365748694,7382200.037020901,88620.88612952472,5.2621370271352,0.3745126920657682,186142.1851010602,0.1364153561864336,0.8125423933698779,0.2501934781829651,1
530,2379863.8928045915,1566969.9839440987,3702926.5975577724,95073.22178058111,5.657732104390749,0.09019900308718802,154808.4564768113,0.18842220040735436,0.8749314131434727,-0.061798212645281916,0
531,424352.76144142915,500513.3642268432,1094228.272728883,125082.31528686451,1.981704504554846,0.1794791866553624,196242.93648684974,0.07510289488768353,0.07511397553796229,0.18312071591792387,1
532,1155650.794669349,1173499.1264811833,2412388.139767995,106109.33107727839,1.0158751404620525,0.11117423483907872,302799.53339721047,0.1764838489406675,0.1805206296593742,0.03573759587632954,0
533,3246165.3951924574,1229311.7443581796,8671838.308094937,100047.40543140339,5.45263013226791,0.2737951330268166,188993.2877462292,0.2818550262134171,0.5768147272085262,0.9376343656099286,2
534,627289.1540847505,509864.79283013986,908649.4932705556,110251.13103765732,3.5912072346469515,0.16532019850484583,286618.1115233491,0.22395085176222396,0.7069585534722034,-0.20094416790643824,0
535,4825263.452410801,1489056.352205279,19248967.83585879,104047.45733238648,8.94715211110813,0.17609700886225643,221651.5273031596,0.06070266249441087,1.5151315903975422,2.048462610618303,2
536,813959.3797933479,261814.51736799374,1972979.7899893017,94246.37529788178,3.8610689999624164,0.15124036023287218,230890.09149353488,0.1884971918875655,0.6060683854274806,0.8340097256453504,2
537,2860371.537200513,382791.226595503,8063930.24218014,118049.25591202556,7.610033113678311,0.43554533106437504,201270.62976794137,0.2105136509317128,1.7559341786453406,1.4864401910996208,2
538,3238180.56522355,1487003.100113989,10557968.460714769,118782.15656284714,4.359301522735667,0.09003573739964636,348546.7771344708,0.2343972666497242,0.22924651282769964,1.2344038260702337,2
539,1741557.691427577,1100506.3021945662,1879818.0505073154,130560.73497807869,31.952570880481282,0.23247089069363175,198681.8530575782,0.3907701790960195,1.399631170598973,-0.3385729333590649,0
540,2160541.6475560954,1689259.8627095164,14147191.11824108,86316.40833104504,8.890721237842012,0.14396225456930864,225843.28382363383,0.2597347432467651,1.0109030581223966,2.67478455201318,2
541,869855.7483680438,1213755.0459953165,1910915.8351944971,88086.20272240583,3.8493559187977207,0.2104628229316982,205433.33112207975,0.24265706828019032,0.30123959968009484,-0.08288254199682699,0
542,2560223.927727969,1647756.3175075857,4553630.718412529,94863.8184010581,7.614061227857714,0.13686735724830126,108235.09850077443,0.3150326958520884,0.7865359319949525,0.08214165776285032,0
543,2969590.6225473327,716742.8961744852,5346129.510435103,115890.89623777565,8.020907370202659,0.2748727815679741,243503.8208852212,0.08038517197171162,0.7455979358863667,0.4502565986728177,1
544,1561820.0021712962,1040329.4870102665,4974252.742667082,102249.85711007738,5.392741525648364,0.24307363399758064,260454.40506414956,0.07871592349434503,0.40358977427520915,0.9115937663641305,2
545,1910660.3351203187,1727679.853714964,2893547.749172347,99084.7355181574,5.562272369990636,0.12901556847858028,237459.10620882537,0.21920119977629596,0.6420670699553113,-0.20470665221147477,0
546,2882444.0931050666,1957770.34503987,13658838.023646818,90126.25136872641,5.7364750021695,0.1736739593080532,225869.83478840275,0.2252145649748455,0.8209535688399059,1.8219489442458907,2
547,2921672.9885197636,1096945.7741743524,14383104.808134796,91761.10124729702,3.4558047028811725,0.027203524284684075,275037.0604717857,0.2741225679037475,0.3228008143584416,2.5791165217404806,2
548,1882586.8331603913,548332.9067952915,4522925.9597069565,102549.77585653112,8.464977221004958,0.1045910950254144,149217.39338733305,0.14813581905729878,1.0403716747822913,0.8605821843338244,2
549,2363685.0381968725,1579537.0374289455,6664157.305589886,91431.37245458332,5.897348338484779,0.06501793787941357,185831.95142079605,0.054651292857142326,0.3934088523789095,0.6900284026058147,1
550,5254817.886818835,1230327.3136035143,8361601.057087676,150532.8321358801,18.49600645792123,0.0,233024.62282769798,0.39318209321943,1.1163069679433932,0.28934677615901677,1
551,1174696.2559345001,1174129.6397365578,4059222.1994600566,82966.51312950767,3.2724643161100326,0.09643937821772842,278970.53354993014,0.18644606678629935,0.4328857015953215,0.7281920328540739,1
552,2663735.588157847,1853308.894179227,7342928.381935654,78667.86860143657,3.604353124771384,0.13604864601711933,236358.81694510076,0.0885728593092703,0.4933347572429018,0.6256046205983996,1
553,3841599.826890727,880782.4005006471,10835211.9846072,100278.61667721992,6.413805964401875,0.28654288018763324,271083.64649680624,0.336244650344881,0.36789901239141215,1.2944377356325365,2
554,4420238.160483776,3008318.698134126,23428192.034721162,106314.98784106322,9.985626869004543,0.06325029829824254,97380.81263172026,0.2875294765707577,0.6980893694970078,2.1538012672733347,2
555,2947471.7332712496,1929046.8352371918,11332980.110832548,84589.26779791048,11.55623878509992,0.3373064805149182,162747.60622725295,0.2091116928236965,1.1110895941642318,1.3239899431571147,2
556,6450686.699262719,2616831.8680259716,9454818.082188744,118111.88003326017,11.800322577305264,0.2828103995356353,188538.7663705774,0.10626953268196047,0.860172002293947,0.04271284497803489,0
557,945838.3720394408,366568.9571471923,4013509.8105557016,88487.88619605223,2.899669216050394,0.024568682489003804,296850.73926411784,0.09956560040292703,0.29357954905491507,2.058128159832117,2
558,1369537.9435561225,2099362.518364839,8095100.001769389,87533.75137755746,3.882509073552783,0.33186649550935216,187608.31539842713,0.2496523737115827,0.45800702001244287,1.3336212989191951,2
559,1690261.672514373,387836.2209523129,2537653.0722365663,103152.40324988338,7.618226584921377,0.10984033090095474,259916.6549532803,0.3631081645976716,0.33200789696420957,0.22114221866769224,1
560,2874440.42804896,1981110.8813012189,6396505.136749085,61907.430097851015,4.900017161680792,0.14989062031302974,188881.68604867219,0.17642769882371317,0.5249215264218818,0.31735918935333696,1
561,3087458.44224298,1618734.371434023,8192797.464030704,87010.24897908773,7.6237031712380645,0.016515083931311045,185494.705697907,0.27145129386100403,0.4032784090803771,0.7408546118682242,1
562,3243853.9228033638,633616.2998494973,7521323.529339041,92552.67975748984,7.282868016118886,0.24340319848112976,192401.58234017927,0.22011506357241847,1.3737448857141303,0.9397501714902025,2
563,2270327.008921354,618233.8895137457,5987699.703538869,103982.36061716273,11.255246666049489,0.31023818312733265,210581.71561277294,0.27077989981942047,0.9151812296952755,1.0729006290927605,2
564,1380841.451085016,1391093.0914709358,3246658.6196677857,75488.26273874102,3.1079462963545073,0.10579182063923488,235708.71146090108,0.18155259399411502,0.281332972745418,0.17126092619564515,1
565,425749.4309609477,286073.4950494126,393527.8530177891,66323.09566735865,3.4496246208903427,0.2985093021797742,210031.00787066203,0.2716690915547256,0.4445093072300352,-0.4471548489967272,0
566,1413715.6890820346,1121318.8525211425,2072069.187073419,94379.80443533974,5.5143678098856315,0.16364836798742902,289826.6492902293,0.27716522705883617,0.733464766571005,-0.18262684272419208,0
567,2939098.9438641756,1526820.56455602,4635116.352393711,62433.690324663345,2.2686786734216424,0.00031842268907554186,256619.06768905808,0.11963926593680609,0.3774361646840343,0.0378862278315823,0
568,1286786.2168837425,463911.7207691926,2951657.8761012815,113778.81909857447,2.9814013536574158,0.15116779305346634,217514.28040193382,0.3280237690672176,0.10822442019808849,0.6859892347039649,1
569,1591361.2371885034,1817611.7813918947,3030713.490105666,78955.91715048777,5.224280454593783,0.0,191052.97175114622,0.3383008600777695,0.26104758252754684,-0.11095996548316796,0
570,681227.9585325853,511581.21998455713,2259653.7412742623,78954.31441996033,12.134871626390234,0.0,224877.68944479487,0.025894646388485577,0.8248912992672541,0.8943966746494884,2
571,1721334.64439834,1065447.785250839,4831762.99127045,94124.05056055893,4.815624939280847,0.0662633047621731,209383.84789969478,0.35553420047208706,0.0,0.7338142152269521,1
572,563409.6634483043,421437.5962966836,1206498.1048445122,97794.44787726406,0.5045246555175544,0.0,201399.19221408656,0.5423186960081354,0.1664181947398064,0.22506113806613798,1
573,2644655.618753991,1745630.2116725403,3732873.194401692,98178.7006353024,6.076276578310867,0.22107909031906972,277893.15074674087,0.06223412249559064,1.0263206839756491,-0.14974255923582291,0
574,1159581.9549513252,700384.7876834833,1895921.085076328,88662.25921039359,2.837156829455874,0.12608605474453968,193103.0048322338,0.14528417687380119,0.5969145822067055,0.019330637272893775,0
575,2843818.4005163135,752646.1985653202,3280529.492805453,65432.05339607976,5.340422347254879,0.0,265041.46792435704,0.2567330544267704,0.5385968823993923,-0.08784602143918098,0
576,577070.7156219813,566775.353861217,945760.6098189912,123546.24926039718,1.5801393274434279,0.009542430833716139,262999.76698466414,0.4097972868915364,0.19957321281820803,-0.17317492707187793,0
577,339704.2035241546,630599.5197692761,455107.5550425922,74963.26133519907,3.7855512384648806,0.28410335486076677,277518.19918138237,0.2811653105802526,0.1862800210509004,-0.5309638166719035,0
578,400287.3582293895,424166.0694807296,1885222.4176382993,69586.28447064741,3.2290666174625153,0.14138953055000159,180219.37951168182,0.314805342327304,0.19961406779971708,1.286633003485008,2
579,9436864.702683633,1727612.774230832,19696826.41056639,132602.2715257719,12.384855557187628,0.1893683003576629,211738.47232341854,0.07538185389886955,1.5692652512742908,0.7642407762741097,2
580,3782637.9704864454,1585522.88944221,15381121.16653197,96455.80466353295,2.9680298129574094,0.3701914893103862,252751.63434641444,0.08567846301873859,0.7192183748717307,1.8652496763549653,2
581,2556364.5958242747,1406538.3165652296,8292612.093017555,75791.11370880039,4.289377451150443,0.18040462344135227,185298.37739336104,0.19101936668237968,0.9874881227501382,1.092559993607659,2
582,3044600.6883809525,2412892.9699133527,8384108.910586376,130307.64491512338,5.1866529068225775,0.11910833369904483,286800.3258098726,0.3077237467227188,0.5467068760924183,0.5362562809109631,1
583,1517040.413879954,600308.7793138862,3626227.6140363845,114068.51376776272,3.503906197612273,0.31338067158817295,312671.80268130905,0.13135130341443885,0.5227054079957709,0.7126261580719853,1
584,3186096.290345581,760998.7613969644,5571103.910834663,89252.46807463828,13.842914739925424,0.1191818853535517,180508.61384695678,0.055916493475815884,1.0792687084712518,0.41144407160277463,1
585,220876.0147802341,736519.7320814759,1481233.662984021,74561.33824106718,1.5725348501995393,0.17577735340874978,135300.84287945894,0.10978139698311289,0.15935159958142986,0.547148781305351,1
586,17286743.04972391,1520766.5685192219,65156143.908238046,131149.1259421102,44.88213883569876,0.04539970093167456,131497.09925884815,0.041862780300970244,1.022404366878995,2.4643685012414993,2
587,2289458.829987758,1413132.5245365945,5556030.538240748,93415.31551302203,2.2640867190072718,0.29036776258758873,319679.0242348183,0.2849695595352666,0.6145931802910687,0.5005789206123437,1
588,1888343.386454141,1875849.2063475912,6622778.111010373,107937.01766753852,6.448852861805434,0.2028852618838587,247527.95597327757,0.15310014543147998,0.7251697824026502,0.759415318885414,2
589,2033870.617169963,1319920.3508860501,3716674.0464933007,102062.29444304259,3.8628715972446503,0.09777836224255905,248412.7359823316,0.12866899504652377,0.0,0.10820086340909581,0
590,309596.92488246964,722995.4243716409,1028873.7928616052,84574.40534513132,2.1666129094632005,0.14342405859038562,226339.68588205174,0.2813973449866955,0.03500717286497212,-0.0036011853033692354,0
591,1103590.7007840166,1201226.8709602659,2062835.3664424953,71355.88743496899,2.0617980912846243,0.06597071139440652,203676.66940533268,0.4479352916978266,0.0974392237952465,-0.10498974333949375,0
592,4845034.873236095,2303808.8547882005,14589816.77468699,108110.67209347496,15.984507826165181,0.20573139784785957,210994.59554093258,0.17956280303496897,1.2319114370268895,1.040863855716026,2
593,31667068.915019523,6936228.479608013,121971695.07226369,99573.64125247706,11.841234449706558,0.025249102526034992,330740.2678195647,0.28007935689927926,1.064145269488158,2.159618563807936,2
594,2712670.742684789,1150778.2482270552,4167483.879364962,121910.48334028588,8.258337724424317,0.20397311364889917,238721.99852762697,0.17631616259125588,0.4271628962300883,0.07869519933311202,0
595,22391355.971953712,3418720.0630127755,73113088.28391738,88718.08515239396,16.54382617394076,0.0,154832.75221534888,0.23250452373580963,0.750340060067366,1.8327343237914766,2
596,2766855.715219558,622958.1383693106,5703516.506409219,101756.13436741187,4.121958059277143,0.11178076112466108,197025.419083883,0.11076852239710344,0.6968216962855076,0.682545636059273,1
597,131556.14753434574,112085.35773986795,454279.7761424639,73260.16010120674,0.0,0.0,268466.83604436804,0.12256214352234135,0.0,0.8645418219329298,2
598,860883.4713624052,1113325.6514243823,2066570.7370079153,113857.65809289849,2.3799333620219842,0.2057580444431994,232385.5894198216,0.38205639708322947,0.282503983654121,0.04678410871222717,0
599,2571094.295365172,908952.5602873237,5182465.951742239,72889.28731815961,3.968251882663008,0.14127496318433547,238958.44867078718,0.10314212416670779,0.5067779956065572,0.4891943030377809,1
600,4135507.106828,1628942.123819466,6301446.282248693,103698.94704869163,5.621294035630976,0.003797090022721522,210597.6729315668,0.38190891594738147,0.5360186106652689,0.09315669721683205,0
601,463231.79260248644,223964.9708789608,1323704.3278744766,77981.12663120139,1.0237135167932387,0.13425132690867125,229121.0205522448,0.5117678224152358,0.11147155481139034,0.9262377214473211,2
602,661174.7023247986,571641.7953709937,3520198.171767502,89822.36076784565,4.798638466311096,0.35973975871154257,160715.76713084689,0.15551755346983578,0.28864378484392356,1.8554113108860586,2
603,7204412.993278779,811480.2140520937,9415835.171152525,112125.20432562835,5.556693269922009,0.07771954692387424,230187.96739290454,0.29885411871988493,0.19057120656899498,0.17464578526836477,1
604,550235.1716828052,1460931.4086486252,1562077.8277158977,109223.54891042181,4.612469888509024,0.04463412642634913,138204.23717508354,0.16546639052091844,0.0,-0.22329764078593878,0
605,1197500.619412702,909092.5342843882,7720250.155290503,84175.26155515597,8.107548805475282,0.19656213815427853,88083.5890678741,0.2047059332232773,0.5950681525567638,2.6648035914013075,2
606,742910.5869411036,640373.9136245715,1720138.0091032556,80743.2614215859,3.683594581213476,0.04833516543522002,269319.53464384173,0.4564500267085856,0.11580137076497808,0.24351715673805996,1
607,1397579.8642266197,793760.9253246071,2206501.8760510827,76638.40605629799,5.7493283882293555,0.0853278912262533,243328.59745819916,0.11447820915183225,0.6240322749233116,0.006918634733651241,0
608,1453495.774170745,798783.622006772,7272958.747617964,120621.54870826233,3.9749387229491324,0.11792156690457666,285433.2199064394,0.27839613115214906,0.8297887127862227,2.2291547664829476,2
609,393000.0397963122,488584.15180454735,1141497.7019226272,85951.6653411475,0.4400203895970898,0.04011919051201567,229395.36941714637,0.3442135366679652,0.0,0.294825511616529,1
610,1194185.874897081,318235.02184098714,1504102.3812576917,91499.09980573396,3.172344972274737,0.057250649790790795,213977.87106975322,0.23918533175000206,0.22845316835391627,-0.005500132600863691,0
611,2593654.9960084385,1527105.3174366665,3679983.5561543587,102506.92490356001,11.940779062524582,0.19046731217569313,247979.77165214182,0.13030374611328954,0.7872014984563716,-0.10696491029885724,0
612,1915256.1739933884,1363167.528035644,2647041.5443569357,86411.44076168853,9.523082323255924,0.19800989378781883,217787.51558847236,0.11341092557294401,0.9164607374895437,-0.19258711352084584,0
613,2054428.974468781,1357586.1793268807,6277424.541287813,103360.10775128716,9.576052926234242,0.20221195022764402,202084.11934073584,0.26280555599433575,0.5281285725057989,0.8397997248941161,2
614,1525401.0027076656,483979.49181955593,3528963.430343363,101456.06156715132,2.7636161229287484,0.17579515073011664,309768.59189076547,0.32123763931124194,0.690536918870851,0.7562444942383487,2
615,2505071.2558037173,1707039.1934133715,7433757.131055654,104003.01352326306,11.290078610182718,0.08707166182849567,259862.96525338688,0.3978333082096977,0.43788949866104016,0.7648533248783583,2
616,1924418.7563477887,849068.508225378,2379626.3734534313,119466.35816393544,9.901253777900486,0.30099787525056426,247838.97112328754,0.18408413524478343,1.0828657904630878,-0.14200926615047918,0
617,708557.2449920775,332092.66529416724,674240.6745614877,80429.98104632933,1.1339605374923387,0.0,352192.08561067475,0.2269934080230437,0.3019897919463424,-0.3520965428459713,0
618,1388568.0036767884,1590277.616004569,7838157.876507953,115389.82432521961,7.589634457529852,0.08712277309702403,127969.78770844419,0.2094902347560559,1.239618189592131,1.6312736130804888,2
619,1328551.8697969844,443504.55887127004,2768496.930730313,89305.60752011741,11.326118791762783,0.1050975374939983,243185.58263372324,0.0,0.9811203355667066,0.5623074332970925,1
620,915295.4397427953,1690347.2219051882,1144324.4379690848,121096.47561845886,7.5862612941226715,0.13604557557134297,207173.19973860186,0.29565038001197064,0.4294235376339994,-0.5608283304490658,0
621,10241682.069038417,1774625.2082672904,10060832.3376674,89873.85722700291,31.023226689236807,0.11497505788407236,178796.61020274344,0.12518730624307076,1.593325640582564,-0.16273509777262982,0
622,2090754.2866884314,668604.5253307852,2761320.4341333606,76757.30821439563,7.059719022086012,0.1368779307265987,262684.55586846493,0.36411737279167766,0.7318127302820434,0.000710897801909402,0
623,1307721.8844453471,1144323.1037464745,2755384.0369821647,79867.53226877793,6.265913628074576,0.12331883123989908,197996.3132103969,0.126401239730503,0.3734812980488628,0.12370859843563894,0
624,3672895.6409268375,1648235.8479066193,9434914.111737385,115510.23003544894,15.43244179406991,0.190587383246347,147776.53751289003,0.15368373023755694,0.7388366689629804,0.7731029822391752,2
625,284938.6411923345,195588.07219192074,962969.1639947912,111947.32024974815,6.905291555989736,0.1973555562022138,240780.066188959,0.16941101652737717,0.19238176020798362,1.003986744488748,2
626,1549835.5854271566,990057.1208506799,5047904.773852621,140222.49759402568,8.824174519547668,0.20738363211362168,320188.3381776251,0.4113711470351683,0.5611760259579028,0.9874480372244652,2
627,1196493.3205499134,1440016.817720731,4327106.818856536,87756.23154732208,0.8666232482829073,0.277234057599769,319420.4214892863,0.3087183071888537,0.37751543210992994,0.6412251771938181,1
628,1831742.0217031664,1273864.541401258,2750178.8311387426,86477.08484194412,9.482927051533885,0.15231155144932165,349846.86776145693,0.07103492910987404,0.487402670033946,-0.11444712159881242,0
629,1528337.1141933661,1465778.703142532,3530364.274740385,113847.13735601785,6.461731460877136,0.11564734992916179,137867.2724790561,0.19737035258134228,0.753351775777249,0.17910077302274485,1
630,3357183.1438735183,1679889.458883971,5360128.205305302,124844.1681457436,10.535146585071528,0.1767089985513538,228460.5317225244,0.282815945567686,0.9171252991164283,0.06413558588989944,0
631,930951.8307029543,553777.8598129803,3356983.805866869,96964.32757186418,4.8915251041993715,0.0,161726.9681882937,0.25198483924375503,0.5714323947027746,1.2610067188057228,2
632,12474388.810867317,2696195.1663956707,32603467.487597004,116921.45370248427,21.705827866304375,0.09966638588319805,227182.58748923015,0.029196335977332056,1.3649840799587172,1.1491240901775213,2
633,355675.8622279639,1180929.583890598,624311.7660650727,77801.94834390478,2.8531572377713896,0.17071128727263724,171483.99380418187,0.17580205467564666,0.579775060186001,-0.5937071760079511,0
634,1240692.1733192923,452983.6653012288,1960988.0208140532,69054.6610562159,1.6620679380114973,0.0731982657380179,246893.23333538568,0.23106969742114386,0.027695388331502462,0.1578296012129775,0
635,1404744.4470478685,531030.3796610122,1528913.0018661008,134736.16828019777,8.20334825463952,0.30904312286043195,201264.32605530164,0.2524060136603596,0.7700973220783607,-0.21018034702647131,0
636,1444443.286259777,696339.9783904955,2073705.7348122902,90013.32451694642,5.613115458616213,0.06536982148120535,278137.1516491874,0.19767765204372917,0.5907591666478276,-0.03133317180940318,0
637,3056970.6535041695,1406571.6073899479,7214195.548235438,99503.35989841465,8.171708266921643,0.09879152133896991,260855.04930143227,0.05560120581703184,1.1035840001887638,0.6162489624978527,1
638,4624403.650720633,8770322.632329352,21856498.425240673,112767.88979690352,10.526183264311848,0.16310661245229463,203016.27750842788,0.2208429278439678,0.43365612979238405,0.6317241549682445,1
639,1661813.918588685,1309984.675252354,2774175.1231730357,85879.07095076455,5.877007612333291,0.03740210163086531,155382.41607540846,0.28462870294235554,0.28596248060721585,-0.06649961779966246,0
640,2052131.7705520873,651416.0760425831,2371299.339185572,125592.69471814997,16.245439559197642,0.1475884609228912,233998.66144079503,0.1779966363481399,1.0825363207184364,-0.1228935185399404,0
641,644533.5941287193,381999.57064458757,2631574.682581273,112099.16924085589,2.3590223286595324,0.26213236844554205,289749.6795303519,0.33991016777033045,0.48097618883073173,1.5635554435909662,2
642,448602.08793408825,376545.456740187,834858.9122395228,80183.44928657223,2.614010263679371,0.15691492234578672,138642.65514597888,0.48768684035006327,0.26783900125202637,0.011769249788025626,0
643,1153569.8469447028,547628.1294223216,2919824.6894915346,105112.93252858904,3.6871202881586287,0.17631366582991975,264395.82727125514,0.14359589076957058,0.35542392130984596,0.716334447873572,1
644,3421371.401900194,1266002.143704064,8196594.241245495,138948.04278689987,5.124231865226603,0.04868585046743983,212985.56177341542,0.10064730210363412,0.34711172730712303,0.7486539447943352,1
645,3087462.0819385042,1476937.2507071015,9459883.102132387,88291.31965533369,3.8412857536450806,0.12579457088116558,218488.33607616994,0.04169503233003343,0.0,1.0725362556411717,2
646,1979659.1039767647,990279.7644430695,5086766.3827231955,94438.60154324902,10.732056811196701,0.007632116066714347,156354.86820223412,0.1480770214758702,0.7788603650067212,0.7127512073774185,1
647,973202.72510848,1021159.8384429377,4895620.129819577,115263.8152239016,5.668125640268431,0.30742638381058435,141858.5438648194,0.03672044412272128,0.685200425372563,1.4547292549965478,2
648,2393896.402867749,660789.2082297286,3244323.072567004,112838.06682180356,12.774274583736728,0.14915135455640302,272202.62161693233,0.19388440105827887,1.7479981023534616,0.06208084418919762,0
649,8413048.963290378,2606434.132669927,21037527.960416954,67003.44095363066,8.960762915715613,0.11035541916651612,225935.1661791273,0.1471541634019517,0.9925971148110044,0.9091211245769976,2
650,511213.23755710473,1006646.2756203206,1957864.5797388947,89143.10988948192,2.3977483073200183,0.1882734821136196,153182.93776795318,0.2562610345737122,0.15591855171747393,0.28988523821969575,1
651,774237.9040641701,315965.7823739942,917306.2450420613,109712.80905237398,1.55314393460174,0.043742607300749005,223610.89235177304,0.13981896806609648,0.0,-0.15859187007611494,0
652,1015819.9948312552,1141178.1083175067,3920790.340262592,98151.47039146037,6.093510669613146,0.014844545149741017,149428.31923666483,0.26382485707379194,0.2515285123419827,0.8177069022634119,2
653,2271160.859270586,1128460.0677755885,4573925.512781517,105801.20074383252,14.66940401069471,0.11449309294090813,208208.31492994018,0.17501439026063614,0.7107985528852352,0.34542221351592245,1
654,2409586.25628962,1738406.7707196937,6676572.239684088,94845.08039374239,10.294213029149336,0.03344714109569474,177311.5575585541,0.08303841560549453,0.5264682156513467,0.6095909988782864,1
655,1144394.0175708435,256907.93696780512,1892628.6838427277,95995.08965792177,2.9229232794241744,0.11342700497535566,333495.7061845183,0.20950792374908422,0.8248110416976437,0.350621597088858,1
656,1566509.3062000296,1035824.5468854728,5721761.581755357,111723.23028707276,8.500551831470442,0.2503299630607086,222525.03293363485,0.08069963002761554,0.8884456556014879,1.198703896108968,2
657,615330.6822025686,280378.49422455864,2007883.4417297621,48983.16750648206,1.1205842763646134,0.0,259005.84745663614,0.12766256174048798,0.02471133595464154,1.2416689418533813,2
658,555672.6937182501,503103.7345105448,998098.597263844,75662.37604197649,2.3353250529382272,0.1642276272276393,208908.91422113896,0.3436411788349576,0.8987940389692348,-0.057309389732502596,0
659,2366858.5365026924,1134345.5302923024,8351882.197797014,102731.61358174912,2.9047498826821343,0.26323737516647805,238458.7817395255,0.24632430224035587,0.4119040704458194,1.385431422579814,2
660,2912088.179855628,2727893.031662659,4171397.405717818,89731.3778917113,6.417615968244853,0.057570304790781845,255382.71134314628,0.20791426406531946,0.40043794530567295,-0.26038806703845824,0
661,900042.1117327561,1693266.381148735,2990195.9444967257,100497.38856732138,5.030059145943343,0.17893184399268655,179921.87122999062,0.15401691926002753,0.49689852233741627,0.15304289971851462,0
662,1651786.6010221508,1016095.6191197959,2136321.793140416,107636.69866052181,8.236391401385243,0.2364607485892135,283303.5817818809,0.174536396833513,1.3560520758657946,-0.19924433807023484,0
663,2562931.4858188173,1459251.5223786896,6667830.240931424,63447.3184368342,2.09477708480266,0.0,315095.51860851137,0.20400462347927265,0.13861245631847738,0.6577640120655606,1
664,2188901.7246709713,941964.4926040762,4434859.79034488,51059.60754879613,8.70133516204225,0.0,160700.66417479469,0.13032618038611507,0.6191197382305196,0.416496101262597,1
665,7650131.237961607,2807362.8331728387,34402332.552654296,135718.5905672013,24.802955807509836,0.27160147989375144,271861.52680174843,0.1473369704953673,1.2027186043244482,2.2897300556558933,2
666,1435726.0857660368,761912.2721056776,3195158.460792826,85585.98893115367,3.9900503190171532,0.3658362871160675,204312.34316152017,0.3027557159816173,0.7966996962743074,0.45390548419766025,1
667,614671.0646320229,372560.6421729513,846148.9321142721,57027.7771011205,0.6725636336285032,0.0,206574.19880691438,0.3451605004032508,0.025622960651914536,-0.14290745902731902,0
668,871133.0456535848,693730.7767090304,4096602.2866791687,72209.91524733441,5.268391664758891,0.09162945427849113,194770.2669493422,0.20929955303055822,0.2804512264582807,1.6178650360094342,2
669,3435752.079569246,726814.2205441045,3445066.412128179,109109.79956384964,7.16923150562671,0.1768391563517683,257360.45868416317,0.3183620434706373,0.6616605330338412,-0.17236959996664403,0
670,4045330.927466932,2076564.4738786996,7312092.33319171,94850.40941890949,6.239427620464519,0.2289627721399171,213508.89983507735,0.17636058735241592,0.6149318896074225,0.1944164109018368,1
671,4706350.143142041,2034484.599921827,12221395.40585838,91617.14710424766,10.057961222672409,0.18161780358819843,272953.8254800575,0.3245243928860507,0.8368989212595679,0.8130388700648473,2
672,900847.7438411254,947991.3522284367,2143696.0220820564,82545.54321562439,2.301281218014224,0.08653951022294686,213018.46593537406,0.32792254951520705,0.14152355124016522,0.15948219974324915,1
673,21618690.698664967,3856621.6609215904,43566369.65113709,98599.74869179251,23.345294564842074,0.17985917720728206,153446.47392973988,0.20967872179630817,1.3825862489176535,0.7101407447411622,1
674,1908360.4408853087,2116805.947693189,5651765.049353232,90370.17156244545,5.6606498409591595,0.1349162915058544,230855.59036596978,0.1240795995066273,0.5023290502289053,0.40410718557877384,1
675,1168837.5708864434,818798.0447458928,3585078.2202302567,70403.62130854279,4.438510350099294,0.13963948783978772,172582.27484590528,0.04237130578192092,0.35423141123943513,0.8036898675161435,2
676,2305296.920521805,950053.7686714164,5335877.4261286035,73973.3893283867,7.3578444908689775,0.016040153394005312,184178.04190545052,0.10112214518921997,0.7127231993278176,0.6391098642128175,1
677,811398.829656299,1038636.2057557789,1349732.1694132525,102302.44118429435,2.5801592982514103,0.0,225379.92652700044,0.017614769908723203,0.17125970780766653,-0.27042886022284846,0
678,6132130.410168238,684670.951833022,18475584.394045245,109651.11486136692,23.662615450776343,0.19980191608619838,236929.0594154914,0.37081839096992475,1.9588936086315365,1.7103011240775292,2
679,3243701.6997566577,2247229.739595757,9552304.28374936,108773.1429640831,18.49877952743519,0.20892291766314483,242733.20718509224,0.14164464447322495,1.2434480453155548,0.7396509844012792,1
680,5559586.061733107,1042169.8800453015,12978702.024080273,122801.09849811379,9.84410024490763,0.29124297873374744,214870.0639646669,0.2557979430375079,1.168701772502048,0.9659469599513878,2
681,1524896.379570703,1663503.647639487,2296312.4429806387,114644.69706430794,6.644797699991596,0.13559964494263896,209252.75792446695,0.06985108901471172,0.6763783385122377,-0.27979161228715604,0
682,784262.2200470065,396730.8362351595,2902785.631260605,94191.67233478285,6.821497698498893,0.3313304702702293,169773.3709877671,0.22288288505301834,0.25986722360853864,1.4579193042834149,2
683,789584.7739663619,393323.3048279917,2915636.5042099133,84698.08379913657,2.781701817188419,0.07788286363658467,308810.6899313895,0.0,0.5675022956780558,1.4648039492481912,2
684,1411051.6170188256,724383.2659996303,4612177.645262318,116357.164230074,7.236086921446548,0.15644479508696613,198342.48562951726,0.2514078404275417,0.989274941222329,1.15983061901797,2
685,3187202.0362464986,574462.9586864358,9650222.71529763,90369.73219859392,9.468483111001769,0.29593648199920947,256630.50588541958,0.33944097584266325,0.8795306552332605,1.5654125841340851,2
686,3559421.5717148967,2311286.072085714,11990069.284885569,77899.67126568382,5.46735031038466,0.15986147308228352,265912.633249968,0.3233350418216751,0.6272353220336553,1.0423550298143227,2
687,2455909.506643695,1559579.4444279787,5136334.48895627,88134.73891441157,5.8210289679763845,0.17066259382150564,207651.4516383147,0.07453379015500458,0.9242680795532303,0.27913052471118355,1
688,2339846.455424338,1648417.375704515,6161429.117300928,72323.95226481788,3.4523758913466835,0.17425337322857837,206786.666789452,0.5363760651418832,0.18487561954521342,0.5448900519595198,1
689,1702975.4214874867,1284655.194561786,3005735.9988421295,124944.45176321075,7.074550513115801,0.13744297735130726,225353.5329762804,0.1619689651418833,0.3234560834031871,0.006060114224160148,0
690,3575827.583627702,1864466.2338451745,6065756.083430615,92359.26681879285,5.032554584729165,0.10285901845160327,228514.85740920852,0.2816099503327308,0.2313699917832257,0.11496847173013125,0
691,1558914.8454345115,1168236.780253067,4341037.2724035345,131334.24493772676,2.4578435610608587,0.13297059578553913,258055.81747700763,0.32126522297678456,0.4482660530917995,0.5917843480041406,1
692,1394585.732542064,371320.29892934626,1657025.3067133601,103876.25339206014,2.559548306275562,0.05894441994155585,267596.9844621103,0.43162556646972156,0.40584691150867164,-0.06165714529403765,0
693,787192.0760999812,856608.3909824742,1712165.5202163565,73292.41113434556,2.1826397185755955,0.12960982231809545,153708.73147701623,0.1859626531931686,0.2424707006615751,0.041589629947752,0
694,1565335.1869359496,653395.8644376526,3002377.9943540804,114819.66759875944,10.152059721723955,0.01967727219613019,161628.96082761494,0.21453472038768348,1.068469866360453,0.35319600475926416,1
695,914980.452891445,913680.0005927297,5423803.877655219,82154.81499755097,1.8711700343881814,0.43061569169593267,192640.8510978819,0.3387967477051847,0.5165697085537773,1.9659983444827949,2
696,2701716.1742287194,342665.0857347076,9855233.841110565,89880.15670825675,18.286659276182395,0.2352838005836023,147267.59489218696,0.07250728853534655,1.373041367160217,2.2371877894258745,2
697,540132.0979887898,357635.20336570765,1470769.7259069257,68570.55651088279,3.7456483510799083,0.31959640520703664,226368.81628504331,0.2722893826747017,0.24379747290851142,0.6382527228246302,1
698,624153.9040166548,382858.72616975603,2466878.475203559,72173.942818553,5.047207119602821,0.06036003145101186,231671.62687196597,0.40454373348866857,0.3780779642998029,1.4496996375774436,2
699,3448331.513316907,1888588.4547010572,4112726.17780233,89658.08925829046,3.832741735532725,0.16685482012213754,265476.7346333577,0.2057944377822289,0.6514109062727849,-0.22938207759376938,0
700,1420076.120687338,607746.4528974869,3620585.650778601,103868.81495151506,9.532435477246153,0.07738479931930752,193983.71862527702,0.21306968779390817,0.24762353043938456,0.7854548509034782,2
701,3025075.650752932,996828.8994458304,5244080.77003697,84962.52371877729,5.064617969041703,0.09475814920773101,246121.61198098428,0.016740243432436314,0.3879378490037151,0.30387996646459653,1
702,4781562.45134572,4391853.700550311,14910777.66290451,96730.61197371919,31.538987857222672,0.11346881737432667,184992.5599522496,0.22527107466346516,1.5234645432728358,0.6254334716759402,1
703,527542.3122346733,241104.52056071546,803981.0029537262,85865.7946502571,0.972678067105957,0.1450273313410021,304462.41441660083,0.46498543010343524,0.17461095265862137,0.045969317312913836,0
704,2789488.9342231974,1326933.4066590858,5762207.645353919,82758.21263371539,4.157468021592801,0.29136416840186286,179400.49979848028,0.20436053996418307,0.9874849397551346,0.39980963277905307,1
705,5153743.677942266,3020064.1586954403,6660356.856125028,94283.98211217199,6.373940723111964,0.2734674727319287,181410.24139204467,0.09937196010195189,0.9089952952615454,-0.18515862016340667,0
706,2124596.7455993663,938202.3603662209,3677441.4402271896,96786.78998146176,6.56852750950345,0.08557299518236874,322809.8153401865,0.16290486575442983,0.4770313979354203,0.20067993785959665,1
707,2592129.09422397,744744.3565047478,4609895.48886344,93179.79417516672,3.9535002993221973,0.02615141001060923,196236.59140996882,0.3521457612245253,0.6688536248875907,0.38150144347149745,1
708,13137402.916747505,6041817.123239254,35549996.24334356,125523.34136048678,13.56509704362593,0.33335383330000357,266193.9558969733,0.03798001309970515,1.6315469202920818,0.8535684021156944,2
709,1634672.8988809742,727491.9344188093,4188719.688253396,69786.2357502201,5.1146645365834935,0.11085967044158947,246984.72385984202,0.0692677659067808,1.3895043948726165,0.7732546133971692,2
710,1059765.0067873828,428023.6362858276,5456548.733372794,58068.24635171082,5.057168934180062,0.3957009344513218,133148.44915596457,0.2450364241964643,1.1173653021713492,2.66755638227055,2
711,1045528.0425379613,531340.2851845493,1665555.9420740295,96278.06168021793,12.043647824342544,0.0,255315.1553780661,0.039463095857208724,0.31403695923958636,0.056242878870940025,0
712,1834862.3162789247,476438.92887326324,3639224.4017692334,93409.49828488678,5.204357783530892,0.16520402254175173,163219.73324867274,0.2952231761916826,0.4711177468643366,0.5745348683570705,1
713,614654.1511106353,556126.312014347,1714039.8147508344,82623.27486415398,9.410617458074755,0.18051686703967446,219687.51838499893,0.31301254135975937,0.8607744731524356,0.46401470534946804,1
714,3340516.501171697,1438578.398899357,12242214.133489925,145942.2337347821,15.02928321402841,0.1571153480448409,207992.32384355363,0.11411077341036502,1.095175800730694,1.5616177099366477,2
715,752392.5379889649,750384.3573120233,1237494.2952764737,100117.64099444888,2.17940005657042,0.08365339059153609,299671.42966177134,0.3108933596570133,0.22027497539764057,-0.17652826634081398,0
716,2803351.35258065,1650749.3282707955,23831919.79592103,70380.76198034396,3.7425603191748165,0.17991607564252393,196187.3910635648,0.047361219929396986,0.5009380554669791,4.350557049232512,2
717,5902483.880991141,3266524.595972566,24428055.341024105,87741.64118384926,8.896279758283637,0.0,222682.5116356976,0.39066011338204465,1.0092499814073963,1.6641981412054918,2
718,849479.5375131953,487035.85692632577,2491156.4250189713,76751.28164176748,4.194230521504566,0.05603104056800407,238937.74221751417,0.2515812985766834,0.6786874570856072,0.8639189906702561,2
719,1901040.6696661431,1308593.0108115622,3215139.3533352115,88425.20194378863,3.0496386937192037,0.19878419225435692,309589.1600874018,0.0,0.617840128113704,0.0017153586376519967,0
720,1485751.8571069413,812777.6088050567,6358380.491290758,101550.2272672051,2.189926110696458,0.0,270508.55433827755,0.4969866986131822,0.24128947884765328,1.766281914409966,2
721,2785180.192440038,791061.0304558262,8607817.871742576,118861.89262737866,10.983506017378843,0.24168251988126963,250110.39529360106,0.14911832729484478,0.5464956825647809,1.4069455428882922,2
722,998674.3863797778,947781.5348485387,3237352.7387706875,83224.04542014154,4.471839808056763,0.15255265947283528,305294.8911916619,0.17674858686201753,0.6499464716008947,0.6632037250182099,1
723,693305.6326403484,662400.0091012485,2427953.824801627,83331.89244159909,6.00480312101703,0.0,242063.67827121157,0.16531070834154463,0.37604331596677565,0.7909151884051872,2
724,7612343.340091232,799451.0530917464,8644292.239809226,107087.19166609934,5.8249560899042,0.14943775952814206,250714.87195414086,0.3733082007818639,1.0143877068278684,0.027639506597387512,0
725,960726.2138220733,845596.6723996637,3415833.655575731,76005.61730129091,5.695653404232247,0.056897274626720354,253798.69359181382,0.36449162833246507,0.1432921160709833,0.8910426710700583,2
726,588526.7566993574,1520459.2139963382,1297620.3710301104,90146.25823537247,2.612467928370025,0.02515640429303918,227816.58065887954,0.1671384776474706,0.40123179551803173,-0.384718348504679,0
727,872055.174539561,543698.007003647,2153967.1276363744,81124.96565489637,5.512959363634634,0.0879003350531445,235315.95654178463,0.2455048856457364,0.8145098553660013,0.5214284210814866,1
728,1097270.3019036308,658253.6957167534,3439225.96024783,91170.60773708833,2.773082739917589,0.06600713158140589,202703.73429461414,0.2833017598164901,0.0,0.9590879788084393,2
729,1696020.5140953686,2604793.055639408,4193804.425461653,105280.23498177748,6.466786613631152,0.1889374801048063,188362.85550304977,0.13525076107990752,0.5357462887032276,-0.024881139937372898,0
730,23583182.40243366,4252238.796650611,47694440.05859195,137981.71939244893,18.15987644266898,0.14789696216311707,206990.9376945525,0.017532364473898596,1.4263089678251286,0.7134441658874915,1
731,3111324.36622001,1463133.3753480844,6668692.14082276,119934.08773592721,10.762332102353412,0.10041431812229647,149649.699272556,0.2563551022532398,1.0202644988342588,0.4578104154781799,1
732,11670736.094869843,4140098.896520551,14275757.554860555,99824.60124406936,15.026181010169207,0.22754350581063265,207689.87899826164,0.23476043091727164,1.1626464941223058,-0.09709021929365197,0
733,697376.7596038809,1190985.1666180596,1132794.1026505693,135047.977702981,4.732534416081859,0.3278801009496981,156062.42433313333,0.3236502087290113,0.81569835054832,-0.4001181198791915,0
734,1356659.9142097358,1219930.5786546275,1558367.680601492,82134.7881904475,14.538487086675651,0.11414594749534143,188654.05295677664,0.17197518943950357,1.2779817323029161,-0.3951822437763192,0
735,5210462.5855591195,1656633.4712744507,51710089.833545044,89578.94087861426,10.503158323891613,0.16354169650987915,240085.04967206655,0.16280297836627183,1.5544955485736351,6.530124728936536,2
736,2683728.6684018862,559732.7726006048,5941504.331265931,113286.00919222923,10.896332393199467,0.14810155007265538,200775.57283746783,0.39618420331350734,0.8441884940174347,0.8318405935572113,2
737,2123888.6703114575,823249.4682613461,15568525.505689725,66573.26843059315,2.5965194034498382,0.027187219219155376,221127.54994941736,0.12714062573713714,0.16539060646693213,4.282591033628651,2
738,2702584.854377758,1698612.8376780665,11177002.738741582,114932.89898540414,7.398660289891657,0.43704180209642685,186278.85629365436,0.0823048037961432,1.9849470445783277,1.539536626340622,2
739,1883856.2628723881,903932.3291089319,2831736.0303042866,97504.76647115046,4.396214689329223,0.1547803546922581,279556.65755921445,0.16126721806863428,0.25947608842767866,0.015764265069946496,0
740,1404450.8209916002,898220.9138093515,4629851.485095136,80146.63625534312,4.40848689640174,0.1585555825697848,223917.33894503274,0.2002503578179073,0.6545783263993818,1.0106432954045668,2
741,6283388.63766062,1928514.4115547894,23092578.261886958,65245.269589650816,4.349150593123615,0.22581341348707268,204069.40022435403,0.2561891136870743,0.8923961853118594,1.812086080837656,2
742,1146383.936961591,1447034.4024337921,3340723.525002658,96283.14235911946,1.501063262258481,0.0,330328.31789614307,0.33483161267375267,0.0,0.28815450799252756,1
743,8705919.17325026,2044806.897157115,18970772.92980421,107771.5713280201,21.081411363233,0.09563840715321278,196327.14056985435,0.3034573189671819,1.307206756161765,0.7646038793624804,2
744,1098990.2131535218,1646046.1587362457,1042029.4238605787,91108.53759734792,4.861466626101464,0.11926433236246081,225358.21802183075,0.20362291370404545,0.43252243327601886,-0.6203950393767592,0
745,3002170.284479564,1002544.1148881399,11632560.332679605,92492.51939097898,8.404416292952018,0.16955956351877627,199276.14308027455,0.20966999294171895,0.6619860810800717,1.9047165846623784,2
746,1441056.3545851135,1025805.3083501238,5076710.096213613,90943.15872898973,9.20188368767927,0.011272668917774155,186827.55280391627,0.1020481903828645,0.1570466431401685,1.0579630274739455,2
747,4397407.584813994,3894331.8056759383,11675791.735152261,101623.90770968785,5.598577861592019,0.008661057523409689,230322.10782584036,0.22066113041057936,0.3194855676503905,0.40812333640678694,1
748,2018408.7115952594,929358.6641956094,7274607.380567272,107784.60587872498,5.248630767646484,0.48300966535486856,275125.15106937743,0.13168706633084776,0.2935707873179491,1.4678363158203884,2
749,1014175.4479068932,557392.905882505,2007021.4764771226,117096.34981870084,5.949900059665834,0.03582302339144459,184804.38535079514,0.255569411697755,0.4282824910492263,0.2770818855175792,1
750,1413182.6187426606,921427.9237763433,10622815.748604124,115324.85438523653,11.805919897632045,0.2035201158767078,171087.63812100922,0.36081106409248853,0.7327092389778393,3.550144683721976,2
751,2146199.7489695665,1386427.1039368364,2193959.232016296,80446.71671314951,3.052292604902629,0.0,285043.35156110144,0.3745588086183084,0.0,-0.3789439634103282,0
752,1292464.7277023925,1062972.0700783036,2461646.3760388447,100081.4166073064,2.8781898016112377,0.35227549617071374,286161.6147889996,0.2409882832836394,0.10736602078850127,0.045091245223909025,0
753,418074.6386529804,615292.0446199075,1177445.5550048156,72461.15688575215,1.5884512605491872,0.12375842117529819,193540.18375996168,0.28145298907175614,0.2435771309059004,0.13942666631712933,0
754,824889.2856257763,954861.5562153661,5348808.8021299075,78056.33262317396,6.526666419233356,0.13459029738898942,157379.5394242715,0.25940727779151507,0.7068532355818595,2.0053694463190106,2
755,3129405.873367166,1711922.327514393,11788331.322523458,104652.38707879475,20.195035703610074,0.04648514497197494,148586.619296395,0.2707823060889848,0.9608063797730535,1.4349374455499455,2
756,1077876.4731655773,516263.41732812324,1534919.1133429941,93342.34140207601,8.334470480772072,0.10902350348824245,173138.1381458604,0.2541956676229055,0.5811285426804995,-0.03714904664506318,0
757,6719155.174595478,2145078.96501481,14436253.364343641,123072.2366593664,9.874322201622297,0.23413429073906686,308329.91428165924,0.0,0.7421568042740299,0.628595673013024,1
758,1533049.2871321156,1868461.5015153629,5186328.398009581,101733.39490694649,4.34549272375127,0.018706255533441324,208686.00390316665,0.38304108797850067,0.2141133706451319,0.5247131995932278,1
759,922862.3235744181,386070.0933507352,1486146.8048818335,82625.73049036201,4.061302669517699,0.24493027042616264,226874.0128932938,0.21389697251393405,0.5395617590667274,0.13538849345100576,0
760,819545.4498912686,413449.05376221135,1456908.0717131214,93140.5469296506,1.8634012964351103,0.05859074367696643,296572.28384224954,0.1305291832372543,0.41962242862044663,0.18160143244447904,1
761,1144502.557254191,902912.032768971,2846584.11108312,101629.24128846728,4.250648616780115,0.08611145904589768,203834.07682111286,0.1641555830717486,0.4330742780247369,0.3903310667776951,1
762,1702373.245567173,978096.114468282,6712268.925509791,71619.50390560515,4.2053743442569935,0.21746321109109254,139018.20130708767,0.3414762192748693,0.5269817504388192,1.5041393964753274,2
763,5290221.759751622,1754088.9218764822,6345294.019997811,115630.17096436756,30.137030606891308,0.13214591645825458,172399.838605419,0.21301443659583447,1.61483525726302,-0.09923137879954129,0
764,12169807.633951481,1685744.681123813,19517096.07203865,131128.11018280202,15.534410487877665,0.15099753128362103,169384.63979586132,0.292129719461075,0.8705815438352635,0.40861191443111294,1
765,4088361.522018658,1403826.140196945,17015626.57378203,92229.96060684224,7.534161127515249,0.15428172912480534,224934.44340498655,0.07453428237837299,0.5847490904433483,2.0981509774044675,2
766,1230393.9036506743,682051.0210658984,3775217.9439094756,88044.29759706606,3.9076851246107074,0.11895371877700442,251182.11088560172,0.1578506383272657,0.571577050855951,0.9740270138597422,2
767,617528.1184345306,335490.7793547982,2775456.957025456,107217.59571458057,3.0077101080816586,0.28043802460943085,195801.99856130482,0.21696741771099687,0.25732515194747396,1.9122790360857975,2
768,6174795.2765260115,3148622.6031608824,10211805.125314787,100595.97234219512,9.323493566440211,0.3748133737893491,336877.0655032348,0.14728838770368902,1.4451220651695085,0.09528557628672198,0
769,1006088.6408506405,1070130.176670614,5256940.263022535,77786.00658422883,5.176973034824237,0.0,294878.61981104186,0.13018391831656528,0.03915698177750587,1.5319779488843395,2
770,549297.8241121591,643439.6543893432,2035795.3408324562,92695.22939756248,1.2764893845735075,0.25009384839589227,215618.0027710065,0.5058869118378684,0.27012656599253876,0.7068260011332341,1
771,2218524.5068630762,1778456.023408304,5855005.413652656,90761.82497570784,3.2557148738612014,0.11124149887845275,306032.5140330715,0.10260638954623437,0.8019996401502332,0.46485712635060605,1
772,1373150.1318772824,808487.3972052103,3838331.8467132035,81097.23633690756,4.7416052601618786,0.06217646033515413,207144.16106917552,0.2312681599130613,0.9787805231328626,0.7593811050396846,2
773,607242.7353999501,489159.92173230916,613438.7589361956,103120.43948093719,5.3033773012439696,0.03928821797302635,159302.4121248935,0.15539225286318017,0.07090340563429705,-0.4404986571806561,0
774,2008237.2512721035,537877.383686245,1737917.0468735164,70847.17559326296,5.0630075165988755,0.029089945688396956,184268.13378497565,0.1784402084490339,0.35975410692624665,-0.317423880680083,0
775,1535390.5771512426,1296646.7910208106,2607105.424996193,80034.22907773705,6.009728932237786,0.0,211967.78175646535,0.12573452655986633,0.7844017448625569,-0.07942407317917673,0
776,1102960.9496690815,571678.6881657634,3233029.23051633,77589.02353214684,9.065175563757236,0.015858298586805823,120185.4653037293,0.25796408710029645,0.05468257300616784,0.9305820532806327,2
777,6813946.642547536,1738766.1013017648,19132517.776433833,103428.3704214938,9.802511713131814,0.0,220738.46845157607,0.1622736205428659,0.8407607609935415,1.23701161835384,2
778,491909.9009291451,422221.1935756657,850800.5424248021,71448.02510522754,1.0364259007191499,0.13242776235986664,287491.49257250887,0.17010851165098376,0.0,-0.06927950756812976,0
779,2187136.0721995123,1774606.0409297675,5047171.768396511,75986.49186829625,3.594526280892903,0.0,223991.77432515856,0.012897619801645577,0.4584185065072422,0.2739778673806402,1
780,4018869.341533814,942778.8737189673,10823413.164408142,93732.72863564244,10.861339607976873,0.06763819462350283,230110.1851208513,0.35450893091775926,0.755625261282654,1.1814148635398007,2
781,570845.9799913248,330624.0501897218,557756.1774054891,90654.61540068756,4.7953800731158935,0.057875602704127914,195813.04739935935,0.42457816184147035,0.0,-0.3812815082787918,0
782,2055270.2100721346,818175.9898993495,5423118.05707127,90754.95572583142,5.127886940170587,0.14190563350803276,233589.7101343626,0.07102750200536849,0.48023193149155824,0.887321940158507,2
783,2167406.722295945,1050947.5657800485,5229495.524439052,86419.85597479738,1.9876252125353706,0.21261165833724424,285797.077909175,0.0865078926041963,0.15799877302967436,0.6248974029411052,1
784,1585920.4437827393,1361404.5125009222,7449033.368865469,92129.62890234895,3.658078987050576,0.056887189441496636,181373.12798345613,0.2820819967453683,0.39453752826151023,1.5273878786199733,2
785,3850749.2621091036,1209723.7033220604,13647020.942774521,81100.40214314674,4.365152262406134,0.0,192968.4872731039,0.09134026928380873,0.33736741315365626,1.6967876394161834,2
786,864959.4790919339,701633.7398349561,2467870.3295296277,102849.3386609068,14.189973313138578,0.31343983999482644,134794.08180244121,0.18274114779172873,1.5592425193077348,0.5753102335142933,1
787,379297.2839713297,444287.15443091065,1713586.4411777342,87361.23411433415,4.090378265802468,0.1800342000092945,150908.1247086114,0.24315532159176537,0.4210637677042326,1.0806445110863239,2
788,1652953.8158344293,1173981.8934898695,8113146.933921939,86642.52492115958,2.870789947304841,0.22945255108958695,168416.98659622495,0.08815026916370768,0.7241548352136367,1.8699439138858815,2
789,1172766.3334962202,837400.2302061149,646340.9764683346,66580.24500599033,7.511667310005572,0.0885428291976011,165848.68909128357,0.28264484690936303,0.011091921866506926,-0.6784639700314683,0
790,6995491.676347576,1887667.1139177885,13478602.522503389,89966.65104994456,33.87117359426098,0.13328471601678785,153484.4610911068,0.26355820319406176,2.457670423325812,0.5173209036040147,1
791,1411623.6486239017,1200363.3290157635,4308944.586087485,84674.79666730168,7.4583872245334675,0.10147624168410736,250057.15988145643,0.0,0.3099990255401243,0.6496807307903518,1
792,15933250.62747617,2494551.3907173183,29269475.319562223,129078.458681155,17.31028464976502,0.3279178474141285,176367.45340303835,0.15929811095576318,1.845529417276401,0.5883324170004057,1
793,843133.1842126448,546487.1008720426,2424700.812184013,113439.06552256478,5.2285557201751685,0.2984012277141829,157745.6208887513,0.43297044333225965,0.1423888862122024,0.7448657292997453,1
794,2536779.5601499225,2782002.187404188,6963469.82010325,82889.03814024049,11.493965275527964,0.0,138250.27954099522,0.1813571564461253,0.7311668499923454,0.3092227037338888,1
795,3650905.448040276,394049.54383335414,7559883.557975946,110476.30372330542,24.451487884366067,0.2637097662506024,199996.08053480097,0.33625960451605796,1.3904911390804848,0.8689660510843399,2
796,1576334.362750507,1147781.373497656,3798385.375585625,77948.1504646483,2.5432802712703344,0.0544899723883751,222923.83339168606,0.046830249555790376,0.3717678450668482,0.39435535907773833,1
797,1491310.8416306225,1095040.9972179998,3378258.633563522,118175.70448197583,9.047681263157765,0.21086470537783678,221623.90319283507,0.2820948075429791,0.7039372453747512,0.3061868005814073,1
798,6610625.451737636,1677520.6126743897,8090299.786839291,87852.14493537508,9.140419985835365,0.23304319936193205,158617.19419749654,0.18857798655197638,0.7416718122850243,-0.02387099310692105,0
799,340249.40462835087,219795.68995484535,465790.2426844112,81115.540385849,1.2905480239968279,0.1713884649422984,220161.99969595528,0.29843276769597127,0.1763009640869035,-0.16829868310681761,0
800,485902.8328428504,395692.4453797737,1075578.0977368653,103508.65888394913,1.835343217346538,0.14892445166257914,257797.93801265082,0.28652665587678766,0.020551977084716927,0.22003613710968156,1
801,8246798.991956515,2789778.49870874,13726464.47299807,156460.08892851276,10.379947638176047,0.26262949283139925,198848.21097645126,0.18847665672783032,1.1371081816254835,0.24372474026553276,1
802,2190272.575485561,1083583.4154427878,8329290.065299113,122979.9430205046,9.826223904013814,0.195695011373402,176542.21001765775,0.11197315186752685,0.6691708321211789,1.544183399752175,2
803,571639.7588917474,695620.4051626294,2185971.0946127404,120878.51104472982,1.4785677170105478,0.0825686706418403,204693.4492643272,0.23702700717390227,0.035581051522748444,0.7249584233904336,1
804,1016316.4806408882,371556.5392117309,2732183.6011259397,101599.8816136073,6.043000525543945,0.14111582242806298,296104.3169700361,0.1914748517327373,0.5296020183444845,0.9686120862959606,2
805,933304.861053855,381636.4521039714,2147274.0697938423,91365.30406616975,2.037945256015433,0.06385067583009638,221849.02747666673,0.04537277932263181,0.17360463074843024,0.6329809158076963,1
806,4728163.503138634,1403307.0150123527,11028943.963214284,132589.0627416622,13.71971730929779,0.24747532318373572,210827.38974726753,0.19720573980278913,1.728304190283731,0.7987436995032937,2
807,2269845.5642095585,895322.864652681,5480973.696460239,85577.3481394774,4.08637289866686,0.09163634557316261,191140.76951146187,0.39010416884418925,0.3683680043545013,0.7316530919747752,1
808,266861.21820303594,899376.1323511044,926165.8128126237,76994.77803514383,0.5546978903066726,0.07571401300564963,286080.0202421534,0.1931285177867942,0.0,-0.2058513540382205,0
809,3357103.5925886654,1231504.6290856614,4342130.9129336905,77181.51736243984,16.57192221355715,0.12710017303436213,194406.02641583973,0.08383142761685379,0.6387376389002866,-0.05371504753367238,0
810,1207959.6072978263,448646.7062652111,3631178.6428038557,87330.17513585529,1.404318687398686,0.0,277294.1993674333,0.289575892357592,0.18276348971796816,1.1919381889797933,2
811,1215313.679328531,1609620.1820650934,1164896.4985025465,131670.41867663834,3.60139251033217,0.08875909322699393,244825.89790471023,0.18410199422339618,0.39254529658471576,-0.5876376029816612,0
812,771872.3118151953,512635.23101145565,2311879.9871048564,82467.54644309673,4.334500610233939,0.1869815520148957,181606.70535572982,0.15216998611401228,0.240065006511584,0.7998181482199777,2
813,762865.5799730929,377196.2239537334,2813806.3497171686,106951.3759433103,16.387286606781707,0.32278193680794415,158992.1916717537,0.2709585126446431,0.8246192919952975,1.4681173775187455,2
814,1149333.8162685612,566655.8765060777,1114421.1045428636,75794.59733426507,1.9376612037001384,0.04621171032955694,317627.7339522186,0.22652900347714675,0.04880510748505639,-0.3505665510490799,0
815,3394491.4729635324,1499756.5359332697,6314687.284072578,63924.54559330221,2.5836369028929513,0.08719306512379345,359221.11110384465,0.4043594034726646,0.0,0.29022625592199064,1
816,1730721.7689478118,727365.7967839511,4081772.627197593,119720.46331914252,13.249642315560415,0.03529991012509172,169789.52552934963,0.20373433756089887,0.5407160828182804,0.6605480960489971,1
817,993040.4347346984,222515.79062834778,1844183.7593280931,73557.05707301354,2.7982264518612587,0.034563622238526784,170642.9146639239,0.07574836639205514,0.1440444014192833,0.5171521652791478,1
818,3031633.375673199,1011404.9375320812,4969247.500114938,82629.02484848002,11.3164450445342,0.1868778186744043,156651.8967853194,0.12397001449505539,1.3948937074203513,0.22908741277184894,1
819,2584426.6309414543,1415510.0964097267,13510909.147313915,111693.94578051231,4.565065845264092,0.1603599834796296,268994.1131444159,0.31585199363331945,1.0325632314710056,2.377780717111754,2
820,629958.4305283285,208388.57632737455,4149856.191417643,62579.432671960494,2.211172673482837,0.08341001896774349,220158.22390478433,0.3533933040412728,0.0,3.950045932628849,2
821,9879892.13167483,1828721.7517683199,21806985.343200985,99999.49635065775,23.26936581153091,0.12386599877068509,165980.52366382742,0.059503847042140595,1.519741879029871,0.8624736933239964,2
822,533690.7978734721,352376.95382751385,875611.108436128,78067.92670751114,4.3911604269560325,0.18921471213044097,140248.33814362122,0.27177974486847484,0.5773503799881579,-0.011801178007871631,0
823,2786231.2587914253,702258.8782786438,4666075.77296079,85316.43391761566,9.905536751912278,0.22937669645272538,138425.58055122176,0.260062154732474,1.2568598717051955,0.33756312605766975,1
824,7241348.691454278,1720847.8076003352,8422501.59623603,137650.52044676887,12.391394899233127,0.15314869808454507,232713.02648396473,0.41467146882165623,0.555961309493056,-0.0602190437216496,0
825,1957709.275675369,1603686.2549174083,5392017.705847018,120099.33716253753,7.575708558948847,0.19095257336503357,163664.39348259446,0.12721188891844845,0.22730269993105254,0.5140182154801387,1
826,485012.45216606546,242049.69578018636,797717.9535330365,80684.95713632276,5.317899739641234,0.06684646092529051,295218.29990480124,0.31768087225549235,0.3010903625764492,0.0971798707804659,0
827,361300.47795162996,956306.1010027939,473342.7444533651,91870.77750875545,7.137267592841129,0.14758635888154095,130548.37642666121,0.3542335348900663,0.5478374732229954,-0.640755630691384,0
828,7187362.886091087,3968879.197180093,8044999.563822757,170142.04844408424,28.50567416469746,0.18304560734505232,146973.76004250033,0.36912952962099244,0.610326264193811,-0.27887907919403615,0
829,5679037.156246288,994782.1570699632,6006368.672903898,129211.6546900649,7.344597416550096,0.11862144688417507,259726.95292673327,0.12790505677794686,1.2458963007906423,-0.10001029531629524,0
830,1698191.8064677967,1188851.6317364764,2359090.0552501553,99472.28675895534,3.4622827679152604,0.21499431493701435,235324.02841946748,0.1632991381826263,1.1830813296554834,-0.1828699132017571,0
831,497634.7590637632,659950.0129710104,880935.9193347216,84022.04659789323,4.347873662422906,0.0,214757.64936283758,0.09658355047931265,0.44378053929549405,-0.23898798548789263,0
832,2467333.6884790305,1287601.8960246893,6825096.57595496,113432.71460347762,13.19534995930059,0.21480041146465004,206332.72732725227,0.11794464724917958,0.8108974978594472,0.817633464638253,2
833,603620.8306040663,885556.9313167122,2371111.310430525,98412.34351812747,2.783438294171588,0.028477224181120545,256570.75799167593,0.2619821729399509,0.667486434532222,0.5922285243987303,1
834,1863704.7355844912,523249.76545663725,3243793.673866937,114577.08675415802,6.0874820066751,0.2680366573880899,246344.29966422028,0.19017490429893855,0.7897536100348577,0.35896753476116844,1
835,6239637.884045378,1261044.106114904,10127111.354188856,88565.94697322616,16.015227008901533,0.14480719678125442,190280.7385468343,0.25169358721845386,1.3119808743193033,0.3501587412283358,1
836,2439815.1613635374,3797544.262101914,5765510.274280969,138008.92184092477,5.076857377770691,0.11406577012462829,324327.57963095815,0.23486968401967864,0.0,-0.07564886310853716,0
837,942594.2488873816,493657.64209771756,1165158.2277378712,146969.78376075227,5.702249825055494,0.047010444556222934,314314.7567070662,0.03756265810630892,0.7087248683675884,-0.18875077898855866,0
838,261357.76615937412,670481.1923642538,554671.2259850046,93219.45359497305,1.4668657909413123,0.1575667774347508,182131.32388107106,0.21058628710928548,0.10262331409146237,-0.40475634667195537,0
839,1054536.2244627334,1221633.0493609847,3013567.6036785897,84473.16994086005,3.1081759273733356,0.17379928453039822,171222.009987457,0.1307964907880546,0.6040827533621591,0.32396462703150464,1
840,1549358.7699371919,726526.5923299406,2394294.239418208,78225.40795925175,8.472967098080165,0.08409308292526001,220781.3984260047,0.12627315027000224,1.2545730593602928,0.05202761049138357,0
841,6414940.355899017,1786403.0417380002,12962301.505468741,91147.42633934742,25.053429466201784,0.31895059098526396,153575.7112691096,0.0,1.8874098421310137,0.5805095430101681,1
842,1333158.6977384086,403180.47905056813,3425080.290946916,83239.18819482051,2.493299266677197,0.0,269247.79942030535,0.28622846396811835,0.11490014895202232,0.9725871170406576,2
843,2039198.4230304735,2268640.952071108,7303186.923893541,92727.19497137831,4.391582799528533,0.06145803707054458,245100.88170985394,0.4415755671622252,0.14864024185354166,0.6953247992727973,1
844,2275628.12176383,1233885.2808755601,2867176.684955797,107006.14986078526,6.818906438266628,0.08733872997004799,171561.37917153706,0.09151987763098046,0.6294760197318019,-0.1830272872588298,0
845,1495664.5693228913,603242.0726848559,1362216.8940725971,82963.8060503334,5.336510411292826,0.026069246437561047,223565.8330195959,0.11675737678384841,0.27262322064039984,-0.35098738228321397,0
846,5107361.051230758,843038.5127243998,11855870.163439872,126857.88556344746,16.3224797712569,0.03092763907597967,214937.57268614508,0.0758965480539206,1.7777196181503343,0.9924494205830137,2
847,194358.4813898194,299780.5370579902,531465.8499664483,71219.18638765205,0.0,0.0,261853.8443919998,0.11647843062203993,0.0,0.07553912993126864,0
848,1859096.8332168371,2518326.5744639486,3217891.9594195904,79621.36932459417,1.1977272528959633,0.15552907246001457,329852.3559782039,0.23372183255631881,0.41821094133472253,-0.26488903180502005,0
849,3202745.457491418,1059408.4891996784,3362610.721690794,100684.24517381913,10.961277355424208,0.03232300822777084,279333.26392075693,0.3179697698107008,1.349326850244152,-0.21105366822769464,0
850,426987.45685385005,854253.5091088398,1429547.4302365605,93565.31913715291,3.7844879901581656,0.07150308579912537,152532.4872727041,0.19784107966196424,0.2291952851752251,0.1157522029140219,0
851,849886.5274924285,394985.2314371037,2307121.8854406127,90272.45253545238,7.229714152287956,0.0,163596.50290435302,0.22891050559689183,0.39818608319401183,0.8533008471687971,2
852,5571760.653852512,808401.023722712,10897785.039937515,138346.62373223883,20.81804315081234,0.1971429071197009,235276.32409585716,0.14602430290639698,0.9312146896811153,0.7080734925951297,1
853,3009014.7583631617,712880.3245281278,8852530.509904677,93717.77117301158,3.369984817176433,0.12618117498903614,263975.29856113665,0.3157290990137783,0.3955736043802201,1.3785008208849732,2
854,652229.5479556746,787272.3723793617,1560708.3301537498,87703.23528458337,3.6169337204202225,0.12609786305115725,156450.75151908575,0.24900811500223238,0.24011656610758592,0.0842002418381654,0
855,722071.4677212297,502186.6734291536,2094509.8782919967,67728.92804091438,0.6280873663146092,0.0,233059.70580089325,0.26856460978595914,0.12978755624820637,0.710840065416167,1
856,1822141.353981466,722823.2443275803,3828427.4864590196,80561.89190666364,3.498738471781948,0.16001094113456255,217228.69203016226,0.344734791685526,0.21389743828484925,0.5043146332969605,1
857,2122568.926515854,1026877.2378627731,3321225.2462136657,88607.92260978484,6.499776730926456,0.035083491911425145,158960.95707505298,0.17395727287449175,0.6348481780026511,0.05454263158326753,0
858,499989.2196580345,865309.2947970739,876518.9856221135,108100.8384022376,2.4109959706794593,0.13777451197767004,203311.9575283764,0.46685647964307514,0.24523496636958048,-0.3580019487738674,0
859,2372999.5246373904,1350045.836509215,4720616.278406505,117483.78774156573,19.232032650806193,0.46100580506819755,129825.95680052192,0.2458970955930048,1.195584426845432,0.26794487321332877,1
860,762008.082952865,692832.7210778958,805950.0135382696,82056.08689088373,1.6581654417744667,0.2941571632725151,288711.02254898736,0.16809641983336646,0.01931896457839681,-0.446021852490447,0
861,1297326.6054830805,1010072.627092186,4247253.490238225,89513.04723422677,2.0775724291296367,0.16621015775727063,239405.10565839568,0.26574939560430827,0.7989767320872148,0.8407102812017083,2
862,992207.2300591688,215027.9710909817,1833735.0393713582,91450.35690776046,1.1359817567774035,0.022917741816888167,352817.4841554524,0.3017447502687977,0.11034932471585444,0.5189542498631022,1
863,249695.55485813823,307864.06640902156,1885023.2374365912,94670.02069353766,2.095255318839578,0.2420336033170005,258093.9064861232,0.27263312156217234,0.20603474041618236,2.380846039662124,2
864,1786397.6882041371,1377534.1921763087,2417937.226165263,104611.04924905319,3.52031535909457,0.11493201609241428,245925.15057612144,0.2119078537821271,0.15347475720129705,-0.23578088353959162,0
865,1729446.1727002803,956987.4406309449,3494803.2279703934,98290.60127430748,6.155246214987004,0.36035843486828995,162499.89054926747,0.14519028845895574,0.5858934875338646,0.30090809265775065,1
866,237307.23278415907,1011267.8698981162,464556.6926768117,96936.2700828686,0.43822448500476735,0.231380312021988,242599.22246347181,0.06333929098199774,0.0,-0.6279305172121252,0
867,7363780.63486542,1461432.7918238423,23954499.575480655,89870.41074434112,45.26570684610034,0.2519250148044453,143937.4157961912,0.2941873157682309,1.7040971546203463,1.7143252426096935,2
868,2928263.9585822313,2177385.7696082215,17402824.654924743,137848.70088579133,3.2689586022783734,0.10001406770012665,197922.7709166171,0.24851617464993875,0.08413320323403889,2.408542610911278,2
869,2094399.1076427037,1242531.9694201066,5887176.003723796,120188.38656367056,4.632864314569398,0.1465476631896676,283530.81414956,0.24729335262142488,0.6346419938059833,0.7642486068084239,2
870,4492739.919844273,2235535.9323020955,8874243.439676458,81767.02864400497,9.129730263890188,0.3030439303316022,152459.9752898481,0.27951042243602897,0.6500596280068807,0.3189476226432527,1
871,3514502.3661414995,2200617.72618724,11218561.313558485,117587.86556839637,4.865633233571498,0.17882346456256923,149075.52837080738,0.26339060228421224,0.6034135297163301,0.9629616057616839,2
872,1797169.7851840067,1379703.5608417012,5655380.97409942,96958.08499979044,14.128519783250065,0.04461835654994944,185684.84907614248,0.056355453515939354,0.6596912771086898,0.7801719987277249,2
873,5318715.46606925,1801542.1744545104,10947355.31579239,96316.56859584253,9.79058623944974,0.0017946952362285125,216801.40571679105,0.05172780815445408,0.5554105382774921,0.5374942689555697,1
874,1309161.9106878624,1881549.137154362,1931655.1641576937,66614.59491467816,6.791880156032356,0.19878584962549903,219934.12139363724,0.19750233547557783,0.1435484645280903,-0.3946004087508926,0
875,624972.8194182244,450590.30140053463,1635330.5994809123,83008.82564444916,3.8353531190944468,0.10913456048316904,182793.2740193188,0.465110461002083,0.7451597660557956,0.5204413091404967,1
876,2062345.4321018066,1235079.0459461543,10534987.15394059,106540.5132047483,3.724768422960498,0.06540565790575846,231749.16856667376,0.14013633135160117,0.43932366583451915,2.1949138559731884,2
877,377647.58985343546,356606.05344607175,1685423.8063968027,70234.38309740917,0.4523961688900519,0.10793374577763493,219268.99075097704,0.3561724757482309,0.0,1.2954245059282687,2
878,803517.3971134073,602921.3455076432,1587478.0423030048,136056.70175580814,10.882520327545285,0.19797509925313553,160923.85929782857,0.20163710235784835,0.9782666845846006,0.12872178090356642,0
879,3474082.217078583,787679.5687951092,3313493.0370120984,123568.00199624294,17.613456828080047,0.20779948560839195,272040.9129823905,0.04438849448276553,0.7969702927187721,-0.22250627709995105,0
880,1420075.1519329783,651640.0061695764,4595991.382950119,84396.10964409135,3.64600004064617,0.06045891397483015,244918.77675546365,0.2760944754127116,0.1997820415669142,1.218447533665536,2
881,3854518.64622471,1715294.8813089714,7471899.274875679,99659.37774521984,7.86464952105206,0.047028971142521275,256036.09483287856,0.4126039180631697,0.6536386766711297,0.34149899955164964,1
882,2978227.3577763387,972669.6909560986,6097161.378408369,101872.66112114555,11.776532244181526,0.23971872216223977,219871.61576219357,0.13768673254466768,0.9552933823930339,0.5432346890346119,1
883,1733175.1371919285,1026120.7737863717,4228211.176227258,70827.09712939717,7.815404264241087,0.04848799095747479,169555.78826381278,0.27652061923045884,0.08151701715604882,0.5323514811893292,1
884,3521329.5636692834,2173409.0892081526,5327694.152585554,109536.10431810016,7.048281733721025,0.13566894593461185,210057.31162281297,0.1614297189130528,0.3589878351918226,-0.06445326513911608,0
885,2883094.4199518897,764980.8869926694,6671315.168669858,69881.34654353149,6.22579342509171,0.0,317861.2653372062,0.155320276138661,0.8581636234405556,0.8287218895865966,2
886,4262697.525558989,1004277.6345319084,10761352.37030971,88506.77375974123,1.7516607201523064,0.05041272890566386,336174.75353782024,0.25471592829754197,0.07873210660522323,1.0431750754875388,2
887,3469486.0112541625,1866461.4835050225,22967376.71452868,92093.54485460169,22.878568522662537,0.3484780495817419,173428.06847763408,0.3240713868844714,1.8321304478764113,3.3042733717088817,2
888,8945349.658533992,1716870.3676095284,14323956.100530975,99550.12158743081,10.094613736303149,0.08017546886309466,193221.86918711843,0.35170539154095304,1.06207589316212,0.34343092389849017,1
889,3273229.393898221,964815.9548644006,9349384.271416696,95762.32766937857,14.304854294013259,0.1888016488526928,256473.8051367584,0.21526533778645882,0.9622694808174108,1.206060459958605,2
890,592136.7648701373,707658.8671975519,2039317.9628976316,113406.90609146879,6.081034227170581,0.06499437129736142,209297.9763771469,0.2360201241182943,0.5419511953156408,0.5689527742553842,1
891,3404644.5889268606,3879307.6195736225,33488835.59044686,112207.96161274854,7.5459083666874935,0.13592159155402334,144623.81870974586,0.051777045973238414,0.3979174992271618,3.597618797026823,2
892,1804010.0317140378,1091956.240642775,5504588.551601722,120764.64299785785,2.364615300539904,0.13852602754763974,276737.7292476971,0.11803364195560273,0.0,0.9007778523338755,2
893,26601292.547148608,8052046.682758862,43235955.32195543,117098.25192744455,33.79152188870773,0.23376818106413239,241116.59471642887,0.11186113424272923,1.3933973782465472,0.24767068002037612,1
894,1075732.832109993,667199.6639267841,1306648.3652714647,89318.76234660887,3.085369641652477,0.27669068342347386,225477.23986273556,0.24475798062356463,0.6210623353651867,-0.2503161377490931,0
895,189509.12596700396,200025.82737473107,607054.7386513111,59880.2356676269,1.501037836693234,0.16284067869480068,168077.28386599096,0.2626448189106049,0.25047584258466976,0.5584089012899137,1
896,467955.56703531765,210697.15312202837,359464.37271124683,66796.65781323964,1.9691600740080286,0.08325881817977877,283024.77190935495,0.19850898220619564,0.29701771823393397,-0.4703264835836732,0
897,1494214.4042299262,1687706.1323060642,2725085.447591885,69541.30497977094,5.998043919510053,0.0,214689.3969217922,0.08341731444647602,0.6570806151191999,-0.14357212372168182,0
898,2606730.7678735936,1346229.5791084976,3522243.9460606384,142997.26957136331,4.976371710799245,0.2268666480416746,229414.5018309367,0.3092916797164593,0.6175715348571189,-0.10896046585700905,0
899,1658423.062950448,457293.7000443079,5727330.785738673,88062.72093912862,5.57723551297269,0.0616026835937054,219422.06740872032,0.14951209972028795,0.4458256055260104,1.7070404157651744,2
900,5761141.251496021,2262373.397512571,7345385.211547644,101681.14664286084,9.406839990003775,0.22727209612280203,165696.5553246447,0.20897550185722366,0.819888595441518,-0.08451775401752888,0
901,489193.39911318885,587462.3953746569,952345.9300267133,90971.35078209145,5.699843844486311,0.24624929229862788,219976.04857045054,0.1420562481174279,0.3056712475569158,-0.11545924435419519,0
902,179187.4696099488,382183.55257388623,461765.9617016071,75537.97160496298,0.3939522655295109,0.21116762372860134,165707.03613613293,0.3416551458364889,0.013570253379546541,-0.1774317813818501,0
903,761401.4165864983,707000.2593332258,1378437.2633536519,85407.35255169962,1.6752589895222099,0.12795822061066642,189374.41111347475,0.2858599415405327,0.18971829483266117,-0.06126689586466432,0
904,1369537.693649521,349076.7850067719,2918145.0412453217,115178.20607429791,4.922172191445227,0.2835988826910111,156303.6745328115,0.3744308220664285,0.6624334424557996,0.6979637245503062,1
905,593996.8438241348,897987.6502748403,1816519.3326419678,96660.80349316029,2.6955641092940024,0.1838350624420507,167939.57184076763,0.203416464851614,0.1795168376537848,0.21751890842470362,1
906,5487547.325230027,2528887.4271324542,7011541.576612858,104134.06801641345,8.448338667865583,0.046617958844397296,202394.09128265354,0.3399050292364931,0.11329649207923218,-0.12535412646544347,0
907,1245614.5157409997,460866.45050929475,4516646.50461752,105512.7245592277,5.1565870616728695,0.1388756137627422,253195.97536724497,0.22056664635285322,0.47750052351141603,1.6467605522387352,2
908,2091013.508052742,1625445.0621783137,7714733.795192444,74208.02288204037,3.302139435861849,0.1667916540472141,220380.7038139292,0.3232094625670717,0.1591920929612484,1.075829354587104,2
909,3200712.1928688977,766533.2353510711,12154610.7326891,83773.72421989961,9.028763371211511,0.035484744869640816,250768.04092008813,0.05633219050705289,0.27841113971306464,2.0637405606999852,2
910,3636104.6135231312,1161050.3078401266,8032348.082221759,86979.21152508107,18.909635684063453,0.33230264917432223,216150.45730972083,0.17351066391917253,2.109662320531064,0.6743983077242629,1
911,1851527.4880598965,1339437.664071385,6800285.4841321455,103136.35335250876,6.828439978078634,0.09863910185510165,180219.51314403655,0.27229627158152686,0.8768409668530679,1.1311061575179402,2
912,2828189.3546797754,673206.6369979143,5106905.83786406,95236.96413516218,5.317897930356006,0.2629421928626035,277080.64544305985,0.10426787371908743,0.5343248624202077,0.45853421035565073,1
913,774653.0517915465,247913.40726227278,3453290.3370564287,95647.2628479932,2.721603534079991,0.010768077518546582,265696.96529732004,0.3898238426741247,0.11026339465601633,2.377081564216137,2
914,189338.20459736156,780078.401020298,729483.1743846461,63716.87942769077,0.17297146245000278,0.11493354542612828,209059.72491965853,0.02621987168837217,0.0,-0.24750291035105693,0
915,340910.7773453484,345261.64237293176,1020776.9095028798,95799.08058067993,0.40663808135290186,0.20593708670086494,288497.7695347152,0.38242813340724885,0.0,0.4876390833691293,1
916,4869209.0381066585,2194105.515449246,9166414.276181998,101810.0441255365,10.366522707764794,0.3169694239503163,274233.2749767677,0.3158465628224932,0.6835571101790332,0.29774969055672657,1
917,3013149.78736556,1191682.5748337782,3419836.8797620195,115910.95284580803,12.055845983771489,0.0,100795.73357780075,0.3648872862889515,0.7533372623101742,-0.18668888907302994,0
918,951317.3610143013,688959.9796935335,1349143.7062508685,111132.94260321883,3.5429663697042812,0.14647469423932252,249255.2154822586,0.14051264086006218,0.4074699280398042,-0.17749049336457476,0
919,4134233.687013224,980212.5679129054,13494231.341635127,82570.7210706693,8.462127054283863,0.11471293376183196,210841.4378143065,0.09836097816431257,1.0316937813522271,1.6384540317806178,2
920,1332568.46318821,1474095.173847977,11921109.248258932,111134.02244541327,4.444890080331877,0.22819456699181073,177991.163742175,0.2026559173613664,0.17180759246504362,3.2474306828044135,2
921,13140192.340670476,4104602.515611646,31335250.644072987,123359.22642580721,20.964019881577357,0.1488536400927114,238110.1876589591,0.17392911532586827,1.2602891564489744,0.8170845698786517,2
922,3296696.353752594,701824.4318981133,3683349.1743490184,76146.28988026975,4.328985645576706,0.07087715990736851,436373.40651083295,0.2115777418105104,0.14733538442046293,-0.07882205150282816,0
923,679656.8934604385,623210.3341652564,1727955.100145797,81829.09085887003,1.129353345155831,0.0,214632.800860958,0.2493205105470971,0.0,0.32627106086225627,1
924,3207816.442113811,1680002.1581459292,4830052.047009933,118525.21531224484,18.808352761751735,0.16992041014992493,175096.05132093476,0.23024449746125863,1.2904100024053689,-0.011818473223768444,0
925,305263.23665386334,464993.9338411183,674246.9150744816,68064.9318925982,1.5179354611409224,0.0,328944.5737218432,0.21486086780078784,0.26563004136190027,-0.12464701283962339,0
926,4875488.390366671,1467717.192352826,7510068.20080211,104249.25662936679,23.94416676507708,0.3274043381877601,174735.90211182355,0.2516227860699249,1.3257342311014004,0.1839547217674048,1
927,999690.9379046308,579510.6754701991,1434425.9734546419,94757.47233837689,8.670416159441032,0.15054606264099823,201864.40442334677,0.16297794086072195,0.5212071007901975,-0.09167647670445028,0
928,720236.70202913,464792.8020959772,1491619.4361056255,92539.80777384192,8.033987441805886,0.19730147227845268,216086.265048486,0.19489122502555337,1.3017270062251476,0.2587192394056636,1
929,8541546.837281711,3142151.0457667015,11091795.555330982,76251.37169544587,10.889784395506569,0.04308973705614451,193297.4136439785,0.1519029791662134,1.1875313344287228,-0.050660530051552195,0
930,7305200.462010363,1866243.941792451,13982018.496968713,114255.4641501554,18.49534274848902,0.0,135014.70075377455,0.08566709839872946,1.57065605631349,0.5245165190306622,1
931,871144.9126118018,1284896.0354588248,1466392.424719706,82553.86352620652,0.8390793379277721,0.2366192135596713,213872.96340921128,0.20594592151451563,0.010841121070548384,-0.3198680080580406,0
932,589031.0129617007,697325.0979025466,3522701.491175273,104319.43915633479,2.7981670550209086,0.0,170777.08818026428,0.2303097343807112,0.19601205791757384,1.738511879737969,2
933,1476257.711931486,441484.49106732954,3906035.6687900936,146022.04466919557,5.336247931901914,0.2888236964665058,210689.0193111861,0.29679292092484905,0.4790101765843971,1.0367887105379128,2
934,1389470.7634737636,1423194.202572487,5848019.976968555,141740.60095672726,3.515643782756185,0.18829895772906216,287356.8463066548,0.12381288121858466,0.17810695941510124,1.0791740387014839,2
935,1087111.9125854312,1380690.4879345198,1863657.0097827688,77349.0174013855,9.115957963084645,0.057444238328249575,188775.4389054876,0.23480502394291755,0.699429219191569,-0.2448110880392582,0
936,3368444.5000635167,1588883.3066265197,4358836.421660931,93465.7644354695,8.200051104807338,0.12014375000141828,219716.44349853144,0.14842805972530235,0.7468290693202311,-0.12072862807688985,0
937,6109724.634229432,1090900.7049060035,13372493.60929686,171573.65437043965,15.44391674925632,0.19764691524477362,259898.0877728061,0.17876128006290395,1.6289070565315376,0.8571294824377668,2
938,2731613.330093666,1286377.8226933363,7545992.914045678,132292.58659195475,8.279567409716035,0.2585671850231065,210258.22142213868,0.3267584434992544,1.1255417016621867,0.8780511522061331,2
939,3013680.919945043,1701503.1889952663,8680118.931704145,100998.37221802346,8.877307743261543,0.09440184286130851,206815.91179703627,0.0019246847463798313,0.9294764954748986,0.8408865340477482,2
940,1701610.7562608554,721391.2056579645,2842224.107924006,87851.26816081733,2.5501822312188778,0.0,141734.10579000777,0.3344625795747887,0.31376911654993833,0.1730176667596243,1
941,1685221.7955731396,724639.4513386056,2559530.2975721676,133936.8158407718,8.121656472649772,0.1761078802666202,230623.35705905716,0.2782905683401127,0.49715250025310137,0.06210691626010607,0
942,2591359.1649197238,1272639.0643061171,6295463.457713497,85544.69385642874,8.789460645805153,0.2024504644023221,293078.0211079359,0.02153906792333985,0.7236332294009098,0.6292614758715365,1
943,1763565.0780666347,1176708.7311822625,2430571.3945383476,84755.30074632559,3.891184331419943,0.19273401719487188,213352.45382248514,0.3622327888861128,0.0,-0.17335202357931243,0
944,4049134.032995749,1382955.2796456655,22569035.31137676,79287.16327274022,4.8309127517826775,0.1846382671491566,255210.82546260423,0.2559253481702365,0.36389891957495385,3.1547614577791827,2
945,2120429.920730959,1788397.3807348607,5629513.51962599,131679.90361147243,7.428793685621281,0.06313306306896807,254249.4086515959,0.26470005903436516,0.0,0.44020522920388644,1
946,475415.3279201172,846938.3791992146,4565064.5369134005,96416.216572735,4.7499707977887295,0.1782611657773354,112315.69259777004,0.15228587683687414,0.7334147237280753,2.452226520284138,2
947,1488618.215766714,460328.64955317765,2874334.502925333,113090.03564507724,2.9419535724561743,0.18948294496678336,366395.18737485324,0.15303565680353645,0.1789334586200011,0.4748141953339259,1
948,827790.5283646166,278898.1666260242,2720483.8721162085,80243.06762934975,2.242836387577389,0.17840867200173077,224592.2394245033,0.1652048121028389,0.052066366333889086,1.4582196280040753,2
949,1202709.9043602545,691835.9720275911,7192384.269241613,107471.25048456513,3.388689354097653,0.047069816686015856,183629.53525145096,0.26185971461548646,0.4352832506971153,2.796363212357076,2
950,518805.87217946985,412498.6329348553,488568.43241272325,77643.17797194056,1.2154564539712829,0.16654418516235428,337899.43708798644,0.16114968480148456,0.0,-0.4753934618272382,0
951,2094442.097405706,1805393.4442065074,6855578.362370787,114454.28388636748,4.7610822344502255,0.3951994480976437,237378.0953056866,0.1640436926459094,1.398442843379152,0.7579147349215278,2
952,6725759.5302054025,1099500.3529356248,8954451.150099028,107988.71849462268,13.832496271219,0.13104297097177484,305984.2542959769,0.2908366305640548,1.120193068174149,0.14430080071727244,0
953,4661222.505318979,1270715.884329473,11173187.587949825,81156.01970384146,9.507774547522027,0.18834703526937888,179340.5006349423,0.15853869017880656,0.8490170103148289,0.8835643349647112,2
954,1630831.9321838447,298717.2690764571,2089728.4534251364,105924.89621687657,11.061115724754744,0.07062744899172682,202185.1846887131,0.10507734590608539,0.20771399107288976,0.08301382108329354,0
955,472965.21597914817,397485.88902922365,1148102.0174907797,100909.49031857633,3.4002563109260695,0.292108073335257,172983.19268461433,0.15461267824752203,0.0,0.318973588389824,1
956,2367354.0746179055,1394398.4089268073,3878066.115435703,79140.33145246726,14.87503843176754,0.1308503651067012,230887.94542214728,0.24672700807741696,1.206321638995592,0.030920065155745587,0
957,1055164.458322327,409023.8900037343,4380646.646313285,102401.15052579442,11.545728122165109,0.45017712481599753,177973.00024104255,0.062180125645360025,1.6296854671392063,1.9918600645343725,2
958,3679977.902971717,1152027.8720885147,5432231.37164087,105769.91302014426,8.153525373754034,0.18013784173814346,164482.48939803493,0.23780670312168198,1.0636364008657795,0.12421872500207362,0
959,4139319.577060865,3031331.826091837,19356845.620987315,90006.20934821459,15.996164979528693,0.10368435515814918,159137.0468514784,0.12473754050316395,1.334119237510583,1.6994542800500299,2
960,615633.5402712704,518975.77987653855,1442042.0741544508,100421.27612816585,1.8268286730296865,0.1628238988066314,324314.8722129908,0.30969748385297985,0.3856905757631076,0.2709591297615918,1
961,1272642.9361499427,2187798.9483641307,2617388.227403402,112674.87228225524,4.862928161748159,0.0,293823.3211729604,0.15414849073552317,0.31354520693472876,-0.24362601229728667,0
962,881599.9551927334,805677.8845599099,3105194.232176987,86248.02328119578,10.365165709856958,0.2338715616239107,132066.73681661027,0.21683520612546522,0.8534393969452021,0.8403573845503782,2
963,632648.2508967017,595634.7206924786,1770776.5704665794,78362.82225373341,1.7647532018858931,0.04929217873930736,313358.40662414656,0.432596411111741,0.0,0.4416682567661984,1
964,868662.3627933312,1048835.3899405464,2151287.468545242,77297.58159929031,1.6244655481516879,0.20708979302151706,247296.99172164605,0.20457708350179146,0.8693448033235736,0.12192437538872654,0
965,3276370.3475096123,1352633.4901603195,7482838.462152214,102387.55348452856,16.6909960452239,0.281408751371017,157772.37897658336,0.2687198322289821,0.9944843654230779,0.6165116134184924,1
966,1127905.8803961542,951314.1584835154,1520598.2414697567,77116.74175837335,8.116229622119894,0.06356505690768664,225101.6582037667,0.23123358599817576,0.4476224016038331,-0.26866891765380974,0
967,968682.190965624,926624.2685988975,7643704.485901618,122147.18060477424,10.617695911431436,0.22803778749872664,110960.68157552679,0.14815724898674415,0.8085008366254165,3.032964931517137,2
968,1057282.763339588,629863.8105920292,4018472.648048175,107000.50692447514,2.6193610747863874,0.06748917192233063,174256.00160396768,0.407661730335022,0.7734038237770939,1.381815966756099,2
969,6671572.839698831,4027693.369938539,6334617.435093568,105290.02367287071,14.229769070405903,0.05577645089627369,170693.18542484884,0.22589095858180158,1.1530186267480125,-0.4079390762903294,0
970,532166.3959331624,756367.4630119929,1298800.0671758174,112702.22962851728,1.8476880588394717,0.1253222296877702,241134.6968894562,0.1369390449468577,0.6588116868525331,0.007967356200532039,0
971,677885.5556466505,317187.0094529967,3306408.4512156243,79218.07399689694,1.498692569451265,0.2165807606248827,157595.67510930565,0.1397769638162958,0.1994260743630454,2.322781239461183,2
972,1808761.8522650152,1314140.5342247423,3888257.3430271223,69839.99428762039,5.952347218548393,0.16384770034630053,192175.83918468494,0.14665029507876176,0.9458352722734276,0.24507809140895004,1
973,871203.188350092,598942.6172499798,1950431.962862422,81996.42368720585,6.026000966765425,0.08320080782661494,166171.4324379716,0.21162238134927477,0.24784771244485562,0.3266928732053968,1
974,762226.0135771298,673853.025184027,2720841.411928156,91721.00853864197,1.863842702065985,0.008016517077588907,259839.6356016447,0.20519570879501994,0.0,0.8946320769888181,2
975,301553.9982708849,804239.6503571869,1160705.792653793,60942.311693820666,0.7298880146123223,0.23040802787161518,248462.75541697684,0.5276721962733035,0.0,0.04965858150284108,0
976,4420984.274777985,1317379.4440466715,9471903.326953683,124741.57828378753,4.211071218895743,0.0,249208.00799364102,0.16819908534955905,0.24170838656095872,0.6506279126018414,1
977,680541.2258071483,419671.9628986562,1498172.6894250643,94581.72628629349,3.0430320754000046,0.12203830664122887,242255.34805578145,0.38111147768099823,0.4053664151532978,0.36171126178498625,1
978,1253593.276572831,509871.93873350846,1285112.0843449482,107113.34161588024,0.9977375380100446,0.04670416985556247,407687.8533729598,0.4392486284210333,0.08863332666611974,-0.27125748033441893,0
979,2096531.363526301,1773422.5516873854,3757269.7130975802,104741.54099330318,11.72146016846215,0.2838617200834956,265596.43375418516,0.1976656089747287,0.49644996439354017,-0.029117711627809944,0
980,3989404.5813969495,1027012.8179417787,8405767.093784543,99976.72027415669,6.92852735103268,0.26309559037033986,173554.65658921862,0.33606482449745917,0.7591692516313258,0.6756514509523479,1
981,2592968.5366441244,1231485.0577671751,3687345.269430949,107918.92266583568,11.569757003401703,0.371286442092373,183204.50619970533,0.2833766326548798,0.992121774236076,-0.035850434995657425,0
982,1344835.5646960398,864123.072324966,3442880.0100227767,113550.11995637782,3.1796929231727526,0.2517674348930825,346012.8970162558,0.09385267463738771,0.49735797287226713,0.5585986773685511,1
983,1143890.7786335077,632996.6863033115,1789161.4377255663,79980.96693282184,2.4934765891911566,0.23217953683024095,227617.82833378707,0.03192776976969219,0.8407685523103017,0.006907569010952302,0
984,2157972.5208867644,1031866.6471595422,6221224.158798971,110851.8632212774,5.406711607409371,0.20156680005258096,175645.1748295646,0.19598207918271,0.8187445088126897,0.950325339634383,2
985,1295601.7154941992,807937.5065659651,4743661.718517363,88881.5048584206,3.3875839741848273,0.121645409969254,156573.19109557793,0.4306525009687822,0.3034359045638125,1.2550859374381027,2
986,3231623.2378175394,1306038.7713067539,20756945.38930612,104956.20713797897,2.5143076364029935,0.13892697311940308,297265.73854790657,0.2531481271049183,0.23499444249698845,3.5743700935786373,2
987,4899580.329471355,1447749.9036450638,10701969.484980593,120137.81568011365,14.25449806588489,0.1957570156652281,275665.6637264106,0.3265014148282996,1.4797074816682376,0.6860584043893566,1
988,1594085.228192334,1036485.7034308573,13171030.128892222,62916.437290090034,6.261474467661094,0.09446202509788593,200535.4688229655,0.43797305533266717,0.5720955023161365,4.0069093254843535,2
989,1447941.5658938491,722083.6246781,5375405.851557278,62324.54921713322,5.396234369434072,0.05097466763658333,184337.79783786144,0.34669791066479805,0.3909486739259177,1.4771167979577664,2
990,4746815.582400183,1209487.9634070855,9013435.267176133,98200.33458692611,8.53217500727757,0.1325469603691959,248147.7668229361,0.5093546746590336,0.8997087299165154,0.5132598931296618,1
991,1997207.538487799,762828.3958705361,10263513.474510076,102246.51020638837,6.739601487446082,0.26674449824864316,154110.9032570465,0.11288521180344324,0.7476796164622697,2.718615887113869,2
992,5841046.702018976,1054066.0771822797,11403489.491703913,106570.12563706114,4.85757184362009,0.1838678086689314,260473.31297672365,0.2462367547859571,1.0771414029544437,0.6538510473827109,1
993,781507.4380884375,375123.2183624891,2853615.411955992,69570.63170586726,0.3501957865165717,0.0,234446.92643758864,0.2760602596323779,0.0,1.467179471718477,2
994,518600.4736852791,350656.5571922909,831376.0378266945,61614.522971192346,0.4955964026459841,0.2526067027783228,185691.112784826,0.2669881893830063,0.08407814987414225,-0.04357858689118927,0
995,701440.4693682465,389471.7539854239,1288340.9106322748,87019.87697665418,0.7905210649687167,0.020358986610747396,229320.58191036028,0.34207926922343673,0.2173666542373747,0.18097577701684492,1
996,1002668.4812713843,1005209.1684359775,2453780.1289978037,111488.81794225726,4.204416228177635,0.01739942653850122,141202.23840958206,0.31685843914817763,0.22960491950526987,0.22207651913224388,1
997,472710.3779541806,805559.9656552536,1227462.7794557514,81493.90152309825,0.4510811738307537,0.0,233254.36213926013,0.11744243659466952,0.0,-0.03974711954140942,0
998,3423815.2849448556,2110184.186488425,5511762.283999857,90315.43867747775,16.414048393861595,0.06806994220945903,211683.65787527335,0.24327016823165135,1.5828585774572614,-0.004018285066381502,0
999,5091213.995316128,2254609.7551446846,17634358.45170467,111042.41446340246,5.089894379424893,0.21981095667646472,230613.04230883194,0.2548136433160458,0.7979113779209506,1.4005964546315781,2
1000,8948978.029422723,2319788.65109912,13905150.100973899,110045.784765595,34.86556385560895,0.0008719811689420753,151346.68304114963,0.279417544740662,0.9637385092511266,0.2339549211724356,1
1001,806981.1866087547,684926.0337771509,2165578.25712018,161455.04290390425,8.22859440157787,0.47296472033544407,229216.17014447332,0.12206467494619186,0.5928469322300842,0.4515502221110094,1
1002,1143232.7321091383,641321.6631879527,1555407.8868399,100296.4048545693,0.7168994147275325,0.10019758671389846,298588.04402849986,0.19987183675177897,0.0,-0.12840544903594434,0
1003,256870.53168133734,284078.76278137695,658929.4655474839,102794.92977658528,4.7363615241702535,0.389110089111264,192500.67137774502,0.18545833514772922,0.5777780120218008,0.21809839164676362,1
1004,1137233.5574105352,657451.5236712273,3254474.1899867053,88954.81015686147,13.111112086437283,0.09155562113830693,145363.60759394243,0.18546772413488594,0.7252575426342331,0.8133956894682838,2
1005,5463412.805591624,1446658.0828223457,15403651.175517183,94908.93013756574,13.818220987665734,0.0,184221.24150754794,0.014469052622583209,1.3575768592860848,1.2291596460094634,2
1006,1337226.1731006864,593031.8440416997,5520094.930870125,66404.5439921347,6.019412497374178,0.20341175026135164,130891.44733935346,0.2942943519919712,0.6951780851766882,1.8597704979577003,2
1007,317716.53861685185,171498.5397293987,1116860.8691591166,72053.82372680501,0.5227348366334765,0.21325235622981192,179847.6754805273,0.39948960575191517,0.31267684704479626,1.2829649342260026,2
1008,4794008.9518683655,1667464.1797946766,8223121.708236182,128215.61389560903,14.767903075100307,0.1599373743681315,225740.19294437105,0.17203636721153157,0.7844211751470629,0.27263884576731656,1
1009,6604009.266445608,2190553.701516192,13299884.159669194,107601.35513084308,12.435225133834646,0.024854934742562184,259899.0888886491,0.28504321176170794,0.45949083999257617,0.5122848296294061,1
1010,19027922.182049144,2740278.547693855,14541150.554617295,67116.95170720051,7.848346036300354,0.0,264572.62872328854,0.2131348743432822,0.7204595803541325,-0.3320003460483998,0
1011,2808601.586921588,996664.3749536533,5798896.978575776,103058.3889201539,7.386744060568171,0.0390714461107684,301062.0430552796,0.17304323376149075,0.7626173853120717,0.523913712385578,1
1012,1796210.7529626696,1413088.619598782,5290890.082231547,109434.93652226248,4.460122822882803,0.10212282884377358,175591.520368114,0.2600213931948603,0.6672689005828789,0.6486121947572334,1
1013,1456776.8403980378,722273.7017057268,2947138.3442586134,108003.22011149081,6.1059356409690295,0.08310576227528255,201522.2713466799,0.4354057896574271,0.20671283326147585,0.35248737342884134,1
1014,1488859.0475252888,763137.2386162236,2756155.590622121,80657.56849456282,3.1847755635292856,0.2534600592209018,212657.8524276987,0.16260400823276094,0.5550830416567336,0.22387217402761198,1
1015,1610491.8621142695,672243.8884323448,3472102.2125924733,87825.47333340025,1.66623518722692,0.09610077739624151,309711.466814047,0.3159963918751711,0.20061576978487497,0.5210267819045891,1
1016,3433755.5148025583,987868.692795351,4197893.014508639,89260.30465344085,18.46490152372767,0.28099854829926063,189738.22169209947,0.20188539655400103,2.3518364611692677,-0.0505993233673773,0
1017,1078377.1361622675,784320.9842195646,4089016.45801308,91204.00558800796,3.2389790362568416,0.3762391672146035,177920.087510337,0.32977110256868675,0.8161272497083156,1.195211566099008,2
1018,3077507.178338866,6824120.934609235,9754905.044785133,133093.35920408572,14.153070938442303,0.23410705472030469,221380.54873466457,0.2428342004802972,0.7921839002824438,-0.014818075016481629,0
1019,1331791.712475773,3070941.330870487,3446648.32062821,99036.20235228547,9.783838676722342,0.12965251182465518,235334.58562850623,0.17834648555278831,1.0942692847522482,-0.21715709612758755,0
1020,2953631.3556241477,1001452.9070692306,9476539.883715825,109544.4098345706,4.6126575044576255,0.08721457916544906,131943.72020838675,0.3185076421135983,0.22283295141076273,1.3960399461280715,2
1021,2980591.5016535716,1280044.4497834449,6324396.758002387,112700.7022064032,1.9879092710400998,0.23598880764557828,261276.2862735482,0.26607139884561226,0.5012375916195901,0.4843785834059139,1
1022,1974385.4429317673,635142.3226574161,4877368.990532188,75618.58614472715,2.4493447913113346,0.09268944317416493,211122.89665978934,0.18792475529650776,0.2856826918510869,0.8690619256281291,2
1023,1280265.4235839332,383369.5281057149,3132728.1526747323,88384.30755114765,6.914494695781088,0.00047751675728585554,189521.189810614,0.331426185040763,0.694905513696567,0.8830622363956828,2
1024,4486856.06682806,1669509.0301653224,13441614.02832454,112850.95050359382,15.873386550821415,0.20644794099616043,227431.69779639228,0.23166740837667887,0.93061867261847,1.1833685651439183,2
1025,869341.7960604177,467745.20237323607,2274314.418461388,74304.58703861381,3.965009873923642,0.00657153512843121,198201.4510178741,0.24108047051572884,0.5572576008970294,0.7009472241713968,1
1026,527184.0709443922,846709.944722679,1304269.6215078444,107415.03355715577,2.955712486976477,0.038770648512695106,280565.4850137857,0.17175552582328799,0.3495448961836943,-0.05067668493003933,0
1027,1488345.0485966844,765206.64770485,2312208.334406382,83417.02522669648,3.24183522053458,0.11696583143795339,305337.98888662853,0.31469350101031496,0.48352750928443716,0.026028530075930034,0
1028,2423273.609707316,992412.7755089363,3687156.9445136315,124236.1786841018,9.613481719548956,0.21102100235631452,199831.0878684759,0.004286444504257437,0.4044140313223381,0.07947760089227056,0
1029,1486570.935597811,1040102.9828206241,4037128.1182190385,95714.13027620727,1.2034692742974769,0.06166059641497954,299817.1154080689,0.20554321802689055,0.2256178824869002,0.5978033765219963,1
1030,2638810.674823834,1040940.5170990231,4027795.0108547,81463.77590149155,9.224512415280618,0.0,171384.06893881998,0.13973346667066927,0.9002384765830846,0.09458351958572832,0
1031,1252392.8704886448,614996.1243228177,2103854.5757937636,93599.38137340653,3.071715789237177,0.20512111125700033,311750.7969651733,0.12160192182665984,0.7873938799050593,0.12662898926753902,0
1032,2620395.7669406133,941138.0725334377,12301892.297872912,109177.04421589045,7.108573149577671,0.2812597425306043,150877.75840884092,0.21758628704100605,1.3023842214369679,2.454099512273507,2
1033,2148552.6409752034,1672933.1101604656,4817045.872609319,76373.37499472946,3.9253658658697708,0.10090574766300409,189596.0831970244,0.13918552322372177,0.0,0.26051650753317346,1
1034,646039.0695551601,467998.2087314894,1876600.3621128076,94154.3143049078,4.36124545359835,0.1673777837172886,268448.8085097518,0.19144968086457287,0.7530919356997552,0.6845040993591828,1
1035,1190334.2261348017,712183.7537126542,1689782.0574376695,69719.5516308149,1.7698376323451983,0.04810194187028397,201779.31286428744,0.18406589324938807,0.03265059269705524,-0.11181808774645251,0
1036,4753760.031636032,1281062.4796726247,9783452.07363424,108550.03226642168,7.781788658377337,0.18288632704362096,264287.3695704035,0.4792791239450285,0.3131224617152318,0.6211664974903611,1
1037,5437885.563794355,1236720.303563496,6258474.504319395,75344.76307021409,10.474433767924085,0.0,146400.52491914577,0.5649584503383838,1.2534073514286521,-0.062345458489698365,0
1038,218351.6745303766,137962.25937030642,307413.8652604598,67385.97697911995,0.13493447700525713,0.04715051804075417,398047.65996891086,0.3829854126389189,0.0,-0.13723872121670486,0
1039,5246005.798426189,2099574.498855372,18588313.99963321,97142.2617923454,19.10103083493594,0.22905158461348768,220149.48476315127,0.22442236775739083,0.9549143119578354,1.5305439798285698,2
1040,13242119.773741696,4807997.513784199,37010574.655444436,147169.92891054027,19.219884413597374,0.15815504928944257,204879.12254537083,0.176478080848101,0.9059084934282016,1.050434025767897,2
1041,704542.1458850591,344559.92498933844,1708957.1798975768,67802.81839047118,2.1259897436328195,0.1252603619653146,284401.2451714116,0.14583685697336457,0.46272807485240586,0.6289713149390775,1
1042,2307679.8428486595,670395.5334037142,8689813.89688629,157086.38592914303,9.231336408069788,0.18689465816236664,217296.00506731475,0.042927614793477266,1.006728928368919,1.9179294675279839,2
1043,4171256.407010799,1047633.5753145767,10584422.395947678,133752.9386976965,9.001597563160908,0.0,139298.6452017124,0.4651834234485025,0.5875874347616978,1.02809839482985,2
1044,1322119.3038099762,750081.9554309106,1773285.71882919,77491.03173643321,0.309515770263104,0.0,279678.20984120946,0.20728510634101824,0.0,-0.14425024551968424,0
1045,7204649.192853336,1035072.6852376118,16456195.203401597,103633.58744574356,10.434705951270617,0.11968293050211817,294368.8107657133,0.1318811854856107,1.2434569936955975,0.9971784784578572,2
1046,692925.3378494038,703250.2581476709,1891144.183155048,110321.77212260298,1.6359631541694757,0.0,247921.67294865547,0.40168153820654795,0.0,0.3545174321747781,1
1047,1926818.0556779304,2483771.8021083754,5999959.714026037,116980.29451506228,11.654746169518821,0.13969437686957145,195427.8757059679,0.14481910657854208,0.8941144718123275,0.3603531290568566,1
1048,1901672.7381843547,1099164.1489199842,9091368.942017542,101223.51805095232,10.892014865465976,0.17940415797207365,142666.83115656904,0.22325259573966333,0.3976534029163301,2.029611166500379,2
1049,1386002.7843957392,454180.3553789471,3059201.8681385014,99972.09870332023,6.821273435149269,0.08678714749538262,324680.11262771266,0.1400424459821258,0.5822991796951609,0.6624442437360192,1
1050,480506.60564454435,394825.18758734013,1880838.0813742443,107745.61351175213,2.1913930414080034,0.019616419534689934,241886.91116154377,0.31707877919920363,0.0,1.1487144599533479,2
1051,6434486.277879654,3225106.521716998,19566462.983401876,98728.45660047671,8.72126988555257,0.0,212650.66792532214,0.160844849096588,0.7807980851421101,1.0255991519869136,2
1052,2922101.458744385,1343794.459822688,12833752.733927004,108079.91389525836,3.5998777784707716,0.04650916368456425,318019.75600631273,0.2254649835117039,0.5935190585888852,2.0084542564831027,2
1053,4290805.125882541,780740.7004275868,11044765.51358262,75655.3744742805,26.702240292873743,0.15430404348434879,161467.4900173285,0.13893073375432616,0.9582964903579152,1.177790735180715,2
1054,3076937.559336734,1188468.6456619825,9813254.595208403,111195.4125341857,9.10806409203466,0.17990804794030266,199914.59675837526,0.27659333084773485,0.650912758600561,1.3006612087045892,2
1055,2281569.7966264253,874042.8266775722,4571761.020106027,103006.10812884392,30.101284346874305,0.15899066991085062,192219.61015498877,0.03724689342255524,1.0292683682462287,0.44877130556008815,1
1056,597562.7017341836,679402.1055998196,1998840.0712991592,61921.2225680776,1.8431393546022052,0.1691863832220487,227880.52192193328,0.21528932334745315,0.2567491085805512,0.565305527465756,1
1057,1098012.6209455493,670852.0427562854,3076458.1369585805,79347.03638420373,1.987757078047546,0.046615192539291445,202352.30893036662,0.13740533173486455,0.16932558207278617,0.739227539613035,1
1058,2702091.7874326035,2656860.837413343,7796259.667449486,95366.023106841,12.583755706066894,0.003144144131761166,204661.20295835828,0.0926887566573588,0.8308620736472452,0.4548103357554137,1
1059,2174958.5304702297,599779.2626442716,2353111.280913488,80342.23180108423,1.9096531381022408,0.07949966629610118,268221.4028432552,0.09965962920803358,0.06380843233681113,-0.15195183964671446,0
1060,1799276.479509791,968106.997357537,1814996.6431465386,73882.0796067117,7.951195732202496,0.15434674895884076,217887.00118877948,0.08207735974984952,0.3996368429039357,-0.344147040582496,0
1061,1650778.568036238,1031712.1957085306,2912319.2065132153,117492.0772009484,7.128897718059182,0.1926219070012394,216860.49069027384,0.20307442482989707,0.7916092236890431,0.08567725409335805,0
1062,2352020.4792342917,694206.5417416993,2832458.259361449,103713.3167485652,6.183497249344463,0.11718635528942663,197366.6222546223,0.19289031481338276,0.20353681442857977,-0.07017492791658446,0
1063,925114.5736791624,556986.1542077598,2692275.347707623,95584.32779646896,7.679887963337189,0.28816692028190294,151892.8505646474,0.2402924733026769,0.7851490611030143,0.8165265673582693,2
1064,6314463.059930461,1286374.4862566506,12774417.574859273,136380.21751311206,7.5632344053317215,0.26480593228383614,224231.8010310239,0.1499472738856524,0.42305633949120475,0.680659203309435,1
1065,1070166.4396614884,561349.4009815507,3793689.3851366234,105448.84117477124,2.9134978489733783,0.2292113532490331,216580.0391625704,0.15245939332240976,0.1579948734625596,1.3252543987813163,2
1066,1369656.7423434684,732319.3922924043,4108453.0817383314,102066.54913737855,2.6407383460233627,0.14153733625697706,158319.21363529528,0.2857951640167656,0.07422965018137545,0.9545669496623674,2
1067,3225204.0138787096,691304.7729354473,5631151.58528297,85711.07034835353,9.363809611183289,0.2040087347924828,168318.76891950608,0.1622896988784653,0.5287507856973468,0.43779878759408364,1
1068,1992216.284778218,507049.1736755467,5347125.054797105,114058.74085548606,7.77631978329717,0.12233486144229253,220784.34800733987,0.19013832404249467,0.6192945693109779,1.139478636297099,2
1069,2680841.2763338382,2126301.6178753306,9266593.924486302,109169.55594667852,9.717336653639917,0.11608746537996352,221778.32715019453,0.1572937869049649,0.8389517569551466,0.9276718267828327,2
1070,978154.0381500183,1399103.5698028752,955691.7856474343,100396.45719587573,4.516986159303402,0.2060068779768271,175328.7105076683,0.4447647951761182,0.3699666764308113,-0.5979856022122901,0
1071,2195256.4718898176,1850765.5128152573,3431849.337260451,114743.45988729883,14.372519668957045,0.32728620860212104,216407.79079623192,0.1405601647177197,1.3565493705479752,-0.15179666590204952,0
1072,870628.2299677669,571649.1336742308,3571230.5376242464,133260.69736406612,5.3675651761966465,0.2715330326787944,252340.05906546008,0.2885331122085855,1.0571480246294813,1.4761052399839907,2
1073,6664179.243078482,3149793.6147017535,5325835.922233841,77669.84671343601,11.159447898262165,0.24428964676948503,165370.35420711464,0.0,0.988716011197903,-0.45732110742372073,0
1074,1763522.6590589609,797118.5953207981,2632242.995574354,150062.14091454918,20.46784398427322,0.11615163507395126,153944.07858210034,0.24967844843517892,0.604375152507671,0.027962425846309563,0
1075,4784418.993442442,1251335.4116115307,24543509.29177175,89337.39878426348,6.990429498970618,0.0,205539.13649075024,0.1766239763848456,0.5123285029495006,3.0663532086760372,2
1076,640013.2526958757,443357.6432546806,2897081.642835353,133615.1760569355,9.57442457546524,0.21343638823428104,222402.29010478777,0.055418014851696805,0.6356647900451489,1.6741364879415888,2
1077,4051886.998037892,1129939.775132589,6935716.014625903,83816.7349946452,2.787577335127479,0.07996139275914774,189159.1341044099,0.3820700706841639,0.9065937910972666,0.33846929243879614,1
1078,1194685.720139326,716391.6290847281,2025165.8627729386,101776.64490504393,29.572162538668696,0.12360989791596301,226538.3572852539,0.36161652015858053,0.9189501321884439,0.05969853266023331,0
1079,1897040.262450931,2067644.4688668593,3093181.475367447,86366.71435167686,3.610884835179678,0.16118798166212767,253089.6545686064,0.10258114135154693,0.3798601037232659,-0.2198165339771345,0
1080,6896070.378845431,2152607.4912999133,16353824.082029803,78535.71788733659,3.271589098493915,0.0,217056.37804028526,0.4505695051039076,0.18926149244937385,0.807316418676657,2
1081,485254.83145963174,175746.4615128623,791047.1361059829,91262.14432413338,3.847565395802703,0.13683785439019214,134445.84439689943,0.22997825767241492,0.32797002192646396,0.19674067890045782,1
1082,3918080.764790932,1347169.9850368288,8120430.241029266,81436.01026101036,4.862996388600336,0.28780256542445654,262590.5866083088,0.3310729638257724,0.5872738976252019,0.5422684743542185,1
1083,4469745.815731164,3510948.0822062027,17984566.815892328,97950.14328548906,14.683091272081189,0.163066684198609,171284.75509904075,0.03808898209093562,1.4612291668339497,1.2535091617209488,2
1084,507739.76178060524,706708.00862708,385889.9858405058,52307.2898194204,1.5629648455702378,0.2531050522393607,216620.581587555,0.11699731149596161,0.0,-0.6822506531417452,0
1085,4055944.344736322,944905.354536471,8203360.786690009,148622.40910085014,13.126361044112697,0.21350336708318557,252306.87028043735,0.1381995221103608,1.4753062160331973,0.6403933891240352,1
1086,2663056.1004613475,1004503.4017505859,4625823.47152033,96203.01040850565,6.346330845482807,0.06533252243383943,243711.54656882532,0.3225201635247541,0.459507866759683,0.2612810967976007,1
1087,1692782.2080638253,1477510.4009659865,4373659.89170964,77716.64086252301,4.660336598036766,0.2919156528870922,209815.32956983263,0.2076828452633693,0.5138292634159378,0.37957609315062185,1
1088,425362.8504098207,297508.273903197,648857.618186635,80909.09994300334,1.9372454233047116,0.21007711262589754,213298.33260895242,0.25728895397393875,0.22507313014068872,-0.10238824547974806,0
1089,555688.6182268992,680626.3972986237,982195.6539674713,98034.40039956202,4.1748160165160675,0.15314967397824442,289386.4571395892,0.0326294790574092,0.2738725123399915,-0.20554580213525314,0
1090,206192.67583733285,319077.8461562316,391597.03066467016,89695.5306380734,3.0066252133739004,0.193657042063954,284900.674477535,0.2785972994725631,0.3230038788679428,-0.2544850429100075,0
1091,3735520.1971917492,1996572.1574679418,8626475.04252544,119718.30155541562,5.054708765008008,0.13104913676803487,146628.03468576967,0.05991197208983468,0.7072426821746656,0.5049434846444629,1
1092,1861170.491795327,1629461.4592224013,2008901.725958375,92336.45992341646,7.338996268919001,0.1301273519788213,245382.0486360295,0.19690808706543847,0.35987380092325977,-0.4244876703851118,0
1093,3863860.3860742343,3027416.3497277824,17731908.81371186,111269.27751153812,12.156685233353807,0.28262064401448855,149546.75278114429,0.18154322836064268,0.5611632870420789,1.5730948695747295,2
1094,737517.3689060115,599293.1913080364,1125355.3776882386,94220.51872462902,1.2880665689894832,0.0,286208.04234371294,0.31745850276785503,0.0,-0.15817886903283537,0
1095,4126870.463614064,690031.2805018506,4993959.063621498,111317.32425560294,5.718514984371023,0.0,321051.25568297895,0.3272794358611195,0.8160072299680254,0.03675751113708471,0
1096,1080568.5532887874,396970.185151264,2335174.905676594,108512.52326623935,4.383615106696405,0.044411190059107875,208203.98572875254,0.24101061577019212,0.3219614267978642,0.5804491922438618,1
1097,1366047.9195473872,850172.2787901879,2234023.2736465116,133046.4247693916,4.3096363935295345,0.26562142814824546,234514.22670075297,0.2301818696103164,0.373989777383978,0.008033080522545116,0
1098,2110364.503410436,834647.8287978806,4738904.248974822,89950.33597172922,3.4264181735125803,0.16912374152153284,228313.5242865912,0.3005584898315071,0.40398964521994124,0.6091288301741529,1
1099,2215518.8791568624,556087.5264345509,6388806.652113684,114603.30051108381,11.070836463165527,0.14713499067613717,271711.4831682225,0.16616492500260585,0.4234314251763087,1.3050916029148167,2
1100,3005473.0181061425,1218102.2226783969,4935588.872699463,123437.93133477501,9.540303879369564,0.3935469411572931,181526.99502424765,0.2517424729935073,0.6942711363277041,0.16858078554856423,1
1101,3887727.25609437,1620124.045530258,5527751.046287731,84251.60913672304,8.46581388283356,0.0,298988.1825702851,0.21783380458573523,1.0883398713878534,0.003612977833521711,0
1102,1833755.8730878509,1148269.6665996274,8935997.065139648,99105.74082397141,8.253313887849798,0.12427380777752328,264802.37290584674,0.08057491248239312,0.487255051275709,1.9966198968490918,2
1103,545722.246651755,491665.5589698963,711834.8770452723,94763.91222656457,1.669880476136968,0.0542549251454222,319429.34356357297,0.20903365662432952,0.04751090922613363,-0.31381989147375067,0
1104,1407236.8653901278,2170804.743319339,2904784.8529766086,114956.57315539387,10.110699080514227,0.012887562163510339,128122.47398692323,0.24833654891989776,0.4804340696233413,-0.18816347861748017,0
1105,1957300.943681937,875563.8824879145,4718448.292243524,66275.60857713726,3.7296589568600913,0.0,160648.81361599336,0.0,0.6606465650570896,0.6656101091216057,1
1106,1212765.962767295,556364.90247851,1552046.6259825751,94028.56934409923,5.259824764590139,0.17738605906310648,210451.8729852363,0.22088164808492716,0.6775366059938583,-0.12270671634744672,0
1107,16861487.216871392,3514872.067599963,28534902.04465992,123185.62766647873,9.4093246961692,0.13248528916392036,223009.11052633525,0.0036286566025553082,0.6893902011676041,0.40039256504502835,1
1108,3194891.562800867,1352234.3115403634,13111045.945732448,115238.4925221074,7.206339614571775,0.17974250157408758,180466.2605327271,0.3263283388407008,0.9318923794385516,1.883369914986557,2
1109,3179351.8636766174,1842148.8170101575,9780804.739818212,158406.7662846197,22.127466696406138,0.10675492790664953,234881.0447903832,0.12802728391139215,1.5084186418589183,0.9477852064097544,2
1110,8823186.54218221,2511313.9595836047,31442991.896473728,118265.68519403752,31.29869839089433,0.08094727029674852,187814.7980646134,0.413508277613043,1.583761389194521,1.774095946404977,2
1111,467948.4742808068,356519.8314689643,1424879.5037329087,91228.7138221725,3.1541903505800652,0.10818758127348237,184630.8129519631,0.283555815789858,0.025023945027003502,0.7282404839530175,1
1112,2884930.1153965876,1969973.9714716014,3106180.3076858046,90685.95628541507,3.713239019017803,0.3702252248017093,245020.2810513105,0.23972796748493932,0.6541111138957301,-0.3601973896688152,0
1113,285286.9199795107,216394.89509972936,400037.1176791554,105900.39000796796,0.9475152951681116,0.03343727589960045,275287.7688681289,0.20619308699123645,0.0,-0.20260789676825347,0
1114,1162950.6515554297,1111238.2623938047,3085734.097705437,111716.41477257683,2.038727055661721,0.24686101961960782,323134.76123428106,0.1953737690532169,0.08180031521226074,0.35685038247192785,1
1115,1202545.309318465,823209.8218342398,2840973.1508144797,97713.34702151062,1.8988513279265207,0.17662436843491303,302205.37457593565,0.08145723269056568,0.19325701073041537,0.40242673318462513,1
1116,1243075.386257765,865666.2579849245,1154130.1043717451,82732.1291659874,4.2180335790870025,0.0,282680.8517968254,0.4028879535185298,0.0,-0.45269250620493773,0
1117,5457867.512134005,1918368.8698301686,9439640.144256296,134509.9805198259,14.112312882808961,0.24739907042664552,190049.9566865945,0.31508728437354605,0.668867891623121,0.2797366645322543,1
1118,728910.2643160756,467075.3360740768,2785711.205867059,69569.20033051696,2.5432741863896053,0.07694404124732251,151290.00017953347,0.47317157616708677,0.13683802046212193,1.3292180147974262,2
1119,755815.9859830752,1077044.7953048488,1564210.3003329288,76091.14247387319,1.1901911854484757,0.12998487811570728,282722.6020392984,0.29167598255289645,0.5101861473846747,-0.1465744063584679,0
1120,738918.1160777834,455275.658337364,1444874.867203069,87448.83050122368,2.6625241711013303,0.05657363534342245,218680.16460178833,0.5494041783397119,0.13682207294225654,0.20991659658474746,1
1121,2057759.6632159234,1126556.3038193118,3247629.7376322043,110209.72199222841,3.915840744694667,0.22001180879375884,155221.37174372617,0.3804333534725645,0.23145215418206322,0.019883005095099857,0
1122,185803.50943902053,276230.33341166977,519665.0037250401,81056.81757694103,2.979545760031354,0.07487690112862679,173838.1502657874,0.017015905396211235,0.0,0.12473363535184535,0
1123,645190.981522309,445519.48479573335,2062335.1491722802,98801.43861454814,0.838660549470003,0.0,252568.77962281724,0.2312835173850465,0.0,0.8908181528084097,2
1124,1803580.731422602,683915.4526815218,4245366.446560191,104849.3192834134,6.677740383659529,0.05860791538769722,243160.66547954376,0.34845674702747803,0.5140085432366,0.7066825966163914,1
1125,594405.438334155,319144.23485097504,1698991.0703473524,107980.65792171097,2.3502927795000317,0.17279996935735373,234197.86540989068,0.13009247726057252,0.0,0.859768680583889,2
1126,4842859.369978001,3453842.84483171,26942472.846045297,88870.72902247666,13.566778104720346,0.05703339593406719,162574.68176465685,0.3062422533595907,0.9535467367796622,2.2473713227832453,2
1127,955934.0142119937,371172.9963989727,1637934.399316285,128639.77522364142,4.592476555012914,0.0,226872.20679764153,0.29463411596756933,0.6648101603513281,0.2342142617136967,1
1128,5467274.814535195,4162207.429394026,17203853.946353666,92188.29046202308,8.967521785186037,0.07196480136640777,161044.12400212834,0.03324007541266964,0.46566343298860186,0.7865814080709904,2
1129,892344.6448564728,454120.999899272,4356812.9825041825,74193.70537063379,1.0713555921713045,0.24745152810953397,165003.250580675,0.2582643074888659,0.5762053133642095,2.235740176122005,2
1130,3382992.5110358596,614004.8067427445,5129379.272772762,68539.56141754375,7.984063795474773,0.17307678666398607,196845.77275901215,0.24612098995419662,0.6100269867117554,0.28330815984222313,1
1131,3324986.5992736197,669831.1521206481,2949515.1024049143,95542.71394391103,6.723964016072674,0.009102159764018099,228915.3980671878,0.03584749618208653,0.7947194368408583,-0.26166466508378833,0
1132,2297070.2318124534,1544265.3586952738,3146380.768154855,107841.07902427955,6.660580841596208,0.22257485831891402,259051.37066110183,0.3163962090902658,0.751309523513702,-0.18091489430659632,0
1133,967883.3094648011,639670.212654391,1844429.2104342356,87210.63730529122,1.647961688623341,0.09809776908240385,299962.3807120442,0.180505698178056,0.3397844942346453,0.1473516651581076,0
1134,2581700.8842710517,795283.3274325766,15076850.337857753,63915.33850178212,2.1654646781340032,0.05999378562541844,223149.2779849905,0.15135412808627752,0.6776183432685277,3.4645901173022513,2
1135,1742521.7115157237,1406269.2328554853,5550401.43586624,109705.77599599089,7.069659747365412,0.13920294581676268,190440.57389373356,0.25894927710910987,0.9979706301562101,0.7627087774080905,2
1136,3617126.5516639417,1310861.2994119455,7317638.269890159,108266.25426163622,8.863751397752846,0.22864083710018065,162791.7034053434,0.22079552526558133,0.5335489352415523,0.4849140239443891,1
1137,2318709.677591525,1070678.5879039427,6332179.90885937,84939.15981872639,12.332837393342885,0.1469838461346105,234414.2286287469,0.15483512762170604,1.133642097602971,0.8682368064237452,2
1138,189982.70735399338,162762.37520050295,325634.9998039342,80322.13222524995,1.8302028692872199,0.15038913174833438,236291.43104327112,0.36240723073244685,0.005351282760072666,-0.07685460149929624,0
1139,4814005.412472593,2055860.8798308466,10425673.593389638,123590.7225057466,6.409945929704097,0.16491411034872383,355109.8615460127,0.18361180942150593,0.3747428641218196,0.5175948336971127,1
1140,1435728.8395537874,941874.2008858551,4118917.939140732,155833.11754251336,6.7749605051442,0.15639601341062637,212429.56710562893,0.2171147611633726,1.0038854747860633,0.7323825167968758,1
1141,956204.9791360779,478776.2155050315,1395784.1095854356,108921.18970471529,6.39212778692332,0.0917490687432225,184616.31413869615,0.34278708768543636,1.1925749183367582,-0.02731539981294124,0
1142,814334.3576112532,279435.80049831414,933370.3984073709,74236.1314283676,4.9208880660930925,0.20903337103878517,165574.6801319453,0.1381512771031497,0.6274250519731897,-0.14664850609878183,0
1143,302477.08664010616,248825.24499078107,760204.9471410995,83367.98375507383,2.1667232395357665,0.0,201057.19033871597,0.2104048575370847,0.009113194561782272,0.3789256883645444,1
1144,2841881.0799951316,6854718.068460361,7157093.758189275,78563.11856925105,8.278391038276142,0.23241353688825594,161506.15642338558,0.07831885675263701,0.5733693689578161,-0.26189650117389035,0
1145,6215124.610343119,905426.4914631512,15897678.628561575,98013.17825782706,12.210748280219317,0.2910613729422102,176106.01306281015,0.25703375888215985,0.9909033524476765,1.232647220877161,2
1146,856572.773410601,1089816.1955715397,5121149.9626436485,102187.24199910235,6.287593151590382,0.029036113831356725,182204.76111373963,0.1926730999084438,0.18920390981520874,1.6311030550700982,2
1147,3960706.549810123,1359499.1955096608,9348840.59977058,127011.89843812605,12.961546068806104,0.21112917197053951,251632.14154581292,0.1477275987099145,0.5470978355764651,0.7572329055121242,2
1148,9202225.983579336,2871979.9386108527,23560326.60596461,108319.62344901197,20.24444907621973,0.18753127517249185,141964.60876151864,0.1972707346882003,1.3266789939906558,0.9512940857390069,2
1149,633660.8032371138,193418.29152473796,2163264.897481721,60264.238519010076,2.0501662430466467,0.16105892890559442,206517.46060421402,0.3716602920800405,0.5733765299954081,1.6155477888177177,2
1150,1946623.0262614342,1060316.1444079312,2938092.604870673,92763.19371279387,10.315009439772872,0.3337638852480973,132806.53588280772,0.20224785793918884,0.5523503657462865,-0.022895895756802804,0
1151,4690823.401854279,2666536.5162839247,5652631.180724188,99785.88269609847,7.442500140316115,0.25136635609862007,171397.55582504213,0.33650303982176344,1.1776088498829393,-0.2317038661125337,0
1152,2693520.9129501954,1322111.813105032,11314330.526110124,89109.84464451227,14.80777299330797,0.12830143528922733,154964.77135073816,0.007254336951790428,1.5582093365524985,1.8175710524266002,2
1153,699742.5321135533,440475.66618503834,1241645.4803588416,72802.95709827909,3.9712684096525823,0.08521063967002952,164141.04402383574,0.03417667412827073,0.8329987262047227,0.0889542740254431,0
1154,7512717.448765958,2536240.8651451566,13817533.029513335,121092.16365546186,15.53148498927192,0.1515387235766762,201695.52061077327,0.29743618325087234,1.2190753734424442,0.37502142987151765,1
1155,4395064.256478753,1901115.8084437537,8111632.99541069,90640.63612981621,6.252031898449344,0.13050999082849793,231149.6423010512,0.17096097808665137,0.5417645555421673,0.28834196477360874,1
1156,5069240.065488256,2660284.4393594386,8527569.948667606,99690.04241087011,4.813908566130704,0.2741140146987845,173531.75471262014,0.22539649743112983,0.4014608972774008,0.10324638253225088,0
1157,1908459.775074939,797822.7077970189,5690216.503622166,85003.45334361705,1.5250519613139657,0.20919237795023313,241956.36946767737,0.21363453957134845,0.179834396647516,1.1025951797846323,2
1158,559962.6901632532,309700.98828731175,1032418.8715227244,68625.09225555378,4.581362073563578,0.1446944898530888,168328.16316054924,0.11417661103652464,0.5092813776690726,0.187147281305495,1
1159,1008946.9436158648,275309.93498261424,4680780.732257253,94418.97974573907,8.233803665669225,0.058235625037311466,212315.20695400733,0.15420480481556806,0.6337922242767378,2.644738689167412,2
1160,2207433.2452235473,912711.8517768504,2679395.1302411743,114322.94451838774,6.703861646229277,0.27668819189812915,254794.4695001791,0.23007362861377542,0.008894511383718464,-0.14125944565300685,0
1161,1972211.228318411,987933.289709187,3874208.132581809,108990.7680120575,5.341828746420175,0.5331933049720075,249643.63686741295,0.1170090580917184,0.5964603130406207,0.3087901989201762,1
1162,1081186.9791250434,621025.1575703048,2495367.884687725,107781.56431145004,5.211189274139292,0.3063289261770697,198519.65157384123,0.349720734362707,0.8714549628888575,0.46595587641161973,1
1163,2172569.575651587,1623277.8217082566,5149970.626818442,77142.1333570058,3.5570243197530242,0.18153034456335454,137672.48391394358,0.11258148845770873,0.5669371808046852,0.35673805812120973,1
1164,332883.72145594866,832890.9442823878,2284651.2083553877,109377.45607374496,0.07633929656750936,0.1631729987666814,257288.85374284786,0.2933806774993497,0.0042034464571495235,0.9597708506629944,2
1165,2300346.14647247,861217.9136051273,5930473.310191444,97104.9828294277,9.019025830162427,0.34050164447086323,172036.84775829225,0.16229588214847504,1.0020369990672204,0.8758036204542022,2
1166,1901690.3851439394,1638653.1933807428,2295617.155314597,118027.16556838158,4.101023728521911,0.06600392183465091,264001.38013312407,0.24596899567715247,0.1832517150595765,-0.3515835103577102,0
1167,5143103.570974954,1185167.6465833539,7566952.6138716815,84737.9457404798,10.2230747504031,0.06803629461384374,280644.2288796001,0.06863218181472178,0.8457697238199804,0.1957377226305582,1
1168,5719121.879289811,2130859.73243456,9609457.544527635,88818.23704521047,26.50626503175899,0.31994649709442613,142626.86984684665,0.4823235343323764,1.7828246368734684,0.22413758653592153,1
1169,2320616.6793306083,1790000.8366891798,3432088.956951455,96802.32184801225,2.646259336782714,0.09643985679643989,310384.4584670511,0.3082894257799109,0.687417679224098,-0.16506730592763488,0
1170,852829.186852463,225568.73843362785,758493.3289001135,80969.50263998036,5.224316492190281,0.22629233003832633,258572.20696349783,0.16977788639298455,0.13943193186023353,-0.29664800801717894,0
1171,453555.2417199696,329912.5064050467,3456995.6016399628,89202.40402733091,1.6854394885887056,0.12402285534207189,195330.04480983556,0.22299295962630045,0.28579976201178625,3.412428731001621,2
1172,2659200.731601098,976360.7150957753,4328465.944325889,70866.29494046731,9.383457316738578,0.16464076306158115,279078.9486865615,0.3144966560381183,1.1700899020574784,0.19059078158576076,1
1173,3794333.8763581836,2399317.5904673566,5715620.247836033,78287.99364344035,8.489410477833625,0.09415128701166521,299574.6338315315,0.09267456232311536,0.9511660403609217,-0.07718083937237023,0
1174,914696.7626270788,1115169.5503540356,1564049.930666876,125413.43322516137,7.562992257445984,0.2895516925990302,174467.09728132474,0.3313363177167141,0.19728165155660962,-0.22948131083082424,0
1175,3019089.179554054,1377812.434333562,9238424.669004275,119367.59417875507,10.835128196910505,0.06268572582421268,273434.0970218498,0.3069336177100369,0.35077565272730993,1.1011215351793877,2
1176,16880573.82541578,2800970.812436938,27924158.65093492,109890.80885865472,12.965054721664238,0.28563036818667414,231824.60806068458,0.15930392171005497,1.1021142817659313,0.41879914228020076,1
1177,3747293.746458117,830152.2999988688,7507789.996786104,101935.76839689682,11.862710956486781,0.14243910421675252,130878.8371087097,0.2071452276019347,1.2283197378922495,0.6401700687651467,1
1178,1349690.155860181,898379.6248600505,3629194.8979581534,83352.62746713677,1.9719423859965945,0.037258791038126834,265511.85014205973,0.26780590051622805,0.4459897087186869,0.6143604300376477,1
1179,2537224.619888457,1630246.1869569493,6246665.859364393,86235.64445111794,7.572785943497706,0.2160632854793892,238358.7851675922,0.2161188148594552,0.7068241790121417,0.49891052604465563,1
1180,1592222.188298925,511334.1869631462,3548205.503194453,122748.55072646416,6.680826308200361,0.08395799091671478,338695.05409365706,0.19760304143889745,0.3605901848758125,0.6867651111810115,1
1181,1443908.377962354,612813.1782834744,1446045.1867948808,80577.70823487475,3.329419026108953,0.22878660827327027,270996.3824504973,0.10167263044635635,0.3951038542468011,-0.29691737687897163,0
1182,12470127.97215779,1857515.4302771229,13635331.485136524,92481.82436671246,5.675936344627118,0.024437622910870982,173353.46171689325,0.19185495271099007,0.2853568537074337,-0.048320013127960235,0
1183,2970604.885988321,1832958.2045670922,10419038.359504813,105560.99173751232,38.07223289379491,0.13400664850220764,121196.32461121152,0.045210893527140944,1.5080419950448367,1.169022903017624,2
1184,7137084.438277984,2514361.6036627484,7302793.932912264,119803.44587476453,15.289726111905388,0.13175893701689984,179779.2356227829,0.026824053631179987,1.2231540673941117,-0.24334717293370436,0
1185,569364.6439617518,955479.3804928688,2452418.4958279794,96254.6135890669,4.079845896654555,0.0201346362389354,182936.78615461438,0.19730384359804415,0.15544550971690155,0.6083077721376239,1
1186,2952227.013978643,1284362.8917579532,13025544.467643987,104096.0841349309,7.836724335643565,0.15405057364390892,203069.81783426888,0.3266565464512838,1.0282286664553952,2.0745351231674847,2
1187,2450032.696588425,508274.29464213765,4935969.62491192,98421.86590642117,11.444470001250004,0.0,174094.79091447525,0.212314726084453,0.633703328392077,0.6685116316676492,1
1188,3394185.810593907,1728690.67280093,24066020.674245153,117942.26949203789,6.421309059711237,0.1706016268326681,178045.27268865207,0.27354324173758554,0.93344791090636,3.697755402116789,2
1189,2295921.881962381,1656948.3872380296,7622135.348800719,93604.15514882495,4.757402104243514,0.24689125138338439,236125.95843920897,0.24435475291675346,0.9979722113411427,0.9282533525550105,2
1190,1003960.1022627652,1831723.7277764375,2586922.8289114255,91593.31621243317,3.6774183040381923,0.0,144460.96063581406,0.23867806179089318,0.09598616978934475,-0.08772522468569358,0
1191,926809.5205204125,2080255.6320494825,4633526.19676613,106140.7214989956,5.362190950686035,0.16882225854908944,189897.78257815656,0.1128837276113189,0.5672880938400995,0.5408798817698479,1
1192,1381422.860150655,945090.7093286256,2917972.250470829,116565.52312011507,3.101566843490791,0.10992738247121978,336992.82123484096,0.22252551776342258,0.0,0.25422533044753687,1
1193,2917212.493776728,562404.9639934083,9320261.260880375,127159.93718044694,9.722789065286625,0.18977727347498383,122909.12079645353,0.23764987202909993,0.5179594926578277,1.6785304344498644,2
1194,7053170.264071398,840866.2167055106,36375863.90886043,159184.14924037963,8.046739210325109,0.02787901769499025,249448.2732098969,0.17168894673284357,0.9709138345523103,3.60801821697186,2
1195,953484.3608952023,426292.9047397747,2660399.83105368,96029.65026632976,15.87960276679851,0.3565085873063433,177811.78879930184,0.028484104926141944,1.6042909272945485,0.928137169175169,2
1196,3239674.120573396,1113138.0398029522,4169350.2857790636,97221.16375814448,5.0839066589214434,0.04385495869393768,272638.3567697104,0.13551866149283465,0.25295957004055636,-0.04214789608137415,0
1197,2549318.2631916655,1513543.7995350817,9501063.866675489,99538.7918430978,3.7455408600636266,0.06230222984727136,216135.6673055004,0.11632681053245744,0.7123975495747827,1.3385149975529687,2
1198,1648991.407696438,836041.0358576915,2552813.8500752132,63347.70709475281,7.795176107611521,0.09696647377465001,173993.50360268218,0.16496692958506937,1.1087469786873259,0.027275863820973634,0
1199,7107963.312865797,2417632.396889173,9973423.747559829,124254.98258699817,19.96435439031683,0.1392064874611143,203576.4215414961,0.19948513839942478,1.0455238978683186,0.04701312667996681,0
1200,950981.9499153217,686431.1776821926,2534812.062192606,76157.60303895982,3.2160709243357655,0.15482329920035093,255603.88659453555,0.07845491044621583,0.4611227693393538,0.548058959263259,1
1201,2045065.4476945295,1736050.4089822276,4709221.176784382,100664.72769974267,5.992780311693146,0.14922943017220772,244655.37788341555,0.1735934313391157,0.006817355771033171,0.24545804870505647,1
1202,3301110.323802531,1318150.3263859088,4531353.197648181,78123.30669845118,7.061719638552784,0.16904694978990598,195743.63738507108,0.18711940721569106,0.6508768936634304,-0.01903063264825155,0
1203,894156.6074106166,780379.9320074766,1917869.6887712046,100079.88771899148,2.8172652185557117,0.0,191775.46618370092,0.2779784431080908,0.44492193264071356,0.14531372927680064,0
1204,5471132.354925822,1410796.0660967191,11174084.408050375,105108.44748141256,6.9976816494213185,0.12897599219607692,186952.143396034,0.36328651588258537,0.9817354224483061,0.6236850668072033,1
1205,4386847.522787661,971371.1919790132,5539313.169026843,87748.97417132024,9.391146655214062,0.10717422830463827,284851.2429589402,0.2374233521439701,0.8683340086461995,0.03379751068411817,0
1206,5894628.096423224,1272780.8454729866,11242433.656170383,123537.7149086666,13.512652073843332,0.1423900017050007,240796.10816491971,0.19862189377119246,0.81058044410164,0.5685492131548564,1
1207,780435.480041856,731817.4659236401,1168002.776849254,93234.15858851394,4.0461627083768095,0.2021260051486684,216038.12571690226,0.24384791475906548,0.29244986293260883,-0.22764060075707493,0
1208,373098.62498778093,868412.2965191382,905494.7319311548,75505.75998789052,1.2198460297590388,0.0,265562.2373550407,0.2635831574754849,0.18908342966142244,-0.27065101382105844,0
1209,951490.783334304,250079.7777226295,3291968.3735631933,110462.45900894635,6.728483939659065,0.11715622915546339,198014.2703352047,0.24757883905448547,0.6084126048335068,1.7397212284124959,2
1210,6369382.029128645,763038.3204106186,8241441.55584075,81254.03424372364,10.716346657390005,0.0,289657.32865784527,0.21271071215399587,1.0818782265496063,0.15549016350012618,0
1211,2759139.9015086605,814183.6764745297,11309583.540170413,84365.85948026442,4.434965506940179,0.1897824209102035,271046.46215421107,0.21177025420136505,1.162183359198131,2.165004034298406,2
1212,2916336.229375216,836858.7874915665,5754587.590811662,100252.36965196492,3.5118186272553515,0.3458598040474929,194906.21051279476,0.43454343753411934,0.39606913697631563,0.5332503546846519,1
1213,2264623.06959403,968622.478412461,3214912.571352278,123387.48848026177,13.073750061180053,0.0440598117409047,257465.55623186598,0.350135980956121,0.7932424653540275,-0.005670146724710225,0
1214,3816714.9653196274,2135323.404568549,6636881.664517794,85990.74666011702,6.842957800183039,0.4647144869325393,219189.9627330495,0.3857191624017508,1.1290672523067027,0.11506029566178419,0
1215,2255430.087568844,1432614.4451255149,5645629.87807913,122606.69617632637,5.444832267752604,0.28828138340794107,203637.70900516564,0.13979204994108932,0.4585537741556805,0.5307922201130869,1
1216,239626.86302695452,162550.66569038262,756453.8362746375,75830.79035694782,5.392959608099005,0.2938009282433985,196609.42897639345,0.07213920653552697,0.018158883310243377,0.8808953316889484,2
1217,1642983.451817976,353100.63896012894,2915048.492488605,86882.09546615242,4.9779845041011095,0.08157331160772596,203523.8656701698,0.22058407588844656,0.7394274528819214,0.4603836110693479,1
1218,4767803.282441055,2012751.690462347,9105512.864876015,76172.9512852668,6.817196225944592,0.2762027320446391,242144.6294214606,0.22267561556169757,0.9855128993405378,0.3428860766211112,1
1219,625844.4821420294,379923.2429380188,1637273.5178483243,105213.44791911254,7.5398428107212485,0.04199426703957902,214517.68608861073,0.25720067391519896,0.1799768537272369,0.6278843285789619,1
1220,1581105.690176242,687764.9842900675,3230171.629628902,88033.59164401137,2.4884571400382662,0.14017812238110336,265784.0237963017,0.17450596781313218,0.3057835340599216,0.423691383550855,1
1221,4762176.700756298,2718945.3175623007,17972090.63359884,103891.74706281512,6.348833775226572,0.045425026428896606,205423.3096911702,0.16563779453235358,0.9847948910537363,1.4023255588655823,2
1222,670945.9869439491,449102.6338051059,1536573.9793894836,87173.93833771494,11.007829484552248,0.12901783345551684,254359.8461490499,0.05896268053235831,0.9087267956352358,0.37188149775307877,1
1223,1025704.9126615775,543414.3912498814,1702893.970916947,116593.68136922889,7.511094455354968,0.15528250216383482,290891.28283961274,0.483119967286575,0.43082721207261687,0.08525461809820213,0
1224,694598.1250882545,453687.4311268724,2332362.036437438,107018.3951439951,5.1591229006064685,0.23146095956719734,238586.8088187103,0.3147727910631883,0.0920017894280003,1.0311690100197328,2
1225,2075096.794069755,1006051.644497656,3572215.5378536494,79636.39518014497,4.0904826637013505,0.16451232507726665,319469.3519666486,0.25817465720952565,0.43403967569620794,0.15937794269806788,1
1226,2378322.8469477952,1634384.5091119243,3604220.6063628905,85068.34692531095,6.763480053083636,0.24958223641455077,207512.2196100379,0.11065361732930931,0.5856546495741544,-0.10179829064283999,0
1227,1190760.0173091076,544043.8806208308,2417095.6771360985,83578.12690455359,2.6610006805940327,0.049246796779049605,291938.4506794169,0.32630653481129995,0.4310533569199619,0.3932961990806611,1
1228,5706144.762928196,1414077.5429649379,11414924.047349846,89735.27994059512,19.52330726336974,0.06958143278989737,209443.80629442382,0.047619457733704955,1.510928214793252,0.603169614227094,1
1229,8751170.535976423,1379374.3489164414,16847622.70839336,95893.72606316129,11.157583542749968,0.08262635942740089,217522.23998371582,0.28038184740625227,0.3957217498141243,0.6630519779362819,1
1230,1047562.0443903516,610744.5884188779,2355456.0890161884,67243.04815779418,7.071759424048931,0.23933504077418527,246695.29986249353,0.3284269590792058,0.6732961128186499,0.42039840064196277,1
1231,4924605.0855154,2759277.020779571,5492880.300770302,123958.22424353269,12.980701757834524,0.10770421959018772,291183.0506246676,0.06297782075064513,1.0386569711251177,-0.2851425588283954,0
1232,5191003.075286629,3734185.5165337203,10912944.965860931,112629.9698434449,7.4449822736750715,0.0,182428.71879412452,0.20879837131983134,0.23024504080942004,0.22271309492129934,1
1233,3409361.0453519644,1971652.6961068073,14742279.73865414,113967.19592473538,6.375703669901899,0.26372854554166414,294786.98452119145,0.15331558892592015,0.6201667794205179,1.7396844622547956,2
1234,616350.411979179,542836.464994081,1607322.9703815463,99557.61633257008,9.01769415846858,0.13094007450394493,251150.7478143514,0.002539735637594832,0.8203500132101904,0.38659520937504877,1
1235,1724597.6724992949,1078048.475832884,2069688.8028884763,103854.0269386692,9.03206295995684,0.28221279760437645,291027.5186204459,0.1429872658519303,1.0650882767435097,-0.2615233271170806,0
1236,806180.2269925695,1083285.4099520252,3599732.2401654236,123330.93113313403,12.21200720949764,0.25357577750554267,110964.30298677122,0.020011192590120876,0.6230590394384043,0.9051588818447399,2
1237,209029.11911916998,824080.7480356541,924198.2765948048,110063.17633229628,2.8262057316558633,0.08645493807055964,142876.62065233407,0.10080535671236343,0.0,-0.1054211115609232,0
1238,808804.6184217607,275649.3328030594,1478095.8911416885,105608.38602849694,10.233172508560694,0.3525004191884093,118904.41662543861,0.25148916794314324,0.6094560405855243,0.3629863116569175,1
1239,1213930.541331034,718658.9075581653,3035555.4093497484,74885.91115762987,11.70205989966613,0.10574499432468629,223490.45153605175,0.06126760352856828,0.1732706024211234,0.5707192291122694,1
1240,246220.58736098313,394953.3803654725,651310.4860171445,90294.65981464839,2.184430424066183,0.01898584077939792,230424.7763274766,0.1821296906517982,0.044962784323079784,0.01580931042261749,0
1241,3300001.02845118,1026780.9765650403,6229401.1427803915,84142.11705805223,6.400288938016069,0.11933479616682496,191032.68807315428,0.20156294541907416,0.5158758593520718,0.43973075961728236,1
1242,420038.00495620654,472756.5871453125,465095.1037457426,99068.58898788053,1.764113996593816,0.16458713815383286,142218.4426043831,0.37032334299902675,0.026423235725808493,-0.4790569881802589,0
1243,728434.1693765835,476904.0165937048,1283040.695353028,88373.02851908727,2.508510637182123,0.20044815684994924,347224.55898283963,0.12345267340269343,0.18647889668075038,0.06446531793912239,0
1244,7368065.819231527,2136589.872263611,18554390.916059412,107446.3375245501,6.783845512984233,0.2121555651129759,221937.74532998665,0.22849775266952524,0.6816177897302982,0.9521370913690298,2
1245,801082.5708199136,1131379.2566685583,1669850.508615061,74779.09416859518,5.532070037091154,0.0,198742.383630278,0.10029992948026265,0.20374697639821646,-0.1358946992576378,0
1246,4505790.602953019,1315307.576880602,5212515.4020571215,112526.88556164135,15.345313059683427,0.05920808349506628,337834.8926119649,0.08230741318561631,0.9106748607188313,-0.10454776040109563,0
1247,433148.4071754227,908775.094502217,1232991.8192504107,130872.09634221927,4.147655443332069,0.09615912270022202,193463.409939532,0.23317819319616995,0.3974763992729387,-0.08117577663037082,0
1248,693340.3881495639,967283.8703928341,1854773.9644056237,92434.49299281511,1.5224987450632002,0.12510343512614122,306543.5867467159,0.31733476777322767,0.38971775150816657,0.11691368764758342,0
1249,2857098.226551986,929046.9669878883,3851562.5532197584,97335.26113556283,5.957660062214578,0.007747532090018292,228143.10312514415,0.34341793647002916,0.5881518174805291,0.017278090600303157,0
1250,3071688.4389406517,1241160.7662813975,6997200.380642981,101455.04564825018,5.189614724207234,0.07803310932472356,185132.23428454084,0.22708564823432847,0.7306269677058734,0.6224078440235488,1
1251,1062958.384761272,289479.68617861695,4718267.998361995,108226.66034123069,6.0970090337056675,0.4153953166493496,197657.29340712607,0.04410639254719373,0.4670732211229707,2.4887127919158565,2
1252,2024101.164313715,1182457.7071166737,4086497.322607672,130290.71377567726,8.93450670585502,0.36072615250017365,165918.72965753792,0.25102591943224095,1.0520423254140776,0.27441830524844174,1
1253,1135273.1462464933,434373.2177570854,4215655.126372427,100807.68310190205,1.3731036771024927,0.34870535861100393,254276.4311876834,0.36380511503858975,0.1989538030591673,1.685735604559917,2
1254,821635.2790475541,806417.9238647533,1772457.8463261959,69450.3218406206,8.778190280525083,0.13179294646178177,143283.01057400263,0.1424839373044061,0.13475046536566923,0.08869774228236119,0
1255,4579252.715760459,843208.745297985,10132846.231483044,112073.29191400377,6.316862479932004,0.2773705161718074,294601.19933709526,0.22442774746148048,1.0301454198782065,0.868680174908085,2
1256,784092.9297905024,432681.6633649547,1439590.1206416122,99146.08984467755,4.576543686634324,0.3596127037828215,218481.93976006017,0.20670899169307683,0.3073339711171122,0.18311980603435213,1
1257,3046637.501936151,2285318.6204471495,3632991.0714549255,122344.88271607627,44.67085777936496,0.15093127676014195,171745.77061235695,0.15638820198711792,1.98685974586368,-0.3186382280597171,0
1258,2720272.417494183,637928.5155567167,8049107.362626526,130750.79955439067,10.12986525021591,0.1745810725333521,243035.98224947226,0.20380487913733775,0.4710101984625792,1.3968510291949605,2
1259,1301580.5231363985,783160.9446781819,5773746.563737494,114961.46913653433,11.881589626385479,0.25493389328570804,179645.89948371542,0.12258174181913634,1.2207067734372443,1.7695264150859296,2
1260,2739857.262093892,784441.7860430446,4050693.6724816454,150006.4013980005,13.563964965028099,0.2275066061466712,250918.31800846188,0.30527087755300936,0.9546078994471816,0.14936150909866144,0
1261,1650781.327531406,824419.5181457928,3657994.5895915003,71312.02705489179,0.7438303760865728,0.05822544012162767,335043.56111374096,0.452819374217235,0.0,0.47785768414712093,1
1262,3655584.9057618687,2507147.4959073057,17342760.473259557,102670.72776257327,7.119838756712927,0.15911752137442164,218402.83906059898,0.2533521825608157,0.8760360337604216,1.814134923100389,2
1263,435194.9977315357,617825.2239014182,745991.119064015,97596.43918081235,2.6627467859259677,0.1120405861128883,222796.58477498541,0.20315689837691114,0.04953269170198407,-0.29156999672125805,0
1264,3327554.6192349736,1596051.9247636,4127147.2697594324,66347.28498770409,8.229472731209572,0.043125472932488675,184861.34956358233,0.0695097308223059,0.5405318300131323,-0.1617633876959467,0
1265,2531806.596179707,432990.20280923723,5631675.897888104,110700.46908868979,5.022337221909279,0.1555418826462266,275433.35747420986,0.2512195463994616,1.1623217371156493,0.8995149683811787,2
1266,2103946.1783908675,778513.1075738241,3911560.1222993503,83571.1467363944,6.045359449016739,0.13386344048205764,274476.7993813257,0.1696873925038478,0.526263513708475,0.3570218116681023,1
1267,1239515.786178068,776790.3266071634,4458823.162257474,87385.8775553358,2.5381351273097934,0.07733505852339671,188923.0873951737,0.24448853048759717,0.20007064531979163,1.2113820585001667,2
1268,9053790.400148131,4235574.612331989,21496944.856704086,80865.0604691487,5.930952689495496,0.19801373468654068,254607.22229768836,0.2972875375274983,0.6261531912925051,0.6176051178153492,1
1269,1708361.5997464661,642868.8866260751,3932973.4084545313,85873.18039284913,7.020802558942712,0.04009252487665579,199516.71182205577,0.2274405710415809,0.38238205652242924,0.6727298456062,1
1270,512745.38769119076,221316.56909945075,2007812.2834551786,96284.6789468655,1.193006359967944,0.07899816693593806,205342.9246242741,0.33772067196346073,0.0,1.7352081999092315,2
1271,2073947.2667992627,1208020.2717068137,4691367.626696661,75624.9273814592,7.114466177300946,0.20438566285882556,177279.0635839793,0.16771994533866716,0.519026251804714,0.42943754673214446,1
1272,1793692.1005060966,379555.6915944291,3136339.2067038324,106559.21354302467,2.7122624522513474,0.020895728044879578,321833.13863718836,0.21703888200253205,0.25681217996743677,0.4431576638908916,1
1273,1051176.7684748915,367805.65469393553,4586491.892319757,109680.36146783161,3.2003892707172517,0.13727761568824495,188903.29654575113,0.2947411603035425,1.1730338080954863,2.2322401020848073,2
1274,1307692.508539895,857283.1742067011,4571213.926296974,69087.31694132801,4.803517171594604,0.11652286349965545,235867.97927861806,0.1348756455168852,0.3679254783500037,1.1114389241073155,2
1275,1371541.904325618,927439.672752158,4308777.430802525,99660.16694118136,3.9876285283979955,0.09182550651514944,233529.38459676583,0.30219382800253686,0.14450981743488356,0.8742113785354427,2
1276,907768.9441602549,577544.750049962,1750984.6813998464,89869.76231285596,3.0432144570713016,0.1736998240442162,203668.97441059837,0.38172873469454505,0.13315309914050033,0.1788652378451909,1
1277,1800503.213131525,724716.8103844156,2527086.6295929435,64578.94750530876,2.956195235794134,0.13005958756844682,333178.1017153934,0.08963945716700326,0.001712146368585219,0.0007391855203190947,0
1278,930652.5555498935,1584073.6775460464,3851607.183165531,109907.59849906182,0.8935574088889411,0.2433922577373171,266960.52164936805,0.1701247163498813,0.013414920772852671,0.5316208708825233,1
1279,2724566.3611921687,804608.4067476358,3772771.4713160098,72910.34589696255,11.074078809195212,0.19608924959977886,244950.65469931733,0.0771976052603224,0.6000274417041989,0.06902370083485763,0
1280,372531.780401059,319521.41137982596,1466306.7587400542,73098.3791411435,6.841822890395969,0.0,146994.19211000108,0.1909433277010766,0.08435701362995972,1.1187775392910986,2
1281,1807927.1783585849,536436.9870423807,1603182.586622046,71503.00377718497,4.586006156733403,0.0,150211.3645260282,0.15323445675282374,0.18061839799483126,-0.3161546272194245,0
1282,1054964.139706248,569727.4468165064,1533982.8202408496,113289.12582889349,4.559227129909788,0.021545084658880526,337450.5861520293,0.21798052820845323,0.0,-0.05583137564960502,0
1283,2091380.208953653,3175341.6546889776,4646446.80114347,103087.80491456408,11.526014840741114,0.27426519069453886,233776.63930895022,0.29726710224583286,1.2989045038667646,-0.11777251173658125,0
1284,2495275.6153511396,1374081.3062335162,2402955.47414043,74384.47426620897,3.9570901482809218,0.19216660184928164,249405.50099817876,0.29309397937120324,0.5968446386924706,-0.37897807753637675,0
1285,2040608.1713820084,2068534.2403422892,2491752.8623967445,100134.60911626194,9.74361993145406,0.12269701194702895,247721.19431381018,0.06612310140632521,1.5828696720273228,-0.393607567533503,0
1286,519313.93876626884,740167.5740609649,1494567.3753009725,77020.20317963423,2.8438950912210204,0.2478427772584804,132696.8886245408,0.0984776555310242,0.40129368895777323,0.1866528885731935,1
1287,372392.18797615246,400647.8058017116,679229.1472322247,75570.37496055392,2.607495364987131,0.19921406322149438,198853.867085985,0.3681904877501971,0.08087978669305629,-0.12135316063944336,0
1288,10445352.858825307,2814321.8595786258,15412614.381248115,135414.70090190964,3.728202538044057,0.1851622497085581,293797.94175963197,0.23967416317671272,0.7177380394385884,0.1623674568619682,1
1289,5200525.011174747,875285.8099958363,11599811.652092163,113312.91321465354,33.62333098639429,0.6268948220007853,165874.34721629575,0.2501815705967513,2.624816082709381,0.9091792015106404,2
1290,1142835.054644516,1970306.254348813,6982624.929893518,91943.44496486492,4.150658178771679,0.24741304081048685,246228.44855744764,0.05975390660166102,0.5157518419290756,1.2429514875286634,2
1291,3588213.6342577236,1162880.969076479,3123622.508346568,80999.22244599127,8.754673414710119,0.11549688210914992,231871.8223196893,0.15521247121600773,0.7874361677828254,-0.3425467667693913,0
1292,660692.4926878253,1417768.3041185692,2955315.0204342613,92987.74904758442,1.4769901908749188,0.17572319537924327,194760.32448363292,0.17808870638578603,0.3982762341283042,0.42187672001087273,1
1293,1645174.147553584,945277.0065502342,5205572.759761522,73689.80289277509,3.853039277294447,0.10800420269745555,179253.8195813469,0.17158665303411363,0.4987396458629861,1.009523611944893,2
1294,7759662.645633825,1341352.0391896009,13530368.114906328,94609.51249484225,12.794913101210655,0.287249695455593,197583.39340880304,0.2296097460404393,1.2063460865596065,0.4866878676142735,1
1295,821937.5052331421,738974.2289118238,1809909.4673812548,77895.90048810985,2.3856779317579666,0.07543694818954381,195060.09192393013,0.07112915187831523,0.0,0.15952070049155248,1
1296,2990841.727605021,1126436.5662216572,5995286.565549943,70653.68327775794,6.274923586443143,0.009063716912996043,176015.58425194197,0.06552040022975268,0.327965700563806,0.4561285727367744,1
1297,3472580.5741484943,1569917.6714874425,4821672.197638988,77898.42385132716,4.510694313061512,0.16933247648583274,282307.38864891825,0.42001972483140954,0.562786705747613,-0.04379298459609079,0
1298,1594898.9467546646,827987.9546295888,3358767.0554940803,76101.00694972044,3.2581347273170262,0.24573425108906713,426340.2855067586,0.07631073359447967,0.48325053604993295,0.38626654573729213,1
1299,614767.0235065268,379701.9220281443,1405146.8339693048,113166.76071035431,11.191550469606042,0.16140130197121727,205914.87286555837,0.36317790844310993,0.5089054190001887,0.4129620037695946,1
1300,535248.008332521,593169.9234685212,1905772.42756542,60883.28499016617,1.2988774822768052,0.0,233588.90461622228,0.18319992287805487,0.0,0.6888888184572362,1
1301,1263567.8433543486,611989.1852066241,2462030.7000569585,94359.0453460615,4.942171612821193,0.0,194221.15201787546,0.29550913163553877,0.03252820636083987,0.3126930626822686,1
1302,1534216.4182989264,1177649.3190731776,2477149.3957623914,93123.82319696326,8.532136014618793,0.13123879370001745,192119.48651590524,0.2989308096768172,0.8266341295123891,-0.0865516085015187,0
1303,1075532.2558853787,931303.4184542114,1739422.6969129716,98109.61715782907,6.639047723293651,0.23431113692617844,196259.44612401197,0.24819761440515112,0.7608085686357227,-0.1332510582933597,0
1304,635007.5765105389,265099.6118722473,1219071.9451230932,86285.84126387845,5.281357706175807,0.36889300285571924,163465.43281898508,0.049803350940797825,1.4664021903472886,0.3543630812607861,1
1305,763287.2196285374,372350.1132201525,2622018.1621848634,99287.77606610213,6.828788138790186,0.16016647433638181,221055.96176587837,0.4033719105805481,0.5284336153014044,1.3088516785615534,2
1306,8023802.463375324,1841842.579066302,11420620.27855281,93958.65232108273,9.28441311207389,0.0,192628.6099662195,0.114757094058166,0.6123457941799082,0.1576151614437514,0
1307,4602371.96886748,3011232.4348828406,7564557.104783617,101446.5932192091,5.823880025426884,0.008663626619551862,275731.2781158585,0.08794895233204701,0.409288290431077,-0.006442060339061502,0
1308,1620330.4492468995,1200005.7863982043,3335524.395087812,71293.59558759735,3.2783478777826867,0.20258431368674468,225762.2797513194,0.08455957171964823,0.5948816408376598,0.1826690565938383,1
1309,2522434.6062172856,1534480.5866973668,6265513.409992778,116993.63821480957,15.514362632281,0.27073765007072625,185019.2553387376,0.0924563072414167,1.295875453396131,0.5444033488635434,1
1310,611863.3403634655,701164.3606722918,2417595.856624556,80369.67670276854,0.8566227409023188,0.09430160211799327,192083.24325208095,0.1553023009839628,0.029192342132779048,0.8412375113773156,2
1311,1448139.9402277102,1422049.2784853827,2169584.655127948,82953.04490371517,1.7809461675788252,0.03944599088213762,197177.1789484645,0.2921962590598083,0.5015305056050559,-0.24409699507521482,0
1312,3548760.848208811,946163.1011916064,3461832.3356943806,85286.01062939479,3.6554451273447013,0.0309286696790479,253661.92797376722,0.15208520540885703,0.2777349760285884,-0.22983517081392268,0
1313,1400046.811758984,1283394.1716840572,3905352.3994716303,85559.76042105362,4.45278005780491,0.12629294848499184,273616.2880224843,0.18419712141796218,0.7356546098872401,0.45535244619421134,1
1314,629050.2409300413,655579.6575432329,1867578.8992787243,109718.70742298396,2.645703177688864,0.206732397580341,308043.24089905457,0.3154358445592735,0.38790646842839027,0.453787508369733,1
1315,2195109.8468784755,1535546.3875311934,6233822.884989434,96095.63920063204,9.554736513102261,0.14522827114839165,97138.5519583427,0.2259987743276171,0.346791252452855,0.6709722079166216,1
1316,1497305.0855394243,1144004.2693144626,6432718.520203763,91673.33836345242,10.293887898559365,0.20055647932993514,184846.21720837022,0.22929151506667983,1.1382820467200783,1.4354279094126066,2
1317,2402116.563603345,877081.8150300134,7177123.037429797,81401.93169484255,17.369952976088545,0.20045082907129214,196380.03933188147,0.13925879960629273,1.2894759151312507,1.1886821743370528,2
1318,1566965.0039443567,1232749.5533922412,4054083.2596712215,93450.39961394695,8.210080253830524,0.28470681417898874,341216.9940314229,0.15693422633862655,0.6719358484140827,0.4480344966052253,1
1319,1732511.004568234,824425.5563371766,4458486.956872598,111642.2349996042,11.058817747585897,0.14775617649673217,162064.19435454186,0.25890794799734107,0.4896158655262997,0.7436830561388073,1
1320,1526739.3411170347,1342437.5004792132,5507559.646802997,96139.71585038894,4.554839193668685,0.33545734686496653,259092.07292601196,0.2777586449597883,0.1842170779286648,0.9195608883204643,2
1321,1113013.3902505825,1136316.7432570334,1549207.068828157,130737.38514252113,4.040293393211265,0.18113442957433828,265581.0189766337,0.0,0.4267965667253304,-0.3112584739118236,0
1322,5870163.810349692,1199523.5569879524,39349177.46620213,130108.37595145623,12.519441179009842,0.2552001056297186,332378.9711430769,0.1554975595850147,0.7180349393043379,4.565900643357662,2
1323,1955573.9480304664,830764.2329858851,2546529.538058581,82763.72120144307,4.172250102544304,0.37475233311880324,175169.97369240792,0.03507990159220253,0.8046073411693151,-0.0860658783602131,0
1324,2055524.0768994777,893537.3827200001,3369635.669827761,114167.85586468427,3.1545598384505356,0.0,234999.23701520677,0.05136494053481388,0.3659506611396366,0.14261290107617852,0
1325,566887.2478045804,202862.28596362454,2520957.645765496,76310.45923683645,3.3333016821651604,0.24784595697865483,213621.30560739865,0.29663098731953036,0.4365922535536568,2.2750362750133646,2
1326,1037533.9566035168,220156.09147673842,2610742.0646794084,90040.80822273146,4.144789219946412,0.06064264963634732,234582.21728501734,0.3020265330382661,0.23643311667474623,1.0758231081373817,2
1327,866609.923297552,1374681.7666354626,2914321.0781502705,85347.42681361389,4.4589286831186135,0.3895247169639024,226759.46622569265,0.19530025718656696,0.8994061322020424,0.30028638897838894,1
1328,2788824.8854800775,1333637.9189853189,3954256.0556064243,126492.56612427559,7.371955458349142,0.0,248242.71877723033,0.38676816107929174,0.82025359486366,-0.04080249036492766,0
1329,586265.158595589,769657.6086387725,927441.5049277879,79007.35585719743,2.5945126508933805,0.0,224445.3945906087,0.10396425830475237,0.11476184975185645,-0.3160071300967496,0
1330,5879927.914284469,1262350.251264741,10360970.093977356,117803.75391093257,10.962841030813097,0.2479281180507912,188405.68713847082,0.11615343355233247,1.6510416437290356,0.45065339851274805,1
1331,1582145.0428929564,259407.36943601383,3357487.2949026567,80274.70852081019,2.9085505565849763,0.1589196641343718,240966.37136204046,0.28561650458658355,0.32208151993393175,0.8231831320274603,2
1332,2941320.671746289,970723.7039251648,9843352.650490256,115995.69595469812,11.864978749923656,0.13112409897345204,230954.34522869065,0.0,0.8387918171997886,1.5161658982461739,2
1333,2441710.3440873055,1705339.0582483297,6970161.854372764,131784.7191223484,8.77465519018296,0.11751597467605313,200102.86165425598,0.18027670962436176,1.0817704962188452,0.6807520668664183,1
1334,2810686.223047546,1641643.2131467476,5727825.716419202,95914.1009193712,5.664791224069367,0.024416643854029665,248239.04171589843,0.26678639851317126,0.28866139612785824,0.28647841506426397,1
1335,1414182.308822446,652916.7698680884,2844999.3803734584,127856.70217196734,14.731637057567838,0.26402490491777797,139760.94676431036,0.3259958368059953,1.0418957953044852,0.3763246327678246,1
1336,4941741.531024747,2291208.272473885,6219044.244993635,91828.52090782094,12.205408523925495,0.05729880206850184,188019.8881419785,0.07938489244275843,0.7934400462774678,-0.1401787080030007,0
1337,3921660.8536579083,1184583.2997113427,8277595.198163978,118257.47148082365,4.7517160814806445,0.2239456327774935,269299.2784733175,0.22860087911375532,0.5226577955989828,0.6210731311588726,1
1338,1237384.4408375765,550109.2769051244,2871977.591620591,98746.17452442991,4.136428479753373,0.18977296577666752,157321.61257419796,0.25298666905355977,0.405405031877268,0.6067063974062005,1
1339,1882480.278743085,969770.0364267145,8027108.621185944,87198.28267009175,7.363835892289577,0.16862493330643336,192990.0517482391,0.3659275321573841,0.5309641841810315,1.8143072080642673,2
1340,1227286.8699046108,643264.6482630518,4315704.8491342375,86860.11323807483,1.3850188604841152,0.09506845715138135,167926.2993588926,0.16351421731348142,0.0,1.3071830993255806,2
1341,1015038.9515718109,579058.5937139331,2609511.1103559164,105613.69926637315,2.2403286791644548,0.0037168596629027113,281763.0740254343,0.5552595187667562,0.3748317463471311,0.636983331461161,1
1342,1829700.4228181173,1280350.6031134028,8720740.465638066,73518.99045987449,6.552604604898929,0.05534943298014137,200400.45517011965,0.12767635127301052,0.35491256244109515,1.8040506065414266,2
1343,530778.0737798358,484424.7652717807,1047163.9257840615,104296.67384599021,10.590031370432378,0.18069626292285348,177570.62756428623,0.343839538857031,0.6146406573321022,0.03148246390081255,0
1344,1925881.7912875237,800416.5211626552,1030535.7089156928,107228.34475029369,4.697490930273161,0.0,211613.2986038666,0.4657171566865446,0.012593117751907277,-0.6220018534987356,0
1345,10881815.843089761,3698747.11138663,12426911.079092627,93638.43537111513,17.45542123864042,0.02707097040425156,215233.6763855128,0.16162248978371702,0.9796546834000601,-0.14770704547608499,0
1346,11217119.251903044,1509240.8058968254,14640005.824517405,151172.57017209986,17.578310400920703,0.22772857818995784,226931.12169541774,0.3372809974557428,0.661108197663806,0.1503686645691498,0
1347,2424348.8353647203,870397.2215633523,5478078.921717609,90093.03893843762,6.2033716146328715,0.11214520864006425,182218.1131177452,0.30683286575533936,0.5093438787531042,0.6626710608541448,1
1348,1194628.6870669203,520939.24168800924,2761924.0131918555,74211.58056958597,3.694853513901017,0.0637018937522228,134212.01508032228,0.2446335643768261,0.5351545879333368,0.609918189130708,1
1349,2810271.9134074063,741764.4397042224,17785160.761116076,88972.86194407752,10.172600391477115,0.26504676933170856,219406.72855900525,0.14975353021899196,0.6946340616982216,4.0070323029031085,2
1350,1668433.4957555523,2034991.7804273502,3595125.3740396323,89139.43280008213,1.021367730987051,0.06253805906339224,379962.846804344,0.06163062475928382,0.14293009107305787,-0.029243171946726647,0
1351,1656225.7158149525,1837581.013637157,2973351.6353469035,97982.56744076147,12.826903421181868,0.31827423276199157,190073.7993444883,0.0,1.4206365510780352,-0.14896504998913393,0
1352,2271731.4390627034,2508706.269993055,6382613.0813707085,80058.5515704305,10.09547891007016,0.0,110842.46900179725,0.10985478584649741,0.46081544890430387,0.3351524420619245,1
1353,3204700.2241733014,737947.58472989,5193564.739006423,94733.89999188611,10.139061361119824,0.10895441865217172,166939.30447604746,0.2200740995759176,1.071398578615919,0.31727838517009865,1
1354,630552.0441769038,765043.2074131795,3407147.55734543,85038.21626298683,5.479467720830688,0.24186207060223738,177439.86542765226,0.11690286901364226,0.0789467861270666,1.4413579463411526,2
1355,2070030.5935152266,2673911.654875883,7490272.082656195,150951.60005724514,3.5861668153858046,0.2529882494362954,220305.67929071042,0.10105073455940676,0.1629244258519979,0.5789129990350311,1
1356,1289394.1064967914,1140053.9848418876,6934652.589312185,114559.35232197975,2.730136486974054,0.21431593943349295,142578.28086359313,0.19923307995023556,0.3746342592882178,1.8544148006434824,2
1357,1505044.789120479,1546799.2574679467,8363108.924478772,78970.03976849733,5.273400746281872,0.0,171678.09114057827,0.25157200508264405,0.0,1.74034609790355,2
1358,4043552.531962882,2129931.1165059637,7847097.024500919,114519.08035755127,2.167221074757703,0.4610377409710428,200579.1594304267,0.38569712991585425,0.39454430581011635,0.27109707765196145,1
1359,8009073.646767944,1652424.4181488352,7559056.688658723,110652.69059492185,16.88532827969078,0.1800369746952995,347259.5474320053,0.09686955756751614,0.7008307309499338,-0.21761028798344695,0
1360,4555621.051258083,2353239.0730474317,14986161.480390893,96934.6087081503,7.454904076952658,0.10372071915842533,166092.87659241416,0.23649768380596842,0.2054104912582242,1.1691221432706769,2
1361,1403783.156754494,777846.7362078534,3727477.614808466,117169.69123440282,8.088507780137238,0.18821858258740493,212855.52623387583,0.3203789222899231,1.2103240129760788,0.7085746885082668,1
1362,2442543.664575086,839274.2036141456,13828666.408785077,107459.83964507132,18.697038561558035,0.1016682130795223,255517.6938450496,0.05774572994024406,1.0576941364983337,3.213721469075659,2
1363,2538117.2928580767,807081.9281050002,7038293.375094281,77661.51943265802,2.349461374275137,0.1757665553240704,229043.6263810153,0.2465411743456946,0.34720751567386055,1.1039982704133144,2
1364,6959700.325391895,4506805.866589107,18317610.855282154,67087.87679409338,4.89155805906418,0.040243680855825574,206923.38757495175,0.18936710984946117,0.6378426752235975,0.5974884196279778,1
1365,1397102.2048174061,1236343.8551882275,5821836.527777818,81568.89298959175,5.244155437259345,0.0371291063582226,190585.15920833312,0.2307882317569174,0.4342191341207649,1.210729361878543,2
1366,2082451.6928692085,1090064.4435738279,5564740.124238775,86168.91111170973,2.8396338868171784,0.13555429366252794,211202.83251944356,0.0677599972944914,0.21801917938226076,0.7540462790136833,2
1367,1284856.1645892018,445847.2063459679,4084557.6691502794,91669.16053757747,5.237766612983606,0.26665568754579644,215458.33258710976,0.2295568115118061,0.38511185475244153,1.3600564589778468,2
1368,7361239.042689251,882120.4044539153,15977100.441398144,108580.65714578141,26.53610045229957,0.2436136162077453,258412.5010174305,0.0,1.3569932620049263,0.9381783050762389,2
1369,3778553.6673361054,1983425.3966086542,6439163.374995179,117442.14069420367,12.852426780577716,0.08364645923918493,168858.76143445,0.4254168637685278,0.5572052476362712,0.11752634008822753,0
1370,3413876.813060289,1809092.7633479335,4037792.29496091,70232.7205321422,4.780677104675369,0.020088280408129083,172243.36909901182,0.122982292715408,0.41912876532966487,-0.2269163670415912,0
1371,3637263.0197243025,1147339.3479035753,5638105.582149097,95598.01082040001,10.141966075854503,0.2803047534464521,199081.01995396867,0.2789212316706341,1.0334928959739877,0.1783854015322011,1
1372,3472167.7642994216,667882.7362826542,6910398.49761396,119493.15894501594,11.124516622746137,0.2511107852787442,280263.58700313146,0.12862847707449637,0.9678967246009138,0.6691580203290718,1
1373,5736287.584802384,770983.1435557844,11217146.766751848,98490.26040147827,14.852569303526536,0.16657673842222187,180049.20322999542,0.15679185810415303,1.538210462604551,0.7237867049035497,1
1374,615304.4381837276,890596.509337097,2001986.256513846,96577.49177182109,6.350903663382033,0.14511547698519936,121006.7232532249,0.22296882714083543,0.29045370172723867,0.32942758274355977,1
1375,5740737.216830195,2590921.7233247696,14881296.623361638,132047.57000225873,11.151815884232585,0.08361687103854328,232127.42505613828,0.2923062350421904,1.1541022069137101,0.7861144737502727,2
1376,1244574.3691949586,514664.9785786077,3161710.9989880095,92306.98348621384,6.619293031981269,0.030936809925229247,178518.32906674605,0.21922626872504475,0.845776254903551,0.7972034351035655,2
1377,370366.965128641,376023.15169359423,1231809.587891425,108794.14974744013,1.3490065295036509,0.08922314399348683,273258.4897020271,0.10487845293222461,0.5537991969673604,0.6503562414999127,1
1378,756113.1467868788,851615.0466731634,1100330.3461174476,96475.289538238,3.064413071374508,0.0,178230.57689386248,0.272543969809357,0.16468063174354577,-0.31559927194571846,0
1379,1051927.9498327156,625873.9216730181,5186209.450625588,110840.27516983391,5.3107126445387625,0.1313641907778063,188058.26435362492,0.27738304587781026,0.35108934939215836,2.0910738262386457,2
1380,1306448.1185700372,884884.7360239174,8007920.824573884,101760.09304398132,5.164243018164208,0.1488865889555766,152724.165563358,0.2516870254089922,0.745289753169825,2.654360773072843,2
1381,2029211.3825333905,792052.4992838736,4058571.7100085597,101025.07371140191,8.328224501317477,0.10611134608592261,179045.63411401105,0.2447032572276604,0.24487976369165232,0.43856508289267404,1
1382,3836916.6108671124,1208154.6520210283,6003985.409700412,112939.59892802867,5.721633486883142,0.3911215142458683,176681.32393615716,0.09624332983527557,1.08218322254476,0.1900694949278722,1
1383,3759938.5005022464,1372660.1247524344,8593975.42031747,109550.85546077018,9.149472017891107,0.16926111326880183,182444.8571108857,0.21958846139888938,1.1769499900476093,0.6743907029922943,1
1384,5581544.787106572,1014793.2331049452,10339144.74822331,84589.7393018528,12.035269463446982,0.060493124602766124,235894.92992386312,0.21491164105736035,0.8022293350191747,0.5674067515254134,1
1385,2598235.2979679736,1346564.3834212148,6547625.929385245,82541.30025787701,7.703012588446207,0.2816790026715786,234953.08874036136,0.16519558207564666,0.8748259973294481,0.6598120204368535,1
1386,2695473.4456226504,1545395.8353953585,8145686.179881033,122480.33033749256,8.984475545149591,0.11998843831340979,246454.06974324424,0.18621293278953735,0.6959654302612208,0.9207586086986587,2
1387,1387376.536531708,416612.8562476482,1148058.1910418542,99674.39531441299,2.3189641854543135,0.05096888592476375,171296.82229453273,0.37089197293552717,0.15431226867001907,-0.36360036503702886,0
1388,1095127.3924330862,1120044.1807996738,2452444.963434731,91844.41340996067,2.7629918818560357,0.23237956651892155,157480.00756981617,0.25334966590091734,0.5369932378004023,0.10711287246057478,0
1389,1256333.6359457304,658460.0945838998,2670387.7071032273,137119.80256087714,4.626072566391285,0.11176010004509872,213225.38589327503,0.22601804625019167,0.5017960503449796,0.39460854948830476,1
1390,1750051.1570284825,914254.1397839974,3006368.598115068,85496.4484573369,3.2006641487943366,0.0,247081.96236446436,0.16547678389900894,0.4636071261668381,0.12838742681322055,0
1391,4379295.393845341,1421223.2471431713,11212617.190150032,107836.20994696219,12.24463286551394,0.22836694981055378,186065.152869962,0.3243349979278191,1.1260674224227807,0.933037006538988,2
1392,2626992.147344439,1272813.4953926262,8292310.587476145,90707.8539847328,6.6327951244591885,0.26662518616815967,223836.12282108082,0.0918636134758549,1.5624130158895095,1.126339450510722,2
1393,943098.0130267234,1052996.8470840002,1490828.7233325015,99158.09919181156,2.647770282539547,0.160253796185855,259426.31593634188,0.12356984372225964,0.09987218696637633,-0.2531273171808052,0
1394,3050841.1317391624,1359690.7970681742,24335433.833205678,127297.45288775497,4.019308386595218,0.19435762527259598,232209.1011565697,0.020166343258349727,0.31717045790103926,4.517573441484253,2
1395,2469669.4107826357,1174702.3281504856,4602260.524815673,105143.01248740348,8.341747985315616,0.31240487618897683,214502.07820407383,0.06541215282415117,0.44909637650449613,0.2628405811759946,1
1396,2054679.5184483498,871787.1866582963,6224662.290054576,79407.81673381949,2.492277312413929,0.1878890295323962,205051.0879905953,0.17329609001084295,0.156365314911911,1.127023102361842,2
1397,473397.44682349596,519166.4023030994,1533188.524456912,96129.37904059794,3.301065505574898,0.0,357782.85235441383,0.17271958268492393,0.16451592111732785,0.5446749605136619,1
1398,8010591.012331808,1754367.4714674393,38153533.881105855,85978.94909628862,7.0518700501205664,0.05774128190502165,263717.18730601674,0.16220121147039362,0.5508925094532304,2.9071885399620747,2
1399,506393.1976438764,513710.5455115576,2028922.564473196,113309.19688714186,2.906152928204997,0.1324705289976484,325741.904217034,0.18630537923456422,0.23592883910996523,0.988937476297494,2
1400,408859.561897353,516768.9159388748,976370.0608505785,68336.83352748195,5.847236915824195,0.21227355966700379,104432.91218022002,0.24614687352427972,0.5249105534900442,0.05481851977260415,0
1401,1931416.5091746224,631236.6008313533,4165837.870412984,92747.82795046466,2.854872593141644,0.11965136018203824,327355.7872541096,0.3084400470031246,0.8557348760921086,0.6255956977350203,1
1402,2406737.9095312282,828886.9368458088,6588731.23845487,115445.30763607207,9.484458469045345,0.10766823738383215,177252.31365686742,0.17825407026719287,0.8741444617594578,1.0363087660895982,2
1403,683131.8715131119,495052.5511521215,1232426.155430215,95904.81123539724,4.521230526892147,0.0972805361655513,246639.2476148413,0.1320273667219875,0.18483610437527875,0.046038405975762774,0
1404,798713.587605458,394177.6563422254,2802702.651494415,93885.94851313041,5.647715304241631,0.24046733086973518,189654.45735744387,0.11473432663819916,0.5796127648357605,1.3495039180766535,2
1405,1538059.7494272005,818288.5508208,3945136.8788154502,118035.7495992123,6.907080117384324,0.23927409669187047,220598.32733950327,0.24170373403526196,1.1231506465390377,0.6742588005348075,1
1406,314075.9517606576,677395.0849155624,1030159.9848112287,84273.72542584571,1.7165035094594137,0.1464610254918616,197689.98260670714,0.27607120921617,0.09698309519573743,0.039021763323221666,0
1407,2217278.5518582705,490632.8524124211,5868065.543581765,73895.62034495946,4.669162446459863,0.3874707364015757,199144.6719065224,0.1400531596832092,0.9312808525172815,1.1670079509717866,2
1408,903799.5483271012,1067380.6299010348,957342.4337381254,94930.79602985553,9.897889110345567,0.0,186590.12435002875,0.2406705989981827,0.15594581385242542,-0.5143303264145715,0
1409,1789322.5433639842,1145630.3099314827,4820897.370388628,76887.75498641547,0.6939918129207581,0.09423654747373604,251156.1351432786,0.32012012554023017,0.3751890997703755,0.6425808561032104,1
1410,2689797.500493289,1153904.5674637507,10888765.395432826,117551.77254471573,7.5430439074802695,0.4022175753918627,138279.98032803633,0.20048676961717246,1.5882325743296803,1.8328848601994527,2
1411,2706773.395108408,2403726.9074037,5680878.93351629,87123.13724422647,10.149933306204659,0.12462206247568555,129122.33580076919,0.2181142756464978,0.6252142717839375,0.11160915707681465,0
1412,4365454.669553907,901753.9687464534,7282464.162510106,104058.6955039036,3.023439662053521,0.09308188334341932,326932.60584649723,0.07886508214385408,0.6782381110577169,0.38260408170579613,1
1413,448603.88011297234,352447.80907345464,735457.3869767551,89941.41617876804,2.9527000840368767,0.04857664083012503,205643.9935817801,0.09488526334683722,0.0,-0.08188523049778666,0
1414,903509.005894478,576927.6278213476,2634536.377122754,74926.83690571127,5.456640318484553,0.15303730128512172,126884.70491357702,0.3681521373909211,0.831167064363437,0.7795671338598216,2
1415,448784.52794235176,906675.8973267295,991019.652165479,79497.57820183199,1.9431098330965186,0.1265076539669861,125349.77164019844,0.3533287762828735,0.0,-0.26886861933372547,0
1416,1680607.509296311,818275.7310117785,2585907.108223194,79718.70712911194,3.8302247640339644,0.1962652123151254,242063.98130847115,0.278576620440833,0.19232816728854815,0.03482510367486193,0
1417,771481.8861604764,499551.0340507007,1792612.6247502621,96661.51947605563,6.417307402317803,0.24948237834480694,171743.50509998042,0.31238466903072315,0.6767175769101987,0.4103589263859717,1
1418,354026.85868520633,471603.96341269265,1081908.2158115006,91947.47273349103,2.0794437793567333,0.21997645623656084,247663.31010447195,0.0,0.1916695752791624,0.3104019216026962,1
1419,11164332.585266741,2080008.1283043423,21151757.22338626,108730.44260243946,14.140559985106975,0.2123369297416469,138374.43902789272,0.5581257374091024,1.0960975418744625,0.5970411574894539,1
1420,1849085.360355799,1217970.5635068852,10874247.774713876,84605.7185553706,2.9182123198847187,0.22575894118318898,200391.79392503915,0.12706593995279855,0.11465836413769329,2.545500324956164,2
1421,1103645.7544526006,955513.3522893959,2627586.7641716693,80625.34687703532,2.63319779406352,0.15009740486917028,209275.27971638425,0.39389525956597676,0.4347984768806974,0.2760484391752707,1
1422,574379.1249066141,677612.6398513379,1307300.7490617982,104545.22022044884,0.871247761771105,0.09820421380562042,282412.078536388,0.15524586691989237,0.0,0.04417679561537624,0
1423,3133318.171766671,2569584.4522265974,5770465.549845596,154369.02216679524,7.0010159451276035,0.13553790387980585,284290.364798958,0.34019688012980875,0.5895607486465699,0.011847111954546912,0
1424,8086551.200457377,1070594.266913668,27654005.74404094,104575.78145991071,15.346002903271906,0.1218380992398578,167710.39752355198,0.28927753498626274,1.075168750612197,2.0199373639501896,2
1425,947605.4436206716,408438.7115362901,1639366.7265227512,95446.38044193003,8.999117607768627,0.1096114576788501,178447.28486305804,0.07241225965623849,0.8219734609994966,0.20893314593653112,1
1426,3498468.662004944,700866.8996471021,1920909.4254292978,102231.93837599039,12.792557044666344,0.15232428688528915,217888.6374677527,0.3542723960678496,1.3935669161970905,-0.5425682474697022,0
1427,9900629.432829095,1884322.4630960235,16088542.741876446,133224.38379010343,24.149145056369534,0.07209464585100175,167022.52150225316,0.186342566584913,1.038574630007565,0.3651767851033298,1
1428,641723.285788905,588477.7847266794,1719472.6977531223,93874.83540005166,3.9813481712394,0.10825532918925479,327370.1182837278,0.1726658761556849,0.1333994461587424,0.3977167952166399,1
1429,1125886.513602053,1480560.7490985754,8388691.466468323,113960.73227357528,5.149415324959826,0.3368608003565974,210448.61457363452,0.1991114345331755,0.4991234600969161,2.218438978802324,2
1430,2236596.0158864367,1490948.4339816316,3900662.378200788,92444.36703531414,2.6660199776934,0.1445397305101189,282804.82032227964,0.12541143220916803,0.39345887343086955,0.04644288771361191,0
1431,2321547.287525568,1220030.7406938744,3263637.149663553,119191.62291011141,4.139997363822218,0.11873819409254954,218255.10963211488,0.42392753961198437,0.3824105107299083,-0.0784793886626936,0
1432,636015.8905056312,375316.3959051418,725024.4977731559,66398.10890806766,1.8036629710326806,0.0,225833.83478064227,0.19052816734628555,0.0,-0.28309962263117877,0
1433,5783059.58102696,3161032.8878253675,14721307.56582181,152719.9044383126,23.383737499996457,0.0367678846487742,162359.16790340413,0.1816431453177093,1.0475989095600315,0.6459252425093489,1
1434,1196694.2277208983,680988.1857627985,3625071.1457387717,69719.42093684842,1.1697996204002425,0.3474097760003593,323080.9803506887,0.22987344848345728,0.1542739668204223,0.9306093084256533,2
1435,2683339.7537159324,766585.6314512097,7545309.472801296,106705.71838183336,6.6866989892598205,0.2638018526869138,230295.52208428335,0.039992231263823716,1.196469187318057,1.1870935253388795,2
1436,1689096.6740549523,1430609.550395708,3535692.2271330343,130639.67351971634,10.69123624040814,0.19673536542125702,153913.09489702206,0.39598533568081495,0.7681100667195786,0.13334140228399985,0
1437,6270899.942933537,1931251.0136697644,16296864.186832566,94833.93895922512,13.433748809114132,0.22862072705366732,205826.27112640828,0.09153585036543356,0.9621095593599431,0.9869012741971613,2
1438,558008.572845823,288881.60274266324,977133.3335369882,112248.48960686155,4.601332158829328,0.14324699734959137,174697.39607792642,0.21733176383289238,0.25493240540679324,0.1537899029918475,0
1439,1556603.2472148745,669146.4844317212,2444702.391202226,109384.96216105374,13.543491829627744,0.3083403742685896,145363.6816606985,0.21837715975002767,0.6682259000409969,0.09837254226855528,0
1440,2150838.051455563,1665463.165721824,6374794.506715227,95020.63842930803,9.420956424503892,0.0,192054.19826425173,0.08297363709257032,0.6516781548700961,0.6704117793485267,1
1441,2299761.952468597,813135.4009873552,4892956.218923205,112039.60582838226,13.23135638645151,0.14221503978056296,205661.42474779845,0.0,1.4082899205572068,0.5718334603905342,1
1442,1402700.6775718518,1081896.8946201399,3384319.5769082154,93283.2999672091,8.123775308189664,0.10844615844786064,279623.557782683,0.06891978185781447,0.5663965755424194,0.362119811588828,1
1443,670291.0492891165,461881.65181956254,2422961.3347166306,92100.76795004938,0.4996021727466936,0.06869667587405319,289513.9509358585,0.1898990559654841,0.1800055429744717,1.1400987078596294,2
1444,1059944.4727714234,1568892.4209639216,4154172.8721686276,101246.37742670623,5.229292198122462,0.13392636556110074,243670.3553339179,0.2668040394960231,0.4235861327842134,0.5802322624382812,1
1445,3162356.6575237224,3009197.8026928673,7419518.520970747,97406.54650705955,3.9301595547972816,0.23905365329375525,192868.00382201566,0.21258919150455824,0.24593013297560062,0.20221227387667914,1
1446,1041199.7867503875,475758.3464242248,1629272.9703066098,97772.49449426128,4.8889652742262415,0.12707002715615048,219604.82046335097,0.2533317501358111,0.2160477978134058,0.07403951017220946,0
1447,1843726.9219385353,1309891.4021019237,8671052.188292747,126453.59858648069,10.073031675222987,0.02141051609747515,269679.8207092359,0.13333876438292405,0.9988591141344056,1.7495566353709144,2
1448,5414704.237082029,1220473.581459864,19224472.439376008,110729.73302411959,8.727314202413698,0.028631945645395725,252140.43823141957,0.21441112733207107,0.5250830502893171,1.897356026488626,2
1449,1696748.1741701327,568066.9503050577,3798343.4574126014,65802.83814314396,3.0676336607711203,0.25401034080149615,230595.8395135893,0.1795677991935557,0.09328517922900677,0.6771097191841496,1
1450,1929823.6054839895,786987.4831325868,2859364.8912805202,96525.74908009497,4.069308730791173,0.24792714736662055,231750.42640862367,0.18163509260204466,0.07351896010439327,0.05247100295682827,0
1451,536546.64338601,488377.5681135475,1166300.3335468785,113764.24373095538,8.662375822218515,0.0982757457701606,183975.1413934676,0.2481490473180111,0.5018762307056113,0.137938123093487,0
1452,729460.5799238596,536484.6091420572,2395036.6080114846,72144.96523088388,4.079515467903425,0.13305607868114935,136553.63045046866,0.0996179245503146,0.0,0.8918959751951604,2
1453,473735.3049895399,551199.935198747,1684876.6477367452,75470.9217749814,2.351120873089169,0.006090038618740406,298335.86027875775,0.30601026094959505,0.290526901689094,0.6438859565675809,1
1454,3763567.6906412477,2221625.742312798,11686511.18318931,108905.9656226799,4.501788104696806,0.17624591372795045,282951.53131676256,0.4028156743854776,0.45764545482516517,0.9525703411428976,2
1455,433980.53108137025,291862.8743776699,697808.296645299,69371.75687639514,5.285697948474119,0.18670950758381688,149258.30304740707,0.22678353700664164,0.44250522093419126,-0.03862418340221894,0
1456,1444447.9627979381,601306.232050299,2272068.84502307,96298.37005688979,9.800900466921547,0.17781748343819087,138220.38369132677,0.12213103852015768,1.609713583710184,0.1106265116037667,0
1457,3889161.766661506,2084477.8730947026,4886499.071419631,96673.39721837606,10.920207055377844,0.10139715881507708,268963.3555424851,0.24117899336817247,1.00416772833605,-0.1819896468312817,0
1458,5404728.539608166,1261904.2325570565,11088988.877253922,87490.04844176887,4.43273331667997,0.1842808194159459,224848.1108693165,0.26159334911659904,1.0922594354852286,0.6633567883854483,1
1459,1178517.9186959823,705506.5571082875,1449496.6784106516,74700.02347736158,9.852944080750362,0.06700042158300615,208083.1361889813,0.1710368950683958,1.073900985135623,-0.23063808510668254,0
1460,2253446.5120252203,1656308.9138888177,4019721.1168689188,83689.51725340298,6.951108934094271,0.0869842833368392,249609.19085893553,0.13109161047443782,0.4362143211414895,0.028125976941172113,0
1461,1078530.6309753666,323236.68190377916,1562883.735282837,95888.02590666938,4.913588822142219,0.2673232915722645,231408.6959862431,0.24355490719047065,0.8664993324127552,0.11493806491518761,0
1462,1083444.8229416767,587494.789487551,3853200.0717765577,91480.37699133807,3.7463973684895278,0.2549117267280417,205382.587485828,0.20800539097799714,1.3033860021409103,1.3060079748631606,2
1463,1811414.065422429,1126861.3203864263,2060104.2044181267,79206.90951880683,4.127356448704052,0.14522745973047346,173243.7135044034,0.2698704272784243,0.052329212232424524,-0.29887300068335276,0
1464,2482552.107102766,1084745.061242948,6309416.185062845,86347.23770294117,5.580472787032361,0.21927440635152237,216948.25048609555,0.13444505566357565,0.6260418136929433,0.768682531146894,2
1465,2297614.7708481317,1935117.447421552,2936177.8647375526,109626.9245854833,4.57138214535098,0.07969189712895995,421136.3094565134,0.34704590217380366,0.3623404599016947,-0.30631617751197,0
1466,989333.8096713962,454968.30470470985,3744360.2637861306,102423.40688963253,7.685299565523408,0.24865663338998514,265667.86085550056,0.23159128783947222,0.42176953079942897,1.5925048689716683,2
1467,2866926.0239368263,918010.0702676781,7675888.270157278,96108.10072494324,5.560687222612159,0.0,219781.92141332082,0.2711021461310792,0.4570641983422523,1.0280100057463586,2
1468,1901411.3768164625,1879514.2759504782,3530366.5771170366,101279.26270501055,9.759821784591711,0.08449033395815349,351294.1353833951,0.18140632845157031,0.8279662960519334,-0.0662692416251404,0
1469,1209411.845204534,1038852.2359401421,4935237.863556242,88541.34993349503,5.500364978563737,0.07062483982891629,193289.58074577665,0.4261021553274881,0.45127391774492753,1.195132638085614,2
1470,694234.695063689,565508.1440936236,2930547.5806813235,134455.67686115275,2.512970526479023,0.2952311921826819,210425.8969311605,0.2186788870409295,0.23735555499022068,1.3263062028133237,2
1471,2985139.2677109106,805583.6308722208,9045745.720477143,91223.14376139562,4.722665856854278,0.06051701332223378,212688.75154495507,0.03473013555157853,0.4910815080344873,1.386285139401299,2
1472,2125990.9108039057,1778001.0876881292,3182273.4466479355,76892.76774142619,6.403776615660544,0.10983437841064377,186575.11839090323,0.3667190125376857,0.20552251656796375,-0.18486681123395546,0
1473,588892.5211065984,226198.51447887218,2140094.3876469145,85551.51173849494,3.770911156007174,0.0037058996155624312,227306.8895360281,0.09403283209853174,0.19723344335964382,1.625589405617385,2
1474,6025541.0951468125,1626397.1955531554,25249858.959506877,133754.1393206846,7.67414635671043,0.3733330893116045,219819.84534028798,0.19870158013801115,1.04231418138861,2.299799083611941,2
1475,2968984.5385588584,668820.1857515755,11510891.080179978,97924.20823506424,8.32516939548508,0.019988365200981087,214573.45244418868,0.02055963028963031,1.1614134020259819,2.1642410608947493,2
1476,4677448.832734528,3123916.333749631,17869640.919435076,91928.39828882086,6.663282832555606,0.216441508077415,186613.99360648615,0.1714908756098377,0.524410992982717,1.2905787048920296,2
1477,3649018.2941795504,2664278.1069389116,10370138.26699003,121334.41653413992,7.704431354187413,0.19988953537792084,217092.87528356118,0.01697869528872693,0.9174274127815232,0.642586947945745,1
1478,5462823.349181489,1495770.5321220728,9225978.68539704,104130.9786460682,6.65379209495671,0.1048474395469151,229705.43285402277,0.14490603292580334,1.0683603229803702,0.32583950763178127,1
1479,409727.5632538961,503173.20814819244,887623.7378196142,66689.07524039416,3.1012944210432662,0.08145735970716786,200654.79876067303,0.14601151716174907,0.1079667986008797,-0.02768869780190044,0
1480,225583.890836191,403217.1598272465,335602.7440817479,87129.93097448355,4.014890825747076,0.0,197801.18021783413,0.2875730790377308,0.2377312873886346,-0.4662815150711675,0
1481,1095971.1493879743,570480.6300759776,3271169.557164234,116479.83797674208,1.1977881028929818,0.17650820762376482,225955.04140657975,0.25733592408225364,0.43429362775893116,0.9629548226210736,2
1482,914294.5768321604,1164604.8716342796,6533048.190544246,117839.32447755555,8.002567453754999,0.16882750429772478,250375.18033621,0.299181638132144,0.5370117620707495,2.1425513126012596,2
1483,1822620.9696108561,815180.7263351814,7489108.552424664,85914.76782156149,1.5065633819956088,0.19828654672649867,338384.18011600577,0.18763245714819776,0.6127617221218273,1.8391476751017566,2
1484,509695.298403845,184054.80398634696,1701559.8872365595,73362.84241264903,3.8483607370760344,0.28633119943970453,206367.9788997867,0.1945846751521159,1.1462238325868879,1.4526985745647303,2
1485,4352089.73284736,1807078.958859518,9164538.01596347,144193.53897987524,5.495546223062318,0.3111383621839922,223614.9804783028,0.44171309495897465,0.1644621569070036,0.4879504807691378,1
1486,705110.4137598379,437379.5536085773,2121998.091244001,78924.06908439971,2.485533089476388,0.2624831309913562,244527.1830787218,0.44591982815849973,0.21153008890921485,0.8573450549695085,2
1487,4394947.63377244,4164517.53367339,9026140.993759772,127461.88524869557,7.38736147166837,0.12449412481574526,174157.67904370482,0.0966487554401746,1.0345859157324373,0.05452161054277626,0
1488,2254864.338730465,543002.4216785262,5760023.2191640185,121345.30682259143,8.963350543369456,0.23308270526199756,176628.56233868795,0.25215320341420716,0.7334557824410437,1.0587196290655456,2
1489,1085527.8227691308,514865.0684106261,1036632.8319919357,78335.83684474831,7.783569381385533,0.07169561371888836,143167.09104678105,0.13355509778971283,0.7955529961267727,-0.3522635362196816,0
1490,1178575.2083962676,590595.9660291526,2313723.0821996043,85722.3609581358,2.66606186417963,0.03456662318186352,292274.79802384175,0.3217040859412683,0.05442160071416957,0.30780057670283933,1
1491,2591166.981907682,468697.939372712,3174967.814122809,105211.87761460077,5.290092396941298,0.08742738410054571,333884.7620009547,0.15322519632689935,0.880532276913029,0.03761698499888377,0
1492,2148023.173695206,936751.7426036767,3155505.510813001,67587.45909393304,8.058013330036678,0.052508301731597484,182044.42315650234,0.2254100415767365,1.047211236742764,0.02292893207228899,0
1493,427830.93160008505,857535.957128385,1348044.8496652981,75398.40058851361,2.342029164696269,0.13414624280602916,179751.11408551835,0.12261845991864276,0.21094149067466006,0.04876270074051097,0
1494,2399417.028074979,1283598.8472892474,4325559.769341461,76110.76684496303,3.6038613065543696,0.0,177839.12676467706,0.25486288350595454,0.25813147335717246,0.17446134247620956,1
1495,1608701.1486627404,1770996.7099175325,4952925.184394714,112410.09790683736,10.683534239761748,0.05268853740810883,145180.3244898311,0.22078991964708333,0.9395551855319553,0.46549348244855104,1
1496,1163930.0578277798,381177.99943227804,5457819.686981685,92497.29796912982,8.44311381483989,0.23245173982991096,223922.40368001233,0.20561857996646749,0.29873592860160664,2.532322326155003,2
1497,2817718.32193752,902251.3154955542,18889147.52619905,85466.0862462702,3.540532099994677,0.0,229313.6844281616,0.1464913363607555,0.5321497320862361,4.077769274276471,2
1498,2786143.8191331113,1054303.0884877685,10780782.719239479,103361.01546548391,4.676824316881005,0.3254782346339067,252148.32658685205,0.3124087079124473,0.9529166303694574,1.8071687953416002,2
1499,1421563.2110371082,579792.908942348,2894938.316238022,67970.43904911315,7.25022911645377,0.09996809935657286,177764.6898259009,0.15399406903805526,0.5084193505871264,0.4464883522417482,1
1500,628780.1310418434,791816.4555296442,2645149.4513357026,73825.03157129785,1.4453024021697978,0.07085051295313974,186990.2874191466,0.31878254994295097,0.48150439576321036,0.8619990195243178,2
1501,5838598.590964718,1890197.2141024221,7549773.1569205765,91905.1910512207,25.273752767992704,0.13141241309485463,190962.2266428821,0.09582162291641416,2.2386207653366306,-0.02316307128067644,0
1502,316158.1411131666,533040.0186255568,1000532.1248725107,75928.28799551557,6.584820481590625,0.12496051219752159,163120.43233346916,0.05865116435589849,0.566454453469476,0.1782080700461584,1
1503,5166177.14957922,1367958.802253607,17258912.512499813,107694.40436749201,11.292808079982079,0.1900104492934275,181872.9391050136,0.2713720261055791,0.9251702291077135,1.6413457938013492,2
1504,1119810.4390540323,1171064.1215470803,2811882.216685638,109744.87576555523,11.486275935457497,0.113036059992378,167043.8040510449,0.0,0.6492053735896779,0.22742740481950088,1
1505,2129444.3655866813,1161435.1806111862,7169117.44648075,95274.97225488345,8.966411455636122,0.16172343234092426,299912.2870387354,0.045395016972272884,0.6691541427223531,1.1784806602124414,2
1506,3413340.6331725162,1432159.3460936067,10545647.60455904,94812.4516927217,2.070361887734947,0.1570545209497974,189415.0374159003,0.4384395804084596,0.36019634202309736,1.176379661476386,2
1507,1436246.301762615,1969273.2711129033,3710157.152326379,76489.31177650216,4.417290524172084,0.2079466819596526,236208.6659849188,0.15540200106212176,0.6026379547419882,0.0894540680010345,0
1508,6579893.554981537,2763145.1452351953,14439424.3898821,88812.66646564184,5.903901736459341,0.002678802117205921,317435.93300196325,0.16015486191835546,0.816949958312374,0.5454741067857447,1
1509,5493822.98578428,1605504.6937193114,8671107.081087781,89297.51409478894,19.533805016463813,0.03188261187856856,244330.7426956189,0.0,0.8980825312611025,0.22139834538445946,1
1510,1060811.8337740162,508660.6780591654,2177926.6196444957,106336.32565818848,12.639064386683897,0.32146879129702904,172775.9180821242,0.1767274268040462,1.3593949526222149,0.38768063997541763,1
1511,1385652.4650635791,893631.8892348337,2565864.528040788,116919.27454374087,6.102819600539031,0.10461685410713482,254566.62864420182,0.2836704154710068,0.7227543039634734,0.12573252354491227,0
1512,6710954.331236761,881727.9543088728,6791892.615246727,92758.1134953228,11.821995857181866,0.09221002486182055,261144.85204754485,0.15600244281747036,0.7766845870156487,-0.10546861309123771,0
1513,130596.58466784068,431995.2701384707,270529.4594231619,71072.76370788195,1.1304852813351594,0.09368367245361274,216374.29772193017,0.24659047385705907,0.0,-0.519137262454147,0
1514,600548.5693140781,912489.1873431137,1476005.7580709069,122709.27998938086,10.595789326557309,0.226271536461522,140506.9971814843,0.3757256223172197,0.5376552433687334,-0.02447526403313361,0
1515,1401337.0951098455,938190.9931414801,2067437.856675102,88270.51346383449,15.794128169913911,0.14357720401743793,141552.11170696773,0.12077205449099104,0.821191302344854,-0.11630133142773977,0
1516,922252.9947708035,464458.9365510059,2988508.4196988745,85393.24245390685,4.370739700501378,0.10743033902668371,200101.5613315002,0.14858067876468578,0.6614026859748527,1.1551039925431648,2
1517,676737.955898996,927760.8626956855,1575836.7246168542,94803.2749592071,4.635120852320687,0.35011581364172123,204153.61564742235,0.3174350104552911,0.2842623826916111,-0.017863580605769074,0
1518,708033.9597482407,487236.14549784694,4474132.855325333,85382.66669221774,2.129424206956342,0.21098017770913763,217651.8589652092,0.31933424637895047,0.29094146293894385,2.7431981572099793,2
1519,6274285.250624446,1131449.1947196373,16057014.913253587,120229.57280736684,6.400296582288773,0.20321904216129383,334035.5551006811,0.17702416723331021,0.6348179243327174,1.1681866979916466,2
1520,1824625.3712344046,792353.1330071392,2796757.93783026,81655.07221748077,7.275985622574414,0.40215745258057267,177807.73151412446,0.2283624672142558,0.6036707075810477,0.06869732911345411,0
1521,1338259.344098137,594134.0599832466,2627553.549321139,83762.59172573102,4.090969595175772,0.215437802435705,294034.6986485544,0.3173131579719576,0.6099424107005003,0.35974048750710724,1
1522,667412.3073092973,275693.05226933915,1152271.8297418766,113889.73624822307,0.6690776957827633,0.2502491246191875,425767.9059494759,0.3434566331341201,0.07126992616831422,0.22178483881874253,1
1523,1369130.7957634856,669784.3085680887,1435041.8603157105,92352.1768980114,2.923705294927811,0.2864435747130249,405455.9829680454,0.18406307795702426,0.5582591477317069,-0.29617380475183347,0
1524,8471086.126624566,1791826.4088293756,9094644.698931362,97882.5325273792,17.950116380637052,0.23665206828319316,265429.56792803755,0.04700400327929179,1.4823468985484283,-0.11383394650268304,0
1525,2901655.267598446,1744882.7181101183,3062736.1630051276,100377.09957779074,2.6827659069520613,0.0,245638.60867471457,0.2611356224688738,0.7029053324937398,-0.34085631658984883,0
1526,964455.7811475273,1216944.9396101863,2606229.9203972802,84211.11912425724,4.887929447443062,0.11253919906530414,120191.75468939832,0.2271145731068959,0.41580813299712965,0.19475064603994516,1
1527,1995102.0743048328,605752.193519868,3921374.5087017356,110842.98935733807,6.104707803173684,0.2190723297831033,152922.54645888074,0.28185303059607375,0.6547486905390789,0.5077255797117343,1
1528,1408360.959075934,955737.6773566743,4389013.708154829,122738.63302368639,2.0263056327436244,0.31681465665248837,168602.56051268466,0.2161260864983128,0.15503938698447087,0.8565273210333512,2
1529,2927704.8067616285,1146245.5008551842,4498246.518081786,120172.14831874522,6.227807998960883,0.02751189189328191,232892.26180536102,0.3095857529460507,0.8045480095527522,0.10414859741212187,0
1530,1057806.1084581192,514047.2281641157,2874748.7103622304,117194.76105596231,9.149272965959979,0.0,198866.09959856092,0.16149579590681645,0.5406340645475403,0.8288911843008173,2
1531,1846857.0760803958,932776.0276515861,3486533.6857793424,59383.051551308956,4.086032791389516,0.022522170181138817,262584.93624600675,0.0807803335075031,0.4142475258004098,0.25431434857293356,1
1532,5846659.799613844,3452856.0436342834,21461305.433875516,85339.51376774033,17.147669567227457,0.0,197512.7164564225,0.14821839395748038,0.8081718030130407,1.3077873940563693,2
1533,1949296.3300311624,1086391.7419195273,3107358.4024271355,103421.19795501526,1.1786444203048525,0.0,216683.93493181517,0.3483289157765149,0.4128119510952627,0.023609253908090523,0
1534,2984044.234182624,1053712.3443050568,4386720.597106148,78950.65561984337,11.120025263596608,0.15051575854810167,241194.81758502484,0.21413501400383383,0.6719666655234744,0.08642522446193843,0
1535,1091061.0780131486,1014090.7706664366,3921209.2956240717,67962.98639417905,4.519974896761851,0.16786958819478287,274965.2902789381,0.0297963952875975,0.054913404552824396,0.8626728984341782,2
1536,4245976.507723142,2570716.7602893794,6575333.60782616,104774.86990273153,8.037706882232342,0.3494756950819326,246984.83976842844,0.16497537314061947,1.0770970821409804,-0.03540714694013692,0
1537,1347316.0854249955,1199368.8365332761,2208749.176528412,77405.06159867029,7.1746885354619465,0.22685920509640714,199840.631897233,0.1368828510456736,0.17717241668602182,-0.1326963310286551,0
1538,399528.20497499156,636228.7444494029,1184927.1300760766,80876.6630841108,1.0912090031420218,0.0,194199.5109611805,0.5070962541058861,0.0,0.14402044874966194,0
1539,644737.5525886553,796189.1029794905,2974380.9176000706,94118.27501267169,7.544252707573303,0.08897072082337104,168319.3663524056,0.14726842484406952,0.8209986221640166,1.064213959889094,2
1540,2917721.9312451836,986187.9205478433,4234625.017490207,76243.87631676071,6.6086205699846525,0.09645698007348733,285160.16122934775,0.3254956747755488,0.8160509498694679,0.08471383260688922,0
1541,1991064.4058628245,968934.752618512,5340145.689241967,87099.53897795346,3.542953417120362,0.04145250406520545,170591.78272394437,0.22017145541412206,0.42876312122257876,0.8041037862935723,2
1542,950163.1972776661,567160.710050129,1012189.5635567807,80167.26244182946,1.1292729801747141,0.007607845392849893,309815.83725358965,0.31592202610774256,0.0,-0.33291134564710156,0
1543,1826667.3680884845,2181826.2758436073,6095940.173810843,114233.74057320245,7.582535289401857,0.0914784263317521,193762.75849984738,0.3180622232894303,0.4169006271639808,0.5207558537703184,1
1544,1067848.5269958246,811779.8092491764,1256066.288713975,74393.84727299109,3.8846389400327386,0.06419040962195294,212519.73739722237,0.27307954884448343,0.2017222582961303,-0.33174752450090084,0
1545,3496861.1995922243,1597015.4481265594,13246134.803767191,104601.03751434003,7.681879156928726,0.07375171395091766,186315.55684035763,0.3499853313898133,0.8503217764093813,1.6004035275764432,2
1546,4309787.384963476,1646861.6645127432,5797443.461088629,113426.54378772252,11.98863733716539,0.19443726425071428,303432.5522049114,0.11044704533055008,0.9294315397018005,-0.026727374244347867,0
1547,3314389.43214887,2732894.152698474,15550943.85100708,100586.92960726182,15.756467867384494,0.054244542237389066,182550.09067190028,0.21988677798815584,0.7280755182360541,1.571558557295547,2
1548,1801932.163372658,1076209.904363938,1835227.2900546086,108908.59757866319,3.580169707655317,0.0781294825954646,327567.3737202504,0.11222482847834298,0.2367654199949018,-0.36235694873191143,0
1549,9340285.28035437,1774284.2822004016,26585269.649372265,85692.05449005307,26.423693688667843,0.14802650565968475,211292.79286471452,0.2504737335402727,1.0447504462659873,1.3919297548812526,2
1550,1618256.9375531804,1276120.799372835,2620853.4498704677,94502.87376994189,4.021391562472017,0.02511025522024493,301560.0179206441,0.10301782891653104,0.27406813586687334,-0.09450193164698859,0
1551,1181201.5689156537,956673.6484656497,4047615.9502241155,80588.26791264677,5.198091942154865,0.3104459123137514,153154.2919429259,0.22693419790695327,1.2334419054641526,0.8932891486445433,2
1552,1012359.8752473416,682275.9378904222,2436719.1477020704,107031.22847380432,4.37725234561541,0.156399939276204,179921.8862476216,0.17751841322805223,0.2601667469210514,0.4379013642997877,1
1553,6222147.467472278,2473362.5723676053,22000545.797872275,88874.2692282637,14.095415980367175,0.31010155085770785,148578.28508214193,0.3162303954272978,1.1959256968427443,1.5301041223658214,2
1554,259161.6094508513,316686.286592298,277454.3862465091,86073.11133952682,0.9927456900674652,0.0,245176.7965117229,0.24732384555973455,0.005466977519922964,-0.5181811236040029,0
1555,1247625.9058305349,623136.4629200898,2483266.249893232,83484.02115644973,9.33779529013595,0.0,195611.2351079005,0.2581050892311575,0.7115181847243424,0.32740870319711596,1
1556,17020066.23298571,3900999.7422120664,33828008.10145862,136168.324585973,16.778111813051986,0.260144685867624,262879.7112465614,0.19519421008414356,2.000979987042786,0.6169352050016096,1
1557,2461433.2521213708,1364559.8713957497,13754020.429551316,127513.01464657419,4.882936735734274,0.17809102704448165,190586.65395538468,0.3442014058654999,0.1153494052287285,2.594888957068396,2
1558,7243219.123442837,2447128.5640511513,8678246.028793616,94166.26234529482,13.594693741033097,0.21618860103764817,171138.8364546879,0.1561444387894544,0.9711632889764157,-0.10444430802070735,0
1559,1620960.7134606305,1239770.617708619,4254120.595125665,84085.63294663551,6.376192824403316,0.050281758302043164,198364.8380695599,0.25268495949408254,0.6092812733632904,0.48707449342574366,1
1560,3198732.6407065983,2381594.264957678,4497513.97098209,138760.63780351498,10.525334728016903,0.08307210425411632,208830.28153331223,0.05184363980475983,0.6794726490454255,-0.1940411293078698,0
1561,4594147.078067273,2896971.8875330277,11269851.898545299,97698.94161387451,4.610337494743445,0.21281524515297418,232865.49121387253,0.07546723580601825,0.658729964829994,0.5044283704873975,1
1562,6029772.434617927,2336166.971664518,10556027.696005572,102041.66509099575,9.107404315619064,0.0,204830.81574551167,0.3088420857809123,0.2741115893744821,0.2617862959990444,1
1563,1585624.1608428743,657357.499802697,2669301.7028972395,92680.39168700455,4.012312650653903,0.02077226998637482,271046.59170586814,0.28181160278955864,0.4340266630610932,0.1900684476077995,1
1564,387835.3957623945,584366.7058705321,1865313.9560069153,73032.63606710406,2.168174405346968,0.09260248932639058,233382.67545719552,0.3354043455385309,0.0272845411298251,0.9186483477806758,2
1565,12666084.68729327,2260053.4618126703,14727048.089411534,79475.8207764133,12.75758989584512,0.19240777138351806,210589.62146087122,0.14162990636449188,0.5448487189663604,-0.013338350329172783,0
1566,239746.95122911487,340054.3413838121,819872.424698422,113218.0346348974,1.6988131649678078,0.1792085069924557,254630.95246297735,0.22149468969342995,0.06582433694858615,0.4140576006714176,1
1567,1694094.6094415027,827346.9691119482,7802204.330798134,104335.6023571457,8.834106793387104,0.0869161210616651,151691.92502608744,0.21204361333828353,1.0687026725383948,2.094342695528267,2
1568,1938362.7015602363,536212.3267554193,4060350.318428006,99720.97537476865,1.715619386353584,0.10212035320597852,225836.46774708072,0.5930441283161865,0.0,0.6408273226581959,1
1569,1467535.5062423905,660285.7171310737,3935038.666508584,94751.85195938346,2.056761450744178,0.0569762247406604,268872.91808156396,0.42075597652901686,0.4421216797088644,0.8493276706160224,2
1570,1860631.6363319044,1610521.0191549805,6725453.984302554,85812.31137172239,5.290615628863333,0.10541943870987486,187044.28321928764,0.20901434040572692,0.28597898512722436,0.9375275742112821,2
1571,924205.5727795097,1083683.2684259543,3431656.267710686,81596.65781201635,2.749529322386411,0.05608343384619575,208183.3523929337,0.2315255871995062,0.5476908345238596,0.7090867767612293,1
1572,668015.7910615134,410378.16987425054,692843.1206238813,71943.9119603197,6.453553644330373,0.06229693636728726,210950.1375335628,0.2179207051396735,0.8767758685639926,-0.35752318195228516,0
1573,2138533.074856097,989794.535567781,4772430.370624219,156445.93957544185,4.713277180483436,0.3427694466529728,226570.74242559253,0.22764600870333704,0.8163871258506634,0.5255532555867992,1
1574,1088073.987731622,384724.9469297968,2002700.7550735238,103878.43076973957,5.840496069177388,0.197820844318389,272230.1897466621,0.14416228964592187,0.519232825148924,0.35979237079902143,1
1575,1179812.656774061,1531799.361943312,1834895.241746926,82365.0310269754,7.890568983677964,0.22650783368045785,195091.0972797136,0.1196818562965352,0.26280105410110816,-0.32331940222965416,0
1576,1558822.6403954593,1808561.8034949645,3273878.9938646117,88826.69035190152,10.713239897602099,0.11630677674905002,143750.83526552844,0.2271052404200111,1.103566107443486,-0.027767975882724755,0
1577,1564065.0147044323,964682.9516149223,5162328.43959742,142866.58343433504,8.602621143122807,0.1667297672682158,183510.0186287954,0.16505358486921612,0.6144724785626092,1.041456289181439,2
1578,653214.7932048495,576100.0062545821,612418.7850213355,76363.79095990742,1.5207279866481516,0.2030383214764266,232984.1687852758,0.2041121528019239,0.09646843376960378,-0.5018210264037858,0
1579,2211398.8884066567,1284143.2861356386,4114139.7044788264,124189.28042256476,5.40650024538192,0.20965619755089207,187979.20523611867,0.15459759080997992,0.8368617612172382,0.1769675486800642,1
1580,1278888.027510401,1076289.7791032933,2487763.049164186,80176.66181997558,4.340335244451231,0.3315809982547684,174265.52359507806,0.2590866527168769,0.27620416753269084,0.056295215664045606,0
1581,794531.9703850861,585361.4033776785,1389532.6709177732,90859.87512323388,0.6598695541797892,0.08805471733812079,229348.48157591093,0.11906149245731298,0.11921486889667397,0.006985537678700289,0
1582,758924.2211174623,625162.3962592212,3185967.1196405753,83837.3994756616,13.067338618509908,0.13892770270414395,134574.65213753647,0.2430919435926636,0.7165702012866706,1.301855302725974,2
1583,2342621.759004257,520746.4311878368,5624895.511193498,94466.9790484021,5.722529023296337,0.29484951613867966,167441.59954303777,0.31211141619763877,0.657679479775223,0.9644331911140432,2
1584,968180.5881289693,569507.1254523172,1551955.2893246156,96642.8084482741,2.94230316897103,0.11379759829910314,305136.7781928911,0.3515416300837086,0.3181065854776428,0.009278591236253006,0
1585,439127.8862630214,421331.163260189,951056.8079878485,115284.24269239942,1.1479570938736297,0.32823474281295223,273569.82106826187,0.4059608886008668,0.3078250203931999,0.1052900292173571,0
1586,1768771.096692607,1609952.2439342092,3381912.1672595995,77382.56165033425,5.983317753665878,0.0,199907.41718625932,0.18385404510488912,0.783179967949182,0.0009437963133707467,0
1587,398661.6696309483,331826.2995166934,1875695.566533197,69987.50416217583,3.4536975300266617,0.187473677118445,192520.42444987645,0.15315614638854355,0.6962027803751616,1.5677295804362428,2
1588,4838375.8394571375,776980.134740685,9911120.153543381,88419.7469107714,22.890551692818885,0.07578556140272735,145034.7616480475,0.121623915664428,1.4997785778412926,0.7650030023179833,2
1589,5898734.731860164,2309080.720420211,7240220.259941457,96961.703970137,11.573151786973344,0.09666143222425164,209185.89404718706,0.1904783314498802,1.0819000728078647,-0.11788705508358997,0
1590,3412201.4535679584,1879500.3476686694,7245580.547117699,81393.19135675875,5.316363504027806,0.08578900593531116,247321.83424183022,0.18439502059859914,0.9781627564008943,0.36923447678485316,1
1591,1807132.4217847853,823741.1225581248,4001174.6190212173,105815.47563075025,14.994425189898571,0.209585477341732,325460.0747094937,0.28060319972766834,0.6725260554553825,0.5208540249396728,1
1592,3089108.8415899337,919283.3888803747,5391905.541576584,90256.6135283167,5.276771135266698,0.07025775765085236,140765.81866970568,0.2544612395963119,0.4632528151561708,0.3451541744316639,1
1593,5773346.43702069,2606010.813878442,15309973.878633305,97364.34961278057,8.397989452809949,0.002755168727495819,193985.64681260366,0.25660893761168074,0.656083230732486,0.8271059963448265,2
1594,1173645.175315481,1328422.1609673973,2527957.2324856613,113420.87493267376,12.935028170715047,0.06089473874741886,200523.41458772766,0.17902990267382593,0.6433273336786116,0.010347401857395914,0
1595,567404.0615032351,388681.4416108044,1643928.5786437595,87459.51363972938,1.5082594024154283,0.05032924647397244,237629.6508744477,0.1644784120209657,0.06500662161278686,0.7194367797538666,1
1596,824625.1528160004,1300009.0918067424,1893600.7573152785,85959.13906991573,5.882656097082078,0.0,280512.99777335767,0.03626845078299464,0.4341747959160322,-0.10874035749550263,0
1597,2088855.4084315067,1795947.343030956,2192945.895531479,100830.53458530125,5.557081760888805,0.3275006515210832,208856.7722783871,0.15177235680379544,0.44755026478742166,-0.43550650166062405,0
1598,1917301.3745344675,1454812.586676608,2881943.895339835,109947.4651609286,8.427158378802462,0.21334730670669694,152717.88256281486,0.07743189209774755,0.7796715906614808,-0.14535987558830865,0
1599,3144141.565006943,1205864.1364784648,7572532.19355131,132230.58143352438,6.3696241825995,0.04355131379472597,213036.1198855227,0.4793357045434781,0.2270172782306166,0.7408097168620948,1
1600,1802302.4715129111,825308.0675148963,8240736.701117312,100178.34097798332,5.631332171811527,0.18741915318163357,198490.68089338928,0.3351735181884315,0.5554911669187288,2.1362093349520173,2
1601,1907411.292227727,1056664.0675171555,4087744.515575126,131331.7507918831,6.837044534011311,0.22916589614761568,219080.6131820086,0.13543195859786986,0.34043821526169954,0.3790960145922058,1
1602,2727585.8541532187,611414.5105038737,5783723.01583828,84307.96714073567,5.834248368328746,0.03836211401492355,311495.3583432601,0.07330482239088817,0.5913256380153933,0.7321720228180494,1
1603,1461924.0316199702,498182.06483321084,1827149.4044588413,73667.66280369712,3.1946436600264674,0.14439392910523463,192016.10480293413,0.37123895653399697,0.29278202069942916,-0.06783137516633682,0
1604,1343710.4766988687,806088.0525782589,2882894.114307937,102621.19761038647,7.829524273748758,0.19091265086698972,208060.8493393945,0.18975519423388415,0.45969585007919855,0.3410066455284597,1
1605,2455558.798330876,1043416.977981937,5305458.242803232,74381.22320779545,10.048373703989796,0.350800555858272,137445.0985605352,0.1099612459335223,0.48689482529324485,0.516288931955417,1
1606,1345599.8291022563,1273331.0014181463,2798369.7015798725,80762.85821630705,5.83343960087919,0.07952017120773551,218686.71142787606,0.2506240333349659,0.31522224853973496,0.06851607876326155,0
1607,3821489.2686953833,5130939.496153817,8831874.466498546,104536.28820610794,9.551674344490863,0.0,186908.42155077332,0.35024478442432233,0.11520798792410168,-0.013466099705143559,0
1608,583753.3270484878,407141.48683218745,693492.893870829,93575.94860257427,2.926347830776629,0.2775577276482432,254229.41963970405,0.31910534893398873,0.31273720229963237,-0.3001347023354789,0
1609,1078180.8520761053,270093.4041164147,2591091.389867104,84388.63071341989,4.253417512167968,0.1486001893965459,229274.69784279572,0.17027525333097923,0.4350049528553738,0.9217836267112722,2
1610,2886929.072503637,2009282.7608225343,2844715.838519124,102264.63322993356,7.2607015704692905,0.1180967750826453,153097.1473760129,0.24033725576773593,0.774019967873804,-0.4189965762599354,0
1611,613857.3292112288,380265.70623606374,3312303.161757549,105742.07459423876,3.6405201594803005,0.0873180065102255,219806.8999743846,0.33970849439550443,0.28601859431699345,2.331884529028363,2
1612,1285191.509469356,1130849.648003233,5629937.435630412,100239.46631819384,4.744720054256464,0.1546506541630721,210980.0244242779,0.11303872138495312,0.4081989310939982,1.3302324210072094,2
1613,2561194.013076004,1724646.115329802,5102003.126790307,134123.28946366435,9.984653675867582,0.3367852528282767,211100.45176596308,0.09305315575559168,1.0459121737344232,0.1904324412324937,1
1614,2222565.8750942713,1103689.4258728363,5947414.9280458735,139789.96847672315,2.173535254826139,0.2735663804282168,329930.44342303154,0.1815466799729213,0.2994340304932454,0.7880211799487143,2
1615,8246756.636502001,1232294.6320019546,14711690.85218979,72590.20984764678,13.157060604952015,0.19330768410898444,221815.5434165206,0.1661091690922147,1.2002223943675587,0.5520214455503923,1
1616,4891004.469374283,2411867.065116981,12600642.37239881,120193.68136749208,17.820790221977763,0.23291482485779003,179162.0033336527,0.17709738048418708,1.2920611072294395,0.7254366741748528,1
1617,3510238.8895999365,714298.1772730831,5016681.672857014,88956.19226174327,5.985992258226709,0.14041814682300144,290154.2661540489,0.14972251884999682,0.5932976311108917,0.18751039307848616,1
1618,4528352.229537001,1531987.8876431729,7151900.236551382,107501.32799864137,10.767666971552828,0.13243095242225983,174828.46908243006,0.1110203000028955,0.7083800389774286,0.18011532327646015,1
1619,2792732.6364733432,601555.9204617863,5373552.907799705,88762.84076818504,2.7378038421836917,0.14265608252497944,341906.13100312,0.21543920029524563,0.40729447052295575,0.5831161133370908,1
1620,580735.6913657772,583212.1989954246,1424024.3237452789,106162.18536160128,7.6296352946653325,0.0,229285.5479868622,0.24147590869813834,0.4173459153839995,0.22344336506625656,1
1621,2282279.739305306,1910425.3201724668,3111204.516882728,107149.99224054701,5.667765433227422,0.1659907188336297,158133.45276987262,0.2938684067869743,0.45459554656717976,-0.2579481569184723,0
1622,1408731.6253101612,243521.093017056,4384474.445399732,99114.40779352449,1.7104929194919443,0.0,293210.49171025964,0.260092448126636,0.3093312048230199,1.6536342756565023,2
1623,2446625.8688712507,1118442.4786114255,11104961.640258882,104050.08642531298,7.629824022637033,0.0,210812.45752216506,0.303583756651177,0.9031888505858734,2.1149365335731045,2
1624,370091.9534099417,255020.58498186566,625761.2072710724,65817.59941408387,3.324990552566547,0.1775473576448968,245088.14857749906,0.060868001937901726,0.32590266007828744,0.0010376833600776539,0
1625,138037.59061346023,306833.27281789534,399776.55190608365,111083.91199460436,1.6261107541405408,0.06757697924859331,239354.62631748634,0.4526100466184337,0.0,-0.10136494707127533,0
1626,8656202.600830665,1694694.8364287557,21315919.078112137,90755.2065129688,5.552491825284481,0.1796760139532205,173671.4493899113,0.2799385235586453,0.8688396879897671,1.059330527359171,2
1627,3738249.4357085787,2694098.9358588937,5198911.976328961,88294.57271934391,10.072806613497065,0.2685383239664359,156951.37550217687,0.2537535408367376,0.9662532976768885,-0.19175522281886936,0
1628,1550319.7439484664,556036.338842742,2412032.230816587,109021.27425045113,3.5650810095731487,0.04805539496017568,271241.2819847756,0.20065917017415114,0.15180106442988625,0.14512083238096957,0
1629,4444007.233400561,1543094.9484217798,7060936.312480843,106711.9459782118,14.987750478799857,0.0,120874.45256379954,0.2883634094334073,1.1884185166296506,0.1793579093937646,1
1630,12308546.556896549,3106171.7043816196,29200740.01940985,107100.06883018186,15.079268427802965,0.033816352135088386,334975.7557948353,0.25381899431187344,1.693676176799992,0.8943414679697536,2
1631,1155621.0919838909,786286.4656734901,1843222.8908396754,78079.4877895108,5.952225812690005,0.08244952519637783,313638.90716326423,0.36025301233486307,0.8433296904445824,-0.05081841637032084,0
1632,2771314.8601837098,1012640.6960185618,5940603.521760146,129163.29569294325,18.513488330465066,0.0,208216.7562332775,0.22490107662634973,0.6553643845347155,0.5699453742322419,1
1633,2810828.9006003686,944067.6383755647,4859425.742496392,103121.13562380933,6.297962509600347,0.09725383719893214,286889.1097283785,0.1636407567855648,0.37467280258509367,0.29415702724573456,1
1634,747868.8485322716,367092.383438397,3021444.4275026033,91178.83035373392,1.6984995013864022,0.002279098512634477,223171.08801319133,0.3908701112110654,0.0,1.7099098523473046,2
1635,972714.7000773505,599189.2978674655,1035223.4287130055,84805.73595952506,6.196898561056047,0.15143222468032155,194155.51676605438,0.3669024247910247,0.9324675886517726,-0.3414207037665741,0
1636,878152.862010806,892998.1229429472,3266889.3293133876,112376.34342723833,6.2031592425751025,0.1535649978867164,126529.57330464473,0.19540580777898262,0.27804047982533464,0.8445007551960286,2
1637,604652.8487128715,735460.5856397162,3177288.6759883123,119308.59221149627,4.263972794821962,0.30192204986096094,151127.99163500793,0.4123292705228103,1.1299898110596551,1.370910248745673,2
1638,5836760.016288122,5940897.930045271,24264323.311951127,129795.18174860034,11.611883917584768,0.08049163180189878,186409.33591597882,0.24591603815045132,0.8279430042588649,1.0601993556371763,2
1639,1157832.3900032155,739070.9628594457,3416382.9775266293,93478.83197418005,13.606675946187638,0.17909642700192083,145036.31025532287,0.14865448226644398,1.0420743988260344,0.8010316510700906,2
1640,3355081.1784071038,1002365.1198424578,9122996.278504767,95119.42840436933,10.108893535020881,0.07828268970508581,165463.96683451344,0.14828376884216518,0.6767271000095838,1.0936566176775566,2
1641,1138767.8723460205,551486.4309360991,1830258.5678740097,76719.99583292221,11.436731653686568,0.042775628285332906,161248.55609401216,0.27556154329996074,0.7598185435848741,0.08283029619864359,0
1642,2093825.21253869,862449.2501645305,6824874.1807651995,121464.63395746559,6.575303044996347,0.11473721082324692,219151.88103226098,0.22258436350654698,0.33466996741264055,1.3086064121815426,2
1643,4339250.069640585,2219887.1260565473,10239166.041217875,97319.02318493258,6.682283401818928,0.1590426902921313,178899.72175852387,0.24007113072707373,1.0529263649292764,0.5610537995660286,1
1644,1898873.5361206855,1135189.9581852157,8948543.250555886,88950.35711110117,2.8803578762666064,0.18463099682231576,209027.21740442165,0.3112299149605498,0.5849821762996634,1.949359256109778,2
1645,5361566.881054805,873045.3108769302,5355128.537911156,76807.26483885653,5.210443224282359,0.36716112364395553,180826.26541635703,0.2586774227517122,2.000880395890574,-0.1410646928703482,0
1646,572298.7110229245,539584.2495702107,600582.2886592182,84313.71238658202,2.4592696744642315,0.15850718760229784,384150.80704826803,0.1816007139761068,0.0,-0.45985116244713653,0
1647,7380347.522401586,2383215.900914107,19396407.967277236,82168.79932473198,8.685698720771647,0.10086745583013629,204208.60024248762,0.2102696339337128,0.7594573710170296,0.9866115603815315,2
1648,1728351.387173485,845594.5803326372,3066681.589805569,108157.27448167343,11.086174601285926,0.2687385393973357,217460.34977885394,0.16809440056485392,1.0782193665574766,0.19143199916385764,1
1649,3261577.7854732606,1233733.6823448068,8715458.807244293,69702.48729417492,9.753946913474723,0.2526448600847824,198765.29709574193,0.0,1.2559684921622614,0.9387886400393518,2
1650,1148869.6430862655,999990.9114327854,2373932.6400545654,71796.2363843907,4.795968029874285,0.15951641124224847,249565.08658574658,0.09853919967401772,0.6715066672585008,0.10474020059709707,0
1651,2018775.171835497,638725.6867456841,4347029.81251187,90725.15726837315,2.1447424716693537,0.038034213541596786,197303.9427802632,0.46928214797284473,0.12052475174476752,0.6357585731252463,1
1652,4812405.809205262,1726079.891546801,10016895.396690391,97174.85646522172,4.754149750259392,0.24687520172697863,319886.0495246625,0.16852386832226776,0.4511016986960469,0.5319901052224123,1
1653,755537.7512603451,602701.4991417131,1243824.5745777995,76331.56922275359,4.8746354937947824,0.23450795287713128,164368.20986516966,0.3122116085777047,0.2518487088479484,-0.08423749776807755,0
1654,2954174.794579747,745393.2415889674,6195831.813062999,105890.28145137242,6.32619255388452,0.049706324478246265,222470.77012069663,0.25054775829027426,1.3446740052953392,0.6747446600493998,1
1655,390968.7608698353,143176.77632884932,1150565.5547517634,119384.49819364793,1.871276210905759,0.13371865173307862,240088.35677190783,0.3602888758215697,0.15627929879173927,1.1540300809885653,2
1656,943807.1405681624,934376.0635015186,7376620.372609589,107614.2893366352,1.420537700273703,0.015416031514165292,185912.74347806792,0.008615306578123627,0.09779812369215982,2.927529730127389,2
1657,913655.911476837,494253.2355805876,1811992.4914011613,84892.92364730289,2.9517664054247095,0.20781337753002857,403696.4117624908,0.20366209567843718,0.4801528561349129,0.28700953125298173,1
1658,3189212.1526629967,1025483.6261087914,9776818.03550709,77415.2703347922,19.54652980406542,0.3353539200670172,195522.41077722242,0.0795772658132803,1.25864740405228,1.3196972091675312,2
1659,737083.802109426,793101.472615238,1648483.4102763766,94608.82798402515,2.247779057200779,0.1491234718561891,171607.86633759632,0.36880379730784413,0.3730410725242214,0.07730968106002628,0
1660,598697.4980407178,426268.95149535884,1485077.234786255,82960.84943920001,3.0395737947207397,0.18360321938145693,250744.5657941409,0.2101194742376733,0.39408965272976515,0.44890326454923,1
1661,508406.9644540769,1031186.6500093766,1099992.4521370565,77454.55747492267,2.1621206180819414,0.0,199541.48799964078,0.22656921846826733,0.0,-0.28553064795582267,0
1662,3679728.871363386,889399.1091676098,7595774.635989935,78098.82989980426,5.547649144387063,0.15382801379519848,169179.95704319526,0.0,0.6990555872312096,0.6624123177016374,1
1663,8807556.944137327,2277523.7176767117,20579526.57868635,111521.54137804917,4.693385218385799,0.039975316571257156,283754.30022389314,0.20583589135137834,0.8010914061541472,0.8565067054116116,2
1664,1401955.929898834,994457.270950978,6944268.316606006,80256.54845215904,2.928014928621832,0.02176729585314134,239061.09094204646,0.06721164348044084,0.34456869837043563,1.8977758569112542,2
1665,2206651.154496308,2360357.8763124323,4001145.1337918327,89780.39470124074,8.392356581952026,0.15613055358343628,156898.27840053945,0.21759454843755582,0.5782754702953543,-0.12390251326407004,0
1666,664718.6370499303,423118.79153704457,3297162.461354863,134843.07652686513,8.423550300242825,0.0964100306772154,205807.2661707518,0.1684129631986271,0.40771070619410604,2.030933092307412,2
1667,666613.2128144169,1387713.3187022323,1610197.3258550046,91057.71663708374,6.744017320662127,0.21781255989108345,233338.55838407017,0.17307662625560244,0.4968894131438891,-0.216192118851601,0
1668,7850644.840909602,1163147.3510987947,18680229.299037956,118358.12072372928,12.948659270580672,0.27135540488896026,218456.53784074518,0.030062613348949673,1.2783697233371902,1.072405143264762,2
1669,3182606.34789753,695513.2783725007,9904329.692448257,83034.02062562612,3.826864172739951,0.20369505722815037,312818.0868515064,0.12043000660667127,0.4004476189863613,1.5538999945636605,2
1670,3917068.1789391385,1540095.279435007,11583335.132225093,115901.3931634721,2.9317296042886025,0.16901668537093112,245829.6945700925,0.20377414864181673,0.4108457228346412,1.1225926656915861,2
1671,400509.9668920881,421439.0886682502,948765.2934283471,78451.59797987183,2.157063551574295,0.0,290810.37287338625,0.2483722940265598,0.18390195078646848,0.15428722377636378,0
1672,1419921.976179118,420051.8912018842,999625.0088488413,148996.60550800277,7.195997503472665,0.050004113602015454,297253.6734658916,0.39952945502085635,0.486597634319049,-0.4567178226983756,0
1673,1654191.9779046874,744214.8116239114,3117653.5008676425,79674.79695952761,4.496638458934175,0.09629991129935797,250478.2053433008,0.24197819289516884,0.18856380283022997,0.2998852048281641,1
1674,4108392.61723105,2751708.051400765,8995495.562124502,114794.95947053787,16.855026176060598,0.06971483612964982,209074.49525610395,0.0474034734061936,1.0060492379996901,0.3112774865326536,1
1675,3173906.6882696515,1867332.2680316886,13020144.668322304,121642.37781371761,9.62462910343257,0.14887354726132607,173760.70241674758,0.08043670353623296,1.2160864410756966,1.5827271393369804,2
1676,2835004.287124591,2354039.9676798834,7447164.491072312,137898.9288061106,28.974221115121214,0.37886595763312353,212145.7178131092,0.16216869781229987,1.3695194514702003,0.43517074154398877,1
1677,2186471.1130939983,738090.1489652279,8264291.015408961,84746.73880107117,10.537092225297341,0.07182035210962276,146885.62220773008,0.25733790283326535,0.6376627714212413,1.825822499471238,2
1678,6384412.844026687,2824331.3226135233,39047742.93713112,106298.33346002485,10.071232331701758,0.0936951697126575,171769.75073511055,0.25653220346580535,0.963533895781074,3.2402896888574984,2
1679,428304.8692654732,497460.78783866094,1031673.7186437072,84306.70567503767,0.8509872456896439,0.005645544368890943,260660.5229260886,0.036697161086276346,0.08250816837740037,0.11440050808415346,0
1680,410308.4682502113,1050804.676730023,1361164.393214583,87674.99487696378,0.6766741586495575,0.1432656693153263,200666.19126598217,0.041323375818726166,0.03014622429255987,-0.06840589458046624,0
1681,1228923.1131395483,254042.9914793472,4259695.806246593,76370.69527448129,5.076394392807553,0.167393129607091,219083.91354728607,0.24999679190193466,0.5192948618972373,1.8724161617579809,2
1682,1016270.7073251071,990073.2339043389,1971522.8300928988,65537.32766138749,2.3124346105155285,0.1376163059710253,156767.74053647183,0.20206229622812943,0.25025650500060576,-0.01735550441825513,0
1683,4199177.354058675,5005284.348137834,8874974.518240476,96901.51510917464,16.11876299286598,0.24028672081757238,163364.4707804588,0.20766227829360806,1.23104982239927,-0.035796464216631525,0
1684,1976792.0049737492,1368248.575424024,1572537.6404016912,79601.7876963116,6.243492173866278,0.0,315875.9560033086,0.17778101612145716,0.4274584641378181,-0.5298898166985185,0
1685,4239679.777929731,1903817.1448020136,15861239.755048338,92399.47403591656,8.417419839219091,0.180049941017498,164030.3184460075,0.2304983772332145,0.9184308924519893,1.5817933913761186,2
1686,2296725.8027515435,590548.9860124688,4150261.8528712788,100525.13499811047,9.456178813503525,0.008682712907910065,255869.7140527946,0.28337066236528774,0.5713851415792683,0.43743223506894807,1
1687,681815.6450767347,1721717.0955704441,2111237.3609842104,75514.55182117745,4.883057407789143,0.10381048373350306,187044.5060581862,0.3333362537991501,0.0,-0.12161073353395001,0
1688,1558136.810867243,797290.3975427964,4453618.36697849,105816.75174549205,4.287931495701817,0.21186410731348798,243367.83426096616,0.22992460410802776,1.0439477013273035,0.8907900660554784,2
1689,1343360.4533312626,1141478.4266305882,3474461.851974163,105940.92413317802,7.570700368395295,0.0,183016.88604595856,0.2813649483807745,0.31751537378415406,0.3982644428147009,1
1690,6579299.433069113,1756642.221256319,16671393.27473512,100129.90415818317,13.905029341254876,0.13091228424237236,245910.48948750255,0.17902855664237427,0.8716216465207474,0.9999412143299384,2
1691,1970343.3451536796,773844.3267421125,2844137.494550744,80176.07962340447,6.741654529316225,0.30282250512003317,161305.77855635804,0.1556525684813908,0.8296760866351696,0.0364223714283734,0
1692,5304690.35023566,1386881.8736752707,13160283.697118588,103604.73196515969,6.083589833252651,0.29087160487160774,312526.10366208944,0.2627727074053121,0.8046729662365342,0.9666953081807999,2
1693,2924159.177832774,1083893.2862153389,14421356.871827459,79607.40690465497,6.333081019604191,0.11859190051813606,185011.81966926865,0.24582660726529051,0.5907110671797342,2.59809583362139,2
1694,1388861.750426489,756915.8306174905,2459998.763079652,99406.09246118745,7.030926275054643,0.12601946972005876,255726.0846239604,0.024876368630041005,0.7683670906915114,0.1464369768849928,0
1695,1547496.7369143628,1405315.2121389036,2250279.4303798373,95428.04507079204,3.2039718530701453,0.13962931984255234,189009.37404391562,0.5783098974089995,0.1590763502975589,-0.237919830586799,0
1696,967057.3113488181,650584.2329298645,3777827.29245941,66070.21051045432,1.290997848066327,0.08320177592330633,248840.82476757054,0.18353719521479417,0.11864342125728981,1.335392105760964,2
1697,523207.5901242705,502050.21996352315,1625367.6977385103,109602.44361520336,1.9818550500780452,0.34896918800037585,230805.2957029825,0.2122388429990947,0.0,0.585325838775448,1
1698,8499071.067196742,2051092.4287272375,18689762.311322425,102395.79647008418,18.25191128584009,0.16895803336663487,299748.3711149678,0.33777258804632504,2.1098581457673644,0.7715139977255473,2
1699,691749.1482879887,185735.57145229162,4057310.993106697,81210.74326568244,1.7940648672400719,0.27078697907851024,209351.4637908131,0.3061357011382095,0.20850093082757315,3.6237967474893327,2
1700,1628620.8611296683,898042.2024030223,1529913.6995965533,83790.82491935244,2.437169492506142,0.09245576089285833,240584.0449470753,0.3816024372616163,0.4006780092975075,-0.3944923952553126,0
1701,702570.660838843,418489.115194516,897647.956937563,81477.52077433212,4.042362784398121,0.006136761756163107,273514.31728892616,0.21104200165947196,0.5586897283511127,-0.199286268111673,0
1702,1815634.9049981537,1329744.399737984,3946939.557348779,85306.71940023567,4.917483821932332,0.10386118730475909,209392.96217016745,0.1633651283660762,0.1529020975778059,0.2548373900107045,1
1703,401449.5569869536,631616.3991977208,635311.7836120592,88434.92080861247,2.808794728158024,0.007306262722324059,186174.18652563335,0.36500688933564124,0.25337791754569916,-0.3850230183187949,0
1704,821416.665450246,394545.16198441864,1418057.058723824,124066.50372723631,7.156897380429225,0.24569773799990735,218133.29558545275,0.08777578382862702,0.4283644066954183,0.1662019536546828,1
1705,1077305.6272130953,248778.44123367564,3569276.679737237,85254.3798499581,3.6528722883039624,0.15908829243243447,142224.57338563228,0.1871175239771844,0.4672170893093348,1.6915915549139318,2
1706,918283.6277121148,829657.1257649104,3621413.5988482866,66688.8667114814,2.591548586971018,0.0,247105.7209477161,0.25963908823144577,0.2833769715969196,1.071817132042105,2
1707,241484.9148588453,216167.00500952234,190696.48003045615,73626.81925794776,0.30013317137333995,0.01433847946975724,286098.23459572956,0.2468187968132434,0.0,-0.5833154593008036,0
1708,21150671.212474436,1921706.0706705488,86420671.0249307,82919.09220012026,7.85397742522353,0.2219331659495566,274044.9874437276,0.2972228204953383,1.314095775697803,2.745633575785163,2
1709,364589.0420635388,243354.9783520295,897295.9760970797,89896.09705885177,3.2534776202413127,0.19454778414370813,259575.37686349158,0.1563093841728001,0.20432906645272328,0.47595164351435026,1
1710,1138751.1946816659,523168.9769412214,3002487.5823473874,78350.31218785253,2.396988179036673,0.015822837835686318,170513.24322295896,0.3972903777503326,0.298058352465669,0.8066376674491039,2
1711,945137.6770398923,371211.91501719254,2553323.6792818857,94983.95820228472,3.1642157337206935,0.0262432797960243,161541.74534647694,0.35048954007093497,0.31520042873222665,0.9397002853108023,2
1712,4216875.8547815615,1701935.3778366733,12583835.79970356,160798.29163810483,13.589001387671932,0.17482830822498394,186294.97668291698,0.31034093297250515,1.1594105555574385,1.1260748662425237,2
1713,330871.98635424965,709681.6507432979,690725.5332049221,72722.89176787694,2.97904339456393,0.27429852672154276,273945.746963847,0.21404630006368827,0.5650346570978411,-0.3361942060655452,0
1714,830048.6453098239,365047.72982274735,962268.9612107003,99405.8381317093,2.3047612818986156,0.053496212841097464,247246.90933955726,0.24633545915008592,0.10833162535777822,-0.19481894411740935,0
1715,789930.7938164931,744078.0955416859,1475800.3805367742,83247.02942024996,4.805121747986114,0.23896699265090696,166788.32203120147,0.2165850111448422,0.5432922092150354,-0.03794535300623918,0
1716,2268091.170163628,1298659.1538182222,7163455.6667543445,110670.3566078818,13.988503870475219,0.12856773588696807,210222.4417143112,0.2159847128943708,0.9713689990957111,1.0083984064119191,2
1717,804131.3485915518,314819.7909478266,1959511.6545640081,78407.64666296261,2.2596660716306047,0.14269833565790227,226049.27271919098,0.36369948197779994,0.0,0.7512039492364705,1
1718,655585.3622508422,218963.77936179732,1821792.6922969802,93149.39127096462,3.285875882417849,0.0810025911191877,291146.701432046,0.22893163956095597,0.5179747694155448,1.0831221547341014,2
1719,3690785.1954499823,1232891.4247449206,12775820.145736553,92764.78237102028,19.30726704120464,0.26175341159029775,130816.20590734834,0.058466806237477166,0.8771086792925169,1.5947723888557948,2
1720,1044978.9492389258,643905.4876380359,2276672.5098233507,113225.25147367857,8.297530736845458,0.251893399716588,157027.60680557176,0.09531542631725384,0.5419531855798672,0.34803332904962425,1
1721,356495.053077213,234682.40642660664,1107763.719831897,102319.72807336554,2.087342687888474,0.20364541122482943,330727.6404145181,0.13733916697706364,0.3736255164703496,0.8738260433028899,2
1722,1209937.8669929272,1576654.4537413083,3026582.0648237197,107385.17902911443,2.5819114470584554,0.11169940758510083,283767.97787083866,0.22697926783513894,0.47166091916911307,0.08612301925322526,0
1723,6197969.3113011345,4109805.030711487,17193491.90416946,116824.10692860921,20.222205342484784,0.13960014380097138,121635.69494191391,0.17916137548201663,1.1970218860885358,0.6680120590234402,1
1724,1457019.6167709045,1064901.8817788705,3015961.810800683,84185.8204438747,4.248153337817025,0.09895932366038536,136126.01041272646,0.06834585297290122,0.5287024857137175,0.19589837056189285,1
1725,4458289.578789083,1875769.6723562216,12563670.637705673,120265.58693681225,14.009068465131135,0.08997596291196126,155241.2983823818,0.1267900141311433,0.7204972070546041,0.9835101219544083,2
1726,997488.875000018,685852.2092548098,1946034.3884807297,98721.60646465469,9.490010938757884,0.0,154058.8676097028,0.12132333542321083,0.2167842010154254,0.15605470969788007,0
1727,786816.5142734345,366763.43473536195,5201620.098416888,67971.97369774584,1.0612878117949047,0.1890276732509977,193857.96241791933,0.37399809106857984,0.09695680421621841,3.5091110528458263,2
1728,1792749.0430589544,1064291.1072238812,9341357.649747686,82632.45657849297,13.570313744752454,0.16957609263037032,139558.74076090264,0.14779264377573437,1.7020232245354179,2.2695927107719958,2
1729,4992545.15768154,1915465.1868554302,8051989.674675098,115110.46105307974,5.992805453900328,0.0,296181.09010021447,0.09536927369285372,0.2863329547327583,0.1656018553942694,1
1730,2326320.155921107,1115048.7700221934,13818149.312063495,79903.11018557826,10.437727673960385,0.2840377395437885,179488.35334849518,0.07734150326215503,0.9018139723544738,3.0153060045068707,2
1731,4520888.197287526,1062648.1960980273,7263510.73768887,97328.56515472138,5.314195546219884,0.08762351283503202,180805.28972444677,0.3598072698369903,0.5371134353515576,0.300879984644404,1
1732,727503.930843371,650030.7256942112,3662150.2292160746,108395.25480515792,3.94510892044297,0.32815979876034224,177608.06915398585,0.23128582684298205,0.5768966875085533,1.6584813760118733,2
1733,4226969.712772123,960616.7225721055,7829381.985843223,107295.64057657658,4.861024522407116,0.10229861671992656,188754.73131612735,0.4079277634865573,0.7069569478967899,0.5092533075689745,1
1734,1750501.3483070391,1350233.3377074902,1765056.8763570695,94278.00558013067,2.903702760343348,0.07108263268916215,275453.26801914803,0.4589154562775528,0.15622270572328983,-0.4307617209824063,0
1735,1540621.1936801916,1058123.0371850329,5227500.698083364,81204.53638010024,3.9861049740244825,0.20114982304387238,191233.19160934622,0.41992113456401475,0.6250616713499451,1.0115487457351366,2
1736,1239648.9101712264,918637.159075177,3164343.7365872893,93918.27091668594,2.2595009748182546,0.2971087415371434,238919.39139344223,0.0964512934142305,0.36115048553510415,0.4661373122294976,1
1737,4006594.575182368,1505526.3381578499,8089676.176132667,93347.18642881548,7.583581526428992,0.04834871307547745,386605.6588355798,0.13939096974493134,0.9895577730441116,0.46761587840976976,1
1738,1777033.6858529411,731726.5391319302,3811193.3186578113,82106.27308315158,8.030536335682584,0.09216451939644446,182725.1557546543,0.2446098379892996,0.8813522917853549,0.5191540748701061,1
1739,1278886.2169560413,672636.586337172,1981310.9374058074,80232.66475123045,3.3604122032273924,0.07108341307455643,313253.19257225335,0.18446344508606066,0.589697752819706,0.015264046139930532,0
1740,1165743.3472984936,458177.39464399766,3749147.4157785834,104817.9663293336,4.289117493031092,0.21999425298354336,270684.616860959,0.031521639857529066,0.9200710760189332,1.3087009845652637,2
1741,1207860.9803051308,1128974.8339939523,2516430.368825093,82817.71351502246,5.709737340521244,0.11513113850598355,191212.82297697148,0.19892210010451197,0.5069142025746061,0.07685373248179084,0
1742,2250798.72576584,1076439.5725265467,11963210.857768495,76764.05532417947,14.494746916553925,0.22393926236899314,127319.7955288163,0.2440826987184782,0.879736509712645,2.595537735877915,2
1743,2642547.6168552325,1023146.3160298001,6438325.936109854,117951.2904923608,2.592460367895144,0.2649705038425789,253376.38894406275,0.11040846766426173,0.35090634125392617,0.7563730234953523,2
1744,457018.3081087606,261389.6734180639,459268.2129513285,65657.38551108932,4.1530570999539504,0.048384494661051006,204210.0266613755,0.2337947110611664,0.2577426551713163,-0.36071393308402444,0
1745,415889.2683855487,391773.6765061864,756033.6076492838,62738.812566537585,3.4233966424468623,0.0,168235.47303116668,0.1182971932275451,0.020070706721557547,-0.06392436048848588,0
1746,732161.410620282,636343.9465018812,2188486.7062267414,108114.91512448197,1.8970025398345456,0.0,218710.04211315545,0.2051461720719865,0.43561635749062766,0.5991802259575519,1
1747,920372.8666028612,574480.4789255757,2010702.0682130163,91664.77811537967,9.75559774095054,0.054660854367649454,172957.3096286953,0.031577447012177184,0.35571496873327696,0.3450831643302272,1
1748,2370674.7924002586,635472.4176527789,5085831.4865337955,128800.28868920548,1.6249738329649221,0.11424366544184299,360334.6072947249,0.2966393021047138,0.7560694358971995,0.691810523957696,1
1749,3554825.334109641,2532455.009183798,7598789.754607143,87430.9709933586,10.507183317022378,0.1817100014461137,230174.3567359688,0.0632278337008673,0.7491306487100258,0.24830619358265366,1
1750,2366903.38628271,1976284.5066351641,6847355.002079888,113700.0959590668,3.944679845223223,0.12055900110886396,164963.8517351965,0.29900810415863455,0.5227842425824543,0.5765735148703514,1
1751,274181.09204167954,147649.32854142023,644639.2268691186,82379.62900788631,1.0899314217913645,0.1314553332720164,326878.0633247756,0.33175975027334376,0.0,0.5281952069223181,1
1752,4821871.646945724,1246124.0970559497,7934569.967371555,125521.17303724687,7.851777122856525,0.20111785535767707,273261.54049630946,0.1586149249295299,1.130769697549669,0.30760967906330927,1
1753,1081353.454317034,635831.3838965013,2389144.553684568,85101.18801737197,5.7242208436820965,0.11050939225143139,204429.7492253123,0.07751285782031761,0.7531373698046018,0.3913147265905881,1
1754,1247762.3870743415,368675.9728401838,2141048.282253817,79944.42741857568,2.3467753337907014,0.12114645005519704,276500.0383908517,0.14567299688514462,0.2618856475864455,0.3245468156094936,1
1755,528811.9492047551,384397.3000848013,1875279.7069849118,88033.4121822365,1.6479301385669638,0.0,253275.9449904914,0.310775085640635,0.03793918898897921,1.0535049425351433,2
1756,5131555.6740482915,2099294.6296508233,8404093.805118492,97281.26736408194,5.8864027296930646,0.3940477546218872,311552.9560336709,0.2077157383814876,0.7054231114152225,0.1622552607428722,1
1757,1641192.858229589,1667760.011277698,4605694.0814861115,80647.88012323873,4.027331351869812,0.0,219350.54402776939,0.10442858280486897,0.15528837519390815,0.3918886920175184,1
1758,408560.6269793878,1246164.2587774189,1770442.1950284026,120909.4230195687,1.2762329970928423,0.0,166888.1685033155,0.282254500375725,0.0,0.06993144918991855,0
1759,5629816.595127403,2892874.165725975,25703328.572685782,143535.22279900112,12.29276084617972,0.265179770152079,272601.7373381275,0.18529102730396202,1.0673045646532895,2.0158701393633702,2
1760,3146996.2027002415,883228.0713283534,7973498.472798624,111285.3862802496,3.992545177642585,0.09101402075532185,226670.2689441297,0.4681643845223522,0.9505383579880196,0.9784254995884757,2
1761,4166245.07373892,2906196.9213302904,13851706.411721647,105942.65655875037,16.144725922666712,0.15385658472269903,179807.22347811863,0.16548503130321315,0.7911481572901737,0.9585464852704098,2
1762,2242203.971466677,1349234.796531332,5477866.176219954,110574.23536085326,13.787134424129848,0.05350989982719604,142486.23006850973,0.1292384801663429,0.6502481481373754,0.5252567369465426,1
1763,5978518.9056599075,818250.8176638593,13131058.935715484,84297.03734141593,20.09552116860846,0.11458764770082158,164427.3758008898,0.27146012172361317,1.2733870608716975,0.9319558364107873,2
1764,474258.43653734965,585802.7953362154,1763910.389021309,93734.30199397796,3.8698746509146007,0.1149025105472021,224834.41186960047,0.2575365745254986,0.5552503552624046,0.6639702839653445,1
1765,2462366.4610959203,1525306.4141081737,4744969.173805255,77852.91018990811,4.52694940113631,0.177249314769327,222537.37219635214,0.2281926420847979,0.48170303837677897,0.1899093336642872,1
1766,728713.1183242679,571789.5415771379,1419743.7658570965,94178.55522061976,3.502028120394833,0.026479957006738157,173770.69667466104,0.4620262698241032,0.0,0.09168847525827499,0
1767,736701.3440314492,860188.4558474916,5698554.75647436,109065.24882388664,4.063138732740435,0.17734533496189886,310412.2075624279,0.10244374786557342,1.0016505570862817,2.5685335061357164,2
1768,3855855.063994743,1263321.1744515477,6796343.1425712155,77946.91730307564,3.6298666128548476,0.16615468579674178,165509.53718486518,0.28057947523129906,0.5370614187787404,0.32762437275141715,1
1769,3029841.3857736066,985479.5924314711,7150049.630985884,72613.38899998242,3.357900547118163,0.062000941328863884,299578.37100126676,0.19262984398064908,0.43160517802389514,0.7806919222139216,2
1770,2339989.7404533746,871925.7126541894,3471708.0950737842,97534.23360233381,6.049212310092596,0.40740358675407956,190103.8097514797,0.1934196014184195,0.48696207776404093,0.08088402255883423,0
1771,2059535.8143816616,412161.77858726383,2412090.3725779606,107454.17351122209,8.563331487647593,0.0,290030.41182157793,0.2982248135804807,0.581554928459687,-0.02411590340198796,0
1772,1215897.5448380103,453106.8937091844,4264414.644668015,65237.74177713193,1.6894732149550609,0.11061206883456993,283392.0920099815,0.3708100836136431,0.03438110699797986,1.555064891487063,2
1773,1315585.5184333625,590993.9375236613,2926965.4070790648,89053.26289977662,4.912136630202562,0.1224169194089985,330076.6850223312,0.2921824635258177,0.5245208042734972,0.5351919364985759,1
1774,3856857.037548117,3961992.029102172,6775513.94355402,86544.78912712286,2.4257823183266933,0.0498098531894558,194589.49105870514,0.40514672433581234,0.40858144199098606,-0.13343845292351308,0
1775,1596875.9691789085,369148.7310134906,5107647.011069299,96010.58470018116,4.130782101393301,0.06285167420850217,257634.58444564015,0.21849438684280392,0.7116314733945166,1.5979566841502317,2
1776,979568.0286226172,518004.5920309965,1455548.8902222808,99871.40466387403,15.93948678774029,0.047424000912572886,208938.31246251243,0.23622523323383485,1.527818734228081,-0.02806123045504915,0
1777,836771.8873173025,575832.328331903,2060749.8752533442,67625.48151333282,3.4494096328178,0.0,151307.52786244632,0.2684907673921325,0.473536123063939,0.4588303308342199,1
1778,1491357.3498952505,670555.475223762,4156595.5931516076,89989.45674078733,1.0638641757199916,0.20090972057496956,274993.4806601354,0.361795967582668,0.3272594189967269,0.922647178395266,2
1779,18689681.307393793,5247948.281848316,37733707.99441888,96326.36489254714,23.06614879213109,0.22856553017483197,209033.5567441386,0.2548971177626496,1.2702194881424091,0.5763343589950493,1
1780,791533.7340295267,594648.7433226637,2118672.384216173,69792.22435140098,3.6132980390567813,0.0,204785.96677830958,0.25733860389075425,0.3151084224682402,0.5284224254970707,1
1781,4642455.1468274845,1472386.5097552154,8227002.228435544,120682.50494422766,13.648638403212773,0.037732306167745366,219196.18882396346,0.06695556333545513,1.3679226669323041,0.34541541555357824,1
1782,2076107.171568987,1393463.3299033842,3100719.462964691,98439.98180657049,6.190112038473066,0.1478837860786673,197846.8380674468,0.058071499051086384,0.7440617935665541,-0.10631028778667323,0
1783,2737301.395864612,2225749.0862283586,5882259.712429943,65165.045551135816,2.4802025619876336,0.23181463805806857,158598.45679260304,0.25726892850642685,0.11580920799236602,0.18521053405633128,1
1784,2768766.2833375363,647979.323434666,6129322.702043895,127103.79073800443,32.15167738921572,0.12432977391795146,229980.71340501265,0.20736406841579846,1.6328299963088884,0.7939066607403245,2
1785,2526202.092895456,1229443.5605743588,8234231.697881972,94096.47816208201,2.2609690551251576,0.0,156549.49022221737,0.34373428086265245,0.13761506678029825,1.1924943026172938,2
1786,915904.3838719119,525330.1338082162,1948324.248157416,75885.8486763692,2.1930115270818766,0.0,286447.8542783001,0.29433296665622366,0.2381851277499159,0.3518440089080859,1
1787,1504260.4706160158,888593.8760845637,6709080.8817620715,80169.88684790126,4.060631971949001,0.09363286003491644,214254.07244694253,0.38783088882296557,0.3684811221360098,1.8037982717222136,2
1788,1287287.561064421,462990.56436964544,4594496.40889973,83958.58977685458,2.7051102841967536,0.1622622880929752,299247.44272058416,0.2814803011297776,0.18478375827791316,1.6250093297374106,2
1789,1667201.2423730032,784244.5052436083,3882303.528413835,82411.96721034533,7.583692943286989,0.05636376488031743,164160.97819960595,0.06551287451137701,0.5524505344026067,0.5836791543065384,1
1790,6641684.632611825,2099516.6695681233,11077759.242963916,96353.46419807988,5.355337408054517,0.0035433795451242454,212742.67918354913,0.23134358369107405,0.08736921842295008,0.2673039848883539,1
1791,908754.9998029197,1169221.992270182,3206365.803696224,94031.65277925754,2.998153006643997,0.21626753945135274,224701.4349810028,0.27691125765982366,0.160595894992923,0.5430227648947071,1
1792,4881300.175112878,2007113.4100967273,7141197.028988841,90665.33428510797,8.25064974950793,0.18790282860909002,193058.72780650377,0.24583268141951878,1.0918945943474472,0.03669690279950632,0
1793,1290083.1273055866,678945.4665507687,1893866.1630877473,107325.23699060065,7.520335850446534,0.2114436671456797,268673.58380812564,0.309933932028918,0.41860599457937003,-0.03817234092136863,0
1794,1545263.5893049836,476354.1686643095,6164998.971998637,72388.40646266754,7.541454906638132,0.20219546264273172,198124.91966872057,0.031027702693362916,0.3479519312184816,2.049537405227066,2
1795,5176488.607409245,2768279.787068423,12257323.962490868,150762.5373548307,12.936199710762164,0.19441591051741192,169818.91157764982,0.24348002786000242,1.6774414002216598,0.5428170279967903,1
1796,1513553.693076377,1453696.2181338326,3884714.5668748505,120943.62786469939,4.7159174976658775,0.16177049795698006,242112.2045706002,0.1553138826442054,0.42642735023065714,0.3091969611991488,1
1797,3416055.3419047426,700517.8343906413,13362912.640346961,126175.9470899961,5.742506057046435,0.1699394007169115,172219.6171165914,0.35140818566823234,0.39056345406183546,2.24612537371985,2
1798,1569736.740301884,1049898.3969426253,6438114.7113409145,143543.3390090205,12.137857760068322,0.030592470315816366,189733.14496445275,0.17555059721684643,0.5793980780478274,1.4576379434705982,2
1799,6217807.818177288,1886336.3288585816,19828009.26506534,130097.44481791239,17.680636172700737,0.15991630825402134,166742.2920010451,0.20207752235604165,0.31049780533298266,1.4466506154530245,2
1800,1338339.9776084968,1258549.7759044732,3765249.910098658,105905.9123084874,3.941150497957941,0.26621751366002144,216873.35964544694,0.17272369783669567,0.1627681161146353,0.4499074922241794,1
1801,318908.18923358596,215714.72329287336,694042.3856127255,85246.65985618206,0.989346164735571,0.1887161096656398,258607.7873113672,0.3444296386534943,0.014033367384622705,0.2981904990433351,1
1802,6668291.298683809,4748872.011148599,16936631.737143703,134042.48070042868,40.370273275769726,0.1589392486562567,113308.44475954205,0.0788949815830329,0.9750293589113026,0.48343605828585745,1
1803,8503493.5616143,4499356.135238333,15458673.978126701,106556.36035625891,10.58883168317578,0.07095819622873034,154476.5670164803,0.3882752287411529,1.5926942407637341,0.18886815879049243,1
1804,1188189.5282467185,1435942.9762890197,3560356.4768878785,72261.32863445937,2.1598721807157166,0.09866177945544094,230668.54371452634,0.2538836175906588,0.2835810677424333,0.35677465628504035,1
1805,3212934.3208051557,877941.5179140776,7001355.944027163,125132.76867146343,5.94723807563905,0.23977710843104846,256246.38146238046,0.43898391536865944,0.8191240893506038,0.7114564753495768,1
1806,601644.1607191616,777410.0745246584,1685302.5686168515,83932.32693328185,2.762073000003594,0.0895392006397209,199460.50974961964,0.4960427334602596,0.4370611428020648,0.22207127576740004,1
1807,901818.6643077874,1514540.1979407538,1667926.9471983688,65712.9886787275,1.5383060291821846,0.0,153389.443614493,0.20177252641176227,0.19520910480459747,-0.3097354150259451,0
1808,646277.9281210814,274965.21822684567,826965.3905188489,91838.29527411424,2.0813721612084324,0.0,324032.8966228752,0.23275875021485615,0.1559246603200381,-0.10233753836087943,0
1809,1278977.0544089195,375368.57342939626,4421008.915627609,87843.02742578044,3.761810746969469,0.1963789636950774,176897.06985515813,0.3376541212266294,0.7773479272095536,1.672361108364284,2
1810,1939584.3489489076,831334.4602691658,5123045.027966237,68370.91865701175,9.30400953031355,0.07099484080789902,224538.27627864908,0.18560887740873128,0.7668200000606216,0.8488614718422266,2
1811,2533121.171227063,2490052.190353341,20279824.429879766,65713.43734313306,3.3427325142572,0.1422281853636373,323274.1876538407,0.29545269326076173,0.8097811524312564,3.037253538766832,2
1812,281730.5534143488,427804.07632293965,824005.3164858598,100870.08303345983,1.4704744242376226,0.08825445907085305,254157.55486438502,0.1682385952531079,0.0,0.16133206463926242,1
1813,1586766.5245201627,629869.732205142,1220662.6734462883,78648.34486846744,3.1842176220203067,0.13988203196524446,264912.450021191,0.3509121074842541,0.7553405456707896,-0.4493175550373765,0
1814,1403220.8391533545,930291.9920311518,5935222.379780957,140826.65614740291,3.3506761249956876,0.09495303680901615,254131.3332584546,0.2444836938850798,0.47914616958728895,1.5434710709382296,2
1815,722524.6323859968,579791.3610858939,1664682.0155724706,101621.31699678516,1.1731788148251603,0.025964002120513335,208131.29059785992,0.4421618083744159,0.0,0.2782473868991929,1
1816,1834809.8204852082,1504253.9050082262,4978739.962656751,109252.45983589847,3.6366746217604318,0.3316971803041928,315233.3390793172,0.23234999183439478,0.33088987195994274,0.4910586834999717,1
1817,1224377.6897336727,1072736.3571264462,8507412.985288316,115172.43979029568,11.98420265027695,0.2720168963373298,257591.86816386116,0.4353309304807942,1.3689175709502113,2.703522250850773,2
1818,1106976.0864926914,468073.58144873043,3585025.0206561564,58623.71344273938,5.985525507582953,0.04175913866526236,182503.54955861098,0.16683088601878351,0.5760567826450176,1.2761345839599825,2
1819,1187189.394312303,1124162.073380651,1337335.1116994212,83552.96669847456,1.9396491748564642,0.0,161773.37337914418,0.3380617434006088,0.008955154166880763,-0.42140555843968414,0
1820,1002857.4257825117,1511447.578517418,2624646.4941329234,85391.65678093198,7.108470397561218,0.0,134363.8620474446,0.31645451573748573,0.3306381651968398,0.0438854831232844,0
1821,2416594.682089174,1391912.662479847,4861257.007853204,100632.46512022069,5.888265051515713,0.07553019303169459,163765.48676726688,0.3152858082192502,0.4952997036254171,0.27642054170787345,1
1822,4411643.329509002,4964818.279401699,23951856.926437356,102166.25866231689,5.925660170561861,0.21394111222445408,159434.77698197294,0.3016727772528622,0.4495131367599187,1.5544664848491745,2
1823,2192525.3314135,779494.634931514,3533516.512627335,94727.65099718558,3.9352505005383227,0.06398719817946036,204469.24672059322,0.5425321697109917,0.3696352136893067,0.1889275821295536,1
1824,3181786.179573685,1158932.0126381482,6232855.898740159,115179.57521830263,2.860392390439359,0.2529082496365151,275354.2198851251,0.29632757451838887,0.4966650205147288,0.43590429572765677,1
1825,1117969.5698286113,297607.49776023795,889922.8405768486,74110.60131820416,4.944405610291792,0.002781610669960879,208502.40822150305,0.1481846240188412,0.36211631934312394,-0.37133564752313125,0
1826,1067414.014482683,322221.9066001791,2998209.1385729355,104884.61653503132,1.7763858372764205,0.2946666720846267,302623.8024039584,0.2881644056311106,0.3365346438374075,1.1575501130084533,2
1827,777078.2662772058,735188.0236474337,2574239.020127855,85453.40878344646,6.118327538738312,0.06900456917075468,165267.6197584396,0.2823569716992593,0.43037136536133663,0.702239240058797,1
1828,384871.72230767016,345275.1097367482,1279063.477600338,72640.29681267294,1.6961921367731931,0.0,179058.0019340182,0.19145905520172887,0.0,0.7517893955917707,2
1829,404261.4062153396,719748.193882615,1318214.7487386493,112802.46437716557,6.836487061033218,0.0005761951459509481,184546.3224936778,0.044754262897926084,0.18666518080323377,0.17277890564615314,1
1830,882199.5619416895,905394.8666211389,1505362.6446949465,99196.80507925212,2.2668524126218714,0.24059656894563985,268084.233585248,0.569545517353828,0.2463841037111857,-0.15788356651725954,0
1831,857481.7012453815,303197.18638417555,2700369.7487357873,80220.27657549373,4.588299140640987,0.16837623679652267,181288.71581631954,0.18426631463298984,0.5016987667782904,1.32654335106476,2
1832,1164703.715248104,761336.2775806717,2073972.6867565468,102773.63697149775,5.803805630004183,0.14590737852389915,257170.9362320332,0.06148952027013543,0.7898180326378328,0.07680665743108604,0
1833,5981118.354961944,1333842.1446888992,8296988.605991009,101592.28108087112,7.463847789627945,0.11207943700953359,269614.53649233724,0.13972601248913646,1.0238115066054587,0.13424926988833902,0
1834,6526642.719976839,3328230.682071218,11208511.31054221,113885.9324424974,15.099577608223576,0.1373495946405787,218187.15567215398,0.21792021687450155,0.8090575835942702,0.1373572092983799,0
1835,774322.231338005,1007925.8458376002,2765126.9357624385,94118.37924940477,5.553031793127616,0.01750821687803038,189382.9604807274,0.04414579092668847,0.0,0.5514826309390318,1
1836,861522.7703948766,989035.2075332741,1472252.7697781976,67004.08148800394,5.6388538501353915,0.0858295237788003,152579.23011197033,0.16002113034060533,0.6333469696252703,-0.20442764434405689,0
1837,985387.5450358329,943456.3559069617,1976761.3503450276,80886.7642415628,9.082173405394803,0.17785520141711547,220867.0896128281,0.1595110118014977,0.8188228053084261,0.024842575067278216,0
1838,407655.9127514412,835018.3320872397,1072361.5757449693,97089.11327076604,2.282272861998192,0.15140476257328175,191677.82564292508,0.3084209306234581,0.19340463569653574,-0.13705335070802957,0
1839,4855200.084028095,1459957.8172054333,8350178.944234149,88205.41664294916,7.882310003991682,0.2417414738608445,181123.1113488221,0.18942606410361384,1.245114714791364,0.3222438891992113,1
1840,2203073.846199917,672774.569104305,1913691.4763070175,98169.58219586287,11.21183924718534,0.10480280545184754,156178.45277861814,0.4388044668847109,0.8498218047215409,-0.33456455280360203,0
1841,1417068.832945246,621349.597513502,2162283.5891064703,108388.637214207,10.626295841810823,0.13015288643993914,158459.89574379442,0.21199881545352778,1.2135902669148093,0.06076532511523964,0
1842,16456104.828378187,1873297.268037613,50165433.889047004,136870.0891449643,8.945984338003187,0.3068968290777467,187429.79099949176,0.09880405493352151,0.8446379704976479,1.7368832668500707,2
1843,216254.38056470672,313386.1422462556,595437.3687687868,77017.62871097447,1.3225971141452644,0.1793180358085677,203502.58135130123,0.26458619343509254,0.01219784159117839,0.12422925196248345,0
1844,707828.4444792756,868499.3284377856,1393740.535567938,84352.75395296002,9.708669261247424,0.2634695113374209,172303.9957569772,0.15837779313140815,0.5044360898205047,-0.11583075581497738,0
1845,545431.22186417,390698.441213351,2941080.1235929476,98198.32456955037,0.6608874074645346,0.2745935982242672,292505.3868718558,0.18771203761699026,0.11082815158498335,2.14174439673684,2
1846,2889306.062669849,1801846.5324524865,4196036.8380361805,81838.32086931873,11.74046661042822,0.0739379313067212,262548.4953587817,0.10648380332325975,1.01689992722652,-0.10554245402312337,0
1847,1548181.7058525383,1021325.4160050348,2897976.632923555,104035.40630658926,5.579455934586861,0.15420574367126763,224383.82313873718,0.3655635391249005,0.28402760302132485,0.1278336643910609,0
1848,1706755.542451074,987014.2105319258,2785174.78804941,104853.62659437729,4.238219826807775,0.2013007089278716,261758.06048913067,0.18453863376882257,0.5102994786731179,0.0339320147778743,0
1849,547419.8491416821,800046.6444645401,2533250.5502953557,93175.00195738814,5.202754892725056,0.20242271732865694,176414.3003329416,0.1351586914160536,0.0,0.8800100502058656,2
1850,1109328.3568881867,776460.8856140159,2079653.9620064793,94919.29163477474,4.283120887160141,0.12537262170201036,276404.1819703241,0.30964466254899664,0.5441258351728955,0.10280296182358264,0
1851,335250.2185076392,331809.6481129513,733713.4533621536,81346.42074106954,2.877556598667693,0.1825926794917883,282413.96782370855,0.18621729351889127,0.7484571228785333,0.09992144645013447,0
1852,2045882.4804162683,883993.9832861659,7311347.247412648,83547.21308628419,4.086599577844563,0.04802391037491433,182674.69079432692,0.032559727629218826,0.46072853650641776,1.4954455718496147,2
1853,1589235.3992093666,850434.9881096855,1971012.846566081,171013.1685844129,5.883673179846647,0.1712261753355197,118080.51567504757,0.2027050869596813,1.0801794217618275,-0.19209871267404188,0
1854,2159857.981344611,1558808.747477007,5757671.260125329,74076.55765888788,8.246660280449296,0.2707647423551131,222766.28430460856,0.20554638468186873,0.9136048696107115,0.5483160175393929,1
1855,5105695.0950448075,703835.4670587346,14015738.840525264,114444.592204027,14.848061105561959,0.25754623378424557,242263.3496145964,0.13957653392026426,0.9243990951000547,1.4125424060856266,2
1856,754793.7003841593,858249.4670850295,2693406.441509979,69914.54977525143,3.641650863526963,0.15170296726882912,226833.8136286774,0.10032395375245425,0.5515166388969885,0.6697671183442934,1
1857,3267928.2720435075,1084745.8437260098,3051919.1346228523,93670.71785690663,9.647567680647734,0.09716936054341344,231615.5279435386,0.2521244302618876,0.8222243894317105,-0.29884042465621213,0
1858,2439681.6550759664,651891.826171787,4119426.671243501,72390.1766224461,4.902715321097303,0.2755096862684162,157437.01647156905,0.4223193684635482,1.110191111123247,0.33246927373076957,1
1859,1677390.0791135645,441397.2975852812,3852452.8790912395,81643.22982013368,10.124846772842929,0.2593888237272433,144865.11572577202,0.43502345765470285,0.9989613476449777,0.8182347702550095,2
1860,4388897.906954658,1143863.5348261844,10630370.90091924,110930.01103505242,9.1445876599557,0.15828409414631794,215376.62717317956,0.3514395711521555,0.8091508462070842,0.9213499466367048,2
1861,1786816.0831724,1313340.2628000416,5723502.954009822,93694.04962863176,10.385584354344847,0.07097890386203459,138293.45694664886,0.3709798368848125,0.24724591333035936,0.8461981639879204,2
1862,1857096.9025437771,1005732.9762019345,4924942.822504416,85454.19705118496,6.932027070804067,0.38286467821492687,144172.16599082164,0.20670174682478967,1.3746364067656245,0.7203057922052204,1
1863,438712.04796309693,652105.4186247272,1264621.7253972967,95890.4434811836,0.5458838436891138,0.11126994965112724,184185.84490363003,0.23129949769275207,0.12154006909211393,0.15933395286852908,1
1864,344708.9765674134,200532.4185483039,1105168.6882530628,68470.68420519847,1.9040422159946768,0.22386004480085037,263000.4942867223,0.2844682949367694,0.4581841527221348,1.0269346717860837,2
1865,2232179.057234631,1320916.1544374747,6504717.928052115,89910.43357317927,7.459315049924751,0.19686426174272478,225281.70994038865,0.28339452868292264,0.2652516702881332,0.8307187228430504,2
1866,718443.2497806294,795695.889998267,1515794.9714797402,71955.08527571824,3.880500157870798,0.0,179253.6353480115,0.19399144420686082,0.4409500927459207,0.0010935796171846882,0
1867,438800.000085591,484055.34518911253,1577850.0959710705,144018.91577559768,2.098070154346874,0.212363368472462,207710.66563402707,0.5662775976608125,0.5777282647637336,0.7097480163604585,1
1868,3125244.0222044745,1627929.3793027082,4862660.296213066,68841.05824961646,1.8787431284587797,0.0,215078.3719994551,0.37200461594350553,0.2646136133933614,0.023034483587568263,0
1869,1563120.4817214143,531624.673996508,4884712.8624145,118368.09606992807,10.821353443509759,0.15796453378912922,218374.36622844136,0.4774764172496117,0.6974709465156157,1.3318888453237094,2
1870,3874766.0598739195,2400959.4011180867,4472944.056668545,159358.37840589375,20.639913723312205,0.043221295875570116,154243.35307689974,0.43119039821236876,0.7841152686730286,-0.287262630516424,0
1871,1096318.154866857,714291.5551505144,1822113.6028034457,90391.40147815441,13.601601831821014,0.18453362841144352,265475.1285993328,0.03856269157904543,0.4812118703603867,0.006353601619624488,0
1872,6298296.293075981,3808786.394109901,21033317.022832874,82472.02185757556,17.799690655305593,0.08442872532936335,230259.61894231586,0.2542602410059888,1.1241498869654931,1.0810472886998006,2
1873,494449.14430594846,374601.60462463077,1376203.0797374465,112920.99722599343,1.827604959919313,0.2627102755881065,186769.95517055955,0.242842844838003,0.0,0.5835704433037421,1
1874,12658101.432750188,6807339.356144935,24336393.155466244,82797.95141124305,10.184554556947097,0.20873265751105638,193136.5327853558,0.18356860296182786,1.1636378868639996,0.25023591396655964,1
1875,1095405.3762599784,627283.9557217578,3045618.852451125,106018.63911238874,5.702446138106772,0.05720706764946558,183263.3758036274,0.0,0.32604828789861784,0.767944339068685,2
1876,750840.3861331451,692427.7602487813,1810489.1567479442,97916.61433008258,1.7769323674671074,0.1914399427380381,202266.654954122,0.16622232446603755,0.21111756126217066,0.25443713372777627,1
1877,1011124.5598302223,1604736.2443515072,1862779.9870493643,74609.2940624341,9.455734847595851,0.1482818997793284,180955.9373536677,0.16789941571935563,0.7861841727303864,-0.28789024856692913,0
1878,540041.0544266957,357968.7500346582,1262781.8915762634,91635.65793394021,15.743961078591155,0.2441965842802257,163089.4736318707,0.14894855906013282,1.077836687387685,0.4062005618454331,1
1879,2390694.4766828823,1454026.2121856918,12512802.543151395,121795.3153998111,4.565163376384161,0.2283499479628452,228040.1243881217,0.2556348041926973,0.9649768980441553,2.2545413713352658,2
1880,2796372.3793616216,1544642.1003410032,6092609.369321208,105246.71675437449,4.007237146116472,0.0,380581.00845353474,0.1787710914008818,0.07250277163207906,0.4034989742164082,1
1881,1122956.9278878823,633953.8037327636,3620945.7624975154,103023.03545041557,2.987027257658066,0.0740611634988173,331956.7692840741,0.04211162791269008,0.4150819999766386,1.060973103145319,2
1882,1417029.5573751105,862259.8530128188,2514609.0414503813,97012.56317374116,10.675255379128352,0.18811839646922132,188142.7300688483,0.36061065497495937,1.465464539155788,0.10324254128939288,0
1883,1551170.0626444097,1437934.1718236133,5352772.552264224,68361.3351769953,5.4529985433940755,0.06599374257631276,192838.34175253284,0.11339979623226203,0.19394184663082772,0.7907614229508015,2
1884,1821416.2197037518,434860.04637547565,3803613.339140301,101363.7391892955,4.997273882028956,0.14184342166994088,167955.12139261796,0.2224235274952655,0.587583467101624,0.6857923811563686,1
1885,1011241.5397952555,965557.6608938334,2591303.351310692,87174.87932382182,6.363026524546134,0.06745000336030167,186847.20710971177,0.16038241020576297,0.6547154961123289,0.3108581541349237,1
1886,2034036.3951890822,681990.7810304746,5853557.3296880955,109521.69148766603,9.313530447086686,0.12773945903883308,162564.44865909344,0.042821524111595496,0.47863823766433267,1.1551910013785915,2
1887,2271066.0020780754,1351695.4047322727,11763540.079069704,104830.04853397523,10.85630126621996,0.2159723739825136,203530.81858670613,0.21195771953927037,1.7758643421549913,2.2471197404708154,2
1888,1403970.3033408755,1317878.0703995582,8920686.655412424,105664.28440771718,3.630476790537786,0.22552698411330874,214737.56864144365,0.03635433113118645,0.6447992458425356,2.2774370319362753,2
1889,3390245.5233949907,557808.4056073609,7103049.784144315,120391.96602308667,21.43917740374404,0.33189881569626906,132343.23225044506,0.3342757090332446,1.20164093274535,0.7991268386597776,2
1890,661403.5456923186,602169.1355839235,1799004.0365631813,83414.14737496547,8.626249081957374,0.022438635830965236,136838.35166956254,0.2446471485135039,0.21664416907353198,0.42374401031378667,1
1891,1020430.8966887356,349170.596018728,2489058.164226995,72474.86422387302,6.507936355849047,0.21947968539739954,185574.81350181808,0.12697488135497578,0.7001860628272365,0.8173594125591677,2
1892,433197.46446263016,761900.9102478503,1145170.4810600267,53087.56754494792,1.3668430649473042,0.14097573549042008,239500.3658340432,0.1316045879214511,0.24102567322201018,-0.041777224960705926,0
1893,148297.6056461395,285760.79718204506,386402.9203490013,67172.5784374332,0.7009196608392345,0.07634430510147601,205103.15508825242,0.29297896096982906,0.0,-0.10979048480267974,0
1894,1787897.5551134252,1287666.8575662486,8840711.505558956,81052.79301121886,7.292314486789785,0.23047931509002267,171493.6366579633,0.2874567401911866,0.04501463935178956,1.8745005206560548,2
1895,2366983.76129427,622239.0116498721,9539018.706958827,88589.58591138833,4.839921003293576,0.028707262465026494,173483.31728974535,0.23867814415586247,0.5448782899949478,2.1911367708348033,2
1896,14408264.007115133,5438243.795251164,34910008.49809547,108867.00816722013,23.574786016593848,0.2648260265259391,232619.0300332534,0.1021693547278232,2.374867879888549,0.7590000641792078,2
1897,3087143.4361378346,2245220.3933008527,10915274.638492256,131060.84092227659,11.07602451449109,0.17890793566775703,219494.36102600407,0.1237828622631549,0.7947803136090947,1.046986099904075,2
1898,5200067.062647874,1285451.7360918254,5152121.038855273,80978.50835335538,17.27119251923761,0.10901247113487844,171394.10472933447,0.2726558136753225,0.5950749497028125,-0.20559615988524133,0
1899,1896703.872948453,1744226.6129724826,2980557.747432089,143398.45787794937,4.170703565299646,0.1131274844494841,266669.443915547,0.4598058570470887,0.3091643215668033,-0.18137471754608697,0
1900,1940828.4504666883,808588.6152328972,3399381.724340146,94613.70714466751,3.234255537888525,0.04448553430702615,261908.58522374302,0.3082056149113831,0.0,0.2364008963024231,1
1901,9931906.150202839,3579211.6417839574,39222568.02793343,121796.03080052733,14.585455490824275,0.2903880604577256,257709.61258137267,0.08024455319673936,1.1289571807307808,1.9029846850417986,2
1902,1130727.4215647215,831012.9894902882,1380844.1336280492,76948.69561945401,5.914383845490682,0.026075226610592323,211703.62683598377,0.10967138036168698,0.3685077058323651,-0.29611271407441664,0
1903,817047.4046954006,655841.3082496643,1993719.3932676534,83185.61471373297,3.0359488387052576,0.2970684864476102,261521.43846081843,0.24932588558760752,0.5480515103991968,0.3536116990680029,1
1904,427174.35905464255,414659.07141339424,859519.842864045,76330.93187235674,5.20096839494833,0.0,254232.94781724436,0.2496606291527699,0.39152310976043075,0.021009396581191813,0
1905,905492.5070944772,423518.68758567993,1026746.0224358356,123216.39703664245,3.0027888702479224,0.08370175856246363,231112.6163226432,0.3250331547034947,0.0,-0.22743613707261914,0
1906,4929597.553757673,2882097.454239078,6968036.584756465,108499.91304279905,10.915144309383491,0.0,294887.69125524507,0.22107761519800892,0.6099192369084134,-0.1079994063230377,0
1907,566989.9580926817,1467975.6147322804,778565.5808985162,89176.77322962909,3.8095590783395403,0.10286329993374446,183925.99120001085,0.2710886241733059,0.26684519451109767,-0.6174060184135189,0
1908,1443586.2060847536,765006.2894495028,3809983.110582522,106333.34241138086,16.89744796907696,0.4328822593630437,140472.68174635555,0.18787900391309614,1.0210352952146171,0.7250729223640192,1
1909,2248938.968790003,569961.9161535437,5654670.609202424,96093.54360222745,2.3235356285948834,0.024261984828370966,367266.8254020758,0.0916568601954128,0.0,1.0059841902939657,2
1910,569834.0824581278,586247.7664044835,1375413.7788034757,97458.27220465799,1.6264299497336578,0.041781649125471436,317565.5273189379,0.2056374679722013,0.1670966959081786,0.1897200705613101,1
1911,2206495.2088077255,754188.1293201821,5932936.137885866,88548.60106617548,6.749137440407091,0.09578522257412804,231737.08252097506,0.053563143729403705,0.43967003680324407,1.0039076997803373,2
1912,709842.3461763789,641105.5261130249,2871195.544853154,89238.31305734045,4.669643842996929,0.2221051552819191,131256.9338972382,0.13395380677589389,0.6205371517898306,1.1253192693419325,2
1913,6820785.569760425,3319439.2192251207,17720545.74227064,105595.02017262141,19.32114683451471,0.015666896296067934,182657.58363257188,0.09794346192742995,0.8197743564652267,0.7475495968806278,1
1914,176254.3099046143,178799.81593380967,382505.67268633953,67518.28501830439,0.0,0.0649883682621333,243122.79954161428,0.33238298838237024,0.09850143007956885,0.07731651275165878,0
1915,2044383.9771946433,771276.6549943077,11815515.278949777,101202.30921087717,4.2641001760475845,0.15358743171923248,235211.7834149814,0.2886909381237261,0.521800096109063,3.1963563164798585,2
1916,425760.24967415043,269894.9175927047,540823.0219527226,90618.21641519612,1.456611061797716,0.2928485549545017,227657.48565423948,0.34068474835731594,0.0,-0.2225702511812703,0
1917,5533295.574526444,1790141.898021288,10065256.922775421,88542.71084757178,10.4797216351555,0.10402880658981374,252733.2424214193,0.2841972355545597,1.8219107789645124,0.37438968524078137,1
1918,7844959.8594668135,3683174.4463490355,18406332.947848525,122587.79797419056,12.56975973572939,0.016060005259247934,279877.37067102967,0.2303689810608832,1.1248087726875635,0.5966445618665875,1
1919,4603841.431362238,2803551.07721653,15607343.738987941,89174.0426865373,17.252745895273947,0.19997738372948365,143966.69537796167,0.12812836889250262,0.9396561905245235,1.1069956426519203,2
1920,2906375.235616503,1492155.7266247736,6692494.170326866,103929.0810882998,1.9950013482145645,0.08164418930692813,298357.47281787643,0.16858479240474664,0.45244285045825955,0.5215293987419606,1
1921,5260777.285062314,1241323.064773289,10484823.706089124,131014.78244840281,10.550225407918086,0.07658149910845272,233712.48626374404,0.20441216014104396,0.7855423522475771,0.6125287433243352,1
1922,231309.92906401903,285292.695737926,570787.1957184897,111185.53630894772,1.2991772113818776,0.06943460677431575,274316.65242314636,0.19699121836637984,0.036508426072905026,0.10488636393846801,0
1923,205534.8196775572,163144.51106966147,463236.00621371396,60835.77784499399,1.192376726576419,0.0268182989839045,171109.74404832695,0.12017907066166991,0.11224162064626295,0.25647403469799374,1
1924,3456675.829828115,1188994.7984417272,8329312.985555947,82779.08898833908,6.060226626962725,0.08329083643552111,148428.69394384653,0.214788700439866,0.29543286553970644,0.7929193978734521,2
1925,5138870.015828964,2125809.7230338086,14059098.674962906,90523.76781054852,29.214510972528323,0.15409389141481306,145413.7298567813,0.3219354752406278,1.6660642513202757,0.9352675107965246,2
1926,966246.1283502097,1049010.7530064303,1563687.80672835,89288.48097335351,9.508252217177898,0.19783082052224707,207833.83910775068,0.0818857227469772,0.7369031935717008,-0.22407519299688516,0
1927,1214039.7518194274,761070.8072749787,4608902.738341039,106642.78091842459,0.7362231249912836,0.23033783764909832,267417.01922935864,0.3048464608521555,0.198076008668419,1.3334910125001984,2
1928,4680008.351262849,2313946.1429293347,12500487.180016618,125561.58832665379,11.17383589237984,0.22483793340256666,176158.10914509484,0.31239649902416333,0.6555136650752194,0.7873274969685733,2
1929,1113355.2416824198,833359.5907691761,5297730.3087693965,91339.72811896709,10.558839580356658,0.3742942213767417,126702.78407906661,0.1651874598611007,0.6923968816571513,1.7213694684278427,2
1930,392730.2837318402,740854.1996804777,1329765.036553424,72661.14047259287,5.5682520957896475,0.034311130561105005,123355.4039652539,0.09033077918249349,0.0683180987597307,0.17306213697506084,1
1931,3288196.9929509806,1098862.556716735,4809516.405191599,124727.06740977713,7.638856932094221,0.16413389868389758,244085.2300875578,0.21096179096474788,1.4301228077349468,0.09629612972905303,0
1932,2281463.6313212784,699387.3690705855,7451776.027669875,116855.12686584028,10.24435110217644,0.06556639776896094,241184.91735529338,0.12881354351687946,1.7031845179008913,1.4998820896080556,2
1933,1028248.430671639,378793.52054389694,1107049.2143412426,72996.49411643988,4.563657951149985,0.11119229588275932,365643.28277978237,0.47679620207456275,0.4528209846468541,-0.2132080970401282,0
1934,3871278.2055060505,2380144.5461986396,14235713.51687401,83778.9324397509,4.9212547653193415,0.12459206346426169,205408.20406399897,0.15071636569155225,0.33665562389447967,1.2771957812310961,2
1935,1589563.8813567532,1091835.3532260174,5053761.883218835,98139.96284193809,3.547267775779229,0.1514424780967391,227832.00609351147,0.12500141948672577,0.7716454352335755,0.8847480144094273,2
1936,2468601.0042004082,606282.3252400248,4935418.588973248,102890.79500573366,1.180396380345929,0.0,386682.9012338858,0.16963153260745184,0.002721569194078039,0.605075074465149,1
1937,910972.8059005503,887303.8766631382,3168864.807540896,70772.72641234631,6.39072352056152,0.30061422427205486,189506.00478543455,0.16992440772728237,0.5425027752559162,0.7621675453319269,2
1938,2619847.8323936816,1302521.1895107257,5523188.90884545,106855.5394192466,8.099021893297602,0.037057890004850574,280161.93007446674,0.1990220888449496,0.67921808687914,0.40812577246079845,1
1939,4295806.188014505,1112297.5506453952,6703465.487209907,84171.11280411028,4.136083929399068,0.15413251832352684,297000.7764207474,0.1619775140707417,0.6055348196039829,0.23952235592118837,1
1940,2918571.123801306,1772013.3727028233,12247624.709885595,90892.47579284913,3.5516467326791696,0.38887875408750433,210692.12262464815,0.2594341264197452,0.9107127361434102,1.611108427747905,2
1941,1528932.5617900859,518518.40049448813,3225229.356800266,103000.13148907719,17.269520028078386,0.11000544351708456,193542.51142401982,0.04102885581195272,0.44594563217390604,0.5752413201640301,1
1942,391665.5861060737,375136.58834278595,792331.0834701115,76851.21008772956,0.47163026979471073,0.1878646174937714,304294.6250150333,0.2631970494347249,0.12376232636977144,0.03329269252477118,0
1943,976143.1713115853,866307.8765650245,2747221.8232186544,85621.97627605835,2.512761604571209,0.0,320063.66532081174,0.35877081535557465,0.4343331782334739,0.49106909862532067,1
1944,649239.1969877217,468970.74020379165,956311.6962227069,84421.60024523006,6.271061962669941,0.21273183913666693,247983.48038573077,0.03735622486959477,0.6529903199162905,-0.14478340388874444,0
1945,5305186.12705993,1058025.8961065975,9512729.631395746,73087.38606596067,9.858435330819777,0.11796705063653849,182001.13102359412,0.1748945010936055,0.8168138484161549,0.4949572003514543,1
1946,397958.8899379031,625007.998046409,1368422.5131062586,90199.58131339165,3.856465653347354,0.15249150822905383,214029.28953881786,0.04752779907387289,0.823549106537838,0.33769971362674667,1
1947,6232175.837424938,4039264.3813794944,11013585.037844526,109318.0255212866,9.769718085990679,0.20926851008012984,243978.14859133237,0.2319635049524512,0.4522389145614887,0.07225323841941975,0
1948,372832.37355577794,226885.96231858138,1103072.883413958,110695.94629038371,1.6536986395479798,0.12304538019934254,244969.9328606989,0.27104149696006113,0.0,0.8393182556370112,2
1949,2860233.804133952,2117647.7409894024,9817994.525666647,96821.2364507268,9.03900174738687,0.29947767624990485,190051.32592020096,0.18593141995777293,1.0844817235289024,0.9723238563772115,2
1950,3770780.3072228576,1825315.5899436115,9666498.287782287,96762.86281644834,6.475843100142523,0.0,215300.42267444142,0.1262677644138948,0.13550883538721112,0.7273646601869043,1
1951,3517314.2976874216,2207139.3434867957,7255513.935486013,119965.43956148339,18.0184311030824,0.33345368824756433,168905.9599724667,0.03555047060705218,1.7165287910598512,0.2674596372480605,1
1952,839149.1480335078,333371.9328722957,1977955.0824567457,88442.93701615633,2.917858304607393,0.13544977492764684,236111.67045609734,0.23686927195283455,0.03961784637945451,0.6869249642221555,1
1953,1500384.133553888,1356456.0248176649,2688221.2118335636,111158.64160465501,5.58286536697918,0.2054089280374776,301328.5533989562,0.13944208155915744,0.33033383170420083,-0.05902288444240606,0
1954,1924134.3297834457,1196325.189975388,5155881.153780593,88769.08340560092,6.771078409237964,0.0002444041835514759,166861.90173841827,0.16369300304477424,0.8646284004119258,0.6522826593754588,1
1955,866187.2437156737,846575.8948776448,7205251.486047644,121518.60569732817,6.0866370357868655,0.1672955729641427,155433.92779291092,0.30265244294260707,0.04999662494741352,3.2067997166060405,2
1956,1047195.9341262443,739066.9060273921,5215148.716626065,111815.94898518201,5.565027533668035,0.2340390508010834,248616.48833806018,0.14047604116044482,0.16225599380498432,1.9195864121416253,2
1957,281066.1553104408,220039.95407456523,531219.8975036135,74534.51739290761,2.787803443130366,0.09422619454760102,202388.61730378983,0.28194547180158686,0.010086258328513389,0.060094633760433135,0
1958,891008.6216794815,641068.9460852077,1926251.4528652253,73653.4414592837,7.691728583668164,0.31539307905472036,291236.8483994837,0.142649559081006,0.4520515675900138,0.25728063212598185,1
1959,746401.9200188029,258265.8790273587,793655.934173445,101297.1385096816,1.7643770133293546,0.04127902849862925,398806.51313286036,0.29304070840884416,0.0,-0.2100314801301014,0
1960,5960745.03194803,2444125.3256362583,8132410.6038447935,131599.04011802078,27.276033187262765,0.11884675733546912,156503.0885582039,0.12196776989449461,1.7383072791883936,-0.03241688951140523,0
1961,1516467.0260678104,1055050.9303413888,1837820.2838493513,109416.28397593554,6.287625134770736,0.003252052375591162,333391.02159040497,0.1752354057578393,0.3013877460457994,-0.2853169548091992,0
1962,963478.6684214601,326528.7799096436,2588751.0183891435,118973.31211281642,1.627348367983111,0.15327249870275456,258517.36046048327,0.16449181672500596,0.1745351735361461,1.0067721482835144,2
1963,398537.7277849387,150636.17200298113,734959.140753679,55676.29502067681,2.4408654430523544,0.008159135982741142,207943.00642463897,0.10000969190449412,0.38062414737187694,0.33829947314959025,1
1964,3591761.682812472,2244589.785619147,9647748.352106418,96945.6761172338,14.708851564714802,0.17046914645657685,144574.74903888765,0.07066840011621753,0.8060065044548039,0.6530444412558694,1
1965,3996126.444567403,3364824.149240504,8322887.167826224,95528.18966000309,18.756807057333756,0.10461501168192221,195813.8092928411,0.4543537859280442,0.6413231742564582,0.13068102573973345,0
1966,2424590.9701242745,1971088.7576230066,8609397.51431112,93976.30568639055,8.74097496968036,0.17804133595741628,165771.82226333796,0.2307636406345276,0.7635247186767042,0.9586043678216987,2
1967,2396425.4582615024,653879.4259370208,5393384.9243361335,142036.18765398805,11.70175253660623,0.0,185681.55312255592,0.22760709335375817,0.24804014630244275,0.7681461785264334,2
1968,2376597.9366519446,1200916.6170362104,4315759.621996439,97125.49014758886,8.593632735297739,0.3031713155410015,202039.56774047596,0.28554440273541865,0.8854036372009668,0.20635697136359865,1
1969,8302915.393982922,5318081.023103994,16989326.35105753,111204.79519515863,8.751629877186303,0.09904081564104814,331930.78577078163,0.08991882083305358,1.4597593480296402,0.24728953968045964,1
1970,787715.0988860135,743054.5347451854,2004435.9967442353,86977.2896498305,2.892767660550539,0.177661864340515,208995.57916132297,0.37802789302468187,0.10239080939911285,0.3094302060261241,1
1971,664850.3052832759,545684.1426728489,990447.413991797,105445.87021006442,5.713739266533761,0.15482655361883013,202560.00887757793,0.2918496166260409,0.028288538415967904,-0.18180980668160607,0
1972,1675111.889351465,1001688.7165034469,4023672.8490713816,104696.84416002707,4.8283372825870945,0.08194401759382303,177962.38432397318,0.12987180604679266,0.6384849267228248,0.5031649500790173,1
1973,3065821.0904568713,3238155.212385004,10908711.712103803,119497.00818111522,7.159530902535282,0.2982211852308827,228722.08764726444,0.3912705465269736,1.275918334958345,0.7304493526071919,1
1974,894211.5945764363,673565.15192616,3568162.2877747524,104891.05562563031,2.9334228589704407,0.3259857452750169,206732.52885805338,0.159497425960491,0.540712299054553,1.275937754361152,2
1975,343372.0743450497,308948.84175999387,1329369.553533252,87852.06438570966,5.198928532039438,0.09579113781901151,190308.06711512362,0.4172459232763689,0.5463126720774736,1.0379072948799681,2
1976,2374439.8974313065,1380927.932774349,7290640.993420641,96522.28293388289,7.207540252042065,0.0,234185.51526817956,0.26640659414734524,0.561335862868356,0.9413919815735821,2
1977,644263.9524238375,576388.3400669998,1247929.897931518,55353.559525716795,3.7562675629214484,0.0,206455.75740870007,0.35092347891188325,0.44663637321394245,0.02234674493996875,0
1978,3514019.7560911803,4001926.455986009,5816284.30060663,94336.44970559869,8.476903613627009,0.008789709775401307,188806.60971368256,0.08056956099499112,0.5169272361977268,-0.2261407763588588,0
1979,714175.1531845188,602283.1302600312,2634135.5109634753,76588.46327369679,2.415728377440342,0.14198943640406714,190182.22522046632,0.2588907972960129,0.15751001183772664,1.000925926852149,2
1980,1015373.9808050601,1434842.2061455988,2569111.0860806475,60911.65793557178,3.9027924656790454,0.08776713254229856,190298.303967572,0.16389636386487302,0.6262179703845934,0.04852424849823379,0
1981,132481.91714340058,150414.78344303204,317527.60106550116,68235.69375875569,0.02166588621537172,0.0,183579.85850104335,0.21291722290532403,0.0,0.12241535658521367,0
1982,6990336.077545747,2832850.003459878,13013545.26389717,94933.26391905053,7.355060718383353,0.0,313556.6802294027,0.13322830914303946,0.4396765720089037,0.3247784534042888,1
1983,2106462.6127654947,1190213.8867985632,4573344.188308131,100746.31682749417,6.2409633448965485,0.07482802103285051,260539.11778192758,0.293508026222803,0.5553526609562096,0.3872590134072589,1
1984,1578526.2105779373,833198.4991200577,3369776.2652177196,94612.48658927,5.964557923861375,0.2765870472639463,212159.41545179204,0.15284586295500857,1.3523608605721127,0.397247476740285,1
1985,3847512.769578,3140998.9956081854,12310170.056202622,68434.5991296947,6.992552481760411,0.18899901634228497,255759.37689031957,0.12257714606133215,0.34805396513814246,0.7614866326084893,2
1986,1016332.1739786518,300879.1787777889,2433986.2167732753,98764.70762535921,2.46658403568948,0.030850285845205477,192164.90067631152,0.2649082667241969,0.163403465342443,0.8478327048122035,2
1987,7617874.191966641,2423817.8674931778,29694541.377308115,131569.65577175957,10.02312594859542,0.0485792378554201,222417.3067905125,0.16411727221670325,1.1193711436697589,1.9571252734576983,2
1988,3262761.4357871655,1402528.7853618416,2631209.37723993,78986.84349817134,3.6856462888922614,0.1248519639931292,178339.07616694516,0.23396175503751435,0.4127117490293461,-0.43600306679486844,0
1989,2185397.823389662,1396539.472029415,4406505.012466142,88407.61644317413,6.6173383807396,0.18033043317661335,261192.48164406396,0.146711130716055,0.8904137036285202,0.23020160573486334,1
1990,2850433.3762045465,470647.84392037673,7458411.88912146,144793.85149811226,7.4200877366188465,0.1892787291847779,277523.8337310957,0.19842068396565446,0.3474233280335493,1.2457782254542122,2
1991,4642304.571199727,1006511.5199286938,9208482.038994795,75528.09267263672,20.83035114573431,0.16706793886115306,222136.05557045163,0.06863721080859737,0.5934221660322925,0.6301614162048753,1
1992,2260551.6192646325,1092895.0049853758,8220915.831225678,122015.45658652359,4.608187588014941,0.0330951438715518,235919.82481326873,0.3023736973958101,0.6524722240625875,1.451482534946943,2
1993,4217712.644535299,4083096.701676581,5872138.916931572,113439.81949966424,5.850949920638969,0.12250562813142919,209269.7686287871,0.3690807278088402,0.656667595820972,-0.292582364921879,0
1994,372858.2537993643,624830.4974000443,1287849.4584516948,134056.40836505525,0.8703174822655644,0.06924350410939933,367368.6680536812,0.29419322133428016,0.15643774563229035,0.29083289443071164,1
1995,13767393.698491491,3746848.697472645,22261668.524951167,97857.88093687143,10.074575992107643,0.16688319840481652,274480.8848265431,0.08136826677509573,1.7843712876586286,0.27106088985504695,1
1996,588334.5165940786,426215.6938050195,2701965.0802459377,117450.28568152786,3.094633826042963,0.5988833114733814,221194.79912762545,0.27270649081618464,0.5717363812345047,1.6632147453629265,2
1997,356546.388603876,403056.4007737435,1752787.3822033815,84794.41171405917,1.3539973019798284,0.25866380929901495,184033.4932920404,0.26030558207083754,0.34760719751556146,1.3075051944444909,2
1998,523035.17521643435,559770.7352239264,1268741.7674277783,96366.0833878987,5.179317025696794,0.0,273678.0132992947,0.20489542917536396,0.3809017437441352,0.17171669935916806,1
1999,699867.9445338645,353421.83987703524,1551227.2672484647,79788.93678214382,1.525868137168434,0.22870771255523498,248319.83007665497,0.29976929828382726,0.15389785220100144,0.4727450035187223,1
2000,265776.64413999807,462452.0510775299,714898.1805416318,102012.95729701921,1.8201419740429206,0.0048491362340392025,199389.30428846626,0.32417663107400335,0.18048955283523624,-0.01830539604308536,0
2001,4623674.35990729,1503814.4551277529,14333094.23830311,76577.90327911754,8.204146148014257,0.12887005065296564,237420.065700926,0.04411353184002878,1.4767843233924949,1.3391465363647732,2
2002,402294.73975236603,375693.45723690785,1214082.1582573566,77203.36408232884,3.305978654599919,0.023548619664397995,183842.4476285732,0.13874186540323208,0.5538216096121098,0.5605405878337447,1
2003,1030422.4375754873,935728.7350436347,2422820.9444813845,118551.31356469326,6.51330653788635,0.11415312597733086,193223.50125856916,0.21399106337945784,0.7060814992461908,0.23226584924999932,1
2004,5443407.174057556,3667781.571447169,7600471.902620668,66424.10246145782,14.293681595857205,0.2427336987950791,119532.86729061267,0.0,0.8046066607406384,-0.165808972361528,0
2005,1261905.916389422,1071187.0018186187,2524447.6690691467,89628.54108467445,9.61016861326676,0.3340773230001523,177389.8139102989,0.36305183128170104,1.0607754110827434,0.08201762963134714,0
2006,3567019.713251739,2461050.4782001437,6177205.687936804,113478.94570087374,14.01007253161746,0.17991731220670434,185802.08892747082,0.24088687444059398,0.5794319564123622,0.02474017251763312,0
2007,501457.2247761557,379160.777780943,1946089.4234026908,121670.51636294961,2.616228472351091,0.2447940357073268,227634.6107368152,0.5183813906139199,0.3561185261751141,1.209913285615016,2
2008,2657478.913236543,1130880.628614677,7589499.575178223,62434.956288305635,2.3775341465648747,0.01836026584281185,291073.8919259721,0.3037978234491527,0.2537627550654614,1.0033736215727658,2
2009,4647138.062536184,2425548.3187615485,9284379.60514103,77752.42042549605,10.019948199445512,0.18969805803476097,246013.20057361922,0.2323002776061621,1.0712127232312825,0.31270907610037224,1
2010,11521484.801789997,2108865.7267838777,9410527.514825495,89896.8856592975,31.79238491621539,0.15058089327550525,228220.74692354424,0.3305627442404394,1.2496895893179967,-0.3095902049549047,0
2011,2706112.907600313,973082.3904996451,7911143.80654675,136508.92346173822,4.99062332476884,0.30604727788042085,344382.8114942017,0.2082622124436947,0.36606388977838394,1.1502375290141,2
2012,763821.9442641648,590517.5083726019,1556078.531772245,75194.69000815344,2.5042662861783636,0.03702230673202398,331583.0603687677,0.3390282562651637,0.0,0.14895754439015416,0
2013,377946.08504648623,476452.9496642498,2208074.2787757833,77826.31593264712,5.980758724030061,0.2734274856365832,125789.85700363858,0.1378268145462812,0.49421535250725723,1.584359519464281,2
2014,1002615.8604568276,691736.9198092486,1485435.5464819248,114043.93204043765,6.027408070094113,0.09262340970523981,246664.8580389667,0.3751934763158735,0.08112036430391863,-0.12330208691919739,0
2015,4163953.364853035,3722879.3877545153,5050157.218979788,100674.75019410213,14.89621442209567,0.10129662832783287,166414.63619376242,0.21993527492474882,0.8442825791241728,-0.35967233268511983,0
2016,1241885.4121696202,925654.868457063,1499107.2266290863,88319.13412283052,4.455916164623516,0.006895254212722783,226072.75047417564,0.2474344284362149,0.0,-0.3083832212817462,0
2017,2190070.9829962845,1223831.273855902,3521269.269357162,94766.1160034064,2.4629264246145066,0.060777191932430835,395825.94460313476,0.2810242699032,0.0522155083449275,0.03144993746949695,0
2018,1660204.1395419494,1386037.7660531346,2259552.3261644742,66679.37277832048,2.2638806322447698,0.0,209705.01678532598,0.05919982303905124,0.16620125068305783,-0.2582492145438888,0
2019,2365584.0432679206,771732.7780944748,6487750.255276075,115621.4629357904,4.364966716792782,0.0,220899.93542534986,0.29220923976095886,0.24373108097165866,1.0679295795375672,2
2020,5500917.030318214,1594609.814961948,4921320.083117166,87462.18501769018,16.0591823740844,0.021883032490570643,170761.62714493123,0.20036025929273826,0.7966716718479465,-0.3064193554012477,0
2021,995930.4764774253,375462.6807511706,1797177.3399725407,136230.2197449574,5.080263689402846,0.046154753810793946,225874.542621543,0.546727148696198,0.5690680828911634,0.3104756506182356,1
2022,585101.8340280108,699251.8530750723,1570785.1625344292,101840.04088393308,1.2322520702028847,0.26682429484518655,338795.8218411706,0.28268962747322457,0.0,0.22301604169284944,1
2023,5036327.737136061,1356435.6099438886,10109166.574906796,106739.75600250458,6.854714609238526,0.02277635996998761,297912.3645555808,0.057577414289780464,1.3051225542736207,0.5813453472392974,1
2024,2233791.1599280583,1766462.0755865527,4760624.795264652,74862.3082487488,3.5214253448051362,0.13360520418342714,231259.18355449225,0.254819516223584,0.4675966466026957,0.1900808561316552,1
2025,422736.7528121875,242130.91732912348,516186.56049952185,106088.7201626244,0.4893370152236963,0.04013793494802911,334315.50751792896,0.4566320497509027,0.22751031460009044,-0.22362511567179735,0
2026,2033805.8030220054,808733.2864227616,2791039.537338757,83934.22096083708,3.215830341777515,0.20075016862608122,276449.3413591294,0.21957683295814737,0.3909163719266132,-0.018117447284100217,0
2027,743703.0434687211,561183.1916768737,538573.5496129171,77970.08233872586,4.711066157671455,0.12683829964576984,300231.3637200639,0.19668749344808098,0.0,-0.587263981252109,0
2028,572220.4990881056,1894993.4829418145,787946.1878788373,70692.84956264966,4.492993606995158,0.14654000260755579,179447.7455960137,0.2584904815840666,0.5848920899143775,-0.6806332188379751,0
2029,3076355.2187982197,473092.25562062394,8612517.098787548,119912.7622212419,4.885994667940347,0.2740002846920534,257976.911309253,0.5117849758585871,0.9079567056083617,1.4264388079718489,2
2030,279560.85115247435,252049.75122494856,899602.5932801687,69647.23065860907,3.1867935915000336,0.0,188319.4560554555,0.1776635203671994,0.026485492182687646,0.6922209400208423,1
2031,867772.5991061893,263203.9053013668,2082331.9494164903,102890.02428259529,3.1005581623036367,0.3709039745414017,372250.129290772,0.27071449580439905,0.8525944740952658,0.8411805561843092,2
2032,1378949.2633865809,1645327.6577658053,5132598.511820918,83654.1765210652,4.097275617499399,0.030471296260997396,169480.98521151466,0.16855300378395646,0.1275703983099358,0.697132453685877,1
2033,671319.6678978909,851954.2365197423,1071885.0715270666,90343.7756709803,3.1963955082256517,0.01317978581832699,191102.8996052685,0.4260722760103989,0.23307694873511142,-0.2963280809718447,0
2034,5246117.769249194,2717584.6373674734,8944051.381876701,68228.76735116227,2.3049322267669616,0.1568538527863877,152507.17694715498,0.1480127281324666,0.5722055903182921,0.1231021609302613,0
2035,3749772.812070215,1723955.9202390064,7145268.328149904,94308.97695004016,15.679491503434281,0.2357315888073392,163581.41863047067,0.24370868684612734,0.7479922925360769,0.3053749423083858,1
2036,2311490.925063492,899534.7278829718,4713839.814028802,78839.14385388904,2.8416920754106356,0.3154663862746811,211169.35733842207,0.12127403871592325,0.7445126163041667,0.46801686548450455,1
2037,1408039.0084449037,972854.8985080927,4234043.085181248,81159.59643655119,8.054228498845713,0.2072091820351392,198982.1738723108,0.3272215610311403,0.6213607933900429,0.7783417702134667,2
2038,242684.5301685835,448980.0081414539,744056.6786153673,90928.92934135611,1.1026734299809902,0.0,230168.33147342573,0.17238354788543211,0.0,0.0757479058176684,0
2039,2454059.61614582,1200468.9851091027,3715582.4698539237,97797.90305048708,8.412200878546704,0.028208503046800275,134157.7509338776,0.22764459222690972,1.0059719144871595,0.016706359495458904,0
2040,1373231.113304714,1168279.036515416,8983527.244588818,146619.23375430985,10.960707545953724,0.0,265999.88097330637,0.10366483554373453,0.7133114501481648,2.534720191939665,2
2041,929070.8105196136,1242862.8135071427,2446217.8731656685,80343.42091548633,9.160209308725529,0.24191348911643162,179895.25864519743,0.2414515860785794,0.76258448518323,0.12628574193275313,0
2042,1001706.7456952733,748657.0211371243,1307595.075635751,106360.34667987474,4.4126360893368615,0.08589484902807419,241735.52898167362,0.06177970728844334,0.3836786679143341,-0.2529580991029752,0
2043,1014772.83196945,298763.0760177522,1725346.213264657,109911.67715179392,4.421485715896708,0.07742050931657622,277667.1128754709,0.31642637710001975,0.5082228981798713,0.31351278847678615,1
2044,13062454.893515553,1922084.4405026324,18769235.06483589,113227.04602544314,18.973170873688986,0.21413375700546872,235937.30472875986,0.30287522937286065,0.7750076478955672,0.25257337889764936,1
2045,1495441.2037915129,1155856.6400234,8645653.971923482,106425.38087664588,9.278933455013284,0.16638785139545118,129303.8425285052,0.39833551614849055,0.2959370643164507,2.260913892451773,2
2046,4876937.124316108,2157071.3459196454,11488309.32466019,110679.99202760831,13.846857246313714,0.13786159171858278,136776.3417732267,0.42987866913607836,1.2105129305853328,0.6332521311671301,1
2047,1518466.0990488518,439499.2157285792,7049861.782497499,95039.7970827377,2.925934940781525,0.20044514800032595,175389.1850823607,0.18683814127555945,0.07100706649860773,2.600606062471991,2
2048,2095193.8522366635,1730452.9272329195,3754433.3528683865,100590.21669954227,11.093621613067757,0.1392572410018761,237728.8511421418,0.269845118220142,0.4310886857527442,-0.018614741691095227,0
2049,2057033.0571067203,873723.9955175765,5526780.30158494,91076.56362092974,9.430538802534121,0.10641545613164073,170781.0135880522,0.16312172817152287,1.014623725770277,0.8857858916132535,2
2050,1397679.2326247396,728845.9104547165,1920752.861244569,93211.41118150835,4.616287979950267,0.24808956095417373,197611.05550804595,0.21340481278216714,0.7489797743524418,-0.0967645656598749,0
2051,282411.45551916235,159155.18559132307,450065.198227494,67090.44225041462,1.5862819567506672,0.10313835739449122,340932.39979204745,0.21299595233047947,0.0,0.01924637489742383,0
2052,923969.6252291935,1192844.2424346912,2887743.498875954,109529.34182269969,8.282860048671353,0.21443471772303407,146347.88868966792,0.3388502011163471,0.5018514136957253,0.3641933960225173,1
2053,2019598.292521995,1313221.9213598673,3390842.504031116,89231.92987031637,6.202266752177887,0.17890672347380593,216223.28102252295,0.2711289232429532,0.5437919629621168,0.017409366970225205,0
2054,673987.7848511426,560972.9954131768,666451.1975685657,114698.37234806565,4.1232583010806545,0.2473438898693964,206605.5831213308,0.25484545987418716,0.5598578306020563,-0.4603462650644462,0
2055,2219686.454155895,1276671.324307716,5870424.645014876,84290.7952884616,11.930115409011606,0.00024157835987747263,198431.86050409655,0.15657633367928891,1.5245734940554074,0.6790114218787101,1
2056,3193763.089018284,478215.9257324316,7722086.297505351,90957.16195576063,3.726921271336403,0.21743114043357467,194810.50799986164,0.20373965566641816,0.6331026518300233,1.1029766963495544,2
2057,2436890.230582908,2392825.1337366067,2798404.5162207694,63402.61285678105,3.0665133026964586,0.0,167061.70940346658,0.28239338916621537,0.33780416637404476,-0.42058603765875296,0
2058,1375492.4093088913,483957.8681589564,1498686.7340962056,100201.41130695064,5.813386411921728,0.16850384401073948,225919.78559849103,0.290269065245264,0.6387596034064422,-0.19401623573549967,0
2059,673417.9602292055,250842.6354604545,2599173.571468004,77666.93282938434,0.83955073346038,0.14526973263752233,202178.60930113372,0.23680484545818617,0.3863056446432793,1.812165295793624,2
2060,1028577.2213609635,1122707.3878740433,2008929.297840552,89015.29266138484,0.9889141547622919,0.2703068930482563,258512.95841767243,0.18052472275343584,0.16291639803333458,-0.06617223531621705,0
2061,1999989.1800817722,937390.1087503817,3144320.9071113556,166922.68080398653,5.580162612396369,0.05971427442312602,243525.9485186387,0.2652182784697971,0.6203758173152305,0.07045110553682615,0
2062,2108122.560982766,526839.6187680768,4663190.414486061,92997.75176124019,4.470512171564425,0.09208581152577153,263558.631482408,0.15387358972055282,0.7362201905090033,0.7697371333530879,2
2063,1813169.8052415291,717191.0757733752,3362208.950648023,91341.29049171264,7.6736327624654965,0.11369106164331626,203242.57756456948,0.28140888566623273,0.9360267921160019,0.32874681073138934,1
2064,1197728.7613120824,528923.020372409,1233341.5505653638,111572.6678877189,11.23810793425427,0.10148897651320858,171710.87282934797,0.22958798955230683,0.755950192306563,-0.2857033690011675,0
2065,1039160.7765419323,666380.9945412403,1806544.4206266347,100974.53624883846,4.1575125807610736,0.18865161213427137,225162.21346709173,0.2940513223608249,0.5727750662958282,0.05922027314482984,0
2066,782872.6232077575,920154.3410261316,1563992.5091606902,80504.04816156716,0.8446852209006637,0.13494133464560829,297130.33068766183,0.2581357059353813,0.0,-0.08163960876317891,0
2067,1898798.8968634668,2180207.3990009436,5143919.367423065,94534.91966968056,2.564274095639574,0.21876208568680433,274716.56217745645,0.339964209947972,0.49918586625816286,0.2610716910729801,1
2068,7742740.517088196,2443507.1801214875,22461994.510334093,146152.1980578563,10.845180665441928,0.0,254309.18494119064,0.059028426163286705,0.888291826465881,1.205129423319158,2
2069,3349871.145483915,1471413.4475669686,5076295.81592166,102902.16273764115,3.776411964476014,0.15872471065886265,249070.69146835152,0.44004059164146514,0.3621045237074621,0.052892796089725476,0
2070,1009840.3575069169,364672.88640516327,1423170.3242943403,109784.99912464467,7.941907140614703,0.0008703677149624397,179323.64001572848,0.2828109204344053,0.42215461503651514,0.03539949913016086,0
2071,2434112.732055175,950930.1359642633,4580638.804974879,122449.94126262818,8.612515334384826,0.0369558509515109,253178.0867449237,0.23731600070881853,0.2502754393226135,0.3531996443090762,1
2072,2228914.351123966,488880.6190606709,6131638.100294442,100010.22399700886,8.93275016833578,0.28978302286699903,197627.23289516213,0.13854072168646248,0.8783371893363487,1.2561076783058,2
2073,3312774.8276916603,2443003.9052323494,4056268.0898749116,107192.00670712044,5.035176955924169,0.17608541263793107,222613.93563394324,0.19794008225190823,1.1005325996886395,-0.2952703225590684,0
2074,2397225.8104116884,1500617.2044069006,6773941.419166225,106315.56354363835,6.8478503526533645,0.09270522675701869,232933.60813237308,0.18747698761200216,0.8059773192612016,0.7378692249568428,1
2075,716434.0842240915,395198.78284720954,2043837.2312715393,78852.72739741545,5.7410815230824035,0.20299689668643303,155178.87515584604,0.16121910870652242,0.39716652596153956,0.8385901423157958,2
2076,3846065.5029246137,2181952.542220173,12035824.405675685,123191.82984901353,2.606205493340648,0.2365121196942039,300712.7591270331,0.34561337684897103,0.6162902727886752,0.9966470431139189,2
2077,1411325.2605901046,938733.1143503234,1525254.1801613471,73769.86809692124,5.984923546755037,0.0,231856.11965713365,0.34463958360782715,0.3585030159823176,-0.3509717901369105,0
2078,1638275.5473446185,921954.4941774119,4626616.893846966,70611.13518509403,5.690610860772384,0.24865517517899757,189424.16694149043,0.08882021801218017,0.9758510408792844,0.8071098373240283,2
2079,1017418.9888806627,522950.3466299633,3222572.679060596,78675.11758165328,1.6018909358673654,0.22644252850368948,353432.77568008547,0.3221924267842884,0.06601505168213873,1.0920779223330401,2
2080,1697369.8422979678,943646.4940937206,4535834.959213689,113954.61488326835,4.677503090363659,0.11787721747312623,212958.76589428706,0.030683328663738407,0.8497927691906102,0.7174581227357394,1
2081,2707862.646415767,3797609.447055577,12450684.492441932,87516.86164647408,11.226787018073091,0.1519222863592493,195257.8709494209,0.06971020424170661,0.8007807045541737,0.913878702967151,2
2082,1725653.18682716,491937.8913673858,1453221.6702967987,54625.421289727274,11.191924369824966,0.0,200953.64256098942,0.24851905736303287,0.8997092108097562,-0.3446845612853291,0
2083,2272017.61409226,1355619.690397523,6507182.006411457,77197.91280609944,0.7681175472735613,0.2311755192851093,215415.9925474291,0.17165287054684772,0.25087479256874423,0.7937796588313214,2
2084,565578.2943163984,678683.0474349037,689883.4583514524,90601.46250065428,4.726966236422131,0.10953466381917816,163131.8882435807,0.2352506133827045,0.05342957795618838,-0.4455477838920568,0
2085,1732669.9978249478,462925.7946669834,4842246.700741681,102352.3445465253,12.635592287208818,0.2268944440194053,306745.75635769445,0.11503063821310099,0.7756578991139116,1.2054363181512044,2
2086,2031869.6426229815,2042578.73594081,3478335.9962844793,72785.16062559707,3.980061951420746,0.1692550106028171,272039.3446991408,0.27670488097878354,0.1034314505783716,-0.14630505209380928,0
2087,1932298.4949183622,1924433.0433011632,3386496.9517084127,105241.02877805932,3.387596038237855,0.006459732816250241,227196.88309561787,0.2637538743368615,0.19104400558028942,-0.12192567251600776,0
2088,582432.7255105913,671150.9744658117,3151607.1958930236,100456.47631362846,1.6543448095162412,0.2832000875290245,153393.90807843668,0.24271481376600873,0.12904532780140368,1.5140779957112942,2
2089,5250300.196732926,1477648.359826971,28508376.647420116,122529.91874134484,9.98668302678174,0.3361944753883129,270140.35904667305,0.3906490435094672,0.8869399983234645,3.237305979342518,2
2090,2331127.698885981,852006.092531438,3098036.9789524665,82769.22795918609,2.7974349773020313,0.14568357746217214,267235.1077970674,0.2133362399232908,0.18705662157536113,-0.026733658727885162,0
2091,3344079.0898089907,1672734.6912185962,6486578.9752422245,81909.85799809442,10.711165482520546,0.24183881213231515,204552.9616100683,0.33802829318356026,0.7104964232384969,0.2929678593558614,1
2092,2693052.6732993824,1486199.6932757983,3324264.273524676,105581.46243266862,5.714193777768337,0.03699808916881469,199434.93957488684,0.3841530822333644,0.0,-0.20457919696080745,0
2093,1434311.3069610381,4530386.938347905,2820453.943269098,105948.87328766052,6.4342346283353455,0.1376915778001531,164816.77669635564,0.21148601986219806,0.5610540600913851,-0.5271422245899361,0
2094,6765105.963190004,1093109.1999676104,13433241.246075908,91671.01812434124,6.450541283949687,0.29335072873605866,252108.9450514274,0.3721967443217168,1.2141514133118387,0.7094519515139004,1
2095,5989890.900270641,762233.7205820578,9184613.947141206,145600.47147247806,7.0640221862649675,0.3646414242770932,256483.39164428908,0.22771001331970814,1.5217625195378108,0.3602553955796684,1
2096,428621.4235122591,529479.1206701306,842149.8318058148,112952.05055597895,1.4645963954238148,0.019654266438854213,208186.2834820632,0.0683817803194976,0.055799846040396416,-0.12102144506714936,0
2097,499363.2593239485,602801.0843539841,2107862.4999605045,102420.61270773178,4.421968997910394,0.2762709669027162,186092.01004652836,0.3236591994410356,0.0,0.9124756775623386,2
2098,483090.0045235682,269136.71083946043,1054676.377112172,95645.52648766473,3.7055458565612556,0.416869374755103,233148.3470909221,0.30739668922891206,0.44751833585386186,0.4020724810380864,1
2099,959993.4401820116,854834.8187654244,1643205.5678674772,72810.53239008893,7.582661421133144,0.3607717632922776,170323.5819947152,0.1592415199915385,1.4060334573457989,-0.09456690473813567,0
2100,747939.1296038472,601812.6209344071,2269631.2288449015,92676.52361358942,2.353412729864206,0.06881697642334403,188088.74589138984,0.2984330385949725,0.3954399166426208,0.6815175293825829,1
2101,805258.2493567802,366524.35256071185,2651709.1748129274,118660.21368611413,4.74047846322769,0.09347259624251104,168265.10972323833,0.3033835813085089,0.45006557443610085,1.2629702561496476,2
2102,648755.0908603079,617183.8561316521,1122574.979911604,106969.17323302687,5.204213423411588,0.25876941202109927,214032.94957559448,0.02196547603040046,0.0,-0.11324714151579586,0
2103,4060570.9926240775,1038044.917051806,3406057.4341830746,87926.67130758276,4.127876114270633,0.21233314672350173,295706.4129733266,0.0956141679355745,0.45495805647495297,-0.3319643027592568,0
2104,3923830.7904662197,1425837.0089202712,12354008.551995125,97297.44126053265,3.280974927896718,0.15653364830625816,254166.76838301332,0.2203359678184945,0.45226880026527694,1.3093038699359805,2
2105,679969.4950582923,212411.88878490246,682111.9848812796,64208.20328327899,1.7944101437218043,0.1909781840417144,191757.64066515153,0.18059407548453038,0.0,-0.23562728085648038,0
2106,4375503.25562713,1764399.1053981392,8061578.440440766,107756.32132979299,9.806339326736085,0.09997999465797505,216599.4060125431,0.28786361278997613,0.3383089045537214,0.3129815372332087,1
2107,2385731.695548803,1158088.336121222,6785092.696815122,73056.81573044915,7.606046682697773,0.13538720468511595,261230.77446573967,0.14153444590349384,0.5561461806380055,0.9146267689044151,2
2108,1549194.948455667,591966.7807279252,2117568.2465416244,80349.15021264834,1.904003819827797,0.04006571810662777,318363.82301450975,0.08338873363504005,0.12875320731719897,-0.011019010063739319,0
2109,2539722.6979658566,1233619.913753876,12881844.040975608,85829.87852276875,6.847904587451719,0.19271571519605135,157483.7091641042,0.05162378898535647,0.8501806373383987,2.413907870694148,2
2110,2357819.321874629,699689.8658103425,2684838.497527898,99029.45053101359,5.558710598804525,0.23426676999033594,190263.40057318375,0.11466405775303469,0.2965583438520093,-0.12188702217416574,0
2111,644618.9299866311,410209.85531843256,3266587.1699614306,78391.63639324815,1.1728224537792435,0.2335816974365869,213329.45844119342,0.19687363195759136,0.0,2.096793731332153,2
2112,778218.237869976,1560195.9414984607,1520422.5046698505,85259.21259889298,7.827205811438651,0.3279202007316343,160042.88704942007,0.21794416209615836,0.3861269211391676,-0.3498061557766944,0
2113,1434326.3766478302,802107.5219006443,3185054.136571245,114660.13228856916,5.751266531598148,0.19546479241970077,232211.60334808682,0.24357917292910453,0.32245040988767515,0.42416645474675496,1
2114,7517231.824795224,3845505.212025587,19287225.661794998,89698.04955752837,15.56860433896097,0.060843216582660495,143467.06531301627,0.33464486060104737,1.1397633529515088,0.697410192570239,1
2115,924910.7436051534,604959.7539784733,964938.4209716123,73290.25836665703,1.5667622728683308,0.08269754407183966,331350.90735260514,0.3136283001096116,0.0,-0.36926790699232614,0
2116,1639629.7430133477,838042.6746919381,2965225.3328791596,103141.42680444823,2.9948046801356614,0.2736970595661093,234569.2193269877,0.22695333552821184,0.4781362361096147,0.19677860224372373,1
2117,9598914.608839631,3499700.24173457,24490096.87657602,86965.49556074459,6.7843610710892905,0.2333130671229344,311414.49582089536,0.3342094467486811,0.6913772624612184,0.8696707366353668,2
2118,408236.6141094549,368335.0161815411,551149.7220653135,70109.44268573586,2.3378715132103656,0.0922274356484188,282082.6898016195,0.19482763037499162,0.3454971364055386,-0.2902783200323874,0
2119,2631108.459535324,764516.3295716762,6553743.387352939,89379.49955403175,11.66162710497158,0.013361522648677878,134586.8153187686,0.03464585872385632,0.8154425017779481,0.9300552311836777,2
2120,1198310.9026616055,851331.1783465759,3749923.1795529737,119018.40251079104,8.751061294243822,0.26453693412709567,180541.96100103276,0.1354494588970357,0.058341484286597946,0.8295502489431985,2
2121,2132288.439522074,804355.6165347422,5836436.014615086,81817.73801896907,7.07497319289814,0.059381633003698094,235471.75279723073,0.21009737569145287,0.5857777184837489,0.987450948499346,2
2122,11046827.512579102,4251160.343311083,21878532.99856206,128164.16384789377,14.658128705682804,0.15089623535332622,295947.31516617053,0.34736770521868693,1.3509574902604653,0.43015756089374646,1
2123,1418789.6526669248,713673.9536614681,3704060.1203441136,103441.13579947612,2.2121200192434984,0.12916134190707526,266372.1545751386,0.22903467002126027,0.1007261734885594,0.7369863238705606,1
2124,661508.1306630371,571385.0122855135,1240823.2382898852,98928.98077294634,7.462625959284802,0.0722028016333487,152374.8867916319,0.16138147583212437,0.3874657286036352,0.006432102722519167,0
2125,1059684.8024660111,347342.4337045709,3857486.1933417874,102757.19125544433,3.00079588943468,0.21043219790604384,150521.52108497664,0.2785818057005946,0.3655682550403822,1.741586014951968,2
2126,1952349.5588071067,433420.5749062155,3794532.0306824753,104969.89874252294,9.521980732329718,0.18238304811580927,193467.56360865926,0.06899635022550084,0.42032795974644854,0.5904851758607991,1
2127,6300724.886827563,2771258.6277800626,18264306.721427478,137519.96424640875,6.60958878408515,0.2692333178708241,228966.19934968988,0.29790214945542176,0.47215912249440467,1.0132649813591987,2
2128,563690.1268279684,628874.6833934373,503309.875644915,100793.98584922196,1.7611236736569071,0.07370064118379807,300655.44259317697,0.13736868057503626,0.27150473078521775,-0.5779601483029899,0
2129,8012135.234077951,1116342.0081627409,26930748.059718706,131732.81299769404,39.334388043180304,0.23684891268731245,194487.09615970307,0.13900495899948997,1.3157147218996474,1.9501906336689558,2
2130,2222156.590102607,1590161.0850360098,2501647.912469923,139584.72057404925,7.592645493543099,0.11062647228458825,244785.07509437678,0.19209561134742822,0.6720042631450391,-0.343798674285725,0
2131,2308199.2449087813,982672.0092990069,7618530.363108801,100371.18388416116,18.669764066217834,0.10057014631184673,162229.76230904783,0.29926782359278536,0.6604440522830819,1.3150496554271343,2
2132,1677836.4007561547,1840795.9323052454,2550065.423942617,58471.54234014908,5.720636826947972,0.18886582004337013,280082.75477289525,0.0,0.21287325088134024,-0.2752680068383494,0
2133,1404017.5096741267,1176109.0600963912,4837285.814550022,136196.87850408538,9.492883616017128,0.18543746885790766,114678.00815888144,0.24448736115493355,0.3446142465793282,0.8748250071236857,2
2134,9828329.247357056,1428439.8991658606,22229719.569178857,105763.61801373302,13.85864124357551,0.5705438216000478,270406.12474375934,0.3131240511451414,2.8046165887132597,0.9747868397963331,2
2135,870690.5142382082,1199957.0863877875,3597810.7808298734,101336.68291860889,8.455902030452147,0.13716736882521138,135178.6447231593,0.11196385926571284,0.4940698953230368,0.7375292540083537,1
2136,970123.0383730218,821401.7455217912,3197691.6662916085,103540.4777997988,2.576572923527643,0.020185534278364073,300316.8203052042,0.04616129153131781,0.10466289530843527,0.7848994862017811,2
2137,2795538.671645113,1511915.1477655298,7568152.401230779,94653.8095608804,17.07811274007994,0.29375651304877937,227892.0544845812,0.017298299826501874,1.2246154558956195,0.7569897945571645,2
2138,1158207.5185171573,1380424.3551036674,4281350.868829829,110364.49902008091,5.694647548769206,0.1617718514897921,117227.45230647741,0.39550169209440594,0.44510224860227815,0.6864796008108814,1
2139,1899024.5453833682,1487231.6365139305,5022963.348611317,112883.59535211223,12.090213789585636,0.11668771194039398,202189.24303935512,0.21900001897364027,0.845405391866282,0.4833382587719578,1
2140,3774493.206726674,983135.9264843103,7283401.202424347,107371.62216851869,9.317600758833493,0.1959353196403663,370733.4735606238,0.12420138799965955,1.3475007360821807,0.5308888100549964,1
2141,3597660.4519038354,864748.1958126813,5561615.045499848,115191.75689580414,12.848028150381856,0.13181614726559135,229354.23141614973,0.15650771725042933,1.2561444079492712,0.24632580396818038,1
2142,1378205.7550975087,1135945.312573273,5328018.66581691,89535.68446098546,3.3099832598691314,0.23414821928751076,193908.53005071977,0.1589429264701638,0.5176034090954023,1.1192118223639667,2
2143,324562.8588154105,340460.83725325076,627271.5659085796,126660.98654154109,3.582142255637172,0.18804116202082777,240932.35504947908,0.18081003453414016,0.6171807055616918,-0.056768097713293955,0
2144,4002787.282993685,1479773.8478013948,11320781.973820899,109531.72969154907,16.810670610594457,0.17265921569325773,222637.80835993798,0.04082486225847814,0.7065027371252661,1.0648710892128548,2
2145,2931490.6849811687,750723.9439545214,5613384.29517628,68614.91157097432,7.278273735981292,0.1319318463889651,219107.34196766658,0.11482204575440011,0.5869323932471877,0.5244587458495803,1
2146,1423245.5450371548,1470241.3890431956,2899840.3906676355,69312.56001654448,12.805855021737882,0.08358024003785679,126031.71880074992,0.14057818749082526,0.8698858963407645,0.0021957785647663953,0
2147,1831137.255881398,281352.80177771085,3268927.1547226687,71202.0760864048,1.4110044379000501,0.07724352652053526,185667.41690514574,0.2506112135037934,0.1983213293405123,0.5474284211993076,1
2148,909190.1995136135,1907754.487052017,1864987.4238679735,93610.7192726094,3.6568286697146926,0.06776668009420442,224544.1789255235,0.217651048218252,0.43054561548231135,-0.33793963624407064,0
2149,3995730.208736287,4635854.907190137,3488801.3762488165,119377.91385544457,12.916582701008322,0.045942010822282796,244592.21435779548,0.19621185612240724,0.4181405568391219,-0.595809885508571,0
2150,11584198.1803042,3977048.6120089563,24089214.883724526,122298.83902666312,17.983549870183726,0.17868711153915462,272630.504137897,0.20221186381209924,1.5264998474754403,0.548026016502994,1
2151,64153.737310544966,158758.10041468937,95188.95027483454,65303.61312920665,0.31333700870236836,0.049306124142432246,352317.3233729419,0.2796427869235495,0.1359810440439377,-0.5729748978510223,0
2152,5448514.502672508,907125.1708463405,12689297.01490455,116111.55872832739,8.750002895264794,0.0,307321.53793862235,0.11796230104899204,0.8791821431919227,0.9965412872248346,2
2153,349935.89190331334,1150746.0689905065,1759019.9347743336,54140.78941483704,1.1791738899337414,0.0719425514600523,237272.4050060328,0.1581363840689066,0.07037282084738858,0.17214705088255033,1
2154,946921.2876973315,745460.4002873647,1587041.893512548,68484.1528124854,3.4945487245870206,0.4001448334690357,204510.49675049557,0.06033299907526766,0.24561547195584935,-0.062243520607687376,0
2155,2427677.510700365,1526532.059188124,9324808.15238322,132196.3551735976,5.096375461499565,0.14585486573983295,233056.64239455227,0.3072420380781243,0.4535807333007679,1.3581977605314894,2
2156,1165360.2894778624,315323.236565982,4019926.258916881,90022.33459190735,7.84445696601901,0.15013203959430307,223247.16953305068,0.30969702114378794,1.218447045916009,1.7149125307401085,2
2157,53685259.62740468,16763959.911661102,73845129.20233524,78538.62098639453,22.516273415704877,0.19704152113239254,199762.48600654403,0.16732986212051013,2.0217729165953555,0.04820365201329657,0
2158,505360.7554862615,302202.9383996723,1374175.4618481358,83643.7408189418,2.1623399110565624,0.12528140257007753,220222.58422392712,0.21937199113596442,0.2792962142875629,0.7016310567847721,1
2159,1467163.1970478091,654607.9309720579,2311422.2497599856,88027.87182362718,1.0121900345465793,0.0,353542.2969150766,0.299037505233623,0.2006544713716647,0.08938340202466118,0
2160,1747948.3006324717,1137712.0909374356,2540316.035937438,104018.03276327957,8.781579428742496,0.09049541967155672,325544.81332559977,0.23001077586914503,0.8415492731831571,-0.11967602169726883,0
2161,1892765.8911589899,1020599.5826849509,6273902.347599559,120268.0266704891,11.504946352160836,0.4168515286177137,192666.64833840213,0.3054079413418385,1.2406942063469848,1.1534896338706428,2
2162,13453000.52411761,2927375.6458489294,16578948.97441168,123368.08407341034,29.627509914788767,0.1441123202634522,136819.8384720756,0.16982840501609645,1.4737755499418688,0.012122603436252202,0
2163,1158722.1301280647,1405693.9476500999,4448605.788040755,81068.0459513091,4.352427854361226,0.23742661485599115,240173.17257918278,0.07268310916884882,0.37692426753473873,0.7347441495902146,1
2164,2644110.743220428,1034241.9476768178,18072419.030966856,101448.29149921284,8.3851807410095,0.25640178324892454,166487.31997525692,0.1236819944011425,0.7910668082707468,3.9131827613187693,2
2165,1143583.00749051,515985.27345290716,1535487.7567964173,103158.6174313913,2.8367917476583804,0.043521612236972755,271877.90997544146,0.37437416593645995,0.0,-0.07476674841993454,0
2166,3500878.1943225665,1384033.6444732244,13786230.244541677,90419.02955777058,8.90746771789366,0.05191750317750251,294651.1323315181,0.12178454246060542,0.710177925575691,1.822206561652135,2
2167,1219373.1016063709,1326735.7416362718,2430432.1228407742,80950.27038179239,13.128513275083517,0.19270409785703527,151502.0524662357,0.06721171351656223,0.8278025538373714,-0.045432747586134636,0
2168,4260201.569763782,1720069.8113643953,2102809.0821423433,96092.55109668194,2.4090786608834946,0.21249741766333297,276649.43884990335,0.309649271351089,0.4473162632170209,-0.648375642487039,0
2169,519057.562621058,954970.0593811959,707068.5542042449,90252.81682897385,4.492655584872838,0.08968921128202152,208019.6825435073,0.24757392720149085,0.33216915514388273,-0.5203152616341109,0
2170,1525125.527283473,941427.97440547,1811344.0889238007,107645.31780609844,5.321657882162492,0.13021391022364584,279900.2090182655,0.2930403754319207,0.1321625841377676,-0.2656376244490522,0
2171,1558276.0778402723,780508.0807302509,1617955.372104184,100882.46743220842,6.229512324603143,0.32465153171860345,176529.1102025674,0.30922219605953355,0.7185475789364852,-0.30820663113560404,0
2172,3036595.096710041,1041360.47954423,9652052.366231535,126171.52167387502,7.051273160681449,0.1277297842413935,302297.7197377195,0.2525482130560645,0.429968420361288,1.3668851182281012,2
2173,2649351.94692796,1533146.0585742295,5434496.901562407,92948.03098376008,4.933012722778265,0.19420235100260227,207281.8398643804,0.29129836768753814,0.6066783785393484,0.299342377309727,1
2174,2028060.7787310185,1086119.2856685102,4111345.994150896,149109.6244676833,3.859056842501009,0.09482356955089623,199538.51710723303,0.3052641816663732,0.40172561097369813,0.3202017574868906,1
2175,11165048.500180217,5392965.70932175,26956545.676012244,94257.70773346991,10.084150766054167,0.0905726325925012,160210.02567676583,0.1908604146323136,1.20732972646059,0.6280059513744701,1
2176,2156307.545250449,622945.7735550426,6731314.963859585,113370.48196832671,8.478554174594656,0.0,327910.4608228724,0.13154927103800473,0.9373189751777269,1.4219868402469584,2
2177,2691136.0152735133,1065512.2154045813,12202233.215608291,110901.74456420043,8.481823607292522,0.29445373564977445,131590.78070233448,0.0,0.4820703119208814,2.248170301376801,2
2178,1217188.6886278277,1402657.0305065445,4375409.850104175,113406.32845592313,7.6683969203129365,0.106770407940044,203303.26098288206,0.11457520257417439,0.6334578929582053,0.6701021049246599,1
2179,3350903.8580747135,2507042.1410654588,6140565.041264674,81757.86169281011,3.793201531677572,0.0,283341.8085295998,0.2701128069830308,0.4781787217938596,0.048245416083723576,0
2180,1460266.3068940225,530317.746913046,2745823.446420123,106762.16218316679,9.183651733915244,0.12688914693577322,244913.69301971918,0.30588418672547446,0.1890112142855736,0.37940592921390576,1
2181,2029024.442984624,556474.4206170489,1817068.9893232144,85322.55379598252,3.959874982433371,0.3579762993232709,272244.48882223375,0.19492571244403464,0.48681518072145297,-0.29720758538954223,0
2182,3776394.0221798997,1157882.436061276,7474341.330196215,87297.77172285864,10.224856429541331,0.16506722092152445,253341.12159157483,0.2922712817839967,0.9618207114733992,0.5147796021263968,1
2183,1318448.5616150394,743659.3581444463,1589294.7925361586,80076.52166174533,21.579796187003378,0.19429301094085777,94586.30287794392,0.19063395600620034,0.7625273920832676,-0.2292863155670697,0
2184,344499.06955989404,335760.8645491988,551036.8063878398,89685.98616897549,0.1191077345537093,0.2602792496909285,311860.3109419089,0.3099937046782131,0.0,-0.18996139746270818,0
2185,2041887.5478105666,1252465.616772164,10571668.838993747,73517.15441717191,1.7629040484198875,0.1490098194244695,302025.96171375277,0.48813510097984397,0.2366543961549843,2.2090271779749444,2
2186,1544049.473508106,1031805.1919322034,2612151.4739832124,92347.56173302633,9.597116112220595,0.061694690823608046,174454.87522928507,0.06627553202243407,0.3707001399987042,0.014091170992637729,0
2187,13609473.914199961,3250705.6787078925,19927553.954638336,74890.5268904601,6.207167671547068,0.16380336641072113,307589.6406119784,0.23534506510775816,1.0865934255929623,0.18193011200312229,1
2188,344905.36295003816,543056.1651362268,880980.6855548294,105154.73525029804,1.4249169350739184,0.11280239443969356,360176.43146431213,0.3048982757550376,0.030670040645930218,-0.007861649756922077,0
2189,3115283.965893651,1287298.5864425066,3509335.8080256535,105416.22562920715,24.413550973774278,0.10258395822072529,236875.38631961533,0.2783831204632754,1.6088339671971905,-0.2028915377944514,0
2190,1259343.4895088063,449056.49587218906,2094361.7371283167,79183.69050265232,3.2029199037646325,0.42947367182150575,228629.6374192843,0.2981546321589056,1.029261983257959,0.22592001583355603,1
2191,3869084.371944383,392128.1629641507,23457197.37665736,95422.39563673292,13.409624797810404,0.2089646582976394,201273.57142565784,0.12924151047399215,1.135699517393379,4.50481751015521,2
2192,740200.8287919653,596246.3548950382,562732.3130919888,71854.45673576996,6.479049298157241,0.07582923797921394,241992.97790082498,0.249763729461836,0.36591672766146327,-0.5789341172918503,0
2193,4911516.526981043,2383525.535250815,12076426.30341205,107448.29731701662,20.099276232918374,0.008896159456092895,170131.62978013465,0.32874777768638114,1.6941497253898188,0.6554292902483099,1
2194,796465.263726573,515780.8862540789,3204471.203239688,70497.50453944033,8.499204383629959,0.0,177024.87852714557,0.3977962912914123,0.3168173597329459,1.4419741702324185,2
2195,1720237.9629020165,801364.240357157,3229183.913481993,106759.98003059783,5.27194736601945,0.0,148113.08591342624,0.07230881669828758,0.37155005625114107,0.2806079838081795,1
2196,2795005.2845972776,1166737.7088660784,3449750.6008038414,72296.82602096353,6.973086598897984,0.26010992989376003,178796.68736103605,0.021419380028118423,1.2165567474174677,-0.1292341258643663,0
2197,9448477.665626261,2291100.784288115,12515646.758305276,69058.22328977173,6.483102654181872,0.1521861496481934,307657.1681273931,0.00902955917760222,1.2301680580259382,0.06610699964244107,0
2198,2154327.0618359875,715947.7873651575,3292995.032028932,76995.42411887481,3.252186996469243,0.11527264589082671,303283.2156734033,0.2640622317163518,0.26551111686819623,0.14727515831643737,0
2199,1018228.321408511,620350.0016353795,2038463.3708494452,103601.24629669724,4.679378275716691,0.12275628871147937,216641.07907269662,0.31188649256543716,0.1589138510841642,0.2440439020715908,1
2200,1224382.200772206,617875.3563860388,1114897.564104385,80380.05474495505,4.799794420376166,0.002120648444251771,255294.69767571674,0.2376040826427822,0.3415159559333553,-0.39481992636026497,0
2201,4140819.417378541,717017.6962648404,9866698.737704031,83491.0210636443,14.605332729389243,0.16443888671271842,190330.17440050005,0.0029926541524676743,0.9178336475845765,1.031088837868423,2
2202,1674450.923420672,642541.5601281881,4656603.0616625445,62319.27868189685,3.53367638189434,0.0,138547.14300985224,0.21531252982818783,0.7357857648860271,1.0097618333790108,2
2203,557504.0932383807,954190.5113979375,2181096.625011515,89406.25344446192,5.818376187886454,0.036880779189053296,173544.69442611322,0.2534481819507588,0.654513707655733,0.4428156443253567,1
2204,761392.6257321116,359885.3656112369,1039162.5097994022,68414.20528057894,2.4148892497666563,0.08274349740301083,346876.4855633171,0.1968121910220424,0.22772695192530018,-0.07323382977094535,0
2205,3062613.995649014,1342249.1158820072,6669840.992093662,101115.44628123949,6.383587989307287,0.2976912587747429,327273.7313357188,0.1402152588592118,0.008830986206513129,0.5141993799156657,1
2206,3482690.5033896016,2238912.5639098883,3904757.6906240326,92847.90391405513,9.17647399748994,0.1587189441911848,203831.9067313046,0.28714757093037635,0.533091865339619,-0.31754131758269294,0
2207,1093952.824385539,539183.3274305991,2649209.7687269775,106726.27384581901,6.295103254042139,0.48511034573582934,227485.05601426953,0.2135513924485842,0.2550665626540153,0.6221609972817693,1
2208,1278727.9163327473,554071.285363986,3727152.0739156427,99339.88873290637,4.353858357489971,0.20478370455115763,181778.2800402981,0.443917948757103,0.7699384443031958,1.0335845140401587,2
2209,1454947.9397410045,1598521.346525773,5456107.092616261,87697.42152989483,7.0956591157359306,0.16386842374359273,113397.67742354945,0.3484788095026355,0.5258839025820841,0.7868550756857254,2
2210,5576587.77061558,1483357.1308629268,13990248.523315128,121180.65652192343,6.5067581425785495,0.17048092147048746,225088.35114500855,0.3571020362341562,1.1759645705168662,0.9816370692050677,2
2211,1372028.2137363239,1765437.1304589047,4613608.405801776,80527.4503863734,11.43349727850991,0.08696320527270056,162174.35127970856,0.03254716615784554,0.7607569882890786,0.4704890412057072,1
2212,898513.3696048596,375856.80130027386,1968882.8014070073,86292.10150466532,0.9000207457485894,0.18125665750140196,207327.42770846037,0.1955757215637587,0.2618026008067273,0.5449850022843752,1
2213,990430.4138716127,289294.1864167558,1951257.443070684,95682.81554281701,2.015398048026807,0.09766892311113227,205557.62561101036,0.20238526346296357,0.03447820117689891,0.5247479361035919,1
2214,5005037.1609950075,2903642.0293943025,4235013.872829153,87014.10852791974,13.100438338141123,0.1875268842593043,196112.89748394888,0.0,0.9024156600156263,-0.46451060020545837,0
2215,1792606.344447912,1359896.9051829588,6238806.380602752,81683.37641435131,3.669401903813295,0.18321808380939733,189211.40777260545,0.1626381535318448,0.22507145864789452,0.9790007770279885,2
2216,1221401.2215428774,867705.9847134628,3416683.6367840734,105477.49013830013,2.567549088577174,0.1116080116850818,186764.49187885167,0.27070562686930366,0.33507741988674405,0.6354754923787455,1
2217,905613.2889647803,838825.4939631701,2916334.177416012,94989.04139725959,5.193419854250911,0.05775664911134092,152677.34830447278,0.2526085319166645,0.46236554435525073,0.6717893490771261,1
2218,7567279.155096133,2122291.63512074,19117759.673719414,121062.24570154896,18.73634786596142,0.3091426863993289,181372.93701419118,0.2637305660393469,1.7773536548516975,0.9730244081628218,2
2219,1391262.8281726972,1232359.2528980207,2574959.10850907,89307.58133347315,17.15092310158946,0.2295491332026399,181007.78589070245,0.005529091194432704,0.7786674787731118,-0.018548011511546825,0
2220,4959532.345201799,1218178.8255687347,15982911.810693918,91583.23692288413,5.428498439752371,0.2604319130884062,199294.4601290526,0.1966435306581304,1.0895513918941186,1.5871898780758962,2
2221,1908299.3245699275,889564.2352127442,4035896.3054541443,131193.01259657316,8.043923841425004,0.31019708195473794,254198.68963387856,0.22571269904837238,1.1283586327102109,0.4424921799144625,1
2222,964745.8747873724,751510.1152215895,1578316.3802490958,95059.39493088119,2.09547478358782,0.14828954592658333,263191.3920171239,0.13549293865144071,0.24768443499256193,-0.08037239815206457,0
2223,805425.5302392462,444563.0499365737,1158897.8469321325,76769.08196670772,0.5534863207446676,0.0,220426.3740076593,0.3333293524043365,0.22037439235956177,-0.07287325235473331,0
2224,8176644.796827608,2387107.8932202384,9826362.128479293,125960.34270174132,15.1369652534595,0.012160306866929416,184986.72091634967,0.038612154025812695,0.9536021611282979,-0.06980384558446273,0
2225,2068474.0028585119,817211.6882375478,3706477.190361658,106728.19549644782,5.255942277707136,0.22127581279908912,260765.296327144,0.3243815326912585,0.13154508279945656,0.2844355162442658,1
2226,1827167.988809273,2366130.7442392684,4586186.323226559,116884.12045583734,11.911611900748971,0.053141449685158014,150785.83392234877,0.09493010292098804,0.7916088580025789,0.09369415708009599,0
2227,990230.790461093,1124808.7853239905,3153762.358584162,103782.24648923198,3.800022818220002,0.265356758502545,340745.1465651478,0.08821101836237122,0.7515808330251152,0.49111269344145186,1
2228,2134433.9262124244,2480700.1154710995,7111952.608670665,120124.05687485961,8.08866285406293,0.09732920375797753,142319.2496918666,0.0836492805816786,0.4109427346276157,0.541006727959811,1
2229,5558502.379166389,2229275.492131793,5832641.17325871,139473.04779580096,15.654432785740205,0.12893625331934255,194223.72214261044,0.081509150396352,1.1618844850177559,-0.25105193424238753,0
2230,687228.1423708244,1044923.6504364124,1739671.4082664836,75493.04443869267,4.413865218659585,0.17775284127396754,276352.63444685494,0.004501861368513179,0.9063585477289287,0.004341198900969309,0
2231,358203.08920131973,461828.2212705439,3587403.943184067,110536.79817415633,2.602797325612835,0.2765135986854992,201583.73932987612,0.24978378033943174,0.2741830042876119,3.374715815570259,2
2232,2353750.9427838204,1999231.6996313499,9964217.677170591,95896.93172866185,7.386514451991594,0.06353062567951596,229423.8745190092,0.1285353817257818,0.4755159597571376,1.2890552284954973,2
2233,2086760.5132059727,722105.0779602587,8937406.730247596,105574.89155037141,8.28629790732034,0.20115924301159338,158201.18378573257,0.20244824647031961,1.2021800600039425,2.1818563189194164,2
2234,3186288.67230732,1153700.0626256575,7805902.675128441,87879.14090623958,4.035591969982088,0.0,245055.5451268118,0.32291549718688795,0.32952446675904457,0.798599754948209,2
2235,2056374.9849560866,547425.4733689087,8471414.621141084,106297.74434461196,6.784676622682621,0.07969708646259491,176207.8587219841,0.16421202345673788,0.4249446272687753,2.2534807320030503,2
2236,4602446.236042686,1130958.6712677612,10983924.37627842,118490.85039318066,9.375040911195974,0.20697011942576296,269886.2772117424,0.1135527936089004,0.9444080730122957,0.9157768470657351,2
2237,2065418.8969898066,671748.977894364,5257152.748092484,97678.67511930237,10.638870016525193,0.04640753113412262,163192.93948365454,0.2003082539200719,0.8310170980204192,0.9206541171008563,2
2238,3370846.6741683497,1086077.560296821,5725276.546804664,89187.24578010761,5.4291887562951535,0.17563367544010539,271913.7379567713,0.16260844769900307,1.2339459071659689,0.28458018256881923,1
2239,3868358.896458255,610781.0335986371,10574111.546309344,102380.45616992604,5.813648811822234,0.13638312848603681,178145.10715056342,0.314907716084655,0.7155802661715291,1.3607459716434973,2
2240,279375.7774180253,391542.1025728504,267384.03947401815,46047.14349767882,0.7916268599114415,0.051639970359602966,231334.91634866205,0.11923682381582781,0.0,-0.6014653246718443,0
2241,1680036.5118919078,807384.3355166871,3837555.215423666,94163.66307611452,3.595514276220433,0.0002564718323717319,310124.76694939914,0.3237286899314568,0.5629532738301914,0.5427848566203207,1
2242,2579277.6273200526,861614.2672386372,5913236.501724793,85914.0404031417,4.790191655402399,0.3270681481224733,188800.7100808669,0.22542134351825607,0.8452184340678695,0.7185185361608674,1
2243,2017291.0661665564,977317.4634744783,5462286.067348255,124545.41892379364,4.955449313106085,0.015378643971935892,250879.07459150165,0.35440286788252595,0.3398675843142623,0.824040108508948,2
2244,1792888.2396759072,2579077.3689041454,5110419.847535996,119707.56789351278,4.861575853928377,0.06800884593439391,250042.79621806444,0.34410675825244497,0.19459656605587605,0.16890668982087018,1
2245,946273.9578560811,1375754.2529411092,3205553.4213831373,104423.00875196034,6.496323577769787,0.46140055868215024,217256.49440903554,0.1339193619715895,0.5205993310008645,0.3804971905499023,1
2246,2866522.814066247,1395586.311981091,6135605.47361099,71718.83757226224,7.083345285015559,0.0,156428.18170669768,0.2104766424301312,0.6046592482306052,0.43957024378236037,1
2247,3118121.19007041,1784096.7972972705,8105541.825528413,68719.14037123883,4.486098025131138,0.0193228379778234,282293.7180898799,0.26108528874446335,0.13815015668312872,0.6534437771668342,1
2248,3502158.333403469,1438182.870843184,3616406.610175688,96793.80742927978,5.790131751511976,0.07612998096773202,287324.27161193587,0.17939159794503357,0.6900259672305538,-0.2679844446640504,0
2249,614977.6164579135,449623.46223884716,1364060.929296972,79399.17513644579,2.4061122995628854,0.08355034887421711,179579.52605970824,0.36206006741941393,0.03699881104486415,0.2812883216000468,1
2250,748448.872935359,515203.88295131543,1397492.2692598035,106181.28969761166,10.02562867555002,0.00035234756819424305,164643.24886180196,0.10953481699693833,0.5767038202465706,0.10591478770543822,0
2251,5561190.850516086,4353486.83420279,18315817.40206304,123438.54491489183,15.992306000930657,0.16653013510015527,260105.90681951956,0.11210725326457174,1.2828004607175094,0.8473437044042818,2
2252,689831.2486506165,336801.9220290401,1516606.9179609811,106138.75303699348,2.5397130025667884,0.1768462234412085,275772.1311281089,0.3120953270041393,0.0,0.47726272759816424,1
2253,360136.45258125983,249317.44025022813,1138746.760843004,73346.94241658117,2.774987023810331,0.07899657677873573,116402.62822512975,0.17812165035766891,0.40817129568525695,0.8684707313172647,2
2254,167117.37188902425,240923.83763262018,902698.8945310722,80679.51680567095,3.2309757444701495,0.12087326240183217,106946.65279012336,0.28422735460783244,0.08558203049099611,1.2122738426085096,2
2255,1830563.9988807098,624093.622322799,2788467.1712186597,97278.49556026426,5.408412395214176,0.0,208318.54169305143,0.36622331205378117,0.5929401467445599,0.13599026892047192,0
2256,1545157.2339442212,418171.66257813456,2203665.5717050773,85212.45587800247,6.6589585450813225,0.04146224094693711,294303.11188163125,0.18791698676554366,0.07788190269625547,0.12241284463771195,0
2257,9393508.549225941,1914187.3001685345,23370830.21031892,89391.50704785717,22.12664414384881,0.20306890254737142,227789.44680470123,0.16533000168117679,2.783774925774083,1.0668074664893308,2
2258,3026863.074737645,2618105.9288370437,8844616.939844126,77733.40953707293,5.685596191311512,0.04415379631711377,263438.13398521696,0.0,0.42539985303643946,0.5668140842302682,1
2259,5320822.283203307,1326719.68864922,9138898.53482843,91563.16437597487,5.825609364124915,0.28517698379845124,250086.28112567955,0.24221093995056608,0.4923340810258303,0.37477861343711333,1
2260,3527040.031257928,823314.9437142244,13247761.354340412,108205.13193817851,17.29851351877414,0.23368830922074568,132499.39017848042,0.12475797633194424,1.0451266472056866,2.0452138803742597,2
2261,1328146.8233277448,847541.4970779406,1650247.3736521802,87542.43549933402,6.016545690108026,0.04641531439767677,168234.85042838473,0.27822423494385,0.5577391738568616,-0.2415056154070496,0
2262,3149113.061216296,827176.2494532906,8405469.842344116,97886.96913868835,3.2443048163109145,0.0,194895.00089223735,0.31950298923788645,0.169150116831544,1.1138979550078758,2
2263,1585672.502246205,2068044.0970671233,2563734.6506538247,85827.98172053901,2.1697210312922066,0.17754968220894857,210169.1583946673,0.15452218986305707,0.33066842737780466,-0.29832142669859846,0
2264,1225443.5567535863,500045.33637305,2037861.4669512117,95220.54954675192,3.8340083020509663,0.15097440474268067,253930.7126589879,0.4831292633737737,0.8040693974953241,0.18103424198723597,1
2265,808430.1844518402,2057572.953665951,1800221.4426500106,85973.07654923221,0.6074878583543157,0.0,230733.7462593157,0.3181514299497759,0.0,-0.37187038677414647,0
2266,5974548.6268010065,959726.0883186681,10371075.957612254,98892.00430323253,7.0612441781145225,0.08448455404626302,300737.63108811725,0.256558802663644,0.563324425199971,0.49562519278315975,1
2267,2906251.7691677483,844019.1771835136,8255649.529421176,74803.46124947492,5.545875101854486,0.2671098768127277,387794.61931406346,0.20952274822363887,0.4366412669416053,1.2013474886270061,2
2268,406571.2042764958,334633.4300896727,521335.23703529325,87324.41574678049,1.4670541751724624,0.2068785733832634,223222.08543240538,0.1685379956008558,0.3870249594345732,-0.29663791500560927,0
2269,3059037.252239942,2413620.3853430506,4372051.4750358295,83380.66116786475,11.089469842543732,0.0,182531.6371969361,0.17741261029098765,0.38309602970639056,-0.20110999726875806,0
2270,1290576.2272694898,704100.9285127652,1750643.6497945609,114513.78153953888,6.499691958161351,0.23545854676424385,142927.45740108858,0.42219577033981603,1.433729486304029,-0.12234235764934658,0
2271,3251728.303903663,869513.3944569795,7262869.149783911,111224.6449432913,7.185000465213609,0.164764090873345,275515.0415718601,0.15328977604146374,0.5205414144317753,0.7623011901177631,2
2272,1252855.7587525614,1384983.2743069245,3354509.6418315363,82114.07179435519,4.741357123649145,0.23475454650846006,119314.0305142764,0.08353412874663659,0.6930445593314845,0.2716885298117766,1
2273,3592358.358428192,790694.5607220004,12126290.471482448,93176.86523183991,13.570886838959073,0.23375250523778798,161747.11587655346,0.10514079936418629,0.7967593702353106,1.766631089143581,2
2274,498732.67050948314,611772.2812136161,1902780.2309028255,83436.40507816934,0.0,0.26452983600302216,320515.4212320012,0.28934505714320236,0.0,0.7134369621228646,1
2275,3490781.118105876,1192871.5529500747,15136341.123721464,132578.63197124086,16.801051885877154,0.1878948049102137,178769.12244020382,0.0540280565195664,1.2964385601444763,2.231738599503987,2
2276,1186794.119579026,353083.88060888945,2572531.1289055813,69704.22853725801,2.7065578342337213,0.21461402150498401,188213.4554651122,0.08795496217287282,0.43861468297651124,0.6706071056224249,1
2277,2179740.0204458153,569934.0410867018,4089592.2259402303,112386.8783103408,19.453757726027806,0.23343111007251072,222796.85059982244,0.28341636884157334,0.8546049622767917,0.48730072525792995,1
2278,701321.7422658153,608647.1485159094,2196049.6522530965,63005.7976674222,1.607644069702975,0.06958121267816363,278480.04443979554,0.16089354445676862,0.03593994518758517,0.6764135909690209,1
2279,812012.1989081537,807532.3232798617,2630832.7776479186,81187.27384199204,3.8840268254150825,0.09595307395145564,176872.89741908156,0.3679205264717171,0.7684290875833633,0.6244275730645837,1
2280,1087595.1692110233,424905.2532678919,5562076.337668999,96402.30889170921,7.558464185288074,0.2218407893268949,245099.5362458957,0.16752711283768543,0.6941796198282795,2.6774048158961996,2
2281,3779958.9188007084,1519637.120392171,9025916.260712301,94507.72530198432,9.176224498007088,0.07639227493205818,162567.84938291353,0.2915180636629774,0.7717778135259759,0.7031328791782656,1
2282,9669140.212358117,2615040.772763993,19715635.955032784,101630.5362280621,8.102695165855376,0.06956762119749049,187183.61796115126,0.16247031848882615,0.7175898144503141,0.6049613709624778,1
2283,2809462.5771823735,1510445.360394945,5979685.535762418,94739.8398979123,6.573991592797491,0.11567257251776754,245136.86164857034,0.2607138905721416,0.9864564639763156,0.3842159652865039,1
2284,1213484.7079695393,1812882.07657963,2347517.0609462135,101755.52581986657,8.689256229007501,0.1778880108365835,175903.63901603897,0.2626188581405307,0.8795674677861705,-0.22431178106657762,0
2285,1955728.0132008095,698039.0050776108,3656699.6915043164,59265.705781336575,5.100672406856941,0.37006171789684267,194308.64569536358,0.19260143104397262,1.169510603967011,0.37792792898471134,1
2286,1306083.114565038,1291861.954923482,1330804.0388738776,55182.00040166523,5.61775734568122,0.08127871731820893,203583.33442789825,0.1787116876410379,0.38212123632037875,-0.4877474298808463,0
2287,2843437.000753715,2068770.079648377,14091707.977929713,103276.97988893036,7.860517908083416,0.19837823215978026,163818.11058419244,0.2880106576146862,0.32120940339595333,1.8687121180518769,2
2288,1716580.7123668252,816141.2586684427,4603017.473716123,83428.82988567968,7.2768125020855035,0.20264329347676766,127769.9001103861,0.23198614143575855,0.7281976418646183,0.8174191744523015,2
2289,681270.5490314648,551673.6386276964,2172564.078937165,80121.82157675817,2.082501469427134,0.16995626314211926,186067.58517045627,0.2315085556933269,0.34330366981253235,0.7620944246162059,2
2290,94324.5097541689,62138.58473835339,169688.3198641876,82127.95450523442,0.3095421411147096,0.06711786103130184,311247.55161304295,0.39016097803600525,0.038842405191387534,0.08452616519288741,0
2291,278447.52492151945,302865.3554827308,469791.089349247,60663.56932208925,2.4163646249616204,0.0502335312072724,202671.71482667583,0.23402335581688982,0.0,-0.1918446929602695,0
2292,1226220.09808766,656015.1507140173,4245076.072081998,66732.00305525075,9.33229958302517,0.10636430722694545,262314.787853915,0.23058802525944028,0.3282778897208238,1.2553376761935682,2
2293,1157991.375278539,505622.8368265682,1476199.6035016025,72121.87933032284,1.1363715497808466,0.00034872663452701074,304139.4279045805,0.21049665768187775,0.0,-0.11265508988790958,0
2294,1198132.4938566047,1650922.6954620662,6003298.429221591,84790.19491794828,3.9572520955127777,0.1703872112553827,212333.06631555344,0.20650915867938155,0.15468890864362006,1.1071190378229325,2
2295,394313.7229515641,231656.86475009433,1813688.111014666,79922.24200768207,4.061897900845899,0.17366646839453528,271089.1920794398,0.052922835852843506,0.7084937613183411,1.897401486024901,2
2296,2203737.9256803254,1040076.5315019697,4836970.109906662,76524.31519952162,4.436954261356367,0.0,250183.10271260078,0.17370796709938624,0.23897211344197436,0.49113649185355834,1
2297,2103003.9100978584,987158.4911851857,7008331.844000795,90044.06192842677,5.803094073228977,0.1798853971237467,183455.6461042908,0.1384596598283736,0.07721211745471167,1.267949361202154,2
2298,1285230.780157133,671992.0464894921,2731914.236453555,100415.79041434402,7.664140565072376,0.30509447560661895,280089.34722754586,0.12040603630506623,1.2921081349423411,0.39581155464768136,1
2299,253511.81132295806,365838.78093538416,808016.6367484393,99707.7741993394,1.8232742076972053,0.1623750198401537,301787.25478922407,0.221387558836664,0.17007603854784958,0.30461913954447484,1
2300,1513967.4072993102,349773.70157291245,3110755.975108359,74069.5500529349,2.8686844592652787,0.2697127737408277,197307.02932812506,0.22707829473807303,0.2356335533228646,0.6690923220504179,1
2301,1035440.8046011702,873600.8070976485,1826356.3818963172,97649.99056770718,3.0641999078921645,0.08498271888088747,243126.62606523698,0.19857192430369747,0.12641361217104335,-0.04331242928168635,0
2302,1325613.5450243868,1770874.1365370443,4467557.131238741,80119.76612361475,9.344978494583572,0.07302898876496405,184463.70217194944,0.22694578583172792,0.12460860951137712,0.4427821424388603,1
2303,5369600.625846898,1512693.393008709,15989821.326932013,97072.71392380013,11.510677440301533,0.0,171861.30131697486,0.0008872668541997055,1.4958585996688072,1.3233272631370103,2
2304,1418018.473983365,774094.0276157955,4100381.8537337645,75923.98416979397,7.072304787875927,0.3688712720803096,197547.15175698977,0.20342179658640874,0.6931917116556419,0.870516157698343,2
2305,1961692.7768248771,471824.37391352194,1981151.808326298,75237.57279245697,8.405851632933683,0.28165302561116956,234254.35749039648,0.31436398139736926,0.9421160167756892,-0.1858895230201441,0
2306,2298116.719013112,1163746.6014620024,3433730.6459401916,91853.11831795708,4.244304463638109,0.24215790664913842,199598.11126797658,0.31091322656149123,0.6118582644284387,-0.008126454435255386,0
2307,592052.7997241287,518833.5868731641,619431.458429553,86347.01972272122,3.3077106632489004,0.0,213391.41199105314,0.3075712427120415,0.19878493139048467,-0.44239891144322485,0
2308,3288439.6707411758,435132.19182206417,4919767.531896752,91993.08162955393,2.1136627774311534,0.11143547566526374,320520.4649059836,0.24242656552971942,0.35762957354809977,0.32124951887193415,1
2309,2088994.1039639784,3201952.9585145856,8995143.441250686,119063.04863920668,9.735320573549924,0.28215837165612284,299221.12056012487,0.22347672770733992,0.7857468805339118,0.7001008203315641,1
2310,4676862.367398129,2508623.1908125817,13359347.258245815,93652.59927823392,3.9804273029425747,0.10855057980191703,284041.88799862325,0.29618330354952854,0.32023258327104204,0.8592128743450548,2
2311,3809724.703848288,2258392.828947323,6940037.106582197,87380.32182817132,4.298988942650367,0.05803208402457162,238079.37992486733,0.0660112179979091,0.35096667304188955,0.1436886429892351,0
2312,4123043.8033504025,1513155.237028158,10639287.910152791,112526.39102181571,9.225475480125306,0.1362115677200994,235607.13249103885,0.32951974617468327,0.7092723316289702,0.8876707216922903,2
2313,1959617.2361430635,702110.7918134216,2505525.54257875,102926.48240886295,4.500868209546977,0.2147005597999686,208687.02886323328,0.29453413810451157,0.4102909655329883,-0.05868461530897217,0
2314,400389.1445427179,544619.765436505,1100688.8890356615,86618.55208937147,2.5116275827211294,0.0,144460.53981957896,0.27752378976038733,0.21656687653795886,0.16473916532687663,1
2315,1949590.9551583393,1165187.1122347447,2552273.0301637705,106314.9446731789,4.686157297795995,0.14826616232566903,279573.9222546184,0.12233173999281968,0.6213014712005105,-0.1805923327629254,0
2316,1879108.4540946342,533901.4208990826,5384153.248195712,91087.7620083265,4.116230149179537,0.12420462503116378,228722.06230398384,0.16862375160784476,0.84325448151422,1.2313017878593358,2
2317,849632.7851000581,1342072.052898471,3176746.864592123,79794.0381841169,3.027380836971319,0.09127163261805998,232469.74194272078,0.2178279671345968,0.6890896967591769,0.4494410057027282,1
2318,301912.14721409004,460980.9894066945,1106825.992967551,81065.32074965633,5.1050652465783255,0.07832764525356165,147934.430007486,0.18246357157437865,0.22125073190663322,0.45082704226467196,1
2319,5216451.728286843,1090964.911969394,17507520.79321734,88359.39101760092,7.4431595102863355,0.0812888131994768,361861.82131424,0.01676566108021291,0.7107813533102325,1.7757038724028384,2
2320,737698.3182649398,333679.88632754184,3705450.8335381714,98889.8522755501,0.7626105370097085,0.38469325595693543,265019.8428585759,0.341931071873549,0.5117217727667696,2.4585833626768685,2
2321,257317.56002622575,288880.1075677882,236088.63897803007,85954.50878464438,1.6991573794115493,0.05356951502203189,170068.2123554289,0.28566420990315416,0.0,-0.5677597086454174,0
2322,356117.14057864895,289254.3130889328,236420.52654736035,112016.3732239668,6.894600520981731,0.03772815205637792,187363.78536737707,0.15749703398372747,0.9612031506594017,-0.6336675178243382,0
2323,226505.18484041502,490476.96412217064,317067.24151948484,49966.66528936921,2.669477046499515,0.08015726137199629,178020.856521463,0.23208057787599568,0.23920131093949373,-0.5577752640309733,0
2324,4333985.653374104,810882.1307693253,9907218.232937694,120634.28993349639,15.296385370685176,0.10832728449400017,261847.7333415787,0.173526658423945,1.7936499051082913,0.9256506966946576,2
2325,416023.0648850332,774458.3973768376,1472802.5028981569,86381.83418879719,3.842233173411355,0.0,185114.42040159207,0.2084326133182251,0.0,0.2371486239692356,1
2326,3844760.0127212754,932811.4902432021,5448279.987641246,86570.37101253524,4.447906013578488,0.05671035840767327,366059.68054158165,0.20595106703699226,0.35820980251439155,0.14038690666599007,0
2327,4529063.2616263805,3065448.592853212,13464737.876242701,70782.07350344182,4.1310421759251685,0.02128671892468619,226342.83110469012,0.2755058329090733,0.5388930297157912,0.7729563313935154,2
2328,1282597.7816857267,992289.8194074017,2634264.884435632,104854.07862791965,12.222843283454186,0.13350441815604108,186817.27874776573,0.2470481480525329,0.5635815130305328,0.15797584160633502,1
2329,230911.5229074026,434814.0739653268,327872.7747845882,99505.01900657517,2.6518265193149664,0.04551585784016114,341911.2828205835,0.16537004810989678,0.19797730541196118,-0.5074956163248302,0
2330,5200055.54461352,1421443.7976383143,10441160.680243414,71571.41856700632,13.186953660583262,0.0,247295.58189957376,0.09811955035648835,0.6312857884232148,0.5768574669513737,1
2331,898330.7577223788,461268.7172529278,6274693.770181205,86053.97433760727,3.0965174460643725,0.0,405323.86962841614,0.10616507901718387,0.19459159774644255,3.615104584602144,2
2332,1715957.3416589398,982789.8677978516,12211941.868303878,124863.14184737431,8.043756961364195,0.266589497604638,265862.56812640105,0.0,0.22283970994541247,3.5250410358967708,2
2333,640893.1054881387,767716.7006726745,1562360.9219289755,99062.3692212985,1.5982413662224668,0.014937192038674803,305925.835369605,0.10864715762447583,0.0,0.10915096224355646,0
2334,666462.9993009933,559186.6922162577,1067865.790820429,86944.65519286107,1.131144216770692,0.01587366187356376,242547.35555200724,0.3177478624744637,0.0,-0.12873490834195764,0
2335,2293145.615376923,1467469.1772659568,6790768.742244699,104845.41429242466,2.493916378023092,0.10454393743418444,367860.54860141047,0.12625558864274916,0.2653760996347875,0.8057602590751638,2
2336,10001248.655600324,2772993.356746626,22038728.10367492,85639.10420121306,5.963168390668793,0.10698193040503516,263875.1815537632,0.1921431787751079,0.5502217075903242,0.7252474223028949,1
2337,1377437.2603413095,1595130.8001105895,4469610.678575696,80197.68050758957,11.161796133997777,0.26875650302594706,171599.4153337673,0.09818009935226679,0.628449444189515,0.5036192906870609,1
2338,762799.0381128953,363814.45515988255,2215566.4516144693,85961.05376503174,6.460508455457406,0.04681681861753863,178109.4447011067,0.09202656864759357,0.15070567542521449,0.9665719120568281,2
2339,1431964.0175857625,1047152.9762698747,1467815.172518557,88439.21010826489,4.625720743912327,0.06970192991459376,140233.91602369794,0.2679389392934427,0.4170219438599174,-0.4079282356756617,0
2340,1030935.1887610608,702524.2612466181,3626660.033155119,82897.06171929791,9.9312549527085,0.05464998892305892,161206.57781317632,0.3979093290051155,1.2728915447431541,1.0921516411237964,2
2341,480022.8624247993,681562.6828851891,1571704.269798043,73388.77030787969,2.197994103100809,0.044033162553950796,204188.21760868496,0.31247217637561575,0.23124789800729406,0.35306803372678647,1
2342,3409521.5130887013,3850762.3673616336,11095933.115946753,94492.1012623814,7.156223423011243,0.09211383369766155,141280.8272089733,0.24265981477272203,0.2834191164465136,0.5283056831737142,1
2343,453452.0387034005,271449.41046268103,1429193.9164509042,89056.25236493093,5.160255347371923,0.007106569773559116,242547.4877278721,0.2932577641090334,0.1310278491265924,0.9715699535364878,2
2344,1102702.1594005444,460886.26469896367,3927916.5457449933,111414.3993477277,8.003248338556034,0.15942219028301474,244146.62894547934,0.2582495477958728,0.6488589399780265,1.5121166703489342,2
2345,3051060.654271772,2082330.513883515,5892375.034261762,87787.03948949164,8.41388205456337,0.03452990486796858,323928.6342475719,0.10222805355081444,0.4493598796520476,0.1478523341090369,0
2346,3711050.678303937,619549.7659634816,15638349.138374547,76401.25956944631,2.8415552002757423,0.16230123059760504,271752.72631417774,0.17279302928092188,1.1059375322303255,2.6111272188769177,2
2347,1538412.38995635,164485.18529798152,4277303.121740091,89061.53803384559,4.182004121075429,0.1695953581918776,330861.67676803266,0.3834147946358388,0.5579025611903798,1.511779442225858,2
2348,928062.0025782873,584871.0598304602,2243863.4803686743,76674.44290926358,3.489823913505078,0.04333668048214414,229637.3697544584,0.3782316256645385,0.0,0.48312145204640383,1
2349,1639440.0007810288,438133.91323621495,1454417.6250126085,83003.48959300503,5.878699679817214,0.02797931757749362,197140.5255752935,0.3707892277398048,0.5262783160041129,-0.2999442209012368,0
2350,2073074.8205059788,1403833.872378067,3725512.252715419,109476.69794255412,3.0107076653475993,0.17712546573938892,183263.10045747572,0.20882899645778222,0.48254471069691185,0.07150131964643579,0
2351,9580051.722578686,810242.7825190433,12420238.588015541,116885.91290950256,7.6834568735436,0.24721182828627108,195553.85054138312,0.45349672148609493,0.832565609060061,0.1953692536743664,1
2352,3365653.3577896673,2396674.382756905,9571586.689408973,92038.97354781463,3.8914514345756226,0.0,253715.2748154795,0.23998456650360034,0.35968384424413874,0.6610625289600555,1
2353,2112043.5344325495,1832670.511257299,6744741.5632034475,79576.3068404597,3.7167739241101243,0.0,265030.72623131546,0.09927479301916636,0.38542382745001214,0.7098176154423718,1
2354,6666893.966959546,2706024.403983755,14420854.506477844,115777.57851972035,16.345621331379306,0.21391953747724984,201261.73754523648,0.12435359099415073,1.3387820915886648,0.5385661045745899,1
2355,2721463.3970055333,1862574.9537556572,13043279.53854251,101034.14328921188,4.809583013765202,0.2671052505536888,175875.96943845585,0.06802316266383719,0.7852889460827088,1.8453687645036048,2
2356,717215.9795736484,618995.0455584719,1286726.9860103384,75001.18324054351,2.705973985770408,0.02961156183196082,284700.16135030554,0.1528496268899497,0.25059001658003366,-0.03703310195101041,0
2357,651548.5131224907,456157.5297869205,1333108.292325165,84487.10150067776,2.7306365704181847,0.1169911837281199,273670.41316579946,0.50318022803912,0.34767566385897497,0.20348561864276762,1
2358,1053286.0827748694,1166023.5975940472,1865649.1697485421,96111.09700780617,4.7202599840012205,0.08871846538953201,261731.8038826139,0.012859352409924795,0.027899857784069313,-0.15935608885443395,0
2359,607572.2534520231,1308757.3485560757,3060896.1427550456,96159.75987827522,4.872514096974002,0.20021083022075506,182729.4964591547,0.15945911472424895,0.14488111666490772,0.5972701875228402,1
2360,652531.1220189439,499529.03345703095,1046144.2748531947,94100.57264084907,3.6345217225511837,0.0679174570983229,184717.15365318183,0.047928699693447124,0.3978983734640605,-0.09193606785144029,0
2361,2856968.932644943,745012.6465225661,4411106.93553696,69396.18450684534,5.71084367649098,0.15526816923049722,405983.92235692963,0.16796585796771168,0.7344709520639316,0.22463339653071088,1
2362,967148.5865352735,554044.8735241998,6550805.062506645,118194.616669321,4.580563250970339,0.19023350182167872,202636.76263939537,0.2379812028226873,0.23142421641392497,3.3063589441480583,2
2363,4337095.073243845,1091392.70937852,12403333.884335214,94780.73138276068,5.721756164681516,0.08140302378219111,194909.5437112351,0.08162408791592089,0.3868264944291458,1.2848598690855813,2
2364,708210.4361801748,357635.08961495507,1808493.7687605494,92887.10338356878,8.44166426793075,0.2515713132106011,158280.81765593056,0.16178928080440313,0.5588010081944705,0.6967691142779792,1
2365,518591.9243256837,165453.35232932112,940342.2087016423,101882.16833041047,0.5708911943957835,0.11492316749995334,360782.2094762124,0.3914437844749871,0.0,0.3746783155932816,1
2366,486661.3693704924,412738.7665802698,3505962.4472477976,137293.2044296617,4.100705410454336,0.20019316341385907,179028.17198460683,0.12065992439379758,0.013360703090185218,2.8981119827623996,2
2367,6877085.167774872,2955788.668835717,15193565.308630222,106877.67135468467,4.65284863334174,0.15620918094493566,236120.5554273246,0.236996417914552,1.011685137749014,0.5451805404092802,1
2368,8066111.5892191995,2377288.568024346,11022035.704299564,104770.09117345266,30.39919610466678,0.09868591269182567,179260.84917052128,0.20759748033291403,1.5741885454694113,0.05540681562935953,0
2369,3487762.9432909153,1117609.2799477007,11920854.643444976,88131.1516462883,10.928320673767168,0.006545563097684645,212863.5872678862,0.1851823290120984,0.8686685490516726,1.5884671348154187,2
2370,3015486.9096706966,554315.4104471769,4420465.274683792,94448.69363477296,17.544109347896104,0.14722845100418855,228487.90554321618,0.14640372750197747,1.2295323411354633,0.23829413460010018,1
2371,3387971.397104957,1515695.108648253,5728304.511783035,95246.97297044726,15.779347706898648,0.05903401679799104,246662.9775008287,0.12706363024773168,0.782489622162341,0.1681676364129414,1
2372,527777.4121831829,979857.5237393318,1242720.4688089036,76497.44234422619,1.5734469737537196,0.162260427545732,197040.87170918824,0.19705063717882476,0.16085203920427757,-0.17571526156729125,0
2373,5980208.6921210075,5109172.587349463,26404457.98757522,108024.64403320753,33.96302473241318,0.002043771466729648,122378.22507286434,0.20851712336358155,0.9883894181316557,1.3810578175770023,2
2374,966299.7586648242,456473.5856590199,4876744.916945709,83089.2397932244,2.9101720363681958,0.1733173053299643,218885.87379962238,0.252043117996154,0.0,2.427633035438489,2
2375,1467874.3179171928,733054.1319595457,3258186.5772241815,103235.96421985913,5.9348997052204755,0.2774912707790937,234842.50111565742,0.27924087199657044,0.28965088847597364,0.480369149395408,1
2376,513661.17183818563,473481.2702390191,884675.5406172527,91526.06230014162,2.263648662330978,0.04031040711158389,215926.4793461134,0.3896352507954238,0.36184353616667914,-0.10380153571792038,0
2377,514290.2455947063,392163.59691501566,1425661.3868174485,90912.36675587908,1.069849768422681,0.06588598978345199,214391.40272343185,0.43121969862910614,0.09641081648156682,0.5727898321553619,1
2378,2160548.482228543,523340.08769219933,4276033.8582187025,71574.19968236606,5.340880234293986,0.12695297192699942,254822.19579430556,0.027823677205778666,0.4751048850096857,0.5932233201265049,1
2379,588168.1117457851,820889.5394914778,1524418.6292736544,77029.59950972756,0.8390617664911049,0.03734500989136429,215988.95590740506,0.23202397248952109,0.019892532758931346,0.0818710135352486,0
2380,1594113.5912207915,439613.84708961187,8685352.450355971,82132.07229469776,3.3545120481176562,0.324745163102358,181490.00059232523,0.1879786623614892,1.1272555702542748,3.2706570638451233,2
2381,2568416.7000139086,1193297.8996340225,3525068.8326353026,84700.67074662104,16.28835303534587,0.167738144219148,178921.53491273697,0.23424130418459796,1.1029441688249952,-0.06290901681769706,0
2382,538281.8458308979,378376.8695037576,855477.4396410269,95749.85917304514,2.508050149803739,0.024726299675208684,217539.2211197718,0.31784940701704595,0.5430904560400283,-0.0667437887952578,0
2383,2719129.6921397983,1174048.4709995883,2415259.5748223313,104585.95275906626,3.990788515999462,0.12746071959102803,197441.9241699908,0.31556785559493367,0.2728269900879513,-0.37961750692788465,0
2384,6300190.29788018,4069287.659145678,11089821.365957567,100711.21726426129,15.798728678511154,0.018028334178502088,194379.71612829284,0.18808863617711452,0.5952359892602936,0.06946766384161508,0
2385,624235.3514313245,243273.4346208697,1360439.7224303123,83067.67375092517,3.023794502427263,0.0,219948.90633223322,0.2061865482502135,0.5302200236786734,0.5682143446884474,1
2386,2298437.854243761,1242768.1461074818,7395015.503089086,119501.90660628858,3.072984669582276,0.2211334867007487,246299.24531360614,0.23867565852743727,0.0,1.08827600042347,2
2387,364858.7897947893,336075.143321381,1317781.6496524538,78894.70597600852,0.19160035342021312,0.05500521025831693,360683.83905016235,0.1919545436894658,0.0,0.8800368870628629,2
2388,2271375.9471824435,2153450.553796121,19608617.527349934,83572.33336582898,7.511965649944775,0.2449304533334894,184633.6022783429,0.23495597219772427,0.8110259628130585,3.4314997487502445,2
2389,856745.7957339389,574374.6021223434,915855.3567559848,106545.70875950243,1.5453456929889775,0.21052469407136823,357195.52284213237,0.28769804366729496,0.1725996056378752,-0.3600431115873467,0
2390,2407356.0939020603,1107785.1984854846,10080637.682154095,113169.57241727863,9.196940969247262,0.009137257779469377,171112.73670700332,0.21215656790466367,0.1665386678229063,1.867775956541181,2
2391,1394500.815722871,1242898.0231735809,4256728.254639424,107190.57223233947,7.381533260839808,0.1152461248145535,122694.03825132755,0.29737239054793735,0.7069492826284187,0.6139873089579947,1
2392,1517127.5058299263,1912348.67656115,4398815.603098502,83543.68171810791,3.5123784917683887,0.001362226521598427,148771.7734902209,0.4368570831717545,0.3851251198997609,0.2826494103340265,1
2393,1044439.4787281683,1550303.1874996154,4456436.670562396,110314.06041747135,3.290243106762051,0.0,237326.0131918616,0.3696455475171598,0.08662924132925248,0.7174869510436379,1
2394,9027520.159796488,3736866.031073854,18083793.08488775,92863.8870779569,7.987608200834293,0.48477505986023783,143878.11320966802,0.2203195969051339,1.3297789696103384,0.4167381662129658,1
2395,1260279.0340849676,483176.20264829404,5401943.042678834,64212.85519625127,2.233635446205875,0.14011624700745193,218409.31027368706,0.18089057742951328,0.15765108491760188,2.098412238446991,2
2396,3606321.521296276,524387.1826881511,8401444.790106127,95057.76666406634,10.352700747354133,0.06327489095406667,181776.10456587616,0.23226279124740304,0.5983040090701548,1.0338991180864934,2
2397,2049926.9349960987,769219.971968979,2224376.0549362106,93558.31996906955,2.429693668007569,0.1983542450673958,254571.18613039728,0.2038220928526156,0.19277471700451224,-0.21097547295581037,0
2398,1219989.7718996834,354058.75626315083,3455011.2682398595,85213.54360129796,5.216333548534045,0.19317804217296297,253314.1884876735,0.0016952814785359354,0.5056782321593647,1.1949839578786106,2
2399,2012564.2876659231,1949877.299740285,4165866.863904324,96601.44872208737,1.5510989040713836,0.037684028034032216,207349.6853331409,0.46636576998801793,0.05170053082602902,0.05133836600763045,0
2400,490662.6890607569,679759.1052836471,1352845.3345590327,76998.00829927051,2.638459295736125,0.09228403208553305,210169.20559546087,0.29749185170534,0.02145379554669718,0.15586136647157256,0
2401,1636979.3147501193,858534.6144282069,4219341.981782006,79756.61756049599,5.37173202199409,0.2959511204333432,311341.1800421421,0.18610044881394777,0.7993610038633012,0.6907707596612245,1
2402,8335433.1424163,706129.8998197815,32150390.23518453,134134.1128479003,17.95655987783451,0.07643030654048442,212022.65054902164,0.20168190484099427,0.7875415224242781,2.555844281016413,2
2403,2025751.4500407884,3793290.495087424,4304682.555102818,92858.02155431162,10.39058939209054,0.0,92034.8594419703,0.12220416445665933,0.3459573338901696,-0.260242047454777,0
2404,276669.9738287838,539439.3496719245,605663.8389588441,93486.75652830998,2.046040697526504,0.0,268984.1369200117,0.24530720778199844,0.18223984977867175,-0.2578643307726915,0
2405,11224345.404952448,3220631.775579197,31710312.73622161,101611.46585305866,16.237826879053387,0.06155254268920135,371809.2511431381,0.0,0.8053959772550991,1.1952483787208392,2
2406,1013894.4849907176,951267.9812347727,3192350.367443063,102428.75757616173,4.208963225553358,0.07572835265355743,171552.6363950234,0.265131895192934,0.404440691442246,0.6244714736357885,1
2407,630577.5582435603,661374.3943806794,2181484.8659583125,81931.51652895186,1.36038638421015,0.22884279173783348,180935.9919639177,0.27399555439268725,0.20754889442701288,0.6885185718611558,1
2408,319840.9560464403,329873.3444786124,768419.8283314318,107682.915838948,2.2590712522734617,0.3978296700922723,156294.3059218795,0.2156406685975676,0.19058352165065792,0.18270419430578919,1
2409,5769186.44433078,901569.2387378132,12275998.456026515,95914.67623822682,7.846904967355737,0.21100221318159093,261979.07879561465,0.17432195360452363,0.8173335418532874,0.8402710336378969,2
2410,1576247.125744975,918625.6651366382,3222276.752194125,93728.64038604977,6.200308370586487,0.218438634701817,187334.4467887607,0.22872543316261906,0.4411826204341092,0.2915595392162136,1
2411,1716723.2420158994,1286016.0779307936,7178570.363460059,93714.77978341261,5.066075500935942,0.31440797360397543,221773.8788629851,0.25002513457516534,0.996698684607062,1.3906738476343987,2
2412,8547777.212980002,3806624.0891943225,17236152.573784247,81046.10646708372,4.9336721370659395,0.0,176991.51771788648,0.2356959321463168,0.21465203821841053,0.3951426825313465,1
2413,1292019.456023611,954804.7592899436,4679509.353355628,115623.27087248459,3.099099478177261,0.16288208040248167,219199.40978849816,0.1766473312225181,0.793098542942706,1.0827216127820578,2
2414,2977476.8028427185,1190236.0682972863,6784142.130514849,91892.06403382578,10.262521170359973,0.5578329810186706,276214.0963370331,0.1731456643233015,1.1836972362755929,0.6277853921974154,1
2415,3005232.8480514954,935196.7492121445,9406737.828707956,162266.0782134799,17.88608081148537,0.1133227480163347,240514.87558433422,0.19005137801921707,1.300369442167681,1.3872366188804122,2
2416,1527311.1569234268,722325.7543074097,3232515.0590396947,93642.57164395353,11.523281942840228,0.3877111465925214,157289.72906106862,0.17943082704856006,1.025453064460069,0.43690523697493,1
2417,4038286.313987879,2040207.825479326,6810252.755736046,97571.59553315121,7.288318010182657,0.04783434591187086,194360.0553068514,0.23792505365574224,0.4410032381205708,0.12038485182005638,0
2418,1541532.3539077141,1020196.8011517981,1693726.5521522595,100708.52986893461,9.327810763381887,0.17785723368640377,215725.8252773055,0.07503677094317207,0.5658324130669998,-0.3388346504910227,0
2419,680353.8429369108,456072.55132600205,2001427.964486525,78827.36452358523,4.805015097315903,0.15149523188730382,233441.60231413977,0.19957123713551142,0.020228342749772053,0.7611593452866366,2
2420,1995454.5783162115,998918.2548630441,12755396.770551438,100283.6091370969,9.535083849748686,0.21086415838624223,131581.6699915228,0.2735137648542486,0.3683816553869821,3.2597891048218197,2
2421,2098811.8551106113,1929466.40742742,6044475.122171236,102910.52633820276,13.190360219584464,0.1227426082833029,222739.79817669472,0.24389190972961455,1.1880338256210896,0.5005108208098049,1
2422,1260080.6630026032,638811.3742566304,6377103.788161042,144793.44794725618,5.512189667046315,0.14360634276985823,257109.1904949727,0.16648392412078397,0.4606067140736286,2.358328784908402,2
2423,809734.9704126164,519377.04070982576,1729480.5099126985,111705.2204061492,2.962517934746731,0.1300190972232532,198064.25666795298,0.34904236482877615,0.16090481472979473,0.3012300659687389,1
2424,966636.2932621582,1029524.1019841655,1940710.121636751,107810.07770372594,4.046230603582851,0.10616726605569868,301786.13149390556,0.1232486589071862,0.4572615591586854,-0.02777846596977998,0
2425,910816.9081575437,367573.50415029645,1350276.4469918043,116321.82418579626,2.1657476728422957,0.23364887316891475,283153.44549505727,0.31224956973661244,0.4869210330332618,0.05623167538795152,0
2426,2473959.8313311753,581351.2529732265,4344913.661222688,82487.75254189267,3.8270675323489076,0.08956369551719975,250130.709577115,0.4146205390054385,0.3433682009400349,0.4220855229908244,1
2427,301960.6267829878,319413.9171004508,454595.0921177125,86462.78248528545,3.622306096985292,0.05821462881069321,180393.94916797057,0.17649019956355327,0.08996619195360478,-0.2684040622639534,0
2428,950200.2764369054,462952.47656559985,1864142.2850035813,87999.13374601881,7.5061044138802,0.0,222388.436478301,0.20844428343085805,0.4967258370543641,0.3191371428480503,1
2429,10763155.443662891,1328936.212759086,28464015.839473654,79337.40377080346,7.402702610916455,0.08293935995402008,197882.54381667564,0.15321941581801166,0.9159481744938893,1.3539364940520215,2
2430,1411371.6456320614,347511.36012497765,2730616.91554093,70766.29303207924,8.919779006594,0.010879596666595435,118188.68118143146,0.24168240457491735,0.6432599567541697,0.5524721693275148,1
2431,1390912.3851855008,979004.3521563757,2421710.877667645,85877.0482780634,2.3632007429762347,0.1282088400364584,241184.65838739942,0.22037854399193482,0.1939025521679451,0.021854835450405417,0
2432,1671839.9921273175,1256449.8968949937,4949946.767206422,131051.24068451181,3.712864449637447,0.2956588457270297,253686.94825363025,0.17411055332179315,0.5463658832652707,0.6903882316306791,1
2433,1197626.3528799056,381814.3608578465,3789728.0578561984,101192.15911713475,3.881941087995295,0.30674552648432973,270305.7828144038,0.3833974680033717,0.32844962081958967,1.3994114023360795,2
2434,2143400.5425857003,817485.081756259,3142251.376385232,116909.09787066183,5.980622583688299,0.2287136335167287,240923.2285479401,0.41163423136114613,0.3154747753417959,0.06125388652375939,0
2435,1570239.3376127852,1047046.8477418927,3346547.2074460727,124106.13994352552,11.056573949561898,0.16045937564656815,294224.19110818265,0.2846644694937234,0.9884493467999833,0.27863251109949594,1
2436,3305683.067788385,2180104.9593647807,10978411.102789335,100205.4369306543,19.083980460210782,0.20254898351852574,197568.7406754202,0.27449886030778986,0.8268244173021344,1.001245955631018,2
2437,7120236.17199889,1450914.6053810753,18900562.646711484,73248.42748909493,19.608196253129755,0.2522340195079507,124962.65118906673,0.17432031542595938,1.620612355755275,1.2051371090789538,2
2438,1387954.577837345,1326517.6397956077,3476487.949183373,104511.69935013533,2.4435380243160236,0.26133351362120827,176375.25037625156,0.16386343245892157,0.6575332862149867,0.2807233489443873,1
2439,4417751.998362207,4012088.342243234,11165734.84750669,65183.72903146717,5.579865362410454,0.05822278889856366,158850.33776088728,0.12566795631158745,0.24204452195139498,0.3245487929021386,1
2440,4117312.6440167725,899290.7354107843,15250630.87548794,93995.21051502622,14.598909582590814,0.17511191551790878,147018.42350836907,0.14385516853695204,1.0659878687928432,2.040031216744941,2
2441,2734366.4416052965,1040155.0517560949,7074779.871113041,71343.90903632023,9.563179681896782,0.0,147938.19412921873,0.10023066718185006,0.46748204960160517,0.8743514597959311,2
2442,2328929.817125992,2030979.908415137,4472642.340234619,96840.18337542201,11.141587433106151,0.03878036524773469,227307.1473484026,0.14840295597835323,0.8048994049795772,0.025856639653129076,0
2443,773789.8055250249,816735.5045457793,2620181.6339514954,114004.55675610864,12.260900827513757,0.17614581484870773,220303.8428306647,0.17459287534992304,0.775965490475367,0.6473687135697668,1
2444,2813582.307111276,1433598.4937327802,18470236.424946778,118396.16358395803,5.0561838363546565,0.0,244968.9483430535,0.19292064358217959,0.579026135785826,3.3488227346658106,2
2445,1230373.9730818036,399943.1945389872,2728571.860329448,90817.29714093264,8.448364885106605,0.06877074087405631,167991.4290074123,0.19688904575617247,1.1887903933913848,0.6736448063731052,1
2446,4305645.600767695,1096270.602480049,9592725.529067736,87471.46370944998,5.353104603717054,0.2558531117923579,320121.32817681454,0.14214679626187066,0.41527602120556034,0.7758005063648321,2
2447,189266.8503421968,272400.54662244144,550650.5955679932,64832.90427019577,0.6952488521033133,0.03700863281369803,244079.46920220414,0.2802701322376663,0.0,0.19274308558152464,1
2448,2410637.3374337247,929419.9749806898,2921449.4917289517,99600.9642416692,7.169551182507387,0.19814700800369633,255174.6811737739,0.11772424748971953,1.5169458124682,-0.125329532259692,0
2449,641434.8149270656,232768.21905344038,1849961.9863850458,81825.82299714064,0.6970131467755205,0.015679559574308055,453793.31184054795,0.05234080340606342,0.0,1.1161697162747417,2
2450,374551.33193533745,586998.7033224916,1356795.644536006,104977.71208205166,6.970380445506306,0.1336030166840681,163967.92088654006,0.32153954179992156,0.26466737873887053,0.4110504859710146,1
2451,2783450.2800628426,2068059.326666126,2344745.1224356643,100325.82103841745,5.799681672383477,0.19378066291518775,278561.79256036173,0.2637807543932892,0.7303329887757963,-0.5166978296438827,0
2452,1748458.2326337288,953148.3033130851,1517415.3802393796,78338.59701102147,7.052322568741021,0.17869198173461515,208737.97815792286,0.12956422348654112,0.6214140492979103,-0.43832850563208264,0
2453,1264841.6476616317,1174195.7524919852,1578860.8867393266,100131.07933359923,10.338303258021037,0.14765602803979225,203924.0828407544,0.16198963058423635,0.693394926192636,-0.3526704893332567,0
2454,2795174.6829918013,1821127.351188349,5567310.930605336,101091.98068965427,9.565849477866669,0.0,172784.41402741833,0.3365339634052619,0.261725697410638,0.20601097791775744,1
2455,1216981.460497718,892611.7330230293,3136134.4718737924,127450.26294699463,9.85162104428589,0.037762129809973545,186503.3764871984,0.11542093635477951,0.8974569566612427,0.4866062715341945,1
2456,676131.8049247116,372910.6064846918,3186139.3594646594,111670.11066903824,4.390467781979521,0.1963505030905956,222358.77201167002,0.2821822764505934,0.5401273239693087,2.0371883203311447,2
2457,2948949.527381612,1960331.3106945667,6011917.491497237,112686.94176289027,12.934842873719933,0.17711098945339543,160864.51129093135,0.06289384483898985,0.9166242215166649,0.2246024804425638,1
2458,2698104.465268225,513005.79043760727,7251472.92817303,110034.8416700699,4.344142687565808,0.07741311456669757,233455.8137199879,0.2899205359372892,0.5025908137935289,1.2582447660549383,2
2459,1978716.862017106,610051.2289840678,9094760.158312682,109643.43915310023,7.641915462345326,0.5537320399681736,234097.0407834334,0.31965142689707143,1.092292213689268,2.5131614106056896,2
2460,368623.6264413479,548294.4897318481,1653529.8545062607,103858.77158431079,3.0668186541471565,0.2436560763951014,90585.0987702077,0.3190562349422183,0.25525784201729,0.8033560743759224,2
2461,1802741.4683967403,1621144.1222415946,4143400.806892178,123243.95876203584,6.339316726372317,0.14288831853847148,224633.62405326427,0.27232439629234334,0.4913438368193382,0.21014581159521156,1
2462,1041902.0822914044,1245961.5826423222,2989911.251810978,85543.04436384139,4.721598102840868,0.039633047751954704,166583.0873807369,0.034341617686346686,0.4175088309091963,0.30685726498374544,1
2463,1258655.2036036542,653131.4327311552,1480475.7587935694,99594.07930242115,2.1935764863406626,0.24455083610302597,274028.0686058623,0.18251227277471616,0.46798976943691517,-0.22560617871465494,0
2464,671670.3648938189,277572.92805992346,1254319.1165517345,93729.71077759002,3.048475357707056,0.21868956954199376,200313.91716369515,0.360027059439436,0.6420315806922485,0.3213884426285421,1
2465,2960028.472889388,1226262.6861036345,4261434.211809708,146760.47550215994,13.721316363070851,0.13310935919272213,184086.45664369848,0.08166252628787098,0.9936652997304174,0.017949791345798397,0
2466,990589.4795804579,1527592.727115955,1745595.0079141622,67890.73014382807,3.34225378890852,0.2019225507550327,224543.02200045926,0.1930646402092624,0.8504038561571567,-0.30680353340904704,0
2467,1679928.2247704018,1520425.9687073957,10691444.79312232,99305.40601403313,5.222337864592339,0.3269784863523984,165835.67893602722,0.29024215248313673,0.8240577108364664,2.340706730183517,2
2468,2839791.140737204,1922553.0832986291,3548214.1617187997,100274.11316010593,5.040343158693392,0.1886770054591468,241602.51226293645,0.33875213226813966,0.8079509082019769,-0.25494378507736737,0
2469,1550843.3515671361,487381.8515688182,3985725.405175706,85461.43634590323,5.79906954607297,0.0,253242.80432570598,0.1390188142410618,0.698534203448478,0.955488235079904,2
2470,1308231.6859353723,781131.548155903,3641485.049811193,105322.66154214264,18.535894394963115,0.011232196517271842,118743.36921266488,0.24546652081795275,0.7180582946157141,0.7428683487842555,1
2471,1594570.3889157227,1190754.5778058562,2524600.480010083,127305.76968357475,5.410993485640387,0.2198150893486634,256450.51039887514,0.2573161635577429,0.5008990793703993,-0.09360648751099858,0
2472,978204.7224673114,1218160.386131522,2658370.7126307907,83663.66367467844,2.7744581488427515,0.3635634921732547,219879.90391322132,0.17208030105845842,0.5130012139663065,0.21035009262494284,1
2473,922077.2008146202,748777.4938367667,1868624.7719459988,85205.35536764235,5.460889745163122,0.0,136506.0927719416,0.337112501294149,0.2708711415035144,0.11836461777777468,0
2474,1351907.8934363455,2436513.979372711,4916921.793032106,113791.4191705856,6.067465283832261,0.18936078320383024,226520.11305744122,0.21054390200557896,0.22559271943668086,0.2978812703840411,1
2475,886290.1542032281,1002802.5222213303,1360027.144228683,87556.97941696778,5.777288877793174,0.2234906043401027,207267.63409353743,0.21771499864628943,1.0240628686128388,-0.28006330171012317,0
2476,4218449.601331685,2341659.021319113,15750731.763996273,80639.76539017608,14.694203965916591,0.3409467393674504,123975.63707616736,0.15510009320893517,0.6261992162370693,1.4009864272082346,2
2477,583951.6782063881,415935.6992473862,1466873.4390680469,89527.85413427811,3.199386130317685,0.5205577266866579,196329.55272111893,0.2022231011927811,0.08265305902258574,0.4670386606974261,1
2478,2587370.176315908,903648.0189713892,5396746.977292875,116838.5137008335,10.192995055204504,0.21591028201874957,181353.9631406791,0.19417055306609,0.694162225134445,0.5458948293590157,1
2479,1143526.5179690502,506575.5531513562,1824961.4821019894,92386.94556245505,3.0792354579629713,0.05901813534347089,209890.26597292107,0.20916780027640178,0.05613859020424278,0.10596884522595305,0
2480,2889276.0684632296,549367.0640503552,4623782.072008756,112283.94114127399,4.278499616517603,0.23256156098836492,302451.6765692828,0.1862861827855106,0.5776188804092233,0.34465307792171407,1
2481,3840422.3905372065,868993.9428242168,21329968.801907677,130201.33347040844,8.97996261229746,0.2656955987031908,275109.9927554636,0.0,0.9133364386040104,3.529217060468098,2
2482,1622082.9502907463,752134.2002776432,6036876.244751635,77341.62082876539,6.349650097379187,0.0,126122.43857490312,0.1319302616525663,0.35120029489074134,1.5426807498658672,2
2483,5361771.127080588,2872106.0203881883,14820737.474290574,107423.17482275542,6.279300366142022,0.006410959885383027,135951.48977369614,0.1893360491708646,0.21969620986931684,0.799970683172836,2
2484,2861834.2695383113,2523638.6852145735,4057066.238914657,104981.61212559958,20.11105972580392,0.08368966235929541,148861.8697861734,0.10240349231749298,1.2879002932233448,-0.2466648197844645,0
2485,2062292.461682508,745098.3209300489,2869036.9439128153,93624.15024644343,8.449184225004876,0.17768072386523823,274958.9620477873,0.30436394602134775,0.5984293340107993,0.021958525219239463,0
2486,2732356.731486056,2240755.3789924425,10012419.16658064,107587.84921714161,11.228699126741581,0.12187055711715061,165670.58983238912,0.34546084126500554,0.7294155982542936,1.0133105677396994,2
2487,744479.1379424754,617389.8955496214,1013468.5399574585,75377.31211166222,0.3723640896328084,0.019050416934238246,343282.9867309207,0.32392619034265313,0.0,-0.2558252555616686,0
2488,29239980.446574513,8828813.350261327,46850908.27435277,107400.96891617753,39.00775093843841,0.21929210335206395,209530.1544269955,0.08293552267120985,2.700422168895555,0.23069064190436392,1
2489,1557885.9452850174,879911.6942967499,8937288.04663922,90609.325300279,7.308547293078762,0.34536123796856655,118379.72333155395,0.14934067082489214,1.0511950045078096,2.666132045386883,2
2490,835022.7144296914,396506.0503177851,2070785.1346102327,94177.42678673616,0.9666171524780272,0.0071478160618178525,242072.1066949513,0.26637369523140364,0.0,0.6814752475837171,1
2491,3647709.7417993313,2409563.1834166273,8302348.894288683,103205.77432826668,20.768677245320493,0.051448491905328166,133813.68959444418,0.15829053046297542,0.9977952955505449,0.37064137554816906,1
2492,4766527.654416532,2606707.901571311,12184173.533950256,113062.91024158876,7.619695028686145,0.11872521536842907,239335.8859265419,0.2012345062828975,1.5459245660742194,0.6524866785322524,1
2493,1643435.8136071472,1324551.3528671756,7137700.781841703,73145.5753498076,1.6649932520406416,0.18735535291380184,214411.93438877532,0.2143729508061816,0.32916903765211747,1.404896106852305,2
2494,728787.5933938898,824547.7269410524,1497789.979444083,85290.9606981878,2.779569318095142,0.10850302146253994,142664.63500124274,0.2854012064562261,0.421627225905645,-0.035758757406534676,0
2495,23724007.66523223,1701561.8180636577,19693612.18776941,93537.37394172285,10.117869946191574,0.2917415279502223,327345.4152041976,0.11047025837142248,1.2497585733341503,-0.2254406651261937,0
2496,1496805.0394499649,910441.4854504163,2705944.9263602435,67715.48693569252,6.170384041945862,0.13238149914316857,211893.81906148855,0.0,0.5450787134113853,0.12408301284066574,0
2497,1439927.1932034574,643326.2749156767,5451146.7824509125,109787.01827299854,17.923797622268765,0.17063389517983843,170615.8092197506,0.22095391191821315,0.7574067091491024,1.6166507656759028,2
2498,1926973.342953146,1878880.9295302096,4448593.868865923,95132.07438135266,4.6782908412400035,0.13864564368821272,216083.36612247615,0.04351619979667295,0.4176308267546386,0.168881820050134,1
2499,3708502.002801208,2741491.682563865,7562134.200584831,129795.90690616418,10.504912323644254,0.1644922000925914,222173.68774358102,0.16514691471336956,1.0291129961674397,0.17242505488698157,1
2500,1856743.2726724038,4158773.49689547,5560670.978301774,88857.76883367436,2.331751110546361,0.225745384446174,254677.66491357537,0.17958155907805937,0.6260698030273193,-0.07561208931660486,0
2501,850084.801366339,418455.5608826512,954838.2020209894,87507.81146703339,1.478708051606585,8.575403703072693e-05,207027.76165323087,0.4201322113609819,0.08971133554446403,-0.2472937949501579,0
2502,1429756.4199584918,773262.7942240986,2980367.9016616414,96726.61138592685,3.83714552309491,0.0,181710.93909974056,0.1531793587362734,0.2117621588675565,0.35285606338548403,1
2503,1483369.079123265,596423.5800982742,6236302.191254524,72343.6976901848,2.990860376677675,0.00809329831107198,218187.95111702487,0.13188653535362346,0.3082962793450117,1.9985211091132298,2
2504,5320500.3246423025,1685163.2594625712,8773942.40817442,98756.22637370668,4.914868102817385,0.0,406214.58329256804,0.1640775079814756,0.13972525504485722,0.25240704222246535,1
2505,562762.0989506367,685782.5270396954,1919562.798907462,125940.46509750267,5.537764009187262,0.08990811309888551,239739.3836119247,0.44190016274944294,0.15674487247390068,0.5374402796254764,1
2506,1547428.698162754,2044301.722038823,2130573.739018026,103082.04292332614,3.7496881907836546,0.14341082148014375,248609.1587332723,0.13078378213830133,0.35364242264706724,-0.4068113444609653,0
2507,4175512.983472795,1057473.5962274738,7888555.094740646,104968.41741765574,5.085769264425426,0.25646029100740925,211648.53831602988,0.32109985711171823,0.3930626631587181,0.5074670982994344,1
2508,1459695.6943249803,566911.1052819737,2547924.640669188,91512.55526575801,5.468320260587904,0.16301518047478922,222838.6886624272,0.14876178729965117,0.46919545979961996,0.2572367965820207,1
2509,1791201.2945430195,1834991.892359838,5119165.124024489,78732.6908958721,2.3397904853609255,0.14893128106535283,285222.72330613015,0.14190178501489542,0.5371503431079423,0.4117188081743608,1
2510,1136668.0127366611,505241.83663373714,2027087.6038904218,92283.20665642043,1.9165432456177895,0.15787263817255143,222032.02947648254,0.06665632579761445,0.2759353271409304,0.2345912929797714,1
2511,4145560.772620092,3357440.518760292,8111752.448393416,71938.14922658265,3.4667331924818763,0.0,316463.41028600244,0.024255015163884106,0.2229080603074769,0.08113435322373976,0
2512,2753193.5872101253,913089.8784118134,8246822.762547649,92063.68185627647,7.299112096245697,0.1089474822470707,181320.90913135002,0.06181205242112498,0.4863507272976475,1.2493685607991252,2
2513,2737036.7723140917,1037930.8981869078,6084790.474714373,99455.41073665928,5.308557622555079,0.2861596309160287,245438.03454659512,0.23380430149665923,0.3136186241153721,0.6118788307150782,1
2514,701893.4919796269,668202.8477240262,1579542.1967808525,76167.44081056803,2.732664984163664,0.22707762009003593,253948.5750865382,0.30415744299135344,0.14214443809573477,0.15286943772326397,0
2515,881017.5599485376,438799.9373258682,1287631.397877663,99428.29319402043,0.8110050092018313,0.0,258441.16922973632,0.28960887014439834,0.0,-0.024386780341381552,0
2516,2433117.158747713,2072627.6184715722,3403806.129150387,109223.2769637897,5.45512580974254,0.0,305724.82534665894,0.2694302921669856,0.3728542407828648,-0.24456304175066002,0
2517,655318.6142476546,847535.484002831,803276.1792225298,101021.59633780873,2.725155420138397,0.06878380353349442,190215.31567079795,0.383592326883515,0.08200553050081057,-0.4654995583685429,0
2518,38048.45183412825,82032.01673369805,52593.11855815093,68498.28791785991,0.18381879857807387,0.10705405951375986,198879.33489508924,0.4123481874797495,0.0,-0.5620177104118792,0
2519,959667.3233972107,563660.1107816783,5343130.218603211,100766.15618126033,2.9782672239582055,0.18759417268074224,230073.5553254579,0.37637576431952013,0.3578456948560972,2.5075388906675147,2
2520,7484736.272837442,1761452.3669265073,10526497.643825047,148115.28954525336,11.961842371212967,0.10857978831344578,180634.68530423727,0.1886765621379232,0.8599657189213432,0.13846883877698854,0
2521,1347272.2242283253,456682.40009170875,2434739.0089122457,106731.08002797332,3.960630137809315,0.021041934394741023,249410.07686491395,0.28778024896445287,0.5714890949142992,0.3496675448973523,1
2522,615939.8769098733,438826.42687507375,1644293.7976381434,71544.47336507408,1.9181779755906567,0.0369162858048696,241252.76070750345,0.35297270465028435,0.08403409424813449,0.5589176405595463,1
2523,365318.55126956105,204981.85047143916,571596.4851933272,86137.92255798112,3.3484380532152063,0.090504470055444,243606.35181301675,0.3208779993789682,0.0,0.0022726328937701774,0
2524,6697235.214934119,2397452.6507528643,19141978.774435923,90112.94215349364,15.480994668861502,0.22040945130138911,185872.39662037638,0.041249550108269604,0.589980821219894,1.1047427967985572,2
2525,6958191.463487547,5925432.330390916,5888644.960685305,114567.96574826018,20.125529508225654,0.17425653125282226,395540.19829183456,0.08118211801356395,0.8789012110178698,-0.5429356635294457,0
2526,1384575.6344299738,982667.1930143475,2850649.077769576,109572.97843073375,13.835741257230113,0.11784414182456364,176891.57475567827,0.2580299678056977,0.29722549681987387,0.2042064484137188,1
2527,328376.8904690128,193352.04871882344,1142615.0246311948,74754.03633925275,1.6777173949175164,0.3601907496100856,302926.80837190914,0.22389627145270471,0.2610964790234604,1.1900549093747377,2
2528,2825742.1174146207,1178881.0101815616,4774875.268164158,122344.54259699833,9.288748415012828,0.12942311383334146,190088.3733391212,0.22662741756393212,1.338270940030991,0.19234073120641634,1
2529,1668660.3405850832,879601.0107571239,2191202.6891170777,82592.96750200186,8.953928046878138,0.08732324010715649,129841.60894941079,0.22747768177090658,0.6894415386417039,-0.14011854083846675,0
2530,1963442.1031748487,634067.8146067996,3155322.2090960634,83862.32529400286,4.831612680783598,0.17466083580404773,232957.08348296917,0.19882943414466897,0.5992913586178426,0.21474885908840097,1
2531,5328225.647494707,1751183.3766461634,8470347.39519225,110512.0605457331,4.481128041554759,0.34273694030376767,289635.3331406349,0.34197292613724645,0.059981659076937914,0.19647662203275215,1
2532,1219490.917892718,319401.875007542,2228493.9128842955,119967.12737842613,4.920193328843177,0.0,275436.0677426628,0.26695055348212576,0.2661279905515129,0.4481151144287218,1
2533,954189.57422736,249835.4518192434,2080827.7922792875,83943.57658608098,1.0649720908852962,0.27251451584303776,373974.9978155336,0.3563296374413996,0.0,0.7282263634599454,1
2534,2805996.401021565,1112139.2076233265,8890086.191555556,86734.8156276938,2.851719044023676,0.0,280653.40474022616,0.06082939236996481,0.06711346104526297,1.26895826983136,2
2535,1460063.4968709636,1152315.4041597238,2074473.4776115874,74214.04081117407,1.4302189595481978,0.10615456836418574,285826.64104727947,0.21081165058137086,0.07088365987776782,-0.205906357307845,0
2536,968385.1675212629,963339.1916353005,3669146.856245497,88608.72871538851,1.0563967937169796,0.0,274667.4231155073,0.15685915569579154,0.0,0.8994153274784675,2
2537,957436.6493862343,477415.00178700057,1608103.4946840592,83797.12464332736,0.8729904195389908,0.1106504332522327,259470.06967535906,0.18246301175594706,0.0016136905146804349,0.12074547453680068,0
2538,2127098.9955380973,1774696.361020723,7956165.567740271,125513.17124954281,1.8220331375860703,0.058981179718632926,223878.61852621022,0.23081057489623258,0.06615042389301265,1.0391037562659855,2
2539,1840050.0895890158,815988.9411586522,4974848.733615601,77180.8793841811,1.741435218789464,0.12888407710931735,263633.7332786159,0.12489952882739601,0.0,0.8730329923710477,2
2540,2199223.39955093,965895.508145502,9717853.605271108,104220.4979307002,16.042082933559893,0.2518111955510084,148406.2053361247,0.3011133952302252,0.863237616137144,2.07029653187461,2
2541,431787.57971396024,323721.70283984445,1666851.8837490892,76784.28799163055,0.371641657185954,0.046476721539016726,235045.89546546887,0.2127469986741707,0.0,1.2062626128361063,2
2542,17961184.687619947,2966825.615350798,37079245.41190093,104052.13566815892,29.780431744891356,0.3274482044629889,176241.05463997024,0.16689126244491567,1.7730153725880151,0.7717520621937722,2
2543,4278939.590827145,3277205.8320196606,12331253.607891757,88885.90220345421,13.237461101416471,0.019062267211440272,240014.21390053164,0.207685216879728,0.8706975565682276,0.6319502759445188,1
2544,6951562.347546455,2270077.6259369343,12728665.372867724,117710.95281681864,18.207101379679298,0.16459072175713316,204358.56224638683,0.15766692477259192,0.35927724947410916,0.3803038732230606,1
2545,19149926.96491543,3499003.419930107,50571151.34924698,97697.06478559214,64.43340234041294,0.28669035319462977,255115.26350121203,0.09915805947906256,2.1572404063156263,1.232827356080545,2
2546,1949064.741736489,1146427.2980085337,7500470.525809178,100570.83202512788,13.524494380205027,0.02897394710044092,146737.21145274836,0.20434385210885075,0.9134438939782765,1.4230301449675173,2
2547,1901489.4882822721,640365.3846847248,4613644.712590044,106422.50173403647,2.8976958199502874,0.20721075137335898,150178.4531044664,0.11980302745940856,0.5955914312525816,0.8150700740852043,2
2548,3468214.888062056,1133200.7287524599,8049965.593943725,95278.83628837492,8.027651495383752,0.06907060290395949,230721.26127040395,0.23790727339474413,1.392973689184009,0.7494541385323898,1
2549,3875207.0610592654,2662667.1979598044,5926748.473243179,126760.88018514948,5.889461989615906,0.13216901413177995,274023.58422797185,0.336171857660028,0.13390109363695019,-0.09347469247100246,0
2550,2248810.6912688753,674818.8616898048,5332130.827733031,100121.27614519552,3.844854222024586,0.0,170745.7286574698,0.15982027736562066,0.18409931932716692,0.8238052157931479,2
2551,1459933.4381683203,692929.6373856693,1989001.6179336023,109189.67012857774,4.87942201308531,0.160937688227648,211210.69855811016,0.10954454851976353,0.9918025560260668,-0.07611327421657843,0
2552,591678.1341873743,399794.28104844154,3382246.988025509,100600.94265064369,3.5178942776985096,0.1140194479932581,307840.37152067525,0.12979043384222352,0.00190326767875421,2.4113374573523174,2
2553,2796063.683608401,559031.12004091,4656388.599775471,95743.9338834894,8.738887971860365,0.0,216177.54720652624,0.26695394753401874,0.46507676833550626,0.3878560435045688,1
2554,3864305.913955428,437299.32040577714,11434956.940866716,98927.9818587154,15.3723661971799,0.11455422847797066,265959.4694647029,0.1096291987239628,0.9907993610398176,1.6582999410369705,2
2555,3051482.5358683537,1037644.3258019269,8196613.9526767535,96692.65071300842,7.2696279124618925,0.31248628465068273,266566.3243180336,0.2350116494981025,0.9046518629044258,1.0044900121608582,2
2556,2345924.55670768,2141650.9477529805,4133103.006053322,90574.94238468911,13.287354255071671,0.2622861601933763,156456.8090924355,0.23232348975473063,1.0884632770925684,-0.07898975695339103,0
2557,695458.2800262065,378753.7426343339,2138288.6263811225,85768.42400085955,1.8240495585203242,0.1485936035373127,340444.92507701984,0.26536759877661753,0.29187244418521824,0.9905647872802098,2
2558,325681.58240965963,416299.841753859,875682.2671047533,73875.12337047332,0.7009162814215542,0.1355734228999285,235827.96152697003,0.20096353659983554,0.47666228367339997,0.18019432641721964,1
2559,3446486.482878244,2151660.694657644,7660153.523842527,94815.02680099859,21.056545917618845,0.007875852295378103,219324.3309608659,0.29509956705454954,1.1820517421831633,0.36833728748343897,1
2560,1371006.0824053988,791270.502354333,3141551.870099972,68560.22458206123,3.3299654376303485,0.0,175589.95747836385,0.2194274819043449,0.6542401259433892,0.4528908522815343,1
2561,1172994.549113637,829136.6183388014,5222614.85126145,103995.74931923658,7.798964126240451,0.3012405141092443,162139.04696086043,0.08246295097574738,1.156690151872736,1.6085278208354525,2
2562,2670665.28331181,2832051.375685474,4570784.8745504785,77794.02230539083,4.16215221470443,0.35292904743387066,236712.59590226927,0.09605806553360813,1.2291890734328685,-0.1693584900329257,0
2563,6652155.965303793,1419787.027640733,13056197.017034229,134064.93366917386,19.426948317332684,0.08835821020097429,233647.06255173107,0.20590654941873562,1.379874027535473,0.6174788435010393,1
2564,974242.9714597141,474882.4330809872,2562830.431844815,104030.62803056433,4.71065177429041,0.07390854357135199,168425.4426819839,0.09776590243989719,0.6288043317872611,0.7685359899249723,2
2565,4167270.450150728,896349.6229184648,4839352.588376998,83911.51000418067,2.9056771849984058,0.0,329907.3580657379,0.309505378569715,0.45010452297285836,-0.04428995095523843,0
2566,4607289.880099823,1045719.9886899971,5015737.081927287,92829.10781362237,9.601343149411008,0.0,190020.9633548962,0.24001859257244143,0.39445034162644316,-0.1127315893044705,0
2567,2627820.661091445,2189799.0128556946,16616281.27398074,107417.15369277252,10.958316750525887,0.31160512709040683,151538.98613229799,0.26267736948974557,1.2407764731709254,2.4490645585492636,2
2568,7750896.485127075,891295.4707024392,14087096.218448546,108061.38877774628,8.0625861695589,0.06563185451818397,373995.0872229929,0.3643140144605569,0.6863245623406564,0.6300374130137458,1
2569,3220938.104340491,1778330.151322476,8619386.489998098,91466.22103859262,3.596308123440047,0.049820936009770805,286226.4796411412,0.17819026322744216,0.7059104132541549,0.7241296224171228,1
2570,1065688.4510109657,959645.0302132166,2340406.598543797,101089.42008985962,6.2329429316399905,0.10241608465529689,152732.42904462616,0.21274667555704868,0.6774989661255428,0.1555660439332557,0
2571,979661.1734084244,347282.1154628512,3078508.273542798,101045.10562694292,5.006291379916367,0.17385251069939361,140030.39415700705,0.1546737741066174,0.12416754957486408,1.3199998819553462,2
2572,2285671.7788529624,1038118.8862074058,9523350.106970394,104181.95869941606,22.107358565481025,0.2057769439138303,193071.90677082067,0.0,1.496232120043369,1.8652075496449552,2
2573,1033066.6718773047,718915.1290799023,3795782.6652099066,91753.40102019731,1.4155146005927541,0.19932542659185545,358797.8249609233,0.12113024676809164,0.21628359224271712,1.1665651225007332,2
2574,3455276.827965764,1774177.3982993618,6351666.523523638,105214.16033130662,8.088133227693195,0.2913629120202097,179560.84163508602,0.2705156981252472,0.6948068242065608,0.2145945348602842,1
2575,1361123.2642588166,1058089.8917914664,3146656.1395794535,104498.50442714088,3.7505116458210566,0.2819334920410893,233931.72623243427,0.3422068768423427,0.20829073279396865,0.30069404248645326,1
2576,4628941.083032395,577552.4247521235,6852548.841908334,77549.0525381836,15.986054532970023,0.006170715798579611,214774.02146822694,0.15848288362141677,1.4776258059480973,0.3161543045550151,1
2577,664031.5311973864,1024999.1936068805,2452911.04781436,115279.87443390394,3.5922132960664515,0.1574361629234739,257758.59338594618,0.20258531360989568,0.6152875649779672,0.4522595781072101,1
2578,3228285.5927452636,1282425.0780697262,7572002.231260445,101155.61405799483,7.519290576233889,0.21507517487140967,223502.2004031651,0.3614074954418767,0.7721825524232582,0.6786716736793815,1
2579,2712297.247764916,1149718.6451119236,7224824.477354054,109560.22495999848,17.241104901952824,0.462013648097621,177124.71679079928,0.07068037878327207,1.1606619913466538,0.870739188484343,2
2580,1427298.4840878302,159844.82249267033,2616166.94319501,108796.51968950417,4.285400015341004,0.046889165177104286,238650.76909889706,0.4637885220553427,0.34678810439052027,0.6483495424439906,1
2581,1524840.5308291544,1386027.5006101422,5305531.961026115,114743.91555111449,8.06214409802987,0.1192937103896001,275705.25542723894,0.20011444283014196,0.34681807329928105,0.8226631725392105,2
2582,2340395.798443042,872607.8456450744,15917067.600287566,107349.80457906832,7.988820796434746,0.0,236767.00776504187,0.27724406752070563,0.1628430291280759,3.95395255139992,2
2583,529815.575531409,515425.92283508903,1294201.0403092457,96501.85576581184,3.05140203648381,0.1731484279509187,226028.28251815194,0.33452003434908845,0.09569085621131591,0.23818375211070483,1
2584,8620003.706380509,2363361.5764412074,12793295.682130706,93764.5326439338,6.538606791618537,0.14390582947323713,257463.24525306726,0.043675456078754324,0.9151103259569104,0.16478832786703082,1
2585,1057542.929202737,863299.4189051939,2531768.095697383,101623.60775137354,4.605718720708117,0.33007237162073455,190988.52392864824,0.31818416464504334,1.3710283231828058,0.3180509572746698,1
2586,811911.4961863549,907890.4931775574,1577681.123133503,123790.67744807228,7.373106812074429,0.32223330223702834,181805.29008559714,0.39634711979666093,0.25699672977413784,-0.08263792408041948,0
2587,3023027.190294304,394182.6886260463,5220441.330915498,102784.34519478655,2.5675525556794128,0.29092474575749533,261521.90996299303,0.341979680332124,0.4500111568679694,0.527691162055539,1
2588,2495145.8556234296,922125.8406243273,3582883.966212094,115158.58843245401,9.550192111794154,0.09986988953108407,245930.6761419618,0.22803351385648174,0.16570769325317355,0.048463301921876145,0
2589,457621.8440237908,497994.437182354,1608043.158273017,89188.835100939,1.1041044963688291,0.18867126898117328,237919.25520777376,0.2959207552534106,0.0,0.6827289257183882,1
2590,3957298.2351030507,1276071.698421225,12098728.514384096,88276.47391500603,5.505062287426236,0.19803593878397818,227415.19370801203,0.2683210049359825,0.7199327306163539,1.3118427835344189,2
2591,761104.9960184593,579962.9451984119,1033763.1680646881,92958.53849185676,5.125885833809559,0.22886219828982804,168868.43101339712,0.06744400031668711,0.4900039809691524,-0.22914929490696637,0
2592,1007781.1729956586,1131140.7083895148,4650170.43027275,93771.1723930272,5.3203725406441995,0.36588477579221923,176995.4740481402,0.14378681139768448,0.6990222799454731,1.1740721205120788,2
2593,2866702.142340204,4382503.561612404,7348873.582511258,97960.20115227987,6.535322502602475,0.0,158931.65747222837,0.18771061037696135,0.35542093735629116,0.013748799886352522,0
2594,2154555.0722670327,609838.3620953935,3422379.8416093504,94782.23552013231,26.138561826940776,0.33646210397092674,147378.50436334702,0.2339885809527013,0.9027964181096226,0.2380219830751698,1
2595,2470341.1116140103,1043246.7450200209,3397313.3311327426,81312.39228702374,10.600433318674169,0.2603227225807718,297886.8567355292,0.23820414911871696,1.8124778850747139,-0.03309281857909137,0
2596,473281.928981571,790801.2564350014,630309.2037514664,74610.74027320665,1.3273481409719299,0.07165001545701292,188192.01282827833,0.2424344339573095,0.298083867800086,-0.5013704706911744,0
2597,1243903.2553347028,498588.3310492484,3277757.729230826,96140.70886533678,6.5907990419287446,0.20001784858840063,208195.10665566215,0.42379965557210497,0.7554178211692764,0.8810752114062632,2
2598,827349.1783444642,341000.16830173554,1979088.2313175057,93231.51661902046,6.369204617742511,0.2339272815875721,278082.25812300394,0.34143633160775955,0.35187829663944337,0.6939182077677102,1
2599,2021227.1239056326,1155681.014404256,4813449.732498342,129446.85397037669,10.013557603370328,0.05123883232991753,233016.93744939953,0.27546561859670043,0.13963537259048342,0.515136580266086,1
2600,954412.7025340355,377532.4960013737,1330129.49500523,87815.28139570238,2.6339088049118007,0.19278960361049147,249710.47273134388,0.16723616295324908,0.5038156766169357,-0.00136319687339679,0
2601,3234871.5972930617,1372251.9933011357,12206852.386642827,133095.30197924838,8.206139468686349,0.23829638785086457,290179.0579047938,0.2081954892138037,1.1858460346827857,1.6495604354014006,2
2602,956655.4123076025,363444.9902763346,1992156.2796966042,146364.68302985234,25.56596497558168,0.24897540284179046,274717.152252296,0.20301860998288823,0.859137193798289,0.5090945172027815,1
2603,3148638.024320924,2308846.2125104647,7231787.717526515,85744.19455604526,7.062223451475557,0.11948406495978833,209358.98178613491,0.19888895623074399,0.3942735522561338,0.32511380769929343,1
2604,4532097.753107778,2274173.105772607,18317659.38319504,95351.44185995692,20.43390652118462,0.2548496753065716,143991.3249990137,0.18993263648983566,1.2992775978400912,1.6912915696405666,2
2605,3463108.384600726,1813628.5350872688,6565713.631604823,130549.62228977309,8.92590098368174,0.035780116681635776,250009.77347342146,0.30874803512020993,0.7856725775376345,0.24427534128289338,1
2606,822709.8867926962,495222.72313935985,976062.6392065147,96615.99192264976,1.5320456862429213,0.11453726414147364,254978.0627534896,0.27763481754502867,0.08977093691495248,-0.25939867345961337,0
2607,3702545.977386589,993740.8920133311,12181202.07408363,121507.53685762548,9.101058690457222,0.2372869063245696,194639.02321760764,0.10206139113740409,0.46385116581549757,1.5937942917103174,2
2608,1342251.5906897737,1070261.5291147642,3901082.981950979,110573.70863472692,12.168225857521094,0.27372153203471566,133620.1556969223,0.24472248057848922,0.8306799312688442,0.617020421537457,1
2609,2612850.0727186115,1185675.3403918545,17471956.72429383,118149.14405848813,5.56442824991963,0.24682035639177458,138746.54181102267,0.23166952949401162,0.5589609419619606,3.599668245996207,2
2610,1461287.5792422653,913649.8795040431,4904579.825694473,86907.98057363373,6.097473787959664,0.42499623227277217,237035.30140034933,0.12236937842130258,1.2140360049067174,1.0651406240750116,2
2611,1808085.3917751296,691142.5390759703,7233328.965852082,119139.58967428867,15.436195135340949,0.2669476928408928,196019.55258553606,0.11879119504010961,0.8359826444413241,1.8942254031983414,2
2612,461843.1565983439,1011797.0530752406,1031575.6802609431,92013.43452808178,5.22464250040582,0.27418225702989074,197822.70091078774,0.1269113420164281,0.5157311487907366,-0.29998131600287964,0
2613,5837272.954490007,2184613.9643630376,7450722.895354246,108761.10215693201,13.050987847095142,0.0,273979.8028622673,0.0928649081527918,0.6632933113755011,-0.0712007074241409,0
2614,3222116.164419078,2757778.044816062,3090829.6762191006,115777.59022947418,7.442808829176249,0.037518500347451154,223205.24380482777,0.17776002467567503,0.06363332296698192,-0.4831297063005343,0
2615,3139955.5278572757,1552164.352966997,14195404.286644112,69254.84625174939,2.775528021536975,0.04062060475034038,307109.6651903726,0.24512621931565662,0.4101773901056745,2.025371185561095,2
2616,835187.2134219843,607055.7090847776,3945145.786341748,84551.65782909821,12.904850991894806,0.0,172030.58952683458,0.10198950157857076,0.7686315549875673,1.7354239183817188,2
2617,1704570.217569531,520340.5800511361,3263806.437722789,88996.16718657786,6.029144215925512,0.11396665524876966,200103.43656965988,0.12516921464657196,0.6953499299656536,0.4669381088055859,1
2618,3457530.523625097,786658.5477026514,5418792.222819786,100173.0017406919,2.911384441547082,0.16089663568961057,227784.74056439355,0.19738979899177164,0.9566346778289687,0.2767556137937503,1
2619,2608763.217872836,1321128.5036924481,3982502.885045755,110782.15908656613,6.620991951621349,0.09052412666329174,166844.88969348912,0.2914605788158078,0.4340940602458141,0.013387433346259156,0
2620,941227.5145639692,2249575.6618126407,1622611.3706622538,97749.62265435776,0.7791765658305208,0.012411365248476943,276690.21202150936,0.33568887697210253,0.08323133255901552,-0.4914724346912405,0
2621,456209.99681549566,884936.5217921332,1453007.0462573012,90918.93427870967,1.6838780105294626,0.1259610902256411,265441.9598317911,0.27892704283646724,0.37342262539348303,0.08340664207651616,0
2622,321217.06067706837,381472.755261184,411728.3082735407,60250.91948798718,1.2306228776240715,0.16250707175772047,123429.71140238894,0.06606536008926428,0.0,-0.4140682005988819,0
2623,281448.9498958858,202491.0717957074,255243.5201742823,89105.6456931801,2.8707172627207322,0.015419299738958987,224964.07493397384,0.051739037272856225,0.34087837671193305,-0.4725719950127524,0
2624,740570.1942897979,398945.298686374,1641051.9615817014,114879.25566055602,1.8557536509952657,0.08670451860908837,204226.53401744668,0.160687701017815,0.2228375513581726,0.44013132923328935,1
2625,3556509.8883662554,1259942.5918039756,8040064.991290796,85479.04347152085,4.406878119129692,0.1729574350540877,236954.4318225936,0.17216390646679147,0.44155025780943225,0.6692918749624267,1
2626,3279534.0086085517,611766.8662376618,3801978.601875586,71528.20453285683,11.902376882323285,0.17631661557057357,186680.96877739346,0.14401495126115307,0.36766238064825657,-0.022954347618817216,0
2627,5192721.393805771,2978178.4428451858,16743977.304952648,105606.0989869484,10.128908106540244,0.27993913354517547,170043.60387812843,0.14541773250923526,1.4036012862512828,1.0492207271770422,2
2628,1820288.2858704529,953830.007218957,6807221.973606352,110416.61383267074,6.782498170681495,0.2179669797092093,161462.40876148277,0.3499624765356603,0.5936325448504574,1.4538326251493252,2
2629,1672702.7519798654,1113377.0580602477,3311024.2313273167,107665.24748873712,11.284759185493845,0.1570604530169568,152531.75472050143,0.2822374721924855,0.36413754181067176,0.1884168642245915,1
2630,1202460.5297385142,2290282.2909646044,3429688.001986078,101510.57978664128,6.199226067711716,0.1546579523480261,150509.7107973702,0.0854295551722535,1.015513283807886,-0.01805309521883066,0
2631,3815776.875106852,3568850.9440995594,9599289.356649864,88592.17518214304,6.10362823731914,0.40952334410741514,190198.21188545608,0.016907337134079364,1.061700746835064,0.2999015782059348,1
2632,2323388.7454463197,2863457.0142614585,5138447.466119592,72743.4502673603,2.7676666109798442,0.02486528457069468,231739.20240710946,0.12298169783409177,0.1124112614258071,-0.009330968343834716,0
2633,4228357.446895887,5430351.91405237,4834919.863721758,106367.43913419374,13.078633864516481,0.04512449600401035,188568.15081951936,0.17442174760435242,1.1488448008574843,-0.49942381709194705,0
2634,13833255.707179993,4574563.520042684,30406196.429439638,142066.65700241906,21.379285361520864,0.2839908745333037,189070.98475065653,0.1999494269374263,2.3575869050906983,0.6518087261783287,1
2635,607110.155554605,601124.2805628574,1642666.4312130974,93497.29935140288,1.6765692688088811,0.03389453321424352,187206.51190335146,0.27813613092522677,0.02909910304617785,0.35955935546054935,1
2636,550118.6737299125,922828.9314656698,819147.8061533252,83627.9180642973,2.492789387603419,0.15967371264265615,281047.3137146762,0.000879844160785695,0.14180183223427567,-0.4438717281837351,0
2637,1143409.3443102173,768675.6439164846,2683611.8277093084,75747.41978796625,6.710587346521137,0.01009859426398123,214476.22546507686,0.12032186680649871,0.6423467605877109,0.40350028593558107,1
2638,2275219.7387053235,1577589.1300318642,6083751.499702442,137073.7033249535,13.79236355601796,0.3666940391119512,177052.9242121919,0.40368439126128514,0.8573548550203849,0.5790431622673454,1
2639,882142.0130350576,737788.9124814988,1460329.8558897995,107470.5605727639,16.71394737030329,0.15058988367601228,227891.89476020096,0.0,0.6415909187811089,-0.09852337967797241,0
2640,2965196.206169561,1043165.2019280094,6793361.410536094,72761.45135997127,8.498247668871226,0.020800307676276115,240636.24010456348,0.23399591536294911,0.8348988703727245,0.6947976289793507,1
2641,2434429.0667727464,644759.6708317986,2643887.763701284,126662.71385002715,9.228593403185883,0.07546597001116154,246807.25431705784,0.30439219906776066,0.8184865844919598,-0.14136872111382934,0
2642,1943009.3205764387,554768.5642216869,6393659.223209509,95626.08342190397,7.358492820435432,0.29265893071376015,193346.87166891416,0.29255938552340655,0.4454550540608812,1.5597389031756341,2
2643,8237791.697459318,2227005.29985465,17373182.03768309,106432.86786573964,60.03354728625374,0.22565067604602965,204742.79695454089,0.005096242373219957,2.4913293488089874,0.660154711280335,1
2644,820812.453373544,530241.5175204235,1676534.3836394716,95390.32867540528,2.503069553504941,0.0,239613.09033164917,0.12000459867275202,0.0,0.24090852013124228,1
2645,1838971.0398719916,554526.3657110923,3248958.192856692,110225.39831940728,2.8733438168541823,0.0763262188562042,189338.7901550176,0.1685124380289368,0.34768381229777073,0.3574103674723675,1
2646,5727562.057283179,1051932.4944250358,17101426.308569923,137500.17370468102,13.326423845438685,0.05889798438279815,297886.57817247265,0.2709058205839171,0.9114133296553881,1.5225223175761553,2
2647,10131026.63571074,3196555.5428443807,22440974.422283746,110204.25705322063,26.919903544751193,0.13369614248374997,224427.42543502958,0.06581666447241569,2.132313185881521,0.683799365978971,1
2648,5118067.467048766,1339691.57030098,21886247.860656332,78147.61210018,8.903662228998638,0.186476619402347,183300.10348126036,0.4255187737333216,1.385150098340628,2.3891397517424893,2
2649,2268464.415014991,1223383.7889495455,3437452.2253890834,115511.79340642127,16.869659460375,0.20179191222454684,207724.97447568533,0.12867760628898628,0.8753366313461226,-0.015577990622185022,0
2650,1205022.8797444948,547034.7815631332,1048935.0082693638,79055.01749214536,1.8868401855113914,0.21832460780588608,315420.3451101982,0.3289862520570409,0.43623801883742214,-0.4013125073255276,0
2651,1499118.754935834,430455.8181521693,3248861.969898134,117520.50447160586,4.537378667496928,0.39570167742019596,175244.37009099862,0.4011280388116606,0.44957458443304005,0.6837193105725907,1
2652,1668103.1898470144,978706.2402866759,3832704.06717774,83412.10856069623,3.185081254323232,0.16705703785118275,183246.31562105165,0.12250160861228598,0.20091995303203433,0.4480468535221103,1
2653,359606.67788581556,336363.3778013386,1891337.20349668,106615.68676076547,3.2544803088128447,0.0560032760368717,191481.3254789271,0.3212846703748309,0.15617802282727133,1.7175554293486095,2
2654,2290245.225701488,697755.799691269,1297824.8810147103,120077.71007612505,19.720744169852587,0.20229704967321147,237032.44505533593,0.27756834244500517,1.0429456844963458,-0.5656544726773921,0
2655,487580.25655185076,632042.7069891344,930704.1903581606,71773.85691886977,1.8145545184748326,0.10276827007812016,225380.08229943784,0.25554003486531257,0.1440577741243884,-0.16873427871230776,0
2656,6091180.796521232,2169035.034804424,17073469.461205214,105767.82543316371,7.214125996675616,0.18685027539845056,156873.73966407852,0.18326496003974838,0.6647779645626148,1.0669519792033264,2
2657,1273968.442515357,848759.9070699094,1464884.8208624779,106433.00813235738,1.685658838412246,0.08159602378248274,222034.6418037411,0.3259406587471004,0.10029074834151548,-0.3099047171303461,0
2658,773235.6757134239,480181.95502009924,779283.8447017089,97298.94958247816,6.822523215027023,0.08259382071099935,167405.4780694809,0.34710624983230576,0.15654937389768886,-0.3782727914512758,0
2659,3353102.156247145,1164042.25132465,6785116.086388153,103125.04714148137,11.26288240369504,0.10630699946587883,217837.77308623563,0.18365312076738224,0.43745664700544024,0.5020808444854465,1
2660,704461.5366701802,881048.4411092384,1089618.1856427921,142258.8326802646,1.630922541492294,0.15387513976991626,234781.988608077,0.3988067771351169,0.005278512834360372,-0.3127648511119093,0
2661,378976.1677620697,279868.88497522223,1545049.2217975487,93117.25768116278,2.334322892974435,0.04426363017554216,249683.60076693955,0.2779117394909591,0.24623262279738678,1.3450873849296736,2
2662,236477.22149663314,1020794.8898422479,452626.5240773366,73228.08548908377,2.0101198258119846,0.25319546156633327,210207.6646482094,0.2756050960295824,0.02870979833373739,-0.6399931884313173,0
2663,1128893.135431075,1602173.867218646,1606901.4528939696,73978.77239875631,2.0562446923733293,0.07624239956078997,200398.82692472864,0.17206973533994974,0.21526667771668495,-0.4116213731355069,0
2664,941631.3291139967,360414.3227345233,1354969.3153354079,96316.61655454308,3.9569639253168267,0.13264629494791785,232854.8653534479,0.11828909032634212,0.08859953837424982,0.04064654984389524,0
2665,764112.9143548175,462391.4174699269,1813907.1576562636,83155.95930943142,8.739999678782114,0.21529703065767924,152864.45465660607,0.40124476434896095,0.693021475368566,0.47892437930292886,1
2666,2233429.6185419112,480409.30948861473,5235535.537954919,68176.31383886066,4.588328414688221,0.2894735325719265,283418.4685570626,0.15673640534577743,0.6478203835672667,0.9291990706885566,2
2667,5095977.138208841,2398180.8725526454,7577712.140307857,109454.89003860798,11.574103160229493,0.16426088578007084,243127.50820335568,0.07830365221564586,0.534763951828034,0.011149235101046444,0
2668,263683.78243246564,384208.22172783094,832410.423859884,73069.8642267503,0.5532376815619204,0.2077751605960341,282694.1263600751,0.2362293318453605,0.0,0.2847981122081192,1
2669,7098982.052715913,2643182.721290733,44871253.664175145,115194.65590939805,11.529435876432611,0.21366913361612597,177428.77700499215,0.1903610387547176,0.8662876067441849,3.605881208650612,2
2670,1346012.1507969266,1084372.701898694,4483192.566808209,79583.2223160819,2.9323340277097523,0.3109670629823641,235441.367761075,0.12511410148705837,0.3686259240387853,0.8446430662352717,2
2671,5066440.750526858,2145974.2386612208,20576036.855726387,79876.53547947019,11.598285312446896,0.08804808235660139,169833.14713471453,0.10546388938530955,1.12106062602816,1.8528636921989825,2
2672,2070890.392224305,890615.5348023289,4207619.252344721,91466.33405397115,5.142340909606737,0.2094464026794712,158083.80374694298,0.2116195053868184,0.2992462522343158,0.4207701608651483,1
2673,1524766.2842709334,495690.75338505197,4168795.240224716,66806.58248785972,5.896195149295308,0.10814510317801289,134485.3432547439,0.1471932694416756,0.3869206694735924,1.063293186902457,2
2674,4853196.105844345,1425668.7363694296,20710544.2157611,122347.02189914267,22.60804719802188,0.22092044960275917,105183.3489914052,0.22829229297151452,1.680986954748663,2.2984535797810017,2
2675,1690173.942752333,1570012.553462665,2923510.979373371,91810.67790236097,12.72756851374134,0.206412722410864,171384.49091044336,0.0634936599692211,1.4819917054542895,-0.10326879067577861,0
2676,2178873.7975362875,1447768.636321118,2741268.6809227974,97214.86205428097,7.980187585655262,0.0,278212.09847983374,0.3054417569250957,0.7892681358269735,-0.2441304234100901,0
2677,1246206.7324434973,1143103.199624635,1052851.0371681117,88873.81737320345,4.774086441889339,0.15110118498606073,279374.3079509141,0.2237779465365855,0.2186400313279293,-0.5593493238205444,0
2678,327619.9373706995,248543.56916714465,1999930.260291476,81119.44731093198,1.8727580858328898,0.0,206936.31277957073,0.22975253437176157,0.08039917442174806,2.471115816253306,2
2679,1370466.9815441498,524454.3368238877,1147986.5789568888,87832.59619675997,11.08698421425333,0.20469843746557143,177743.08667914313,0.05014276019573853,0.9025505280534742,-0.3941771788468933,0
2680,2213946.4480870473,2007379.7493300927,8819101.60983318,111918.42178064254,3.831424471212906,0.058303378858250564,160036.20239064298,0.3828750826639105,0.0,1.0891779496285396,2
2681,783100.3201519126,469102.8686077137,872420.1452476013,89821.8059455558,7.167336856795442,0.1433248651772035,159813.79342298373,0.29783237321824085,0.5529281300673023,-0.30329186742306596,0
2682,888145.9130809685,964273.3258662954,2477660.553727133,87573.15618393531,2.1590640557538694,0.09502632003827054,197223.40672245334,0.35713927868848505,0.6564922850067278,0.33752689544252196,1
2683,658249.0242389032,863782.1966676617,1995519.7054584767,79991.70046220608,2.1566075846918102,0.16475569071505528,160081.6678866607,0.1565115197393935,0.19544012927774085,0.3110898633668556,1
2684,2748489.716356949,921599.4443996373,6268960.447474948,76443.4665434336,5.504071680225272,0.15865861080097202,243864.55924236297,0.16391668229040027,0.9882632204813171,0.7081221117207427,1
2685,1049998.9193885855,870009.3012855203,2176899.357885695,133088.2430686053,1.966861398739781,0.15890669529238463,368883.35393810127,0.23580908000812809,0.17437733436326874,0.13379689443277273,0
2686,405173.7384713763,476891.45654762496,1739731.782867255,68430.30773320468,2.463145795905352,0.11866002357067622,279204.57837426837,0.16577585605679207,0.08043605601160952,0.9723392246871027,2
2687,1299014.697723303,409091.02866443037,4897575.190898916,71005.65635638143,5.530900508528566,0.0,208971.4048804021,0.3078348037031598,0.10036148691676376,1.8672552964600184,2
2688,1151114.0144911106,1010249.2406503449,1224670.0791190923,75807.54423468516,4.009135233320147,0.2840543123793276,187301.66421475835,0.08739211636329382,0.28101495500042656,-0.4333807257036297,0
2689,6589463.011952294,1641705.9130597399,13538635.327981846,95024.32417720588,7.901320606159892,0.0,200177.07960686495,0.16441867390616285,0.9559806168686087,0.6448010545430586,1
2690,1064677.6884135304,668847.7962944467,1087315.5743724147,87149.070631843,13.600588043205565,0.015160815414912574,187610.0269469514,0.2314927719768323,0.6762533428418591,-0.3727720855770519,0
2691,718929.9124121987,971427.6528959321,1870630.8366728036,116842.66813846493,4.461412169188977,0.10434256405416874,155141.11374840813,0.36206341977232165,0.3590123598682336,0.10664801049463832,0
2692,2103171.577300345,1125183.9909302737,2700371.259002843,97079.92209520671,5.59180690062337,0.06399754798355459,321383.4128284503,0.20376783167312668,0.4755160613682081,-0.16354589761534566,0
2693,8100265.359877147,2314203.4847295335,11786311.036804082,95764.26139447397,4.196336115294023,0.20067190574243066,265381.5105854825,0.17305128421104066,1.3586784196935704,0.13172464315430105,0
2694,9035092.441208115,1776623.9225075247,11118423.484896138,105831.08936866553,13.919278893227577,0.11846764271474114,289503.0778341129,0.03315194374768068,0.8284966179307771,0.0283680324994295,0
2695,3753992.733958144,1730874.3671501656,3963624.9301178274,86119.35710448238,16.04946237575952,0.09701602304177263,190937.0461410752,0.34478388457860304,1.1389903372571069,-0.2773526036178871,0
2696,1040020.7387145618,798534.2789208308,1224459.72036541,93398.47690657119,11.632344118145953,0.03467116095561987,176674.40176892452,0.13303395075639174,0.7953244916009095,-0.3340097475352054,0
2697,819205.9398817437,359460.64482641174,1325760.6374998698,54441.581227724855,1.5649003537972686,0.08067941268940719,262464.48822577554,0.42150904329995525,0.040290311591839496,0.12479699916845909,0
2698,496162.1852603199,1122104.9633694738,1638297.8349717078,92493.44125505713,2.8066529487002474,0.3298200696170166,255874.71584191517,0.2634212625747545,0.3854331549433455,0.012377861318432088,0
2699,3199196.306242137,3951305.296841892,5387263.6921759825,93004.28223702063,3.7677588042838766,0.010672685234882627,225550.32241158653,0.17432011683236306,0.6770294489972399,-0.24658940152500045,0
2700,2644707.8873605924,1259722.6127922274,5856485.348566322,111450.66273392164,7.2654253018744335,0.09825730118775763,287316.4239150725,0.1023485251499711,1.345892680262628,0.4999589180386482,1
2701,409836.7717386378,630451.2795409599,1431589.9640317892,113044.55662737307,3.782172249238071,0.33995076636800087,302967.2472897684,0.22416223220807027,0.3312502385368487,0.3761476566715093,1
2702,290783.85186317033,135155.14368404678,1011321.100637286,93471.06179736943,2.947461178795664,0.03519035595246549,257082.2864888583,0.47114027756463195,0.0,1.3743332054817152,2
2703,3621570.371373126,1197452.3360603785,19834762.43287429,118415.06458230285,9.38111052360828,0.14201126152706298,161105.9788807667,0.31421342474493147,1.3296846002808147,3.1159304774137095,2
2704,495021.05319555284,571493.5629656606,1131952.2489784064,83434.84665835099,3.539131846670154,0.0,200236.22105539386,0.036734937992073634,0.6715954226117964,0.06135652697637426,0
2705,3856646.101389477,855777.0541125438,3668979.757589061,96094.95802007418,4.789156080224927,0.17998565352289436,406785.41819481854,0.23939930264572676,0.4315646600796256,-0.22142396034504694,0
2706,2098673.3464521687,734488.2184596715,3400233.225524451,76460.02910025,4.409113436360279,0.10270733640297591,143684.16445281068,0.3159368051673983,0.5282078704496587,0.2001550732706826,1
2707,1081178.8235154187,499921.3266343684,2466316.0050315573,108574.3675997961,8.686757811238106,0.17770406793973698,92618.94460366628,0.40426956767218414,1.7392544177996054,0.5598733608354337,1
2708,3263905.188945034,2447765.9615468066,13610212.403984563,130767.7486494524,30.921508025667553,0.31083057058353564,199689.64155127027,0.17823060093737397,2.219301745704111,1.3828774530922647,2
2709,1662641.1490965683,1088723.8797114994,5000302.871428286,73580.75222222137,5.744855847712065,0.0,209541.25947057488,0.05065459715600568,0.46087568144867835,0.8173898479746585,2
2710,2554379.4534000806,1116107.6574290295,3075408.3962521343,76908.29394778024,9.03312448318875,0.1842500264568929,147395.0190118288,0.12961735975931876,0.43613999554729005,-0.16212527019133333,0
2711,549593.2455843545,455242.2848961079,2304860.572687477,131316.60293391225,1.33904729537476,0.21052840947912926,257669.87395513555,0.34103407955046683,0.5338664622410352,1.2937689828557388,2
2712,2021019.2336116862,971885.2062334147,4750773.542831808,97305.96116026693,2.3079948349069377,0.12330916593645994,231988.47393071553,0.37974740117268985,0.20693471561324744,0.5873455495550959,1
2713,1338422.5937093238,460484.24207526445,2612262.882842255,97851.62681550582,6.091673095342983,0.29317668530092,143559.83853707722,0.13705365090682148,0.6015529772085417,0.45213906072179866,1
2714,5131263.97888097,779436.2907652432,22294717.190197766,93368.43967873383,18.514215963553788,0.06910097319473363,171791.9286529291,0.20915958897798345,1.0417793885944198,2.7719248436077817,2
2715,673880.8784941296,697451.3948914106,1084339.8344924618,90485.60087664795,8.665449289670905,0.0999301613611781,206653.08296983378,0.07695776265883994,0.8635666877835011,-0.20928001510863042,0
2716,1836175.9279420788,750935.9027996849,5360139.5020441795,96015.906143261,2.8340892418899544,0.3484231256465521,230139.71987774197,0.24753191240128344,0.07887770563444997,1.0718623131599794,2
2717,2809237.474605984,1256503.0347077108,3777100.891111284,77958.06733081634,5.98192235532194,0.035837124211441716,186116.61732797383,0.26664532904043714,0.3818147703457594,-0.07099312352601028,0
2718,2280375.030850553,2766516.922460205,6859166.2176151555,139446.4983539809,14.995837591664037,0.2520248554799839,187405.4422987713,0.35238315443698676,1.3273304863636133,0.3590871928842358,1
2719,5014313.186007328,2536730.279691294,19486295.64380166,91968.3511120663,20.318636094843384,0.1974228491996035,121045.27493366138,0.0,1.3889164554672893,1.5806096511455836,2
2720,787708.5903388918,618442.2579951092,1729582.0696726004,116474.89938576076,5.697082502050875,0.07241380145025926,190008.0094311677,0.2780892240808767,0.20173715996936648,0.2300117528085972,1
2721,1500121.0735717174,447332.717904701,1733670.8576983293,103359.56965484597,14.56766123621106,0.1138619907547514,144460.51424606043,0.053444844478271525,0.9157036293736203,-0.10977561301519471,0
2722,446239.57826166466,299402.5411272015,1452943.8498417174,93609.82102034455,3.212408642893865,0.0,287144.319079472,0.2210953919727379,0.520685868317909,0.9485807092450207,2
2723,662183.1530253446,686941.9343312295,1185965.6053246073,106047.44539869273,5.367987488912982,0.09369850799633264,200914.11985253185,0.024395124288555208,0.3655438284431903,-0.12093725301013819,0
2724,932649.3274860729,655032.9727322935,1560797.5594116517,83811.44508222166,2.307068715041835,0.03935655023457095,239700.759198241,0.0,0.0,-0.016933325264769403,0
2725,5066256.656322884,715405.3662039617,12582152.377317315,110071.2593108978,39.536537569789225,0.24740149749469728,234343.32885051332,0.13341815518729752,1.4746467971413266,1.1762172067986687,2
2726,3872860.8583691223,2351726.2088767565,10736199.601947257,107800.89368498142,10.543212225988702,0.04103413762579836,143880.49994831544,0.2380113911180759,0.7640768378391916,0.7248051133290004,1
2727,1272992.233027071,1611700.0363711426,3904243.4629499,71067.54964011209,5.826366142947716,0.18517657327603107,161325.0802165616,0.05332679186252939,0.4591157759328627,0.3534349935233747,1
2728,2146527.41735755,1440158.7344790727,4248604.193644285,102173.57405436745,3.943433696075198,0.08965534121145685,212528.96855236357,0.05131495158248436,0.22239748132506687,0.18454863731768573,1
2729,1018506.4084890815,879672.3646104345,4345137.328862339,126171.06060219534,2.6309416378247716,0.07610348865002015,246237.3864236271,0.12792864033187698,0.5844530525372631,1.2891085868414862,2
2730,658182.3587786261,267402.47297317476,2457707.797206437,98904.97933506637,1.006653215718909,0.15381506070208925,209203.9485492526,0.18952879906082032,0.3923138130328642,1.6553025858849435,2
2731,6397228.593147254,3529611.415153406,14953125.06302745,106988.92113719891,15.837147798796263,0.0033152821904282146,195380.81135847632,0.07765745408046731,0.9703306530454201,0.5063328360811591,1
2732,1122532.7166657578,535138.0926418583,2450398.8384486954,87878.23815947733,3.51090604340249,0.12442402097627245,212271.1348607797,0.14331111422273063,0.5909864116918486,0.47821800606610765,1
2733,931001.7263629149,1124857.4733395306,3475848.841916951,73250.04498821725,4.8976297090320156,0.11481688873634091,177733.45283224204,0.150228501434283,0.4515180997945004,0.6907037419780633,1
2734,1131645.4693123666,700161.713922268,4224154.407504915,93255.40046746023,5.162144666861979,0.21135760451081056,251947.55053318958,0.20926459454650262,0.6720862886605479,1.3060038448183369,2
2735,3432564.5342319645,1496166.6296867498,9562855.702647518,96591.79169578767,10.087149002971142,0.1280796491131124,175601.7212369249,0.17999826487744044,0.843606868244194,0.9402266799726047,2
2736,1629911.9014574892,757616.8265853386,5892542.409087616,104858.48747156086,5.414696616427864,0.15864649675915854,207587.769418215,0.2291062724423698,0.1155955588417712,1.4680508929071678,2
2737,2438771.053497784,580605.1673169791,6391372.191383328,119236.25517362765,17.70086201601367,0.366290042573513,176316.1074835487,0.014356259255877817,1.445534539680167,1.1167856285423912,2
2738,1090986.1956827755,775101.7264533454,2580089.9354674346,85901.78305471875,4.828849438020843,0.15260397736955136,212191.49799461427,0.32290553602064936,0.0,0.3826197066395412,1
2739,2191671.3316842914,2685139.0724760704,3917716.7344063083,121890.65496277576,2.227864823619648,0.03386087611042393,269018.031002785,0.2556733807448945,0.40928803547461406,-0.19666412886091686,0
2740,2452199.716088828,1013428.2587487192,5025447.328802104,77144.19728047714,7.111470227539364,0.12578259922319526,354503.2227565583,0.40207900070960517,0.18257829029125802,0.4500827455484959,1
2741,1240785.146975603,1601039.1786570335,3364224.4367464148,76689.45327384955,3.3766180549322558,0.0852772269890016,175493.12759704795,0.19895714202978595,0.12771623063788765,0.1838256173690411,1
2742,1874866.8399479666,2177956.4591795183,3352390.0733111054,67545.18134851307,3.6416297257811543,0.050249636811809634,212578.53976912727,0.28605705029979095,0.6526603937234088,-0.17282599662491396,0
2743,1853588.7496536996,1341000.9663299515,3300100.351288657,72705.17545333253,7.277831226832255,0.37923096095062253,135782.14676021386,0.20862067715954277,0.867769531841033,0.033027914281793185,0
2744,1418607.418138655,792732.7355662636,2341158.4965259065,70303.17746957294,4.600549318979118,0.046125167190263924,158904.64184071677,0.2618504721540457,0.4604396711706031,0.05870573217941531,0
2745,1041861.005422954,351213.1375266561,1740495.9823246663,95094.04157656958,3.845416077137326,0.010715104732333057,234028.05607197195,0.2679777209743548,0.6508466319456709,0.24939221012274806,1
2746,2173713.3091631546,975791.413981226,4467288.640834811,85302.98206125351,1.1646616412645971,0.0358043180006706,219382.75567473803,0.0947432637269001,0.10194238127404495,0.41840988775365,1
2747,1815024.6713507415,880463.1589006779,6690103.616014776,87694.4829040947,6.316979777332488,0.1501766182648436,184906.79719052633,0.23632500151508765,0.8583791834123289,1.4819639476505304,2
2748,2610941.6354448902,1465009.1390475507,6731089.931730702,106048.10152696984,8.023720415723139,0.4279554299464135,146738.5836818262,0.13328136836419657,0.9345057273284709,0.6514159037087225,1
2749,212618.6466691151,190019.25274873743,710630.5337093091,104004.77424352232,1.6147884939118198,0.0,256338.21165507296,0.28842954879115795,0.0,0.7649370184395525,2
2750,693998.7821692248,578456.367818941,1286841.9121288122,73190.9593531249,4.87774590270552,0.20072667907315866,264062.15866609634,0.29839367018178614,0.397800237905434,0.011306301947679762,0
2751,1368000.1347404902,402580.7833185548,1740880.070936401,74424.81340930112,7.822883420879219,0.01744603032213082,349865.31031722215,0.005467761395045961,0.4480244315497933,-0.016774634143918644,0
2752,3080391.978310264,1635998.8966270722,18409569.638689656,84674.48440239443,7.025975412019854,0.18461610673985454,219566.91788920408,0.39707775207244883,0.41108289023842864,2.9033172031006123,2
2753,2339296.3606403363,797864.6770368884,4596271.006292274,94341.43498482463,11.304549191715408,0.1593771074867185,166412.44092355832,0.29802363524003334,0.2021739413352423,0.46510521809087124,1
2754,3260130.345960597,3827509.4723150786,13684495.519059326,129383.51393882092,5.644280597126747,0.10008560610305975,261589.80509646845,0.1597175149191951,0.3096620786775282,0.9307549296979619,2
2755,13096005.669592766,4426128.846237209,33114779.13659928,93376.22647387607,6.736733780462755,0.1464936001223305,223193.48184246215,0.17809469562829713,0.899161390710121,0.8898827141569132,2
2756,358926.8821229876,395302.70085492247,904234.1483546032,74818.0077775159,3.072894334805701,0.21212287342008285,243479.2537496757,0.25571339763786893,0.22951102830376516,0.19888448923527108,1
2757,1251321.747837693,183533.67592657733,2027576.4507210902,74058.76986066584,4.110949791617118,0.32788424796131727,196772.2449970464,0.11449932657290965,0.09359859697639149,0.41308763039125324,1
2758,1456983.7216692758,444150.49376938754,2799874.905662702,86202.25442624975,5.844823235812836,0.062386171812599464,148915.59064545296,0.2656731862513784,0.358347439604406,0.4727392116377567,1
2759,476146.369722333,616395.2510474701,612470.0030801011,80527.41052708178,2.007344675560059,0.0,219622.53297437506,0.29783280332096024,0.48370875590132534,-0.43940808163577727,0
2760,2712423.59595462,1276823.3810887677,5307479.952012911,86814.6729534059,9.129050204658757,0.27816048477817884,244446.1332856543,0.3612612107472723,0.5380608421297453,0.3304465686269759,1
2761,8393231.129451426,925474.0522105879,7029786.345217379,148371.47701719694,11.073799499478236,0.23925547680374232,216839.96149181735,0.2526394486029439,0.4556957102036973,-0.24562627444732624,0
2762,156142.7960766372,351710.5202217377,376038.21667221904,71450.58955732214,0.6658774529178966,0.0,173353.33468600048,0.358173308981439,0.0,-0.2595534879774451,0
2763,1163395.9994978148,1632563.2590916252,6603511.897450392,120310.49120625296,6.7789252407331535,0.15323299306892457,203393.68323307307,0.0907168928694226,0.8335748995480461,1.3618054795197052,2
2764,874730.6592574092,498942.87579479255,2114068.956478577,89899.10114025469,8.068513382361349,0.5605614407300128,165582.75421925395,0.26173260253422076,0.7781731904808782,0.5389893613974585,1
2765,772919.9225970266,663732.2161658999,3028446.5971887764,82993.7967860548,3.179454235895216,0.10543134743011401,185986.71714554162,0.2686736650600298,0.17718498687516107,1.1079887855083093,2
2766,2000966.4354839018,1190694.0492561285,3680531.860879433,91647.93238963603,8.969845325473521,0.0,126004.00741535747,0.07465540402783254,0.22882857852034127,0.1531714850237972,0
2767,3826982.1083143307,1813048.6777589147,5118588.912197254,118799.37588108137,2.8864718235283333,0.16247839321028248,263913.81726340594,0.28600034849048034,0.2799017887181244,-0.09245372829587595,0
2768,2211732.594015301,2130180.7978123664,8371475.047022005,108544.87746097526,10.361573474585086,0.15721389511394698,192375.28336620756,0.1783010451578226,0.4238513369012316,0.9280612696648356,2
2769,803668.4800356699,554131.6793218448,865820.0391374469,64173.20428265734,2.1402766740011248,0.1352107411426991,187954.6924329512,0.35534023898827005,0.29406250482574314,-0.3623361779931323,0
2770,5251438.403033944,1968033.4092438903,11079346.40421365,110437.01511773953,10.113681539830374,0.13062402584650268,259940.97841237902,0.3215623095422915,0.964196790201671,0.5346477820401625,1
2771,2907252.9701019744,2189731.6846458055,5333528.811412662,82938.59493237316,19.278694286565724,0.09814924616714156,168629.77448438123,0.2616808225432506,0.9478757026369307,0.046408646030461125,0
2772,776109.5233079972,855260.0589272501,1083131.3560476382,98154.16015058181,5.482799551995194,0.07694475541735608,271223.19969682803,0.21306644536568206,0.4833212468585241,-0.33606010076296244,0
2773,537072.3488438495,273995.5510240445,1306462.7067115062,97575.68620248885,3.7510481273265093,0.27501953924852784,294267.76918393257,0.35580384401221965,0.391472182317657,0.6107932602489898,1
2774,5287366.170929912,1072184.5641536699,17762765.439761225,91176.43868717157,6.918690689863038,0.0,178469.14858633134,0.18137024600358828,0.723223732664819,1.7930849488737939,2
2775,2012883.197890052,574115.3987524566,3815092.4564958257,106493.8427127409,7.987191957352774,0.08860745909255177,195533.6105514599,0.47637903530947184,1.508327233828299,0.47471763666481204,1
2776,1024012.6292560156,294117.238146013,2702920.8730660514,90156.16001932182,4.84737964048425,0.19501692295388784,295956.9524043713,0.2416657115058047,0.6118551668624377,1.050572511791558,2
2777,862575.5082376339,374397.387880108,2162919.7766512167,75143.45810741978,2.2900469177456797,0.08736686104799411,205364.48269274013,0.39600468760824187,0.0,0.7485587464685548,1
2778,1547765.0248933833,1290663.7587775742,2775624.0925562824,88487.9713574623,16.787674030390733,0.013169092535856554,162109.30939942854,0.45099618690689053,1.3194907107457596,-0.02212656927522032,0
2779,3445658.508396415,1804937.4453347656,13800542.460408285,92729.27615890124,13.720468535615153,0.25166385947247,171399.41476634622,0.15117776841398634,1.249708150213162,1.628376394226514,2
2780,2654178.8775925967,1905487.9009122925,10881781.341273725,91094.4528949213,7.383247669972517,0.17341947194627752,168776.89020815174,0.3290357406295402,0.42259669828192026,1.3865299527089239,2
2781,775178.5961519633,330798.75239270844,1510933.159448054,106537.24945353369,7.581366567053179,0.16609019215957216,210916.2107332343,0.3389648426609156,0.8236424185407341,0.3661519934709817,1
2782,1397073.010942548,791863.2871678671,3857709.704001176,59755.64080986718,1.4546502452000345,0.0,241863.43757840578,0.32178666829268726,0.0,0.762367277353534,2
2783,681614.538476173,1987480.2858434094,2558402.410000429,81426.61226163279,2.254544025598869,0.06448555568000183,229640.43350826539,0.2061349339117035,0.2259722939801785,-0.041471892759513185,0
2784,7366514.757698146,2565459.218704513,21965484.581718914,115568.459646346,15.30070595193536,0.02832039487129469,246540.12343066192,0.15964562496214493,0.7329345356279724,1.2115930462470632,2
2785,866405.6797272328,937128.6831769273,1105768.161631792,81274.64449928528,7.001816205906474,0.08820575683221528,238670.00642157448,0.31594776936960084,0.33498883508765437,-0.38688822105323384,0
2786,1293198.6986996203,719028.4813440284,1103637.2220505648,109194.71868523635,3.6394025453188865,0.15848621560840426,221257.64555667524,0.41846912539953135,0.055417986960751814,-0.45153448229109744,0
2787,11079182.20937305,1596939.4204280823,17438096.164771475,83309.95789313992,13.4121879055286,0.2363392847932182,329724.01293103513,0.0843438165198651,1.5281043995063501,0.3756649450077145,1
2788,2314992.9185390323,1785229.9126768394,4987643.948329706,91029.80578156695,9.522813580185023,0.13467392679293852,146504.79263773575,0.18060206083327807,0.25393531285491555,0.2164324120039789,1
2789,3243307.0942098936,795907.7203091758,9788105.491262123,110002.24849953358,9.179297567191767,0.3411925290568546,279658.4932443468,0.4787589650631359,0.8336829215535413,1.4232693582125189,2
2790,2421871.182507648,590634.5140159207,1863542.8082958946,68731.64252894394,3.264852212854567,0.14211558271042837,344534.1663313045,0.2298384113419801,1.0090598628713314,-0.3813977479125026,0
2791,2072470.9765621745,1582213.8842334126,5057902.384685449,102821.9333099279,4.794667118175635,0.08398962875015785,212663.53059052248,0.2720482483635115,0.4248436685615258,0.3839503479335277,1
2792,3344327.9652395593,1453128.125829873,3807870.840944275,105374.51652287344,3.557547064415912,0.12568543510437344,301232.7049087793,0.46608339776192614,0.14991541575078035,-0.20627291450718882,0
2793,2697655.2546884594,2291466.25028035,5700682.466231693,103256.57030336987,14.921499503218099,0.2344404356063358,144704.51281446614,0.14740729123558904,1.0696865769888508,0.14262249587511944,0
2794,738496.9725543688,883179.8590204313,948786.4967793218,112917.56283326539,7.493283913060463,0.11921804411554657,223231.230006505,0.27823189132643916,0.3882134686981597,-0.4149349128593264,0
2795,3701153.8060665,1256075.230507773,6196021.346140661,107865.25628598168,3.5789601870792307,0.10221607509145139,250017.9434942944,0.2721075525546773,0.7022906924799428,0.2498961214877543,1
2796,509822.0154905857,491813.8083088387,902185.1443000145,81884.71195676606,2.007835592393018,0.14842101342865124,261141.3514976733,0.2704256193632624,0.15368148442259844,-0.09928826139841088,0
2797,1564044.159444401,890236.1514804033,1729054.6779036587,104955.45130182196,4.801022161615433,0.0,219007.10031500855,0.21113167385650333,0.04285889992026913,-0.2954942146554854,0
2798,3105411.5659038634,1560835.7080005188,7839681.717048099,91482.60337236893,7.118916650011839,0.0011861884623115399,252289.76587084384,0.3605842878662311,0.5853088529832546,0.6800827853446382,1
2799,2936125.795673172,1491718.2870629427,5581398.297290014,115766.57782508536,11.025427578199732,0.0,135646.66787321967,0.13015081238389622,0.5319044497660279,0.2605227720306445,1
2800,3668455.166602331,3536323.1801517704,6794512.2339213565,106346.14528563028,5.303673599736549,0.1187424487241113,170301.47734496734,0.2831378192819069,0.4135283352725913,-0.056943613403121374,0
2801,993798.4578395601,803565.287522313,1115807.2072133082,67734.31731819644,0.5402841016563305,0.19966991430459793,286217.2515363352,0.24084753439415088,0.2637082623395451,-0.3791978890791209,0
2802,5505219.044514195,1686366.3202972368,21165325.40303496,93789.89071451718,9.599793841517725,0.15021404229147983,245184.5640950205,0.22650738555810543,0.9678358636435822,1.9430680899092587,2
2803,2009078.0708448193,1101949.4883367938,7692107.989877477,91516.11971076716,10.357565835797082,0.00193251620950518,138133.55361596914,0.27965748332563184,1.1460231596779873,1.4725296846617983,2
2804,3426664.112672952,1198066.4046840386,10597093.926634047,105083.68062272204,5.467003113673273,0.2931653296345154,257972.97400213266,0.22732072279602566,0.8376274477700545,1.2913970634315426,2
2805,6768199.893714619,794902.1796993201,6853249.078887066,98297.79646283199,16.747101804940844,0.11887464756650451,186704.91864221075,0.2015519598155777,0.8742315090854056,-0.09385738651104175,0
2806,2870869.909585207,1077884.0634216226,5545313.782694286,110322.63151172613,6.931439087068923,0.11069920106196013,216547.38817579192,0.08596926834479855,0.8269888879356349,0.4043198995433324,1
2807,5126445.051252212,2226647.0896483394,9603715.25302766,108597.28754810466,11.171025667176888,0.10193779222287484,246721.31173557325,0.26439054062921763,0.7753270086380863,0.3060784591027128,1
2808,4032570.4517999864,1179301.8280190888,4575703.4936756175,94757.74004425608,4.3128845753360565,0.3626132589565921,312840.30390921637,0.0766051696632996,0.5967181401662669,-0.12206146889032006,0
2809,711470.9739018807,661189.7204968351,1955656.6852944181,96987.43995736854,0.7016727128204046,0.20903336454929047,266498.4509327479,0.3435517643824444,0.0,0.42471966544585865,1
2810,1170564.3507778926,544327.7999970883,2648386.0180781917,73397.7558593703,7.448952435076759,0.17364044408605492,193722.52172582838,0.14146184831665104,0.8166954681297962,0.5443455245167187,1
2811,2816567.9193468825,1481617.0723004346,11033279.075036688,96352.20604827865,13.12651882320741,0.015757332611331904,341416.18518513086,0.11299136408082054,0.8849154242520736,1.5669623565476383,2
2812,4350022.095316589,1385271.8863207302,6140889.853959096,56743.228967440264,6.59984321632053,0.07214045461852032,138127.83866538818,0.26896017002589173,0.5489550952063509,0.07071928197933212,0
2813,1267537.6078263323,1233777.4238246914,2592313.2353170635,75741.61207383926,1.6219895716944284,0.0,142513.1481076122,0.5206312775143778,0.0,0.03638014504953231,0
2814,347912.6350671175,132770.396785432,360442.94781969907,71699.73642592072,1.1097269968961583,0.053963376218252514,326244.9193944677,0.30188750058788305,0.13649617330461447,-0.25014422408347947,0
2815,2977311.160961154,1726838.1298817736,10308033.896715112,107189.74505136679,5.62344510246145,0.0560701712896541,233269.16538800247,0.22187339556193011,0.6854736659650957,1.1912641923972684,2
2816,3766323.1217977162,3170441.7483655517,16464369.676265553,102473.74607602741,7.787107233409184,0.16274488138985868,190723.41231959756,0.1641191975984371,0.662597817515421,1.3734939823436798,2
2817,496467.4835654998,810607.653350941,1525993.9354122363,105283.58959911882,9.27408193134069,0.12024897723497582,200543.75906820217,0.258699119776095,0.4971998663695401,0.16748753940209823,1
2818,11327826.012475174,3687161.7038624263,32944540.594031643,103251.12261941058,17.924932103359883,0.3260546881281627,156413.71571444086,0.2548018023736927,1.1115490861411819,1.1941103926568746,2
2819,2017553.3219782433,648788.2289547895,3317314.1968131447,80107.72106940977,6.426660831040522,0.21942335262162796,235135.70534562145,0.3008078498874586,0.5591316044115289,0.24414450791284303,1
2820,973233.6340845012,740754.7584299084,7183008.757740597,102923.3636193802,4.70974236383068,0.3398486915196991,253406.06827845817,0.13463916098049813,1.225197581147916,3.1908152873796136,2
2821,1032512.5498306438,1180313.1808490164,3095116.5502733774,73348.660500154,1.2426572496733752,0.28461992722575524,259083.37253536252,0.24692865832570474,0.0,0.3987168114331016,1
2822,813146.6590158956,587493.3630921848,3078887.692156696,99247.46721010868,3.347739083297186,0.018013769245557087,266865.24304050294,0.2807253838106787,0.10575636851897555,1.1982005679965597,2
2823,631892.6246300872,216837.6583277349,798849.9823949789,88792.9884120684,0.09743053123412611,0.0027382832115856745,237819.0383085821,0.4485022966948034,0.0,-0.05877049701703884,0
2824,385244.0177033879,370508.1607111681,634530.0048285809,107251.1388440482,2.565143655872868,0.14647009840371286,270268.50379212806,0.14807455697884556,0.42108382593447274,-0.1603993703865721,0
2825,5218526.323048203,873544.1989285542,6560690.598081976,102115.35296699249,13.055303000979915,0.08638551920812154,169553.32725250785,0.20766995977327085,0.7458028196625195,0.07692295655716742,0
2826,287984.2508905681,432696.0250807501,944722.6018919682,113470.56294515758,3.9962696273108334,0.09957118425206421,145673.2019714909,0.32926457207554216,0.09600830481225973,0.3108761726809997,1
2827,1583777.2106136573,1129771.6318084728,3211051.574833793,63104.255853366005,5.347937708037308,0.08308522821136524,160597.7560363541,0.16430045392524711,0.6694163140424951,0.18334025341058136,1
2828,234555.02764267533,283453.504523621,897975.4269635974,92750.72215330819,5.0338377979957905,0.17983050691789357,104490.51100314336,0.2034331396244646,0.5775172446661196,0.7335147419450618,1
2829,3060497.304790439,1586974.30845682,4700749.5902375225,98847.02310102775,10.047885238516592,0.1367180534560984,268016.966747004,0.19645600445047257,1.5634996067761597,0.01146386281056546,0
2830,913894.9675717924,736161.8486774763,1434546.872870171,89249.78871470242,4.241297791584286,0.0,160216.3935034083,0.261898007223609,0.5985531184491986,-0.13060758954286897,0
2831,1804084.7276810994,696692.313047036,5575999.361318315,68930.33518768677,3.1752361638506343,0.07100428548380243,312804.0219814187,0.20158299933410556,0.2821782632649176,1.2297067153554748,2
2832,2177556.0910129743,811380.4068070194,4250236.197175254,123481.72221058483,5.847594032117267,0.18303940442150574,247135.3097005007,0.22693446594630806,0.7543137200994745,0.42198946022279166,1
2833,5430549.877871342,782199.7404465169,9593209.303824998,120101.82053127991,8.722676588896768,0.20663937377483266,371717.8387155539,0.11342628919140961,1.1913639403036873,0.544116517353297,1
2834,1370745.9870806723,297762.22064234264,2823948.8666561865,146393.23088885567,2.4800004462634404,0.04864295788369876,291311.07392020844,0.5357207467218836,0.09003458364247764,0.6924992358952683,1
2835,3057469.8055050657,690346.1517958196,13207524.836219387,90470.63926159719,8.202905287609143,0.029890002959942565,244124.1802007421,0.17013127139252393,0.9704064362763589,2.5240590751236427,2
2836,6110527.481165757,2232100.7291537365,6762058.653158818,85670.2854195094,4.513148696475145,0.1628959086632799,263648.17510591104,0.45303842463794936,0.4609797347548398,-0.1894570292855164,0
2837,469332.11293103,407153.7460635093,1783304.767748716,85598.12380614487,5.742620466239733,0.08593668614725371,157853.3022058916,0.37287762426325,0.5268520370016838,1.0346075746098562,2
2838,2118850.1078528697,507706.7893817391,6249051.438009038,101699.11743475516,8.610251199854794,0.2261012645057104,205696.30492675072,0.18674313657007788,0.9150617245088677,1.3791799235677706,2
2839,5084183.6858287165,1378150.6085963263,16373936.304041293,109086.67989804939,13.457141428791777,0.21041339364258402,310067.8844146541,0.12883639415139192,1.3629594245583387,1.5337495025855965,2
2840,5130336.697851791,783444.7914148875,10661967.839814428,101535.10326969314,9.412913420140896,0.11225239974083942,201183.67198429137,0.14474009734662333,0.7112443927812035,0.802901892666402,2
2841,1985275.7581154595,1938351.8843049663,2817228.4483130383,99827.38959837641,4.971294066398794,0.33162714433243046,254852.9969361405,0.33617488066560525,0.6891334713024588,-0.2819837392686088,0
2842,1990664.042560678,1321356.3982534981,3419273.008646272,63397.48077387919,7.4718695315861705,0.281558718969972,124454.2669987904,0.1995890872633242,1.0491659738476344,0.03238282182996754,0
2843,1168700.506465329,1185698.6332160148,2924203.8537250836,108137.93953112682,0.7852276693282847,0.03730492714254993,269895.0396669843,0.25938791276470574,0.08485816210903432,0.24201704139293048,1
2844,440628.9046218778,399648.1280144655,886506.4817531563,68001.22246303287,1.4415476042182442,0.15561356841302995,212245.292078199,0.1532476101162769,0.06300429238016714,0.05501691385252974,0
2845,1557225.1550138954,1235098.8629888315,2123743.1232598587,85997.74641186293,9.352264410452278,0.22385099991817436,194806.5990909226,0.16964520455571322,0.31247748898092464,-0.2394352841691653,0
2846,1243803.2008639174,848858.9252006861,2085257.6558765399,97242.64899287875,7.470135377800851,0.1981029202189322,286557.92752363405,0.15566512868316323,1.0435018130979379,-0.0035383018098522146,0
2847,3242345.5396313253,2580133.5942392,7407437.356831247,100797.2504120016,4.810510600445805,0.19119914441876668,210912.92868178428,0.21998141430773613,0.837615759164013,0.27221363727019693,1
2848,1012932.7317105422,821173.0259786606,2156829.380322815,53376.31322705423,0.8756689765293708,0.06743087225884697,318468.67290127545,0.04784753692364819,0.04397517571148564,0.17595693229828419,1
2849,2613367.865376395,528067.8578287642,3798717.4674651236,63283.812686665,1.3374054009749372,0.2077267288928427,198761.75659781432,0.2048135230801557,0.3071570169988558,0.20922972875260665,1
2850,1208087.489019282,934610.3877754397,2284009.8316760296,107519.24158089027,5.123540271666813,0.236444318420363,272703.74773925287,0.3193830963571164,0.330156149212023,0.06595048065884948,0
2851,9629853.472995728,3363956.7465429674,27222020.720104236,89249.41532641526,9.665255986039153,0.21116118519958552,153534.91176201988,0.1963902923765885,0.8487468239216249,1.0949991003540043,2
2852,1338007.076993196,370236.27573115693,2139052.9599568318,97651.01863798004,2.947446709396224,0.2858686236344458,341914.52625312033,0.3535988082607941,0.25139609585688144,0.25219451698460416,1
2853,1098499.070640464,812487.0094007341,5584222.582893919,121193.2936936556,7.3347045254197525,0.06977074859775878,112948.87366770935,0.17092955411368785,0.24214384471291303,1.9221681105984465,2
2854,888948.485282867,704303.9402632898,2741951.747880658,92264.91398547322,4.587930654610149,0.05858604516203933,125779.09905809292,0.173569006693348,0.1410738155438695,0.7209776077640269,1
2855,2429635.437974431,395663.455401738,5615087.470147583,83961.34471251041,8.061486303404415,0.1084019383424942,285015.06316906906,0.3539976442803582,0.6423451328726459,0.9874313062281628,2
2856,581477.0365838612,485661.8934068107,595025.5215616437,81420.48966786929,4.358432774188209,0.06891276498302273,337179.2881546712,0.12359732906195478,0.25627550852331776,-0.44241044456428474,0
2857,2411823.697371447,882001.9325930206,9238610.942974115,116857.4584210302,5.084647022498488,0.06462437279815982,265773.75587965973,0.24791766863015854,0.6645964065837915,1.8048269644054526,2
2858,534578.800655289,560969.7647018296,998598.8314916113,92443.50533359373,7.5818193249456804,0.11981682841391042,147195.41039325818,0.29019197433768795,0.556497869365828,-0.08849423652332962,0
2859,2944494.16972899,1311609.5919451644,11189012.35405654,103301.69972061008,7.00398816463267,0.04375777081626374,168102.07014076834,0.2636045371970997,0.5120551183735393,1.6289331700069503,2
2860,12550317.696580289,3311760.846124133,38656597.675580494,70372.59947876936,27.30495656870445,0.21248697095442123,244169.0460278433,0.3002281069401923,1.579354970042072,1.4370449037626374,2
2861,4775285.819419855,2949730.0191146852,10892089.467797838,70297.6478916529,6.646263259032766,0.05415958967787444,193651.32815750875,0.09900415922905202,0.56461023453102,0.4099763282639562,1
2862,924675.1532421181,1827073.4825519808,4524419.9483636785,122596.19218928108,17.228265134694634,0.2327184899106399,143984.3181342814,0.13920137208738348,1.000561761966071,0.6441981253342286,1
2863,975912.4765232101,738904.43775295,3937735.417133024,83278.05021382752,2.042519849763431,0.1675580790403641,184045.73993887258,0.06495330376455734,0.05378420703777804,1.296300779605488,2
2864,1417911.5716736857,663656.6890294802,2574201.2338076322,94091.7736524028,5.499864555569359,0.181803391900677,236395.97874696867,0.09835119408684617,0.8755815379043401,0.2366643373674673,1
2865,2253805.7567752055,1060993.5993496608,1738789.0842731395,84485.3798124312,7.008410729103989,0.36118237530526454,222793.261937341,0.21397444258269205,1.1028215883528194,-0.4754466568058424,0
2866,9781321.218200061,2194884.17537523,21330415.720530726,104676.12316339361,2.977984805036348,0.2376173685486805,345967.91782049346,0.0953677648445531,0.792429396329946,0.7810662909951057,2
2867,955593.1253647435,562768.4716111729,771033.7419975688,110570.29098193768,5.7322253118334165,0.21119898237392454,321549.77658724284,0.34763270735631563,0.33074229602479466,-0.49219359635200355,0
2868,2186973.480288867,826401.0890135501,5471237.741705381,93444.56430951755,11.880711705727098,0.3576192248376451,286337.65254355175,0.22950578276798153,0.5793373145272731,0.8156513954293937,2
2869,4466138.137917018,2164692.3947911807,15505144.330027295,112100.6290575254,6.092623911551143,0.31764138791600405,276377.18071791297,0.20451576939352556,0.5852316949066847,1.33834121586193,2
2870,1503169.526689173,518952.6557570803,3499440.0367022078,88149.76398533813,2.940149267526308,0.3155877855291226,288089.2869920603,0.2088345793269676,0.7876097271276246,0.7305779379111385,1
2871,2418020.9846998993,1048719.622640673,3905507.8411604394,70327.81617477004,2.01487717911347,0.0,278817.1999842125,0.3276755372298546,0.05067929208494836,0.12656477178904274,0
2872,4381819.7308256,1056562.767977153,11766979.443837248,112751.41669989245,11.990845204594606,0.24769793075677093,272609.1125014939,0.10230520992920553,1.4766624852567927,1.1636910324766085,2
2873,4433989.091462291,949499.0361130226,8625656.040413221,130811.77330070482,8.172537144130743,0.14057723442846395,239869.07729461466,0.1993288177485428,1.1782102003474408,0.6022429763020872,1
2874,8601765.43779708,2532414.190335088,13945343.980838269,97573.09730581594,10.016862710802943,0.44609429145948576,146228.09894360122,0.1974703515337441,0.41315496877033364,0.25248059997193456,1
2875,2491491.0074685956,1092897.6672057586,6894701.549925946,76124.17528413041,6.254636794552217,0.29507026165895583,294774.14759420906,0.0,0.8788144444682207,0.9235362500280014,2
2876,4417595.017286664,581216.8402042912,11660912.958843563,147970.39733172074,10.670171419807355,0.23297838559686204,179534.81492600314,0.1529247533031539,0.9335100877801936,1.3327369165473062,2
2877,1351730.1602163564,642342.1854690254,3468295.3252354884,91582.80199956922,8.02300751551689,0.12564613300062488,127080.63562847613,0.45237916444635257,0.5171318114268253,0.7393026550615954,1
2878,6422289.65819725,1907720.2940232432,23221126.53214372,119252.8058414213,13.063769159432658,0.12135007010552884,118009.72469154061,0.15647840156117257,0.8704105773703263,1.787646913429409,2
2879,3546997.7929779547,785145.8986491706,5040854.574497776,75867.98700200254,3.240070845023607,0.13918113883294797,260393.03672301557,0.08888215676662926,0.2958923696051464,0.16359357706449104,1
2880,9643939.152197927,1562855.240188577,18674390.09861187,146041.68960515189,47.037039409163825,0.11081876466723801,132349.51829757204,0.32905618250023255,1.2868834966598355,0.6663453834129931,1
2881,8713324.078643078,3208656.2713025217,14759210.310255866,116060.10638971895,19.255120790256477,0.11372038159571328,194944.0898563355,0.13108757610922556,1.1019312007330146,0.23798310993887972,1
2882,4211139.662542523,2636879.123963305,8435195.670708911,100029.03552806712,11.961895817456785,0.2784796820541977,161631.52402517232,0.26918158935515674,0.9515547227697809,0.23177168954773472,1
2883,2817715.6741483947,1896859.905244493,6887722.880507073,99501.37698139116,4.374284280713517,0.06050609097968087,215583.79489707024,0.3524995856627335,0.435445731044486,0.46094229788422003,1
2884,292243.0406814833,444470.4772599816,1478723.4817470384,162494.80428894816,2.5587013592819714,0.06789093739738701,195039.2446158608,0.346417203287764,0.0,1.007189288285232,2
2885,803422.1131598022,1518910.4710139332,2457508.5483166547,92413.49502989967,4.893917024217818,0.37979748827347765,176638.51366019633,0.06745234960056976,0.837690408162503,0.058206979079619595,0
2886,929271.6320508622,496492.11346687184,2001701.3805006011,87320.30626137873,4.077782901938818,0.11268465688353427,208116.22442751031,0.25751249429098116,0.5626920905226107,0.4039502594966941,1
2887,2194200.976964204,1119215.8746331227,4347339.973901359,109812.90440091578,8.895655986908045,0.30548717297899,184899.14308352026,0.22094349413983982,1.0317799535582695,0.3120413665445084,1
2888,2416214.665268082,1790294.2550204308,4619567.985565816,102836.52425495398,5.146707351030021,0.04578505378827787,400907.28277585615,0.2861981053933885,0.4016620188191725,0.09819521914836996,0
2889,1390695.1498064636,811201.6582757474,3674689.916026014,109414.7052849731,8.930259669614747,0.22076080708399087,169570.0976488745,0.21742421860119937,0.7711475895364097,0.6688747186234235,1
2890,2967245.145977785,1902874.0003070422,6847586.106364685,90865.71312750092,15.039244176464372,0.06942616221055826,182322.26370147185,0.3491611368910182,0.7913543448646183,0.40604077655643595,1
2891,1640032.4311193007,741829.991145692,4000492.012965149,78879.90751324804,1.9721918050262581,0.20093327076272358,310535.8693151416,0.05493468875342544,0.02307208808744969,0.679564686679488,1
2892,573042.6650367406,635082.1411377456,1426831.495529284,78609.10271078588,3.398663334031437,0.1902755496804588,212840.0131162585,0.0,0.7358254019083623,0.18102988055292907,1
2893,1973703.2501083098,588620.4959164493,9701494.447462328,94272.18399018855,4.436949833703779,0.0,173501.2138478921,0.38381947825275675,0.4797778272418914,2.7862094758765057,2
2894,1488208.9388029175,842255.6476529682,3512277.963435279,75326.74322801737,4.688707243581368,0.1155147331751897,179437.64523271547,0.2195676576526587,0.8312701213949016,0.5071149262888679,1
2895,412026.31334673427,317104.1298232634,992391.5956649712,69047.9411367472,3.808286856813875,0.06293515485048676,155387.5587424565,0.22929382306050192,0.4604357811448392,0.36106180308479296,1
2896,981902.2087587012,784007.9123921263,3167838.2376478347,49289.92119614378,4.882110631291445,0.1132185577834843,182962.97237614004,0.35392697855939226,0.36060685512882834,0.7938841845378763,2
2897,8590327.86389286,1192592.271551228,17975395.09838113,100828.66260167086,10.461481267612186,0.32088345351585135,288171.1499710431,0.23241719680989262,1.8063494126667061,0.8374263358498888,2
2898,2464043.666620029,457844.2185064873,4126562.5040433635,93402.1258428584,20.202947216722624,0.06215486488996094,214775.931426787,0.22107471465049003,1.1958238375797858,0.4122932385767038,1
2899,842532.3840064263,296824.95729423873,699555.1879976521,85353.82106903211,6.268700532156722,0.01230480156473382,288996.5707351242,0.3846894178041884,0.31954404674765036,-0.38600896958362907,0
2900,4300224.686564088,713543.8579148059,14509971.184885168,84550.89367858169,7.4109916231638415,0.3466489811841214,237559.57393078372,0.14974730984681767,0.7490895129903625,1.8940249347695535,2
2901,4785383.777230313,1064951.8161587215,4506900.997647849,75968.9378333425,4.601620913747855,0.0,206328.01975009908,0.14459042610215786,0.2634938346619885,-0.22963376618245393,0
2902,1573612.4986787438,580831.0508904555,2346455.5351915588,82004.45270965529,12.39282623659232,0.43214802214027814,177527.1249723587,0.25521343624639153,2.132999898501463,0.08912370234103092,0
2903,824127.032446912,508744.7574883287,3885842.807455159,62572.96665728766,1.3844619156974525,0.19281773964361,216229.27471714272,0.1513554330987082,0.5821706745477089,1.915391290293538,2
2904,2084761.576286208,740252.4487028542,5252578.9728857195,71021.97310297974,5.796586105440198,0.1273982964741376,186946.148348593,0.38549312630370947,1.2293919120083676,0.8593107596717353,2
2905,1755237.5079119576,1639480.150245746,2850148.5930330153,76409.04074495927,2.918609270116335,0.18554725697692973,228453.35472239813,0.10527309425735937,0.2934690225167291,-0.16041660013051665,0
2906,959516.4888853848,754563.0864957427,5997429.284629698,102735.1344686854,15.379846431364765,0.3727931239527389,122630.2619630912,0.23390144646803246,1.2416413394989583,2.4989211532353526,2
2907,1432150.3374509397,428258.8722163463,2771990.1037137555,85357.95188663313,3.951861591126466,0.19561695661307152,209940.15367555514,0.2524060616372397,0.4222710586343962,0.4899894546369699,1
2908,7312325.872198935,1407823.589658028,14240958.936347093,74864.66592114641,7.503652186323057,0.08211454588927113,276503.297392229,0.21949122507062413,1.3133606526665047,0.6331095010055561,1
2909,691513.8811538704,416320.67924435966,2893021.5970429615,112334.27674725138,3.4115645867046522,0.15995753519028166,191440.56264564596,0.332897827583655,0.3702418199470336,1.6114202431119458,2
2910,1633886.9539005647,966969.9604176183,918939.3067402578,54674.86882227367,4.515029543217343,0.1027559635834066,183885.4812906671,0.29898420844293166,0.44813296620944987,-0.6466782537396301,0
2911,4886788.9194789305,4199716.536434495,19719921.787985705,158825.76143569572,15.19123342505593,0.09008242810502783,163136.87565276536,0.1373624448271843,1.108422048802256,1.1702426618972797,2
2912,2452261.671433182,1262449.5362031101,6389927.585419673,84177.00543575286,6.548719509122386,0.0650707709377747,183170.59789829675,0.24473274764647054,0.8235252214579036,0.7201680637471809,1
2913,1498913.1434729763,738167.600446724,3173242.0174732716,96132.52699504535,4.745863867321586,0.23845869715178306,158646.57824773775,0.19397875378123913,0.5896832908027323,0.4184745124189288,1
2914,5603503.730933533,895609.9341621031,11315161.711211175,103679.47134403477,32.05002344550108,0.33707624211399206,157655.12972192385,0.14337154372778083,2.0757855942302004,0.7410315151096328,1
2915,1746727.339145735,2029458.4911664582,3559564.928598555,107594.31647330488,3.5985217329270585,0.06693748454659498,253547.17908277136,0.27068191470864117,0.5984860153050995,-0.05736500041252726,0
2916,571573.0787346051,699393.4689144883,2244039.58665792,114625.9634724849,2.724809028516949,0.26074484651408136,206650.6849625779,0.1343896627206507,0.6138842495649288,0.7656165622995503,2
2917,441371.79350163403,628357.8976641473,5823408.712030203,75892.59424359116,1.5173563862168598,0.09960807812628301,256293.12442194586,0.29482544157448853,0.16470809620942975,4.443813292387825,2
2918,257672.5450479912,327816.09101959923,539917.2751173769,58520.96596589227,1.5867462071693357,0.1289987500920255,178767.7391317496,0.3157574667138467,0.36009336678353815,-0.07783474886257677,0
2919,615038.6287940806,373323.80613483046,1129048.7900309563,102327.15931444366,3.1728622031099416,0.0,303246.4583978088,0.3886856574499149,0.0,0.14234287962610015,0
2920,13003735.90645581,3333511.0281489,32281082.298002806,131864.75202851676,23.095580570850526,0.06626576710581467,189962.56383123097,0.07671327910504376,0.9028416944037048,0.9759193471959277,2
2921,815560.3777731674,318837.26045773097,2046267.200597076,89318.27392497909,4.487100536459343,0.09444484771520414,197396.95959690987,0.15671554863378132,0.7949759922670827,0.8038359139994729,2
2922,1801507.0679810802,1965437.5047794217,4250870.227994903,117819.27510515701,11.056731288889186,0.180327754610412,250910.1604410475,0.2658200542996879,1.284504008407065,0.1284663593761799,0
2923,6904864.850734434,3028425.5728489542,20094878.182360344,93488.42946279775,15.560695136477747,0.20615097865905777,162333.68438254058,0.05261049986722277,1.0781208175857544,1.022983052488987,2
2924,296542.7281405222,524809.8993257824,688203.5152374019,77768.34634134575,1.7442579517156624,0.15208764484877005,131201.11712856765,0.29188340664047585,0.056852103869876325,-0.16210955900833846,0
2925,1787883.9686735934,735687.1817650232,3773703.2428708267,93735.73295931033,4.751188507249252,0.09957467219248958,202051.69646385463,0.16344620634599202,0.10301933070927208,0.4953821461364097,1
2926,3113162.1021748497,1381355.9502583363,12340874.946345683,91227.05858389515,13.78295273971627,0.13705046946545874,200929.43836513784,0.23893122425365487,0.9844212047693395,1.74576157051249,2
2927,1532235.912909967,1370313.713784796,2359218.0809887587,125736.89861849118,7.244913044350561,0.05891178499214676,246099.29067821574,0.09721684924903765,0.06903642219821482,-0.1871911304147848,0
2928,1317607.5419841146,594829.8009092878,3599936.951276322,125407.04965136011,7.050442475347442,0.27101750930213525,171107.4997936721,0.3112180709663536,0.5915894147132905,0.8823816448960542,2
2929,1637353.8161737267,534216.9566361111,5362128.532073222,95086.89231783454,7.083735712707355,0.43219427667984767,214370.7901920833,0.05232060631549021,0.6485504761794936,1.4692395933912201,2
2930,1203216.5462426925,542893.0797937898,2489653.857071916,112406.1681624742,6.485818917665137,0.14590858614799568,220858.75657835676,0.4231532683811544,0.46168456802620095,0.42582906591221004,1
2931,2783386.035048687,903059.0958611852,3990031.7635252415,92740.63910747119,5.048525584618636,0.08746355882302297,233713.51936805045,0.075545817953103,0.5174430145157047,0.08235213649862173,0
2932,7460791.129968,3988125.9442179915,18430549.617714718,122563.8820556386,4.154066673644402,0.12131227151502454,230894.11830098677,0.23527376960323967,0.9372598874306739,0.6098072418805701,1
2933,2096294.4994640388,1207845.0943791526,7426741.106596865,81839.78122236283,1.4700200948221287,0.13847316916132502,262101.63345458917,0.1674155887693476,0.06186380570407906,1.2477080328069592,2
2934,572155.4436235934,366802.714576469,872076.7616711141,99466.24571495673,3.2552967899363106,0.24319641535192651,319470.1946063257,0.0,0.6077447394875688,-0.07122936836414163,0
2935,1283698.3326345228,1394168.0799656154,4151950.2636514814,111008.80652278649,4.707788248521719,0.0,205615.62343189344,0.32786625147241555,0.25151426911554964,0.550469524586944,1
2936,2608026.004855399,965490.0842895181,2358420.4214769527,65616.9534519124,2.6311691699175297,0.0,197998.16604744855,0.1821949558386436,0.1438436670313772,-0.3400280388715744,0
2937,9509268.550408142,1327286.7875138898,12940333.027801668,112863.87982826353,7.036846424494607,0.1357458097952103,222643.634530093,0.3240465239358219,0.9891896372489088,0.1941371242314948,1
2938,1086427.632025413,482341.8601300501,1122380.4000421453,88342.26809479701,2.001504809044487,0.14094245793801546,236303.58411416635,0.3553901069400038,0.3838757299052051,-0.2845472801105958,0
2939,965326.6398818969,697369.3640520071,3803467.379086675,111375.03011224286,3.231748632268296,0.3650762319636809,253969.20118008467,0.25928840267180586,0.7508836028373269,1.2875302340823283,2
2940,2968249.5243799696,2933402.092430544,14247858.747163191,75239.77341738077,8.995641773550206,0.19563775284243998,310160.20475876186,0.24569209795338876,1.225266693277419,1.4142154895383843,2
2941,875151.9036109303,1160456.9551162743,2180265.8834829233,68133.77565601564,6.272153010941258,0.0,111596.30633104025,0.1190301816160115,0.06673283887962243,0.07106327138218865,0
2942,2553506.698218594,471035.25369727507,8814695.34880415,81048.48205611877,9.045016222106609,0.10545518174328058,225667.66094354162,0.12084333184523843,0.5217542136649644,1.9143901750876886,2
2943,5138433.9448418,1831819.2481857217,15392808.750897495,112063.86991535984,7.413788213616533,0.03422110134186181,254194.51322285697,0.39832186838379474,0.7898335282906157,1.2083571894196348,2
2944,1581005.9391085454,1693369.2855910198,2559686.302059306,100141.47221386693,8.57823812514406,0.11908063595626074,169798.8950126735,0.23073301640219515,0.35505166972621144,-0.21826726431630464,0
2945,1134902.4643997687,359749.8012453782,3675704.519698866,106410.54674115179,2.0822855340574926,0.0,201694.5674985541,0.22682388662502928,0.23803297312509583,1.4592372447997441,2
2946,922833.4218463358,740167.9066711025,1370019.0691192104,97063.93497623467,5.354034507856552,0.051062243435155155,196743.65693019217,0.14166461903411484,0.31170338504662387,-0.17617680417574952,0
2947,1315860.4485022256,491396.880174033,1845238.202991021,78450.96073962531,8.322417212286735,0.09164070960753838,153850.54559190117,0.19633982434473313,0.34545399579953834,0.021015753380611183,0
2948,1344808.2578254743,667389.2706069264,20804345.775708348,96341.95619877026,2.572813719280892,0.355389184360459,190913.97350800986,0.13709059394983059,0.4706323493322993,9.339117050757906,2
2949,2544402.3507506223,1739115.5293943156,7732840.35213614,117520.60124244595,3.2655375851984605,0.08643817326975255,214538.1136740162,0.2759534712501063,0.05602218025184185,0.805254598791237,2
2950,4612007.231389877,1270086.9114278608,4687115.874991538,85842.12131908607,4.469668621461745,0.26508782579229145,383232.17236285267,0.240699057046368,0.1861484929724745,-0.20315524349186329,0
2951,1811731.4405607546,1872180.0895890542,2638200.671849469,57795.740021572536,2.9064815091615404,0.03920335416870027,153024.6533253193,0.32066415592895353,0.024788941123667568,-0.28385884127293776,0
2952,1314355.916845336,1116845.0218355362,2623849.9713387657,72148.85154537194,7.51636551906121,0.1916298496831822,139270.11153009144,0.1189241250539382,1.4232478962097348,0.07924027569782917,0
2953,4052472.027448535,1669238.0981133033,2918969.30269415,78056.47942795968,8.25027902333714,0.05265028701277753,141785.9223553735,0.028266830725103363,0.40963605166223416,-0.48984320445497503,0
2954,906085.0290059627,476548.78486422315,1847270.5357995431,82794.31287061177,2.688873159727206,0.08035870215171668,200882.88408800226,0.13421021349317155,0.0837717548974366,0.3360519012830838,1
2955,2340370.0829975964,745974.6997057399,2716839.996563989,58790.74617739398,4.4785195212099564,0.10859233491423037,205788.8824783039,0.0854876472962527,1.2599714951551504,-0.11972245881605524,0
2956,1162694.3691122406,543330.6260229205,1053259.0473868307,70484.85150872981,9.955792165965814,0.0,246224.85324815885,0.03823623959915235,0.5566403539464366,-0.3826239062204447,0
2957,2404776.8718710425,1486031.3603491301,5289302.838747147,86158.90936078032,5.809690089114776,0.2808491439816894,183517.64830290325,0.38409616701708166,0.8183932699106478,0.3594355010729904,1
2958,4104894.58913997,669362.3310901544,9133492.943965904,99358.41284468994,13.404384039465995,0.16502714674379804,268149.5858962061,0.10701067226864905,0.48399067303674526,0.9130711012355114,2
2959,1233129.0690177728,829333.3116772101,4909858.810869821,162748.48146412437,7.98299232296335,0.2327480866440818,166560.35482286682,0.043717751777136105,0.4703668182225046,1.3805810262659715,2
2960,1946097.7694611903,1009142.9108197492,4162550.5312757036,92403.03798734823,4.225903510688019,0.09884501860360477,197242.40583634895,0.15291702859823275,0.32694407926079555,0.4085318191004298,1
2961,1786435.6079434238,1288290.3603046432,2235065.240135937,113360.05745345306,4.144536395410297,0.146044659987032,245154.86441088186,0.4355197069581967,0.661111215390934,-0.2730847356099692,0
2962,3543824.280039529,1754440.8140820656,5331549.852352856,92928.06605462245,14.399263040743865,0.008557689513464768,204244.53351542295,0.10977591603732749,1.5108291230073263,0.0062821994822778995,0
2963,2789809.4152866458,2898741.427679631,6604543.512696743,99221.0712940081,15.105031456835015,0.22681109831863544,168781.766980616,0.18962917464867937,0.5751651030655667,0.16102390486024457,1
2964,452913.0035836281,858127.8021935011,609250.0551363576,93838.22302189074,2.7344404330009215,0.014491884524380024,194279.24047953016,0.16263896370403447,0.2082268364266632,-0.5352928356984129,0
2965,1402880.534272037,1704187.5280454832,4554730.029454405,95880.49793420864,2.4412160093306388,0.32366578334859447,338750.3709111238,0.17020076371484072,0.34672564435532566,0.46592541202882226,1
2966,1469888.4223066499,476384.07124503347,3619403.6260855924,109529.5264812086,3.5397848485350387,0.27943603878488604,369527.6332018327,0.2207663439431773,0.6479273092505713,0.8596592399457239,2
2967,1364934.5484513121,1121748.1391104276,4701767.903416156,101340.20085063169,2.5609094713758656,0.0,316482.16124510963,0.14333379468853122,0.23996046281389674,0.8907792003113866,2
2968,1086172.4932052728,927403.5208893085,2465414.5395077663,117644.12630612652,6.460871565111993,0.17787544260995358,223657.4605147386,0.19290416826758183,0.5177065801040239,0.22439606066541137,1
2969,1020222.7469352451,652000.905444245,1097143.0790245396,87042.22872785063,4.157465990979317,0.1727015284008231,258216.28873307334,0.34117562134864476,0.22419683322544257,-0.3439017098799193,0
2970,1897028.1969294134,404220.2695751437,2949628.2865492958,97049.95793125789,4.869137908793755,0.02646280064292334,151333.18862556265,0.24644432177616363,0.9510900006213336,0.2817513317149905,1
2971,890951.1071466089,312421.2702892445,3380009.2442343775,114918.8061048453,4.3367115363244295,0.4242831161937857,196698.1643257037,0.37930682425963147,0.6928896078815974,1.808780812666237,2
2972,2424382.849140534,587531.5392600802,7627969.82738241,80973.80280666972,7.181503845421039,0.023163793502084463,202563.1389469491,0.22065811697999554,0.7981221379073413,1.5325984884427648,2
2973,1680094.3456065145,552896.8661705992,3505528.376563371,80582.34242786482,2.4630331208227103,0.10969374756303571,269662.40266106813,0.321895596847882,0.23761931544880932,0.5698800595697444,1
2974,1035220.3432170216,648240.7904916985,1421664.7997576443,98053.30224308619,5.4107616972715435,0.19986317022474603,193001.99813269477,0.28121097698970693,0.5178629527934242,-0.15551076808903208,0
2975,2334367.13475158,1379455.2880278735,3063803.3286940414,71611.32963833057,30.98295573013152,0.131400663897151,159470.0563206668,0.11433113124177789,0.8924969087708328,-0.17502697223711983,0
2976,2073411.9092352255,450882.1216625413,8718334.985489273,87159.8880413491,5.626441058143607,0.17867007730051215,162707.59691681623,0.26338577698836096,0.14195178710628997,2.4537715807966287,2
2977,2330420.7114657406,1246139.5362652135,2280925.4260444557,96847.62358918732,5.804262855694561,0.17707591872739992,224924.12557858098,0.14166838070283422,0.3612858973616119,-0.3622572337509138,0
2978,847426.4166841824,548625.1281506197,2525870.0933553474,82883.26680667682,6.351508967475436,0.10171324301789103,191843.93693370366,0.18586781705454575,0.4335402806924071,0.8092957260071938,2
2979,4537428.921744579,2198069.770607979,7360393.686904094,104141.09955514989,16.808428705328023,0.14151041284908455,256710.87750350655,0.23494922570625534,1.2619966775063487,0.09277635155078234,0
2980,699544.5558340887,550180.0609313832,1064107.500981364,112911.73937603411,2.0593716856348134,0.0,255978.29409804632,0.24780683493837324,0.2143367106295326,-0.14852641397472094,0
2981,10473305.046578439,1624828.4768474987,17259778.37972383,153659.2363094908,14.911868788008826,0.04711693106294745,212787.52793088183,0.3166366791895488,0.7388956525182524,0.4266480318061676,1
2982,804061.310870482,324957.40748179756,1682532.920362355,113444.38460264285,6.94683527478531,0.08176701336506319,179409.11580627697,0.2108419535888498,0.2524474078981917,0.49026131543495477,1
2983,3717024.6763713975,1902171.965608035,4595768.574763084,109440.12943009155,8.85032166445447,0.09334698283826164,162470.49045996435,0.279328495570176,0.8151574662943066,-0.18213067319456425,0
2984,8795167.442143286,2040315.4830409521,24157034.667440314,96512.93239325445,18.151421099184578,0.07431615008162588,215009.27199359465,0.2223442895015073,1.6844268589515803,1.2294377494974056,2
2985,760733.1873818329,1003606.2597266916,1892029.4680081746,90206.81426798472,1.930372900173321,0.2776729397399647,200326.45102738973,0.13241713327981783,0.32576847237321777,0.07237270645901733,0
2986,2399863.963792673,1997530.5550481025,9399369.660223024,100176.21018302864,2.2200648816761688,0.18826346666792138,167671.65390878342,0.36027192575728834,0.159742743821504,1.137486099996516,2
2987,5623634.891135339,1031605.4508687948,22260622.57339109,102414.30997008421,4.511086912054421,0.03465927907516191,231962.92967375214,0.18463864653475712,0.698887445849798,2.344826246603682,2
2988,1815589.8228008458,944446.258647581,4074717.2715030457,79387.16253371647,5.050404348060153,0.06000742469100012,135169.57783626992,0.22605789290044845,0.7156673504032978,0.4763275374880944,1
2989,955885.1711580448,355140.42497074354,2627218.138357668,111115.53386033709,0.9750645262837929,0.21650793327018095,214096.10736517643,0.4505656607309239,0.21965712642327065,1.003941148147945,2
2990,3702697.0862589786,1082329.1431060433,4938663.650661099,91380.11307711991,17.915144565905372,0.30238039704701103,112222.79495457376,0.12370273976332337,0.8695431747542028,0.03210795801979641,0
2991,2588181.0132529917,396546.80277259107,5881302.446437579,103550.62504791275,2.7965471197695657,0.0,164508.62606761258,0.2642811786562878,0.36810378922332354,0.9704652514241751,2
2992,1429030.331880938,755972.8662043823,2531556.1896535093,105322.48205308011,4.876242604581009,0.011085414905884099,279478.0660931657,0.24691412830608903,0.9041648088353367,0.15860525598858044,1
2993,2406634.857188322,784977.1718631628,4255034.174417619,98063.04685467947,4.567536860601783,0.2693654491269464,238895.0646815739,0.33332540384179293,0.7316339494753885,0.33319279902644433,1
2994,762947.3810989424,539142.2276403917,2655648.4265832617,76835.55039618399,2.605306323122848,0.06351344347839263,293212.11263904703,0.23673942758735944,0.17396512407241965,1.0395281620858838,2
2995,1564316.667875321,1403048.1478769567,15721871.594597032,102023.84549285169,11.381116989052243,0.46197099820384396,168779.29770184928,0.14098153071867192,0.9605570871545073,4.298260433343875,2
2996,1025420.6001160697,569431.8115483846,2359233.3999747736,101477.79411527679,6.368641824352497,0.412542320332778,182391.02863321628,0.16458265195926355,0.09327467607211594,0.4792800780309067,1
2997,5735574.743494347,2047249.2077085867,12410839.169976136,110647.29400264085,11.477684598502677,0.31939708881073947,269848.8166140341,0.1050453057842028,1.4918937970771404,0.5946447263602672,1
2998,3841313.027277669,784315.0307320544,4722263.496798035,98857.31780997184,3.104637133173447,0.13634530271938483,223095.46406388917,0.30636366959024036,0.20961877877011384,0.020891311963783583,0
2999,586066.0745748712,965968.8001872543,1851129.7926443547,78245.16384804514,8.13527054009719,0.018245218381417686,124690.328863028,0.20082232575289696,0.30550966284717224,0.1927114672136928,1
