PermitNum,StatusCurrent,AppliedDate,AppliedYear,IssuedDate,CompletedDate,CompletedYear,PermitType,PermitTypeMapped,PermitClass,PermitClassGroup,PermitClassMapped,WorkClass,WorkClassGroup,WorkClassMapped,Description,ApplicantName,ContractorIfNoApplicant,ContractorName,HousingUnits,EstProjectCost,TotalSqFt,OriginalAddress,CommunityCode,CommunityName,Latitude,Longitude,LocationCount,LocationTypes,LocationAddresses,LocationsWKT,LocationsGeoJSON,Point,LocationsGeoJSON2,Point3,Assessed Value,Address Without Unit Number,Cluster_ID
BP2023-01809,Completed,2023-02-14,2023,2023-04-05,2023-11-27,2023,Commercial / Multi Family Project,Building,1606 - Ths Townhouse,Townhouse,Residential,New,New,New,"A new, three storey, 10 unit stacked apartment, Part 9, Group C occupancy",RICK BALBI ARCHITECT,,,10,"$1,444,908",,#406 5030 84 AV NE,SAD,SADDLE RIDGE,51.12897805,-113.9623052,12,Titled Parcel;Building;Building Suite;Building Suite;Building Suite;Building Suite;Building Suite;Building Suite;Building Suite;Building Suite;Building Suite;Building Suite,5030 84 AV NE;#400 5030 84 AV NE;#404 5030 84 AV NE;#406 5030 84 AV NE;#408 5030 84 AV NE;#403 5030 84 AV NE;#402 5030 84 AV NE;#405 5030 84 AV NE;#409 5030 84 AV NE;#410 5030 84 AV NE;#407 5030 84 AV NE;#401 5030 84 AV NE,"MULTIPOINT (-113.96230519363854 51.12897805158412,-113.96243831574255 51.129612140081115,-113.96253274337705 51.12956880452853,-113.96240202763582 51.129559053809466,-113.96236187297558 51.12957004416709,-113.96255436705809 51.12955910268335,-113.96257493995206 51.129559109268385,-113.96242363558264 51.129568769524305,-113.96225173653352 51.129570008671465,-113.96223012915014 51.12955964567367,-113.96238349879617 51.12955775334873,-113.96259449012253 51.12956947154452)","{""type"":""MultiPoint"",""coordinates"":[[-113.9623052,51.1289781],[-113.9624383,51.1296121],[-113.9625327,51.1295688],[-113.962402,51.1295591],[-113.9623619,51.12957],[-113.9625544,51.1295591],[-113.9625749,51.1295591],[-113.9624236,51.1295688],[-113.9622517,51.12957],[-113.9622301,51.1295596],[-113.9623835,51.1295578],[-113.9625945,51.1295695]]}",POINT (-113.96230519363854 51.12897805158412),"{""type"":""MultiPoint"",""coordinates"":[[-114.1203947,51.0432506],[-114.1205863,51.0428072],[-114.1205141,51.0428939],[-114.120651,51.0427235],[-114.1205502,51.0428539],[-114.1204795,51.0429377],[-114.1206179,51.0427701]]}",POINT (-114.12039467179325 51.043250572038495),a,5030 84 AV NE,0
BP2023-01566,Completed,2023-02-08,2023,2023-04-05,2023-11-27,2023,Commercial / Multi Family Project,Building,1606 - Ths Townhouse,Townhouse,Residential,New,New,New,"A new, three storey, 4 unit stacked apartment, Part 9, Group C occupancy",RICK BALBI ARCHITECT,,,4,"$579,792",,#303 5030 84 AV NE,SAD,SADDLE RIDGE,51.12897805,-113.9623052,6,Titled Parcel;Building;Building Suite;Building Suite;Building Suite;Building Suite,5030 84 AV NE;#300 5030 84 AV NE;#301 5030 84 AV NE;#303 5030 84 AV NE;#304 5030 84 AV NE;#302 5030 84 AV NE,"MULTIPOINT (-113.96230519363854 51.12897805158412,-113.96157863375201 51.129274112468664,-113.96164573856687 51.12925634407049,-113.96166527606256 51.1292816112597,-113.96164570584224 51.12929585336376,-113.96166425761251 51.12926930415973)","{""type"":""MultiPoint"",""coordinates"":[[-113.9623052,51.1289781],[-113.9615786,51.1292741],[-113.9616457,51.1292563],[-113.9616653,51.1292816],[-113.9616457,51.1292959],[-113.9616643,51.1292693]]}",POINT (-113.96230519363854 51.12897805158412),"{""type"":""MultiPoint"",""coordinates"":[[-114.0223164,50.8569233],[-114.021991,50.8569638],[-114.0220774,50.8569503],[-114.0221559,50.8569413],[-114.0218896,50.8569773],[-114.0222308,50.8569278],[-114.0222015,50.8568884],[-114.0218858,50.8569365],[-114.0219707,50.8569232],[-114.0223029,50.8568789],[-114.0221353,50.8568994],[-114.0220594,50.8569089]]}",POINT (-114.02231640897065 50.85692327628303),a,5030 84 AV NE,0
BP2022-18919,Completed,2022-11-16,2022,2023-03-16,2023-11-27,2023,Commercial / Multi Family Project,Building,1606 - Ths Townhouse,Townhouse,Residential,New,New,New,"A new, three storey, 16 unit stacked apartment, Part 9, Group C occupancy",RICK BALBI ARCHITECT,,PROFESSIONAL CUSTOM HOMES,16,"$2,308,500",,#211 5030 84 AV NE,SAD,SADDLE RIDGE,51.12897805,-113.9623052,18,Titled Parcel;Building;Building Suite;Building Suite;Building Suite;Building Suite;Building Suite;Building Suite;Building Suite;Building Suite;Building Suite;Building Suite;Building Suite;Building Suite;Building Suite;Building Suite;Building Suite;Building Suite,5030 84 AV NE;#200 5030 84 AV NE;#206 5030 84 AV NE;#213 5030 84 AV NE;#203 5030 84 AV NE;#214 5030 84 AV NE;#201 5030 84 AV NE;#202 5030 84 AV NE;#216 5030 84 AV NE;#211 5030 84 AV NE;#205 5030 84 AV NE;#215 5030 84 AV NE;#210 5030 84 AV NE;#207 5030 84 AV NE;#212 5030 84 AV NE;#209 5030 84 AV NE;#204 5030 84 AV NE;#208 5030 84 AV NE,"MULTIPOINT (-113.96230519363854 51.12897805158412,-113.96190958046785 51.12903518717973,-113.96200715670207 51.12908872503557,-113.96168397518615 51.129076960088064,-113.96215949669202 51.12908618541851,-113.96166338017478 51.129086671099905,-113.96219965045961 51.12907583339102,-113.96218008260512 51.12908748658007,-113.96162324345816 51.12907629292429,-113.96181674507477 51.12908866302515,-113.96202878293003 51.12907577804093,-113.96164279320435 51.129086664349884,-113.9618342466769 51.129088021486346,-113.96198864181702 51.12908807176812,-113.96179411098882 51.12907634886686,-113.96185587188654 51.12907636902615,-113.96213994683028 51.12907581407926,-113.96196703525636 51.129077052480085)","{""type"":""MultiPoint"",""coordinates"":[[-113.9623052,51.1289781],[-113.9619096,51.1290352],[-113.9620072,51.1290887],[-113.961684,51.129077],[-113.9621595,51.1290862],[-113.9616634,51.1290867],[-113.9621997,51.1290758],[-113.9621801,51.1290875],[-113.9616232,51.1290763],[-113.9618167,51.1290887],[-113.9620288,51.1290758],[-113.9616428,51.1290867],[-113.9618342,51.129088],[-113.9619886,51.1290881],[-113.9617941,51.1290763],[-113.9618559,51.1290764],[-113.9621399,51.1290758],[-113.961967,51.1290771]]}",POINT (-113.96230519363854 51.12897805158412),"{""type"":""MultiPoint"",""coordinates"":[[-113.9537954,51.1360094],[-113.9538199,51.1361385],[-113.9539382,51.1361378],[-113.9542781,51.1361418],[-113.9541197,51.1361398],[-113.9541868,51.1361208],[-113.9541668,51.1361406],[-113.9539183,51.1361188],[-113.9539872,51.136139],[-113.9542086,51.1361204],[-113.9542292,51.136141],[-113.9538759,51.1361397],[-113.9538959,51.1361188]]}",POINT (-113.95379539049095 51.136009359654636),a,5030 84 AV NE,0
BP2022-12290,Completed,2022-07-15,2022,2022-09-12,2023-05-12,2023,Commercial / Multi Family Project,Building,1606 - Ths Townhouse,Townhouse,Residential,New,New,New,5 Plex Rowhouse,MATTAMY HOMES CALGARY,,MATTAMY (ABERDEEN HEIGHTS),5,"$1,149,710",,11 CARRINGHAM WY NW,CAR,CARRINGTON,51.18720527,-114.0913849,5,Titled Parcel;Titled Parcel;Titled Parcel;Titled Parcel;Titled Parcel,1383 148 AV NW;1391 148 AV NW;1387 148 AV NW;1395 148 AV NW;11 CARRINGHAM WY NW,"MULTIPOINT (-114.0913848983151 51.187205268396504,-114.09156972717074 51.18720512389555,-114.09148321336248 51.18720519156921,-114.09165625528318 51.187205056146716,-114.09187047645015 51.18712398250511)","{""type"":""MultiPoint"",""coordinates"":[[-114.0913849,51.1872053],[-114.0915697,51.1872051],[-114.0914832,51.1872052],[-114.0916563,51.1872051],[-114.0918705,51.187124]]}",POINT (-114.0913848983151 51.187205268396504),"{""type"":""MultiPoint"",""coordinates"":[[-113.9354518,51.0426879],[-113.9359199,51.040691],[-113.935736,51.0406874],[-113.9357964,51.0406868],[-113.9358567,51.0406886],[-113.9356738,51.0406879]]}",POINT (-113.93545182538885 51.04268794942332),a,CARRINGHAM WY NW,1
BP2022-15370,Completed,2022-09-08,2022,2022-09-19,2023-05-26,2023,Commercial / Multi Family Project,Building,1706 - Rhs Rowhouse,Unspecified,Residential,New,New,New,"New 5 Unit Rowhouse (Blk 22, Lots 6-10)",MATTAMY HOMES CALGARY,,MATTAMY (ABERDEEN HEIGHTS),5,"$1,033,491",,1379 148 AV NW,CAR,CARRINGTON,51.18720535,-114.0912748,5,Titled Parcel;Titled Parcel;Titled Parcel;Titled Parcel;Titled Parcel,1379 148 AV NW;1371 148 AV NW;1367 148 AV NW;1363 148 AV NW;1375 148 AV NW,"MULTIPOINT (-114.09127478202842 51.18720535434767,-114.09108995317034 51.18720549838271,-114.09100343936024 51.18720556570163,-114.09090505278807 51.18720564218136,-114.09117646698012 51.187205430999825)","{""type"":""MultiPoint"",""coordinates"":[[-114.0912748,51.1872054],[-114.09109,51.1872055],[-114.0910034,51.1872056],[-114.0909051,51.1872056],[-114.0911765,51.1872054]]}",POINT (-114.09127478202842 51.18720535434767),,,,148 AV NW,1
BP2023-02790,Completed,2023-03-07,2023,2023-03-29,2023-12-15,2023,Commercial / Multi Family Project,Building,1706 - Rhs Rowhouse,Unspecified,Residential,New,New,New,"A new, two storey, 4 unit rowhouse, Part 9, Group C occupancy",MATTAMY HOMES CALGARY,,MATTAMY (ABERDEEN HEIGHTS),4,"$831,983",,1849 CARRINGTON BV NW,CAR,CARRINGTON,51.18596154,-114.0896826,4,Titled Parcel;Titled Parcel;Titled Parcel;Titled Parcel,1837 CARRINGTON BV NW;1849 CARRINGTON BV NW;1841 CARRINGTON BV NW;1845 CARRINGTON BV NW,"MULTIPOINT (-114.0896825599782 51.185961537594586,-114.08957306938856 51.186127927528396,-114.08964455277383 51.18601999858061,-114.08961109107616 51.18606946655563)","{""type"":""MultiPoint"",""coordinates"":[[-114.0896826,51.1859615],[-114.0895731,51.1861279],[-114.0896446,51.18602],[-114.0896111,51.1860695]]}",POINT (-114.0896825599782 51.185961537594586),"{""type"":""MultiPoint"",""coordinates"":[[-113.9412903,51.1570843],[-113.941194,51.1570798],[-113.9410149,51.1570617],[-113.9411072,51.1570707]]}",POINT (-113.94129028630758 51.157084308258085),a,CARRINGTON BV NW,1
BP2022-17898,Completed,2022-10-24,2022,2022-11-14,2023-11-28,2023,Commercial / Multi Family Project,Building,1606 - Ths Townhouse,Townhouse,Residential,New,New,New,"New 4-Unit Rowhouse (Blk 22, Lots 29 - 32)",MATTAMY HOMES CALGARY,,MATTAMY (ABERDEEN HEIGHTS),4,"$834,684",,1881 CARRINGTON BV NW,CAR,CARRINGTON,51.18647421,-114.0893332,4,Titled Parcel;Titled Parcel;Titled Parcel;Titled Parcel,1873 CARRINGTON BV NW;1877 CARRINGTON BV NW;1869 CARRINGTON BV NW;1881 CARRINGTON BV NW,"MULTIPOINT (-114.08933322763161 51.18647420727676,-114.08930208257239 51.186523673390624,-114.08937460580357 51.18642023857996,-114.08926511864192 51.18658213345124)","{""type"":""MultiPoint"",""coordinates"":[[-114.0893332,51.1864742],[-114.0893021,51.1865237],[-114.0893746,51.1864202],[-114.0892651,51.1865821]]}",POINT (-114.08933322763161 51.18647420727676),"{""type"":""MultiPoint"",""coordinates"":[[-114.0890354,51.178667],[-114.0888543,51.1786537],[-114.0889491,51.1786581],[-114.0892067,51.1786939],[-114.0891208,51.178676],[-114.0892315,51.1785937]]}",POINT (-114.0890354184077 51.17866703419596),a,CARRINGTON BV NW,1
BP2022-15551,Completed,2022-09-12,2022,2022-09-22,2023-07-31,2023,Commercial / Multi Family Project,Building,1706 - Rhs Rowhouse,Unspecified,Residential,New,New,New,"New 4 Unit Rowhouse (Blk 22, Lots 15-18)",MATTAMY HOMES CALGARY,,MATTAMY (ABERDEEN HEIGHTS),4,"$834,684",,1343 148 AV NW,CAR,CARRINGTON,51.18715684,-114.0900812,4,Titled Parcel;Titled Parcel;Titled Parcel;Titled Parcel,1331 148 AV NW;1343 148 AV NW;1339 148 AV NW;1335 148 AV NW,"MULTIPOINT (-114.0900811583825 51.18715683704609,-114.09037262275116 51.18718358083685,-114.09026931221123 51.18717467106984,-114.0901838482196 51.18717024221526)","{""type"":""MultiPoint"",""coordinates"":[[-114.0900812,51.1871568],[-114.0903726,51.1871836],[-114.0902693,51.1871747],[-114.0901838,51.1871702]]}",POINT (-114.0900811583825 51.18715683704609),"{""type"":""MultiPoint"",""coordinates"":[[-114.0634584,50.8592186],[-114.064533,50.8597575],[-114.0645354,50.8598681],[-114.0645356,50.859978],[-114.0645329,50.8596491],[-114.0645342,50.8598125],[-114.0645339,50.8595927],[-114.0645355,50.8599224],[-114.0645341,50.8597033]]}",POINT (-114.06345842445896 50.859218594459186),a,148 AV NW,1
BP2022-14975,Completed,2022-08-31,2022,2022-09-15,2023-07-20,2023,Commercial / Multi Family Project,Building,1606 - Ths Townhouse,Townhouse,Residential,New,New,New,"New 4 Unit Rowhouse (Blk 22, Lots 11-14)",MATTAMY HOMES CALGARY,,MATTAMY HOMES CALGARY,4,"$834,684",,1359 148 AV NW,CAR,CARRINGTON,51.18719248,-114.0904945,4,Titled Parcel;Titled Parcel;Titled Parcel;Titled Parcel,1347 148 AV NW;1359 148 AV NW;1351 148 AV NW;1355 148 AV NW,"MULTIPOINT (-114.09049450060854 51.187192476153974,-114.0907892862088 51.18720573206531,-114.09059598574395 51.18719689237794,-114.09068542648359 51.18720131784942)","{""type"":""MultiPoint"",""coordinates"":[[-114.0904945,51.1871925],[-114.0907893,51.1872057],[-114.090596,51.1871969],[-114.0906854,51.1872013]]}",POINT (-114.09049450060854 51.187192476153974),,,,148 AV NW,1
BP2022-18555,Completed,2022-11-07,2022,2022-11-24,2023-11-10,2023,Commercial / Multi Family Project,Building,1706 - Rhs Rowhouse,Unspecified,Residential,New,New,New,"New 6-Unit Rowhouse (Blk 22, Lots 23-28)",MATTAMY HOMES CALGARY,,MATTAMY (ABERDEEN HEIGHTS),6,"$1,316,907",,1885 CARRINGTON BV NW,CAR,CARRINGTON,51.18685637,-114.08919,6,Titled Parcel;Titled Parcel;Titled Parcel;Titled Parcel;Titled Parcel;Titled Parcel,1893 CARRINGTON BV NW;1885 CARRINGTON BV NW;1311 148 AV NW;1303 148 AV NW;1889 CARRINGTON BV NW;1307 148 AV NW,"MULTIPOINT (-114.0891900207809 51.186856370953265,-114.08922422397212 51.186649586013,-114.08955817705886 51.1870718381139,-114.0892464373166 51.18698218115305,-114.08918642243572 51.186748499507424,-114.089416965064 51.187035988052166)","{""type"":""MultiPoint"",""coordinates"":[[-114.08919,51.1868564],[-114.0892242,51.1866496],[-114.0895582,51.1870718],[-114.0892464,51.1869822],[-114.0891864,51.1867485],[-114.089417,51.187036]]}",POINT (-114.0891900207809 51.186856370953265),,,,CARRINGTON BV NW,1
BP2023-01717,Completed,2023-02-13,2023,2023-03-02,2023-12-07,2023,Commercial / Multi Family Project,Building,1706 - Rhs Rowhouse,Unspecified,Residential,New,New,New,"New 4-plex Rowhouse (Blk 22, Lots 33-36)",MATTAMY HOMES CALGARY,,MATTAMY (ABERDEEN HEIGHTS),4,"$834,684",,1861 CARRINGTON BV NW,CAR,CARRINGTON,51.18619089,-114.0895305,8,Titled Parcel;Titled Parcel;Titled Parcel;Titled Parcel;Building;Building;Building;Building,1853 CARRINGTON BV NW;1857 CARRINGTON BV NW;1861 CARRINGTON BV NW;1865 CARRINGTON BV NW;1861 CARRINGTON BV NW;1853 CARRINGTON BV NW;1865 CARRINGTON BV NW;1857 CARRINGTON BV NW,"MULTIPOINT (-114.08953049326767 51.18619088673155,-114.08949248568261 51.18624934766606,-114.08945902365635 51.18629881559581,-114.08942101589224 51.18635727650611,-114.08958913477052 51.18630590765821,-114.08959950283382 51.186289844442655,-114.08958441619961 51.1863142355633,-114.08959101141212 51.18629996415088)","{""type"":""MultiPoint"",""coordinates"":[[-114.0895305,51.1861909],[-114.0894925,51.1862493],[-114.089459,51.1862988],[-114.089421,51.1863573],[-114.0895891,51.1863059],[-114.0895995,51.1862898],[-114.0895844,51.1863142],[-114.089591,51.1863]]}",POINT (-114.08953049326767 51.18619088673155),,,,CARRINGTON BV NW,1
BP2022-15650,Completed,2022-09-13,2022,2022-10-03,2023-08-31,2023,Commercial / Multi Family Project,Building,1706 - Rhs Rowhouse,Unspecified,Residential,New,New,New,New 4 Unit Rowhouse,MATTAMY HOMES CALGARY,,MATTAMY (ABERDEEN HEIGHTS),4,"$831,983",,1327 148 AV NW,CAR,CARRINGTON,51.18709423,-114.0896699,4,Titled Parcel;Titled Parcel;Titled Parcel;Titled Parcel,1315 148 AV NW;1319 148 AV NW;1323 148 AV NW;1327 148 AV NW,"MULTIPOINT (-114.08966989583192 51.18709422633838,-114.089768960799 51.187112129407296,-114.08985268266916 51.18712554941802,-114.08996013577315 51.187138951125625)","{""type"":""MultiPoint"",""coordinates"":[[-114.0896699,51.1870942],[-114.089769,51.1871121],[-114.0898527,51.1871255],[-114.0899601,51.187139]]}",POINT (-114.08966989583192 51.18709422633838),,,,148 AV NW,1
BP2020-18705,Completed,2020-12-22,2020,2021-01-08,2022-02-14,2022,Commercial / Multi Family Project,Building,1706 - Rhs Rowhouse,Unspecified,Residential,New,New,New,New Building - Brooklyn Townhouse Block 1,,TRICO HOMES,TRICO HOMES,6,"$1,403,443",,#21 1710 28 AV SW,SOC,SOUTH CALGARY,51.02869701,-114.1004774,7,Titled Parcel;Building;Building;Building;Building;Building;Building,1710 28 AV SW;#21 1710 28 AV SW;#25 1710 28 AV SW;#23 1710 28 AV SW;#26 1710 28 AV SW;#24 1710 28 AV SW;#22 1710 28 AV SW,"MULTIPOINT (-114.10047737561972 51.028697007716396,-114.10059358448514 51.02874140706076,-114.10059286818927 51.02893736647685,-114.10059717132134 51.028837603401286,-114.10059296997824 51.028984391825475,-114.10059276330664 51.028888911758614,-114.10059369246203 51.028791291149496)","{""type"":""MultiPoint"",""coordinates"":[[-114.1004774,51.028697],[-114.1005936,51.0287414],[-114.1005929,51.0289374],[-114.1005972,51.0288376],[-114.100593,51.0289844],[-114.1005928,51.0288889],[-114.1005937,51.0287913]]}",POINT (-114.10047737561972 51.028697007716396),"{""type"":""MultiPoint"",""coordinates"":[[-114.0646358,50.8602473],[-114.0645348,50.8594543],[-114.0645346,50.8592887],[-114.0645336,50.8593444],[-114.0645338,50.8595099],[-114.0645357,50.8592366],[-114.0645345,50.8591809],[-114.0645348,50.8594007]]}",POINT (-114.06463582177199 50.86024730573181),a,1710 28 AV SW,2
BP2022-03257,Completed,2022-03-04,2022,2022-04-11,2023-12-13,2023,Commercial / Multi Family Project,Building,1606 - Ths Townhouse,Townhouse,Residential,New,New,New,New 5 Unit Rowhouse (Bldg 4),GRAVITY ARCHITECTURE,,STREETSIDE DEVELOPMENT,5,"$1,093,615",,116 CREEKSIDE BV SW,PCK,PINE CREEK,50.86140545,-114.0591131,10,Titled Parcel;Titled Parcel;Titled Parcel;Titled Parcel;Titled Parcel;Building;Building;Building;Building;Building,120 CREEKSIDE BV SW;112 CREEKSIDE BV SW;100 CREEKSIDE BV SW;116 CREEKSIDE BV SW;104 CREEKSIDE BV SW;120 CREEKSIDE BV SW;112 CREEKSIDE BV SW;104 CREEKSIDE BV SW;116 CREEKSIDE BV SW;100 CREEKSIDE BV SW,"MULTIPOINT (-114.059113112242 50.861405450822126,-114.05910982248362 50.86152232271818,-114.05911048445995 50.861652677636684,-114.05911153838807 50.86146388673449,-114.05911082819021 50.86157626231421,-114.05894470568134 50.861509703326156,-114.05894565443282 50.86151862094449,-114.05894378916513 50.861526353301606,-114.05894471092923 50.86151386570165,-114.05894379891268 50.8615340847118)","{""type"":""MultiPoint"",""coordinates"":[[-114.0591131,50.8614055],[-114.0591098,50.8615223],[-114.0591105,50.8616527],[-114.0591115,50.8614639],[-114.0591108,50.8615763],[-114.0589447,50.8615097],[-114.0589457,50.8615186],[-114.0589438,50.8615264],[-114.0589447,50.8615139],[-114.0589438,50.8615341]]}",POINT (-114.059113112242 50.861405450822126),"{""type"":""MultiPoint"",""coordinates"":[[-114.0638294,50.8649226],[-114.0638951,50.8649225],[-114.0639557,50.8649225],[-114.0640225,50.8649225],[-114.0640266,50.8648273],[-114.0638997,50.8648285],[-114.0639598,50.8648279],[-114.0638349,50.864828]]}",POINT (-114.06382942135896 50.8649225578919),a,CREEKSIDE BV SW,3
BP2019-14721,Completed,2019-10-28,2019,2020-08-10,2022-09-06,2022,Commercial / Multi Family Project,Building,1606 - Ths Townhouse,Townhouse,Residential,New,New,New,Hudson in Creekstone - Building 3,GRAVITY ARCHITECTURE,,STREETSIDE DEVELOPMENT,5,"$1,040,477",,64 CREEKSIDE BV SW,PCK,PINE CREEK,50.86202576,-114.0591084,5,Titled Parcel;Titled Parcel;Titled Parcel;Titled Parcel;Titled Parcel,72 CREEKSIDE BV SW;80 CREEKSIDE BV SW;68 CREEKSIDE BV SW;84 CREEKSIDE BV SW;64 CREEKSIDE BV SW,"MULTIPOINT (-114.05910838510181 50.86202576440991,-114.05911077433477 50.86197182309877,-114.05910963230019 50.862079703878976,-114.05910912087631 50.86189990380044,-114.05910942776865 50.86214263409938)","{""type"":""MultiPoint"",""coordinates"":[[-114.0591084,50.8620258],[-114.0591108,50.8619718],[-114.0591096,50.8620797],[-114.0591091,50.8618999],[-114.0591094,50.8621426]]}",POINT (-114.05910838510181 50.86202576440991),"{""type"":""MultiPoint"",""coordinates"":[[-114.1094966,51.0100531],[-114.1097127,51.0100608],[-114.1095415,51.0100676],[-114.1096305,51.0100613],[-114.1097963,51.0100616]]}",POINT (-114.10949657929051 51.01005310021835),a,CREEKSIDE BV SW,3
BP2021-18128,Completed,2021-10-19,2021,2021-12-02,2023-09-06,2023,Commercial / Multi Family Project,Building,1606 - Ths Townhouse,Townhouse,Residential,New,New,New,"6-Unit Residential Rowhouse - Building 2; located at 32, 40, 44, 48, 52, 56 CREEKSIDE BV SW.",GRAVITY ARCHITECTURE,,STREETSIDE DEVELOPMENT,6,"$1,366,718",,32 CREEKSIDE BV SW,PCK,PINE CREEK,50.86221456,-114.0591071,6,Titled Parcel;Titled Parcel;Titled Parcel;Titled Parcel;Titled Parcel;Titled Parcel,56 CREEKSIDE BV SW;52 CREEKSIDE BV SW;44 CREEKSIDE BV SW;40 CREEKSIDE BV SW;32 CREEKSIDE BV SW;48 CREEKSIDE BV SW,"MULTIPOINT (-114.05910706125762 50.86221455543048,-114.05910765219609 50.86227748524659,-114.05910722607672 50.86238986066668,-114.05910701017481 50.8624438008733,-114.05910680563855 50.86250673108975,-114.05910744197817 50.86233592045955)","{""type"":""MultiPoint"",""coordinates"":[[-114.0591071,50.8622146],[-114.0591077,50.8622775],[-114.0591072,50.8623899],[-114.059107,50.8624438],[-114.0591068,50.8625067],[-114.0591074,50.8623359]]}",POINT (-114.05910706125762 50.86221455543048),"{""type"":""MultiPoint"",""coordinates"":[[-113.9539349,51.1552067],[-113.9540612,51.1550531],[-113.9540567,51.1549665],[-113.9540567,51.1550074],[-113.9540642,51.1550893]]}",POINT (-113.95393489075505 51.155206657812485),a,CREEKSIDE BV SW,3
BP2022-07391,Completed,2022-05-04,2022,2022-06-16,2023-10-12,2023,Commercial / Multi Family Project,Building,1606 - Ths Townhouse,Townhouse,Residential,New,New,New,Part 9.10.15. - Row House - Redstone Park Ph 8 - Building 17,NORR ARCHITECTS ENGINEERS PLANNERS,,STREETSIDE DEVELOPMENT,7,"$1,385,900",,#254 301 REDSTONE BV NE,RSN,REDSTONE,51.16948568,-113.9517441,14,Titled Parcel;Titled Parcel;Titled Parcel;Titled Parcel;Titled Parcel;Titled Parcel;Titled Parcel;Building;Building;Building;Building;Building;Building;Building,#256 301 REDSTONE BV NE;#254 301 REDSTONE BV NE;#258 301 REDSTONE BV NE;#260 301 REDSTONE BV NE;#266 301 REDSTONE BV NE;#262 301 REDSTONE BV NE;#264 301 REDSTONE BV NE;#254 301 REDSTONE BV NE;#264 301 REDSTONE BV NE;#260 301 REDSTONE BV NE;#258 301 REDSTONE BV NE;#266 301 REDSTONE BV NE;#256 301 REDSTONE BV NE;#262 301 REDSTONE BV NE,"MULTIPOINT (-113.95174407706922 51.16948567771907,-113.95174403818271 51.169440729998676,-113.95174408244013 51.16952163588452,-113.95174408312023 51.16956208881818,-113.95174409945953 51.16968344762338,-113.95174408849113 51.16959804698317,-113.95174408917119 51.169638499916296,-113.95189038517736 51.16944441305666,-113.95188733858026 51.169637668950784,-113.95189120455771 51.169563938328146,-113.95188841603739 51.169522899927934,-113.95188729588963 51.169678697196375,-113.95189128622785 51.16948544169171,-113.95189022246058 51.16960080403063)","{""type"":""MultiPoint"",""coordinates"":[[-113.9517441,51.1694857],[-113.951744,51.1694407],[-113.9517441,51.1695216],[-113.9517441,51.1695621],[-113.9517441,51.1696834],[-113.9517441,51.169598],[-113.9517441,51.1696385],[-113.9518904,51.1694444],[-113.9518873,51.1696377],[-113.9518912,51.1695639],[-113.9518884,51.1695229],[-113.9518873,51.1696787],[-113.9518913,51.1694854],[-113.9518902,51.1696008]]}",POINT (-113.95174407706922 51.16948567771907),"{""type"":""MultiPoint"",""coordinates"":[[-114.2059841,51.0798046],[-114.2053778,51.0795538],[-114.2055002,51.0794822],[-114.2053577,51.0794997],[-114.2055146,51.0795387]]}",POINT (-114.20598410641428 51.07980462833371),a,301 REDSTONE BV NE,4
BP2017-00766,Completed,2017-01-27,2017,2017-07-05,2018-06-06,2018,Commercial / Multi Family Project,Building,1706 - Rhs Rowhouse,Unspecified,Residential,New,New,New,9.10.15. - 4 Unit Townhouse - Building 1,GRAVITY ARCHITECTURE,,,4,"$795,645",,214 REDSTONE BV NE,RSN,REDSTONE,51.16905378,-113.9507778,8,Titled Parcel;Titled Parcel;Titled Parcel;Titled Parcel;Building;Building;Building;Building,226 REDSTONE BV NE;218 REDSTONE BV NE;222 REDSTONE BV NE;214 REDSTONE BV NE;214 REDSTONE BV NE;218 REDSTONE BV NE;226 REDSTONE BV NE;222 REDSTONE BV NE,"MULTIPOINT (-113.95077777678745 51.16905377717619,-113.95077776287344 51.16895938698349,-113.95077775792386 51.169004334689625,-113.95077776309333 51.16890544973326,-113.95067044712835 51.168908074426184,-113.95066797084915 51.16895069279936,-113.95066545201782 51.16904659216723,-113.9506679123848 51.16900549302063)","{""type"":""MultiPoint"",""coordinates"":[[-113.9507778,51.1690538],[-113.9507778,51.1689594],[-113.9507778,51.1690043],[-113.9507778,51.1689054],[-113.9506704,51.1689081],[-113.950668,51.1689507],[-113.9506655,51.1690466],[-113.9506679,51.1690055]]}",POINT (-113.95077777678745 51.16905377717619),"{""type"":""MultiPoint"",""coordinates"":[[-113.9397636,51.1642167],[-113.9391578,51.1644666],[-113.9390738,51.1644637],[-113.9392395,51.1644638],[-113.9389921,51.1644666]]}",POINT (-113.93976364500418 51.16421674389641),a,REDSTONE BV NE,4
BP2017-10244,Completed,2017-08-08,2017,2017-08-21,2018-08-08,2018,Commercial / Multi Family Project,Building,1706 - Rhs Rowhouse,Unspecified,Residential,New,New,New,9.10.15. - 4 Unit Townhouse - Building 5,GRAVITY ARCHITECTURE,,,4,"$778,478",,286 REDSTONE BV NE,RSN,REDSTONE,51.1698089,-113.9507778,8,Titled Parcel;Titled Parcel;Titled Parcel;Titled Parcel;Building;Building;Building;Building,286 REDSTONE BV NE;290 REDSTONE BV NE;294 REDSTONE BV NE;298 REDSTONE BV NE;298 REDSTONE BV NE;286 REDSTONE BV NE;290 REDSTONE BV NE;294 REDSTONE BV NE,"MULTIPOINT (-113.95077783090015 51.16980889863867,-113.9507778306796 51.16986283588052,-113.95077784002856 51.16990778358569,-113.95076143382812 51.169966208693005,-113.9506499544125 51.16995535629402,-113.9506597827872 51.16981684061376,-113.95065732236934 51.16985793975443,-113.95065485707356 51.16990360557914)","{""type"":""MultiPoint"",""coordinates"":[[-113.9507778,51.1698089],[-113.9507778,51.1698628],[-113.9507778,51.1699078],[-113.9507614,51.1699662],[-113.95065,51.1699554],[-113.9506598,51.1698168],[-113.9506573,51.1698579],[-113.9506549,51.1699036]]}",POINT (-113.95077783090015 51.16980889863867),"{""type"":""MultiPoint"",""coordinates"":[[-114.2102975,51.0258945],[-114.2103003,51.0258316],[-114.2103155,51.0257147],[-114.2103004,51.0257731]]}",POINT (-114.21029746770162 51.02589450919193),a,REDSTONE BV NE,4
BP2017-08392,Completed,2017-07-05,2017,2017-07-26,2018-07-24,2018,Commercial / Multi Family Project,Building,1606 - Ths Townhouse,Townhouse,Residential,New,New,New,9.10.15. - 4 Unit Townhouse - Building 3,GRAVITY ARCHITECTURE,,,4,"$777,712",,250 REDSTONE BV NE,RSN,REDSTONE,51.16940886,-113.9507778,8,Titled Parcel;Titled Parcel;Titled Parcel;Titled Parcel;Building;Building;Building;Building,254 REDSTONE BV NE;250 REDSTONE BV NE;262 REDSTONE BV NE;258 REDSTONE BV NE;262 REDSTONE BV NE;258 REDSTONE BV NE;250 REDSTONE BV NE;254 REDSTONE BV NE,"MULTIPOINT (-113.95077779917007 51.1694088640653,-113.95077779460559 51.169359421587764,-113.95077781308365 51.169503254250714,-113.95077780851922 51.169453811773984,-113.9506649631522 51.16950478887565,-113.95066986250681 51.16945607661959,-113.95066752911076 51.16936474189928,-113.95066748364061 51.16940736129409)","{""type"":""MultiPoint"",""coordinates"":[[-113.9507778,51.1694089],[-113.9507778,51.1693594],[-113.9507778,51.1695033],[-113.9507778,51.1694538],[-113.950665,51.1695048],[-113.9506699,51.1694561],[-113.9506675,51.1693647],[-113.9506675,51.1694074]]}",POINT (-113.95077779917007 51.1694088640653),"{""type"":""MultiPoint"",""coordinates"":[[-114.1016655,51.022511],[-114.1016653,51.0224712],[-114.1016273,51.0224439],[-114.1016255,51.0224433],[-114.1017069,51.0224461],[-114.1017069,51.0224461],[-114.1017069,51.0224455],[-114.101525,51.0224434],[-114.1016264,51.0224433]]}",POINT (-114.10166551451482 51.022511021431605),,REDSTONE BV NE,4
BP2019-08639,Completed,2019-07-04,2019,2019-08-01,2021-04-01,2021,Commercial / Multi Family Project,Building,1606 - Ths Townhouse,Townhouse,Residential,New,New,New,Redstone Park - Building 18,STREETSIDE DEVELOPMENT,,,5,"$1,245,849",,#132 301 REDSTONE BV NE,RSN,REDSTONE,51.17006987,-113.9514323,6,Titled Parcel;Building;Building;Building;Building;Building,301 REDSTONE BV NE;#138 301 REDSTONE BV NE;#132 301 REDSTONE BV NE;#140 301 REDSTONE BV NE;#136 301 REDSTONE BV NE;#134 301 REDSTONE BV NE,"MULTIPOINT (-113.95143225852655 51.170069868811844,-113.95194447057173 51.16927318452881,-113.95212512409965 51.16927325859508,-113.95187732248206 51.16927315692761,-113.95200216640862 51.169273801523616,-113.9520617497054 51.169274428252905)","{""type"":""MultiPoint"",""coordinates"":[[-113.9514323,51.1700699],[-113.9519445,51.1692732],[-113.9521251,51.1692733],[-113.9518773,51.1692732],[-113.9520022,51.1692738],[-113.9520617,51.1692744]]}",POINT (-113.95143225852655 51.170069868811844),"{""type"":""MultiPoint"",""coordinates"":[[-114.1801533,51.0847871],[-114.1798609,51.0848271],[-114.1799455,51.0847842],[-114.1798847,51.0847552],[-114.1798905,51.0848357],[-114.1798362,51.0848746],[-114.1797826,51.0848438]]}",POINT (-114.18015325743954 51.08478711763439),a,301 REDSTONE BV NE,4
BP2017-13174,Completed,2017-09-29,2017,2017-10-18,2020-01-29,2020,Commercial / Multi Family Project,Building,1706 - Rhs Rowhouse,Unspecified,Residential,New,New,New,9.10.15. - 4 Unit Townhouse - Building 11,GRAVITY ARCHITECTURE,,,4,"$778,716",,398 REDSTONE BV NE,RSN,REDSTONE,51.1713551,-113.950778,8,Titled Parcel;Titled Parcel;Titled Parcel;Titled Parcel;Building;Building;Building;Building,398 REDSTONE BV NE;390 REDSTONE BV NE;386 REDSTONE BV NE;394 REDSTONE BV NE;390 REDSTONE BV NE;386 REDSTONE BV NE;394 REDSTONE BV NE;398 REDSTONE BV NE,"MULTIPOINT (-113.95077795802368 51.171355099429526,-113.95077794411185 51.17126070927416,-113.95077793954842 51.17121126681236,-113.95077793916066 51.17130565696252,-113.95067307587396 51.171255873682405,-113.95067222250056 51.17121134814006,-113.95066667081285 51.171308387863235,-113.950664805419 51.17135462926017)","{""type"":""MultiPoint"",""coordinates"":[[-113.950778,51.1713551],[-113.9507779,51.1712607],[-113.9507779,51.1712113],[-113.9507779,51.1713057],[-113.9506731,51.1712559],[-113.9506722,51.1712113],[-113.9506667,51.1713084],[-113.9506648,51.1713546]]}",POINT (-113.95077795802368 51.171355099429526),"{""type"":""MultiPoint"",""coordinates"":[[-114.2547148,51.1408068],[-114.2561098,51.1408728],[-114.2561118,51.1408307],[-114.2560591,51.1406935],[-114.2560554,51.1407887],[-114.2560529,51.1407424],[-114.2560546,51.1406554]]}",POINT (-114.25471476034885 51.140806772575004),a,REDSTONE BV NE,4
BP2019-09082,Completed,2019-07-12,2019,2019-08-01,2022-03-15,2022,Commercial / Multi Family Project,Building,1606 - Ths Townhouse,Townhouse,Residential,New,New,New,Redstone Park - Building 8,STREETSIDE DEVELOPMENT,,,7,"$1,324,498",,#121 301 REDSTONE BV NE,RSN,REDSTONE,51.17006987,-113.9514323,8,Titled Parcel;Building;Building;Building;Building;Building;Building;Building,301 REDSTONE BV NE;#127 301 REDSTONE BV NE;#129 301 REDSTONE BV NE;#121 301 REDSTONE BV NE;#131 301 REDSTONE BV NE;#133 301 REDSTONE BV NE;#125 301 REDSTONE BV NE;#123 301 REDSTONE BV NE,"MULTIPOINT (-113.95143225852655 51.170069868811844,-113.95227675723396 51.16897600944584,-113.95221434189997 51.16897657727826,-113.95246214497918 51.16897371168397,-113.95215379848396 51.168978341452,-113.9520885401314 51.16897652582602,-113.95234013059306 51.168975441970396,-113.95239971535162 51.16897427960948)","{""type"":""MultiPoint"",""coordinates"":[[-113.9514323,51.1700699],[-113.9522768,51.168976],[-113.9522143,51.1689766],[-113.9524621,51.1689737],[-113.9521538,51.1689783],[-113.9520885,51.1689765],[-113.9523401,51.1689754],[-113.9523997,51.1689743]]}",POINT (-113.95143225852655 51.170069868811844),"{""type"":""MultiPoint"",""coordinates"":[[-114.2547148,51.1408068],[-114.255757,51.1403788],[-114.2557633,51.1403407],[-114.2557467,51.1404712],[-114.2557715,51.1402537],[-114.2557674,51.1402958],[-114.2557465,51.1404277]]}",POINT (-114.25471476034885 51.140806772575004),a,301 REDSTONE BV NE,4
BP2017-02778,Completed,2017-03-24,2017,2017-07-05,2020-06-18,2020,Commercial / Multi Family Project,Building,1606 - Ths Townhouse,Townhouse,Residential,New,New,New,9.10.15. - 4 Unit Townhouse - Building 6,GRAVITY ARCHITECTURE,,,4,"$779,500",,318 REDSTONE BV NE,RSN,REDSTONE,51.17033928,-113.9507779,8,Titled Parcel;Titled Parcel;Titled Parcel;Titled Parcel;Building;Building;Building;Building,318 REDSTONE BV NE;310 REDSTONE BV NE;306 REDSTONE BV NE;314 REDSTONE BV NE;310 REDSTONE BV NE;306 REDSTONE BV NE;318 REDSTONE BV NE;314 REDSTONE BV NE,"MULTIPOINT (-113.95077786686106 51.170339281511175,-113.9507778672476 51.17024489134535,-113.95077254340745 51.170181962327135,-113.95077786229712 51.17028983904155,-113.95066326073069 51.17024264063343,-113.9506605871168 51.17020210567127,-113.95065500445372 51.17032826251638,-113.95066230932443 51.170290015106225)","{""type"":""MultiPoint"",""coordinates"":[[-113.9507779,51.1703393],[-113.9507779,51.1702449],[-113.9507725,51.170182],[-113.9507779,51.1702898],[-113.9506633,51.1702426],[-113.9506606,51.1702021],[-113.950655,51.1703283],[-113.9506623,51.17029]]}",POINT (-113.95077786686106 51.170339281511175),"{""type"":""MultiPoint"",""coordinates"":[[-114.2697413,51.0873611],[-114.2698282,51.0873609],[-114.2696543,51.0873613],[-114.2695519,51.0873615],[-114.2699152,51.0873607],[-114.2700068,51.0873605]]}",POINT (-114.26974125868696 51.087361097386484),a,REDSTONE BV NE,4
BP2017-09277,Completed,2017-07-20,2017,2017-08-18,2018-08-08,2018,Commercial / Multi Family Project,Building,1606 - Ths Townhouse,Townhouse,Residential,New,New,New,9.10.15. - 5 Unit Townhouse - Building 4,GRAVITY ARCHITECTURE,,,5,"$972,348",,266 REDSTONE BV NE,RSN,REDSTONE,51.16970102,-113.9507778,10,Titled Parcel;Titled Parcel;Titled Parcel;Titled Parcel;Titled Parcel;Building;Building;Building;Building;Building,278 REDSTONE BV NE;282 REDSTONE BV NE;274 REDSTONE BV NE;266 REDSTONE BV NE;270 REDSTONE BV NE;266 REDSTONE BV NE;270 REDSTONE BV NE;274 REDSTONE BV NE;282 REDSTONE BV NE;278 REDSTONE BV NE,"MULTIPOINT (-113.95077781704197 51.16970102414746,-113.9507778168215 51.1697549613903,-113.95077782199205 51.16965607644671,-113.95077780807861 51.16956168626377,-113.95077781264297 51.169611128739575,-113.9506697455803 51.16956567705208,-113.9506672660135 51.169611342873324,-113.95065753841145 51.16965548640508,-113.95065502277123 51.16974833830824,-113.95065990461133 51.169702673501476)","{""type"":""MultiPoint"",""coordinates"":[[-113.9507778,51.169701],[-113.9507778,51.169755],[-113.9507778,51.1696561],[-113.9507778,51.1695617],[-113.9507778,51.1696111],[-113.9506697,51.1695657],[-113.9506673,51.1696113],[-113.9506575,51.1696555],[-113.950655,51.1697483],[-113.9506599,51.1697027]]}",POINT (-113.95077781704197 51.16970102414746),"{""type"":""MultiPoint"",""coordinates"":[[-114.1048023,51.1810497],[-114.104925,51.1809732],[-114.1050389,51.1808966],[-114.1048661,51.1810092],[-114.1049826,51.1809372],[-114.1050974,51.1808561],[-114.1049182,51.1808893],[-114.1047286,51.1810028],[-114.1047902,51.1809666],[-114.1048533,51.1809234],[-114.1050254,51.1808152],[-114.1049687,51.1808543]]}",POINT (-114.10480227137081 51.18104968243702),a,REDSTONE BV NE,4
BP2019-09084,Completed,2019-07-12,2019,2019-08-01,2020-09-15,2020,Commercial / Multi Family Project,Building,1606 - Ths Townhouse,Townhouse,Residential,New,New,New,"Redstone Park (Phase 8) Building 5: 3 storey, 8 residential units townhouse building",STREETSIDE DEVELOPMENT,,,8,"$1,488,156",,247 REDSTONE BV NE,RSN,REDSTONE,51.17006987,-113.9514323,9,Titled Parcel;Building;Building;Building;Building;Building;Building;Building;Building,301 REDSTONE BV NE;245 REDSTONE BV NE;239 REDSTONE BV NE;235 REDSTONE BV NE;233 REDSTONE BV NE;247 REDSTONE BV NE;241 REDSTONE BV NE;237 REDSTONE BV NE;243 REDSTONE BV NE,"MULTIPOINT (-113.95143225852655 51.170069868811844,-113.95141653583222 51.169437681842325,-113.95141854451205 51.169322319896686,-113.95142145879731 51.16924324011324,-113.9514205587916 51.16920161816353,-113.95141649334752 51.1694781167796,-113.9514175626667 51.16935859228718,-113.95142047633264 51.16928010581372,-113.95141752267651 51.16939665398722)","{""type"":""MultiPoint"",""coordinates"":[[-113.9514323,51.1700699],[-113.9514165,51.1694377],[-113.9514185,51.1693223],[-113.9514215,51.1692432],[-113.9514206,51.1692016],[-113.9514165,51.1694781],[-113.9514176,51.1693586],[-113.9514205,51.1692801],[-113.9514175,51.1693967]]}",POINT (-113.95143225852655 51.170069868811844),"{""type"":""MultiPoint"",""coordinates"":[[-114.1474582,51.161002],[-114.1476549,51.1610332],[-114.1477206,51.1610421],[-114.1477895,51.161051],[-114.1473914,51.1609886],[-114.1475892,51.1610243],[-114.1475235,51.1610154],[-114.1474837,51.161113],[-114.1475457,51.1611259],[-114.1473489,51.1610967],[-114.1476131,51.1611353],[-114.1477439,51.1611585],[-114.1474149,51.1611036],[-114.1476778,51.1611491]]}",POINT (-114.14745819870436 51.1610019626475),a,REDSTONE BV NE,4
BP2017-13173,Completed,2017-09-29,2017,2017-10-18,2020-02-10,2020,Commercial / Multi Family Project,Building,1706 - Rhs Rowhouse,Unspecified,Residential,New,New,New,9.10.15. - 4 Unit Townhouse - Building 12,GRAVITY ARCHITECTURE,,,4,"$780,262",,414 REDSTONE BV NE,RSN,REDSTONE,51.17146297,-113.950778,8,Titled Parcel;Titled Parcel;Titled Parcel;Titled Parcel;Building;Building;Building;Building,406 REDSTONE BV NE;402 REDSTONE BV NE;414 REDSTONE BV NE;410 REDSTONE BV NE;406 REDSTONE BV NE;402 REDSTONE BV NE;414 REDSTONE BV NE;410 REDSTONE BV NE,"MULTIPOINT (-113.95077795758033 51.17146297388406,-113.95077795301701 51.17141353142398,-113.95077807147905 51.17158433269113,-113.95077796692868 51.17150792157687,-113.9506689232095 51.171462325660556,-113.95066171257909 51.17141208908238,-113.95065429563381 51.17155518141667,-113.95065919034506 51.171511035861414)","{""type"":""MultiPoint"",""coordinates"":[[-113.950778,51.171463],[-113.950778,51.1714135],[-113.9507781,51.1715843],[-113.950778,51.1715079],[-113.9506689,51.1714623],[-113.9506617,51.1714121],[-113.9506543,51.1715552],[-113.9506592,51.171511]]}",POINT (-113.95077795758033 51.17146297388406),"{""type"":""MultiPoint"",""coordinates"":[[-113.9754636,50.8640834],[-113.9749097,50.8653574],[-113.9750656,50.8655501],[-113.9750233,50.8655079],[-113.9751294,50.8656453],[-113.9749914,50.8654568],[-113.9749454,50.865402],[-113.9748843,50.8653087],[-113.9748421,50.8652647],[-113.9750956,50.8655935]]}",POINT (-113.97546362605347 50.8640833803443),a,REDSTONE BV NE,4
BP2017-01688,Completed,2017-02-24,2017,2017-07-05,2018-06-28,2018,Commercial / Multi Family Project,Building,1606 - Ths Townhouse,Townhouse,Residential,New,New,New,9.10.15. - 5 Unit Townhouse - Building 2,GRAVITY ARCHITECTURE,,,5,"$972,000",,230 REDSTONE BV NE,RSN,REDSTONE,51.16925155,-113.9507778,9,Titled Parcel;Titled Parcel;Titled Parcel;Titled Parcel;Building;Building;Building;Building;Building,242 REDSTONE BV NE;230 REDSTONE BV NE;238 REDSTONE BV NE;234 REDSTONE BV NE;238 REDSTONE BV NE;230 REDSTONE BV NE;242 REDSTONE BV NE;234 REDSTONE BV NE;246 REDSTONE BV NE,"MULTIPOINT (-113.9507777807469 51.16925154708821,-113.95077777178281 51.169112209193756,-113.95077778569666 51.16920659938398,-113.95077777634741 51.1691616516734,-113.95066769314185 51.16921099384575,-113.95067264117817 51.16911661473732,-113.95066765091379 51.16925057477812,-113.95067017755834 51.169160761336386,-113.95066276425679 51.169300806273625)","{""type"":""MultiPoint"",""coordinates"":[[-113.9507778,51.1692515],[-113.9507778,51.1691122],[-113.9507778,51.1692066],[-113.9507778,51.1691617],[-113.9506677,51.169211],[-113.9506726,51.1691166],[-113.9506677,51.1692506],[-113.9506702,51.1691608],[-113.9506628,51.1693008]]}",POINT (-113.9507777807469 51.16925154708821),"{""type"":""MultiPoint"",""coordinates"":[[-114.2159599,51.1306366],[-114.2155333,51.1306324],[-114.2154952,51.1305932],[-114.2153489,51.1306049],[-114.2155953,51.1306694],[-114.2154349,51.1306775],[-114.2157332,51.1305746],[-114.2153618,51.1306866],[-114.2158132,51.1305705],[-114.2154243,51.1306005],[-114.2155723,51.130587],[-114.2157467,51.1306577],[-114.2156718,51.1306628],[-114.2158323,51.1306536],[-114.2152858,51.130691],[-114.2155148,51.1306749],[-114.2152696,51.130609],[-114.2156567,51.130579]]}",POINT (-114.21595991895694 51.13063659822156),a,REDSTONE BV NE,4
BP2017-11294,Completed,2017-08-25,2017,2017-09-12,2019-09-23,2019,Commercial / Multi Family Project,Building,1606 - Ths Townhouse,Townhouse,Residential,New,New,New,9.10.15. - 4 Unit Townhouse - Building 9,GRAVITY ARCHITECTURE,,STREETSIDE DEVELOPMENT,4,"$778,716",,354 REDSTONE BV NE,RSN,REDSTONE,51.17089663,-113.9507779,8,Titled Parcel;Titled Parcel;Titled Parcel;Titled Parcel;Building;Building;Building;Building,362 REDSTONE BV NE;354 REDSTONE BV NE;366 REDSTONE BV NE;358 REDSTONE BV NE;366 REDSTONE BV NE;362 REDSTONE BV NE;354 REDSTONE BV NE;358 REDSTONE BV NE,"MULTIPOINT (-113.95077791700746 51.17089663295742,-113.9507779030952 51.17080224279462,-113.95077791678612 51.17095057018919,-113.95077790765886 51.17085168525989,-113.95065888251038 51.17094190806952,-113.95065893306564 51.17089453322213,-113.95065721327941 51.17080434045441,-113.95065807727562 51.17085229101873)","{""type"":""MultiPoint"",""coordinates"":[[-113.9507779,51.1708966],[-113.9507779,51.1708022],[-113.9507779,51.1709506],[-113.9507779,51.1708517],[-113.9506589,51.1709419],[-113.9506589,51.1708945],[-113.9506572,51.1708043],[-113.9506581,51.1708523]]}",POINT (-113.95077791700746 51.17089663295742),"{""type"":""MultiPoint"",""coordinates"":[[-114.0229384,50.8646995],[-114.0224995,50.8638531]]}",POINT (-114.02293844973785 50.86469952115577),,REDSTONE BV NE,4
BP2017-10975,Completed,2017-08-21,2017,2017-08-31,2019-08-15,2019,Commercial / Multi Family Project,Building,1606 - Ths Townhouse,Townhouse,Residential,New,New,New,9.10.15. - 4 Unit Townhouse - Building 8,GRAVITY ARCHITECTURE,,,4,"$778,716",,338 REDSTONE BV NE,RSN,REDSTONE,51.17074381,-113.9507779,8,Titled Parcel;Titled Parcel;Titled Parcel;Titled Parcel;Building;Building;Building;Building,350 REDSTONE BV NE;346 REDSTONE BV NE;342 REDSTONE BV NE;338 REDSTONE BV NE;342 REDSTONE BV NE;346 REDSTONE BV NE;338 REDSTONE BV NE;350 REDSTONE BV NE,"MULTIPOINT (-113.95077790810134 51.17074381079403,-113.9507779035376 51.17069436832783,-113.95077789418893 51.17064942062874,-113.95077788962516 51.170599978161746,-113.95065919865598 51.17064564896061,-113.9506600596105 51.1706964492088,-113.95066106280811 51.17060054922908,-113.95065909510056 51.17074269099045)","{""type"":""MultiPoint"",""coordinates"":[[-113.9507779,51.1707438],[-113.9507779,51.1706944],[-113.9507779,51.1706494],[-113.9507779,51.1706],[-113.9506592,51.1706456],[-113.9506601,51.1706964],[-113.9506611,51.1706005],[-113.9506591,51.1707427]]}",POINT (-113.95077790810134 51.17074381079403),,,,REDSTONE BV NE,4
BP2017-10699,Completed,2017-08-15,2017,2017-08-22,2018-12-19,2018,Commercial / Multi Family Project,Building,1706 - Rhs Rowhouse,Unspecified,Residential,New,New,New,9.10.15. - 4 Unit Townhouse - Building 7,INERTIA,,,4,"$778,716",,322 REDSTONE BV NE,RSN,REDSTONE,51.1704921,-113.9507779,8,Titled Parcel;Titled Parcel;Titled Parcel;Titled Parcel;Building;Building;Building;Building,330 REDSTONE BV NE;322 REDSTONE BV NE;334 REDSTONE BV NE;326 REDSTONE BV NE;326 REDSTONE BV NE;334 REDSTONE BV NE;322 REDSTONE BV NE;330 REDSTONE BV NE,"MULTIPOINT (-113.95077787576788 51.170492103685206,-113.95077787615462 51.17039771352185,-113.95077788033173 51.17054154615312,-113.9507778807185 51.17044715599056,-113.950662147907 51.170441291009006,-113.95066204679496 51.17053604970032,-113.95067036217459 51.17039505228202,-113.95065754040873 51.17049779731019)","{""type"":""MultiPoint"",""coordinates"":[[-113.9507779,51.1704921],[-113.9507779,51.1703977],[-113.9507779,51.1705415],[-113.9507779,51.1704472],[-113.9506621,51.1704413],[-113.950662,51.170536],[-113.9506704,51.1703951],[-113.9506575,51.1704978]]}",POINT (-113.95077787576788 51.170492103685206),,,,REDSTONE BV NE,4
BP2019-10548,Completed,2019-08-07,2019,2019-08-19,2020-12-03,2020,Commercial / Multi Family Project,Building,1606 - Ths Townhouse,Townhouse,Residential,New,New,New,"Redstone Park - Building 7: 3 storey, 3 residential units townhouse building",STREETSIDE DEVELOPMENT,,,3,"$630,754",,#141 301 REDSTONE BV NE,RSN,REDSTONE,51.17006987,-113.9514323,4,Titled Parcel;Building;Building;Building,301 REDSTONE BV NE;#143 301 REDSTONE BV NE;#145 301 REDSTONE BV NE;#141 301 REDSTONE BV NE,"MULTIPOINT (-113.95143225852655 51.170069868811844,-113.95181991164935 51.16899901521318,-113.95181806384355 51.16896096172252,-113.95182175573976 51.16904063755001)","{""type"":""MultiPoint"",""coordinates"":[[-113.9514323,51.1700699],[-113.9518199,51.168999],[-113.9518181,51.168961],[-113.9518218,51.1690406]]}",POINT (-113.95143225852655 51.170069868811844),,,,301 REDSTONE BV NE,4
BP2019-07983,Completed,2019-06-21,2019,2019-08-01,2021-11-16,2021,Commercial / Multi Family Project,Building,1606 - Ths Townhouse,Townhouse,Residential,New,New,New,"Redstone Park - Building 19: 3 storey, 4 residential units townhouse building",STREETSIDE DEVELOPMENT,,,4,"$788,113",,#120 301 REDSTONE BV NE,RSN,REDSTONE,51.17006987,-113.9514323,5,Titled Parcel;Building;Building;Building;Building,301 REDSTONE BV NE;#122 301 REDSTONE BV NE;#124 301 REDSTONE BV NE;#120 301 REDSTONE BV NE;#126 301 REDSTONE BV NE,"MULTIPOINT (-113.95143225852655 51.170069868811844,-113.95240036488337 51.169273964214675,-113.95233793851902 51.169270972250274,-113.9524590056813 51.1692733947492,-113.95226983117458 51.169272131102986)","{""type"":""MultiPoint"",""coordinates"":[[-113.9514323,51.1700699],[-113.9524004,51.169274],[-113.9523379,51.169271],[-113.952459,51.1692734],[-113.9522698,51.1692721]]}",POINT (-113.95143225852655 51.170069868811844),,,,301 REDSTONE BV NE,4
BP2022-07464,Completed,2022-05-05,2022,2022-06-14,2023-11-10,2023,Commercial / Multi Family Project,Building,1606 - Ths Townhouse,Townhouse,Residential,New,New,New,Part 9.10.15. - Row House - Redstone Park Ph 8 - Building 20,NORR ARCHITECTS ENGINEERS PLANNERS,,STREETSIDE DEVELOPMENT,7,"$1,385,900",,#428 301 REDSTONE BV NE,RSN,REDSTONE,51.16944108,-113.9526058,14,Titled Parcel;Titled Parcel;Titled Parcel;Titled Parcel;Titled Parcel;Titled Parcel;Titled Parcel;Building;Building;Building;Building;Building;Building;Building,#440 301 REDSTONE BV NE;#430 301 REDSTONE BV NE;#436 301 REDSTONE BV NE;#438 301 REDSTONE BV NE;#432 301 REDSTONE BV NE;#428 301 REDSTONE BV NE;#434 301 REDSTONE BV NE;#436 301 REDSTONE BV NE;#434 301 REDSTONE BV NE;#440 301 REDSTONE BV NE;#438 301 REDSTONE BV NE;#432 301 REDSTONE BV NE;#430 301 REDSTONE BV NE;#428 301 REDSTONE BV NE,"MULTIPOINT (-113.95260575606382 51.16944108226259,-113.95261201655177 51.16963885469465,-113.95260833276512 51.169521989173774,-113.95260711130177 51.169486030515834,-113.95261078539 51.16959840126322,-113.95261352909183 51.16968380301002,-113.95260956392276 51.169562442605766,-113.95246725502368 51.16952492545696,-113.95246815841723 51.16956417415881,-113.95246449080541 51.169445843343276,-113.95247202530109 51.16948865459794,-113.95246717556026 51.169602226485125,-113.95246619270166 51.16964027881119,-113.95246615174447 51.16968012043826)","{""type"":""MultiPoint"",""coordinates"":[[-113.9526058,51.1694411],[-113.952612,51.1696389],[-113.9526083,51.169522],[-113.9526071,51.169486],[-113.9526108,51.1695984],[-113.9526135,51.1696838],[-113.9526096,51.1695624],[-113.9524673,51.1695249],[-113.9524682,51.1695642],[-113.9524645,51.1694458],[-113.952472,51.1694887],[-113.9524672,51.1696022],[-113.9524662,51.1696403],[-113.9524662,51.1696801]]}",POINT (-113.95260575606382 51.16944108226259),,,,301 REDSTONE BV NE,4
BP2021-17112,Completed,2021-09-30,2021,2021-10-29,2023-03-21,2023,Commercial / Multi Family Project,Building,1606 - Ths Townhouse,Townhouse,Residential,New,New,New,"Redstone Park, Phase 8 - Building 10: 3 storey, 7 residential units townhouse building",NORR ARCHITECTS ENGINEERS PLANNERS,,STREETSIDE DEVELOPMENT,7,"$1,324,020",,#441 301 REDSTONE BV NE,RSN,REDSTONE,51.16935126,-113.952779,14,Titled Parcel;Titled Parcel;Titled Parcel;Titled Parcel;Titled Parcel;Titled Parcel;Titled Parcel;Building;Building;Building;Building;Building;Building;Building,#445 301 REDSTONE BV NE;#453 301 REDSTONE BV NE;#449 301 REDSTONE BV NE;#451 301 REDSTONE BV NE;#441 301 REDSTONE BV NE;#443 301 REDSTONE BV NE;#447 301 REDSTONE BV NE;#449 301 REDSTONE BV NE;#441 301 REDSTONE BV NE;#445 301 REDSTONE BV NE;#447 301 REDSTONE BV NE;#451 301 REDSTONE BV NE;#453 301 REDSTONE BV NE;#443 301 REDSTONE BV NE,"MULTIPOINT (-113.95277899505214 51.16935125690567,-113.95277678666797 51.16918944427373,-113.95277654216214 51.169274844816435,-113.9527753251649 51.16923439138994,-113.95277857896077 51.169436657376735,-113.95278023094471 51.16938721556845,-113.95277777805079 51.16931080347972,-113.95292623911001 51.16927417699307,-113.95292702545585 51.1694287794358,-113.95292710717001 51.1693485118575,-113.95292146860702 51.16931104118152,-113.95292437608389 51.16923612351569,-113.95292726092417 51.16919747863877,-113.9529261228834 51.16938834411756)","{""type"":""MultiPoint"",""coordinates"":[[-113.952779,51.1693513],[-113.9527768,51.1691894],[-113.9527765,51.1692748],[-113.9527753,51.1692344],[-113.9527786,51.1694367],[-113.9527802,51.1693872],[-113.9527778,51.1693108],[-113.9529262,51.1692742],[-113.952927,51.1694288],[-113.9529271,51.1693485],[-113.9529215,51.169311],[-113.9529244,51.1692361],[-113.9529273,51.1691975],[-113.9529261,51.1693883]]}",POINT (-113.95277899505214 51.16935125690567),,,,301 REDSTONE BV NE,4
BP2022-11039,Completed,2022-06-23,2022,2022-07-14,2023-12-14,2023,Commercial / Multi Family Project,Building,1606 - Ths Townhouse,Townhouse,Residential,New,New,New,"A new, three storey, 8 unit rowhouse, Part 9, Group C occupancy",NORR ARCHITECTS ENGINEERS PLANNERS,,STREETSIDE DEVELOPMENT,8,"$1,587,369",,#421 301 REDSTONE BV NE,RSN,REDSTONE,51.16952655,-113.9527785,16,Titled Parcel;Titled Parcel;Titled Parcel;Titled Parcel;Titled Parcel;Titled Parcel;Titled Parcel;Titled Parcel;Building;Building;Building;Building;Building;Building;Building;Building,#435 301 REDSTONE BV NE;#431 301 REDSTONE BV NE;#421 301 REDSTONE BV NE;#423 301 REDSTONE BV NE;#427 301 REDSTONE BV NE;#433 301 REDSTONE BV NE;#425 301 REDSTONE BV NE;#429 301 REDSTONE BV NE;#427 301 REDSTONE BV NE;#421 301 REDSTONE BV NE;#435 301 REDSTONE BV NE;#429 301 REDSTONE BV NE;#433 301 REDSTONE BV NE;#425 301 REDSTONE BV NE;#423 301 REDSTONE BV NE;#431 301 REDSTONE BV NE,"MULTIPOINT (-113.9527785014553 51.16952655275362,-113.95278121686454 51.16961195448606,-113.95278762111724 51.16980972696084,-113.95278612270305 51.16976477865442,-113.95278366977978 51.16968836657076,-113.95277998555542 51.16957150105618,-113.95278489138566 51.16972432522566,-113.95278243846653 51.16964791314144,-113.95293527010618 51.16968744779674,-113.95293799882924 51.16980220936724,-113.95293827722064 51.16952868472964,-113.95293909932023 51.16964820100323,-113.9529372756121 51.16957149251955,-113.95293712006782 51.169724314646395,-113.95293519264168 51.169763553214885,-113.95293723747642 51.16960896090961)","{""type"":""MultiPoint"",""coordinates"":[[-113.9527785,51.1695266],[-113.9527812,51.169612],[-113.9527876,51.1698097],[-113.9527861,51.1697648],[-113.9527837,51.1696884],[-113.95278,51.1695715],[-113.9527849,51.1697243],[-113.9527824,51.1696479],[-113.9529353,51.1696874],[-113.952938,51.1698022],[-113.9529383,51.1695287],[-113.9529391,51.1696482],[-113.9529373,51.1695715],[-113.9529371,51.1697243],[-113.9529352,51.1697636],[-113.9529372,51.169609]]}",POINT (-113.9527785014553 51.16952655275362),,,,301 REDSTONE BV NE,4
BP2021-18290,Completed,2021-10-21,2021,2022-04-08,2023-07-11,2023,Commercial / Multi Family Project,Building,1606 - Ths Townhouse,Townhouse,Residential,New,New,New,"6-Unit Residential Rowhouse - Building 3; located at 275, 277, 279, 281, 283, 285 REDSTONE BV NE.",NORR ARCHITECTS ENGINEERS PLANNERS,,STREETSIDE DEVELOPMENT,6,"$1,146,927",,275 REDSTONE BV NE,RSN,REDSTONE,51.169899,-113.9512743,12,Titled Parcel;Titled Parcel;Titled Parcel;Titled Parcel;Titled Parcel;Titled Parcel;Building;Building;Building;Building;Building;Building,281 REDSTONE BV NE;277 REDSTONE BV NE;279 REDSTONE BV NE;283 REDSTONE BV NE;275 REDSTONE BV NE;285 REDSTONE BV NE;279 REDSTONE BV NE;283 REDSTONE BV NE;275 REDSTONE BV NE;285 REDSTONE BV NE;281 REDSTONE BV NE;277 REDSTONE BV NE,"MULTIPOINT (-113.95127428888551 51.16989900186441,-113.95127428361118 51.16982259076991,-113.95127428861662 51.1698585489332,-113.95127429389092 51.16993496002722,-113.9512742785161 51.16977314829576,-113.95127429898592 51.169984402500006,-113.95142933578252 51.16985748971342,-113.95142452030072 51.169935975389684,-113.95142941948404 51.169777806462655,-113.95142542157039 51.169976410715364,-113.9514273915161 51.169897923858215,-113.95143031762949 51.16982121732594)","{""type"":""MultiPoint"",""coordinates"":[[-113.9512743,51.169899],[-113.9512743,51.1698226],[-113.9512743,51.1698585],[-113.9512743,51.169935],[-113.9512743,51.1697731],[-113.9512743,51.1699844],[-113.9514293,51.1698575],[-113.9514245,51.169936],[-113.9514294,51.1697778],[-113.9514254,51.1699764],[-113.9514274,51.1698979],[-113.9514303,51.1698212]]}",POINT (-113.95127428888551 51.16989900186441),,,,REDSTONE BV NE,4
BP2021-18296,Completed,2021-10-21,2021,2022-03-31,2023-04-03,2023,Commercial / Multi Family Project,Building,1606 - Ths Townhouse,Townhouse,Residential,New,New,New,"4-Unit Residential Rowhouse - Building 4; located at 261, 263, 265, 267   REDSTONE BV NE",NORR ARCHITECTS ENGINEERS PLANNERS,,STREETSIDE DEVELOPMENT,4,"$788,728",,261 REDSTONE BV NE,RSN,REDSTONE,51.16964729,-113.9512743,8,Titled Parcel;Titled Parcel;Titled Parcel;Titled Parcel;Building;Building;Building;Building,265 REDSTONE BV NE;267 REDSTONE BV NE;263 REDSTONE BV NE;261 REDSTONE BV NE;267 REDSTONE BV NE;261 REDSTONE BV NE;265 REDSTONE BV NE;263 REDSTONE BV NE,"MULTIPOINT (-113.95127426814649 51.169647294724385,-113.95127427324165 51.1696967371996,-113.95127426314099 51.16961133655978,-113.95127426278225 51.16955739931545,-113.95141721404829 51.16969039609285,-113.9514230207419 51.169566711414575,-113.95141914527181 51.16964876633246,-113.95142203639203 51.169605366030815)","{""type"":""MultiPoint"",""coordinates"":[[-113.9512743,51.1696473],[-113.9512743,51.1696967],[-113.9512743,51.1696113],[-113.9512743,51.1695574],[-113.9514172,51.1696904],[-113.951423,51.1695667],[-113.9514191,51.1696488],[-113.951422,51.1696054]]}",POINT (-113.95127426814649 51.169647294724385),,,,REDSTONE BV NE,4
BP2017-12616,Completed,2017-09-20,2017,2017-09-28,2019-12-12,2019,Commercial / Multi Family Project,Building,1606 - Ths Townhouse,Townhouse,Residential,New,New,New,9.10.15. - 4 Unit Townhouse - Building 10,GRAVITY ARCHITECTURE,,,4,"$778,716",,382 REDSTONE BV NE,RSN,REDSTONE,51.17110339,-113.9507779,4,Titled Parcel;Titled Parcel;Titled Parcel;Titled Parcel,378 REDSTONE BV NE;370 REDSTONE BV NE;382 REDSTONE BV NE;374 REDSTONE BV NE,"MULTIPOINT (-113.95077792569184 51.17110339234715,-113.95077793086428 51.17100450742647,-113.95077793025533 51.17115283480987,-113.95077793064289 51.17105844465724)","{""type"":""MultiPoint"",""coordinates"":[[-113.9507779,51.1711034],[-113.9507779,51.1710045],[-113.9507779,51.1711528],[-113.9507779,51.1710584]]}",POINT (-113.95077792569184 51.17110339234715),,,,REDSTONE BV NE,4
BP2019-10549,Completed,2019-08-07,2019,2019-08-21,2022-11-14,2022,Commercial / Multi Family Project,Building,1606 - Ths Townhouse,Townhouse,Residential,New,New,New,"Building 9: 3 storey, 7 residential units townhouse building",STREETSIDE DEVELOPMENT,,,7,"$1,324,498",,#103 301 REDSTONE BV NE,RSN,REDSTONE,51.17006987,-113.9514323,8,Titled Parcel;Building;Building;Building;Building;Building;Building;Building,301 REDSTONE BV NE;#105 301 REDSTONE BV NE;#115 301 REDSTONE BV NE;#107 301 REDSTONE BV NE;#111 301 REDSTONE BV NE;#113 301 REDSTONE BV NE;#103 301 REDSTONE BV NE;#109 301 REDSTONE BV NE,"MULTIPOINT (-113.95143225852655 51.170069868811844,-113.9529180250791 51.168971513809005,-113.952615376922 51.16896900939065,-113.95285844275645 51.1689703031959,-113.95273927812977 51.16896787288915,-113.95267496105821 51.168968440199045,-113.95298328527642 51.16897154005425,-113.95279697237608 51.168969685100436)","{""type"":""MultiPoint"",""coordinates"":[[-113.9514323,51.1700699],[-113.952918,51.1689715],[-113.9526154,51.168969],[-113.9528584,51.1689703],[-113.9527393,51.1689679],[-113.952675,51.1689684],[-113.9529833,51.1689715],[-113.952797,51.1689697]]}",POINT (-113.95143225852655 51.170069868811844),,,,301 REDSTONE BV NE,4
BP2019-07537,Completed,2019-06-14,2019,2019-08-01,2020-09-15,2020,Commercial / Multi Family Project,Building,1606 - Ths Townhouse,Townhouse,Residential,New,New,New,Redstone Park (Phase 8) Building 6,STREETSIDE DEVELOPMENT,,,3,"$632,797",,217 REDSTONE BV NE,RSN,REDSTONE,51.17006987,-113.9514323,4,Titled Parcel;Building;Building;Building,301 REDSTONE BV NE;221 REDSTONE BV NE;217 REDSTONE BV NE;219 REDSTONE BV NE,"MULTIPOINT (-113.95143225852655 51.170069868811844,-113.95142358419137 51.16903036865575,-113.95141988118593 51.16894831058229,-113.95142172553757 51.16898933961622)","{""type"":""MultiPoint"",""coordinates"":[[-113.9514323,51.1700699],[-113.9514236,51.1690304],[-113.9514199,51.1689483],[-113.9514217,51.1689893]]}",POINT (-113.95143225852655 51.170069868811844),,,,REDSTONE BV NE,4
BP2022-11001,Completed,2022-06-23,2022,2022-07-13,2023-11-10,2023,Commercial / Multi Family Project,Building,1606 - Ths Townhouse,Townhouse,Residential,New,New,New,6 Unit Residential Rowhouse - Block 11,MINTO COMMUNITIES,,MINTO COMMUNITIES,6,"$1,240,110",,#127 8535 19 AV SE,BVD,BELVEDERE,51.03562324,-113.9100963,8,Titled Parcel;Titled Parcel;Building;Building;Building;Building;Building;Building,8535 19 AV SE;1880 84 ST SE;#122 8535 19 AV SE;#125 8535 19 AV SE;#126 8535 19 AV SE;#123 8535 19 AV SE;#127 8535 19 AV SE;#124 8535 19 AV SE,"MULTIPOINT (-113.91009625619327 51.03562323661307,-113.91162612756835 51.03510299797583,-113.90980250633523 51.03484985581196,-113.90980387094606 51.03472711979825,-113.90980282217211 51.034687159546216,-113.90980259083558 51.034806327504384,-113.90980403301515 51.034643632106686,-113.90980266702883 51.034767078311425)","{""type"":""MultiPoint"",""coordinates"":[[-113.9100963,51.0356232],[-113.9116261,51.035103],[-113.9098025,51.0348499],[-113.9098039,51.0347271],[-113.9098028,51.0346872],[-113.9098026,51.0348063],[-113.909804,51.0346436],[-113.9098027,51.0347671]]}",POINT (-113.91009625619327 51.03562323661307),"{""type"":""MultiPoint"",""coordinates"":[[-114.2730094,51.0868501],[-114.2725199,51.0868377],[-114.2728717,51.0868459],[-114.2723874,51.0868336],[-114.2727544,51.0868417],[-114.2726371,51.0868375],[-114.2728688,51.0869515],[-114.2727449,51.0869461],[-114.2729746,51.0869589],[-114.2726271,51.0869444],[-114.2725153,51.0869409],[-114.2724004,51.0869374]]}",POINT (-114.2730093691308 51.086850089174305),a,8535 19 AV SE,5
BP2022-10993,Completed,2022-06-23,2022,2022-07-13,2023-12-11,2023,Commercial / Multi Family Project,Building,1606 - Ths Townhouse,Townhouse,Residential,New,New,New,5 Unit Residential Rowhouse - Block 12,MINTO COMMUNITIES,,MINTO COMMUNITIES,5,"$1,073,479",,#115 8535 19 AV SE,BVD,BELVEDERE,51.03562324,-113.9100963,7,Titled Parcel;Titled Parcel;Building;Building;Building;Building;Building,8535 19 AV SE;1880 84 ST SE;#118 8535 19 AV SE;#119 8535 19 AV SE;#116 8535 19 AV SE;#115 8535 19 AV SE;#117 8535 19 AV SE,"MULTIPOINT (-113.91009625619327 51.03562323661307,-113.91162612756835 51.03510299797583,-113.90980567247911 51.03496687783846,-113.90980688055245 51.034924779769185,-113.90980664507107 51.03504608727986,-113.90980655642046 51.035091755143014,-113.90980560044123 51.03500398747266)","{""type"":""MultiPoint"",""coordinates"":[[-113.9100963,51.0356232],[-113.9116261,51.035103],[-113.9098057,51.0349669],[-113.9098069,51.0349248],[-113.9098066,51.0350461],[-113.9098066,51.0350918],[-113.9098056,51.035004]]}",POINT (-113.91009625619327 51.03562323661307),"{""type"":""MultiPoint"",""coordinates"":[[-113.9514323,51.1700699],[-113.9522768,51.168976],[-113.9522143,51.1689766],[-113.9524621,51.1689737],[-113.9521538,51.1689783],[-113.9520885,51.1689765],[-113.9523401,51.1689754],[-113.9523997,51.1689743]]}",POINT (-113.95143225852655 51.170069868811844),a,8535 19 AV SE,5
BP2018-14249,Completed,2018-10-25,2018,2018-12-05,2019-09-12,2019,Commercial / Multi Family Project,Building,1606 - Ths Townhouse,Townhouse,Residential,New,New,New,,SINCLAIR SIGNATURE HOMES,,SINCLAIR SIGNATURE HOMES,4,"$1,500,000",,#1 2114 4 AV NW,UND,Undefined,51.05640486,-114.1088722,5,Titled Parcel;Building;Building;Building;Building,2114 4 AV NW;#2 2116 4 AV NW;#1 2116 4 AV NW;#2 2114 4 AV NW;#1 2114 4 AV NW,"MULTIPOINT (-114.10887216765094 51.0564048563986,-114.10896465053169 51.05661488690638,-114.10897634824578 51.056451236161074,-114.1088748441666 51.056621631970515,-114.10886014384563 51.0564660875789)","{""type"":""MultiPoint"",""coordinates"":[[-114.1088722,51.0564049],[-114.1089647,51.0566149],[-114.1089763,51.0564512],[-114.1088748,51.0566216],[-114.1088601,51.0564661]]}",POINT (-114.10887216765094 51.0564048563986),,,,2114 4 AV NW,6
BP2018-13823,Completed,2018-10-16,2018,2018-12-07,2020-06-18,2020,Commercial / Multi Family Project,Building,1606 - Ths Townhouse,Townhouse,Residential,New,New,New,7 Plex stacked Hillhurst Townhomes (2 new buildings),MODERN OFFICE OF DESIGN & ARCHITECTURE,,,7,"$1,612,522",,2104 5 AV NW,WHL,WEST HILLHURST,51.05735824,-114.1083588,8,Titled Parcel;Building;Building;Building;Building;Building;Building;Building,2102 5 AV NW;2106 5 AV NW;617 20 ST NW;619 20 ST NW;613 20 ST NW;2104 5 AV NW;615 20 ST NW;611 20 ST NW,"MULTIPOINT (-114.10835876990089 51.05735824352177,-114.10850725726308 51.057404420799045,-114.1082379974589 51.05755624605082,-114.10824242018657 51.05761773161631,-114.10823688377246 51.05744566457765,-114.10841823255923 51.05740450340519,-114.1082387300915 51.057503385838814,-114.10824016892228 51.05738632940495)","{""type"":""MultiPoint"",""coordinates"":[[-114.1083588,51.0573582],[-114.1085073,51.0574044],[-114.108238,51.0575562],[-114.1082424,51.0576177],[-114.1082369,51.0574457],[-114.1084182,51.0574045],[-114.1082387,51.0575034],[-114.1082402,51.0573863]]}",POINT (-114.10835876990089 51.05735824352177),,,,5 AV NW,6
BP2019-12579,Completed,2019-09-13,2019,2019-09-25,2020-09-11,2020,Commercial / Multi Family Project,Building,1706 - Rhs Rowhouse,Unspecified,Residential,New,New,New,4 unit rowhouse and detached garages,ESTEEM HOMES,,ESTEEM HOMES,4,"$812,301",,2103 5 AV NW,WHL,WEST HILLHURST,51.05683702,-114.1081695,5,Titled Parcel;Building;Building;Building;Building,549 20 ST NW;2103 5 AV NW;551 20 ST NW;553 20 ST NW;555 20 ST NW,"MULTIPOINT (-114.1081694921638 51.05683701523012,-114.1082521163127 51.05708387729024,-114.10825362762536 51.05692451517006,-114.10825468177309 51.05696672990718,-114.10825385363367 51.057021442094396)","{""type"":""MultiPoint"",""coordinates"":[[-114.1081695,51.056837],[-114.1082521,51.0570839],[-114.1082536,51.0569245],[-114.1082547,51.0569667],[-114.1082539,51.0570214]]}",POINT (-114.1081694921638 51.05683701523012),,,,5 AV NW,6
BP2022-05417,Completed,2022-04-06,2022,2023-02-23,2023-09-18,2023,Commercial / Multi Family Project,Building,1606 - Ths Townhouse,Townhouse,Residential,New,New,New,New 4 -plex.,,BROOKFIELD RESIDENTIAL (ALBERTA),BROOKFIELD RESIDENTIAL (ALBERTA),4,"$765,025",,111 SETON RO SE,SET,SETON,50.86461415,-113.9488382,4,Titled Parcel;Titled Parcel;Titled Parcel;Titled Parcel,7 SETON RO SE;11 SETON RO SE;107 SETON RO SE;111 SETON RO SE,"MULTIPOINT (-113.94883824204818 50.864614147359376,-113.94871691199018 50.86461409411473,-113.94871240403579 50.86439833182825,-113.94883313198123 50.86440287982019)","{""type"":""MultiPoint"",""coordinates"":[[-113.9488382,50.8646141],[-113.9487169,50.8646141],[-113.9487124,50.8643983],[-113.9488331,50.8644029]]}",POINT (-113.94883824204818 50.864614147359376),"{""type"":""MultiPoint"",""coordinates"":[[-114.1115836,51.0523839],[-114.1115713,51.0523171],[-114.11164,51.0523169],[-114.11164,51.0523169],[-114.1115028,51.0523169],[-114.11164,51.0523169],[-114.1115028,51.0523169],[-114.1115028,51.0523169]]}",POINT (-114.11158364585779 51.05238389386798),,SETON RO SE,7
BP2023-01870,Completed,2023-02-15,2023,2023-03-06,2023-12-13,2023,Commercial / Multi Family Project,Building,1706 - Rhs Rowhouse,Unspecified,Residential,New,New,New,6-unit rowhouse (units 38-43).,,HOMES BY AVI (CANADA),HOMES BY AVI (CANADA),6,"$1,025,079",,471 LIVINGSTON WY NE,LIV,LIVINGSTON,51.18670465,-114.0493749,12,Titled Parcel;Titled Parcel;Titled Parcel;Titled Parcel;Titled Parcel;Titled Parcel;Building;Building;Building;Building;Building;Building,463 LIVINGSTON WY NE;467 LIVINGSTON WY NE;459 LIVINGSTON WY NE;479 LIVINGSTON WY NE;475 LIVINGSTON WY NE;471 LIVINGSTON WY NE;459 LIVINGSTON WY NE;475 LIVINGSTON WY NE;471 LIVINGSTON WY NE;463 LIVINGSTON WY NE;467 LIVINGSTON WY NE;479 LIVINGSTON WY NE,"MULTIPOINT (-114.04937493970077 51.1867046508542,-114.04945345649635 51.186704617695064,-114.0492849221756 51.18670468880549,-114.04970049330716 51.18670451302303,-114.04961047578269 51.18670455122478,-114.0495319589874 51.18670458448929,-114.04929549811564 51.18662891173409,-114.0496096296649 51.18662259418136,-114.04953317283734 51.186622626573275,-114.04937876332316 51.18662840018016,-114.0494483969778 51.18662837077289,-114.04968986234186 51.186622092681276)","{""type"":""MultiPoint"",""coordinates"":[[-114.0493749,51.1867047],[-114.0494535,51.1867046],[-114.0492849,51.1867047],[-114.0497005,51.1867045],[-114.0496105,51.1867046],[-114.049532,51.1867046],[-114.0492955,51.1866289],[-114.0496096,51.1866226],[-114.0495332,51.1866226],[-114.0493788,51.1866284],[-114.0494484,51.1866284],[-114.0496899,51.1866221]]}",POINT (-114.04937493970077 51.1867046508542),"{""type"":""MultiPoint"",""coordinates"":[[-114.2119309,51.1290753],[-114.2121684,51.1286243]]}",POINT (-114.21193094322358 51.129075280668644),,LIVINGSTON WY NE,8
BP2022-20056,Completed,2022-12-14,2022,2023-01-25,2023-10-25,2023,Commercial / Multi Family Project,Building,1706 - Rhs Rowhouse,Unspecified,Residential,New,New,New,New 6 Unit Rowhouse Building 20,,HOMES BY AVI (CANADA),HOMES BY AVI (CANADA),6,"$1,068,860",,483 LIVINGSTON WY NE,LIV,LIVINGSTON,51.18670447,-114.049802,6,Titled Parcel;Titled Parcel;Titled Parcel;Titled Parcel;Titled Parcel;Titled Parcel,483 LIVINGSTON WY NE;495 LIVINGSTON WY NE;491 LIVINGSTON WY NE;487 LIVINGSTON WY NE;503 LIVINGSTON WY NE;499 LIVINGSTON WY NE,"MULTIPOINT (-114.04980202586508 51.186704469851406,-114.05004907697817 51.186704364437325,-114.04997056018374 51.18670439799615,-114.04989204338912 51.18670443150229,-114.05021759699142 51.186704292232356,-114.05012757946808 51.18670433083194)","{""type"":""MultiPoint"",""coordinates"":[[-114.049802,51.1867045],[-114.0500491,51.1867044],[-114.0499706,51.1867044],[-114.049892,51.1867044],[-114.0502176,51.1867043],[-114.0501276,51.1867043]]}",POINT (-114.04980202586508 51.186704469851406),"{""type"":""MultiPoint"",""coordinates"":[[-114.0639795,50.8655248],[-114.0637198,50.8655249],[-114.0638064,50.8655249],[-114.0638929,50.8655249],[-114.0636222,50.865525],[-114.0640771,50.8655248],[-114.0640656,50.8655953]]}",POINT (-114.06397951917343 50.86552480652083),a,LIVINGSTON WY NE,8
BP2022-18979,Completed,2022-11-17,2022,2023-01-25,2023-11-29,2023,Commercial / Multi Family Project,Building,1706 - Rhs Rowhouse,Unspecified,Residential,New,New,New,New 6 Unit Rowhouse Building 19,,HOMES BY AVI (CANADA),HOMES BY AVI (CANADA),6,"$1,053,859",,519 LIVINGSTON WY NE,LIV,LIVINGSTON,51.18670414,-114.0505662,14,Titled Parcel;Titled Parcel;Titled Parcel;Titled Parcel;Titled Parcel;Titled Parcel;Building;Building;Building;Building;Building;Building;Building Suite;Building Suite,519 LIVINGSTON WY NE;523 LIVINGSTON WY NE;515 LIVINGSTON WY NE;527 LIVINGSTON WY NE;511 LIVINGSTON WY NE;507 LIVINGSTON WY NE;523 LIVINGSTON WY NE;515 LIVINGSTON WY NE;519 LIVINGSTON WY NE;511 LIVINGSTON WY NE;527 LIVINGSTON WY NE;507 LIVINGSTON WY NE;527B LIVINGSTON WY NE;507B LIVINGSTON WY NE,"MULTIPOINT (-114.05056618065801 51.186704142106116,-114.0506446974513 51.186704108147595,-114.05048767816895 51.18670417600577,-114.05073471497347 51.18670406915018,-114.05040916137533 51.18670420985892,-114.05031912954806 51.186704248612024,-114.05064844972274 51.18662992505093,-114.05048191984038 51.186631417361156,-114.05057426727852 51.186629957138614,-114.05040925158737 51.18662955190338,-114.05072716769698 51.1866308438385,-114.05033734353772 51.18662958286097,-114.05075587566974 51.186616996526205,-114.05029792098712 51.18661671784009)","{""type"":""MultiPoint"",""coordinates"":[[-114.0505662,51.1867041],[-114.0506447,51.1867041],[-114.0504877,51.1867042],[-114.0507347,51.1867041],[-114.0504092,51.1867042],[-114.0503191,51.1867042],[-114.0506484,51.1866299],[-114.0504819,51.1866314],[-114.0505743,51.18663],[-114.0504093,51.1866296],[-114.0507272,51.1866308],[-114.0503373,51.1866296],[-114.0507559,51.186617],[-114.0502979,51.1866167]]}",POINT (-114.05056618065801 51.186704142106116),"{""type"":""MultiPoint"",""coordinates"":[[-114.2547148,51.1408068],[-114.2565256,51.1406381],[-114.2565265,51.1408039],[-114.2565282,51.1407169],[-114.2565258,51.1406775],[-114.2565263,51.1407632]]}",POINT (-114.25471476034885 51.140806772575004),a,LIVINGSTON WY NE,8
BP2022-15810,Completed,2022-09-15,2022,2022-12-08,2023-12-01,2023,Commercial / Multi Family Project,Building,1606 - Ths Townhouse,Townhouse,Residential,New,New,New,5 Unit Residential Rowhouse - Building 1,ANTHEM CURRIE DEVELOPMENTS II,,ANTHEM CURRIE DEVELOPMENTS II,5,"$1,061,911",,179 DIEPPE DR SW,CUR,CURRIE BARRACKS,51.01788383,-114.1266659,10,Titled Parcel;Titled Parcel;Titled Parcel;Titled Parcel;Titled Parcel;Building;Building;Building;Building;Building,179 DIEPPE DR SW;187 DIEPPE DR SW;183 DIEPPE DR SW;171 DIEPPE DR SW;175 DIEPPE DR SW;183 DIEPPE DR SW;187 DIEPPE DR SW;179 DIEPPE DR SW;171 DIEPPE DR SW;175 DIEPPE DR SW,"MULTIPOINT (-114.12666585598377 51.01788383228187,-114.12648699104005 51.017910995363756,-114.12658638082469 51.01789290818142,-114.1268405875375 51.017856673412666,-114.12674530460534 51.01787026146744,-114.12660999688603 51.017955649233826,-114.1265214176848 51.01797120759356,-114.12668539293111 51.01794546300806,-114.12686820312219 51.01791731545351,-114.12676831221985 51.01792931733868)","{""type"":""MultiPoint"",""coordinates"":[[-114.1266659,51.0178838],[-114.126487,51.017911],[-114.1265864,51.0178929],[-114.1268406,51.0178567],[-114.1267453,51.0178703],[-114.12661,51.0179556],[-114.1265214,51.0179712],[-114.1266854,51.0179455],[-114.1268682,51.0179173],[-114.1267683,51.0179293]]}",POINT (-114.12666585598377 51.01788383228187),"{""type"":""MultiPoint"",""coordinates"":[[-113.913566,51.1147666],[-113.913405,51.1147665],[-113.9136487,51.1147666],[-113.9134877,51.1147665]]}",POINT (-113.91356599620282 51.11476657314886),,DIEPPE DR SW,9
BP2021-09021,Completed,2021-05-26,2021,2021-06-22,2022-06-21,2022,Commercial / Multi Family Project,Building,1706 - Rhs Rowhouse,Unspecified,Residential,New,New,New,Part 9 Townhomes,MATTAMY HOMES CALGARY,,MATTAMY HOMES CALGARY,8,"$1,458,451",,10 YORKVILLE RD SW,YKV,YORKVILLE,50.8747358,-114.077594,8,Titled Parcel;Titled Parcel;Titled Parcel;Titled Parcel;Titled Parcel;Titled Parcel;Titled Parcel;Titled Parcel,145 YORKVILLE BV SW;141 YORKVILLE BV SW;10 YORKVILLE RD SW;263 YORKVILLE AV SW;137 YORKVILLE BV SW;259 YORKVILLE AV SW;255 YORKVILLE AV SW;133 YORKVILLE BV SW,"MULTIPOINT (-114.07759395003306 50.874735800122544,-114.07759404706285 50.87479423504369,-114.07738771044126 50.87463255205735,-114.077433870796 50.87505055633726,-114.0775950548887 50.87487064935411,-114.07726378702739 50.87508213402965,-114.07711924112758 50.875082229614584,-114.07759322456496 50.8749920155375)","{""type"":""MultiPoint"",""coordinates"":[[-114.077594,50.8747358],[-114.077594,50.8747942],[-114.0773877,50.8746326],[-114.0774339,50.8750506],[-114.0775951,50.8748706],[-114.0772638,50.8750821],[-114.0771192,50.8750822],[-114.0775932,50.874992]]}",POINT (-114.07759395003306 50.874735800122544),"{""type"":""MultiPoint"",""coordinates"":[[-113.9557603,50.8778413],[-113.9567035,50.8771301]]}",POINT (-113.95576026271532 50.87784126933105),a,YORKVILLE RD SW,10
BP2021-14279,Completed,2021-08-13,2021,2021-10-04,2022-08-29,2022,Commercial / Multi Family Project,Building,1606 - Ths Townhouse,Townhouse,Residential,New,New,New,6 Plex Rowhouse,ROCKFORD TUSCANY,,ROCKFORD TUSCANY,6,"$1,089,740",,130 TUSCANY SUMMIT SQ NW,TUS,TUSCANY,51.14146804,-114.2544709,12,Titled Parcel;Titled Parcel;Titled Parcel;Titled Parcel;Titled Parcel;Titled Parcel;Building;Building;Building;Building;Building;Building,138 TUSCANY SUMMIT SQ NW;136 TUSCANY SUMMIT SQ NW;132 TUSCANY SUMMIT SQ NW;130 TUSCANY SUMMIT SQ NW;134 TUSCANY SUMMIT SQ NW;140 TUSCANY SUMMIT SQ NW;130 TUSCANY SUMMIT SQ NW;138 TUSCANY SUMMIT SQ NW;134 TUSCANY SUMMIT SQ NW;136 TUSCANY SUMMIT SQ NW;140 TUSCANY SUMMIT SQ NW;132 TUSCANY SUMMIT SQ NW,"MULTIPOINT (-114.25447086034717 51.141468039265845,-114.25452501930287 51.141485900628744,-114.25463339450063 51.14152162315457,-114.25469771397862 51.14153946231753,-114.25457920688086 51.14150376190427,-114.25440740234666 51.14144570330315,-114.25462488185148 51.141618549596934,-114.25440672616577 51.14155147643308,-114.2545158065496 51.141585489509296,-114.25444917150512 51.14156755639819,-114.25434158122042 51.14153163422394,-114.25455824147666 51.1415996636618)","{""type"":""MultiPoint"",""coordinates"":[[-114.2544709,51.141468],[-114.254525,51.1414859],[-114.2546334,51.1415216],[-114.2546977,51.1415395],[-114.2545792,51.1415038],[-114.2544074,51.1414457],[-114.2546249,51.1416185],[-114.2544067,51.1415515],[-114.2545158,51.1415855],[-114.2544492,51.1415676],[-114.2543416,51.1415316],[-114.2545582,51.1415997]]}",POINT (-114.25447086034717 51.141468039265845),"{""type"":""MultiPoint"",""coordinates"":[[-113.9626377,51.1473169],[-113.9627359,51.147317],[-113.9630166,51.147371],[-113.9628223,51.147317],[-113.962646,51.1474015]]}",POINT (-113.96263765837749 51.147316919824156),a,TUSCANY SUMMIT SQ NW,11
BP2019-06762,Completed,2019-06-03,2019,2019-06-20,2022-06-17,2022,Commercial / Multi Family Project,Building,1606 - Ths Townhouse,Townhouse,Residential,New,New,New,New - Part 9 Group C - 8 unit Townhouse - Tuscan Rise Block 11,ROCKFORD TUSCANY,,ROCKFORD TUSCANY,8,"$1,100,213",,9 TUSCANY SUMMIT SQ NW,TUS,TUSCANY,51.14140433,-114.2548307,16,Titled Parcel;Titled Parcel;Titled Parcel;Titled Parcel;Titled Parcel;Titled Parcel;Titled Parcel;Titled Parcel;Building;Building;Building;Building;Building;Building;Building;Building,133 TUSCANY SUMMIT SQ NW;15 TUSCANY SUMMIT SQ NW;13 TUSCANY SUMMIT SQ NW;11 TUSCANY SUMMIT SQ NW;137 TUSCANY SUMMIT SQ NW;139 TUSCANY SUMMIT SQ NW;9 TUSCANY SUMMIT SQ NW;135 TUSCANY SUMMIT SQ NW;137 TUSCANY SUMMIT SQ NW;11 TUSCANY SUMMIT SQ NW;135 TUSCANY SUMMIT SQ NW;9 TUSCANY SUMMIT SQ NW;133 TUSCANY SUMMIT SQ NW;13 TUSCANY SUMMIT SQ NW;15 TUSCANY SUMMIT SQ NW;139 TUSCANY SUMMIT SQ NW,"MULTIPOINT (-114.25483070013105 51.141404328623395,-114.25498787316256 51.14124217324062,-114.25488897937525 51.14121541998307,-114.2547991094229 51.14119763658717,-114.25465163621458 51.14134628619581,-114.2545453192056 51.14131055920701,-114.2546990726252 51.141170885658966,-114.25473679722484 51.141373069562825,-114.25468819475 51.14130540279057,-114.2547453139331 51.14124058023131,-114.25477606377328 51.14133089471933,-114.25465139510497 51.14121414855288,-114.25486542817036 51.14135543941536,-114.25483163287704 51.14126227289263,-114.25491648811564 51.14129062997578,-114.25460639006499 51.1412808415035)","{""type"":""MultiPoint"",""coordinates"":[[-114.2548307,51.1414043],[-114.2549879,51.1412422],[-114.254889,51.1412154],[-114.2547991,51.1411976],[-114.2546516,51.1413463],[-114.2545453,51.1413106],[-114.2546991,51.1411709],[-114.2547368,51.1413731],[-114.2546882,51.1413054],[-114.2547453,51.1412406],[-114.2547761,51.1413309],[-114.2546514,51.1412141],[-114.2548654,51.1413554],[-114.2548316,51.1412623],[-114.2549165,51.1412906],[-114.2546064,51.1412808]]}",POINT (-114.25483070013105 51.141404328623395),"{""type"":""MultiPoint"",""coordinates"":[[-114.1986401,51.0329988],[-114.1987954,51.034035],[-114.1987957,51.0341052],[-114.1987951,51.0339613],[-114.1987963,51.0342538],[-114.198796,51.0341813]]}",POINT (-114.19864009736467 51.03299884271817),a,TUSCANY SUMMIT SQ NW,11
BP2021-06693,Completed,2021-04-23,2021,2021-06-08,2022-02-09,2022,Commercial / Multi Family Project,Building,1606 - Ths Townhouse,Townhouse,Residential,New,New,New,4 Plex Rowhouse,ROCKFORD TUSCANY,,ROCKFORD TUSCANY,4,"$713,284",,162 TUSCANY SUMMIT SQ NW,TUS,TUSCANY,51.14114931,-114.2542866,8,Titled Parcel;Titled Parcel;Titled Parcel;Titled Parcel;Building;Building;Building;Building,162 TUSCANY SUMMIT SQ NW;168 TUSCANY SUMMIT SQ NW;164 TUSCANY SUMMIT SQ NW;166 TUSCANY SUMMIT SQ NW;162 TUSCANY SUMMIT SQ NW;168 TUSCANY SUMMIT SQ NW;166 TUSCANY SUMMIT SQ NW;164 TUSCANY SUMMIT SQ NW,"MULTIPOINT (-114.25428664894933 51.14114930900673,-114.25433796180972 51.14098738458811,-114.25430370087857 51.14109533431739,-114.25431907305416 51.141050352880235,-114.25410642694142 51.141122093608715,-114.25414498036208 51.14098120569582,-114.25412860780295 51.141028805258486,-114.25411678611333 51.14108020652293)","{""type"":""MultiPoint"",""coordinates"":[[-114.2542866,51.1411493],[-114.254338,51.1409874],[-114.2543037,51.1410953],[-114.2543191,51.1410504],[-114.2541064,51.1411221],[-114.254145,51.1409812],[-114.2541286,51.1410288],[-114.2541168,51.1410802]]}",POINT (-114.25428664894933 51.14114930900673),"{""type"":""MultiPoint"",""coordinates"":[[-113.9624944,51.1673681],[-113.9623515,51.1673243],[-113.9622925,51.1672725],[-113.9622888,51.1673661],[-113.9623607,51.167325],[-113.9623607,51.167325],[-113.9623607,51.167325],[-113.9623607,51.167325]]}",POINT (-113.96249439019455 51.16736808607141),a,TUSCANY SUMMIT SQ NW,11
BP2022-01276,Completed,2022-01-27,2022,2022-02-03,2023-11-02,2023,Commercial / Multi Family Project,Building,1706 - Rhs Rowhouse,Unspecified,Residential,New,New,New,Group C - 10 Unit Rowhouse,ROCKFORD TUSCANY,,ROCKFORD TUSCANY,10,"$1,427,918",,27 TUSCANY SUMMIT SQ NW,TUS,TUSCANY,51.14142968,-114.2555738,20,Titled Parcel;Titled Parcel;Titled Parcel;Titled Parcel;Titled Parcel;Titled Parcel;Titled Parcel;Titled Parcel;Titled Parcel;Titled Parcel;Building;Building;Building;Building;Building;Building;Building;Building;Building;Building,33 TUSCANY SUMMIT SQ NW;97 TUSCANY SUMMIT SQ NW;103 TUSCANY SUMMIT SQ NW;27 TUSCANY SUMMIT SQ NW;29 TUSCANY SUMMIT SQ NW;35 TUSCANY SUMMIT SQ NW;105 TUSCANY SUMMIT SQ NW;31 TUSCANY SUMMIT SQ NW;101 TUSCANY SUMMIT SQ NW;99 TUSCANY SUMMIT SQ NW;31 TUSCANY SUMMIT SQ NW;99 TUSCANY SUMMIT SQ NW;101 TUSCANY SUMMIT SQ NW;33 TUSCANY SUMMIT SQ NW;27 TUSCANY SUMMIT SQ NW;35 TUSCANY SUMMIT SQ NW;29 TUSCANY SUMMIT SQ NW;97 TUSCANY SUMMIT SQ NW;103 TUSCANY SUMMIT SQ NW;105 TUSCANY SUMMIT SQ NW,"MULTIPOINT (-114.25557382765153 51.1414296760242,-114.25557120795051 51.141622958197885,-114.25528927019417 51.141560646682386,-114.25529259508095 51.14136286817342,-114.25539447607669 51.141389614566876,-114.25567430851018 51.1414564252332,-114.2551912691487 51.14152490213049,-114.25548505737098 51.14141189075266,-114.2553784122334 51.14157843129054,-114.25546952263127 51.14160070633267,-114.25544374704356 51.14146168449075,-114.2554986550921 51.141545284728885,-114.25540628148606 51.14152455867927,-114.25553915007849 51.14148240389242,-114.25526809032404 51.14142306209646,-114.25563152370911 51.141503138826785,-114.25535439790707 51.14143999889686,-114.25558800976104 51.14156792309814,-114.25531998276035 51.141506669000066,-114.25522760931095 51.141485942808984)","{""type"":""MultiPoint"",""coordinates"":[[-114.2555738,51.1414297],[-114.2555712,51.141623],[-114.2552893,51.1415606],[-114.2552926,51.1413629],[-114.2553945,51.1413896],[-114.2556743,51.1414564],[-114.2551913,51.1415249],[-114.2554851,51.1414119],[-114.2553784,51.1415784],[-114.2554695,51.1416007],[-114.2554437,51.1414617],[-114.2554987,51.1415453],[-114.2554063,51.1415246],[-114.2555392,51.1414824],[-114.2552681,51.1414231],[-114.2556315,51.1415031],[-114.2553544,51.14144],[-114.255588,51.1415679],[-114.25532,51.1415067],[-114.2552276,51.1414859]]}",POINT (-114.25557382765153 51.1414296760242),"{""type"":""MultiPoint"",""coordinates"":[[-114.2097527,51.0352718],[-114.210586,51.0343104]]}",POINT (-114.20975266063019 51.035271815776106),a,TUSCANY SUMMIT SQ NW,11
BP2018-15457,Completed,2018-11-26,2018,2018-12-31,2022-09-28,2022,Commercial / Multi Family Project,Building,1606 - Ths Townhouse,Townhouse,Residential,New,New,New,New - Part 9 Group C - 6 unit - Tuscan Rise BLDG 1,ROCKFORD TUSCANY,,,6,"$909,953",,10 TUSCANY SUMMIT SQ NW,TUS,TUSCANY,51.14108073,-114.2548184,12,Titled Parcel;Titled Parcel;Titled Parcel;Titled Parcel;Titled Parcel;Titled Parcel;Building;Building;Building;Building;Building;Building,8 TUSCANY SUMMIT SQ NW;10 TUSCANY SUMMIT SQ NW;6 TUSCANY SUMMIT SQ NW;12 TUSCANY SUMMIT SQ NW;4 TUSCANY SUMMIT SQ NW;14 TUSCANY SUMMIT SQ NW;6 TUSCANY SUMMIT SQ NW;10 TUSCANY SUMMIT SQ NW;12 TUSCANY SUMMIT SQ NW;4 TUSCANY SUMMIT SQ NW;8 TUSCANY SUMMIT SQ NW;14 TUSCANY SUMMIT SQ NW,"MULTIPOINT (-114.25481841515462 51.14108072969321,-114.25489170830754 51.1410985492001,-114.25474516108581 51.1410674048567,-114.2549649872266 51.14111636869209,-114.25466090091238 51.14104061953346,-114.25505000890517 51.14113865733423,-114.25480732548297 51.14096644206121,-114.25495875166733 51.14100131536691,-114.25501630514984 51.14101545639804,-114.25473311221644 51.14094757272156,-114.2548709340901 51.1409824757685,-114.25510410709315 51.14103143722762)","{""type"":""MultiPoint"",""coordinates"":[[-114.2548184,51.1410807],[-114.2548917,51.1410985],[-114.2547452,51.1410674],[-114.254965,51.1411164],[-114.2546609,51.1410406],[-114.25505,51.1411387],[-114.2548073,51.1409664],[-114.2549588,51.1410013],[-114.2550163,51.1410155],[-114.2547331,51.1409476],[-114.2548709,51.1409825],[-114.2551041,51.1410314]]}",POINT (-114.25481841515462 51.14108072969321),"{""type"":""MultiPoint"",""coordinates"":[[-114.2547148,51.1408068],[-114.2561137,51.1404011],[-114.2561058,51.1405316],[-114.256112,51.140484],[-114.2561053,51.1404433],[-114.2561135,51.1403562],[-114.2561125,51.1405737],[-114.2561132,51.1403073],[-114.2561151,51.1402692]]}",POINT (-114.25471476034885 51.140806772575004),a,TUSCANY SUMMIT SQ NW,11
BP2020-06145,Completed,2020-05-20,2020,2020-06-12,2021-05-25,2021,Commercial / Multi Family Project,Building,1606 - Ths Townhouse,Townhouse,Residential,New,New,New,New - Group C- Tuscan Rise Building 2,ROCKFORD TUSCANY,,ROCKFORD TUSCANY,6,"$1,016,911",,20 TUSCANY SUMMIT SQ NW,TUS,TUSCANY,51.14120104,-114.2553013,12,Titled Parcel;Titled Parcel;Titled Parcel;Titled Parcel;Titled Parcel;Titled Parcel;Building;Building;Building;Building;Building;Building,24 TUSCANY SUMMIT SQ NW;30 TUSCANY SUMMIT SQ NW;26 TUSCANY SUMMIT SQ NW;22 TUSCANY SUMMIT SQ NW;20 TUSCANY SUMMIT SQ NW;28 TUSCANY SUMMIT SQ NW;22 TUSCANY SUMMIT SQ NW;24 TUSCANY SUMMIT SQ NW;26 TUSCANY SUMMIT SQ NW;28 TUSCANY SUMMIT SQ NW;20 TUSCANY SUMMIT SQ NW;30 TUSCANY SUMMIT SQ NW,"MULTIPOINT (-114.25530127702977 51.14120103637596,-114.25553402949019 51.14125896052917,-114.25537578522444 51.14121885292734,-114.25523169900464 51.14118320901898,-114.25514670573747 51.14116092044697,-114.25544906451941 51.14123667211515,-114.25529947268235 51.14107858394416,-114.25535702258833 51.14109463061124,-114.25544332433205 51.141110614461375,-114.25551145812764 51.14112569402914,-114.25521163532608 51.141058800736474,-114.25559476725039 51.14114834560068)","{""type"":""MultiPoint"",""coordinates"":[[-114.2553013,51.141201],[-114.255534,51.141259],[-114.2553758,51.1412189],[-114.2552317,51.1411832],[-114.2551467,51.1411609],[-114.2554491,51.1412367],[-114.2552995,51.1410786],[-114.255357,51.1410946],[-114.2554433,51.1411106],[-114.2555115,51.1411257],[-114.2552116,51.1410588],[-114.2555948,51.1411483]]}",POINT (-114.25530127702977 51.14120103637596),,,,TUSCANY SUMMIT SQ NW,11
BP2021-14809,Completed,2021-08-24,2021,2021-10-04,2023-01-13,2023,Commercial / Multi Family Project,Building,1706 - Rhs Rowhouse,Unspecified,Residential,New,New,New,6 Plex Rowhouse,ROCKFORD TUSCANY,,ROCKFORD TUSCANY,6,"$1,041,193",,146 TUSCANY SUMMIT SQ NW,TUS,TUSCANY,51.14126625,-114.2542503,12,Titled Parcel;Titled Parcel;Titled Parcel;Titled Parcel;Titled Parcel;Titled Parcel;Building;Building;Building;Building;Building;Building,154 TUSCANY SUMMIT SQ NW;150 TUSCANY SUMMIT SQ NW;146 TUSCANY SUMMIT SQ NW;156 TUSCANY SUMMIT SQ NW;152 TUSCANY SUMMIT SQ NW;148 TUSCANY SUMMIT SQ NW;154 TUSCANY SUMMIT SQ NW;156 TUSCANY SUMMIT SQ NW;152 TUSCANY SUMMIT SQ NW;150 TUSCANY SUMMIT SQ NW;146 TUSCANY SUMMIT SQ NW;148 TUSCANY SUMMIT SQ NW,"MULTIPOINT (-114.25425030791905 51.14126625284193,-114.25421954507871 51.1413607105336,-114.25418250349139 51.14147765586585,-114.25426763533584 51.14120778275885,-114.25423490702521 51.14131123433071,-114.25420418309956 51.14141018673411,-114.2540557002371 51.14124778855012,-114.25407202069168 51.1411906691236,-114.2540422957575 51.14128682354995,-114.25403052475612 51.14134488598854,-114.25400837487406 51.141443882644964,-114.25402168544325 51.14138772266175)","{""type"":""MultiPoint"",""coordinates"":[[-114.2542503,51.1412663],[-114.2542195,51.1413607],[-114.2541825,51.1414777],[-114.2542676,51.1412078],[-114.2542349,51.1413112],[-114.2542042,51.1414102],[-114.2540557,51.1412478],[-114.254072,51.1411907],[-114.2540423,51.1412868],[-114.2540305,51.1413449],[-114.2540084,51.1414439],[-114.2540217,51.1413877]]}",POINT (-114.25425030791905 51.14126625284193),,,,TUSCANY SUMMIT SQ NW,11
BP2021-05021,Completed,2021-03-31,2021,2021-04-28,2021-12-16,2021,Commercial / Multi Family Project,Building,1706 - Rhs Rowhouse,Unspecified,Residential,New,New,New,6 Plex Rowhouse,ROCKFORD TUSCANY,,ROCKFORD TUSCANY,6,"$994,577",,36 TUSCANY SUMMIT SQ NW,TUS,TUSCANY,51.14135247,-114.2559355,12,Titled Parcel;Titled Parcel;Titled Parcel;Titled Parcel;Titled Parcel;Titled Parcel;Building;Building;Building;Building;Building;Building,44 TUSCANY SUMMIT SQ NW;46 TUSCANY SUMMIT SQ NW;42 TUSCANY SUMMIT SQ NW;40 TUSCANY SUMMIT SQ NW;36 TUSCANY SUMMIT SQ NW;38 TUSCANY SUMMIT SQ NW;44 TUSCANY SUMMIT SQ NW;40 TUSCANY SUMMIT SQ NW;42 TUSCANY SUMMIT SQ NW;36 TUSCANY SUMMIT SQ NW;38 TUSCANY SUMMIT SQ NW;46 TUSCANY SUMMIT SQ NW,"MULTIPOINT (-114.25593546306726 51.141352473653676,-114.25601901375012 51.14137476480995,-114.25586218340266 51.141334654771484,-114.25578890379433 51.141316835843256,-114.25563066964457 51.14128122336556,-114.25571562424227 51.14129901686898,-114.25599308657316 51.14124736697077,-114.25584467403857 51.14121248841254,-114.2559264529626 51.14123229339073,-114.25570080078936 51.14117665583425,-114.25578105951391 51.14119550234998,-114.2560809208731 51.141269055393984)","{""type"":""MultiPoint"",""coordinates"":[[-114.2559355,51.1413525],[-114.256019,51.1413748],[-114.2558622,51.1413347],[-114.2557889,51.1413168],[-114.2556307,51.1412812],[-114.2557156,51.141299],[-114.2559931,51.1412474],[-114.2558447,51.1412125],[-114.2559265,51.1412323],[-114.2557008,51.1411767],[-114.2557811,51.1411955],[-114.2560809,51.1412691]]}",POINT (-114.25593546306726 51.141352473653676),,,,TUSCANY SUMMIT SQ NW,11
BP2022-03609,Completed,2022-03-10,2022,2022-06-27,2023-03-14,2023,Commercial / Multi Family Project,Building,1706 - Rhs Rowhouse,Unspecified,Residential,New,New,New,Group C (Division B 9.10.15),,CALBRIDGE HOMES,CALBRIDGE HOMES,4,"$724,472",,525 SAGE HILL RD NW,SGH,SAGE HILL,51.17494625,-114.1498189,4,Titled Parcel;Titled Parcel;Titled Parcel;Titled Parcel,525 SAGE HILL RD NW;537 SAGE HILL RD NW;533 SAGE HILL RD NW;529 SAGE HILL RD NW,"MULTIPOINT (-114.149818852408 51.17494624853078,-114.14981936222632 51.17510356479539,-114.14981918743095 51.17504962779086,-114.14981902720233 51.17500018553627)","{""type"":""MultiPoint"",""coordinates"":[[-114.1498189,51.1749462],[-114.1498194,51.1751036],[-114.1498192,51.1750496],[-114.149819,51.1750002]]}",POINT (-114.149818852408 51.17494624853078),"{""type"":""MultiPoint"",""coordinates"":[[-114.1380264,51.1739854],[-114.1392608,51.1738359],[-114.1392605,51.1737303],[-114.1392564,51.1738825],[-114.1392606,51.1737816]]}",POINT (-114.13802643200783 51.173985390118226),a,SAGE HILL RD NW,12
BP2022-15059,Completed,2022-09-01,2022,2022-09-16,2023-07-27,2023,Commercial / Multi Family Project,Building,1706 - Rhs Rowhouse,Unspecified,Residential,New,New,New,4 Unit Residential Rowhouse - Building 9,,CALBRIDGE HOMES,CALBRIDGE HOMES,4,"$749,079",,557 SAGE HILL RD NW,SGH,SAGE HILL,51.17544067,-114.1498205,4,Titled Parcel;Titled Parcel;Titled Parcel;Titled Parcel,561 SAGE HILL RD NW;565 SAGE HILL RD NW;557 SAGE HILL RD NW;569 SAGE HILL RD NW,"MULTIPOINT (-114.14982045470963 51.17544067106236,-114.14982061494229 51.17549011331322,-114.14982027991088 51.17538673406097,-114.14982078974207 51.175544050313654)","{""type"":""MultiPoint"",""coordinates"":[[-114.1498205,51.1754407],[-114.1498206,51.1754901],[-114.1498203,51.1753867],[-114.1498208,51.1755441]]}",POINT (-114.14982045470963 51.17544067106236),"{""type"":""MultiPoint"",""coordinates"":[[-113.9505799,51.1349113],[-113.9510726,51.1342238],[-113.9510756,51.1342819],[-113.951074,51.1343333],[-113.9510711,51.1341687]]}",POINT (-113.95057985596397 51.134911314776296),a,SAGE HILL RD NW,12
BP2022-07986,Completed,2022-05-13,2022,2022-07-15,2023-08-18,2023,Commercial / Multi Family Project,Building,1606 - Ths Townhouse,Townhouse,Residential,New,New,New,"4 Unit Rowhouse, 3 Secondary Suites, Non-concrete Firewall",GENESIS BUILDERS GROUP,,GENESIS BUILDERS GROUP,4,"$852,667",,570B SAGE HILL RD NW,SGH,SAGE HILL,51.17540523,-114.14942,11,Titled Parcel;Titled Parcel;Titled Parcel;Titled Parcel;Building;Building;Building;Building;Building Suite;Building Suite;Building Suite,558 SAGE HILL RD NW;570 SAGE HILL RD NW;566 SAGE HILL RD NW;562 SAGE HILL RD NW;562 SAGE HILL RD NW;558 SAGE HILL RD NW;570 SAGE HILL RD NW;566 SAGE HILL RD NW;570B SAGE HILL RD NW;562B SAGE HILL RD NW;558B SAGE HILL RD NW,"MULTIPOINT (-114.14942000019109 51.17540522503194,-114.14942052318825 51.17556703603708,-114.1494203343276 51.17550860428574,-114.14942017452293 51.17545916203415,-114.14927460023438 51.17546199078568,-114.1492766920412 51.175405614727325,-114.14927380453659 51.17556545238613,-114.14927362712385 51.17551050856051,-114.14933461451821 51.175575020557346,-114.14933136804204 51.175446582191505,-114.1493330944186 51.1753966341177)","{""type"":""MultiPoint"",""coordinates"":[[-114.14942,51.1754052],[-114.1494205,51.175567],[-114.1494203,51.1755086],[-114.1494202,51.1754592],[-114.1492746,51.175462],[-114.1492767,51.1754056],[-114.1492738,51.1755655],[-114.1492736,51.1755105],[-114.1493346,51.175575],[-114.1493314,51.1754466],[-114.1493331,51.1753966]]}",POINT (-114.14942000019109 51.17540522503194),"{""type"":""MultiPoint"",""coordinates"":[[-114.0651229,51.1838832],[-114.0651223,51.1837124],[-114.0651227,51.1838293],[-114.0651233,51.1840001],[-114.0651225,51.1837754],[-114.0651231,51.1839372],[-114.0652511,51.1839939],[-114.065237,51.1838301],[-114.0652351,51.1837741],[-114.0652368,51.1837273],[-114.065248,51.1839385],[-114.065248,51.183886]]}",POINT (-114.06512287945179 51.183883226910964),a,SAGE HILL RD NW,12
BP2022-07975,Completed,2022-05-13,2022,2022-07-15,2023-07-05,2023,Commercial / Multi Family Project,Building,1706 - Rhs Rowhouse,Unspecified,Residential,New,New,New,"4 Unit Rowhouse, 4 Secondary Suites, Non-concrete Firewall",GENESIS BUILDERS GROUP,,GENESIS BUILDERS GROUP,4,"$869,549",,554B SAGE HILL RD NW,SGH,SAGE HILL,51.17529286,-114.1494196,12,Titled Parcel;Titled Parcel;Titled Parcel;Titled Parcel;Building;Building;Building;Building;Building Suite;Building Suite;Building Suite;Building Suite,550 SAGE HILL RD NW;542 SAGE HILL RD NW;546 SAGE HILL RD NW;554 SAGE HILL RD NW;554 SAGE HILL RD NW;550 SAGE HILL RD NW;542 SAGE HILL RD NW;546 SAGE HILL RD NW;554B SAGE HILL RD NW;542B SAGE HILL RD NW;550B SAGE HILL RD NW;546B SAGE HILL RD NW,"MULTIPOINT (-114.14941963700147 51.1752928562757,-114.14941930286909 51.17518947701806,-114.14941947719878 51.17524341402227,-114.1494198113322 51.17534679327897,-114.14926149722562 51.175341358920036,-114.14926283752295 51.17529140234942,-114.14925950061382 51.17519246775403,-114.14926117314037 51.17524098215576,-114.14933038738901 51.175355501449054,-114.14933076079606 51.17517890150385,-114.14933400338809 51.17530614427207,-114.14933470609078 51.17522706241177)","{""type"":""MultiPoint"",""coordinates"":[[-114.1494196,51.1752929],[-114.1494193,51.1751895],[-114.1494195,51.1752434],[-114.1494198,51.1753468],[-114.1492615,51.1753414],[-114.1492628,51.1752914],[-114.1492595,51.1751925],[-114.1492612,51.175241],[-114.1493304,51.1753555],[-114.1493308,51.1751789],[-114.149334,51.1753061],[-114.1493347,51.1752271]]}",POINT (-114.14941963700147 51.1752928562757),"{""type"":""MultiPoint"",""coordinates"":[[-114.0953268,51.1812601],[-114.0954066,51.181269],[-114.0952075,51.1812512],[-114.0952674,51.1812556],[-114.0950761,51.1812378],[-114.0951498,51.1812467],[-114.0952867,51.1811514],[-114.0951035,51.181144],[-114.0953956,51.1811774],[-114.0953472,51.1811622],[-114.0951606,51.1811505],[-114.0952193,51.1811526]]}",POINT (-114.09532681372016 51.181260050545376),a,SAGE HILL RD NW,12
BP2022-03614,Completed,2022-03-10,2022,2022-07-13,2023-05-05,2023,Commercial / Multi Family Project,Building,1706 - Rhs Rowhouse,Unspecified,Residential,New,New,New,"4 unit row house, S. Suites, non-concrete firewall",GENESIS BUILDERS GROUP,,GENESIS BUILDERS GROUP,4,"$874,017",,530B SAGE HILL RD NW,SGH,SAGE HILL,51.17512655,-114.1494191,12,Titled Parcel;Titled Parcel;Titled Parcel;Titled Parcel;Building;Building;Building;Building;Building Suite;Building Suite;Building Suite;Building Suite,538 SAGE HILL RD NW;526 SAGE HILL RD NW;534 SAGE HILL RD NW;530 SAGE HILL RD NW;526 SAGE HILL RD NW;534 SAGE HILL RD NW;530 SAGE HILL RD NW;538 SAGE HILL RD NW;534B SAGE HILL RD NW;530B SAGE HILL RD NW;526B SAGE HILL RD NW;538B SAGE HILL RD NW,"MULTIPOINT (-114.14941909948512 51.1751265505125,-114.14941859102844 51.17496923424564,-114.14941892515661 51.1750726135072,-114.14941876535592 51.1750231712519,-114.14926883080514 51.17496845454247,-114.14926804528855 51.1750750714665,-114.14926788341427 51.17502493701931,-114.1492693414516 51.17512660683402,-114.14932315271732 51.17509476913939,-114.14932172420828 51.175002277605486,-114.14932268065023 51.174948617831426,-114.14932332829895 51.17514912865126)","{""type"":""MultiPoint"",""coordinates"":[[-114.1494191,51.1751266],[-114.1494186,51.1749692],[-114.1494189,51.1750726],[-114.1494188,51.1750232],[-114.1492688,51.1749685],[-114.149268,51.1750751],[-114.1492679,51.1750249],[-114.1492693,51.1751266],[-114.1493232,51.1750948],[-114.1493217,51.1750023],[-114.1493227,51.1749486],[-114.1493233,51.1751491]]}",POINT (-114.14941909948512 51.1751265505125),"{""type"":""MultiPoint"",""coordinates"":[[-113.9623052,51.1289781],[-113.9617297,51.1294085],[-113.9619188,51.1293823],[-113.9619435,51.1293901],[-113.961612,51.1294781],[-113.9618107,51.1294289],[-113.9617901,51.1294367],[-113.9616645,51.1294626],[-113.9617633,51.1294321],[-113.9616357,51.1294859],[-113.9616563,51.1294781],[-113.9618207,51.1294199]]}",POINT (-113.96230519363854 51.12897805158412),a,SAGE HILL RD NW,12
BP2021-17796,Completed,2021-10-13,2021,2021-10-19,2022-08-16,2022,Commercial / Multi Family Project,Building,1706 - Rhs Rowhouse,Unspecified,Residential,New,New,New,New 4 Unit Rowhouse,CALBRIDGE HOMES,,,4,"$779,062",,517 SAGE HILL RD NW,SGH,SAGE HILL,51.17478444,-114.1498183,8,Titled Parcel;Titled Parcel;Titled Parcel;Titled Parcel;Building;Building;Building;Building,513 SAGE HILL RD NW;509 SAGE HILL RD NW;521 SAGE HILL RD NW;517 SAGE HILL RD NW;521 SAGE HILL RD NW;513 SAGE HILL RD NW;517 SAGE HILL RD NW;509 SAGE HILL RD NW,"MULTIPOINT (-114.14981832802823 51.174784437511306,-114.1498188682681 51.17473049958818,-114.14981866304808 51.174887816774266,-114.14981848825487 51.17483387976773,-114.14991806068572 51.174881288897346,-114.14990537830542 51.174780586359056,-114.14990687470896 51.17483191470648,-114.1499603918421 51.17473168468436)","{""type"":""MultiPoint"",""coordinates"":[[-114.1498183,51.1747844],[-114.1498189,51.1747305],[-114.1498187,51.1748878],[-114.1498185,51.1748339],[-114.1499181,51.1748813],[-114.1499054,51.1747806],[-114.1499069,51.1748319],[-114.1499604,51.1747317]]}",POINT (-114.14981832802823 51.174784437511306),"{""type"":""MultiPoint"",""coordinates"":[[-113.9543585,51.1359601],[-113.9532918,51.1361026],[-113.953356,51.1361364],[-113.9532521,51.13613],[-113.9535971,51.1361246],[-113.9533099,51.1361297],[-113.9532676,51.1361097],[-113.9536463,51.1361258],[-113.9534936,51.1361298],[-113.9535802,51.1360961],[-113.9535557,51.1361008],[-113.953539,51.1361308],[-113.953201,51.1361324]]}",POINT (-113.95435848628243 51.135960137987375),a,SAGE HILL RD NW,12
BP2022-15335,Completed,2022-09-07,2022,2022-10-20,2023-09-27,2023,Commercial / Multi Family Project,Building,1606 - Ths Townhouse,Townhouse,Residential,New,New,New,3 Unit Residential Rowhouse - Phase 9,,CALBRIDGE HOMES,CALBRIDGE HOMES,3,"$563,035",,573 SAGE HILL RD NW,SGH,SAGE HILL,51.17571934,-114.1498235,3,Titled Parcel;Titled Parcel;Titled Parcel,581 SAGE HILL RD NW;577 SAGE HILL RD NW;573 SAGE HILL RD NW,"MULTIPOINT (-114.14982354588996 51.1757193427597,-114.14982156863691 51.17565641853189,-114.14982097910911 51.17560248206358)","{""type"":""MultiPoint"",""coordinates"":[[-114.1498235,51.1757193],[-114.1498216,51.1756564],[-114.149821,51.1756025]]}",POINT (-114.14982354588996 51.1757193427597),,,,SAGE HILL RD NW,12
BP2021-17811,Completed,2021-10-13,2021,2022-04-21,2022-12-05,2022,Commercial / Multi Family Project,Building,1706 - Rhs Rowhouse,Unspecified,Residential,New,New,New,4 unit row house with S. Suites in basements,GENESIS BUILDERS GROUP,,GENESIS BUILDERS GROUP,4,"$873,665",,522B SAGE HILL RD NW,SGH,SAGE HILL,51.1749108,-114.1494184,12,Titled Parcel;Titled Parcel;Titled Parcel;Titled Parcel;Building;Building;Building;Building;Building Suite;Building Suite;Building Suite;Building Suite,522 SAGE HILL RD NW;510 SAGE HILL RD NW;514 SAGE HILL RD NW;518 SAGE HILL RD NW;514 SAGE HILL RD NW;518 SAGE HILL RD NW;510 SAGE HILL RD NW;522 SAGE HILL RD NW;522B SAGE HILL RD NW;518B SAGE HILL RD NW;514B SAGE HILL RD NW;510B SAGE HILL RD NW,"MULTIPOINT (-114.14941840217426 51.17491080248829,-114.14941684977651 51.174753487548834,-114.14941805352206 51.174802928473184,-114.1494182133207 51.174852370730356,-114.14926883938158 51.17480280430914,-114.14926814592292 51.174858207719,-114.14926867820462 51.17475288560762,-114.14926828759495 51.174902085474756,-114.14933891101931 51.17492174536465,-114.14933973770388 51.17487219397433,-114.1493402101426 51.174788240072175,-114.14934005542244 51.17474034400853)","{""type"":""MultiPoint"",""coordinates"":[[-114.1494184,51.1749108],[-114.1494168,51.1747535],[-114.1494181,51.1748029],[-114.1494182,51.1748524],[-114.1492688,51.1748028],[-114.1492681,51.1748582],[-114.1492687,51.1747529],[-114.1492683,51.1749021],[-114.1493389,51.1749217],[-114.1493397,51.1748722],[-114.1493402,51.1747882],[-114.1493401,51.1747403]]}",POINT (-114.14941840217426 51.17491080248829),,,,SAGE HILL RD NW,12
BP2022-11408,Completed,2022-06-29,2022,2022-07-26,2023-05-30,2023,Commercial / Multi Family Project,Building,1606 - Ths Townhouse,Townhouse,Residential,New,New,New,"4 Unit Residential Rowhouse, Undeveloped Basements",,CALBRIDGE HOMES,CALBRIDGE HOMES,4,"$749,079",,541 SAGE HILL RD NW,SGH,SAGE HILL,51.17516649,-114.1498196,4,Titled Parcel;Titled Parcel;Titled Parcel;Titled Parcel,541 SAGE HILL RD NW;549 SAGE HILL RD NW;553 SAGE HILL RD NW;545 SAGE HILL RD NW,"MULTIPOINT (-114.14981956615493 51.175166491300054,-114.14981990118211 51.175269870556214,-114.14982007597969 51.1753238075587,-114.14981974095149 51.1752204283035)","{""type"":""MultiPoint"",""coordinates"":[[-114.1498196,51.1751665],[-114.1498199,51.1752699],[-114.1498201,51.1753238],[-114.1498197,51.1752204]]}",POINT (-114.14981956615493 51.175166491300054),,,,SAGE HILL RD NW,12
BP2019-06554,Completed,2019-05-29,2019,2019-07-23,2020-10-13,2020,Commercial / Multi Family Project,Building,1606 - Ths Townhouse,Townhouse,Residential,New,New,New,ALTADOR 5 PLEX STACKED HOUSES WITH 6 GARAGES (new0,MATT WILSON VENTURES,,,5,"$1,273,417",,1502 37 AV SW,ALT,ALTADORE,51.02136604,-114.0948712,7,Titled Parcel;Building;Building;Building;Building;Building;Building,3725 14 ST SW;1502 37 AV SW;1508 37 AV SW;1504 37 AV SW;1510 37 AV SW;1506 37 AV SW;3723 14 ST SW,"MULTIPOINT (-114.09487123581673 51.0213660441425,-114.09495593037022 51.02128952633329,-114.09519879507052 51.021289706306156,-114.09503738901948 51.02128964889904,-114.09526234977399 51.02128903421972,-114.09511944592622 51.02128958213585,-114.09502172917723 51.02140350810357)","{""type"":""MultiPoint"",""coordinates"":[[-114.0948712,51.021366],[-114.0949559,51.0212895],[-114.0951988,51.0212897],[-114.0950374,51.0212896],[-114.0952623,51.021289],[-114.0951194,51.0212896],[-114.0950217,51.0214035]]}",POINT (-114.09487123581673 51.0213660441425),"{""type"":""MultiPoint"",""coordinates"":[[-113.9515445,51.1351634],[-113.9514546,51.1351634],[-113.9517127,51.1351635],[-113.9516228,51.1351635]]}",POINT (-113.95154445833712 51.13516342701526),a,37 AV SW,13
BP2021-17302,Completed,2021-10-05,2021,2021-11-02,2022-10-21,2022,Commercial / Multi Family Project,Building,1606 - Ths Townhouse,Townhouse,Residential,New,New,New,"4 -Unit Residential Rowhouse - Building BLOCK 5 - PHASE 8; located at 62, 64, 66, 68 WALDEN LN SE.",ROCKFORD WALDEN,,ROCKFORD WALDEN,4,"$695,846",,62 WALDEN LN SE,WAL,WALDEN,50.86847852,-114.0287898,8,Titled Parcel;Titled Parcel;Titled Parcel;Titled Parcel;Building;Building;Building;Building,68 WALDEN LN SE;66 WALDEN LN SE;62 WALDEN LN SE;64 WALDEN LN SE;62 WALDEN LN SE;68 WALDEN LN SE;66 WALDEN LN SE;64 WALDEN LN SE,"MULTIPOINT (-114.02878977700851 50.86847852336786,-114.02874363261063 50.86852348477033,-114.02865350298562 50.86861340698943,-114.02870237250599 50.86856394995028,-114.02851689826595 50.86855683936567,-114.02864837929936 50.86843609835844,-114.0286051710282 50.86847357031075,-114.02856102794556 50.86851579818874)","{""type"":""MultiPoint"",""coordinates"":[[-114.0287898,50.8684785],[-114.0287436,50.8685235],[-114.0286535,50.8686134],[-114.0287024,50.8685639],[-114.0285169,50.8685568],[-114.0286484,50.8684361],[-114.0286052,50.8684736],[-114.028561,50.8685158]]}",POINT (-114.02878977700851 50.86847852336786),"{""type"":""MultiPoint"",""coordinates"":[[-114.1395553,51.0345047],[-114.1392463,51.0345843],[-114.1395179,51.0345852],[-114.1393821,51.0345859],[-114.139301,51.0345848]]}",POINT (-114.13955529718802 51.03450471417651),a,WALDEN LN SE,14
BP2022-08987,Completed,2022-05-27,2022,2022-07-13,2023-12-12,2023,Commercial / Multi Family Project,Building,1606 - Ths Townhouse,Townhouse,Residential,New,New,New,8 -Unit Residential Rowhouse - Building BLOCK 5 - PHASE 8; located at WALDEN LN SE.,ROCKFORD WALDEN,,ROCKFORD WALDEN,8,"$1,769,827",,49 WALDEN LN SE,WAL,WALDEN,50.86863133,-114.0288707,16,Titled Parcel;Titled Parcel;Titled Parcel;Titled Parcel;Titled Parcel;Titled Parcel;Titled Parcel;Titled Parcel;Building;Building;Building;Building;Building;Building;Building;Building,61 WALDEN LN SE;51 WALDEN LN SE;55 WALDEN LN SE;57 WALDEN LN SE;63 WALDEN LN SE;49 WALDEN LN SE;53 WALDEN LN SE;59 WALDEN LN SE;51 WALDEN LN SE;61 WALDEN LN SE;53 WALDEN LN SE;55 WALDEN LN SE;49 WALDEN LN SE;59 WALDEN LN SE;63 WALDEN LN SE;57 WALDEN LN SE,"MULTIPOINT (-114.02887069378964 50.86863133348358,-114.02859583430764 50.86891009131793,-114.02870579783132 50.86879768925808,-114.02876075946752 50.86874373569485,-114.02893086337527 50.86856838854448,-114.02852061320435 50.868964049753856,-114.02865082186135 50.868851642798425,-114.02881573241247 50.86868528709957,-114.02866184106892 50.86893559775404,-114.02893888730266 50.86865545476243,-114.0287238352306 50.86888147167236,-114.02876797045492 50.86882615428933,-114.02860454999161 50.868990918320556,-114.02888630046473 50.86871255432473,-114.02899053746619 50.86860013542971,-114.02882337053097 50.868769063076876)","{""type"":""MultiPoint"",""coordinates"":[[-114.0288707,50.8686313],[-114.0285958,50.8689101],[-114.0287058,50.8687977],[-114.0287608,50.8687437],[-114.0289309,50.8685684],[-114.0285206,50.868964],[-114.0286508,50.8688516],[-114.0288157,50.8686853],[-114.0286618,50.8689356],[-114.0289389,50.8686555],[-114.0287238,50.8688815],[-114.028768,50.8688262],[-114.0286045,50.8689909],[-114.0288863,50.8687126],[-114.0289905,50.8686001],[-114.0288234,50.8687691]]}",POINT (-114.02887069378964 50.86863133348358),"{""type"":""MultiPoint"",""coordinates"":[[-114.1206058,51.0421626],[-114.1203615,51.0422195],[-114.1205094,51.0422298],[-114.1202845,51.0422148],[-114.1204279,51.0422242]]}",POINT (-114.12060584935949 51.04216259573643),a,WALDEN LN SE,14
BP2021-05858,Completed,2021-04-13,2021,2021-05-13,2022-06-22,2022,Commercial / Multi Family Project,Building,1606 - Ths Townhouse,Townhouse,Residential,New,New,New,Axis at Walden Bldg #Y,ROCKFORD WALDEN,,ROCKFORD WALDEN,4,"$706,367",,50 WALDEN LN SE,WAL,WALDEN,50.86871682,-114.0285481,8,Titled Parcel;Titled Parcel;Titled Parcel;Titled Parcel;Building;Building;Building;Building,54 WALDEN LN SE;56 WALDEN LN SE;50 WALDEN LN SE;52 WALDEN LN SE;50 WALDEN LN SE;54 WALDEN LN SE;52 WALDEN LN SE;56 WALDEN LN SE,"MULTIPOINT (-114.02854810888651 50.868716817880426,-114.02859699283333 50.86866736088276,-114.02844527429608 50.86882472305344,-114.02850685118348 50.868761777992134,-114.02832906369339 50.86875729031337,-114.02840796245674 50.8686769903871,-114.02836475665626 50.86871921796124,-114.02844457584385 50.868634162072944)","{""type"":""MultiPoint"",""coordinates"":[[-114.0285481,50.8687168],[-114.028597,50.8686674],[-114.0284453,50.8688247],[-114.0285069,50.8687618],[-114.0283291,50.8687573],[-114.028408,50.868677],[-114.0283648,50.8687192],[-114.0284446,50.8686342]]}",POINT (-114.02854810888651 50.868716817880426),"{""type"":""MultiPoint"",""coordinates"":[[-113.9116261,51.035103],[-113.9100963,51.0356232],[-113.9107438,51.034969],[-113.910994,51.0349678],[-113.9111275,51.0349672],[-113.910934,51.0349677],[-113.9108095,51.0349684],[-113.9110562,51.0349678],[-113.9108751,51.0349677]]}",POINT (-113.91162612756835 51.03510299797583),a,WALDEN LN SE,14
BP2018-00064,Completed,2018-01-04,2018,2018-01-31,2021-05-17,2021,Commercial / Multi Family Project,Building,1606 - Ths Townhouse,Townhouse,Residential,New,New,New,Axis @ Walen Townhomes. Block 4 - 6-plex,ROCKFORD WALDEN,,,6,"$891,722",,84 WALDEN LN SE,WAL,WALDEN,50.86839304,-114.0291186,12,Titled Parcel;Titled Parcel;Titled Parcel;Titled Parcel;Titled Parcel;Titled Parcel;Building;Building;Building;Building;Building;Building,94 WALDEN LN SE;88 WALDEN LN SE;84 WALDEN LN SE;90 WALDEN LN SE;92 WALDEN LN SE;86 WALDEN LN SE;94 WALDEN LN SE;86 WALDEN LN SE;92 WALDEN LN SE;90 WALDEN LN SE;84 WALDEN LN SE;88 WALDEN LN SE,"MULTIPOINT (-114.02911863921092 50.86839303673367,-114.0288817137849 50.86834814556609,-114.02872362747435 50.8683122245496,-114.0289559665727 50.868361612179264,-114.02903053195176 50.86837507866745,-114.02880775661096 50.86833018382952,-114.02916606271647 50.868281360025186,-114.02886156357971 50.86822494251265,-114.02908618438725 50.86826829949769,-114.02901382182257 50.86825583038804,-114.02878826093611 50.86820831112249,-114.02894333384182 50.86824216509782)","{""type"":""MultiPoint"",""coordinates"":[[-114.0291186,50.868393],[-114.0288817,50.8683481],[-114.0287236,50.8683122],[-114.028956,50.8683616],[-114.0290305,50.8683751],[-114.0288078,50.8683302],[-114.0291661,50.8682814],[-114.0288616,50.8682249],[-114.0290862,50.8682683],[-114.0290138,50.8682558],[-114.0287883,50.8682083],[-114.0289433,50.8682422]]}",POINT (-114.02911863921092 50.86839303673367),,,,WALDEN LN SE,14
BP2019-06017,Completed,2019-05-21,2019,2019-06-07,2021-11-03,2021,Commercial / Multi Family Project,Building,1606 - Ths Townhouse,Townhouse,Residential,New,New,New,Axis @ Walden Town-houses (Block 3) non-stacked,ROCKFORD WALDEN,,ROCKFORD WALDEN,6,"$975,190",,100 WALDEN LN SE,WAL,WALDEN,50.86844242,-114.029381,12,Titled Parcel;Titled Parcel;Titled Parcel;Titled Parcel;Titled Parcel;Titled Parcel;Building;Building;Building;Building;Building;Building,104 WALDEN LN SE;110 WALDEN LN SE;106 WALDEN LN SE;102 WALDEN LN SE;108 WALDEN LN SE;100 WALDEN LN SE;110 WALDEN LN SE;106 WALDEN LN SE;102 WALDEN LN SE;108 WALDEN LN SE;104 WALDEN LN SE;100 WALDEN LN SE,"MULTIPOINT (-114.02938096962086 50.86844241603118,-114.02961228717187 50.868491802610585,-114.0294550550535 50.86846037737186,-114.02930688706354 50.86842894964577,-114.02952913770329 50.86847384366314,-114.02921679071787 50.86841099221964,-114.02966512565114 50.86838529358089,-114.0295203823044 50.8683550069858,-114.02935779473519 50.86832352902963,-114.02959086986694 50.86836747625658,-114.0294348603004 50.86833659008048,-114.02929013444047 50.86831105890859)","{""type"":""MultiPoint"",""coordinates"":[[-114.029381,50.8684424],[-114.0296123,50.8684918],[-114.0294551,50.8684604],[-114.0293069,50.8684289],[-114.0295291,50.8684738],[-114.0292168,50.868411],[-114.0296651,50.8683853],[-114.0295204,50.868355],[-114.0293578,50.8683235],[-114.0295909,50.8683675],[-114.0294349,50.8683366],[-114.0292901,50.8683111]]}",POINT (-114.02938096962086 50.86844241603118),,,,WALDEN LN SE,14
BP2022-02694,Completed,2022-02-23,2022,2022-03-15,2023-07-13,2023,Commercial / Multi Family Project,Building,1606 - Ths Townhouse,Townhouse,Residential,New,New,New,Group C (Division B 9.10.15),ROCKFORD WALDEN,,ROCKFORD WALDEN,8,"$1,680,411",,146 WALDEN LN SE,WAL,WALDEN,50.86915711,-114.0294101,16,Titled Parcel;Titled Parcel;Titled Parcel;Titled Parcel;Titled Parcel;Titled Parcel;Titled Parcel;Titled Parcel;Building;Building;Building;Building;Building;Building;Building;Building,136 WALDEN LN SE;146 WALDEN LN SE;142 WALDEN LN SE;132 WALDEN LN SE;140 WALDEN LN SE;144 WALDEN LN SE;134 WALDEN LN SE;138 WALDEN LN SE;138 WALDEN LN SE;140 WALDEN LN SE;134 WALDEN LN SE;142 WALDEN LN SE;146 WALDEN LN SE;144 WALDEN LN SE;132 WALDEN LN SE;136 WALDEN LN SE,"MULTIPOINT (-114.02941008859301 50.869157114143306,-114.02935634538323 50.86940884780786,-114.02938290160208 50.86930096106911,-114.02943001272732 50.86905372406257,-114.02939344336528 50.86925600839071,-114.02936990482435 50.869350409366334,-114.02941919256399 50.86910766682115,-114.02940149605489 50.86920656133551,-114.0294861627254 50.869217858394784,-114.02947397770002 50.86927019229082,-114.02950395937106 50.86912033032324,-114.02946461609618 50.86931657408926,-114.02944211825009 50.8694164766986,-114.02945617793203 50.86936295565356,-114.02951425442343 50.86906740356028,-114.02949834960157 50.86916850018821)","{""type"":""MultiPoint"",""coordinates"":[[-114.0294101,50.8691571],[-114.0293563,50.8694088],[-114.0293829,50.869301],[-114.02943,50.8690537],[-114.0293934,50.869256],[-114.0293699,50.8693504],[-114.0294192,50.8691077],[-114.0294015,50.8692066],[-114.0294862,50.8692179],[-114.029474,50.8692702],[-114.029504,50.8691203],[-114.0294646,50.8693166],[-114.0294421,50.8694165],[-114.0294562,50.869363],[-114.0295143,50.8690674],[-114.0294983,50.8691685]]}",POINT (-114.02941008859301 50.869157114143306),"{""type"":""MultiPoint"",""coordinates"":[[-114.0538463,51.0804681],[-114.0539997,51.0803463],[-114.0539201,51.0803073],[-114.0539284,51.0803211],[-114.0540553,51.0803039],[-114.0539224,51.0803344],[-114.0539005,51.0803421],[-114.0540345,51.0802963]]}",POINT (-114.05384628747208 51.08046812268083),a,WALDEN LN SE,14
BP2017-02655,Completed,2017-03-22,2017,2017-05-30,2019-01-10,2019,Commercial / Multi Family Project,Building,1606 - Ths Townhouse,Townhouse,Residential,New,New,New,Steve Norris 4-Plex,SNAP BUILDING,,,4,"$897,237",,2608 RICHMOND RD SW,RIC,RICHMOND,51.0287169,-114.1220718,5,Titled Parcel;Building;Building;Building;Building,2840 25A ST SW;2844 25A ST SW;2608 RICHMOND RD SW;2610 RICHMOND RD SW;2842 25A ST SW,"MULTIPOINT (-114.12207177991253 51.02871690022811,-114.12199452652983 51.02863481447223,-114.12180405423327 51.028634060235134,-114.12187457506859 51.02863326753153,-114.12202489685095 51.028707563879045)","{""type"":""MultiPoint"",""coordinates"":[[-114.1220718,51.0287169],[-114.1219945,51.0286348],[-114.1218041,51.0286341],[-114.1218746,51.0286333],[-114.1220249,51.0287076]]}",POINT (-114.12207177991253 51.02871690022811),"{""type"":""MultiPoint"",""coordinates"":[[-114.044845,51.052478],[-114.0447328,51.0525286],[-114.04458,51.052528],[-114.0446578,51.0525295]]}",POINT (-114.0448450442697 51.05247799551613),a,RICHMOND RD SW,15
BP2017-06780,Completed,2017-06-07,2017,2017-08-25,2019-10-01,2019,Commercial / Multi Family Project,Building,1606 - Ths Townhouse,Townhouse,Residential,New,New,New,"New 4 Plex - #2 1703 37 Street SE: 3 storey, 4 residential units",DARAFZIN DESIGN AND DEVELOPMENT,,,4,"$693,148",,#1 1703 37 ST SE,FLN,FOREST LAWN,51.0390408,-113.9803243,7,Titled Parcel;Building;Building;Building Suite;Building Suite;Building Suite;Building Suite,1705 37 ST SE;1703 37 ST SE;1705 37 ST SE;#1 1705 37 ST SE;#1 1703 37 ST SE;#2 1705 37 ST SE;#2 1703 37 ST SE,"MULTIPOINT (-113.98032430015824 51.03904079866514,-113.98058046528674 51.03909860959116,-113.98058047626354 51.03907235055693,-113.98038218095273 51.03906508968799,-113.9803812631178 51.03911132377641,-113.98058500333053 51.03905560341986,-113.98058105859137 51.03911193248716)","{""type"":""MultiPoint"",""coordinates"":[[-113.9803243,51.0390408],[-113.9805805,51.0390986],[-113.9805805,51.0390724],[-113.9803822,51.0390651],[-113.9803813,51.0391113],[-113.980585,51.0390556],[-113.9805811,51.0391119]]}",POINT (-113.98032430015824 51.03904079866514),"{""type"":""MultiPoint"",""coordinates"":[[-114.1209979,51.0299541],[-114.1210699,51.0298957],[-114.1212999,51.0299006],[-114.1211873,51.0298985]]}",POINT (-114.12099792458835 51.029954109136),a,1703 37 ST SE,16
BP2021-17071,Completed,2021-09-29,2021,2021-12-03,2022-09-02,2022,Commercial / Multi Family Project,Building,1606 - Ths Townhouse,Townhouse,Residential,New,New,New,3 Unit Part 9 Rowhouse with Secondary Suites,,EXACT CONTRACTING,EXACT CONTRACTING,3,"$605,522",,1004B 17 AV NW,MOP,MOUNT PLEASANT,51.06825638,-114.0832352,7,Titled Parcel;Building;Building;Building;Building Suite;Building Suite;Building Suite,1004 17 AV NW;1805 9 ST NW;1807 9 ST NW;1004 17 AV NW;1004B 17 AV NW;1805B 9 ST NW;1807B 9 ST NW,"MULTIPOINT (-114.08323515894921 51.068256378991,-114.08330953035869 51.06808561163365,-114.08331229477908 51.06815517195328,-114.08330416288496 51.06802047610004,-114.08325684205157 51.068015538508256,-114.08325521686153 51.06808786179384,-114.08325445606809 51.068156876253745)","{""type"":""MultiPoint"",""coordinates"":[[-114.0832352,51.0682564],[-114.0833095,51.0680856],[-114.0833123,51.0681552],[-114.0833042,51.0680205],[-114.0832568,51.0680155],[-114.0832552,51.0680879],[-114.0832545,51.0681569]]}",POINT (-114.08323515894921 51.068256378991),"{""type"":""MultiPoint"",""coordinates"":[[-113.9671715,51.1436955],[-113.967269,51.1436955],[-113.9670647,51.1436955],[-113.9672646,51.1437505],[-113.96717,51.1437498],[-113.9670613,51.1437492]]}",POINT (-113.96717153195046 51.14369548039887),a,17 AV NW,17
BP2022-01863,Completed,2022-02-07,2022,2022-04-28,2023-11-15,2023,Commercial / Multi Family Project,Building,1706 - Rhs Rowhouse,Unspecified,Residential,New,New,New,Part 9 Semi-Detached Family Dwelling,FORMED ALLIANCE ARCHITECTURE STUDIO,,KALAMOIR,2,"$425,540",,#2B 1615 20 AV NW,CAP,CAPITOL HILL,51.07041654,-114.0980901,5,Titled Parcel;Building;Building;Building Suite;Building Suite,1615 20 AV NW;#1 1615 20 AV NW;#2 1615 20 AV NW;#1B 1615 20 AV NW;#2B 1615 20 AV NW,"MULTIPOINT (-114.09809005411121 51.07041654441702,-114.09803752053425 51.07037750128641,-114.098143985928 51.07037455322946,-114.09808063566655 51.07040921672746,-114.09809988310667 51.07040884098945)","{""type"":""MultiPoint"",""coordinates"":[[-114.0980901,51.0704165],[-114.0980375,51.0703775],[-114.098144,51.0703746],[-114.0980806,51.0704092],[-114.0980999,51.0704088]]}",POINT (-114.09809005411121 51.07041654441702),"{""type"":""MultiPoint"",""coordinates"":[[-114.0893473,51.1809277],[-114.0893474,51.1809906],[-114.0893476,51.1810625],[-114.0894736,51.1809341]]}",POINT (-114.08934730777234 51.18092766236357),a,1615 20 AV NW,18
BP2022-01864,Completed,2022-02-07,2022,2022-04-28,2023-11-15,2023,Commercial / Multi Family Project,Building,1706 - Rhs Rowhouse,Unspecified,Residential,New,New,New,Part 9 Semi-Detached Family Dwelling,FORMED ALLIANCE ARCHITECTURE STUDIO,,KALAMOIR,2,"$369,282",,#3R 1615 20 AV NW,CAP,CAPITOL HILL,51.07041654,-114.0980901,5,Titled Parcel;Building;Building;Building Suite;Building Suite,1615 20 AV NW;#4 1615 20 AV NW;#3 1615 20 AV NW;#3R 1615 20 AV NW;#4R 1615 20 AV NW,"MULTIPOINT (-114.09809005411121 51.07041654441702,-114.09803666708054 51.070236930122036,-114.0981436954087 51.070237190914696,-114.09809774695789 51.07020155836597,-114.09808019678707 51.07020157309182)","{""type"":""MultiPoint"",""coordinates"":[[-114.0980901,51.0704165],[-114.0980367,51.0702369],[-114.0981437,51.0702372],[-114.0980977,51.0702016],[-114.0980802,51.0702016]]}",POINT (-114.09809005411121 51.07041654441702),,,,1615 20 AV NW,18
BP2017-15915,Completed,2017-12-05,2017,2018-01-16,2019-05-22,2019,Commercial / Multi Family Project,Building,1606 - Ths Townhouse,Townhouse,Residential,New,New,New,"Icon Debelopment : New 3 storey, 3 residential units c/w developed basement and a detached 3 single car garage",JOHN TRINH & ASSOCIATES,,,3,"$1,049,246",,2605 26 AV SW,RIC,RICHMOND,51.02995411,-114.1209979,4,Titled Parcel;Building;Building;Building,2603 26 AV SW;2605 26 AV SW;2609 26 AV SW;2607 26 AV SW,"MULTIPOINT (-114.12099792458835 51.029954109136,-114.12106985124866 51.02989570009074,-114.12129990020402 51.029900621662385,-114.12118725748748 51.02989854502305)","{""type"":""MultiPoint"",""coordinates"":[[-114.1209979,51.0299541],[-114.1210699,51.0298957],[-114.1212999,51.0299006],[-114.1211873,51.0298985]]}",POINT (-114.12099792458835 51.029954109136),"{""type"":""MultiPoint"",""coordinates"":[[-114.0752732,50.8750385],[-114.0755832,50.8750068],[-114.0753877,50.8750519]]}",POINT (-114.07527320682543 50.87503848462916),a,26 AV SW,19
BP2018-01717,Completed,2018-02-16,2018,2018-03-13,2019-01-10,2019,Commercial / Multi Family Project,Building,1706 - Rhs Rowhouse,Unspecified,Residential,New,New,New,Unit Rowhouse 9.10.15. and related detached garages 9.10.14.,BMP CONSTRUCTION MANAGEMENT,,BMP CONSTRUCTION MANAGEMENT,4,"$943,956",,2804 25A ST SW,RIC,RICHMOND,51.02995345,-114.1216302,5,Titled Parcel;Building;Building;Building;Building,2611 26 AV SW;2804 25A ST SW;2615 26 AV SW;2613 26 AV SW;2617 26 AV SW,"MULTIPOINT (-114.12163018081964 51.0299534528154,-114.12197962481551 51.02984969737118,-114.12183717947366 51.02990455764357,-114.12174891531228 51.029902743799795,-114.12194129386279 51.0299054019686)","{""type"":""MultiPoint"",""coordinates"":[[-114.1216302,51.0299535],[-114.1219796,51.0298497],[-114.1218372,51.0299046],[-114.1217489,51.0299027],[-114.1219413,51.0299054]]}",POINT (-114.12163018081964 51.0299534528154),"{""type"":""MultiPoint"",""coordinates"":[[-113.9377698,51.1524753],[-113.9377698,51.1525832],[-113.9377698,51.1524169],[-113.9377689,51.1525293],[-113.9377653,51.1526506],[-113.9376415,51.1526394]]}",POINT (-113.93776975149397 51.152475336844475),a,25A ST SW,19
BP2020-06781,Completed,2020-06-01,2020,2020-06-19,2021-01-26,2021,Commercial / Multi Family Project,Building,1706 - Rhs Rowhouse,Unspecified,Residential,New,New,New,5 unit rowhouse,TRUMAN HOMES 1995,,TRUMAN HOMES 1995,5,"$962,888",,739 SAVANNA LD NE,SAD,SADDLE RIDGE,51.13752397,-113.9665915,10,Titled Parcel;Titled Parcel;Titled Parcel;Titled Parcel;Titled Parcel;Building;Building;Building;Building;Building,739 SAVANNA LD NE;731 SAVANNA LD NE;743 SAVANNA LD NE;727 SAVANNA LD NE;735 SAVANNA LD NE;739 SAVANNA LD NE;731 SAVANNA LD NE;743 SAVANNA LD NE;735 SAVANNA LD NE;727 SAVANNA LD NE,"MULTIPOINT (-113.966591452106 51.137523965974296,-113.96641724155624 51.13751942128893,-113.96669423425345 51.137523995287346,-113.96631873188677 51.137519392962886,-113.96650434845297 51.13751944626704,-113.96659887039445 51.13746150842216,-113.96642192966084 51.13745859906939,-113.96668903378423 51.13746331407436,-113.96651266511203 51.137459703833755,-113.96633516607372 51.13745822353469)","{""type"":""MultiPoint"",""coordinates"":[[-113.9665915,51.137524],[-113.9664172,51.1375194],[-113.9666942,51.137524],[-113.9663187,51.1375194],[-113.9665043,51.1375194],[-113.9665989,51.1374615],[-113.9664219,51.1374586],[-113.966689,51.1374633],[-113.9665127,51.1374597],[-113.9663352,51.1374582]]}",POINT (-113.966591452106 51.137523965974296),"{""type"":""MultiPoint"",""coordinates"":[[-114.0833001,50.9227742],[-114.0834172,50.9226933],[-114.0834135,50.922501],[-114.0834122,50.9224108],[-114.083417,50.9225948],[-114.0834173,50.9227433],[-114.0834106,50.9224546],[-114.0834154,50.9226534],[-114.0834164,50.9225556]]}",POINT (-114.0833000860899 50.9227742187201),,SAVANNA LD NE,20
BP2020-06797,Completed,2020-06-01,2020,2020-06-19,2020-12-14,2020,Commercial / Multi Family Project,Building,1706 - Rhs Rowhouse,Unspecified,Residential,New,New,New,5 Unit Rowhouse,TRUMAN HOMES 1995,,TRUMAN HOMES 1995,5,"$962,888",,723 SAVANNA LD NE,SAD,SADDLE RIDGE,51.13750577,-113.9658281,10,Titled Parcel;Titled Parcel;Titled Parcel;Titled Parcel;Titled Parcel;Building;Building;Building;Building;Building,707 SAVANNA LD NE;715 SAVANNA LD NE;723 SAVANNA LD NE;719 SAVANNA LD NE;711 SAVANNA LD NE;723 SAVANNA LD NE;707 SAVANNA LD NE;711 SAVANNA LD NE;719 SAVANNA LD NE;715 SAVANNA LD NE,"MULTIPOINT (-113.9658281368253 51.13750576627395,-113.96602316660973 51.137510317886495,-113.96620877985802 51.13751486645371,-113.96611027019844 51.13751483795209,-113.9659360740198 51.1375102925542,-113.96621444736677 51.13738507639048,-113.96583487466437 51.137379257741905,-113.9659406898055 51.137432093455196,-113.96611615371553 51.13738314216309,-113.96602386631854 51.13743307054312)","{""type"":""MultiPoint"",""coordinates"":[[-113.9658281,51.1375058],[-113.9660232,51.1375103],[-113.9662088,51.1375149],[-113.9661103,51.1375148],[-113.9659361,51.1375103],[-113.9662144,51.1373851],[-113.9658349,51.1373793],[-113.9659407,51.1374321],[-113.9661162,51.1373831],[-113.9660239,51.1374331]]}",POINT (-113.9658281368253 51.13750576627395),"{""type"":""MultiPoint"",""coordinates"":[[-114.1221704,51.0535824],[-114.1222676,51.0534831],[-114.1221792,51.0534739],[-114.1221724,51.053441],[-114.1222725,51.0534392],[-114.1221646,51.053568],[-114.1222709,51.053602]]}",POINT (-114.12217044607397 51.05358242582214),a,SAVANNA LD NE,20
BP2020-06771,Completed,2020-06-01,2020,2020-06-19,2020-12-23,2020,Commercial / Multi Family Project,Building,1706 - Rhs Rowhouse,Unspecified,Residential,New,New,New,3 unit Rowhouse,TRUMAN HOMES 1995,,TRUMAN HOMES 1995,3,"$577,540",,714 SAVANNA LD NE,SAD,SADDLE RIDGE,51.13770806,-113.9659368,6,Titled Parcel;Titled Parcel;Titled Parcel;Building;Building;Building,710 SAVANNA LD NE;706 SAVANNA LD NE;714 SAVANNA LD NE;714 SAVANNA LD NE;710 SAVANNA LD NE;706 SAVANNA LD NE,"MULTIPOINT (-113.96593675726722 51.13770806372796,-113.96585445120314 51.13770803972882,-113.96603491010661 51.13770809227206,-113.96602011787802 51.13778984829247,-113.96593165404394 51.137788393213825,-113.96584091926937 51.13778551704992)","{""type"":""MultiPoint"",""coordinates"":[[-113.9659368,51.1377081],[-113.9658545,51.137708],[-113.9660349,51.1377081],[-113.9660201,51.1377898],[-113.9659317,51.1377884],[-113.9658409,51.1377855]]}",POINT (-113.96593675726722 51.13770806372796),,,,SAVANNA LD NE,20
BP2020-11931,Completed,2020-08-27,2020,2020-09-17,2021-05-11,2021,Commercial / Multi Family Project,Building,1706 - Rhs Rowhouse,Unspecified,Residential,New,New,New,Part 9 Townhouse Building 8,,STEPPER HOMES,STEPPER HOMES,4,"$717,156",,156 WOLF HOLLOW PA SE,WWO,WOLF WILLOW,50.87477956,-113.9981786,4,Titled Parcel;Titled Parcel;Titled Parcel;Titled Parcel,156 WOLF HOLLOW PA SE;160 WOLF HOLLOW PA SE;164 WOLF HOLLOW PA SE;168 WOLF HOLLOW PA SE,"MULTIPOINT (-113.9981786010826 50.87477955527749,-113.99809630374862 50.8747930389585,-113.9980220909313 50.874811017716745,-113.9979397932986 50.87482899628534)","{""type"":""MultiPoint"",""coordinates"":[[-113.9981786,50.8747796],[-113.9980963,50.874793],[-113.9980221,50.874811],[-113.9979398,50.874829]]}",POINT (-113.9981786010826 50.87477955527749),"{""type"":""MultiPoint"",""coordinates"":[[-114.0832962,50.9223112],[-114.0834265,50.921963],[-114.0834265,50.9220539],[-114.0834265,50.9222468],[-114.0834264,50.922001],[-114.0834267,50.9220998],[-114.0834293,50.9222872],[-114.0834263,50.9221908],[-114.0834268,50.9221494]]}",POINT (-114.0832962440715 50.92231124037078),,WOLF HOLLOW PA SE,21
BP2019-04003,Completed,2019-04-12,2019,2019-06-14,2020-05-08,2020,Commercial / Multi Family Project,Building,1706 - Rhs Rowhouse,Unspecified,Residential,New,New,New,,,STEPPER HOMES,STEPPER HOMES,4,"$747,062",,86 WOLF HOLLOW PA SE,WWO,WOLF WILLOW,50.87445143,-113.999749,8,Titled Parcel;Titled Parcel;Titled Parcel;Titled Parcel;Building;Building;Building;Building,78 WOLF HOLLOW PA SE;86 WOLF HOLLOW PA SE;90 WOLF HOLLOW PA SE;82 WOLF HOLLOW PA SE;90 WOLF HOLLOW PA SE;78 WOLF HOLLOW PA SE;82 WOLF HOLLOW PA SE;86 WOLF HOLLOW PA SE,"MULTIPOINT (-113.9997489624686 50.87445143435066,-113.99959245447354 50.874482898897206,-113.99949064959544 50.874500878490466,-113.9996666661656 50.87446491913956,-113.99953522126046 50.874577086876535,-113.99979650413012 50.874522976835785,-113.99971190589442 50.87454021947091,-113.99963672793278 50.87455568205507)","{""type"":""MultiPoint"",""coordinates"":[[-113.999749,50.8744514],[-113.9995925,50.8744829],[-113.9994906,50.8745009],[-113.9996667,50.8744649],[-113.9995352,50.8745771],[-113.9997965,50.874523],[-113.9997119,50.8745402],[-113.9996367,50.8745557]]}",POINT (-113.9997489624686 50.87445143435066),"{""type"":""MultiPoint"",""coordinates"":[[-114.0865605,50.9237967],[-114.0866679,50.9237921],[-114.0867787,50.923792]]}",POINT (-114.08656047381608 50.92379669861852),a,WOLF HOLLOW PA SE,21
BP2020-11934,Completed,2020-08-27,2020,2020-09-17,2021-05-27,2021,Commercial / Multi Family Project,Building,1706 - Rhs Rowhouse,Unspecified,Residential,New,New,New,Part 9 Townhome Building 9,,STEPPER HOMES,STEPPER HOMES,4,"$725,504",,172 WOLF HOLLOW PA SE,WWO,WOLF WILLOW,50.87484697,-113.9978494,4,Titled Parcel;Titled Parcel;Titled Parcel;Titled Parcel,172 WOLF HOLLOW PA SE;180 WOLF HOLLOW PA SE;184 WOLF HOLLOW PA SE;176 WOLF HOLLOW PA SE,"MULTIPOINT (-113.99784939663243 50.87484697464693,-113.99769290024243 50.8748784366447,-113.99761060236435 50.874896414981,-113.99776709886997 50.87486495309367)","{""type"":""MultiPoint"",""coordinates"":[[-113.9978494,50.874847],[-113.9976929,50.8748784],[-113.9976106,50.8748964],[-113.9977671,50.874865]]}",POINT (-113.99784939663243 50.87484697464693),"{""type"":""MultiPoint"",""coordinates"":[[-114.1047561,51.1806632],[-114.1048094,51.1807036],[-114.1048703,51.180744],[-114.1047039,51.1806183],[-114.1047079,51.1806905],[-114.1046618,51.1806567],[-114.1048115,51.1807651],[-114.1047559,51.1807334]]}",POINT (-114.10475611317923 51.18066317416445),a,WOLF HOLLOW PA SE,21
BP2021-17751,Completed,2021-10-12,2021,2021-10-25,2022-07-25,2022,Commercial / Multi Family Project,Building,1706 - Rhs Rowhouse,Unspecified,Residential,New,New,New,New 6 Unit Rowhouse (Bldg #6),ALLISTON AT HOME,,,6,"$1,350,410",,155 WOLF HOLLOW PA SE,WWO,WOLF WILLOW,50.87439748,-113.9979044,6,Titled Parcel;Titled Parcel;Titled Parcel;Titled Parcel;Titled Parcel;Titled Parcel,155 WOLF HOLLOW PA SE;159 WOLF HOLLOW PA SE;175 WOLF HOLLOW PA SE;167 WOLF HOLLOW PA SE;163 WOLF HOLLOW PA SE;171 WOLF HOLLOW PA SE,"MULTIPOINT (-113.99790441874319 50.87439747583043,-113.99781402289818 50.87441545416597,-113.99747673554599 50.87448736733527,-113.99764942880262 50.87445141095417,-113.99773172588206 50.87443343258911,-113.99756711745125 50.87446938926086)","{""type"":""MultiPoint"",""coordinates"":[[-113.9979044,50.8743975],[-113.997814,50.8744155],[-113.9974767,50.8744874],[-113.9976494,50.8744514],[-113.9977317,50.8744334],[-113.9975671,50.8744694]]}",POINT (-113.99790441874319 50.87439747583043),"{""type"":""MultiPoint"",""coordinates"":[[-114.1045579,51.1795082],[-114.1046214,51.1794722],[-114.1044381,51.1795802],[-114.104498,51.1795442],[-114.1043745,51.1796207],[-114.1051999,51.1807796],[-114.1044142,51.1796452],[-114.1046463,51.1794978],[-114.1044743,51.1796081],[-114.1046007,51.1795317],[-114.1045407,51.1795689]]}",POINT (-114.10455791338184 51.17950819723791),a,WOLF HOLLOW PA SE,21
BP2020-11744,Completed,2020-08-25,2020,2020-09-16,2021-03-17,2021,Commercial / Multi Family Project,Building,1706 - Rhs Rowhouse,Unspecified,Residential,New,New,New,Part 9 - 4 Unit Townhouse (Bldg 7),,STEPPER HOMES,STEPPER HOMES,4,"$726,609",,140 WOLF HOLLOW PA SE,WWO,WOLF WILLOW,50.8747436,-113.9983513,4,Titled Parcel;Titled Parcel;Titled Parcel;Titled Parcel,148 WOLF HOLLOW PA SE;144 WOLF HOLLOW PA SE;140 WOLF HOLLOW PA SE;152 WOLF HOLLOW PA SE,"MULTIPOINT (-113.99835129487901 50.874743597859855,-113.99842549325393 50.87472561889191,-113.99850779051772 50.874707639980564,-113.99826898344949 50.87475708166248)","{""type"":""MultiPoint"",""coordinates"":[[-113.9983513,50.8747436],[-113.9984255,50.8747256],[-113.9985078,50.8747076],[-113.998269,50.8747571]]}",POINT (-113.99835129487901 50.874743597859855),"{""type"":""MultiPoint"",""coordinates"":[[-113.9366243,51.1532164],[-113.9376669,51.1540179],[-113.9376746,51.1539145],[-113.93767,51.1538663],[-113.9376708,51.1539614],[-113.9376672,51.1538146]]}",POINT (-113.93662430241723 51.153216361146576),a,WOLF HOLLOW PA SE,21
BP2020-00447,Completed,2020-01-14,2020,2020-02-20,2020-09-11,2020,Commercial / Multi Family Project,Building,1606 - Ths Townhouse,Townhouse,Residential,New,New,New,C Residential NEW 4 unit townhouse building,,STEPPER HOMES,STEPPER HOMES,4,"$743,427",,108 WOLF HOLLOW PA SE,WWO,WOLF WILLOW,50.87462224,-113.9989274,4,Titled Parcel;Titled Parcel;Titled Parcel;Titled Parcel,120 WOLF HOLLOW PA SE;116 WOLF HOLLOW PA SE;112 WOLF HOLLOW PA SE;108 WOLF HOLLOW PA SE,"MULTIPOINT (-113.99892737471404 50.874622239625516,-113.99900967160268 50.87460426036,-113.99908388371169 50.87458628097326,-113.99916321087211 50.87456830157605)","{""type"":""MultiPoint"",""coordinates"":[[-113.9989274,50.8746222],[-113.9990097,50.8746043],[-113.9990839,50.8745863],[-113.9991632,50.8745683]]}",POINT (-113.99892737471404 50.874622239625516),"{""type"":""MultiPoint"",""coordinates"":[[-114.1994991,51.0328418],[-114.1996387,51.0326054],[-114.1996409,51.0327178],[-114.1996382,51.0325005],[-114.1996389,51.0326643],[-114.1996402,51.0325562]]}",POINT (-114.19949910873876 51.03284183863448),a,WOLF HOLLOW PA SE,21
BP2021-03844,Completed,2021-03-15,2021,2021-04-14,2021-11-24,2021,Commercial / Multi Family Project,Building,1706 - Rhs Rowhouse,Unspecified,Residential,New,New,New,6 Plex Rowhouse,KN ARCHITECTURE,,ALLISTON AT HOME,6,"$1,284,541",,119 WOLF HOLLOW PA SE,WWO,WOLF WILLOW,50.87419521,-113.9988664,12,Titled Parcel;Titled Parcel;Titled Parcel;Titled Parcel;Titled Parcel;Titled Parcel;Building;Building;Building;Building;Building;Building,111 WOLF HOLLOW PA SE;115 WOLF HOLLOW PA SE;123 WOLF HOLLOW PA SE;127 WOLF HOLLOW PA SE;119 WOLF HOLLOW PA SE;107 WOLF HOLLOW PA SE;111 WOLF HOLLOW PA SE;107 WOLF HOLLOW PA SE;123 WOLF HOLLOW PA SE;127 WOLF HOLLOW PA SE;119 WOLF HOLLOW PA SE;115 WOLF HOLLOW PA SE,"MULTIPOINT (-113.99886637312503 50.874195214206985,-113.99878407690163 50.87421319337274,-113.99861947005631 50.874249151529845,-113.99852908898185 50.874267130419774,-113.99870178061491 50.874231172480414,-113.99895548927226 50.874181730042906,-113.9988201685893 50.87413280518959,-113.9989051356788 50.874122332670815,-113.99858108083471 50.87417513642439,-113.99848108070141 50.87419369051985,-113.99866077687378 50.8741584878914,-113.99874874214248 50.87414421275211)","{""type"":""MultiPoint"",""coordinates"":[[-113.9988664,50.8741952],[-113.9987841,50.8742132],[-113.9986195,50.8742492],[-113.9985291,50.8742671],[-113.9987018,50.8742312],[-113.9989555,50.8741817],[-113.9988202,50.8741328],[-113.9989051,50.8741223],[-113.9985811,50.8741751],[-113.9984811,50.8741937],[-113.9986608,50.8741585],[-113.9987487,50.8741442]]}",POINT (-113.99886637312503 50.874195214206985),"{""type"":""MultiPoint"",""coordinates"":[[-113.9624859,51.167912],[-113.9623662,51.1678514],[-113.9622946,51.1677969],[-113.9623671,51.1678504],[-113.9623671,51.1678504],[-113.9623671,51.1678504],[-113.9622921,51.167902],[-113.9623671,51.1678504]]}",POINT (-113.96248591328019 51.167911950730485),a,WOLF HOLLOW PA SE,21
BP2019-03992,Completed,2019-04-12,2019,2019-06-07,2019-12-20,2019,Commercial / Multi Family Project,Building,1706 - Rhs Rowhouse,Unspecified,Residential,New,New,New,New Building,,STEPPER HOMES,STEPPER HOMES,4,"$740,232",,54 WOLF HOLLOW PA SE,WWO,WOLF WILLOW,50.87434355,-114.0002508,8,Titled Parcel;Titled Parcel;Titled Parcel;Titled Parcel;Building;Building;Building;Building,54 WOLF HOLLOW PA SE;46 WOLF HOLLOW PA SE;50 WOLF HOLLOW PA SE;58 WOLF HOLLOW PA SE;58 WOLF HOLLOW PA SE;46 WOLF HOLLOW PA SE;50 WOLF HOLLOW PA SE;54 WOLF HOLLOW PA SE,"MULTIPOINT (-114.00025083803196 50.87434355439079,-114.00040734511703 50.87431208896076,-114.00032504928068 50.87433006921255,-114.00016854207999 50.87436153453214,-114.00021349834745 50.87443725720069,-114.0004480817297 50.874383019886,-114.00036574316287 50.87440157552622,-114.00029131871956 50.874420841298544)","{""type"":""MultiPoint"",""coordinates"":[[-114.0002508,50.8743436],[-114.0004073,50.8743121],[-114.000325,50.8743301],[-114.0001685,50.8743615],[-114.0002135,50.8744373],[-114.0004481,50.874383],[-114.0003657,50.8744016],[-114.0002913,50.8744208]]}",POINT (-114.00025083803196 50.87434355439079),"{""type"":""MultiPoint"",""coordinates"":[[-113.9267393,51.1285566],[-113.9261845,51.1283629],[-113.9259775,51.1283622],[-113.9261183,51.1283634],[-113.9260465,51.1283646],[-113.9262478,51.1283611],[-113.9259114,51.1283651]]}",POINT (-113.92673931910272 51.12855664859142),a,WOLF HOLLOW PA SE,21
BP2020-12320,Completed,2020-09-02,2020,2020-11-03,2021-03-24,2021,Commercial / Multi Family Project,Building,1706 - Rhs Rowhouse,Unspecified,Residential,New,New,New,New 5-Unit townhouse with 2 secondary suites.,KN ARCHITECTURE,,ALLISTON GC,5,"$1,102,463",,71B WOLF HOLLOW PA SE,WWO,WOLF WILLOW,50.87410981,-113.9992881,6,Titled Parcel;Titled Parcel;Building;Building;Building Suite;Building Suite,91 WOLF HOLLOW PA SE;71 WOLF HOLLOW PA SE;71 WOLF HOLLOW PA SE;91 WOLF HOLLOW PA SE;91B WOLF HOLLOW PA SE;71B WOLF HOLLOW PA SE,"MULTIPOINT (-113.99928808333941 50.874109812568506,-113.99965422262204 50.874033399251125,-113.99961337375584 50.8739740291808,-113.99928292675365 50.87403825215929,-113.9992479596823 50.8740393577089,-113.99964569804177 50.87396705304545)","{""type"":""MultiPoint"",""coordinates"":[[-113.9992881,50.8741098],[-113.9996542,50.8740334],[-113.9996134,50.873974],[-113.9992829,50.8740383],[-113.999248,50.8740394],[-113.9996457,50.8739671]]}",POINT (-113.99928808333941 50.874109812568506),"{""type"":""MultiPoint"",""coordinates"":[[-114.1395524,51.036932],[-114.1393638,51.0369839],[-114.1393659,51.0369225],[-114.1394333,51.0369819],[-114.1392429,51.0369213],[-114.139257,51.0369825],[-114.1394482,51.0369215]]}",POINT (-114.13955242188557 51.03693195079424),,WOLF HOLLOW PA SE,21
BP2019-03578,Completed,2019-04-05,2019,2019-06-07,2020-04-15,2020,Commercial / Multi Family Project,Building,1706 - Rhs Rowhouse,Unspecified,Residential,New,New,New,"Construction of a 3 unit, two story, row townhouse building and detached garages.",,STEPPER HOMES,STEPPER HOMES,3,"$556,165",,42 WOLF HOLLOW PA SE,WWO,WOLF WILLOW,50.87427613,-114.00058,6,Titled Parcel;Titled Parcel;Titled Parcel;Building;Building;Building,38 WOLF HOLLOW PA SE;42 WOLF HOLLOW PA SE;34 WOLF HOLLOW PA SE;42 WOLF HOLLOW PA SE;34 WOLF HOLLOW PA SE;38 WOLF HOLLOW PA SE,"MULTIPOINT (-114.00058002126238 50.87427612824306,-114.00049772555579 50.8742941086167,-114.00067230550957 50.87425814775423,-114.00054543874812 50.87436921982672,-114.00069441516746 50.87433681009721,-114.00061969254826 50.87435346898183)","{""type"":""MultiPoint"",""coordinates"":[[-114.00058,50.8742761],[-114.0004977,50.8742941],[-114.0006723,50.8742581],[-114.0005454,50.8743692],[-114.0006944,50.8743368],[-114.0006197,50.8743535]]}",POINT (-114.00058002126238 50.87427612824306),"{""type"":""MultiPoint"",""coordinates"":[[-114.0111362,50.8612266],[-114.0110064,50.8612266],[-114.0112661,50.8612266],[-114.0113417,50.8612266],[-114.0109414,50.8612266],[-114.0110713,50.8612266],[-114.0108122,50.8612266],[-114.0108765,50.8612266],[-114.0112011,50.8612266],[-114.0113301,50.8613069],[-114.011137,50.8613081],[-114.0108845,50.8613081],[-114.0112074,50.8613069],[-114.0109458,50.8613081],[-114.0110667,50.8613046],[-114.0112669,50.861308],[-114.0108159,50.8613069],[-114.0110072,50.8613058]]}",POINT (-114.011136220044 50.861226603289104),a,WOLF HOLLOW PA SE,21
BP2020-11938,Completed,2020-08-27,2020,2020-09-17,2021-07-22,2021,Commercial / Multi Family Project,Building,1706 - Rhs Rowhouse,Unspecified,Residential,New,New,New,Part 9 Townhome Building 10,,STEPPER HOMES,STEPPER HOMES,4,"$725,258",,188 WOLF HOLLOW PA SE,WWO,WOLF WILLOW,50.87497282,-113.9972526,4,Titled Parcel;Titled Parcel;Titled Parcel;Titled Parcel,200 WOLF HOLLOW PA SE;192 WOLF HOLLOW PA SE;188 WOLF HOLLOW PA SE;196 WOLF HOLLOW PA SE,"MULTIPOINT (-113.99725262301402 50.87497282206933,-113.99743790743328 50.87493237130189,-113.99752020544113 50.87491439308746,-113.99736369439498 50.87494585464319)","{""type"":""MultiPoint"",""coordinates"":[[-113.9972526,50.8749728],[-113.9974379,50.8749324],[-113.9975202,50.8749144],[-113.9973637,50.8749459]]}",POINT (-113.99725262301402 50.87497282206933),,,,WOLF HOLLOW PA SE,21
BP2019-13596,Completed,2019-10-03,2019,2019-10-25,2020-05-14,2020,Commercial / Multi Family Project,Building,1706 - Rhs Rowhouse,Unspecified,Residential,New,New,New,5 Unit Residential 2 Storey Rowhouse - Wolf Willow Phase 2 bldg 1,ALLISTON AT HOME,,,5,"$1,024,107",,47 WOLF HOLLOW PA SE,WWO,WOLF WILLOW,50.87388506,-114.0003693,10,Titled Parcel;Titled Parcel;Titled Parcel;Titled Parcel;Titled Parcel;Building;Building;Building;Building;Building,39 WOLF HOLLOW PA SE;35 WOLF HOLLOW PA SE;47 WOLF HOLLOW PA SE;51 WOLF HOLLOW PA SE;43 WOLF HOLLOW PA SE;47 WOLF HOLLOW PA SE;51 WOLF HOLLOW PA SE;35 WOLF HOLLOW PA SE;39 WOLF HOLLOW PA SE;43 WOLF HOLLOW PA SE,"MULTIPOINT (-114.0003692628103 50.87388506422259,-114.00046626351744 50.87386258888167,-114.0002046725293 50.87391652961833,-114.0001164097771 50.873939004733266,-114.0002869676837 50.87389854945012,-114.00018748016629 50.873877962558076,-114.00009725669008 50.87388842702519,-114.00043859930504 50.87381802557102,-114.0003453780826 50.87383610476918,-114.0002555667481 50.873843180128446)","{""type"":""MultiPoint"",""coordinates"":[[-114.0003693,50.8738851],[-114.0004663,50.8738626],[-114.0002047,50.8739165],[-114.0001164,50.873939],[-114.000287,50.8738985],[-114.0001875,50.873878],[-114.0000973,50.8738884],[-114.0004386,50.873818],[-114.0003454,50.8738361],[-114.0002556,50.8738432]]}",POINT (-114.0003692628103 50.87388506422259),,,,WOLF HOLLOW PA SE,21
BP2020-07292,Completed,2020-06-09,2020,2020-06-24,2020-12-04,2020,Commercial / Multi Family Project,Building,1706 - Rhs Rowhouse,Unspecified,Residential,New,New,New,Part 9 Townhouse,,STEPPER HOMES,STEPPER HOMES,4,"$715,438",,132 WOLF HOLLOW PA SE,WWO,WOLF WILLOW,50.87468966,-113.9985982,8,Titled Parcel;Titled Parcel;Titled Parcel;Titled Parcel;Building;Building;Building;Building,136 WOLF HOLLOW PA SE;124 WOLF HOLLOW PA SE;132 WOLF HOLLOW PA SE;128 WOLF HOLLOW PA SE;132 WOLF HOLLOW PA SE;128 WOLF HOLLOW PA SE;124 WOLF HOLLOW PA SE;136 WOLF HOLLOW PA SE,"MULTIPOINT (-113.99859818666106 50.87468966110867,-113.99883699303643 50.87464021875268,-113.99868048379508 50.87467168207545,-113.99875469601804 50.87465819789633,-113.99871982571243 50.87474028517466,-113.99879202046948 50.87472411294096,-113.99887171724332 50.87471269644332,-113.99863713065423 50.87475741018112)","{""type"":""MultiPoint"",""coordinates"":[[-113.9985982,50.8746897],[-113.998837,50.8746402],[-113.9986805,50.8746717],[-113.9987547,50.8746582],[-113.9987198,50.8747403],[-113.998792,50.8747241],[-113.9988717,50.8747127],[-113.9986371,50.8747574]]}",POINT (-113.99859818666106 50.87468966110867),,,,WOLF HOLLOW PA SE,21
BP2019-03996,Completed,2019-04-12,2019,2019-06-14,2020-08-25,2020,Commercial / Multi Family Project,Building,1706 - Rhs Rowhouse,Unspecified,Residential,New,New,New,,,STEPPER HOMES,STEPPER HOMES,4,"$747,553",,70 WOLF HOLLOW PA SE,WWO,WOLF WILLOW,50.87439749,-113.9999959,8,Titled Parcel;Titled Parcel;Titled Parcel;Titled Parcel;Building;Building;Building;Building,66 WOLF HOLLOW PA SE;62 WOLF HOLLOW PA SE;70 WOLF HOLLOW PA SE;74 WOLF HOLLOW PA SE;66 WOLF HOLLOW PA SE;74 WOLF HOLLOW PA SE;62 WOLF HOLLOW PA SE;70 WOLF HOLLOW PA SE,"MULTIPOINT (-113.99999585109381 50.87439749464062,-114.00007814717557 50.87437951462113,-113.99992163963549 50.87441547460775,-113.99983934344564 50.874428959518475,-114.00004086394979 50.87447243524549,-113.99988672891811 50.87450454746536,-114.00012638550041 50.87445518338076,-113.99996003117916 50.87448788904988)","{""type"":""MultiPoint"",""coordinates"":[[-113.9999959,50.8743975],[-114.0000781,50.8743795],[-113.9999216,50.8744155],[-113.9998393,50.874429],[-114.0000409,50.8744724],[-113.9998867,50.8745045],[-114.0001264,50.8744552],[-113.99996,50.8744879]]}",POINT (-113.99999585109381 50.87439749464062),,,,WOLF HOLLOW PA SE,21
BP2021-05084,Completed,2021-03-31,2021,2021-04-28,2021-12-15,2021,Commercial / Multi Family Project,Building,1706 - Rhs Rowhouse,Unspecified,Residential,New,New,New,6 Plex Rowhouse,ALLISTON AT HOME,,,6,"$1,267,011",,131 WOLF HOLLOW PA SE,WWO,WOLF WILLOW,50.87432556,-113.9982579,6,Titled Parcel;Titled Parcel;Titled Parcel;Titled Parcel;Titled Parcel;Titled Parcel,139 WOLF HOLLOW PA SE;151 WOLF HOLLOW PA SE;143 WOLF HOLLOW PA SE;131 WOLF HOLLOW PA SE;135 WOLF HOLLOW PA SE;147 WOLF HOLLOW PA SE,"MULTIPOINT (-113.99825790254795 50.874325561667085,-113.99800291340775 50.874379497563666,-113.99817560586091 50.874343540403444,-113.9984305946056 50.874289604129295,-113.99834019917168 50.87430758287264,-113.99809329508537 50.87435702408313)","{""type"":""MultiPoint"",""coordinates"":[[-113.9982579,50.8743256],[-113.9980029,50.8743795],[-113.9981756,50.8743435],[-113.9984306,50.8742896],[-113.9983402,50.8743076],[-113.9980933,50.874357]]}",POINT (-113.99825790254795 50.874325561667085),,,,WOLF HOLLOW PA SE,21
BP2020-05368,Completed,2020-05-06,2020,2020-06-26,2020-11-02,2020,Commercial / Multi Family Project,Building,1706 - Rhs Rowhouse,Unspecified,Residential,New,New,New,4 Unit Rowhouse,ALLISTON GC,,ALLISTON GC,4,"$820,764",,55 WOLF HOLLOW PA SE,WWO,WOLF WILLOW,50.87401092,-113.9997527,4,Titled Parcel;Titled Parcel;Titled Parcel;Titled Parcel,67 WOLF HOLLOW PA SE;59 WOLF HOLLOW PA SE;55 WOLF HOLLOW PA SE;63 WOLF HOLLOW PA SE,"MULTIPOINT (-113.99975270166138 50.87401092450813,-113.99992668437545 50.873974964757785,-114.00001750480907 50.873956984784776,-113.99984309597801 50.87399294467002)","{""type"":""MultiPoint"",""coordinates"":[[-113.9997527,50.8740109],[-113.9999267,50.873975],[-114.0000175,50.873957],[-113.9998431,50.8739929]]}",POINT (-113.99975270166138 50.87401092450813),,,,WOLF HOLLOW PA SE,21
BP2018-12201,Completed,2018-09-11,2018,2018-11-30,2019-09-09,2019,Commercial / Multi Family Project,Building,1606 - Ths Townhouse,Townhouse,Residential,New,New,New,4 unit Row Houses with Suites,EAGLE CREST CONSTRUCTION,,ARLUX HOMES,4,"$854,900",,2432 17 ST NW,CAP,CAPITOL HILL,51.07386012,-114.1019454,9,Titled Parcel;Building;Building;Building;Building;Building Suite;Building Suite;Building Suite;Building Suite,2418 17 ST NW;2426 17 ST NW;1741 24 AV NW;2430 17 ST NW;2422 17 ST NW;2420 17 ST NW;2424 17 ST NW;2428 17 ST NW;2432 17 ST NW,"MULTIPOINT (-114.10194542645581 51.073860119161445,-114.10187184646871 51.07398086091296,-114.10187211970062 51.07410530496301,-114.10186836109992 51.07404422329035,-114.10186989135109 51.07391578624474,-114.10187080334049 51.073915210109824,-114.10187184646871 51.07398086091296,-114.10186746211438 51.0740442240737,-114.10187030745756 51.0741053065422)","{""type"":""MultiPoint"",""coordinates"":[[-114.1019454,51.0738601],[-114.1018718,51.0739809],[-114.1018721,51.0741053],[-114.1018684,51.0740442],[-114.1018699,51.0739158],[-114.1018708,51.0739152],[-114.1018718,51.0739809],[-114.1018675,51.0740442],[-114.1018703,51.0741053]]}",POINT (-114.10194542645581 51.073860119161445),"{""type"":""Point"",""coordinates"":[-114.2059841,51.0798046]}",POINT (-114.20598410641428 51.07980462833371),a,17 ST NW,22
BP2021-19063,Completed,2021-11-04,2021,2021-12-01,2022-11-16,2022,Commercial / Multi Family Project,Building,1606 - Ths Townhouse,Townhouse,Residential,New,New,New,Part 9 - Row House,NORR ARCHITECTS ENGINEERS PLANNERS,,SHANE HOMES,5,"$1,091,688",,876 CORNERSTONE BV NE,CNS,CORNERSTONE,51.15321636,-113.9366243,6,Titled Parcel;Building;Building;Building;Building;Building,50 CORNER MEADOWS MR NE;884 CORNERSTONE BV NE;880 CORNERSTONE BV NE;878 CORNERSTONE BV NE;882 CORNERSTONE BV NE;876 CORNERSTONE BV NE,"MULTIPOINT (-113.93662430241723 51.153216361146576,-113.93766694475762 51.15401792765677,-113.93767464581859 51.15391446186384,-113.93766999359606 51.153866302283255,-113.93767080884622 51.1539614392878,-113.93766721874591 51.153814565855406)","{""type"":""MultiPoint"",""coordinates"":[[-113.9366243,51.1532164],[-113.9376669,51.1540179],[-113.9376746,51.1539145],[-113.93767,51.1538663],[-113.9376708,51.1539614],[-113.9376672,51.1538146]]}",POINT (-113.93662430241723 51.153216361146576),"{""type"":""MultiPoint"",""coordinates"":[[-114.0422807,51.1525472],[-114.0418607,51.1522044],[-114.0419059,51.1520938],[-114.0418757,51.1521533]]}",POINT (-114.04228072763124 51.152547175676844),a,CORNERSTONE BV NE,23
BP2021-19131,Completed,2021-11-04,2021,2021-12-01,2022-11-23,2022,Commercial / Multi Family Project,Building,1606 - Ths Townhouse,Townhouse,Residential,New,New,New,Part 9 - Row House,NORR ARCHITECTS ENGINEERS PLANNERS,,SHANE HOMES,6,"$1,265,445",,6505 COUNTRY HILLS BV NE,CNS,CORNERSTONE,51.15321636,-113.9366243,7,Titled Parcel;Building;Building;Building;Building;Building;Building,50 CORNER MEADOWS MR NE;6507 COUNTRY HILLS BV NE;6515 COUNTRY HILLS BV NE;6511 COUNTRY HILLS BV NE;6509 COUNTRY HILLS BV NE;6505 COUNTRY HILLS BV NE;6513 COUNTRY HILLS BV NE,"MULTIPOINT (-113.93662430241723 51.153216361146576,-113.93726515562491 51.15397965104802,-113.93695219777115 51.15397888947868,-113.93711387940625 51.15397956982073,-113.93719329995977 51.153978425867116,-113.93734362872362 51.153981482030325,-113.9370344596441 51.15398012939909)","{""type"":""MultiPoint"",""coordinates"":[[-113.9366243,51.1532164],[-113.9372652,51.1539797],[-113.9369522,51.1539789],[-113.9371139,51.1539796],[-113.9371933,51.1539784],[-113.9373436,51.1539815],[-113.9370345,51.1539801]]}",POINT (-113.93662430241723 51.153216361146576),"{""type"":""MultiPoint"",""coordinates"":[[-114.1910728,51.0102898],[-114.1913388,51.0104197],[-114.1910777,51.0100965],[-114.1912495,51.0103794],[-114.1911601,51.0103346],[-114.191067,51.0104102],[-114.1911565,51.0104546],[-114.1912475,51.0104981],[-114.1909775,51.0103658]]}",POINT (-114.19107281805854 51.01028979301078),a,COUNTRY HILLS BV NE,23
BP2021-16018,Completed,2021-09-13,2021,2021-11-17,2022-11-08,2022,Commercial / Multi Family Project,Building,1706 - Rhs Rowhouse,Unspecified,Residential,New,New,New,Part 9 - 6 Unit 3 storey Row House,NORR ARCHITECTS ENGINEERS PLANNERS,,SHANE HOMES,6,"$1,272,823",,860 CORNERSTONE BV NE,CNS,CORNERSTONE,51.15321636,-113.9366243,7,Titled Parcel;Building;Building;Building;Building;Building;Building,50 CORNER MEADOWS MR NE;860 CORNERSTONE BV NE;866 CORNERSTONE BV NE;868 CORNERSTONE BV NE;864 CORNERSTONE BV NE;862 CORNERSTONE BV NE;870 CORNERSTONE BV NE,"MULTIPOINT (-113.93662430241723 51.153216361146576,-113.93766576692795 51.1534916868485,-113.93765800984626 51.15363676531864,-113.93766076878256 51.15368968836248,-113.93766281491662 51.15358206637133,-113.93766664865576 51.15353747117783,-113.93765787523158 51.15373666629056)","{""type"":""MultiPoint"",""coordinates"":[[-113.9366243,51.1532164],[-113.9376658,51.1534917],[-113.937658,51.1536368],[-113.9376608,51.1536897],[-113.9376628,51.1535821],[-113.9376666,51.1535375],[-113.9376579,51.1537367]]}",POINT (-113.93662430241723 51.153216361146576),"{""type"":""MultiPoint"",""coordinates"":[[-114.2717395,51.0844933],[-114.2717391,51.0846775],[-114.2717388,51.0846146],[-114.2717384,51.0845607],[-114.2718744,51.0845064],[-114.2718747,51.0845578],[-114.271872,51.084672],[-114.271874,51.0846163]]}",POINT (-114.27173949636534 51.084493253677316),a,CORNERSTONE BV NE,23
BP2022-05696,Completed,2022-04-11,2022,2022-05-11,2023-07-13,2023,Commercial / Multi Family Project,Building,1706 - Rhs Rowhouse,Unspecified,Residential,New,New,New,Part 9.10.15. RowHouse,NORR ARCHITECTS ENGINEERS PLANNERS,,SHANE HOMES,7,"$1,486,982",,68 CORNER MEADOWS MR NE,CNS,CORNERSTONE,51.15321175,-113.936408,9,Titled Parcel;Titled Parcel;Building;Building;Building;Building;Building;Building;Building,54 CORNER MEADOWS MR NE;50 CORNER MEADOWS MR NE;60 CORNER MEADOWS MR NE;68 CORNER MEADOWS MR NE;62 CORNER MEADOWS MR NE;64 CORNER MEADOWS MR NE;58 CORNER MEADOWS MR NE;66 CORNER MEADOWS MR NE;56 CORNER MEADOWS MR NE,"MULTIPOINT (-113.93640803991926 51.15321174899631,-113.93662430241723 51.153216361146576,-113.93623157494312 51.153277645338676,-113.93591261355046 51.153280347686774,-113.93614611215176 51.153276636834754,-113.93606828238597 51.15327563244035,-113.93630177038166 51.15327959836152,-113.93598585759234 51.15327942590813,-113.93638417690046 51.15327868132244)","{""type"":""MultiPoint"",""coordinates"":[[-113.936408,51.1532117],[-113.9366243,51.1532164],[-113.9362316,51.1532776],[-113.9359126,51.1532803],[-113.9361461,51.1532766],[-113.9360683,51.1532756],[-113.9363018,51.1532796],[-113.9359859,51.1532794],[-113.9363842,51.1532787]]}",POINT (-113.93640803991926 51.15321174899631),"{""type"":""MultiPoint"",""coordinates"":[[-113.9550999,51.1562814],[-113.9547386,51.1562722],[-113.9549161,51.1562723],[-113.9549989,51.1562723],[-113.9548407,51.1562723],[-113.9549956,51.1562874],[-113.9547566,51.1562854],[-113.9549169,51.1562911],[-113.9550924,51.1563007],[-113.9548504,51.1562911]]}",POINT (-113.95509990558314 51.15628136344173),a,CORNER MEADOWS MR NE,23
BP2022-05674,Completed,2022-04-10,2022,2022-05-11,2023-08-18,2023,Commercial / Multi Family Project,Building,1606 - Ths Townhouse,Townhouse,Residential,New,New,New,Part 9.10.15. RowHouse,NORR ARCHITECTS ENGINEERS PLANNERS,,SHANE HOMES,5,"$1,081,564",,44 CORNER MEADOWS MR NE,CNS,CORNERSTONE,51.15321636,-113.9366243,7,Titled Parcel;Titled Parcel;Building;Building;Building;Building;Building,50 CORNER MEADOWS MR NE;34 CORNER MEADOWS MR NE;38 CORNER MEADOWS MR NE;36 CORNER MEADOWS MR NE;42 CORNER MEADOWS MR NE;44 CORNER MEADOWS MR NE;40 CORNER MEADOWS MR NE,"MULTIPOINT (-113.93662430241723 51.153216361146576,-113.9371378787388 51.15321214348231,-113.9370282108923 51.153278076903355,-113.93711367501353 51.153278122879925,-113.93687102185676 51.15327606841116,-113.93678861403778 51.1532779476761,-113.93694121730799 51.15327803003986)","{""type"":""MultiPoint"",""coordinates"":[[-113.9366243,51.1532164],[-113.9371379,51.1532121],[-113.9370282,51.1532781],[-113.9371137,51.1532781],[-113.936871,51.1532761],[-113.9367886,51.1532779],[-113.9369412,51.153278]]}",POINT (-113.93662430241723 51.153216361146576),"{""type"":""MultiPoint"",""coordinates"":[[-114.2727573,51.0866619],[-114.2727766,51.0867113],[-114.2727472,51.0864956],[-114.2727506,51.0865495],[-114.2727419,51.0864372],[-114.2727539,51.086608],[-114.2729761,51.0867039],[-114.2729507,51.086487],[-114.2729661,51.0865422],[-114.2729634,51.0865974],[-114.2729697,51.0866449]]}",POINT (-114.27275731797758 51.08666189398736),a,CORNER MEADOWS MR NE,23
BP2022-03707,Completed,2022-03-11,2022,2022-04-07,2023-04-14,2023,Commercial / Multi Family Project,Building,1606 - Ths Townhouse,Townhouse,Residential,New,New,New,6 Unit Rowhouse,NORR ARCHITECTS ENGINEERS PLANNERS,,SHANE HOMES,5,"$1,068,544",,409 CORNER GLEN CI NE,CNS,CORNERSTONE,51.15378692,-113.9361064,7,Titled Parcel;Titled Parcel;Building;Building;Building;Building;Building,411 CORNER GLEN CI NE;50 CORNER MEADOWS MR NE;409 CORNER GLEN CI NE;403 CORNER GLEN CI NE;407 CORNER GLEN CI NE;405 CORNER GLEN CI NE;401 CORNER GLEN CI NE,"MULTIPOINT (-113.93610637037762 51.15378691683781,-113.93662430241723 51.153216361146576,-113.93599766549883 51.15380567257271,-113.93599178536064 51.153954087081196,-113.93598964683673 51.1538570435522,-113.93599072323849 51.15390556981559,-113.93599966781797 51.154001187726784)","{""type"":""MultiPoint"",""coordinates"":[[-113.9361064,51.1537869],[-113.9366243,51.1532164],[-113.9359977,51.1538057],[-113.9359918,51.1539541],[-113.9359896,51.153857],[-113.9359907,51.1539056],[-113.9359997,51.1540012]]}",POINT (-113.93610637037762 51.15378691683781),"{""type"":""MultiPoint"",""coordinates"":[[-114.0768103,51.1816243],[-114.0768106,51.1818175],[-114.0768102,51.1815703],[-114.0768103,51.1816692],[-114.0768104,51.1817142],[-114.0768105,51.1817636],[-114.0766854,51.1817155]]}",POINT (-114.07681025363893 51.18162426305954),a,CORNER GLEN CI NE,23
BP2022-05671,Completed,2022-04-10,2022,2022-05-11,2023-10-03,2023,Commercial / Multi Family Project,Building,1606 - Ths Townhouse,Townhouse,Residential,New,New,New,Part 9.10.15. RowHouse,NORR ARCHITECTS ENGINEERS PLANNERS,,SHANE HOMES,7,"$1,513,291",,30 CORNER MEADOWS MR NE,CNS,CORNERSTONE,51.15321636,-113.9366243,9,Titled Parcel;Titled Parcel;Building;Building;Building;Building;Building;Building;Building,50 CORNER MEADOWS MR NE;16 CORNER MEADOWS MR NE;22 CORNER MEADOWS MR NE;24 CORNER MEADOWS MR NE;28 CORNER MEADOWS MR NE;18 CORNER MEADOWS MR NE;30 CORNER MEADOWS MR NE;20 CORNER MEADOWS MR NE;26 CORNER MEADOWS MR NE,"MULTIPOINT (-113.93662430241723 51.153216361146576,-113.9377487197807 51.15321247014821,-113.93756082146989 51.15327836241041,-113.9374723114271 51.15327926802645,-113.93732579870729 51.153278236724894,-113.9377180118509 51.15327939910321,-113.93724644984155 51.153280108961695,-113.93763866557968 51.15327935682982,-113.93740211334837 51.15327923048225)","{""type"":""MultiPoint"",""coordinates"":[[-113.9366243,51.1532164],[-113.9377487,51.1532125],[-113.9375608,51.1532784],[-113.9374723,51.1532793],[-113.9373258,51.1532782],[-113.937718,51.1532794],[-113.9372464,51.1532801],[-113.9376387,51.1532794],[-113.9374021,51.1532792]]}",POINT (-113.93662430241723 51.153216361146576),,,,CORNER MEADOWS MR NE,23
BP2021-20467,Completed,2021-11-30,2021,2022-01-24,2022-11-23,2022,Commercial / Multi Family Project,Building,1606 - Ths Townhouse,Townhouse,Residential,New,New,New,Part 9 Townhouse - Building 10,NORR ARCHITECTS ENGINEERS PLANNERS,,CORNERHAVEN MULTI-FAMILY,5,"$1,081,803",,210 CORNER GLEN CI NE,CNS,CORNERSTONE,51.15321636,-113.9366243,6,Titled Parcel;Building;Building;Building;Building;Building,50 CORNER MEADOWS MR NE;202 CORNER GLEN CI NE;206 CORNER GLEN CI NE;210 CORNER GLEN CI NE;208 CORNER GLEN CI NE;204 CORNER GLEN CI NE,"MULTIPOINT (-113.93662430241723 51.153216361146576,-113.93731417247882 51.153535242191396,-113.93731744204308 51.153632996482784,-113.93730936395927 51.15372932434015,-113.9373162431979 51.15368437120869,-113.93731523887946 51.15358161993341)","{""type"":""MultiPoint"",""coordinates"":[[-113.9366243,51.1532164],[-113.9373142,51.1535352],[-113.9373174,51.153633],[-113.9373094,51.1537293],[-113.9373162,51.1536844],[-113.9373152,51.1535816]]}",POINT (-113.93662430241723 51.153216361146576),,,,CORNER GLEN CI NE,23
BP2022-00534,Completed,2022-01-13,2022,2022-02-22,2023-03-16,2023,Commercial / Multi Family Project,Building,1606 - Ths Townhouse,Townhouse,Residential,New,New,New,Part 9 - Row House - 6 units,NORR ARCHITECTS ENGINEERS PLANNERS,,SHANE HOMES,7,"$1,433,775",,6533 COUNTRY HILLS BV NE,CNS,CORNERSTONE,51.15321636,-113.9366243,8,Titled Parcel;Building;Building;Building;Building;Building;Building;Building,50 CORNER MEADOWS MR NE;6525 COUNTRY HILLS BV NE;6531 COUNTRY HILLS BV NE;6521 COUNTRY HILLS BV NE;6529 COUNTRY HILLS BV NE;6523 COUNTRY HILLS BV NE;6527 COUNTRY HILLS BV NE;6533 COUNTRY HILLS BV NE,"MULTIPOINT (-113.93662430241723 51.153216361146576,-113.93666381177091 51.15397814037886,-113.93642744261189 51.153977418848804,-113.93682645192476 51.15397822832584,-113.93651537930364 51.15397865322857,-113.9367375718038 51.153976993669694,-113.93658817918556 51.153979286026455,-113.93635370585574 51.1539720299611)","{""type"":""MultiPoint"",""coordinates"":[[-113.9366243,51.1532164],[-113.9366638,51.1539781],[-113.9364274,51.1539774],[-113.9368265,51.1539782],[-113.9365154,51.1539787],[-113.9367376,51.153977],[-113.9365882,51.1539793],[-113.9363537,51.153972]]}",POINT (-113.93662430241723 51.153216361146576),,,,COUNTRY HILLS BV NE,23
BP2022-03770,Completed,2022-03-14,2022,2022-05-17,2023-06-02,2023,Commercial / Multi Family Project,Building,1606 - Ths Townhouse,Townhouse,Residential,New,New,New,Part 9 - Row House - Cornerhaven Townhomes - Bldg 3,NORR ARCHITECTS ENGINEERS PLANNERS,,SHANE HOMES,6,"$1,271,484",,425 CORNER GLEN CI NE,CNS,CORNERSTONE,51.15321636,-113.9366243,8,Titled Parcel;Titled Parcel;Building;Building;Building;Building;Building;Building,50 CORNER MEADOWS MR NE;427 CORNER GLEN CI NE;417 CORNER GLEN CI NE;421 CORNER GLEN CI NE;423 CORNER GLEN CI NE;419 CORNER GLEN CI NE;425 CORNER GLEN CI NE;415 CORNER GLEN CI NE,"MULTIPOINT (-113.93662430241723 51.153216361146576,-113.9361109706837 51.15346778976264,-113.93599557829367 51.15367152913154,-113.93599117735756 51.153577334052365,-113.93599465537447 51.153522391728195,-113.93599564838432 51.15362086397687,-113.93599697208356 51.153480294857964,-113.9360000468524 51.15372718597798)","{""type"":""MultiPoint"",""coordinates"":[[-113.9366243,51.1532164],[-113.936111,51.1534678],[-113.9359956,51.1536715],[-113.9359912,51.1535773],[-113.9359947,51.1535224],[-113.9359956,51.1536209],[-113.935997,51.1534803],[-113.936,51.1537272]]}",POINT (-113.93662430241723 51.153216361146576),,,,CORNER GLEN CI NE,23
BP2022-03741,Completed,2022-03-13,2022,2022-05-12,2023-08-18,2023,Commercial / Multi Family Project,Building,1606 - Ths Townhouse,Townhouse,Residential,New,New,New,Part 9 - Row House,NORR ARCHITECTS ENGINEERS PLANNERS,,SHANE HOMES,5,"$1,080,700",,424 CORNER GLEN CI NE,CNS,CORNERSTONE,51.15321636,-113.9366243,7,Titled Parcel;Titled Parcel;Building;Building;Building;Building;Building,50 CORNER MEADOWS MR NE;414 CORNER GLEN CI NE;422 CORNER GLEN CI NE;416 CORNER GLEN CI NE;424 CORNER GLEN CI NE;418 CORNER GLEN CI NE;420 CORNER GLEN CI NE,"MULTIPOINT (-113.93662430241723 51.153216361146576,-113.9362639768487 51.15374654977207,-113.93636557301483 51.153585386210864,-113.93636877874708 51.15372809731176,-113.93636679014978 51.15353187198687,-113.93637111530533 51.15368172141317,-113.93636777904338 51.153633913087475)","{""type"":""MultiPoint"",""coordinates"":[[-113.9366243,51.1532164],[-113.936264,51.1537465],[-113.9363656,51.1535854],[-113.9363688,51.1537281],[-113.9363668,51.1535319],[-113.9363711,51.1536817],[-113.9363678,51.1536339]]}",POINT (-113.93662430241723 51.153216361146576),,,,CORNER GLEN CI NE,23
BP2022-05673,Completed,2022-04-10,2022,2022-05-11,2023-09-13,2023,Commercial / Multi Family Project,Building,1606 - Ths Townhouse,Townhouse,Residential,New,New,New,Part 9.10.15. RowHouse,NORR ARCHITECTS ENGINEERS PLANNERS,,SHANE HOMES,8,"$1,678,122",,116 CORNER GLEN CI NE,CNS,CORNERSTONE,51.15344105,-113.9365355,10,Titled Parcel;Titled Parcel;Building;Building;Building;Building;Building;Building;Building;Building,100 CORNER GLEN CI NE;50 CORNER MEADOWS MR NE;104 CORNER GLEN CI NE;102 CORNER GLEN CI NE;108 CORNER GLEN CI NE;116 CORNER GLEN CI NE;106 CORNER GLEN CI NE;112 CORNER GLEN CI NE;110 CORNER GLEN CI NE;114 CORNER GLEN CI NE,"MULTIPOINT (-113.93653548550314 51.153441052150946,-113.93662430241723 51.153216361146576,-113.9366402557325 51.1535077665785,-113.93655743266622 51.15350986120525,-113.93679115681948 51.15350926856732,-113.93710771053259 51.15351229787215,-113.93671853877625 51.153512087987295,-113.93694432970157 51.15351149075136,-113.936870573004 51.15351074079423,-113.93702714984138 51.153511535365816)","{""type"":""MultiPoint"",""coordinates"":[[-113.9365355,51.1534411],[-113.9366243,51.1532164],[-113.9366403,51.1535078],[-113.9365574,51.1535099],[-113.9367912,51.1535093],[-113.9371077,51.1535123],[-113.9367185,51.1535121],[-113.9369443,51.1535115],[-113.9368706,51.1535107],[-113.9370271,51.1535115]]}",POINT (-113.93653548550314 51.153441052150946),,,,CORNER GLEN CI NE,23
BP2022-01124,Completed,2022-01-25,2022,2022-02-22,2023-05-19,2023,Commercial / Multi Family Project,Building,1606 - Ths Townhouse,Townhouse,Residential,New,New,New,Part 9 - Row House 8 units,NORR ARCHITECTS ENGINEERS PLANNERS,,SHANE HOMES,8,"$1,680,719",,316 CORNER GLEN CI NE,CNS,CORNERSTONE,51.15382343,-113.9371295,10,Titled Parcel;Titled Parcel;Building;Building;Building;Building;Building;Building;Building;Building,300 CORNER GLEN CI NE;50 CORNER MEADOWS MR NE;308 CORNER GLEN CI NE;314 CORNER GLEN CI NE;304 CORNER GLEN CI NE;316 CORNER GLEN CI NE;302 CORNER GLEN CI NE;310 CORNER GLEN CI NE;312 CORNER GLEN CI NE;306 CORNER GLEN CI NE,"MULTIPOINT (-113.937129500818 51.15382342946679,-113.93662430241723 51.153216361146576,-113.93687023612341 51.15375763004797,-113.93663650877109 51.15375964319376,-113.93702908657377 51.15375842584377,-113.93655934966401 51.15375889119744,-113.93711077887947 51.1537577596161,-113.93678401157132 51.15375901282369,-113.93671592733547 51.15375968618587,-113.93694852447526 51.153758382447904)","{""type"":""MultiPoint"",""coordinates"":[[-113.9371295,51.1538234],[-113.9366243,51.1532164],[-113.9368702,51.1537576],[-113.9366365,51.1537596],[-113.9370291,51.1537584],[-113.9365593,51.1537589],[-113.9371108,51.1537578],[-113.936784,51.153759],[-113.9367159,51.1537597],[-113.9369485,51.1537584]]}",POINT (-113.937129500818 51.15382342946679),,,,CORNER GLEN CI NE,23
BP2018-01246,Completed,2018-02-06,2018,2018-02-26,2018-08-14,2018,Commercial / Multi Family Project,Building,1706 - Rhs Rowhouse,Unspecified,Residential,New,New,New,New - Cityscape - Part 9 Group C - 6 unit Townhouse,MATTAMY HOMES CALGARY,,,6,"$1,036,530",,242 CITYSCAPE BV NE,CSC,CITYSCAPE,51.14731677,-113.9621701,7,Titled Parcel;Titled Parcel;Titled Parcel;Titled Parcel;Titled Parcel;Titled Parcel;Building,238 CITYSCAPE BV NE;222 CITYSCAPE BV NE;234 CITYSCAPE BV NE;226 CITYSCAPE BV NE;230 CITYSCAPE BV NE;242 CITYSCAPE BV NE;242 CITYSCAPE BV NE,"MULTIPOINT (-113.96217007432043 51.147316769536154,-113.96252763691756 51.147316884629895,-113.96225652791962 51.14731679746439,-113.962429406534 51.14731685311998,-113.96234296722673 51.147316825324125,-113.9620686281895 51.14731673668321,-113.96208072220305 51.147400532430915)","{""type"":""MultiPoint"",""coordinates"":[[-113.9621701,51.1473168],[-113.9625276,51.1473169],[-113.9622565,51.1473168],[-113.9624294,51.1473169],[-113.962343,51.1473168],[-113.9620686,51.1473167],[-113.9620807,51.1474005]]}",POINT (-113.96217007432043 51.147316769536154),"{""type"":""MultiPoint"",""coordinates"":[[-113.9422692,50.876824],[-113.9415447,50.8772146],[-113.9415111,50.8772947],[-113.9413985,50.8771534],[-113.9415933,50.8773587],[-113.9414338,50.8771558],[-113.9414807,50.8772184],[-113.9415358,50.8773269],[-113.9414413,50.8771653],[-113.9413933,50.8771068],[-113.941546,50.8772976],[-113.9414232,50.8771843],[-113.9415066,50.8772491],[-113.9415539,50.8773076]]}",POINT (-113.94226917637957 50.87682400264698),a,CITYSCAPE BV NE,24
BP2018-01542,Completed,2018-02-13,2018,2018-02-26,2018-10-09,2018,Commercial / Multi Family Project,Building,1606 - Ths Townhouse,Townhouse,Residential,New,New,New,New - Cityscape - Part 9 Group C - 3 unit Townhouse,MATTAMY HOMES CALGARY,,MATTAMY HOMES CALGARY,3,"$517,974",,248 CITYSCAPE WY NE,CSC,CITYSCAPE,51.14731651,-113.9613746,4,Titled Parcel;Titled Parcel;Titled Parcel;Building,270 CITYSCAPE BV NE;274 CITYSCAPE BV NE;248 CITYSCAPE WY NE;248 CITYSCAPE WY NE,"MULTIPOINT (-113.96137456972605 51.14731650955489,-113.96127348090197 51.14731647613032,-113.96111319475698 51.14745126657469,-113.96118288482367 51.147398943428804)","{""type"":""MultiPoint"",""coordinates"":[[-113.9613746,51.1473165],[-113.9612735,51.1473165],[-113.9611132,51.1474513],[-113.9611829,51.1473989]]}",POINT (-113.96137456972605 51.14731650955489),"{""type"":""MultiPoint"",""coordinates"":[[-114.0197962,50.9628522],[-114.0190776,50.9628354],[-114.0190169,50.9625428],[-114.0190357,50.9626337],[-114.0189952,50.9624385],[-114.0189759,50.9623454],[-114.0190583,50.9627426]]}",POINT (-114.01979620647018 50.96285221571192),a,CITYSCAPE WY NE,24
BP2018-06126,Completed,2018-05-23,2018,2018-06-06,2019-03-07,2019,Commercial / Multi Family Project,Building,1606 - Ths Townhouse,Townhouse,Residential,New,New,New,New - Cityscape - Part 9 Group C - 4 unit townhouse,MATTAMY HOMES CALGARY,,MATTAMY HOMES CALGARY,4,"$682,009",,237 CITYSCAPE BV NE,CSC,CITYSCAPE,51.14702905,-113.9620183,8,Titled Parcel;Titled Parcel;Titled Parcel;Titled Parcel;Building;Building;Building;Building,241 CITYSCAPE BV NE;237 CITYSCAPE BV NE;245 CITYSCAPE BV NE;249 CITYSCAPE BV NE;241 CITYSCAPE BV NE;237 CITYSCAPE BV NE;249 CITYSCAPE BV NE;245 CITYSCAPE BV NE,"MULTIPOINT (-113.96201832702755 51.14702905395874,-113.96211882924754 51.14702908654971,-113.96193188825829 51.14702902585922,-113.96183365848643 51.14702899384913,-113.9620216965533 51.14696355700691,-113.96211530941727 51.14696409976966,-113.96184493260769 51.14696252860714,-113.96193661604076 51.146963061893935)","{""type"":""MultiPoint"",""coordinates"":[[-113.9620183,51.1470291],[-113.9621188,51.1470291],[-113.9619319,51.147029],[-113.9618337,51.147029],[-113.9620217,51.1469636],[-113.9621153,51.1469641],[-113.9618449,51.1469625],[-113.9619366,51.1469631]]}",POINT (-113.96201832702755 51.14702905395874),"{""type"":""MultiPoint"",""coordinates"":[[-114.0106259,50.8612267],[-114.010561,50.8612312],[-114.0104961,50.8612312],[-114.0104312,50.8612312],[-114.0107036,50.8612266],[-114.0103536,50.8612357],[-114.0104353,50.861315],[-114.0105724,50.8613104],[-114.0106373,50.8613092],[-114.0106951,50.861307],[-114.0103704,50.8613195],[-114.0105057,50.8613115]]}",POINT (-114.01062590632266 50.86122665086278),a,CITYSCAPE BV NE,24
BP2018-06543,Completed,2018-05-29,2018,2018-06-21,2019-01-14,2019,Commercial / Multi Family Project,Building,1706 - Rhs Rowhouse,Unspecified,Residential,New,New,New,New - Cityscape - Part 9 Group C - 4 Unit townhouse,MATTAMY HOMES CALGARY,,MATTAMY HOMES CALGARY,4,"$619,378",,253 CITYSCAPE BV NE,CSC,CITYSCAPE,51.1470289,-113.9615433,5,Titled Parcel;Titled Parcel;Titled Parcel;Titled Parcel;Building,261 CITYSCAPE BV NE;265 CITYSCAPE BV NE;253 CITYSCAPE BV NE;257 CITYSCAPE BV NE;253 CITYSCAPE BV NE,"MULTIPOINT (-113.96154328539355 51.14702889874306,-113.96144046785047 51.14702886489437,-113.96172579582286 51.14702895860496,-113.9616297384543 51.14702892713444,-113.96171542916329 51.14694846255469)","{""type"":""MultiPoint"",""coordinates"":[[-113.9615433,51.1470289],[-113.9614405,51.1470289],[-113.9617258,51.147029],[-113.9616297,51.1470289],[-113.9617154,51.1469485]]}",POINT (-113.96154328539355 51.14702889874306),"{""type"":""MultiPoint"",""coordinates"":[[-114.1402233,51.1735738],[-114.1402229,51.1734434],[-114.1402235,51.1736142],[-114.1402232,51.1735333],[-114.1402236,51.1736636],[-114.1402231,51.1734928],[-114.1400895,51.1735346],[-114.1401008,51.1736602],[-114.140093,51.1734901],[-114.1400989,51.1736203],[-114.1400896,51.1735792],[-114.1400929,51.1734536]]}",POINT (-114.14022333709018 51.17357375362779),a,CITYSCAPE BV NE,24
BP2018-03487,Completed,2018-04-02,2018,2018-04-12,2018-09-25,2018,Commercial / Multi Family Project,Building,1606 - Ths Townhouse,Townhouse,Residential,New,New,New,New - Cityscape - Part 9 Group C - 6 unit Townhouse,MATTAMY HOMES CALGARY,,,6,"$737,010",,266 CITYSCAPE BV NE,CSC,CITYSCAPE,51.1473167,-113.9619522,7,Titled Parcel;Titled Parcel;Titled Parcel;Titled Parcel;Titled Parcel;Titled Parcel;Building,246 CITYSCAPE BV NE;254 CITYSCAPE BV NE;258 CITYSCAPE BV NE;250 CITYSCAPE BV NE;262 CITYSCAPE BV NE;266 CITYSCAPE BV NE;266 CITYSCAPE BV NE,"MULTIPOINT (-113.9619521752347 51.14731669886189,-113.96176428979786 51.147316637596475,-113.96167785049167 51.14731660930911,-113.96185072910419 51.147316665819964,-113.96159139689343 51.147316580953174,-113.96149030806892 51.14731654771599,-113.96150223129325 51.14739822192775)","{""type"":""MultiPoint"",""coordinates"":[[-113.9619522,51.1473167],[-113.9617643,51.1473166],[-113.9616779,51.1473166],[-113.9618507,51.1473167],[-113.9615914,51.1473166],[-113.9614903,51.1473165],[-113.9615022,51.1473982]]}",POINT (-113.9619521752347 51.14731669886189),"{""type"":""MultiPoint"",""coordinates"":[[-114.2103676,51.0350909],[-114.2102888,51.0351739],[-114.2102839,51.0350939],[-114.2102845,51.0352209],[-114.2102844,51.0351923],[-114.2102854,51.0351581],[-114.2102841,51.0351231],[-114.2102858,51.0352587]]}",POINT (-114.21036756219307 51.035090915357614),a,CITYSCAPE BV NE,24
BP2017-15586,Completed,2017-11-28,2017,2017-12-04,2018-07-23,2018,Commercial / Multi Family Project,Building,1606 - Ths Townhouse,Townhouse,Residential,New,New,New,New - Cityscape Phase 7 - Part 9 Group C - 4 Unit Townhouse,MATTAMY HOMES CALGARY,,,4,"$672,400",,218 CITYSCAPE BV NE,CSC,CITYSCAPE,51.14731692,-113.9626377,5,Titled Parcel;Titled Parcel;Titled Parcel;Titled Parcel;Building,218 CITYSCAPE BV NE;214 CITYSCAPE BV NE;9 CITYSCAPE VW NE;210 CITYSCAPE BV NE;218 CITYSCAPE BV NE,"MULTIPOINT (-113.96263765837749 51.147316919824156,-113.96273590305363 51.14731695116374,-113.96301658760753 51.147370977694784,-113.9628223423615 51.147316978669224,-113.96264603682972 51.147401469450685)","{""type"":""MultiPoint"",""coordinates"":[[-113.9626377,51.1473169],[-113.9627359,51.147317],[-113.9630166,51.147371],[-113.9628223,51.147317],[-113.962646,51.1474015]]}",POINT (-113.96263765837749 51.147316919824156),"{""type"":""MultiPoint"",""coordinates"":[[-114.0996951,51.1823711],[-114.0996401,51.1823801],[-114.0998052,51.182353],[-114.0995066,51.1824072],[-114.100925,51.1821139],[-114.0998856,51.182344],[-114.0997502,51.1823621],[-114.0995851,51.1823892],[-114.0998199,51.1824149],[-114.0998895,51.1824043],[-114.0995293,51.1824579],[-114.0995989,51.1824474],[-114.0997654,51.1824206],[-114.0996504,51.1824378],[-114.0997079,51.1824302]]}",POINT (-114.09969514245996 51.18237111089302),a,CITYSCAPE BV NE,24
BP2018-06111,Completed,2018-05-23,2018,2018-06-06,2018-12-07,2018,Commercial / Multi Family Project,Building,1606 - Ths Townhouse,Townhouse,Residential,New,New,New,New - Cityscape - Part 9 Group C - 4 unit townhouse,MATTAMY HOMES CALGARY,,,4,"$676,738",,221 CITYSCAPE BV NE,CSC,CITYSCAPE,51.14702922,-113.9625207,5,Titled Parcel;Titled Parcel;Titled Parcel;Titled Parcel;Building,221 CITYSCAPE BV NE;233 CITYSCAPE BV NE;229 CITYSCAPE BV NE;225 CITYSCAPE BV NE;221 CITYSCAPE BV NE,"MULTIPOINT (-113.96252068091604 51.14702921599966,-113.96223339491836 51.14702912359585,-113.96233389713875 51.14702915600203,-113.9624203502008 51.14702918380907,-113.96251089848569 51.146949169686)","{""type"":""MultiPoint"",""coordinates"":[[-113.9625207,51.1470292],[-113.9622334,51.1470291],[-113.9623339,51.1470292],[-113.9624204,51.1470292],[-113.9625109,51.1469492]]}",POINT (-113.96252068091604 51.14702921599966),"{""type"":""MultiPoint"",""coordinates"":[[-114.1147473,50.9065002],[-114.1146953,50.9061723]]}",POINT (-114.11474731175042 50.90650016198865),a,CITYSCAPE BV NE,24
BP2018-04683,Completed,2018-04-27,2018,2018-05-09,2018-10-23,2018,Commercial / Multi Family Project,Building,1606 - Ths Townhouse,Townhouse,Residential,New,New,New,New - Cityscape - Part 9 Group C - 4 Unit Townhouse,MATTAMY HOMES CALGARY,,MATTAMY HOMES CALGARY,4,"$492,120",,73 CITYSIDE HE NE,CSC,CITYSCAPE,51.14702931,-113.9628218,5,Titled Parcel;Titled Parcel;Titled Parcel;Titled Parcel;Building,209 CITYSCAPE BV NE;217 CITYSCAPE BV NE;73 CITYSIDE HE NE;213 CITYSCAPE BV NE;73 CITYSIDE HE NE,"MULTIPOINT (-113.96282177310778 51.14702931208687,-113.96263494645308 51.147029252556344,-113.96301351289453 51.14697993020848,-113.9627353200451 51.14702928457652,-113.96291310568385 51.14695064633813)","{""type"":""MultiPoint"",""coordinates"":[[-113.9628218,51.1470293],[-113.9626349,51.1470293],[-113.9630135,51.1469799],[-113.9627353,51.1470293],[-113.9629131,51.1469506]]}",POINT (-113.96282177310778 51.14702931208687),"{""type"":""MultiPoint"",""coordinates"":[[-114.1475394,51.0810482],[-114.1475098,51.0809616]]}",POINT (-114.14753943060578 51.0810481678935),a,CITYSIDE HE NE,24
BP2021-15748,Completed,2021-09-08,2021,2021-10-13,2022-12-08,2022,Commercial / Multi Family Project,Building,1606 - Ths Townhouse,Townhouse,Residential,New,New,New,8-Unit Residential Rowhouse - Building 10; located at 50 CORNERSTONE PS NE,TRUMAN HOMES 1995,,TRUMAN HOMES 1995,8,"$1,859,465",,#701 50 CORNERSTONE PS NE,CNS,CORNERSTONE,51.16422338,-113.9440814,10,Titled Parcel;Titled Parcel;Building;Building;Building;Building;Building;Building;Building;Building,50 CORNERSTONE PS NE;#700 50 CORNERSTONE PS NE;#707 50 CORNERSTONE PS NE;#702 50 CORNERSTONE PS NE;#705 50 CORNERSTONE PS NE;#704 50 CORNERSTONE PS NE;#703 50 CORNERSTONE PS NE;#706 50 CORNERSTONE PS NE;#701 50 CORNERSTONE PS NE;#708 50 CORNERSTONE PS NE,"MULTIPOINT (-113.9440813638201 51.16422338218834,-113.94313089204401 51.16446114705841,-113.94306150177255 51.164801520543094,-113.94305956142423 51.1645310780201,-113.94306276569829 51.16469234309261,-113.94306055914463 51.164638117061806,-113.94306063031073 51.16458031429869,-113.9430649731314 51.16474585894898,-113.94305963258023 51.16447328424547,-113.94306256100516 51.16485860469032)","{""type"":""MultiPoint"",""coordinates"":[[-113.9440814,51.1642234],[-113.9431309,51.1644611],[-113.9430615,51.1648015],[-113.9430596,51.1645311],[-113.9430628,51.1646923],[-113.9430606,51.1646381],[-113.9430606,51.1645803],[-113.943065,51.1647459],[-113.9430596,51.1644733],[-113.9430626,51.1648586]]}",POINT (-113.9440813638201 51.16422338218834),"{""type"":""MultiPoint"",""coordinates"":[[-114.1994991,51.0328418],[-114.2000036,51.0325995],[-114.2000051,51.0325352],[-114.200009,51.0326701]]}",POINT (-114.19949910873876 51.03284183863448),a,50 CORNERSTONE PS NE,25
BP2021-07285,Completed,2021-04-30,2021,2021-05-20,2022-07-05,2022,Commercial / Multi Family Project,Building,1606 - Ths Townhouse,Townhouse,Residential,New,New,New,Group C - Residential (8 Unit Rowhouse) Building 5,TRUMAN HOMES 1995,,TRUMAN HOMES 1995,8,"$1,261,282",,6323 128 AV NE,CNS,CORNERSTONE,51.16422338,-113.9440814,9,Titled Parcel;Building;Building;Building;Building;Building;Building;Building;Building,50 CORNERSTONE PS NE;6323 128 AV NE;6337 128 AV NE;6327 128 AV NE;6331 128 AV NE;6333 128 AV NE;6329 128 AV NE;6325 128 AV NE;6335 128 AV NE,"MULTIPOINT (-113.9440813638201 51.16422338218834,-113.94349624737157 51.165107546766116,-113.94304682359734 51.16511053810378,-113.94336913988674 51.16510819547956,-113.94323180953769 51.16510883909469,-113.94317790629738 51.16510953208949,-113.94330671565639 51.16510852482665,-113.9434309917681 51.16510822540432,-113.94311719823116 51.165109502587086)","{""type"":""MultiPoint"",""coordinates"":[[-113.9440814,51.1642234],[-113.9434962,51.1651075],[-113.9430468,51.1651105],[-113.9433691,51.1651082],[-113.9432318,51.1651088],[-113.9431779,51.1651095],[-113.9433067,51.1651085],[-113.943431,51.1651082],[-113.9431172,51.1651095]]}",POINT (-113.9440813638201 51.16422338218834),"{""type"":""MultiPoint"",""coordinates"":[[-114.1427665,51.0445989],[-114.1430523,51.0445668],[-114.142895,51.044567],[-114.1430539,51.0446211],[-114.1429006,51.0446222]]}",POINT (-114.14276645013092 51.044598937350756),a,128 AV NE,25
BP2021-15666,Completed,2021-09-07,2021,2021-10-13,2022-09-15,2022,Commercial / Multi Family Project,Building,1606 - Ths Townhouse,Townhouse,Residential,New,New,New,6-Unit Residential Rowhouse - Building 8; located at 50 CORNERSTONE PS NE,TRUMAN HOMES 1995,,TRUMAN HOMES 1995,6,"$1,396,291",,30 CORNERSTONE PS NE,CNS,CORNERSTONE,51.16422338,-113.9440814,8,Titled Parcel;Titled Parcel;Building;Building;Building;Building;Building;Building,50 CORNERSTONE PS NE;28 CORNERSTONE PS NE;32 CORNERSTONE PS NE;34 CORNERSTONE PS NE;36 CORNERSTONE PS NE;30 CORNERSTONE PS NE;40 CORNERSTONE PS NE;38 CORNERSTONE PS NE,"MULTIPOINT (-113.9440813638201 51.16422338218834,-113.94353246555444 51.164227613305854,-113.94364960293467 51.16428757614325,-113.94373244151667 51.16428832619025,-113.9438243776062 51.16428552068603,-113.94356334814168 51.164286105225656,-113.94399572739874 51.16428988186623,-113.94390835738882 51.164288410669144)","{""type"":""MultiPoint"",""coordinates"":[[-113.9440814,51.1642234],[-113.9435325,51.1642276],[-113.9436496,51.1642876],[-113.9437324,51.1642883],[-113.9438244,51.1642855],[-113.9435633,51.1642861],[-113.9439957,51.1642899],[-113.9439084,51.1642884]]}",POINT (-113.9440813638201 51.16422338218834),"{""type"":""MultiPoint"",""coordinates"":[[-113.9737277,50.8648606],[-113.9741703,50.8649473],[-113.9740921,50.8649397],[-113.9737433,50.8648825],[-113.9740139,50.8649263],[-113.973835,50.8649025],[-113.9739237,50.8649149]]}",POINT (-113.97372769544275 50.864860638580645),a,CORNERSTONE PS NE,25
BP2021-07282,Completed,2021-04-30,2021,2021-05-20,2022-06-20,2022,Commercial / Multi Family Project,Building,1606 - Ths Townhouse,Townhouse,Residential,New,New,New,Group C - Residential (8 Unit Rowhouse) Building 4,TRUMAN HOMES 1995,,TRUMAN HOMES 1995,8,"$1,258,704",,6303 128 AV NE,CNS,CORNERSTONE,51.16422338,-113.9440814,9,Titled Parcel;Building;Building;Building;Building;Building;Building;Building;Building,50 CORNERSTONE PS NE;6309 128 AV NE;6307 128 AV NE;6317 128 AV NE;6305 128 AV NE;6303 128 AV NE;6313 128 AV NE;6311 128 AV NE;6315 128 AV NE,"MULTIPOINT (-113.9440813638201 51.16422338218834,-113.94385033919036 51.16510021997049,-113.94391729707554 51.165098822750615,-113.94359554538552 51.16510723510209,-113.94397915024078 51.16509778262998,-113.94404043191936 51.165096391610916,-113.9437255015869 51.16510372883679,-113.94377997844732 51.165101615516804,-113.94366137507281 51.16510476772854)","{""type"":""MultiPoint"",""coordinates"":[[-113.9440814,51.1642234],[-113.9438503,51.1651002],[-113.9439173,51.1650988],[-113.9435955,51.1651072],[-113.9439792,51.1650978],[-113.9440404,51.1650964],[-113.9437255,51.1651037],[-113.94378,51.1651016],[-113.9436614,51.1651048]]}",POINT (-113.9440813638201 51.16422338218834),"{""type"":""MultiPoint"",""coordinates"":[[-113.9356883,51.1514224],[-113.9361422,51.1508955],[-113.9360661,51.1508933],[-113.9358154,51.1508903],[-113.9363044,51.150897],[-113.9362306,51.1508984],[-113.9359016,51.1508903],[-113.9363872,51.1508999],[-113.9359776,51.1508925]]}",POINT (-113.93568834933828 51.1514224315255),a,128 AV NE,25
BP2021-15667,Completed,2021-09-07,2021,2021-10-14,2022-11-03,2022,Commercial / Multi Family Project,Building,1606 - Ths Townhouse,Townhouse,Residential,New,New,New,8-Unit Residential Rowhouse - Building 9; located at 50 CORNERSTONE PS NE,TRUMAN HOMES 1995,,TRUMAN HOMES 1995,8,"$1,859,465",,#601 50 CORNERSTONE PS NE,CNS,CORNERSTONE,51.16422338,-113.9440814,10,Titled Parcel;Titled Parcel;Building;Building;Building;Building;Building;Building;Building;Building,50 CORNERSTONE PS NE;#600 50 CORNERSTONE PS NE;#602 50 CORNERSTONE PS NE;#607 50 CORNERSTONE PS NE;#603 50 CORNERSTONE PS NE;#601 50 CORNERSTONE PS NE;#605 50 CORNERSTONE PS NE;#608 50 CORNERSTONE PS NE;#606 50 CORNERSTONE PS NE;#604 50 CORNERSTONE PS NE,"MULTIPOINT (-113.9440813638201 51.16422338218834,-113.94329537056596 51.16446122689851,-113.94337892881295 51.16452838334162,-113.94338238425345 51.16480072338708,-113.94337980838534 51.16458071193037,-113.94337993796681 51.16447486904607,-113.94338156946341 51.16469547335992,-113.94338325801293 51.16485780744158,-113.9433815097697 51.16474423264185,-113.94337973996242 51.16463659992108)","{""type"":""MultiPoint"",""coordinates"":[[-113.9440814,51.1642234],[-113.9432954,51.1644612],[-113.9433789,51.1645284],[-113.9433824,51.1648007],[-113.9433798,51.1645807],[-113.9433799,51.1644749],[-113.9433816,51.1646955],[-113.9433833,51.1648578],[-113.9433815,51.1647442],[-113.9433797,51.1646366]]}",POINT (-113.9440813638201 51.16422338218834),,,,50 CORNERSTONE PS NE,25
BP2021-15664,Completed,2021-09-07,2021,2021-10-14,2022-08-17,2022,Commercial / Multi Family Project,Building,1606 - Ths Townhouse,Townhouse,Residential,New,New,New,8-Unit Residential Rowhouse - Building 6; located at 50 CORNERSTONE PS NE.,TRUMAN HOMES 1995,,TRUMAN HOMES 1995,8,"$1,904,125",,#401 50 CORNERSTONE PS NE,CNS,CORNERSTONE,51.16446602,-113.9439216,10,Titled Parcel;Titled Parcel;Building;Building;Building;Building;Building;Building;Building;Building,#400 50 CORNERSTONE PS NE;50 CORNERSTONE PS NE;#403 50 CORNERSTONE PS NE;#404 50 CORNERSTONE PS NE;#402 50 CORNERSTONE PS NE;#406 50 CORNERSTONE PS NE;#407 50 CORNERSTONE PS NE;#405 50 CORNERSTONE PS NE;#401 50 CORNERSTONE PS NE;#408 50 CORNERSTONE PS NE,"MULTIPOINT (-113.9439215959347 51.164466023534885,-113.9440813638201 51.16422338218834,-113.94398563251112 51.16458572308655,-113.94398782758059 51.1646385197565,-113.94398645423622 51.164532918871025,-113.94398769102789 51.164751266608114,-113.9439861292866 51.16480121179099,-113.94398699778722 51.164697985222645,-113.94398424661784 51.16447868386626,-113.94398755333107 51.16486495735954)","{""type"":""MultiPoint"",""coordinates"":[[-113.9439216,51.164466],[-113.9440814,51.1642234],[-113.9439856,51.1645857],[-113.9439878,51.1646385],[-113.9439865,51.1645329],[-113.9439877,51.1647513],[-113.9439861,51.1648012],[-113.943987,51.164698],[-113.9439842,51.1644787],[-113.9439876,51.164865]]}",POINT (-113.9439215959347 51.164466023534885),,,,50 CORNERSTONE PS NE,25
BP2021-07269,Completed,2021-04-30,2021,2021-05-20,2022-05-25,2022,Commercial / Multi Family Project,Building,1606 - Ths Townhouse,Townhouse,Residential,New,New,New,Group C - Residential (7 Unit Rowhouse),TRUMAN HOMES 1995,,TRUMAN HOMES 1995,7,"$1,452,848",,#201 50 CORNERSTONE PS NE,CNS,CORNERSTONE,51.16422338,-113.9440814,8,Titled Parcel;Building;Building;Building;Building;Building;Building;Building,50 CORNERSTONE PS NE;#203 50 CORNERSTONE PS NE;#201 50 CORNERSTONE PS NE;#207 50 CORNERSTONE PS NE;#204 50 CORNERSTONE PS NE;#202 50 CORNERSTONE PS NE;#206 50 CORNERSTONE PS NE;#205 50 CORNERSTONE PS NE,"MULTIPOINT (-113.9440813638201 51.16422338218834,-113.94430328816912 51.16467497016774,-113.94430623438252 51.1645792328781,-113.9443077714997 51.16487000954304,-113.94430416807556 51.16472789205841,-113.94430522844168 51.164630967251405,-113.94430594938362 51.164815891595225,-113.9443060030905 51.1647712944716)","{""type"":""MultiPoint"",""coordinates"":[[-113.9440814,51.1642234],[-113.9443033,51.164675],[-113.9443062,51.1645792],[-113.9443078,51.16487],[-113.9443042,51.1647279],[-113.9443052,51.164631],[-113.9443059,51.1648159],[-113.944306,51.1647713]]}",POINT (-113.9440813638201 51.16422338218834),,,,50 CORNERSTONE PS NE,25
BP2021-15665,Completed,2021-09-07,2021,2021-10-13,2022-09-09,2022,Commercial / Multi Family Project,Building,1606 - Ths Townhouse,Townhouse,Residential,New,New,New,7-Unit Residential Rowhouse - Building 7; located at 50 CORNERSTONE PS NE,TRUMAN HOMES 1995,,TRUMAN HOMES 1995,7,"$1,633,923",,#501 50 CORNERSTONE PS NE,CNS,CORNERSTONE,51.16422338,-113.9440814,9,Titled Parcel;Titled Parcel;Building;Building;Building;Building;Building;Building;Building,50 CORNERSTONE PS NE;#500 50 CORNERSTONE PS NE;#505 50 CORNERSTONE PS NE;#501 50 CORNERSTONE PS NE;#502 50 CORNERSTONE PS NE;#503 50 CORNERSTONE PS NE;#504 50 CORNERSTONE PS NE;#506 50 CORNERSTONE PS NE;#507 50 CORNERSTONE PS NE,"MULTIPOINT (-113.9440813638201 51.16422338218834,-113.94375022935849 51.16447493081233,-113.94366393353181 51.16470638814432,-113.94366041877112 51.16448138703873,-113.94366110468951 51.16454036779854,-113.94366482689158 51.164595079984316,-113.94366400537847 51.1646474077511,-113.94366538069094 51.164762528571124,-113.94366455570403 51.164817706021545)","{""type"":""MultiPoint"",""coordinates"":[[-113.9440814,51.1642234],[-113.9437502,51.1644749],[-113.9436639,51.1647064],[-113.9436604,51.1644814],[-113.9436611,51.1645404],[-113.9436648,51.1645951],[-113.943664,51.1646474],[-113.9436654,51.1647625],[-113.9436646,51.1648177]]}",POINT (-113.9440813638201 51.16422338218834),,,,50 CORNERSTONE PS NE,25
BP2021-07268,Completed,2021-04-30,2021,2021-05-20,2022-05-25,2022,Commercial / Multi Family Project,Building,1606 - Ths Townhouse,Townhouse,Residential,New,New,New,Group C - Residential (4 unit rowhouse),TRUMAN HOMES 1995,,TRUMAN HOMES 1995,4,"$795,561",,#301 50 CORNERSTONE PS NE,CNS,CORNERSTONE,51.16422338,-113.9440814,5,Titled Parcel;Building;Building;Building;Building,50 CORNERSTONE PS NE;#303 50 CORNERSTONE PS NE;#301 50 CORNERSTONE PS NE;#302 50 CORNERSTONE PS NE;#304 50 CORNERSTONE PS NE,"MULTIPOINT (-113.9440813638201 51.16422338218834,-113.94431135988627 51.165036506670994,-113.94430957999948 51.164947311528394,-113.94430952629573 51.16499190865065,-113.94431130045768 51.16508585926066)","{""type"":""MultiPoint"",""coordinates"":[[-113.9440814,51.1642234],[-113.9443114,51.1650365],[-113.9443096,51.1649473],[-113.9443095,51.1649919],[-113.9443113,51.1650859]]}",POINT (-113.9440813638201 51.16422338218834),,,,50 CORNERSTONE PS NE,25
BP2021-15751,Completed,2021-09-08,2021,2021-10-13,2023-01-17,2023,Commercial / Multi Family Project,Building,1606 - Ths Townhouse,Townhouse,Residential,New,New,New,6-Unit Residential Rowhouse - Building 13; located at 1219 CORNERSTONE ST NE,TRUMAN HOMES 1995,,TRUMAN HOMES 1995,6,"$1,255,061",,1221 CORNERSTONE ST NE,CNS,CORNERSTONE,51.16463171,-113.9426351,8,Titled Parcel;Titled Parcel;Building;Building;Building;Building;Building;Building,1219 CORNERSTONE ST NE;50 CORNERSTONE PS NE;1227 CORNERSTONE ST NE;1223 CORNERSTONE ST NE;1229 CORNERSTONE ST NE;1231 CORNERSTONE ST NE;1225 CORNERSTONE ST NE;1221 CORNERSTONE ST NE,"MULTIPOINT (-113.9426351428901 51.16463170644243,-113.9440813638201 51.16422338218834,-113.94273920130709 51.164792796193204,-113.94273819372005 51.1646943241864,-113.94273802055065 51.16483418349579,-113.9427413562488 51.16488841008358,-113.94274039619663 51.164739992170716,-113.94273825468183 51.16464508845879)","{""type"":""MultiPoint"",""coordinates"":[[-113.9426351,51.1646317],[-113.9440814,51.1642234],[-113.9427392,51.1647928],[-113.9427382,51.1646943],[-113.942738,51.1648342],[-113.9427414,51.1648884],[-113.9427404,51.16474],[-113.9427383,51.1646451]]}",POINT (-113.9426351428901 51.16463170644243),"{""type"":""MultiPoint"",""coordinates"":[[-114.1675256,51.1751335],[-114.1676062,51.1751334],[-114.1677674,51.1751376],[-114.1678521,51.1751375],[-114.1676869,51.1751378],[-114.1674385,51.1751336],[-114.1678373,51.1752455],[-114.1676013,51.1752459],[-114.1675197,51.1752446],[-114.1677557,51.1752457],[-114.1676818,51.1752429],[-114.1674391,51.1752461]]}",POINT (-114.16752564103389 51.175133488387814),a,CORNERSTONE ST NE,25
BP2021-15749,Completed,2021-09-08,2021,2021-10-13,2022-12-14,2022,Commercial / Multi Family Project,Building,1606 - Ths Townhouse,Townhouse,Residential,New,New,New,5-Unit Residential Rowhouse - Building 11; located at 50 CORNERSTONE PS NE,TRUMAN HOMES 1995,,TRUMAN HOMES 1995,5,"$1,164,743",,16 CORNERSTONE PS NE,CNS,CORNERSTONE,51.16422287,-113.9430277,6,Titled Parcel;Building;Building;Building;Building;Building,14 CORNERSTONE PS NE;22 CORNERSTONE PS NE;16 CORNERSTONE PS NE;18 CORNERSTONE PS NE;24 CORNERSTONE PS NE;20 CORNERSTONE PS NE,"MULTIPOINT (-113.9430276572602 51.16422287377884,-113.94331936385736 51.164284557929896,-113.9430549298391 51.16428656902383,-113.94314686420873 51.164285193389524,-113.943413553726 51.16428603286585,-113.94322743035478 51.16428523251537)","{""type"":""MultiPoint"",""coordinates"":[[-113.9430277,51.1642229],[-113.9433194,51.1642846],[-113.9430549,51.1642866],[-113.9431469,51.1642852],[-113.9434136,51.164286],[-113.9432274,51.1642852]]}",POINT (-113.9430276572602 51.16422287377884),"{""type"":""MultiPoint"",""coordinates"":[[-113.9465859,50.8937227],[-113.9467511,50.8937228],[-113.9466639,50.8937228],[-113.946508,50.8937227],[-113.9463471,50.8937226],[-113.94643,50.8937227],[-113.9465032,50.893672],[-113.9464295,50.893673],[-113.9463513,50.8936734],[-113.9467402,50.8936669],[-113.9466612,50.893665],[-113.946583,50.8936654]]}",POINT (-113.94658593084223 50.8937227263218),a,CORNERSTONE PS NE,25
BP2021-15753,Completed,2021-09-08,2021,2021-10-14,2022-12-29,2022,Commercial / Multi Family Project,Building,1606 - Ths Townhouse,Townhouse,Residential,New,New,New,7-Unit Residential Rowhouse - Building 14; located at 1201 CORNERSTONE ST NE,TRUMAN HOMES 1995,,TRUMAN HOMES 1995,7,"$1,458,863",,1203 CORNERSTONE ST NE,CNS,CORNERSTONE,51.16424965,-113.9426358,9,Titled Parcel;Titled Parcel;Building;Building;Building;Building;Building;Building;Building,1201 CORNERSTONE ST NE;50 CORNERSTONE PS NE;1215 CORNERSTONE ST NE;1207 CORNERSTONE ST NE;1213 CORNERSTONE ST NE;1203 CORNERSTONE ST NE;1211 CORNERSTONE ST NE;1205 CORNERSTONE ST NE;1209 CORNERSTONE ST NE,"MULTIPOINT (-113.94263578835172 51.1642496509301,-113.9440813638201 51.16422338218834,-113.94273721423629 51.16456161100067,-113.9427351805287 51.16437965254665,-113.94273727519884 51.16451237527195,-113.94272963431725 51.16427475977292,-113.94273507538517 51.16446456777445,-113.94273524503267 51.1643275581415,-113.94273853385504 51.164419612733234)","{""type"":""MultiPoint"",""coordinates"":[[-113.9426358,51.1642497],[-113.9440814,51.1642234],[-113.9427372,51.1645616],[-113.9427352,51.1643797],[-113.9427373,51.1645124],[-113.9427296,51.1642748],[-113.9427351,51.1644646],[-113.9427352,51.1643276],[-113.9427385,51.1644196]]}",POINT (-113.94263578835172 51.1642496509301),"{""type"":""MultiPoint"",""coordinates"":[[-113.9371295,51.1538234],[-113.9366243,51.1532164],[-113.9368702,51.1537576],[-113.9366365,51.1537596],[-113.9370291,51.1537584],[-113.9365593,51.1537589],[-113.9371108,51.1537578],[-113.936784,51.153759],[-113.9367159,51.1537597],[-113.9369485,51.1537584]]}",POINT (-113.937129500818 51.15382342946679),a,CORNERSTONE ST NE,25
BP2021-15750,Completed,2021-09-08,2021,2021-10-13,2023-01-24,2023,Commercial / Multi Family Project,Building,1606 - Ths Townhouse,Townhouse,Residential,New,New,New,3-Unit Residential Rowhouse - Building 12; located at 128 AV NE,TRUMAN HOMES 1995,,TRUMAN HOMES 1995,3,"$601,354",,6343 128 AV NE,CNS,CORNERSTONE,51.16513973,-113.9428696,5,Titled Parcel;Titled Parcel;Building;Building;Building,6341 128 AV NE;50 CORNERSTONE PS NE;6345 128 AV NE;6347 128 AV NE;6343 128 AV NE,"MULTIPOINT (-113.94286962453054 51.16513973066063,-113.9440813638201 51.16422338218834,-113.94285399455782 51.16503766468937,-113.94279388126951 51.16500766415665,-113.9429084330711 51.16506658367604)","{""type"":""MultiPoint"",""coordinates"":[[-113.9428696,51.1651397],[-113.9440814,51.1642234],[-113.942854,51.1650377],[-113.9427939,51.1650077],[-113.9429084,51.1650666]]}",POINT (-113.94286962453054 51.16513973066063),,,,128 AV NE,25
BP2022-03535,Completed,2022-03-09,2022,2022-04-26,2022-11-30,2022,Commercial / Multi Family Project,Building,1706 - Rhs Rowhouse,Unspecified,Residential,New,New,New,Group C (Division B 9.10.15),GENESIS BUILDERS GROUP,,GENESIS BUILDERS GROUP,3,"$667,913",,230 ALPINE AV SW,ALP,ALPINE PARK,50.91606622,-114.1410294,6,Titled Parcel;Titled Parcel;Titled Parcel;Building;Building;Building,230 ALPINE AV SW;222 ALPINE AV SW;226 ALPINE AV SW;226 ALPINE AV SW;230 ALPINE AV SW;222 ALPINE AV SW,"MULTIPOINT (-114.14102943718058 50.9160662169938,-114.14085211273344 50.91606643103051,-114.1409407820679 50.916066324037224,-114.14093591351292 50.9161306259478,-114.14095097381032 50.91613060776917,-114.14092086458594 50.91612970016733)","{""type"":""MultiPoint"",""coordinates"":[[-114.1410294,50.9160662],[-114.1408521,50.9160664],[-114.1409408,50.9160663],[-114.1409359,50.9161306],[-114.140951,50.9161306],[-114.1409209,50.9161297]]}",POINT (-114.14102943718058 50.9160662169938),"{""type"":""MultiPoint"",""coordinates"":[[-114.1994991,51.0328418],[-114.2010428,51.0330654],[-114.2011143,51.033122],[-114.2009747,51.0330131]]}",POINT (-114.19949910873876 51.03284183863448),a,ALPINE AV SW,26
BP2023-02395,Completed,2023-02-27,2023,2023-03-14,2023-10-25,2023,Commercial / Multi Family Project,Building,1706 - Rhs Rowhouse,Unspecified,Residential,New,New,New,New 4-Unit Rowhouse (Bldg 4),GENESIS BUILDERS GROUP,,GENESIS BUILDERS GROUP,4,"$971,431",,290 ALPINE AV SW,ALP,ALPINE PARK,50.91606443,-114.142504,4,Titled Parcel;Titled Parcel;Titled Parcel;Titled Parcel,298 ALPINE AV SW;290 ALPINE AV SW;294 ALPINE AV SW;302 ALPINE AV SW,"MULTIPOINT (-114.1425040358552 50.916064426671646,-114.14233952474811 50.91606462732881,-114.14242604666877 50.91606452182536,-114.14259055777487 50.916064321046306)","{""type"":""MultiPoint"",""coordinates"":[[-114.142504,50.9160644],[-114.1423395,50.9160646],[-114.142426,50.9160645],[-114.1425906,50.9160643]]}",POINT (-114.1425040358552 50.916064426671646),"{""type"":""MultiPoint"",""coordinates"":[[-113.9324612,51.1532095],[-113.9318536,51.1540097],[-113.9319387,51.1540104],[-113.9316789,51.1540096],[-113.9317719,51.1540096]]}",POINT (-113.93246117296273 51.153209536773105),a,ALPINE AV SW,26
BP2023-01310,Completed,2023-02-02,2023,2023-03-07,2023-09-25,2023,Commercial / Multi Family Project,Building,1706 - Rhs Rowhouse,Unspecified,Residential,New,New,New,New 4-Unit Rowhouse (Bldg 6),GENESIS BUILDERS GROUP,,GENESIS BUILDERS GROUP,4,"$961,272",,274 ALPINE AV SW,ALP,ALPINE PARK,50.91606527,-114.1418133,4,Titled Parcel;Titled Parcel;Titled Parcel;Titled Parcel,266 ALPINE AV SW;262 ALPINE AV SW;274 ALPINE AV SW;270 ALPINE AV SW,"MULTIPOINT (-114.14181333948638 50.91606526757017,-114.14172474126337 50.91606537513973,-114.14197785059946 50.91606506765435,-114.1418913286761 50.9160651728257)","{""type"":""MultiPoint"",""coordinates"":[[-114.1418133,50.9160653],[-114.1417247,50.9160654],[-114.1419779,50.9160651],[-114.1418913,50.9160652]]}",POINT (-114.14181333948638 50.91606526757017),"{""type"":""MultiPoint"",""coordinates"":[[-114.0473691,51.1530531],[-114.0476667,51.1538276],[-114.0476712,51.1537858],[-114.0476712,51.1537448],[-114.0476698,51.1538742],[-114.0476711,51.153702],[-114.0476711,51.1536583]]}",POINT (-114.04736909265891 51.15305313633793),a,ALPINE AV SW,26
BP2023-02544,Completed,2023-03-02,2023,2023-03-17,2023-10-17,2023,Commercial / Multi Family Project,Building,1706 - Rhs Rowhouse,Unspecified,Residential,New,New,New,New 4-Plex Rowhouse (Bldg 2),GENESIS BUILDERS GROUP,,GENESIS BUILDERS GROUP,4,"$969,275",,318 ALPINE AV SW,ALP,ALPINE PARK,50.91606388,-114.1429537,4,Titled Parcel;Titled Parcel;Titled Parcel;Titled Parcel,318 ALPINE AV SW;330 ALPINE AV SW;326 ALPINE AV SW;322 ALPINE AV SW,"MULTIPOINT (-114.14295372513646 50.91606387699484,-114.14320777305156 50.91606356569431,-114.14311826467895 50.91606367543749,-114.14304026127463 50.91606377101886)","{""type"":""MultiPoint"",""coordinates"":[[-114.1429537,50.9160639],[-114.1432078,50.9160636],[-114.1431183,50.9160637],[-114.1430403,50.9160638]]}",POINT (-114.14295372513646 50.91606387699484),"{""type"":""MultiPoint"",""coordinates"":[[-113.9571281,51.1669707],[-113.957203,51.1669707],[-113.9570627,51.1669707],[-113.9568667,51.1669706],[-113.9567859,51.1669706],[-113.956932,51.1669706],[-113.9569974,51.1669707],[-113.9570662,51.1670609],[-113.9569946,51.1670608],[-113.9569313,51.1670608],[-113.956807,51.1670608],[-113.9568618,51.1670608],[-113.9571337,51.1670609],[-113.9571885,51.1670609]]}",POINT (-113.95712809211878 51.16697070266432),a,ALPINE AV SW,26
BP2023-02546,Completed,2023-03-02,2023,2023-03-17,2023-10-27,2023,Commercial / Multi Family Project,Building,1706 - Rhs Rowhouse,Unspecified,Residential,New,New,New,New 3-Plex Rowhouse (Bldg 1),GENESIS BUILDERS GROUP,,GENESIS BUILDERS GROUP,3,"$723,869",,342 ALPINE AV SW,ALP,ALPINE PARK,50.91606794,-114.1433099,4,Titled Parcel;Titled Parcel;Titled Parcel;Building,334 ALPINE AV SW;342 ALPINE AV SW;338 ALPINE AV SW;342 ALPINE AV SW,"MULTIPOINT (-114.14330990945297 50.91606793535348,-114.14349870961875 50.91607669341977,-114.1434004697964 50.91607231914042,-114.14347029849053 50.916151668453736)","{""type"":""MultiPoint"",""coordinates"":[[-114.1433099,50.9160679],[-114.1434987,50.9160767],[-114.1434005,50.9160723],[-114.1434703,50.9161517]]}",POINT (-114.14330990945297 50.91606793535348),"{""type"":""MultiPoint"",""coordinates"":[[-114.1475958,51.0812863],[-114.1474792,51.0811733],[-114.1472801,51.0812211],[-114.1470771,51.0811745],[-114.1473341,51.0811714],[-114.1471507,51.081222],[-114.1470105,51.0812264],[-114.1474008,51.0812187],[-114.1475589,51.0812215],[-114.1472049,51.0811774],[-114.1469299,51.0811761]]}",POINT (-114.14759577704847 51.08128632337002),a,ALPINE AV SW,26
BP2023-01459,Completed,2023-02-06,2023,2023-03-07,2023-09-25,2023,Commercial / Multi Family Project,Building,1706 - Rhs Rowhouse,Unspecified,Residential,New,New,New,New 3-Unit Rowhouse (Bldg 5),GENESIS BUILDERS GROUP,,GENESIS BUILDERS GROUP,3,"$690,076",,286 ALPINE AV SW,ALP,ALPINE PARK,50.91606495,-114.1420714,6,Titled Parcel;Titled Parcel;Titled Parcel;Building;Building;Building,278 ALPINE AV SW;282 ALPINE AV SW;286 ALPINE AV SW;286 ALPINE AV SW;278 ALPINE AV SW;282 ALPINE AV SW,"MULTIPOINT (-114.1420713978066 50.91606495387132,-114.14215793395009 50.91606484854924,-114.14224445587185 50.91606474318035,-114.14217466429686 50.91612286721778,-114.14213854453577 50.91612363038667,-114.14215548203396 50.91612360976757)","{""type"":""MultiPoint"",""coordinates"":[[-114.1420714,50.916065],[-114.1421579,50.9160648],[-114.1422445,50.9160647],[-114.1421747,50.9161229],[-114.1421385,50.9161236],[-114.1421555,50.9161236]]}",POINT (-114.1420713978066 50.91606495387132),,,,ALPINE AV SW,26
BP2022-05829,Completed,2022-04-12,2022,2022-06-29,2022-12-28,2022,Commercial / Multi Family Project,Building,1606 - Ths Townhouse,Townhouse,Residential,New,New,New,3 Unit Residential Rowhouse - Bldg 3,GENESIS BUILDERS GROUP,,GENESIS BUILDERS GROUP,3,"$706,968",,254 ALPINE AV SW,ALP,ALPINE PARK,50.91606555,-114.1415826,3,Titled Parcel;Titled Parcel;Titled Parcel,254 ALPINE AV SW;246 ALPINE AV SW;250 ALPINE AV SW,"MULTIPOINT (-114.1415826427961 50.91606554752506,-114.14140538946184 50.91606576231577,-114.14149405879292 50.91606565490235)","{""type"":""MultiPoint"",""coordinates"":[[-114.1415826,50.9160655],[-114.1414054,50.9160658],[-114.1414941,50.9160657]]}",POINT (-114.1415826427961 50.91606554752506),,,,ALPINE AV SW,26
BP2021-20544,Completed,2021-12-01,2021,2022-02-08,2022-08-12,2022,Commercial / Multi Family Project,Building,1706 - Rhs Rowhouse,Unspecified,Residential,New,New,New,"3 unit, 3 Storey Part 9",GENESIS BUILDERS GROUP,,GENESIS BUILDERS GROUP,3,"$613,179",,234 ALPINE AV SW,ALP,ALPINE PARK,50.91606599,-114.1412174,3,Titled Parcel;Titled Parcel;Titled Parcel,238 ALPINE AV SW;242 ALPINE AV SW;234 ALPINE AV SW,"MULTIPOINT (-114.14121741332244 50.916065989806086,-114.14130606843342 50.91606588255262,-114.14112874398967 50.91606609700943)","{""type"":""MultiPoint"",""coordinates"":[[-114.1412174,50.916066],[-114.1413061,50.9160659],[-114.1411287,50.9160661]]}",POINT (-114.14121741332244 50.916065989806086),,,,ALPINE AV SW,26
BP2019-16767,Completed,2019-12-11,2019,2020-04-01,2020-12-22,2020,Commercial / Multi Family Project,Building,1706 - Rhs Rowhouse,Unspecified,Residential,New,New,New,3 Unit Rowhouse with Secondary Suites,,0,,3,"$575,673",,2002 6 AV NW,WHL,WEST HILLHURST,51.0582997,-114.1061457,4,Titled Parcel;Building;Building;Building,2008 6 AV NW;2006 6 AV NW;2002 6 AV NW;2004 6 AV NW,"MULTIPOINT (-114.10614570106783 51.05829969943597,-114.10600748211412 51.05834647249945,-114.10577252210233 51.05834459973225,-114.10589802705168 51.05834596940098)","{""type"":""MultiPoint"",""coordinates"":[[-114.1061457,51.0582997],[-114.1060075,51.0583465],[-114.1057725,51.0583446],[-114.105898,51.058346]]}",POINT (-114.10614570106783 51.05829969943597),"{""type"":""MultiPoint"",""coordinates"":[[-114.2000431,51.0332572],[-114.2004719,51.0337225],[-114.2004903,51.0336722],[-114.2004534,51.0337739]]}",POINT (-114.20004307600422 51.033257152777),a,6 AV NW,27
BP2019-07674,Completed,2019-06-17,2019,2019-09-03,2020-07-23,2020,Commercial / Multi Family Project,Building,1706 - Rhs Rowhouse,Unspecified,Residential,New,New,New,New Group C 3 unit rowhouse with basement secondary suites,SUNSTAR HOMES,,,3,"$728,074",,2005 6 AV NW,WHL,WEST HILLHURST,51.05799892,-114.1057298,4,Titled Parcel;Building;Building;Building,621 19 ST NW;2005 6 AV NW;2003 6 AV NW;623 19 ST NW,"MULTIPOINT (-114.1057298105399 51.05799892088617,-114.10608111782848 51.05804090819702,-114.10591994042683 51.058034509844916,-114.10578124080662 51.05803285548064)","{""type"":""MultiPoint"",""coordinates"":[[-114.1057298,51.0579989],[-114.1060811,51.0580409],[-114.1059199,51.0580345],[-114.1057812,51.0580329]]}",POINT (-114.1057298105399 51.05799892088617),,,,6 AV NW,27
BP2021-12337,Completed,2021-07-13,2021,2021-11-02,2022-01-27,2022,Commercial / Multi Family Project,Building,1706 - Rhs Rowhouse,Unspecified,Residential,New,New,New,"4 -Unit Residential Rowhouse; located at 231, 235, 239 & 243 LUCAS BV N",,DAYTONA HOMES CALGARY LP,DAYTONA HOMES CALGARY LP,4,"$821,043",,231 LUCAS BV NW,LIV,LIVINGSTON,51.18676641,-114.0765973,4,Titled Parcel;Titled Parcel;Titled Parcel;Titled Parcel,231 LUCAS BV NW;243 LUCAS BV NW;235 LUCAS BV NW;239 LUCAS BV NW,"MULTIPOINT (-114.07659725364367 51.18676640764582,-114.07674851030463 51.186896656498085,-114.0766489670865 51.18681132135642,-114.0766952517913 51.18685174384486)","{""type"":""MultiPoint"",""coordinates"":[[-114.0765973,51.1867664],[-114.0767485,51.1868967],[-114.076649,51.1868113],[-114.0766953,51.1868517]]}",POINT (-114.07659725364367 51.18676640764582),"{""type"":""MultiPoint"",""coordinates"":[[-113.9559411,51.1672624],[-113.9547527,51.1673439],[-113.9546375,51.1675179],[-113.9547556,51.1674562],[-113.9546391,51.167459],[-113.954757,51.1675703],[-113.9547557,51.1674038],[-113.9546362,51.1672906],[-113.9547497,51.1672897],[-113.9546377,51.1673457],[-113.954636,51.1675741],[-113.9547571,51.1675161],[-113.9546361,51.1674057]]}",POINT (-113.95594111322913 51.167262421853316),,LUCAS BV NW,28
BP2021-04605,Completed,2021-03-24,2021,2021-04-30,2021-09-27,2021,Commercial / Multi Family Project,Building,1706 - Rhs Rowhouse,Unspecified,Residential,New,New,New,Group C  Residential - 3 Unit Rowhouse,,DAYTONA HOMES CALGARY LP,DAYTONA HOMES CALGARY LP,3,"$601,215",,207 LUCAS BV NW,LIV,LIVINGSTON,51.18651037,-114.0763506,3,Titled Parcel;Titled Parcel;Titled Parcel,211 LUCAS BV NW;215 LUCAS BV NW;207 LUCAS BV NW,"MULTIPOINT (-114.07635062298398 51.18651036765238,-114.07639431859837 51.18655978146675,-114.07629605565215 51.186451971395265)","{""type"":""MultiPoint"",""coordinates"":[[-114.0763506,51.1865104],[-114.0763943,51.1865598],[-114.0762961,51.186452]]}",POINT (-114.07635062298398 51.18651036765238),"{""type"":""MultiPoint"",""coordinates"":[[-113.9286302,50.9136528],[-113.9284027,50.9135185],[-113.9285083,50.9135555],[-113.9284617,50.9135392],[-113.9285684,50.9135766],[-113.9286316,50.9135987]]}",POINT (-113.92863021799366 50.91365284565087),a,LUCAS BV NW,28
BP2021-13916,Completed,2021-08-09,2021,2021-08-26,2022-05-27,2022,Commercial / Multi Family Project,Building,1706 - Rhs Rowhouse,Unspecified,Residential,New,New,New,Part 9 Rowhouse,,DAYTONA HOMES CALGARY LP,DAYTONA HOMES CALGARY LP,4,"$766,215",,259 LUCAS BV NW,LIV,LIVINGSTON,51.18713919,-114.0770284,4,Titled Parcel;Titled Parcel;Titled Parcel;Titled Parcel,263 LUCAS BV NW;267 LUCAS BV NW;271 LUCAS BV NW;259 LUCAS BV NW,"MULTIPOINT (-114.07702843798398 51.187139189449475,-114.07707487320222 51.18717511692926,-114.07712725307776 51.18722452474378,-114.0769751571273 51.18708978218277)","{""type"":""MultiPoint"",""coordinates"":[[-114.0770284,51.1871392],[-114.0770749,51.1871751],[-114.0771273,51.1872245],[-114.0769752,51.1870898]]}",POINT (-114.07702843798398 51.187139189449475),"{""type"":""MultiPoint"",""coordinates"":[[-113.952779,51.1693513],[-113.9527768,51.1691894],[-113.9527765,51.1692748],[-113.9527753,51.1692344],[-113.9527786,51.1694367],[-113.9527802,51.1693872],[-113.9527778,51.1693108],[-113.9529262,51.1692742],[-113.952927,51.1694288],[-113.9529271,51.1693485],[-113.9529215,51.169311],[-113.9529244,51.1692361],[-113.9529273,51.1691975],[-113.9529261,51.1693883]]}",POINT (-113.95277899505214 51.16935125690567),a,LUCAS BV NW,28
BP2021-09168,Completed,2021-05-27,2021,2021-06-18,2022-01-07,2022,Commercial / Multi Family Project,Building,1706 - Rhs Rowhouse,Unspecified,Residential,New,New,New,3 Plex Rowhouse,,DAYTONA HOMES CALGARY LP,DAYTONA HOMES CALGARY LP,3,"$525,076",,227 LUCAS BV NW,LIV,LIVINGSTON,51.18671251,-114.0765408,6,Titled Parcel;Titled Parcel;Titled Parcel;Building;Building;Building,227 LUCAS BV NW;223 LUCAS BV NW;219 LUCAS BV NW;219 LUCAS BV NW;227 LUCAS BV NW;223 LUCAS BV NW,"MULTIPOINT (-114.07654080496384 51.186712507494484,-114.07649234569323 51.18666309685035,-114.076445395919 51.18661817995725,-114.07653048327474 51.18657798614877,-114.07662715539848 51.18667484783344,-114.07659679222019 51.18662610858295)","{""type"":""MultiPoint"",""coordinates"":[[-114.0765408,51.1867125],[-114.0764923,51.1866631],[-114.0764454,51.1866182],[-114.0765305,51.186578],[-114.0766272,51.1866748],[-114.0765968,51.1866261]]}",POINT (-114.07654080496384 51.186712507494484),,,,LUCAS BV NW,28
BP2021-13917,Completed,2021-08-09,2021,2021-08-27,2022-04-20,2022,Commercial / Multi Family Project,Building,1706 - Rhs Rowhouse,Unspecified,Residential,New,New,New,Part 9 Rowhouses,,DAYTONA HOMES CALGARY LP,DAYTONA HOMES CALGARY LP,3,"$581,733",,247 LUCAS BV NW,LIV,LIVINGSTON,51.18699547,-114.0768618,3,Titled Parcel;Titled Parcel;Titled Parcel,251 LUCAS BV NW;255 LUCAS BV NW;247 LUCAS BV NW,"MULTIPOINT (-114.07686183721717 51.186995466772466,-114.07691511036259 51.18704037933921,-114.07680856417531 51.18695055418107)","{""type"":""MultiPoint"",""coordinates"":[[-114.0768618,51.1869955],[-114.0769151,51.1870404],[-114.0768086,51.1869506]]}",POINT (-114.07686183721717 51.186995466772466),,,,LUCAS BV NW,28
BP2020-02634,Completed,2020-03-03,2020,2020-08-27,2021-01-13,2021,Commercial / Multi Family Project,Building,1706 - Rhs Rowhouse,Unspecified,Residential,New,New,New,"The scope of this building permit includes a new 3 unit rowhouse complex (approx. 370 m2) w/rear detached garages; located at 152, 156, 160 LUCAS BV NW.",,DAYTONA HOMES CALGARY LP,DAYTONA HOMES CALGARY LP,3,"$549,130",,152 LUCAS BV NW,LIV,LIVINGSTON,51.1859222,-114.0753524,3,Titled Parcel;Titled Parcel;Titled Parcel,160 LUCAS BV NW;156 LUCAS BV NW;152 LUCAS BV NW,"MULTIPOINT (-114.07535242271445 51.18592220145731,-114.07535237034955 51.18586376963403,-114.07535232531386 51.18580983256373)","{""type"":""MultiPoint"",""coordinates"":[[-114.0753524,51.1859222],[-114.0753524,51.1858638],[-114.0753523,51.1858098]]}",POINT (-114.07535242271445 51.18592220145731),"{""type"":""MultiPoint"",""coordinates"":[[-114.1427585,51.0434951],[-114.1428061,51.0433813],[-114.1428124,51.0434679],[-114.1428037,51.0435992],[-114.1428042,51.0435083]]}",POINT (-114.14275847971872 51.04349508793213),a,LUCAS BV NW,28
BP2018-05912,Completed,2018-05-18,2018,2018-06-27,2019-06-07,2019,Commercial / Multi Family Project,Building,1706 - Rhs Rowhouse,Unspecified,Residential,New,New,New,New Row Houses (4 units),DAYTONA HOMES,,,4,"$716,500",,120 LUCAS BV NW,LIV,LIVINGSTON,51.18532889,-114.0753519,5,Titled Parcel;Titled Parcel;Titled Parcel;Titled Parcel;Building,120 LUCAS BV NW;132 LUCAS BV NW;124 LUCAS BV NW;128 LUCAS BV NW;120 LUCAS BV NW,"MULTIPOINT (-114.07535191302526 51.185328893671716,-114.07535206243222 51.18549070488526,-114.07535196538826 51.185387325500386,-114.07535201739772 51.18543676781151,-114.07525860686377 51.18533684652019)","{""type"":""MultiPoint"",""coordinates"":[[-114.0753519,51.1853289],[-114.0753521,51.1854907],[-114.075352,51.1853873],[-114.075352,51.1854368],[-114.0752586,51.1853368]]}",POINT (-114.07535191302526 51.185328893671716),"{""type"":""MultiPoint"",""coordinates"":[[-114.0506556,51.0578618],[-114.0508704,51.0578669]]}",POINT (-114.05065557639112 51.05786178414865),,LUCAS BV NW,28
BP2018-10260,Completed,2018-08-02,2018,2018-08-13,2019-06-13,2019,Commercial / Multi Family Project,Building,1606 - Ths Townhouse,Townhouse,Residential,New,New,New,New 3 Unit Rowhouse/Garage - Daytona Homes,DAYTONA HOMES CALGARY LP,,,3,"$716,500",,107 LUCAS BV NW,LIV,LIVINGSTON,51.18525218,-114.0758193,4,Titled Parcel;Titled Parcel;Titled Parcel;Building,115 LUCAS BV NW;107 LUCAS BV NW;111 LUCAS BV NW;107 LUCAS BV NW,"MULTIPOINT (-114.07581928388181 51.185252180851926,-114.0758190635438 51.18513531726637,-114.07581805107749 51.18519824454568,-114.07591294627488 51.18515648064415)","{""type"":""MultiPoint"",""coordinates"":[[-114.0758193,51.1852522],[-114.0758191,51.1851353],[-114.0758181,51.1851982],[-114.0759129,51.1851565]]}",POINT (-114.07581928388181 51.185252180851926),"{""type"":""MultiPoint"",""coordinates"":[[-114.2059841,51.0798046],[-114.2061395,51.079528],[-114.2060364,51.0794812],[-114.2061988,51.0794869],[-114.2060872,51.0794366]]}",POINT (-114.20598410641428 51.07980462833371),a,LUCAS BV NW,28
BP2018-05913,Completed,2018-05-18,2018,2018-06-27,2019-02-21,2019,Commercial / Multi Family Project,Building,1706 - Rhs Rowhouse,Unspecified,Residential,New,New,New,New Building - Row Housing,DAYTONA HOMES,,,3,"$536,700",,108 LUCAS BV NW,LIV,LIVINGSTON,51.18514461,-114.0753518,4,Titled Parcel;Titled Parcel;Titled Parcel;Building,108 LUCAS BV NW;112 LUCAS BV NW;116 LUCAS BV NW;108 LUCAS BV NW,"MULTIPOINT (-114.07535176988782 51.18514460865562,-114.07535181527504 51.18520753524938,-114.07535129548012 51.185265967447734,-114.07525796155734 51.18516017594871)","{""type"":""MultiPoint"",""coordinates"":[[-114.0753518,51.1851446],[-114.0753518,51.1852075],[-114.0753513,51.185266],[-114.075258,51.1851602]]}",POINT (-114.07535176988782 51.18514460865562),"{""type"":""MultiPoint"",""coordinates"":[[-114.1250098,51.0333615],[-114.1248566,51.0333103],[-114.1247514,51.03331],[-114.1249392,51.0333098],[-114.1246755,51.0333101]]}",POINT (-114.12500977558074 51.03336149963574),a,LUCAS BV NW,28
BP2021-01934,Completed,2021-02-06,2021,2021-03-02,2021-08-27,2021,Commercial / Multi Family Project,Building,1706 - Rhs Rowhouse,Unspecified,Residential,New,New,New,3 Plex Rowhouse,,DAYTONA HOMES CALGARY LP,DAYTONA HOMES CALGARY LP,3,"$612,459",,155 LUCAS BV NW,LIV,LIVINGSTON,51.18587686,-114.0759561,4,Titled Parcel;Titled Parcel;Titled Parcel;Building,159 LUCAS BV NW;163 LUCAS BV NW;155 LUCAS BV NW;155 LUCAS BV NW,"MULTIPOINT (-114.07595608369022 51.18587686355726,-114.0759781435068 51.185930786333586,-114.07593562598544 51.18582293973655,-114.07602932748952 51.18582001123195)","{""type"":""MultiPoint"",""coordinates"":[[-114.0759561,51.1858769],[-114.0759781,51.1859308],[-114.0759356,51.1858229],[-114.0760293,51.18582]]}",POINT (-114.07595608369022 51.18587686355726),"{""type"":""MultiPoint"",""coordinates"":[[-114.0249661,50.8651891],[-114.0250472,50.8650857],[-114.0250877,50.8650362],[-114.025008,50.8651306],[-114.0252316,50.8648923],[-114.0251296,50.8649868],[-114.025173,50.8649418]]}",POINT (-114.02496609682795 50.865189060693886),a,LUCAS BV NW,28
BP2021-04189,Completed,2021-03-19,2021,2021-04-13,2021-10-29,2021,Commercial / Multi Family Project,Building,1706 - Rhs Rowhouse,Unspecified,Residential,New,New,New,3 Plex Rowhouse,,DAYTONA HOMES CALGARY LP,DAYTONA HOMES CALGARY LP,3,"$612,459",,167 LUCAS BV NW,LIV,LIVINGSTON,51.18604312,-114.0760314,3,Titled Parcel;Titled Parcel;Titled Parcel,171 LUCAS BV NW;167 LUCAS BV NW;181 LUCAS BV NW,"MULTIPOINT (-114.07603142536261 51.1860431206771,-114.07600590382312 51.1859892001606,-114.07606252658177 51.18611501659283)","{""type"":""MultiPoint"",""coordinates"":[[-114.0760314,51.1860431],[-114.0760059,51.1859892],[-114.0760625,51.186115]]}",POINT (-114.07603142536261 51.1860431206771),"{""type"":""MultiPoint"",""coordinates"":[[-114.0229384,50.8646995],[-114.0241785,50.8643561]]}",POINT (-114.02293844973785 50.86469952115577),,LUCAS BV NW,28
BP2020-17472,Completed,2020-11-30,2020,2021-01-07,2021-06-25,2021,Commercial / Multi Family Project,Building,1706 - Rhs Rowhouse,Unspecified,Residential,New,New,New,4 Plex Rowhouse with detached garages,,DAYTONA HOMES CALGARY LP,DAYTONA HOMES CALGARY LP,4,"$663,068",,172 LUCAS BV NW,LIV,LIVINGSTON,51.186093,-114.0753526,8,Titled Parcel;Titled Parcel;Titled Parcel;Titled Parcel;Building;Building;Building;Building,172 LUCAS BV NW;164 LUCAS BV NW;176 LUCAS BV NW;168 LUCAS BV NW;164 LUCAS BV NW;176 LUCAS BV NW;172 LUCAS BV NW;168 LUCAS BV NW,"MULTIPOINT (-114.07535255817709 51.186093002179504,-114.07535246810443 51.18598512804267,-114.07535259588457 51.18614244449386,-114.07535252046975 51.18604355986473,-114.07524456703514 51.185991040667304,-114.0752455706823 51.186141830166456,-114.07524322619152 51.18608998014521,-114.07524390376611 51.18604051040187)","{""type"":""MultiPoint"",""coordinates"":[[-114.0753526,51.186093],[-114.0753525,51.1859851],[-114.0753526,51.1861424],[-114.0753525,51.1860436],[-114.0752446,51.185991],[-114.0752456,51.1861418],[-114.0752432,51.18609],[-114.0752439,51.1860405]]}",POINT (-114.07535255817709 51.186093002179504),"{""type"":""MultiPoint"",""coordinates"":[[-114.0236607,50.8645825],[-114.0234879,50.8644357]]}",POINT (-114.02366074706134 50.86458250681815),a,LUCAS BV NW,28
BP2018-11623,Completed,2018-08-30,2018,2018-11-15,2020-04-22,2020,Commercial / Multi Family Project,Building,1606 - Ths Townhouse,Townhouse,Residential,New,New,New,"LIVTH 005,004 005 006 - Row Houses 3 units",DAYTONA HOMES CALGARY LP,,,3,"$620,240",,119 LUCAS BV NW,LIV,LIVINGSTON,51.18542747,-114.0758342,3,Titled Parcel;Titled Parcel;Titled Parcel,127 LUCAS BV NW;123 LUCAS BV NW;119 LUCAS BV NW,"MULTIPOINT (-114.07583421876252 51.185427466761304,-114.07582775068263 51.18537353384978,-114.07582289896469 51.185319599889965)","{""type"":""MultiPoint"",""coordinates"":[[-114.0758342,51.1854275],[-114.0758278,51.1853735],[-114.0758229,51.1853196]]}",POINT (-114.07583421876252 51.185427466761304),"{""type"":""MultiPoint"",""coordinates"":[[-113.9331869,50.894498],[-113.935467,50.8941057],[-113.9354649,50.8940387]]}",POINT (-113.93318689375285 50.8944979542591),,LUCAS BV NW,28
BP2020-17529,Completed,2020-12-01,2020,2021-01-05,2021-08-31,2021,Commercial / Multi Family Project,Building,1706 - Rhs Rowhouse,Unspecified,Residential,New,New,New,4 Plex rowhouse with detached garages,,DAYTONA HOMES CALGARY LP,DAYTONA HOMES CALGARY LP,4,"$663,068",,188 LUCAS BV NW,LIV,LIVINGSTON,51.18640763,-114.0753555,8,Titled Parcel;Titled Parcel;Titled Parcel;Titled Parcel;Building;Building;Building;Building,192 LUCAS BV NW;188 LUCAS BV NW;184 LUCAS BV NW;180 LUCAS BV NW;192 LUCAS BV NW;188 LUCAS BV NW;180 LUCAS BV NW;184 LUCAS BV NW,"MULTIPOINT (-114.07535550294746 51.18640763333992,-114.07535273867853 51.186317739962774,-114.07535270097056 51.18626829764991,-114.07535264860445 51.18620986583011,-114.07523955563809 51.18636578984415,-114.07524232231597 51.186316732277504,-114.07524593937018 51.18621891502918,-114.07524413350161 51.186269455249)","{""type"":""MultiPoint"",""coordinates"":[[-114.0753555,51.1864076],[-114.0753527,51.1863177],[-114.0753527,51.1862683],[-114.0753526,51.1862099],[-114.0752396,51.1863658],[-114.0752423,51.1863167],[-114.0752459,51.1862189],[-114.0752441,51.1862695]]}",POINT (-114.07535550294746 51.18640763333992),"{""type"":""MultiPoint"",""coordinates"":[[-113.9541991,50.8671426],[-113.9536911,50.8671565],[-113.9537193,50.867148],[-113.9539494,50.8670767],[-113.9540678,50.8670396],[-113.9539377,50.8671233],[-113.9540539,50.867087],[-113.9538106,50.8671195],[-113.9538366,50.8671116],[-113.953879,50.8671418],[-113.9537008,50.8671974],[-113.9540407,50.8670475],[-113.9539246,50.8670838],[-113.9538226,50.867159],[-113.953764,50.8671775],[-113.9541181,50.8670663],[-113.9539952,50.8671048]]}",POINT (-113.95419910703254 50.867142566975154),a,LUCAS BV NW,28
BP2018-11618,Completed,2018-08-30,2018,2018-11-16,2020-06-08,2020,Commercial / Multi Family Project,Building,1606 - Ths Townhouse,Townhouse,Residential,New,New,New,LIVTH 005. 004/005/006 Rowhouses - 3 units,DAYTONA HOMES CALGARY LP,,,3,"$620,240",,131 LUCAS BV NW,LIV,LIVINGSTON,51.18559375,-114.0758657,3,Titled Parcel;Titled Parcel;Titled Parcel,139 LUCAS BV NW;135 LUCAS BV NW;131 LUCAS BV NW,"MULTIPOINT (-114.07586573168763 51.18559375239867,-114.07585404257944 51.1855398228753,-114.07584400583595 51.18549038703773)","{""type"":""MultiPoint"",""coordinates"":[[-114.0758657,51.1855938],[-114.075854,51.1855398],[-114.075844,51.1854904]]}",POINT (-114.07586573168763 51.18559375239867),,,,LUCAS BV NW,28
BP2020-14872,Completed,2020-10-13,2020,2020-11-24,2021-04-26,2021,Commercial / Multi Family Project,Building,1706 - Rhs Rowhouse,Unspecified,Residential,New,New,New,3 Plex Rowhouse,,DAYTONA HOMES CALGARY LP,DAYTONA HOMES CALGARY LP,3,"$610,608",,143 LUCAS BV NW,LIV,LIVINGSTON,51.1857106,-114.0758969,3,Titled Parcel;Titled Parcel;Titled Parcel,147 LUCAS BV NW;143 LUCAS BV NW;151 LUCAS BV NW,"MULTIPOINT (-114.07589689186103 51.18571059590965,-114.07588158376008 51.18565666873752,-114.07591381636013 51.18576452203056)","{""type"":""MultiPoint"",""coordinates"":[[-114.0758969,51.1857106],[-114.0758816,51.1856567],[-114.0759138,51.1857645]]}",POINT (-114.07589689186103 51.18571059590965),,,,LUCAS BV NW,28
BP2018-09045,Completed,2018-07-11,2018,2018-08-16,2020-01-08,2020,Commercial / Multi Family Project,Building,1706 - Rhs Rowhouse,Unspecified,Residential,New,New,New,New - Livingston - Part 9 Group C - 4 unit townhouse,DAYTONA HOMES,,,4,"$716,500",,136 LUCAS BV NW,LIV,LIVINGSTON,51.18561206,-114.0753522,5,Titled Parcel;Titled Parcel;Titled Parcel;Titled Parcel;Building,140 LUCAS BV NW;144 LUCAS BV NW;148 LUCAS BV NW;136 LUCAS BV NW;136 LUCAS BV NW,"MULTIPOINT (-114.07535216018447 51.185612063301704,-114.07535219789058 51.18566150562013,-114.07535225025477 51.18571993744546,-114.07535210782068 51.185553631475294,-114.07525684287107 51.18556239463993)","{""type"":""MultiPoint"",""coordinates"":[[-114.0753522,51.1856121],[-114.0753522,51.1856615],[-114.0753523,51.1857199],[-114.0753521,51.1855536],[-114.0752568,51.1855624]]}",POINT (-114.07535216018447 51.185612063301704),,,,LUCAS BV NW,28
BP2017-15153,Completed,2017-11-16,2017,2017-12-19,2019-08-26,2019,Commercial / Multi Family Project,Building,1606 - Ths Townhouse,Townhouse,Residential,New,New,New,"Elevated Developments 4 Plex: New 2 storey, 4 residential units",ELEVATED DEVELOPMENTS,,,4,"$723,900",,2004 4 ST NW,MOP,MOUNT PLEASANT,51.06981497,-114.0713338,5,Titled Parcel;Building;Building;Building;Building,470 19 AV NW;2008 4 ST NW;2006 4 ST NW;468 19 AV NW;2004 4 ST NW,"MULTIPOINT (-114.07133382442892 51.06981496986454,-114.07128264439291 51.070010347167965,-114.07128049818586 51.069969319506676,-114.07127544281396 51.06987358233159,-114.07128024729907 51.06992674446177)","{""type"":""MultiPoint"",""coordinates"":[[-114.0713338,51.069815],[-114.0712826,51.0700103],[-114.0712805,51.0699693],[-114.0712754,51.0698736],[-114.0712802,51.0699267]]}",POINT (-114.07133382442892 51.06981496986454),"{""type"":""MultiPoint"",""coordinates"":[[-114.0646358,50.8602473],[-114.063976,50.8597222],[-114.0639353,50.8596751],[-114.0640178,50.8597742]]}",POINT (-114.06463582177199 50.86024730573181),a,4 ST NW,29
BP2018-13870,Completed,2018-10-17,2018,2018-11-14,2019-08-01,2019,Commercial / Multi Family Project,Building,1606 - Ths Townhouse,Townhouse,Residential,New,New,New,,STEALTH HOMES,,,4,"$960,255",,302 32 AV NE,HPK,HIGHLAND PARK,51.08162172,-114.0571598,6,Titled Parcel;Building;Building;Building;Building;Building,304 32 AV NE;304 32 AV NE;3306 2 ST NE;3304 2 ST NE;302 32 AV NE;3302 2 ST NE,"MULTIPOINT (-114.05715979325288 51.08162172257497,-114.0572184046788 51.08172298059348,-114.05722445865825 51.08177140501899,-114.05722517693405 51.08174048916918,-114.057224681006 51.081639283630246,-114.05722360618827 51.081681976131776)","{""type"":""MultiPoint"",""coordinates"":[[-114.0571598,51.0816217],[-114.0572184,51.081723],[-114.0572245,51.0817714],[-114.0572252,51.0817405],[-114.0572247,51.0816393],[-114.0572236,51.081682]]}",POINT (-114.05715979325288 51.08162172257497),"{""type"":""MultiPoint"",""coordinates"":[[-114.0646358,50.8602473],[-114.0641852,50.8601802],[-114.064272,50.8601801],[-114.0640995,50.8601809]]}",POINT (-114.06463582177199 50.86024730573181),a,32 AV NE,30
BP2023-01166,Completed,2023-01-30,2023,2023-04-11,2023-11-29,2023,Commercial / Multi Family Project,Building,1508 - Apt Fourplex,Apartment,Residential,New,New,New,4 unit townhouse detached garage.,TRICOR DESIGN GROUP,,CHANDAN HOMES,4,"$1,225,304",,#1 308 32 AV NE,HPK,HIGHLAND PARK,51.08162437,-114.0570158,5,Titled Parcel;Building;Building;Building;Building,308 32 AV NE;#2 308 32 AV NE;#3 308 32 AV NE;#1 308 32 AV NE;#4 308 32 AV NE,"MULTIPOINT (-114.05701580663936 51.081624372920466,-114.05706415399305 51.08177025178694,-114.05697246758847 51.081674853104374,-114.05706639108705 51.08167451063743,-114.05698013397802 51.08176969944776)","{""type"":""MultiPoint"",""coordinates"":[[-114.0570158,51.0816244],[-114.0570642,51.0817703],[-114.0569725,51.0816749],[-114.0570664,51.0816745],[-114.0569801,51.0817697]]}",POINT (-114.05701580663936 51.081624372920466),"{""type"":""MultiPoint"",""coordinates"":[[-114.0932953,51.1872038],[-114.0933936,51.1872037],[-114.0932088,51.1872038],[-114.0931105,51.1872039]]}",POINT (-114.09329532568336 51.18720376071896),a,308 32 AV NE,30
BP2018-12579,Completed,2018-09-18,2018,2018-11-15,2020-01-13,2020,Commercial / Multi Family Project,Building,1606 - Ths Townhouse,Townhouse,Residential,New,New,New,West Hillhurst 19-WH19 - Non stacked Townhouses 4 units,RNDSQR CONSTRUCTION,,,4,"$883,100",,1938 BOWNESS RD NW,WHL,WEST HILLHURST,51.0513873,-114.1053767,5,Titled Parcel;Building;Building;Building;Building,64 19 ST NW;60 19 ST NW;1940 BOWNESS RD NW;62 19 ST NW;1938 BOWNESS RD NW,"MULTIPOINT (-114.10537673029141 51.05138730006529,-114.1052928385436 51.051425617960994,-114.1053243351055 51.05133330105751,-114.1052929615017 51.051479843876336,-114.10524885942789 51.05133432195475)","{""type"":""MultiPoint"",""coordinates"":[[-114.1053767,51.0513873],[-114.1052928,51.0514256],[-114.1053243,51.0513333],[-114.105293,51.0514798],[-114.1052489,51.0513343]]}",POINT (-114.10537673029141 51.05138730006529),"{""type"":""MultiPoint"",""coordinates"":[[-113.9422692,50.876824],[-113.9419647,50.8769933],[-113.941967,50.8769502],[-113.9421522,50.8768956],[-113.942123,50.8769645],[-113.9421916,50.8769443],[-113.9418644,50.8769671],[-113.9417564,50.8770143],[-113.9419133,50.8770156],[-113.9417395,50.8770013],[-113.9419396,50.8769463],[-113.9417883,50.8770458],[-113.9420808,50.8769187],[-113.9420017,50.8769865],[-113.9418842,50.876981],[-113.9420584,50.8769149],[-113.9421397,50.8768959]]}",POINT (-113.94226917637957 50.87682400264698),a,BOWNESS RD NW,31
BP2022-00118,Completed,2022-01-05,2022,2022-02-04,2023-04-03,2023,Commercial / Multi Family Project,Building,1606 - Ths Townhouse,Townhouse,Residential,New,New,New,16 Plex Stacked Rowhouse,,AVALON MASTER BUILDER,AVALON MASTER BUILDER,16,"$2,292,839",,442 SETON CI SE,SET,SETON,50.86844155,-113.9540056,18,Titled Parcel;Building;Building Suite;Building Suite;Building Suite;Building Suite;Building Suite;Building Suite;Building Suite;Building Suite;Building Suite;Building Suite;Building Suite;Building Suite;Building Suite;Building Suite;Building Suite;Building Suite,464 SETON CI SE;464 SETON CI SE;444 SETON CI SE;446 SETON CI SE;456 SETON CI SE;450 SETON CI SE;442 SETON CI SE;458 SETON CI SE;448 SETON CI SE;454 SETON CI SE;460 SETON CI SE;438 SETON CI SE;436 SETON CI SE;452 SETON CI SE;440 SETON CI SE;430 SETON CI SE;434 SETON CI SE;432 SETON CI SE,"MULTIPOINT (-113.95400558812474 50.86844154696566,-113.9542926006565 50.868390497580016,-113.9542401490918 50.868318161415836,-113.95419690482937 50.86834609438548,-113.95417330718611 50.868447771087624,-113.95422031576729 50.86842043294407,-113.9543030708768 50.868361598808285,-113.95405585672336 50.868436424478965,-113.95425793595244 50.86839071774099,-113.95410663715245 50.86840195879049,-113.95412629271776 50.868481051604086,-113.95428434631354 50.8682890421224,-113.95432760467764 50.86826110912563,-113.9541498797744 50.86837580587522,-113.95434820632447 50.868331886517744,-113.95445350660592 50.86827364544023,-113.95439334055685 50.868303360890025,-113.9543830723486 50.8682272384903)","{""type"":""MultiPoint"",""coordinates"":[[-113.9540056,50.8684415],[-113.9542926,50.8683905],[-113.9542401,50.8683182],[-113.9541969,50.8683461],[-113.9541733,50.8684478],[-113.9542203,50.8684204],[-113.9543031,50.8683616],[-113.9540559,50.8684364],[-113.9542579,50.8683907],[-113.9541066,50.868402],[-113.9541263,50.8684811],[-113.9542843,50.868289],[-113.9543276,50.8682611],[-113.9541499,50.8683758],[-113.9543482,50.8683319],[-113.9544535,50.8682736],[-113.9543933,50.8683034],[-113.9543831,50.8682272]]}",POINT (-113.95400558812474 50.86844154696566),"{""type"":""MultiPoint"",""coordinates"":[[-113.9415874,51.15708],[-113.9414914,51.1570799],[-113.9413953,51.1570844]]}",POINT (-113.94158741826848 51.15707996222473),a,SETON CI SE,32
BP2021-05663,Completed,2021-04-09,2021,2021-05-11,2022-12-07,2022,Commercial / Multi Family Project,Building,1606 - Ths Townhouse,Townhouse,Residential,New,New,New,16-Unit Stacked Townhouse,,AVALON MASTER BUILDER,AVALON MASTER BUILDER,16,"$2,341,311",,20567 SETON WY SE,SET,SETON,50.86897208,-113.9543132,18,Titled Parcel;Building;Building Suite;Building Suite;Building Suite;Building Suite;Building Suite;Building Suite;Building Suite;Building Suite;Building Suite;Building Suite;Building Suite;Building Suite;Building Suite;Building Suite;Building Suite;Building Suite,20551 SETON WY SE;20551 SETON WY SE;20561 SETON WY SE;20577 SETON WY SE;20583 SETON WY SE;20563 SETON WY SE;20575 SETON WY SE;20557 SETON WY SE;20559 SETON WY SE;20573 SETON WY SE;20565 SETON WY SE;20579 SETON WY SE;20571 SETON WY SE;20585 SETON WY SE;20569 SETON WY SE;20567 SETON WY SE;20555 SETON WY SE;20581 SETON WY SE,"MULTIPOINT (-113.95431315763435 50.86897207811407,-113.95427343744923 50.868766317287196,-113.95426872564587 50.868892013703714,-113.95411286226926 50.8687611299689,-113.95403023020212 50.86869389716004,-113.95423773991939 50.86886345829139,-113.95419653304877 50.86872548149764,-113.95431849611195 50.86893187689794,-113.95435427416874 50.86885399249427,-113.95422845165444 50.86875879300059,-113.9543091998436 50.868820666887395,-113.9540762354369 50.868733758976084,-113.95415604455475 50.86879682827046,-113.95411390033291 50.86865885107777,-113.95419360681164 50.86882657296658,-113.95426412440395 50.86878854592327,-113.95439653096 50.86889206370586,-113.95416178907236 50.86869038885507)","{""type"":""MultiPoint"",""coordinates"":[[-113.9543132,50.8689721],[-113.9542734,50.8687663],[-113.9542687,50.868892],[-113.9541129,50.8687611],[-113.9540302,50.8686939],[-113.9542377,50.8688635],[-113.9541965,50.8687255],[-113.9543185,50.8689319],[-113.9543543,50.868854],[-113.9542285,50.8687588],[-113.9543092,50.8688207],[-113.9540762,50.8687338],[-113.954156,50.8687968],[-113.9541139,50.8686589],[-113.9541936,50.8688266],[-113.9542641,50.8687885],[-113.9543965,50.8688921],[-113.9541618,50.8686904]]}",POINT (-113.95431315763435 50.86897207811407),"{""type"":""MultiPoint"",""coordinates"":[[-114.0473691,51.1530531],[-114.0470897,51.1531428],[-114.0471895,51.1531438],[-114.0470049,51.1531419],[-114.0472787,51.1531428]]}",POINT (-114.04736909265891 51.15305313633793),a,SETON WY SE,32
BP2020-16647,Completed,2020-11-13,2020,2021-01-05,2021-10-25,2021,Commercial / Multi Family Project,Building,1606 - Ths Townhouse,Townhouse,Residential,New,New,New,16 unit stacked townhouse,,AVALON MASTER BUILDER,AVALON MASTER BUILDER,16,"$2,267,955",,#300 338 SETON CI SE,SET,SETON,50.86906201,-113.9543932,2,Titled Parcel;Building,#300 338 SETON CI SE;#300 338 SETON CI SE,"MULTIPOINT (-113.95439315437181 50.86906200945368,-113.95469792460982 50.869044777424286)","{""type"":""MultiPoint"",""coordinates"":[[-113.9543932,50.869062],[-113.9546979,50.8690448]]}",POINT (-113.95439315437181 50.86906200945368),"{""type"":""MultiPoint"",""coordinates"":[[-114.0116849,50.8636943],[-114.011393,50.8638125],[-114.0114799,50.8638089],[-114.0115701,50.8638114],[-114.011309,50.8638147],[-114.0115783,50.8638041],[-114.0112429,50.8638077]]}",POINT (-114.011684948931 50.86369430882226),a,338 SETON CI SE,32
BP2017-15076,Completed,2017-11-14,2017,2018-02-15,2019-06-11,2019,Commercial / Multi Family Project,Building,1508 - Apt Fourplex,Apartment,Residential,New,New,New,Chandran Homes: Fourplex 2,CHANDAN HOMES,,,4,"$654,590",,#1 134 22 AV NE,TUX,TUXEDO PARK,51.07255853,-114.0603255,5,Titled Parcel;Building;Building;Building;Building,140 22 AV NE;#2 134 22 AV NE;#1 134 22 AV NE;#2 136 22 AV NE;#1 136 22 AV NE,"MULTIPOINT (-114.06032547490109 51.07255853046032,-114.06050875233174 51.07268203500174,-114.06044594190497 51.072585500235085,-114.06035727973787 51.072678301675865,-114.06041831491589 51.07258408515566)","{""type"":""MultiPoint"",""coordinates"":[[-114.0603255,51.0725585],[-114.0605088,51.072682],[-114.0604459,51.0725855],[-114.0603573,51.0726783],[-114.0604183,51.0725841]]}",POINT (-114.06032547490109 51.07255853046032),"{""type"":""MultiPoint"",""coordinates"":[[-113.9408386,51.1570976],[-113.9409188,51.1570706],[-113.9407747,51.157138]]}",POINT (-113.9408385827919 51.15709756502613),a,134 22 AV NE,33
BP2017-15078,Completed,2017-11-14,2017,2018-02-15,2018-10-26,2018,Commercial / Multi Family Project,Building,1508 - Apt Fourplex,Apartment,Residential,New,New,New,Chandran Homes: Fourplex 1,CHANDAN HOMES,,,4,"$712,344",,#1 138 22 AV NE,TUX,TUXEDO PARK,51.07255853,-114.0603255,5,Titled Parcel;Building;Building;Building;Building,140 22 AV NE;2307 1 ST NE;2305 1 ST NE;#1 138 22 AV NE;#2 138 22 AV NE,"MULTIPOINT (-114.06032547490109 51.07255853046032,-114.06013818033635 51.0727037205707,-114.06013138034105 51.07258755928269,-114.06024010592436 51.07258322421453,-114.06029390257584 51.07271639673113)","{""type"":""MultiPoint"",""coordinates"":[[-114.0603255,51.0725585],[-114.0601382,51.0727037],[-114.0601314,51.0725876],[-114.0602401,51.0725832],[-114.0602939,51.0727164]]}",POINT (-114.06032547490109 51.07255853046032),"{""type"":""MultiPoint"",""coordinates"":[[-114.0295291,50.8686357],[-114.0295104,50.8687435],[-114.0294714,50.8688919],[-114.0295164,50.8686941],[-114.0294973,50.8687885],[-114.0294848,50.868838],[-114.029579,50.8688509],[-114.0295827,50.8688051],[-114.0295668,50.868905],[-114.0296108,50.8686553],[-114.0295921,50.8687552],[-114.0296089,50.8687088]]}",POINT (-114.02952908366132 50.868635663784495),a,138 22 AV NE,33
BP2019-03403,Completed,2019-04-02,2019,2019-05-13,2020-08-21,2020,Commercial / Multi Family Project,Building,1706 - Rhs Rowhouse,Unspecified,Residential,New,New,New,New Building - Han 4Plex,,0,,4,"$981,994",,3248 18 ST SW,SOC,SOUTH CALGARY,51.02502592,-114.1042005,5,Titled Parcel;Building;Building;Building;Building,1840 32 AV SW;3252 18 ST SW;3248 18 ST SW;1842 32 AV SW;3250 18 ST SW,"MULTIPOINT (-114.10420047710953 51.02502592376503,-114.10435106200917 51.02510822555739,-114.10436124898551 51.025207544389716,-114.10432016593131 51.02505459322533,-114.1043484638554 51.025157320991994)","{""type"":""MultiPoint"",""coordinates"":[[-114.1042005,51.0250259],[-114.1043511,51.0251082],[-114.1043612,51.0252075],[-114.1043202,51.0250546],[-114.1043485,51.0251573]]}",POINT (-114.10420047710953 51.02502592376503),"{""type"":""MultiPoint"",""coordinates"":[[-114.1994991,51.0328418],[-114.1995103,51.0337488],[-114.2002901,51.0332915],[-114.2002104,51.0333066],[-114.20038,51.0332763]]}",POINT (-114.19949910873876 51.03284183863448),a,18 ST SW,34
BP2022-13980,Completed,2022-08-15,2022,2022-08-31,2023-10-16,2023,Commercial / Multi Family Project,Building,1706 - Rhs Rowhouse,Unspecified,Residential,New,New,New,New 5 Unit Rowhouse - Bldg 02,,BROOKFIELD RESIDENTIAL (ALBERTA),BROOKFIELD RESIDENTIAL (ALBERTA),5,"$987,660",,863 CRANSTON AV SE,CRA,CRANSTON,50.86521211,-113.9778665,6,Titled Parcel;Building;Building;Building;Building;Building,873 CRANSTON AV SE;863 CRANSTON AV SE;867 CRANSTON AV SE;869 CRANSTON AV SE;871 CRANSTON AV SE;865 CRANSTON AV SE,"MULTIPOINT (-113.97786649717186 50.865212107222696,-113.97790083826516 50.86544045101583,-113.97783172429978 50.86535576099858,-113.97778814897687 50.86530865404757,-113.97774907381095 50.86526820953598,-113.97786628215147 50.86539620462537)","{""type"":""MultiPoint"",""coordinates"":[[-113.9778665,50.8652121],[-113.9779008,50.8654405],[-113.9778317,50.8653558],[-113.9777881,50.8653087],[-113.9777491,50.8652682],[-113.9778663,50.8653962]]}",POINT (-113.97786649717186 50.865212107222696),"{""type"":""MultiPoint"",""coordinates"":[[-114.0229384,50.8646995],[-114.0243044,50.8646888]]}",POINT (-114.02293844973785 50.86469952115577),a,CRANSTON AV SE,35
BP2022-06941,Completed,2022-04-28,2022,2022-05-31,2023-08-17,2023,Commercial / Multi Family Project,Building,1606 - Ths Townhouse,Townhouse,Residential,New,New,New,6 Unit Residential Rowhouse - Building 11,,BROOKFIELD RESIDENTIAL (ALBERTA),BROOKFIELD RESIDENTIAL (ALBERTA),6,"$1,214,692",,504 CRANBROOK WK SE,CRA,CRANSTON,50.86579154,-113.9757473,7,Titled Parcel;Building;Building;Building;Building;Building;Building,502 CRANBROOK WK SE;506 CRANBROOK WK SE;504 CRANBROOK WK SE;512 CRANBROOK WK SE;514 CRANBROOK WK SE;510 CRANBROOK WK SE;508 CRANBROOK WK SE,"MULTIPOINT (-113.97574728917986 50.86579154181557,-113.97561639968083 50.865783333636685,-113.9756693728838 50.86581223858354,-113.97546590665684 50.8656926738079,-113.97540729584469 50.86566018955628,-113.97552679610736 50.865714451405424,-113.97556229119031 50.865752279815496)","{""type"":""MultiPoint"",""coordinates"":[[-113.9757473,50.8657915],[-113.9756164,50.8657833],[-113.9756694,50.8658122],[-113.9754659,50.8656927],[-113.9754073,50.8656602],[-113.9755268,50.8657145],[-113.9755623,50.8657523]]}",POINT (-113.97574728917986 50.86579154181557),"{""type"":""MultiPoint"",""coordinates"":[[-114.2177091,51.0885259],[-114.2177235,51.0886337],[-114.2177018,51.0884674],[-114.2177162,51.0885798]]}",POINT (-114.21770912778815 51.08852585134003),a,CRANBROOK WK SE,35
BP2022-06934,Completed,2022-04-28,2022,2022-05-31,2023-07-24,2023,Commercial / Multi Family Project,Building,1606 - Ths Townhouse,Townhouse,Residential,New,New,New,5 Unit Residential Rowhouse - Bldg 10,,BROOKFIELD RESIDENTIAL (ALBERTA),BROOKFIELD RESIDENTIAL (ALBERTA),5,"$1,038,154",,403 CRANBROOK WK SE,CRA,CRANSTON,50.86571964,-113.9758368,6,Titled Parcel;Building;Building;Building;Building;Building,401 CRANBROOK WK SE;403 CRANBROOK WK SE;405 CRANBROOK WK SE;409 CRANBROOK WK SE;411 CRANBROOK WK SE;407 CRANBROOK WK SE,"MULTIPOINT (-113.97583680973342 50.86571964029992,-113.9758401038388 50.86564042101055,-113.97578375045863 50.86561008602741,-113.97569357186796 50.86555441012835,-113.9756507284872 50.86552406890307,-113.97573414180926 50.865585811686366)","{""type"":""MultiPoint"",""coordinates"":[[-113.9758368,50.8657196],[-113.9758401,50.8656404],[-113.9757838,50.8656101],[-113.9756936,50.8655544],[-113.9756507,50.8655241],[-113.9757341,50.8655858]]}",POINT (-113.97583680973342 50.86571964029992),"{""type"":""MultiPoint"",""coordinates"":[[-114.0968429,51.0268707],[-114.0969402,51.0269169],[-114.0968331,51.0269189],[-114.0966225,51.0269202],[-114.0967347,51.0269213]]}",POINT (-114.09684289706614 51.026870659476366),a,CRANBROOK WK SE,35
BP2018-01153,Completed,2018-02-02,2018,2018-02-14,2018-12-19,2018,Commercial / Multi Family Project,Building,1606 - Ths Townhouse,Townhouse,Residential,New,New,New,New - Group C Townhouses - Cranston Building 24,BROOKFIELD RESIDENTIAL (ALBERTA),,BROOKFIELD RESIDENTIAL (ALBERTA),8,"$1,236,624",,125 CRANBROOK WK SE,CRA,CRANSTON,50.86554446,-113.9764655,9,Titled Parcel;Building;Building;Building;Building;Building;Building;Building;Building,123 CRANBROOK WK SE;129 CRANBROOK WK SE;133 CRANBROOK WK SE;125 CRANBROOK WK SE;139 CRANBROOK WK SE;137 CRANBROOK WK SE;127 CRANBROOK WK SE;131 CRANBROOK WK SE;135 CRANBROOK WK SE,"MULTIPOINT (-113.97646552521027 50.86554446355588,-113.97666118797186 50.86561978519069,-113.97674404539589 50.8656883056078,-113.97657327849846 50.86554127579835,-113.97687704646226 50.865792876860425,-113.97682406116309 50.865758254812704,-113.9766121696872 50.865578744971366,-113.97670120120598 50.865657973758715,-113.97678066530808 50.865722924437904)","{""type"":""MultiPoint"",""coordinates"":[[-113.9764655,50.8655445],[-113.9766612,50.8656198],[-113.976744,50.8656883],[-113.9765733,50.8655413],[-113.976877,50.8657929],[-113.9768241,50.8657583],[-113.9766122,50.8655787],[-113.9767012,50.865658],[-113.9767807,50.8657229]]}",POINT (-113.97646552521027 50.86554446355588),"{""type"":""MultiPoint"",""coordinates"":[[-113.9397636,51.1642167],[-113.9398654,51.1648566],[-113.9398678,51.1647467],[-113.9398724,51.164701],[-113.9398678,51.1648038]]}",POINT (-113.93976364500418 51.16421674389641),a,CRANBROOK WK SE,35
BP2021-07679,Completed,2021-05-06,2021,2021-06-29,2022-02-25,2022,Commercial / Multi Family Project,Building,1706 - Rhs Rowhouse,Unspecified,Residential,New,New,New,5 Unit Townhouse,BROOKFIELD RESIDENTIAL (ALBERTA),,BROOKFIELD RESIDENTIAL (ALBERTA),5,"$874,229",,203 CRANBROOK WK SE,CRA,CRANSTON,50.86516244,-113.9767468,7,Titled Parcel;Building;Building;Building;Building;Building;Building,201 CRANBROOK WK SE;211 CRANBROOK WK SE;207 CRANBROOK WK SE;209 CRANBROOK WK SE;205 CRANBROOK WK SE;201 CRANBROOK WK SE;203 CRANBROOK WK SE,"MULTIPOINT (-113.9767468356386 50.865162444475594,-113.9765723024176 50.864966139648324,-113.97666774768416 50.86502895399607,-113.97660912308129 50.86499563427039,-113.97670982718921 50.86505321745055,-113.97666205896746 50.86501336417907,-113.97676844151452 50.86507892258371)","{""type"":""MultiPoint"",""coordinates"":[[-113.9767468,50.8651624],[-113.9765723,50.8649661],[-113.9766677,50.865029],[-113.9766091,50.8649956],[-113.9767098,50.8650532],[-113.9766621,50.8650134],[-113.9767684,50.8650789]]}",POINT (-113.9767468356386 50.865162444475594),"{""type"":""MultiPoint"",""coordinates"":[[-114.1346321,51.0348116],[-114.1344872,51.0348592],[-114.1343111,51.0348589],[-114.1343966,51.0348593],[-114.1345769,51.0348586],[-114.1343262,51.0348114],[-114.134559,51.0348106],[-114.1344997,51.0348106],[-114.1343837,51.0348108]]}",POINT (-114.1346320608677 51.03481164610287),a,CRANBROOK WK SE,35
BP2019-16271,Completed,2019-11-29,2019,2019-12-18,2020-09-15,2020,Commercial / Multi Family Project,Building,1706 - Rhs Rowhouse,Unspecified,Residential,New,New,New,New Townhouse & Stacked Townhouse,BROOKFIELD RESIDENTIAL (ALBERTA),,,5,"$915,930",,730 CRANBROOK WK SE,CRA,CRANSTON,50.86652425,-113.9758753,6,Titled Parcel;Building;Building;Building;Building;Building,728 CRANBROOK WK SE;730 CRANBROOK WK SE;734 CRANBROOK WK SE;738 CRANBROOK WK SE;732 CRANBROOK WK SE;736 CRANBROOK WK SE,"MULTIPOINT (-113.97587527614932 50.866524254122155,-113.97584150980116 50.866575813830025,-113.97593957891011 50.86665147602132,-113.97603763358649 50.86672819894725,-113.97589730610828 50.86661435654325,-113.97599199228581 50.86669394662521)","{""type"":""MultiPoint"",""coordinates"":[[-113.9758753,50.8665243],[-113.9758415,50.8665758],[-113.9759396,50.8666515],[-113.9760376,50.8667282],[-113.9758973,50.8666144],[-113.975992,50.8666939]]}",POINT (-113.97587527614932 50.866524254122155),"{""type"":""MultiPoint"",""coordinates"":[[-113.9489952,51.1668371],[-113.9506769,51.166171],[-113.9506769,51.166226],[-113.9506804,51.166069],[-113.9506804,51.1661211],[-113.9506801,51.1663273],[-113.9506779,51.1662781]]}",POINT (-113.94899521425576 51.16683709118483),,CRANBROOK WK SE,35
BP2018-10909,Completed,2018-08-16,2018,2018-09-11,2020-01-17,2020,Commercial / Multi Family Project,Building,1606 - Ths Townhouse,Townhouse,Residential,New,New,New,New - Group C Townhouses - Riverstone Building 4,BROOKFIELD RESIDENTIAL (ALBERTA),,,5,"$864,609",,893 CRANSTON AV SE,CRA,CRANSTON,50.86481196,-113.9773995,6,Titled Parcel;Building;Building;Building;Building;Building,891 CRANSTON AV SE;893 CRANSTON AV SE;895 CRANSTON AV SE;897 CRANSTON AV SE;901 CRANSTON AV SE;899 CRANSTON AV SE,"MULTIPOINT (-113.97739946216734 50.864811962220855,-113.97727813972325 50.864853589390485,-113.97722026756908 50.86482075557789,-113.97716766371062 50.86479219302262,-113.97705719101936 50.86472462041207,-113.97710679524644 50.86475746167476)","{""type"":""MultiPoint"",""coordinates"":[[-113.9773995,50.864812],[-113.9772781,50.8648536],[-113.9772203,50.8648208],[-113.9771677,50.8647922],[-113.9770572,50.8647246],[-113.9771068,50.8647575]]}",POINT (-113.97739946216734 50.864811962220855),"{""type"":""MultiPoint"",""coordinates"":[[-114.0667515,50.8655233],[-114.0666649,50.8655233],[-114.0668381,50.8655232],[-114.0665673,50.8655234],[-114.0669448,50.8655231],[-114.0665785,50.8655985]]}",POINT (-114.06675149760378 50.86552325419416),a,CRANSTON AV SE,35
BP2021-17871,Completed,2021-10-14,2021,2021-12-06,2022-09-16,2022,Commercial / Multi Family Project,Building,1606 - Ths Townhouse,Townhouse,Residential,New,New,New,Part 9 - 6 units Stacked - Townhouse,,0,,6,"$1,070,312",,304 CRANBROOK WK SE,CRA,CRANSTON,50.86522086,-113.9766309,7,Titled Parcel;Building;Building;Building;Building;Building;Building,302 CRANBROOK WK SE;310 CRANBROOK WK SE;304 CRANBROOK WK SE;306 CRANBROOK WK SE;312 CRANBROOK WK SE;314 CRANBROOK WK SE;308 CRANBROOK WK SE,"MULTIPOINT (-113.97663090151215 50.86522085639405,-113.97640044944161 50.86514770325718,-113.97655900914978 50.86524288548536,-113.97650565469932 50.865209575757255,-113.97635008973997 50.86512010271998,-113.97629373936856 50.86508441892423,-113.97645079786828 50.8651696041032)","{""type"":""MultiPoint"",""coordinates"":[[-113.9766309,50.8652209],[-113.9764004,50.8651477],[-113.976559,50.8652429],[-113.9765057,50.8652096],[-113.9763501,50.8651201],[-113.9762937,50.8650844],[-113.9764508,50.8651696]]}",POINT (-113.97663090151215 50.86522085639405),"{""type"":""MultiPoint"",""coordinates"":[[-113.9360503,51.155414],[-113.9376762,51.1548123],[-113.9376786,51.1547166],[-113.9376774,51.1547623],[-113.9376761,51.1548593],[-113.9376761,51.1549064]]}",POINT (-113.93605031791242 51.15541399735583),a,CRANBROOK WK SE,35
BP2022-02092,Completed,2022-02-10,2022,2022-03-07,2023-03-29,2023,Commercial / Multi Family Project,Building,1606 - Ths Townhouse,Townhouse,Residential,New,New,New,New 5 Unit Stacked Townhouse - Bldg #8,,0,,5,"$1,032,337",,303 CRANBROOK WK SE,CRA,CRANSTON,50.86543205,-113.9762747,6,Titled Parcel;Building;Building;Building;Building;Building,301 CRANBROOK WK SE;307 CRANBROOK WK SE;311 CRANBROOK WK SE;309 CRANBROOK WK SE;305 CRANBROOK WK SE;303 CRANBROOK WK SE,"MULTIPOINT (-113.97627469769455 50.8654320497908,-113.97618162382688 50.865286932060215,-113.97608466825069 50.86523315196942,-113.97613427427996 50.86526218187826,-113.9762259584022 50.8653183432069,-113.97628306432577 50.8653492714717)","{""type"":""MultiPoint"",""coordinates"":[[-113.9762747,50.865432],[-113.9761816,50.8652869],[-113.9760847,50.8652332],[-113.9761343,50.8652622],[-113.976226,50.8653183],[-113.9762831,50.8653493]]}",POINT (-113.97627469769455 50.8654320497908),"{""type"":""MultiPoint"",""coordinates"":[[-113.9489952,51.1668371],[-113.9497862,51.1669977],[-113.9498714,51.166997],[-113.9496228,51.1669969],[-113.9499576,51.1669977],[-113.9500393,51.1669971],[-113.9497079,51.1669976]]}",POINT (-113.94899521425576 51.16683709118483),a,CRANBROOK WK SE,35
BP2020-17968,Completed,2020-12-09,2020,2020-12-29,2021-09-24,2021,Commercial / Multi Family Project,Building,1606 - Ths Townhouse,Townhouse,Residential,New,New,New,New  - Part 9 Group C - The Retreat 6 unit townhouse,BROOKFIELD RESIDENTIAL (ALBERTA),,BROOKFIELD RESIDENTIAL (ALBERTA),6,"$1,026,329",,214 CRANBROOK WK SE,CRA,CRANSTON,50.86495575,-113.9771055,7,Titled Parcel;Building;Building;Building;Building;Building;Building,202 CRANBROOK WK SE;214 CRANBROOK WK SE;212 CRANBROOK WK SE;210 CRANBROOK WK SE;204 CRANBROOK WK SE;206 CRANBROOK WK SE;208 CRANBROOK WK SE,"MULTIPOINT (-113.97710550486093 50.86495574511783,-113.97677233799851 50.864813349430044,-113.97683020959266 50.86484665993531,-113.97688130845033 50.864873307471846,-113.97703762253839 50.86497086197257,-113.97697974970413 50.86493945745307,-113.97692932234794 50.864904782012374)","{""type"":""MultiPoint"",""coordinates"":[[-113.9771055,50.8649557],[-113.9767723,50.8648133],[-113.9768302,50.8648467],[-113.9768813,50.8648733],[-113.9770376,50.8649709],[-113.9769797,50.8649395],[-113.9769293,50.8649048]]}",POINT (-113.97710550486093 50.86495574511783),"{""type"":""MultiPoint"",""coordinates"":[[-113.9561324,51.156048],[-113.9563281,51.1559205]]}",POINT (-113.95613238214247 51.15604802658661),a,CRANBROOK WK SE,35
BP2022-06733,Completed,2022-04-26,2022,2022-05-31,2023-05-19,2023,Commercial / Multi Family Project,Building,1606 - Ths Townhouse,Townhouse,Residential,New,New,New,6 Unit Residential Rowhouse - Building 9,,BROOKFIELD RESIDENTIAL (ALBERTA),BROOKFIELD RESIDENTIAL (ALBERTA),6,"$1,333,446",,404 CRANBROOK WK SE,CRA,CRANSTON,50.86550845,-113.9762047,7,Titled Parcel;Building;Building;Building;Building;Building;Building,402 CRANBROOK WK SE;412 CRANBROOK WK SE;406 CRANBROOK WK SE;408 CRANBROOK WK SE;410 CRANBROOK WK SE;414 CRANBROOK WK SE;404 CRANBROOK WK SE,"MULTIPOINT (-113.97620466654206 50.865508450625846,-113.97590548640123 50.865406523439724,-113.97605954734772 50.86549266146272,-113.97600167770477 50.865455062344374,-113.97595132819606 50.865435076177775,-113.9758483689135 50.865370830282366,-113.97611591102097 50.86553072772452)","{""type"":""MultiPoint"",""coordinates"":[[-113.9762047,50.8655085],[-113.9759055,50.8654065],[-113.9760595,50.8654927],[-113.9760017,50.8654551],[-113.9759513,50.8654351],[-113.9758484,50.8653708],[-113.9761159,50.8655307]]}",POINT (-113.97620466654206 50.865508450625846),"{""type"":""MultiPoint"",""coordinates"":[[-113.9426351,51.1646317],[-113.9440814,51.1642234],[-113.9427392,51.1647928],[-113.9427382,51.1646943],[-113.942738,51.1648342],[-113.9427414,51.1648884],[-113.9427404,51.16474],[-113.9427383,51.1646451]]}",POINT (-113.9426351428901 51.16463170644243),a,CRANBROOK WK SE,35
BP2021-12824,Completed,2021-07-20,2021,2021-09-07,2022-06-22,2022,Commercial / Multi Family Project,Building,1606 - Ths Townhouse,Townhouse,Residential,New,New,New,Part 9 Stacked Townhouse,,0,,8,"$1,027,747",,603 CRANBROOK WK SE,CRA,CRANSTON,50.86573319,-113.9761482,9,Titled Parcel;Building;Building;Building;Building;Building;Building;Building;Building,619 CRANBROOK WK SE;605 CRANBROOK WK SE;609 CRANBROOK WK SE;615 CRANBROOK WK SE;603 CRANBROOK WK SE;607 CRANBROOK WK SE;611 CRANBROOK WK SE;613 CRANBROOK WK SE;617 CRANBROOK WK SE,"MULTIPOINT (-113.97614823975707 50.86573318937001,-113.97589312911822 50.86595394958873,-113.97599860609844 50.86587618975884,-113.97610010430594 50.86582768251103,-113.97583617259849 50.86599032937168,-113.97594389155117 50.86591791911176,-113.97596476431163 50.86588224206192,-113.97605667841324 50.86585193764845,-113.97612888670997 50.86579772469706)","{""type"":""MultiPoint"",""coordinates"":[[-113.9761482,50.8657332],[-113.9758931,50.8659539],[-113.9759986,50.8658762],[-113.9761001,50.8658277],[-113.9758362,50.8659903],[-113.9759439,50.8659179],[-113.9759648,50.8658822],[-113.9760567,50.8658519],[-113.9761289,50.8657977]]}",POINT (-113.97614823975707 50.86573318937001),"{""type"":""MultiPoint"",""coordinates"":[[-113.9655407,51.1361303],[-113.965025,51.1356261],[-113.964995,51.1356773],[-113.9649532,51.1355299],[-113.964952,51.1356045],[-113.9649951,51.1356662],[-113.9649525,51.1357344],[-113.9649861,51.1355182],[-113.9649525,51.1356544],[-113.964952,51.135572],[-113.9649502,51.1356898]]}",POINT (-113.96554069058266 51.13613027451798),a,CRANBROOK WK SE,35
BP2020-12728,Completed,2020-09-10,2020,2020-09-17,2021-08-24,2021,Commercial / Multi Family Project,Building,1706 - Rhs Rowhouse,Unspecified,Residential,New,New,New,New - Part 9 Group C - 6 unit townhouse - Cranston Building 15,BROOKFIELD RESIDENTIAL (ALBERTA),,BROOKFIELD RESIDENTIAL (ALBERTA),6,"$828,971",,814 CRANBROOK WK SE,CRA,CRANSTON,50.86646135,-113.9759919,7,Titled Parcel;Building;Building;Building;Building;Building;Building,802 CRANBROOK WK SE;804 CRANBROOK WK SE;806 CRANBROOK WK SE;812 CRANBROOK WK SE;814 CRANBROOK WK SE;808 CRANBROOK WK SE;810 CRANBROOK WK SE,"MULTIPOINT (-113.9759918560393 50.86646134809529,-113.97608232696413 50.86644956278661,-113.97612401603871 50.866489172311844,-113.9762333617001 50.86657161503026,-113.9762835182758 50.86661051601076,-113.9761623474128 50.86651094495827,-113.97621081932058 50.86653806871456)","{""type"":""MultiPoint"",""coordinates"":[[-113.9759919,50.8664613],[-113.9760823,50.8664496],[-113.976124,50.8664892],[-113.9762334,50.8665716],[-113.9762835,50.8666105],[-113.9761623,50.8665109],[-113.9762108,50.8665381]]}",POINT (-113.9759918560393 50.86646134809529),,,,CRANBROOK WK SE,35
BP2019-07372,Completed,2019-06-12,2019,2019-07-04,2020-02-03,2020,Commercial / Multi Family Project,Building,1606 - Ths Townhouse,Townhouse,Residential,New,New,New,New - Part 9 Group C - 6 unit townhouse - Cranston Building 17,BROOKFIELD RESIDENTIAL (ALBERTA),,BROOKFIELD RESIDENTIAL (ALBERTA),6,"$843,580",,914 CRANBROOK WK SE,CRA,CRANSTON,50.86620973,-113.9764949,7,Titled Parcel;Building;Building;Building;Building;Building;Building,902 CRANBROOK WK SE;908 CRANBROOK WK SE;910 CRANBROOK WK SE;914 CRANBROOK WK SE;904 CRANBROOK WK SE;906 CRANBROOK WK SE;912 CRANBROOK WK SE,"MULTIPOINT (-113.9764948810051 50.86620973021419,-113.97666989937754 50.8662680745287,-113.97670145059504 50.866297693921744,-113.97678374191787 50.86636443416775,-113.97657859993743 50.86620490142789,-113.97662988011405 50.866240952654465,-113.97673527394716 50.866329093780834)","{""type"":""MultiPoint"",""coordinates"":[[-113.9764949,50.8662097],[-113.9766699,50.8662681],[-113.9767015,50.8662977],[-113.9767837,50.8663644],[-113.9765786,50.8662049],[-113.9766299,50.866241],[-113.9767353,50.8663291]]}",POINT (-113.9764948810051 50.86620973021419),,,,CRANBROOK WK SE,35
BP2017-11594,Completed,2017-08-31,2017,2017-09-28,2018-08-30,2018,Commercial / Multi Family Project,Building,1606 - Ths Townhouse,Townhouse,Residential,New,New,New,"Cranston Phase 81, Brookfield Homes, Building #22, 10-plex Multifamily",BROOKFIELD RESIDENTIAL (ALBERTA),,,10,"$1,480,163",,143 CRANBROOK WK SE,CRA,CRANSTON,50.86513568,-113.9777859,11,Titled Parcel;Building;Building;Building;Building;Building;Building;Building;Building;Building;Building,875 CRANSTON AV SE;147 CRANBROOK WK SE;143 CRANBROOK WK SE;157 CRANBROOK WK SE;151 CRANBROOK WK SE;153 CRANBROOK WK SE;159 CRANBROOK WK SE;161 CRANBROOK WK SE;145 CRANBROOK WK SE;149 CRANBROOK WK SE;155 CRANBROOK WK SE,"MULTIPOINT (-113.97778592983437 50.86513567682283,-113.97715225502311 50.865625950603935,-113.97706879882683 50.865676601936606,-113.97739474786994 50.86551289449628,-113.97726785742947 50.865578514909906,-113.9772971938304 50.86554676790243,-113.97745171095109 50.86548864147556,-113.97751204299074 50.86545975922056,-113.97710375817752 50.8656505557494,-113.97720469880231 50.86560597606449,-113.97734061585447 50.865528580558646)","{""type"":""MultiPoint"",""coordinates"":[[-113.9777859,50.8651357],[-113.9771523,50.865626],[-113.9770688,50.8656766],[-113.9773947,50.8655129],[-113.9772679,50.8655785],[-113.9772972,50.8655468],[-113.9774517,50.8654886],[-113.977512,50.8654598],[-113.9771038,50.8656506],[-113.9772047,50.865606],[-113.9773406,50.8655286]]}",POINT (-113.97778592983437 50.86513567682283),,,,CRANBROOK WK SE,35
BP2020-11529,Completed,2020-08-20,2020,2020-09-09,2021-07-29,2021,Commercial / Multi Family Project,Building,1606 - Ths Townhouse,Townhouse,Residential,New,New,New,New - Group C Part 9 - The Retreat Building 16,BROOKFIELD RESIDENTIAL (ALBERTA),,BROOKFIELD RESIDENTIAL (ALBERTA),8,"$717,724",,803 CRANBROOK WK SE,CRA,CRANSTON,50.86633104,-113.9762047,9,Titled Parcel;Building;Building;Building;Building;Building;Building;Building;Building,801 CRANBROOK WK SE;803 CRANBROOK WK SE;811 CRANBROOK WK SE;809 CRANBROOK WK SE;815 CRANBROOK WK SE;807 CRANBROOK WK SE;817 CRANBROOK WK SE;813 CRANBROOK WK SE;805 CRANBROOK WK SE,"MULTIPOINT (-113.97620467398669 50.86633103654048,-113.97631523688716 50.86630974371536,-113.97642457004727 50.86641680988995,-113.97638454863693 50.86639396717626,-113.97649445790677 50.8664578543866,-113.97637215929747 50.866368981433254,-113.97653109638789 50.86648461602618,-113.9764561267837 50.86643536264837,-113.97633496569351 50.8663447188533)","{""type"":""MultiPoint"",""coordinates"":[[-113.9762047,50.866331],[-113.9763152,50.8663097],[-113.9764246,50.8664168],[-113.9763845,50.866394],[-113.9764945,50.8664579],[-113.9763722,50.866369],[-113.9765311,50.8664846],[-113.9764561,50.8664354],[-113.976335,50.8663447]]}",POINT (-113.97620467398669 50.86633103654048),,,,CRANBROOK WK SE,35
BP2019-00854,Completed,2019-01-25,2019,2019-02-07,2019-09-09,2019,Commercial / Multi Family Project,Building,1606 - Ths Townhouse,Townhouse,Residential,New,New,New,New - Group C Townhouses - Cranston Building 12,BROOKFIELD RESIDENTIAL (ALBERTA),,,5,"$912,882",,710 CRANBROOK WK SE,CRA,CRANSTON,50.86620956,-113.9756664,6,Titled Parcel;Building;Building;Building;Building;Building,712 CRANBROOK WK SE;704 CRANBROOK WK SE;710 CRANBROOK WK SE;706 CRANBROOK WK SE;708 CRANBROOK WK SE;702 CRANBROOK WK SE,"MULTIPOINT (-113.97566635326987 50.86620956042919,-113.97545894345272 50.866075871522234,-113.97559137995862 50.866197201492106,-113.97549050124795 50.86611832897886,-113.97554967776115 50.86615688156109,-113.97540991004043 50.86603768063114)","{""type"":""MultiPoint"",""coordinates"":[[-113.9756664,50.8662096],[-113.9754589,50.8660759],[-113.9755914,50.8661972],[-113.9754905,50.8661183],[-113.9755497,50.8661569],[-113.9754099,50.8660377]]}",POINT (-113.97566635326987 50.86620956042919),,,,CRANBROOK WK SE,35
BP2018-03422,Completed,2018-03-29,2018,2018-04-12,2019-02-25,2019,Commercial / Multi Family Project,Building,1606 - Ths Townhouse,Townhouse,Residential,New,New,New,New - Part 9 Group C - 5 Unit Townhouse,BROOKFIELD RESIDENTIAL (ALBERTA),,,5,"$893,628",,879 CRANSTON AV SE,CRA,CRANSTON,50.86483894,-113.9774429,6,Titled Parcel;Building;Building;Building;Building;Building,889 CRANSTON AV SE;879 CRANSTON AV SE;885 CRANSTON AV SE;887 CRANSTON AV SE;883 CRANSTON AV SE;881 CRANSTON AV SE,"MULTIPOINT (-113.97744293270308 50.86483894066479,-113.97758538393924 50.86508283115769,-113.97744035387551 50.864972432847665,-113.97739526820924 50.864936266298876,-113.97748995451785 50.86501382344622,-113.9775387922459 50.86504666437584)","{""type"":""MultiPoint"",""coordinates"":[[-113.9774429,50.8648389],[-113.9775854,50.8650828],[-113.9774404,50.8649724],[-113.9773953,50.8649363],[-113.97749,50.8650138],[-113.9775388,50.8650467]]}",POINT (-113.97744293270308 50.86483894066479),,,,CRANSTON AV SE,35
BP2020-01193,Completed,2020-01-31,2020,2020-03-10,2020-10-22,2020,Commercial / Multi Family Project,Building,1606 - Ths Townhouse,Townhouse,Residential,New,New,New,The Retreat - Building #25,BROOKFIELD RESIDENTIAL (ALBERTA),,BROOKFIELD RESIDENTIAL (ALBERTA),8,"$1,345,671",,621 CRANBROOK WK SE,CRA,CRANSTON,50.86590411,-113.9767111,9,Titled Parcel;Building;Building;Building;Building;Building;Building;Building;Building,637 CRANBROOK WK SE;625 CRANBROOK WK SE;623 CRANBROOK WK SE;631 CRANBROOK WK SE;635 CRANBROOK WK SE;627 CRANBROOK WK SE;621 CRANBROOK WK SE;629 CRANBROOK WK SE;633 CRANBROOK WK SE,"MULTIPOINT (-113.97671105113695 50.86590411321333,-113.97641306471934 50.865737837080516,-113.97636403087735 50.86569965557795,-113.97653930725849 50.86583419947197,-113.97663228734379 50.865915559734304,-113.97645532688546 50.86576710809637,-113.97632006755173 50.86566360571578,-113.97649421888626 50.86580314789577,-113.97658890819261 50.865875239836946)","{""type"":""MultiPoint"",""coordinates"":[[-113.9767111,50.8659041],[-113.9764131,50.8657378],[-113.976364,50.8656997],[-113.9765393,50.8658342],[-113.9766323,50.8659156],[-113.9764553,50.8657671],[-113.9763201,50.8656636],[-113.9764942,50.8658031],[-113.9765889,50.8658752]]}",POINT (-113.97671105113695 50.86590411321333),,,,CRANBROOK WK SE,35
BP2017-16555,Completed,2017-12-21,2017,2018-01-08,2018-11-12,2018,Commercial / Multi Family Project,Building,1606 - Ths Townhouse,Townhouse,Residential,New,New,New,"Cranston Phase 81, Brookfield Homes, Building #19, 6-plex Multifamily",BROOKFIELD RESIDENTIAL (ALBERTA),,,6,"$946,716",,1014 CRANBROOK WK SE,CRA,CRANSTON,50.86513568,-113.9777859,8,Titled Parcel;Titled Parcel;Building;Building;Building;Building;Building;Building,875 CRANSTON AV SE;1002 CRANBROOK WK SE;1004 CRANBROOK WK SE;1006 CRANBROOK WK SE;1008 CRANBROOK WK SE;1010 CRANBROOK WK SE;1014 CRANBROOK WK SE;1012 CRANBROOK WK SE,"MULTIPOINT (-113.97778592983437 50.86513567682283,-113.976981826911 50.86597159199984,-113.97707937032244 50.86596166824402,-113.97712671590065 50.86599699928034,-113.97717123977334 50.86602163163374,-113.97720843180988 50.86604947197215,-113.9772850811877 50.866121200221116,-113.97723547816861 50.866082650386076)","{""type"":""MultiPoint"",""coordinates"":[[-113.9777859,50.8651357],[-113.9769818,50.8659716],[-113.9770794,50.8659617],[-113.9771267,50.865997],[-113.9771712,50.8660216],[-113.9772084,50.8660495],[-113.9772851,50.8661212],[-113.9772355,50.8660827]]}",POINT (-113.97778592983437 50.86513567682283),,,,CRANBROOK WK SE,35
BP2022-13972,Completed,2022-08-15,2022,2022-09-08,2023-09-26,2023,Commercial / Multi Family Project,Building,1706 - Rhs Rowhouse,Unspecified,Residential,New,New,New,New 5 Unit Rowhouse - Bldg 01,,BROOKFIELD RESIDENTIAL (ALBERTA),BROOKFIELD RESIDENTIAL (ALBERTA),5,"$1,439,863",,851 CRANSTON AV SE,CRA,CRANSTON,50.86547735,-113.9780911,6,Titled Parcel;Building;Building;Building;Building;Building,861 CRANSTON AV SE;855 CRANSTON AV SE;859 CRANSTON AV SE;857 CRANSTON AV SE;851 CRANSTON AV SE;853 CRANSTON AV SE,"MULTIPOINT (-113.97809112267396 50.865477354921126,-113.97802384688029 50.865621604973036,-113.9779419617803 50.865535959677395,-113.9779787623769 50.865580682938415,-113.97809898334256 50.86570963129658,-113.97806216854714 50.86566443160126)","{""type"":""MultiPoint"",""coordinates"":[[-113.9780911,50.8654774],[-113.9780238,50.8656216],[-113.977942,50.865536],[-113.9779788,50.8655807],[-113.978099,50.8657096],[-113.9780622,50.8656644]]}",POINT (-113.97809112267396 50.865477354921126),,,,CRANSTON AV SE,35
BP2019-14751,Completed,2019-10-28,2019,2019-11-14,2020-07-09,2020,Commercial / Multi Family Project,Building,1706 - Rhs Rowhouse,Unspecified,Residential,New,New,New,The Retreat - Group C Residential Rowhouse 5 units,BROOKFIELD RESIDENTIAL (ALBERTA),,BROOKFIELD RESIDENTIAL (ALBERTA),5,"$917,078",,724 CRANBROOK WK SE,CRA,CRANSTON,50.86625452,-113.9757066,6,Titled Parcel;Building;Building;Building;Building;Building,714 CRANBROOK WK SE;722 CRANBROOK WK SE;716 CRANBROOK WK SE;720 CRANBROOK WK SE;718 CRANBROOK WK SE;724 CRANBROOK WK SE,"MULTIPOINT (-113.97570664679974 50.866254518869845,-113.97572881283666 50.86643735330077,-113.97564770927326 50.8663021176784,-113.97569783799187 50.866393107020464,-113.97567530332466 50.866345644067465,-113.9757598008367 50.86648373919742)","{""type"":""MultiPoint"",""coordinates"":[[-113.9757066,50.8662545],[-113.9757288,50.8664374],[-113.9756477,50.8663021],[-113.9756978,50.8663931],[-113.9756753,50.8663456],[-113.9757598,50.8664837]]}",POINT (-113.97570664679974 50.866254518869845),,,,CRANBROOK WK SE,35
BP2021-02895,Completed,2021-02-25,2021,2021-03-16,2021-12-07,2021,Commercial / Multi Family Project,Building,1606 - Ths Townhouse,Townhouse,Residential,New,New,New,Interior Alteration - Part 9 Group C - The Retreat Building 26,BROOKFIELD RESIDENTIAL (ALBERTA),,BROOKFIELD RESIDENTIAL (ALBERTA),7,"$1,196,733",,639 CRANBROOK WK SE,CRA,CRANSTON,50.86600746,-113.976498,11,Titled Parcel;Building;Building;Building;Building;Building;Building;Building;Building;Building;Structure,659 CRANBROOK WK SE;653 CRANBROOK WK SE;643 CRANBROOK WK SE;649 CRANBROOK WK SE;651 CRANBROOK WK SE;647 CRANBROOK WK SE;639 CRANBROOK WK SE;655 CRANBROOK WK SE;641 CRANBROOK WK SE;645 CRANBROOK WK SE;657 CRANBROOK WK SE,"MULTIPOINT (-113.97649803701422 50.86600745563181,-113.97607343995188 50.8661602085232,-113.97627984939591 50.86605785444128,-113.97616254846274 50.86611669712843,-113.97612306124095 50.86613346441564,-113.97618793303269 50.86609208766321,-113.97640108132309 50.8660065011087,-113.97601027928815 50.86618873883954,-113.97633792124903 50.86603467200279,-113.97622740580734 50.86607567995141,-113.97619651925083 50.86610867598243)","{""type"":""MultiPoint"",""coordinates"":[[-113.976498,50.8660075],[-113.9760734,50.8661602],[-113.9762798,50.8660579],[-113.9761625,50.8661167],[-113.9761231,50.8661335],[-113.9761879,50.8660921],[-113.9764011,50.8660065],[-113.9760103,50.8661887],[-113.9763379,50.8660347],[-113.9762274,50.8660757],[-113.9761965,50.8661087]]}",POINT (-113.97649803701422 50.86600745563181),,,,CRANBROOK WK SE,35
BP2021-09035,Completed,2021-05-26,2021,2021-06-16,2022-01-18,2022,Commercial / Multi Family Project,Building,1706 - Rhs Rowhouse,Unspecified,Residential,New,New,New,Group C - Residential (3 Unit Rowhouse),MATTAMY HOMES CALGARY,,MATTAMY HOMES CALGARY,3,"$525,446",,36 CITYSIDE GV NE,CSC,CITYSCAPE,51.14369557,-113.9674754,3,Titled Parcel;Titled Parcel;Titled Parcel,40 CITYSIDE GV NE;36 CITYSIDE GV NE;44 CITYSIDE GV NE,"MULTIPOINT (-113.96747536065024 51.14369556527755,-113.96737826694424 51.14369553823891,-113.96757472664066 51.14369559286553)","{""type"":""MultiPoint"",""coordinates"":[[-113.9674754,51.1436956],[-113.9673783,51.1436955],[-113.9675747,51.1436956]]}",POINT (-113.96747536065024 51.14369556527755),"{""type"":""MultiPoint"",""coordinates"":[[-114.0832352,51.0682564],[-114.0833095,51.0680856],[-114.0833123,51.0681552],[-114.0833042,51.0680205],[-114.0832568,51.0680155],[-114.0832552,51.0680879],[-114.0832545,51.0681569]]}",POINT (-114.08323515894921 51.068256378991),a,CITYSIDE GV NE,36
BP2021-09643,Completed,2021-06-02,2021,2021-06-16,2022-04-20,2022,Commercial / Multi Family Project,Building,1606 - Ths Townhouse,Townhouse,Residential,New,New,New,Group C - Residential (4 Unit Rowhouse),MATTAMY HOMES CALGARY,,MATTAMY HOMES CALGARY,4,"$699,349",,56 CITYSIDE GV NE,CSC,CITYSCAPE,51.14369562,-113.9676847,8,Titled Parcel;Titled Parcel;Titled Parcel;Titled Parcel;Building;Building;Building;Building,48 CITYSIDE GV NE;60 CITYSIDE GV NE;52 CITYSIDE GV NE;56 CITYSIDE GV NE;52 CITYSIDE GV NE;48 CITYSIDE GV NE;56 CITYSIDE GV NE;60 CITYSIDE GV NE,"MULTIPOINT (-113.9676847394978 51.14369562331104,-113.9679676174532 51.14369570112102,-113.96778296220086 51.14369565040625,-113.96786939474983 51.14369567418087,-113.96778069204346 51.14375418093811,-113.9676823834695 51.14375415381728,-113.96786766817598 51.14375361155144,-113.96796409114953 51.143752442385946)","{""type"":""MultiPoint"",""coordinates"":[[-113.9676847,51.1436956],[-113.9679676,51.1436957],[-113.967783,51.1436957],[-113.9678694,51.1436957],[-113.9677807,51.1437542],[-113.9676824,51.1437542],[-113.9678677,51.1437536],[-113.9679641,51.1437524]]}",POINT (-113.9676847394978 51.14369562331104),"{""type"":""MultiPoint"",""coordinates"":[[-114.0736785,51.1807543],[-114.0747119,51.1806011],[-114.0747144,51.1805452],[-114.074712,51.1806546],[-114.0747082,51.1807657],[-114.0747083,51.1808224],[-114.0747095,51.1807106]]}",POINT (-114.07367847894845 51.180754293317186),a,CITYSIDE GV NE,36
BP2021-09033,Completed,2021-05-26,2021,2021-06-16,2021-11-24,2021,Commercial / Multi Family Project,Building,1606 - Ths Townhouse,Townhouse,Residential,New,New,New,Group C - Residential (3 Unit Rowhouse),MATTAMY HOMES CALGARY,,MATTAMY HOMES CALGARY,3,"$521,395",,32 CITYSIDE GV NE,CSC,CITYSCAPE,51.14369548,-113.9671715,6,Titled Parcel;Titled Parcel;Titled Parcel;Building;Building;Building,28 CITYSIDE GV NE;32 CITYSIDE GV NE;24 CITYSIDE GV NE;32 CITYSIDE GV NE;28 CITYSIDE GV NE;24 CITYSIDE GV NE,"MULTIPOINT (-113.96717153195046 51.14369548039887,-113.96726901151574 51.1436955077171,-113.9670647345908 51.143695450376114,-113.96726457098332 51.143750468768296,-113.9671700356924 51.14374984896051,-113.96706132362046 51.143749225084925)","{""type"":""MultiPoint"",""coordinates"":[[-113.9671715,51.1436955],[-113.967269,51.1436955],[-113.9670647,51.1436955],[-113.9672646,51.1437505],[-113.96717,51.1437498],[-113.9670613,51.1437492]]}",POINT (-113.96717153195046 51.14369548039887),"{""type"":""MultiPoint"",""coordinates"":[[-113.956762,50.8722634],[-113.9588148,50.8715606],[-113.9589065,50.8715502],[-113.9590929,50.8715408],[-113.9590027,50.8715445],[-113.9587336,50.8715692],[-113.9591817,50.871537]]}",POINT (-113.95676200242421 50.872263352033826),a,CITYSIDE GV NE,36
BP2021-12325,Completed,2021-07-13,2021,2021-09-24,2022-11-21,2022,Commercial / Multi Family Project,Building,1706 - Rhs Rowhouse,Unspecified,Residential,New,New,New,"4-Unit Residential Rowhouse; located at 166, 170, 174, 178 CITYSIDE GV NE",MATTAMY HOMES CALGARY,,MATTAMY (NORTHPOINT),4,"$859,000",,166 CITYSIDE GV NE,CSC,CITYSCAPE,51.14408227,-113.9680348,4,Titled Parcel;Titled Parcel;Titled Parcel;Titled Parcel,170 CITYSIDE GV NE;178 CITYSIDE GV NE;174 CITYSIDE GV NE;166 CITYSIDE GV NE,"MULTIPOINT (-113.96803476157707 51.144082271430285,-113.96784691784124 51.14408221994524,-113.967948328306 51.144082247777746,-113.96813298510105 51.144082298231716)","{""type"":""MultiPoint"",""coordinates"":[[-113.9680348,51.1440823],[-113.9678469,51.1440822],[-113.9679483,51.1440822],[-113.968133,51.1440823]]}",POINT (-113.96803476157707 51.144082271430285),"{""type"":""MultiPoint"",""coordinates"":[[-113.9844429,51.0422822],[-113.9843231,51.0422335],[-113.9842184,51.042332],[-113.9843208,51.0422695],[-113.9842704,51.0423737],[-113.9843366,51.0423023],[-113.984134,51.042374],[-113.9841148,51.0423019],[-113.984035,51.042374],[-113.9844238,51.0423683],[-113.9843179,51.042374],[-113.9843185,51.0423023],[-113.984117,51.0423747],[-113.984336,51.042373],[-113.9842353,51.0422677],[-113.9842393,51.0421967],[-113.9841352,51.0423016],[-113.9844125,51.0422381],[-113.9844131,51.0422263]]}",POINT (-113.98444289021465 51.04228222051515),a,CITYSIDE GV NE,36
BP2021-20452,Completed,2021-11-30,2021,2021-12-13,2023-02-24,2023,Commercial / Multi Family Project,Building,1706 - Rhs Rowhouse,Unspecified,Residential,New,New,New,New 4 Unit Rowhouse,MATTAMY HOMES CALGARY,,MATTAMY (NORTHPOINT),4,"$694,525",,206 CITYSIDE GV NE,CSC,CITYSCAPE,51.1443832,-113.9672369,4,Titled Parcel;Titled Parcel;Titled Parcel;Titled Parcel,218 CITYSIDE GV NE;206 CITYSIDE GV NE;210 CITYSIDE GV NE;214 CITYSIDE GV NE,"MULTIPOINT (-113.96723694136828 51.14438320159314,-113.96724415710614 51.14420341202594,-113.96723574106568 51.14426184193555,-113.9672368890581 51.14431577973359)","{""type"":""MultiPoint"",""coordinates"":[[-113.9672369,51.1443832],[-113.9672442,51.1442034],[-113.9672357,51.1442618],[-113.9672369,51.1443158]]}",POINT (-113.96723694136828 51.14438320159314),,,,CITYSIDE GV NE,36
BP2022-02305,Completed,2022-02-15,2022,2022-03-02,2023-03-15,2023,Commercial / Multi Family Project,Building,1706 - Rhs Rowhouse,Unspecified,Residential,New,New,New,5 unit Rowhouse,MATTAMY HOMES CALGARY,,MATTAMY (NORTHPOINT),5,"$1,032,810",,238 CITYSIDE GV NE,CSC,CITYSCAPE,51.14478773,-113.9672373,5,Titled Parcel;Titled Parcel;Titled Parcel;Titled Parcel;Titled Parcel,242 CITYSIDE GV NE;35 CITYSIDE RD NE;246 CITYSIDE GV NE;238 CITYSIDE GV NE;250 CITYSIDE GV NE,"MULTIPOINT (-113.96723729810591 51.144787732746025,-113.96718313460684 51.145007962235,-113.96723734567126 51.144841670230946,-113.96723723150362 51.14472031088716,-113.96723739323672 51.14489560771538)","{""type"":""MultiPoint"",""coordinates"":[[-113.9672373,51.1447877],[-113.9671831,51.145008],[-113.9672373,51.1448417],[-113.9672372,51.1447203],[-113.9672374,51.1448956]]}",POINT (-113.96723729810591 51.144787732746025),,,,CITYSIDE GV NE,36
BP2022-08765,Completed,2022-05-24,2022,2022-07-11,2023-01-10,2023,Commercial / Multi Family Project,Building,1606 - Ths Townhouse,Townhouse,Residential,New,New,New,4 unit rowhouse,MATTAMY HOMES CALGARY,,MATTAMY (NORTHPOINT),4,"$821,980",,194 CITYSIDE GV NE,CSC,CITYSCAPE,51.14408211,-113.9674437,4,Titled Parcel;Titled Parcel;Titled Parcel;Titled Parcel,194 CITYSIDE GV NE;190 CITYSIDE GV NE;182 CITYSIDE GV NE;186 CITYSIDE GV NE,"MULTIPOINT (-113.96744367690809 51.144082108404305,-113.96754260070071 51.14408213589641,-113.96773053018293 51.14408218789384,-113.96762911971854 51.144082159872504)","{""type"":""MultiPoint"",""coordinates"":[[-113.9674437,51.1440821],[-113.9675426,51.1440821],[-113.9677305,51.1440822],[-113.9676291,51.1440822]]}",POINT (-113.96744367690809 51.144082108404305),,,,CITYSIDE GV NE,36
BP2021-11306,Completed,2021-06-25,2021,2021-08-11,2022-08-29,2022,Commercial / Multi Family Project,Building,1706 - Rhs Rowhouse,Unspecified,Residential,New,New,New,Group C - Residential ( 3 Unit Rowhouse),MATTAMY HOMES CALGARY,,MATTAMY HOMES CALGARY,3,"$520,811",,64 CITYSIDE GV NE,CSC,CITYSCAPE,51.14369576,-113.9681759,3,Titled Parcel;Titled Parcel;Titled Parcel,68 CITYSIDE GV NE;72 CITYSIDE GV NE;64 CITYSIDE GV NE,"MULTIPOINT (-113.96817585301466 51.14369575796229,-113.96827409000959 51.14369578464897,-113.96807763031099 51.143695731197)","{""type"":""MultiPoint"",""coordinates"":[[-113.9681759,51.1436958],[-113.9682741,51.1436958],[-113.9680776,51.1436957]]}",POINT (-113.96817585301466 51.14369575796229),,,,CITYSIDE GV NE,36
BP2021-20774,Completed,2021-12-07,2021,2021-12-15,2023-02-03,2023,Commercial / Multi Family Project,Building,1606 - Ths Townhouse,Townhouse,Residential,New,New,New,New 4 Unit Rowhouse,MATTAMY HOMES CALGARY,,MATTAMY (NORTHPOINT),4,"$698,838",,222 CITYSIDE GV NE,CSC,CITYSCAPE,51.14458097,-113.9672371,4,Titled Parcel;Titled Parcel;Titled Parcel;Titled Parcel,230 CITYSIDE GV NE;234 CITYSIDE GV NE;222 CITYSIDE GV NE;226 CITYSIDE GV NE,"MULTIPOINT (-113.96723711577278 51.14458097238251,-113.96723717126534 51.14464389945044,-113.96723700160604 51.144459613033284,-113.96723707138973 51.14452254010654)","{""type"":""MultiPoint"",""coordinates"":[[-113.9672371,51.144581],[-113.9672372,51.1446439],[-113.967237,51.1444596],[-113.9672371,51.1445225]]}",POINT (-113.96723711577278 51.14458097238251),,,,CITYSIDE GV NE,36
BP2021-11682,Completed,2021-06-30,2021,2021-09-24,2022-10-19,2022,Commercial / Multi Family Project,Building,1706 - Rhs Rowhouse,Unspecified,Residential,New,New,New,Group C - Residential (4 Unit Rowhouse),MATTAMY HOMES CALGARY,,MATTAMY (NORTHPOINT),4,"$703,747",,158 CITYSIDE GV NE,CSC,CITYSCAPE,51.14408233,-113.968243,8,Titled Parcel;Titled Parcel;Titled Parcel;Titled Parcel;Building;Building;Building;Building,162 CITYSIDE GV NE;154 CITYSIDE GV NE;158 CITYSIDE GV NE;134 CITYSIDE GV NE;162 CITYSIDE GV NE;158 CITYSIDE GV NE;134 CITYSIDE GV NE;154 CITYSIDE GV NE,"MULTIPOINT (-113.96824299887798 51.14408232815232,-113.96842766996511 51.144082378144965,-113.96834122240229 51.14408235477889,-113.96859316799946 51.143947579002344,-113.96825429771448 51.14398619665317,-113.96834184533445 51.143986490068656,-113.9685151972366 51.14398680654637,-113.96842852156118 51.143986243808605)","{""type"":""MultiPoint"",""coordinates"":[[-113.968243,51.1440823],[-113.9684277,51.1440824],[-113.9683412,51.1440824],[-113.9685932,51.1439476],[-113.9682543,51.1439862],[-113.9683418,51.1439865],[-113.9685152,51.1439868],[-113.9684285,51.1439862]]}",POINT (-113.96824299887798 51.14408232815232),,,,CITYSIDE GV NE,36
BP2019-14911,Completed,2019-10-31,2019,2019-11-12,2021-06-18,2021,Commercial / Multi Family Project,Building,1606 - Ths Townhouse,Townhouse,Residential,New,New,New,New Building - The Terrace (Building #5),NORR ARCHITECTS ENGINEERS PLANNERS,,CEDARGLEN LIVING,6,"$1,478,301",,260 HARVEST HILLS WY NE,HAR,HARVEST HILLS,51.15123896,-114.0429095,2,Titled Parcel;Building,260 HARVEST HILLS WY NE;260 HARVEST HILLS WY NE,"MULTIPOINT (-114.04290950077629 51.15123896459085,-114.04277847265482 51.15120776484063)","{""type"":""MultiPoint"",""coordinates"":[[-114.0429095,51.151239],[-114.0427785,51.1512078]]}",POINT (-114.04290950077629 51.15123896459085),"{""type"":""MultiPoint"",""coordinates"":[[-113.9452475,50.866388],[-113.9451694,50.8662711],[-113.9452115,50.8663296]]}",POINT (-113.94524754308023 50.8663880454804),a,HARVEST HILLS WY NE,37
BP2019-10470,Completed,2019-08-06,2019,2019-08-12,2020-07-14,2020,Commercial / Multi Family Project,Building,1606 - Ths Townhouse,Townhouse,Residential,New,New,New,Harvest Hills The Terrace - Building 14,NORR ARCHITECTS ENGINEERS PLANNERS,,CEDARGLEN LIVING,5,"$1,006,516",,318 HARVEST GROVE WK NE,HAR,HARVEST HILLS,51.15118068,-114.0425157,10,Titled Parcel;Titled Parcel;Titled Parcel;Titled Parcel;Titled Parcel;Building;Building;Building;Building;Building,318 HARVEST GROVE WK NE;326 HARVEST GROVE WK NE;320 HARVEST GROVE WK NE;322 HARVEST GROVE WK NE;324 HARVEST GROVE WK NE;326 HARVEST GROVE WK NE;324 HARVEST GROVE WK NE;320 HARVEST GROVE WK NE;322 HARVEST GROVE WK NE;318 HARVEST GROVE WK NE,"MULTIPOINT (-114.04251573471804 51.15118067617423,-114.04240282241183 51.151373992888665,-114.04248541075596 51.15123462460548,-114.04245855177986 51.151279582201894,-114.04243170704504 51.151324539786636,-114.0422925191034 51.151342065914825,-114.04231818952883 51.1512944928225,-114.0423710522792 51.151206942254284,-114.04233933410052 51.151252620749055,-114.04239522260688 51.15116031359204)","{""type"":""MultiPoint"",""coordinates"":[[-114.0425157,51.1511807],[-114.0424028,51.151374],[-114.0424854,51.1512346],[-114.0424586,51.1512796],[-114.0424317,51.1513245],[-114.0422925,51.1513421],[-114.0423182,51.1512945],[-114.0423711,51.1512069],[-114.0423393,51.1512526],[-114.0423952,51.1511603]]}",POINT (-114.04251573471804 51.15118067617423),"{""type"":""MultiPoint"",""coordinates"":[[-114.1919759,51.0106389],[-114.1910777,51.0100965],[-114.192051,51.0106073],[-114.1921776,51.0105352],[-114.1921204,51.0105668],[-114.1920682,51.0107119],[-114.1922083,51.0106361],[-114.1921416,51.0106785],[-114.1922789,51.0106033]]}",POINT (-114.19197589028897 51.010638914863115),a,HARVEST GROVE WK NE,37
BP2019-13272,Completed,2019-09-26,2019,2019-10-18,2020-12-10,2020,Commercial / Multi Family Project,Building,1606 - Ths Townhouse,Townhouse,Residential,New,New,New,Harvest Hills The Terrace - Building 12,NORR ARCHITECTS ENGINEERS PLANNERS,,CEDARGLEN LIVING,6,"$1,209,604",,234 HARVEST GROVE WK NE,HAR,HARVEST HILLS,51.15074939,-114.0419234,12,Titled Parcel;Titled Parcel;Titled Parcel;Titled Parcel;Titled Parcel;Titled Parcel;Building;Building;Building;Building;Building;Building,244 HARVEST GROVE WK NE;236 HARVEST GROVE WK NE;234 HARVEST GROVE WK NE;238 HARVEST GROVE WK NE;242 HARVEST GROVE WK NE;240 HARVEST GROVE WK NE;236 HARVEST GROVE WK NE;240 HARVEST GROVE WK NE;238 HARVEST GROVE WK NE;242 HARVEST GROVE WK NE;234 HARVEST GROVE WK NE;244 HARVEST GROVE WK NE,"MULTIPOINT (-114.0419233966291 51.15074939064039,-114.04221959437963 51.150825695449896,-114.0422993388236 51.150843645779496,-114.0421459430336 51.15081223765544,-114.04199863231035 51.15077633236066,-114.04207228764342 51.15079428503126,-114.04226927701156 51.150746497378506,-114.04211344917304 51.150712303323566,-114.04220119943832 51.150732255511876,-114.04204384058785 51.15069615612768,-114.04234190250453 51.15076359624248,-114.04197272953103 51.15067810364069)","{""type"":""MultiPoint"",""coordinates"":[[-114.0419234,51.1507494],[-114.0422196,51.1508257],[-114.0422993,51.1508436],[-114.0421459,51.1508122],[-114.0419986,51.1507763],[-114.0420723,51.1507943],[-114.0422693,51.1507465],[-114.0421134,51.1507123],[-114.0422012,51.1507323],[-114.0420438,51.1506962],[-114.0423419,51.1507636],[-114.0419727,51.1506781]]}",POINT (-114.0419233966291 51.15074939064039),"{""type"":""MultiPoint"",""coordinates"":[[-114.0637106,50.8635651],[-114.0635831,50.8635652],[-114.0635162,50.8635652],[-114.0636437,50.8635652],[-114.0637073,50.8636542],[-114.0635204,50.8636543],[-114.0636491,50.8636542],[-114.0635786,50.8636543]]}",POINT (-114.06371061577715 50.86356513075529),a,HARVEST GROVE WK NE,37
BP2019-13259,Completed,2019-09-26,2019,2019-10-18,2020-11-23,2020,Commercial / Multi Family Project,Building,1606 - Ths Townhouse,Townhouse,Residential,New,New,New,Harvest Hills The Terrace - Building 09,NORR ARCHITECTS ENGINEERS PLANNERS,,CEDARGLEN LIVING,4,"$987,720",,128 HARVEST GROVE WK NE,HAR,HARVEST HILLS,51.1502549,-114.0421013,8,Titled Parcel;Titled Parcel;Titled Parcel;Titled Parcel;Building;Building;Building;Building,134 HARVEST GROVE WK NE;130 HARVEST GROVE WK NE;128 HARVEST GROVE WK NE;132 HARVEST GROVE WK NE;130 HARVEST GROVE WK NE;128 HARVEST GROVE WK NE;134 HARVEST GROVE WK NE;132 HARVEST GROVE WK NE,"MULTIPOINT (-114.04210125533542 51.15025490041014,-114.04225548660474 51.15032676136021,-114.04233758054912 51.15036718474204,-114.04218159096227 51.15029532453475,-114.04234063322991 51.1502512271696,-114.04242205345003 51.15028959212492,-114.04219136318653 51.15018090175806,-114.04227278315096 51.15021925782825)","{""type"":""MultiPoint"",""coordinates"":[[-114.0421013,51.1502549],[-114.0422555,51.1503268],[-114.0423376,51.1503672],[-114.0421816,51.1502953],[-114.0423406,51.1502512],[-114.0424221,51.1502896],[-114.0421914,51.1501809],[-114.0422728,51.1502193]]}",POINT (-114.04210125533542 51.15025490041014),"{""type"":""MultiPoint"",""coordinates"":[[-113.9490728,51.1666259],[-113.9490729,51.166509],[-113.9490728,51.1666843],[-113.9490728,51.1665719],[-113.9488969,51.166627],[-113.9488981,51.1665749],[-113.9488992,51.1665228],[-113.9488991,51.1666719]]}",POINT (-113.94907278610131 51.16662587066741),a,HARVEST GROVE WK NE,37
BP2019-13269,Completed,2019-09-26,2019,2019-10-18,2021-06-08,2021,Commercial / Multi Family Project,Building,1606 - Ths Townhouse,Townhouse,Residential,New,New,New,Harvest Hills The Terrace - Building 11,NORR ARCHITECTS ENGINEERS PLANNERS,,CEDARGLEN LIVING,4,"$806,015",,220 HARVEST GROVE WK NE,HAR,HARVEST HILLS,51.150839,-114.0427188,8,Titled Parcel;Titled Parcel;Titled Parcel;Titled Parcel;Building;Building;Building;Building,224 HARVEST GROVE WK NE;222 HARVEST GROVE WK NE;226 HARVEST GROVE WK NE;220 HARVEST GROVE WK NE;220 HARVEST GROVE WK NE;226 HARVEST GROVE WK NE;224 HARVEST GROVE WK NE;222 HARVEST GROVE WK NE,"MULTIPOINT (-114.04271882879341 51.15083899854983,-114.0427507899644 51.15079403902558,-114.0426663423608 51.15088396555338,-114.04279152298597 51.15074458149882,-114.04266694774464 51.150718952793646,-114.04256950359593 51.15085123385453,-114.04260349741507 51.1508093660428,-114.04263672836059 51.15076178113269)","{""type"":""MultiPoint"",""coordinates"":[[-114.0427188,51.150839],[-114.0427508,51.150794],[-114.0426663,51.150884],[-114.0427915,51.1507446],[-114.0426669,51.150719],[-114.0425695,51.1508512],[-114.0426035,51.1508094],[-114.0426367,51.1507618]]}",POINT (-114.04271882879341 51.15083899854983),"{""type"":""MultiPoint"",""coordinates"":[[-114.049842,51.0565933],[-114.0497702,51.056557],[-114.0496373,51.0565071],[-114.0497731,51.056509],[-114.0496343,51.0565557]]}",POINT (-114.04984198472634 51.056593262671505),a,HARVEST GROVE WK NE,37
BP2019-10445,Completed,2019-08-06,2019,2019-08-12,2020-07-29,2020,Commercial / Multi Family Project,Building,1606 - Ths Townhouse,Townhouse,Residential,New,New,New,Harvest Hills The Terrace - Building 13,NORR ARCHITECTS ENGINEERS PLANNERS,,CEDARGLEN LIVING,6,"$1,477,741",,302 HARVEST GROVE WK NE,HAR,HARVEST HILLS,51.15093804,-114.0422833,12,Titled Parcel;Titled Parcel;Titled Parcel;Titled Parcel;Titled Parcel;Titled Parcel;Building;Building;Building;Building;Building;Building,310 HARVEST GROVE WK NE;306 HARVEST GROVE WK NE;302 HARVEST GROVE WK NE;312 HARVEST GROVE WK NE;304 HARVEST GROVE WK NE;308 HARVEST GROVE WK NE;310 HARVEST GROVE WK NE;302 HARVEST GROVE WK NE;312 HARVEST GROVE WK NE;308 HARVEST GROVE WK NE;304 HARVEST GROVE WK NE;306 HARVEST GROVE WK NE,"MULTIPOINT (-114.04228333082258 51.150938042045965,-114.04211145957747 51.150897650984724,-114.04193065531585 51.15085726287318,-114.04237652963131 51.15096048224309,-114.04202554040192 51.15087970274576,-114.0421973972121 51.15092009393856,-114.04224681076022 51.15098436051286,-114.04190637266004 51.1509064624989,-114.04233910774849 51.15100525485944,-114.04216510868473 51.15096726486261,-114.04199866848256 51.15092641320998,-114.04207129589092 51.15094541802946)","{""type"":""MultiPoint"",""coordinates"":[[-114.0422833,51.150938],[-114.0421115,51.1508977],[-114.0419307,51.1508573],[-114.0423765,51.1509605],[-114.0420255,51.1508797],[-114.0421974,51.1509201],[-114.0422468,51.1509844],[-114.0419064,51.1509065],[-114.0423391,51.1510053],[-114.0421651,51.1509673],[-114.0419987,51.1509264],[-114.0420713,51.1509454]]}",POINT (-114.04228333082258 51.150938042045965),"{""type"":""MultiPoint"",""coordinates"":[[-113.9538362,51.1560112],[-113.9535679,51.1559796],[-113.9537303,51.1560022],[-113.9536489,51.1559931],[-113.9534695,51.1559661],[-113.9537441,51.1559677],[-113.9534991,51.1559348],[-113.953583,51.1559462],[-113.9538262,51.1559744],[-113.9536715,51.1559563]]}",POINT (-113.95383615526934 51.156011184708646),a,HARVEST GROVE WK NE,37
BP2019-10432,Completed,2019-08-06,2019,2019-08-12,2020-06-09,2020,Commercial / Multi Family Project,Building,1606 - Ths Townhouse,Townhouse,Residential,New,New,New,Harvest Hills The Terrace - Building 04,NORR ARCHITECTS ENGINEERS PLANNERS,,CEDARGLEN LIVING,4,"$987,720",,282 HARVEST HILLS WY NE,HAR,HARVEST HILLS,51.15176497,-114.0426067,8,Titled Parcel;Titled Parcel;Titled Parcel;Titled Parcel;Building;Building;Building;Building,288 HARVEST HILLS WY NE;282 HARVEST HILLS WY NE;286 HARVEST HILLS WY NE;284 HARVEST HILLS WY NE;284 HARVEST HILLS WY NE;288 HARVEST HILLS WY NE;282 HARVEST HILLS WY NE;286 HARVEST HILLS WY NE,"MULTIPOINT (-114.04260673575007 51.151764965017605,-114.04270559992133 51.15158963238566,-114.04264032486083 51.151702025801505,-114.04267154944192 51.151648077005916,-114.0425443770239 51.151614097812335,-114.04248699586643 51.15173114486707,-114.04257760773909 51.151565569021095,-114.04251265405829 51.15167024021005)","{""type"":""MultiPoint"",""coordinates"":[[-114.0426067,51.151765],[-114.0427056,51.1515896],[-114.0426403,51.151702],[-114.0426715,51.1516481],[-114.0425444,51.1516141],[-114.042487,51.1517311],[-114.0425776,51.1515656],[-114.0425127,51.1516702]]}",POINT (-114.04260673575007 51.151764965017605),"{""type"":""MultiPoint"",""coordinates"":[[-114.0667068,50.8642692],[-114.0668302,50.8644433],[-114.0668379,50.8643392],[-114.0668314,50.8645368],[-114.0668345,50.8642942],[-114.0668301,50.8643919],[-114.0668347,50.8644918]]}",POINT (-114.06670677782712 50.86426917362862),a,HARVEST HILLS WY NE,37
BP2019-13266,Completed,2019-09-26,2019,2019-10-18,2021-05-26,2021,Commercial / Multi Family Project,Building,1606 - Ths Townhouse,Townhouse,Residential,New,New,New,Harvest Hills The Terrace - Building 10,NORR ARCHITECTS ENGINEERS PLANNERS,,CEDARGLEN LIVING,7,"$1,552,450",,202 HARVEST GROVE WK NE,HAR,HARVEST HILLS,51.15041219,-114.0421816,14,Titled Parcel;Titled Parcel;Titled Parcel;Titled Parcel;Titled Parcel;Titled Parcel;Titled Parcel;Building;Building;Building;Building;Building;Building;Building,204 HARVEST GROVE WK NE;202 HARVEST GROVE WK NE;212 HARVEST GROVE WK NE;206 HARVEST GROVE WK NE;214 HARVEST GROVE WK NE;210 HARVEST GROVE WK NE;208 HARVEST GROVE WK NE;204 HARVEST GROVE WK NE;206 HARVEST GROVE WK NE;214 HARVEST GROVE WK NE;212 HARVEST GROVE WK NE;208 HARVEST GROVE WK NE;210 HARVEST GROVE WK NE;202 HARVEST GROVE WK NE,"MULTIPOINT (-114.04218161173898 51.150412188940436,-114.04210365266306 51.15037625874634,-114.04246314955991 51.15054243584297,-114.04225200573943 51.15044362703015,-114.04253820353902 51.15057387206807,-114.04239276544087 51.150506503092245,-114.04232238554233 51.15047506508246,-114.04213056205307 51.150449657887314,-114.04219502682852 51.15048375905923,-114.0424766097355 51.15061589372122,-114.04240875902777 51.150583924460896,-114.04226966651208 51.15051572599097,-114.04233751702373 51.15054769533239,-114.0420559349289 51.15041556033383)","{""type"":""MultiPoint"",""coordinates"":[[-114.0421816,51.1504122],[-114.0421037,51.1503763],[-114.0424631,51.1505424],[-114.042252,51.1504436],[-114.0425382,51.1505739],[-114.0423928,51.1505065],[-114.0423224,51.1504751],[-114.0421306,51.1504497],[-114.042195,51.1504838],[-114.0424766,51.1506159],[-114.0424088,51.1505839],[-114.0422697,51.1505157],[-114.0423375,51.1505477],[-114.0420559,51.1504156]]}",POINT (-114.04218161173898 51.150412188940436),"{""type"":""MultiPoint"",""coordinates"":[[-113.9539349,51.1552067],[-113.9534577,51.1549415]]}",POINT (-113.95393489075505 51.155206657812485),a,HARVEST GROVE WK NE,37
BP2019-01971,Completed,2019-02-26,2019,2019-03-06,2020-05-21,2020,Commercial / Multi Family Project,Building,1606 - Ths Townhouse,Townhouse,Residential,New,New,New,New Building - Harvest Hills The Terrace Building 16,NORR ARCHITECTS ENGINEERS PLANNERS,,,6,"$1,406,000",,402 HARVEST GROVE WK NE,HAR,HARVEST HILLS,51.15141431,-114.0427872,6,Titled Parcel;Building;Building;Building;Building;Building,276 HARVEST HILLS WY NE;408 HARVEST GROVE WK NE;410 HARVEST GROVE WK NE;402 HARVEST GROVE WK NE;406 HARVEST GROVE WK NE;404 HARVEST GROVE WK NE,"MULTIPOINT (-114.0427872397024 51.1514143059664,-114.04199618754193 51.151515806196,-114.04207938441819 51.15152528726058,-114.04174276645111 51.15148735502459,-114.0419035130219 51.15150513285518,-114.04182597751789 51.15149683626436)","{""type"":""MultiPoint"",""coordinates"":[[-114.0427872,51.1514143],[-114.0419962,51.1515158],[-114.0420794,51.1515253],[-114.0417428,51.1514874],[-114.0419035,51.1515051],[-114.041826,51.1514968]]}",POINT (-114.0427872397024 51.1514143059664),"{""type"":""MultiPoint"",""coordinates"":[[-113.9555411,51.1553152],[-113.9556429,51.1549204],[-113.9556422,51.1548781],[-113.9556431,51.1547339],[-113.9556432,51.1546031],[-113.955643,51.1547905],[-113.9556422,51.1548267],[-113.9556423,51.1546944]]}",POINT (-113.95554109114684 51.15531515404707),a,HARVEST GROVE WK NE,37
BP2019-13239,Completed,2019-09-26,2019,2019-10-18,2021-02-18,2021,Commercial / Multi Family Project,Building,1606 - Ths Townhouse,Townhouse,Residential,New,New,New,Harvest Hills The Terrace - Building 07,NORR ARCHITECTS ENGINEERS PLANNERS,,CEDARGLEN LIVING,5,"$1,237,227",,102 HARVEST GROVE WK NE,HAR,HARVEST HILLS,51.15068157,-114.0430325,10,Titled Parcel;Titled Parcel;Titled Parcel;Titled Parcel;Titled Parcel;Building;Building;Building;Building;Building,104 HARVEST GROVE WK NE;110 HARVEST GROVE WK NE;102 HARVEST GROVE WK NE;108 HARVEST GROVE WK NE;106 HARVEST GROVE WK NE;110 HARVEST GROVE WK NE;102 HARVEST GROVE WK NE;104 HARVEST GROVE WK NE;108 HARVEST GROVE WK NE;106 HARVEST GROVE WK NE,"MULTIPOINT (-114.0430325204832 51.150681566100836,-114.04280437601416 51.1505782697552,-114.04311464013405 51.150717494140714,-114.04288470865072 51.15061419861101,-114.04295860528 51.15064563499031,-114.04290040522925 51.15050909579315,-114.04319217106773 51.15064548605338,-114.04312770334653 51.15060925490484,-114.04297843094386 51.15053892151303,-114.04304967146213 51.15057302871335)","{""type"":""MultiPoint"",""coordinates"":[[-114.0430325,51.1506816],[-114.0428044,51.1505783],[-114.0431146,51.1507175],[-114.0428847,51.1506142],[-114.0429586,51.1506456],[-114.0429004,51.1505091],[-114.0431922,51.1506455],[-114.0431277,51.1506093],[-114.0429784,51.1505389],[-114.0430497,51.150573]]}",POINT (-114.0430325204832 51.150681566100836),"{""type"":""MultiPoint"",""coordinates"":[[-114.1214762,51.0425932],[-114.1213145,51.0425087],[-114.1214439,51.0423544],[-114.1214548,51.0424905],[-114.1213972,51.0424068],[-114.1215466,51.0423886],[-114.1214097,51.0425419],[-114.1213581,51.0424573],[-114.121503,51.0424429]]}",POINT (-114.12147624133307 51.04259320189601),a,HARVEST GROVE WK NE,37
BP2019-13254,Completed,2019-09-26,2019,2019-10-18,2020-12-29,2020,Commercial / Multi Family Project,Building,1606 - Ths Townhouse,Townhouse,Residential,New,New,New,Harvest Hills The Terrace - Building 08,NORR ARCHITECTS ENGINEERS PLANNERS,,CEDARGLEN LIVING,4,"$987,720",,116 HARVEST GROVE WK NE,HAR,HARVEST HILLS,51.15041659,-114.0424522,8,Titled Parcel;Titled Parcel;Titled Parcel;Titled Parcel;Building;Building;Building;Building,122 HARVEST GROVE WK NE;116 HARVEST GROVE WK NE;118 HARVEST GROVE WK NE;120 HARVEST GROVE WK NE;116 HARVEST GROVE WK NE;122 HARVEST GROVE WK NE;118 HARVEST GROVE WK NE;120 HARVEST GROVE WK NE,"MULTIPOINT (-114.04245221413335 51.15041658583138,-114.04268852258429 51.15052437467244,-114.04260643219332 51.15048844632165,-114.04253253192263 51.15045251493535,-114.04276130974297 51.15045369006623,-114.0425407926272 51.150342866143866,-114.04268667624297 51.15041319234349,-114.04261882372512 51.15037909267645)","{""type"":""MultiPoint"",""coordinates"":[[-114.0424522,51.1504166],[-114.0426885,51.1505244],[-114.0426064,51.1504884],[-114.0425325,51.1504525],[-114.0427613,51.1504537],[-114.0425408,51.1503429],[-114.0426867,51.1504132],[-114.0426188,51.1503791]]}",POINT (-114.04245221413335 51.15041658583138),,,,HARVEST GROVE WK NE,37
BP2019-14915,Completed,2019-10-31,2019,2019-11-28,2021-07-14,2021,Commercial / Multi Family Project,Building,1606 - Ths Townhouse,Townhouse,Residential,New,New,New,New Building - The Terrace (Building # 6),NORR ARCHITECTS ENGINEERS PLANNERS,,CEDARGLEN LIVING,6,"$1,478,301",,242 HARVEST HILLS WY NE,HAR,HARVEST HILLS,51.15089279,-114.0431224,2,Titled Parcel;Building,242 HARVEST HILLS WY NE;242 HARVEST HILLS WY NE,"MULTIPOINT (-114.04312240751989 51.15089278788414,-114.0429929478885 51.15085662555182)","{""type"":""MultiPoint"",""coordinates"":[[-114.0431224,51.1508928],[-114.0429929,51.1508566]]}",POINT (-114.04312240751989 51.15089278788414),,,,HARVEST HILLS WY NE,37
BP2019-10475,Completed,2019-08-06,2019,2019-08-12,2020-06-18,2020,Commercial / Multi Family Project,Building,1606 - Ths Townhouse,Townhouse,Residential,New,New,New,Harvest Hills The Terrace - Building 15,NORR ARCHITECTS ENGINEERS PLANNERS,,CEDARGLEN LIVING,4,"$806,015",,332 HARVEST GROVE WK NE,HAR,HARVEST HILLS,51.15135172,-114.0418403,8,Titled Parcel;Titled Parcel;Titled Parcel;Titled Parcel;Building;Building;Building;Building,336 HARVEST GROVE WK NE;338 HARVEST GROVE WK NE;332 HARVEST GROVE WK NE;334 HARVEST GROVE WK NE;332 HARVEST GROVE WK NE;338 HARVEST GROVE WK NE;334 HARVEST GROVE WK NE;336 HARVEST GROVE WK NE,"MULTIPOINT (-114.04184028273757 51.15135172153243,-114.04176281431184 51.15133826486313,-114.04200463095812 51.15136964176919,-114.04191747148849 51.15135618868192,-114.042026223049 51.15128507813014,-114.04178718583616 51.15126043346249,-114.04194756194588 51.15128035088286,-114.04185980420739 51.15126896556781)","{""type"":""MultiPoint"",""coordinates"":[[-114.0418403,51.1513517],[-114.0417628,51.1513383],[-114.0420046,51.1513696],[-114.0419175,51.1513562],[-114.0420262,51.1512851],[-114.0417872,51.1512604],[-114.0419476,51.1512804],[-114.0418598,51.151269]]}",POINT (-114.04184028273757 51.15135172153243),"{""type"":""MultiPoint"",""coordinates"":[[-114.1896626,51.0186661],[-114.1895901,51.0187471],[-114.1898454,51.0187415]]}",POINT (-114.18966259429429 51.018666079966),,HARVEST GROVE WK NE,37
BP2021-11211,Completed,2021-06-24,2021,2021-07-13,2022-02-24,2022,Commercial / Multi Family Project,Building,1706 - Rhs Rowhouse,Unspecified,Residential,New,New,New,Group C - Residential (4 Unit Rowhouse and detached garages),ALLISTON AT HOME,,,4,"$968,446",,6 BELVEDERE AV SE,BVD,BELVEDERE,51.04069608,-113.9076939,4,Titled Parcel;Titled Parcel;Titled Parcel;Titled Parcel,14 BELVEDERE AV SE;6 BELVEDERE AV SE;18 BELVEDERE AV SE;10 BELVEDERE AV SE,"MULTIPOINT (-113.90769391251834 51.04069607531966,-113.9078838081158 51.04065127643256,-113.90760486083441 51.04071847930869,-113.90777487905797 51.04067366488311)","{""type"":""MultiPoint"",""coordinates"":[[-113.9076939,51.0406961],[-113.9078838,51.0406513],[-113.9076049,51.0407185],[-113.9077749,51.0406737]]}",POINT (-113.90769391251834 51.04069607531966),"{""type"":""MultiPoint"",""coordinates"":[[-114.217202,51.0886751],[-114.2171151,51.0886753],[-114.2170216,51.088671],[-114.2173029,51.0886749],[-114.2170363,51.0885735],[-114.2172969,51.0885801],[-114.2171246,51.0885762],[-114.2172153,51.0885774]]}",POINT (-114.21720203970523 51.08867512417397),a,BELVEDERE AV SE,38
BP2021-08626,Completed,2021-05-19,2021,2021-10-19,2022-01-26,2022,Commercial / Multi Family Project,Building,1706 - Rhs Rowhouse,Unspecified,Residential,New,New,New,"3 -Unit Residential Rowhouse - located at 26, 30, 34 BELVEDERE AV SE",ALLISTON AT HOME,,ALLISTON GC,3,"$596,689",,26 BELVEDERE AV SE,BVD,BELVEDERE,51.04078121,-113.9073493,3,Titled Parcel;Titled Parcel;Titled Parcel,34 BELVEDERE AV SE;30 BELVEDERE AV SE;26 BELVEDERE AV SE,"MULTIPOINT (-113.90734927860335 51.04078120517218,-113.90743078731411 51.040758795404024,-113.90751174514052 51.04074088001387)","{""type"":""MultiPoint"",""coordinates"":[[-113.9073493,51.0407812],[-113.9074308,51.0407588],[-113.9075117,51.0407409]]}",POINT (-113.90734927860335 51.04078120517218),"{""type"":""MultiPoint"",""coordinates"":[[-114.2701738,51.0871983],[-114.2701766,51.0870185],[-114.270177,51.0870814],[-114.2701754,51.0871354]]}",POINT (-114.27017379012803 51.087198284292356),a,BELVEDERE AV SE,38
BP2021-07411,Completed,2021-05-03,2021,2021-07-15,2022-01-17,2022,Commercial / Multi Family Project,Building,1706 - Rhs Rowhouse,Unspecified,Residential,New,New,New,Group C - Residential (4 unit rowhouse with detached garages) and detached garages,ALLISTON AT HOME,,,4,"$798,400",,71 BELVEDERE AV SE,BVD,BELVEDERE,51.04068603,-113.9063636,4,Titled Parcel;Titled Parcel;Titled Parcel;Titled Parcel,79 BELVEDERE AV SE;75 BELVEDERE AV SE;87 BELVEDERE AV SE;71 BELVEDERE AV SE,"MULTIPOINT (-113.90636360282471 51.04068602735396,-113.90644455572802 51.04066361782787,-113.90624911698727 51.04071290480143,-113.90653362212451 51.04064121473434)","{""type"":""MultiPoint"",""coordinates"":[[-113.9063636,51.040686],[-113.9064446,51.0406636],[-113.9062491,51.0407129],[-113.9065336,51.0406412]]}",POINT (-113.90636360282471 51.04068602735396),"{""type"":""MultiPoint"",""coordinates"":[[-114.0430325,51.1506816],[-114.0428044,51.1505783],[-114.0431146,51.1507175],[-114.0428847,51.1506142],[-114.0429586,51.1506456],[-114.0429004,51.1505091],[-114.0431922,51.1506455],[-114.0431277,51.1506093],[-114.0429784,51.1505389],[-114.0430497,51.150573]]}",POINT (-114.0430325204832 51.150681566100836),a,BELVEDERE AV SE,38
BP2022-10886,Completed,2022-06-22,2022,2022-07-19,2023-10-19,2023,Commercial / Multi Family Project,Building,1706 - Rhs Rowhouse,Unspecified,Residential,New,New,New,4 Unit Residential Rowhouse - Block 6 Building 2,ALLISTON AT HOME,,ALLISTON GC,4,"$787,183",,127 BELVEDERE AV SE,BVD,BELVEDERE,51.04095035,-113.9052741,4,Titled Parcel;Titled Parcel;Titled Parcel;Titled Parcel,135 BELVEDERE AV SE;131 BELVEDERE AV SE;127 BELVEDERE AV SE;139 BELVEDERE AV SE,"MULTIPOINT (-113.90527413135509 51.0409503468107,-113.90534800340306 51.04093242717648,-113.90543249867348 51.04091451609157,-113.90518621369014 51.04096825500475)","{""type"":""MultiPoint"",""coordinates"":[[-113.9052741,51.0409503],[-113.905348,51.0409324],[-113.9054325,51.0409145],[-113.9051862,51.0409683]]}",POINT (-113.90527413135509 51.0409503468107),"{""type"":""MultiPoint"",""coordinates"":[[-114.1423759,51.1651884],[-114.1427062,51.1652824],[-114.1425085,51.1652197],[-114.1424486,51.1652063],[-114.1425674,51.1652331],[-114.1426252,51.165251],[-114.1423356,51.1652601],[-114.1424613,51.1652833],[-114.142577,51.1653101],[-114.1424028,51.1652735],[-114.1425199,51.1652958],[-114.1426341,51.1653262]]}",POINT (-114.1423759293381 51.165188401991465),a,BELVEDERE AV SE,38
BP2022-16304,Completed,2022-09-23,2022,2022-10-14,2023-07-25,2023,Commercial / Multi Family Project,Building,1706 - Rhs Rowhouse,Unspecified,Residential,New,New,New,4 Unit Residential Rowhouse,ALLISTON AT HOME,,ALLISTON GC,4,"$832,877",,175 BELVEDERE AV SE,BVD,BELVEDERE,51.04107559,-113.9045254,8,Titled Parcel;Titled Parcel;Titled Parcel;Titled Parcel;Building;Building;Building;Building,175 BELVEDERE AV SE;179 BELVEDERE AV SE;167 BELVEDERE AV SE;171 BELVEDERE AV SE;175 BELVEDERE AV SE;167 BELVEDERE AV SE;179 BELVEDERE AV SE;171 BELVEDERE AV SE,"MULTIPOINT (-113.90452538009858 51.04107559394162,-113.90443384423313 51.041084508872466,-113.90469251884895 51.04105325600261,-113.90460210032747 51.04106666684702,-113.90452507803856 51.04097279600223,-113.9045371636098 51.04096900321356,-113.9045160174283 51.04097563834837,-113.90452811277488 51.0409670899954)","{""type"":""MultiPoint"",""coordinates"":[[-113.9045254,51.0410756],[-113.9044338,51.0410845],[-113.9046925,51.0410533],[-113.9046021,51.0410667],[-113.9045251,51.0409728],[-113.9045372,51.040969],[-113.904516,51.0409756],[-113.9045281,51.0409671]]}",POINT (-113.90452538009858 51.04107559394162),"{""type"":""MultiPoint"",""coordinates"":[[-113.9324612,51.1532095],[-113.9316788,51.1535479],[-113.9316784,51.153821],[-113.9316787,51.1536012],[-113.93168,51.1537648],[-113.9316801,51.1537135],[-113.9316802,51.1536554]]}",POINT (-113.93246117296273 51.153209536773105),a,BELVEDERE AV SE,38
BP2022-14216,Completed,2022-08-18,2022,2022-09-06,2023-06-09,2023,Commercial / Multi Family Project,Building,1706 - Rhs Rowhouse,Unspecified,Residential,New,New,New,4 Unit Residential Rowhouse - Building 3,ALLISTON AT HOME,,ALLISTON GC,4,"$855,183",,147 BELVEDERE AV SE,BVD,BELVEDERE,51.04099064,-113.9050799,4,Titled Parcel;Titled Parcel;Titled Parcel;Titled Parcel,147 BELVEDERE AV SE;159 BELVEDERE AV SE;151 BELVEDERE AV SE;155 BELVEDERE AV SE,"MULTIPOINT (-113.905079892073 51.04099064305809,-113.90480069957465 51.0410353646868,-113.90498260578921 51.04100854348984,-113.90489874679355 51.04102195989637)","{""type"":""MultiPoint"",""coordinates"":[[-113.9050799,51.0409906],[-113.9048007,51.0410354],[-113.9049826,51.0410085],[-113.9048987,51.041022]]}",POINT (-113.905079892073 51.04099064305809),"{""type"":""MultiPoint"",""coordinates"":[[-114.2107565,51.0272017],[-114.2107563,51.027332],[-114.2107563,51.027395],[-114.2107564,51.0272736],[-114.2106645,51.0272047],[-114.2106637,51.0272721],[-114.2106659,51.0273913],[-114.2106657,51.0273317],[-114.2107572,51.0272145],[-114.2107585,51.0273913],[-114.2107589,51.0273369],[-114.2107604,51.027267]]}",POINT (-114.21075648620074 51.02720169435945),a,BELVEDERE AV SE,38
BP2021-11317,Completed,2021-06-25,2021,2021-08-20,2022-05-30,2022,Commercial / Multi Family Project,Building,1706 - Rhs Rowhouse,Unspecified,Residential,New,New,New,Group C - Residential ( 4 Unit Rowhouse and detached garages),ALLISTON AT HOME,,ALLISTON GC,4,"$876,081",,74 BELVEDERE AV SE,BVD,BELVEDERE,51.04100074,-113.9064486,4,Titled Parcel;Titled Parcel;Titled Parcel;Titled Parcel,86 BELVEDERE AV SE;74 BELVEDERE AV SE;82 BELVEDERE AV SE;78 BELVEDERE AV SE,"MULTIPOINT (-113.90644863944391 51.0410007364056,-113.90672605007009 51.04093353506504,-113.90655603892708 51.04097385309843,-113.90663698320553 51.04095593830384)","{""type"":""MultiPoint"",""coordinates"":[[-113.9064486,51.0410007],[-113.9067261,51.0409335],[-113.906556,51.0409739],[-113.906637,51.0409559]]}",POINT (-113.90644863944391 51.0410007364056),"{""type"":""MultiPoint"",""coordinates"":[[-114.0626193,51.0214282],[-114.0626194,51.0213653],[-114.0624879,51.0214009],[-114.0625488,51.0214244],[-114.0625496,51.0213654]]}",POINT (-114.06261928799957 51.02142823112486),,BELVEDERE AV SE,38
BP2022-10447,Completed,2022-06-15,2022,2022-07-11,2023-05-11,2023,Commercial / Multi Family Project,Building,1706 - Rhs Rowhouse,Unspecified,Residential,New,New,New,4 Unit Residential Rowhouse - Building 1,ALLISTON AT HOME,,ALLISTON GC,4,"$926,217",,107 BELVEDERE AV SE,BVD,BELVEDERE,51.04084731,-113.9057043,4,Titled Parcel;Titled Parcel;Titled Parcel;Titled Parcel,111 BELVEDERE AV SE;115 BELVEDERE AV SE;107 BELVEDERE AV SE;119 BELVEDERE AV SE,"MULTIPOINT (-113.90570433482017 51.04084731266424,-113.90562337611284 51.040865226801635,-113.90577970377664 51.04082939396463,-113.90553147634111 51.04089212178151)","{""type"":""MultiPoint"",""coordinates"":[[-113.9057043,51.0408473],[-113.9056234,51.0408652],[-113.9057797,51.0408294],[-113.9055315,51.0408921]]}",POINT (-113.90570433482017 51.04084731266424),,,,BELVEDERE AV SE,38
BP2021-15482,Completed,2021-09-02,2021,2021-10-13,2022-05-09,2022,Commercial / Multi Family Project,Building,1706 - Rhs Rowhouse,Unspecified,Residential,New,New,New,Part 9 - Row House,ALLISTON AT HOME,,ALLISTON GC,3,"$689,951",,42 BELVEDERE AV SE,BVD,BELVEDERE,51.04082601,-113.9071655,3,Titled Parcel;Titled Parcel;Titled Parcel,46 BELVEDERE AV SE;42 BELVEDERE AV SE;50 BELVEDERE AV SE,"MULTIPOINT (-113.90716545646845 51.040826008014385,-113.90725506468674 51.040803604802086,-113.9070758481638 51.04084841115786)","{""type"":""MultiPoint"",""coordinates"":[[-113.9071655,51.040826],[-113.9072551,51.0408036],[-113.9070758,51.0408484]]}",POINT (-113.90716545646845 51.040826008014385),,,,BELVEDERE AV SE,38
BP2023-04902,Completed,2023-04-13,2023,2023-05-04,2023-12-13,2023,Commercial / Multi Family Project,Building,1706 - Rhs Rowhouse,Unspecified,Residential,New,New,New,"A new, two storey, 6 unit rowhouse, Part 9, Group C occupancy",ALLISTON AT HOME,,ALLISTON GC,6,"$1,223,449",,140 BELVEDERE AV SE,BVD,BELVEDERE,51.04123371,-113.9055072,12,Titled Parcel;Titled Parcel;Titled Parcel;Titled Parcel;Titled Parcel;Titled Parcel;Building;Building;Building;Building;Building;Building,136 BELVEDERE AV SE;156 BELVEDERE AV SE;148 BELVEDERE AV SE;140 BELVEDERE AV SE;152 BELVEDERE AV SE;144 BELVEDERE AV SE;152 BELVEDERE AV SE;156 BELVEDERE AV SE;144 BELVEDERE AV SE;148 BELVEDERE AV SE;136 BELVEDERE AV SE;140 BELVEDERE AV SE,"MULTIPOINT (-113.90550723913391 51.041233712356565,-113.90511207971508 51.04130980500554,-113.90527436059315 51.04127847255021,-113.90541344609215 51.041251615970474,-113.9052027216294 51.04129189907778,-113.905342334813 51.041265043010696,-113.9052405384606 51.041368576275204,-113.90515086430045 51.041387346032586,-113.90538251996637 51.04134121865508,-113.90530903692608 51.041356864220774,-113.90553710077582 51.041302786695695,-113.90544197546471 51.04132363789054)","{""type"":""MultiPoint"",""coordinates"":[[-113.9055072,51.0412337],[-113.9051121,51.0413098],[-113.9052744,51.0412785],[-113.9054134,51.0412516],[-113.9052027,51.0412919],[-113.9053423,51.041265],[-113.9052405,51.0413686],[-113.9051509,51.0413873],[-113.9053825,51.0413412],[-113.905309,51.0413569],[-113.9055371,51.0413028],[-113.905442,51.0413236]]}",POINT (-113.90550723913391 51.041233712356565),,,,BELVEDERE AV SE,38
BP2022-18687,Completed,2022-11-10,2022,2022-12-08,2023-08-28,2023,Commercial / Multi Family Project,Building,1706 - Rhs Rowhouse,Unspecified,Residential,New,New,New,Project Scope: 6 Unit Residential Rowhouse - Building #1,ALLISTON AT HOME,,,6,"$1,205,439",,108 BELVEDERE AV SE,BVD,BELVEDERE,51.04113515,-113.9059139,6,Titled Parcel;Titled Parcel;Titled Parcel;Titled Parcel;Titled Parcel;Titled Parcel,112 BELVEDERE AV SE;124 BELVEDERE AV SE;108 BELVEDERE AV SE;116 BELVEDERE AV SE;120 BELVEDERE AV SE;128 BELVEDERE AV SE,"MULTIPOINT (-113.90591385038799 51.041135153237505,-113.90570811372856 51.04118443101275,-113.90600189126057 51.04111274972514,-113.90584412260364 51.041148581696945,-113.90577772238751 51.04116650766794,-113.90561773401654 51.04120683241494)","{""type"":""MultiPoint"",""coordinates"":[[-113.9059139,51.0411352],[-113.9057081,51.0411844],[-113.9060019,51.0411127],[-113.9058441,51.0411486],[-113.9057777,51.0411665],[-113.9056177,51.0412068]]}",POINT (-113.90591385038799 51.041135153237505),,,,BELVEDERE AV SE,38
BP2020-11741,Completed,2020-08-25,2020,2020-12-16,2021-10-18,2021,Commercial / Multi Family Project,Building,1706 - Rhs Rowhouse,Unspecified,Residential,New,New,New,New Building - KL35 Rowhouse,FORMED ALLIANCE ARCHITECTURE STUDIO,,EAGLE CREST CONSTRUCTION,4,"$784,185",,3562R 28 AV SW,KIL,KILLARNEY/GLENGARRY,51.02860515,-114.1376922,9,Titled Parcel;Building;Building;Building;Building;Building Suite;Building Suite;Building Suite;Building Suite,3560 28 AV SW;3564 28 AV SW;3566 28 AV SW;2840 35 ST SW;3562 28 AV SW;3562R 28 AV SW;3564R 28 AV SW;3566R 28 AV SW;2840B 35 ST SW,"MULTIPOINT (-114.13769216772064 51.02860514743477,-114.13789027366718 51.02864178986422,-114.13797669607297 51.02864326106993,-114.13805606503601 51.02864578335696,-114.13780800587121 51.028642408310375,-114.13784804084527 51.028692146403074,-114.13793113942592 51.02869283046392,-114.13801631858819 51.02869326029517,-114.13810730546021 51.02869078849734)","{""type"":""MultiPoint"",""coordinates"":[[-114.1376922,51.0286051],[-114.1378903,51.0286418],[-114.1379767,51.0286433],[-114.1380561,51.0286458],[-114.137808,51.0286424],[-114.137848,51.0286921],[-114.1379311,51.0286928],[-114.1380163,51.0286933],[-114.1381073,51.0286908]]}",POINT (-114.13769216772064 51.02860514743477),"{""type"":""MultiPoint"",""coordinates"":[[-114.0666014,50.8632713],[-114.0666399,50.8633611],[-114.0667949,50.8633604],[-114.0667179,50.863361],[-114.066871,50.8633609]]}",POINT (-114.06660140032821 50.863271341576535),a,28 AV SW,39
BP2018-07059,Completed,2018-06-06,2018,2018-07-09,2019-04-23,2019,Commercial / Multi Family Project,Building,1606 - Ths Townhouse,Townhouse,Residential,New,New,New,SunView Edge - Building #3 - 6 units Non stacked townhouses,SKYVIEW EDGE,,SKYVIEW EDGE,6,"$1,300,000",,#1 129 SKYVIEW PR NE,SKR,SKYVIEW RANCH,51.15604803,-113.9561324,8,Titled Parcel;Building;Building Suite;Building Suite;Building Suite;Building Suite;Building Suite;Building Suite,143 SKYVIEW PR NE;129 SKYVIEW PR NE;#3 129 SKYVIEW PR NE;#6 129 SKYVIEW PR NE;#4 129 SKYVIEW PR NE;#1 129 SKYVIEW PR NE;#2 129 SKYVIEW PR NE;#5 129 SKYVIEW PR NE,"MULTIPOINT (-113.95613238214247 51.15604802658661,-113.95601720138855 51.15591967532408,-113.95598692359673 51.15592098540159,-113.95600216610117 51.155796359851024,-113.95600058325309 51.155882461278715,-113.9560034841034 51.15600376751471,-113.95600276583585 51.15596237930299,-113.95600364199247 51.15583774834887)","{""type"":""MultiPoint"",""coordinates"":[[-113.9561324,51.156048],[-113.9560172,51.1559197],[-113.9559869,51.155921],[-113.9560022,51.1557964],[-113.9560006,51.1558825],[-113.9560035,51.1560038],[-113.9560028,51.1559624],[-113.9560036,51.1558377]]}",POINT (-113.95613238214247 51.15604802658661),"{""type"":""MultiPoint"",""coordinates"":[[-114.1264928,51.018329],[-114.1264932,51.0182706],[-114.1264935,51.0181582],[-114.1264936,51.0182166],[-114.1265854,51.0182664],[-114.1265871,51.0183292],[-114.1265838,51.0182198],[-114.1265881,51.0181551]]}",POINT (-114.12649277466913 51.01832901381549),a,129 SKYVIEW PR NE,40
BP2018-12208,Completed,2018-09-11,2018,2018-10-23,2019-10-28,2019,Commercial / Multi Family Project,Building,1606 - Ths Townhouse,Townhouse,Residential,New,New,New,Sunview Custom Homes - Bldg 2 non stacked,SKYVIEW EDGE,,SKYVIEW EDGE,6,"$1,250,000",,135 SKYVIEW PR NE,SKR,SKYVIEW RANCH,51.15604803,-113.9561324,2,Titled Parcel;Building,143 SKYVIEW PR NE;135 SKYVIEW PR NE,"MULTIPOINT (-113.95613238214247 51.15604802658661,-113.95632809983778 51.15592051097034)","{""type"":""MultiPoint"",""coordinates"":[[-113.9561324,51.156048],[-113.9563281,51.1559205]]}",POINT (-113.95613238214247 51.15604802658661),"{""type"":""MultiPoint"",""coordinates"":[[-114.0384672,51.0533478],[-114.0387102,51.0534239],[-114.0387944,51.0534087],[-114.0386563,51.0534091],[-114.0387339,51.0534084],[-114.0385799,51.0534102]]}",POINT (-114.03846716295358 51.05334777653581),a,SKYVIEW PR NE,40
BP2019-04540,Completed,2019-04-24,2019,2019-05-16,2019-10-28,2019,Commercial / Multi Family Project,Building,1606 - Ths Townhouse,Townhouse,Residential,New,New,New,Skyview Edge Building 1 - 6 units non-stacked townhouse,SKYVIEW EDGE,,SKYVIEW EDGE,6,"$1,241,800",,#1 141 SKYVIEW PR NE,SKR,SKYVIEW RANCH,51.15578749,-113.9565682,13,Titled Parcel;Titled Parcel;Titled Parcel;Titled Parcel;Titled Parcel;Titled Parcel;Building;Building Suite;Building Suite;Building Suite;Building Suite;Building Suite;Building Suite,#6 141 SKYVIEW PR NE;#5 141 SKYVIEW PR NE;#2 141 SKYVIEW PR NE;#3 141 SKYVIEW PR NE;#4 141 SKYVIEW PR NE;#1 141 SKYVIEW PR NE;141 SKYVIEW PR NE;#4 141 SKYVIEW PR NE;#5 141 SKYVIEW PR NE;#2 141 SKYVIEW PR NE;#3 141 SKYVIEW PR NE;#6 141 SKYVIEW PR NE;#1 141 SKYVIEW PR NE,"MULTIPOINT (-113.95656819279124 51.15578749191703,-113.95653956675677 51.15584141865628,-113.95653944852421 51.155967272476126,-113.95653948652763 51.1559268194629,-113.95653952453095 51.1558863664494,-113.95653939785285 51.156021209826655,-113.95668210763021 51.15592563180368,-113.9566685060658 51.15588746607678,-113.95666930557422 51.15584275229277,-113.95666767402822 51.15596690652496,-113.95664804260501 51.155925987756284,-113.95663531190537 51.15579754916877,-113.95666839244443 51.15600877117927)","{""type"":""MultiPoint"",""coordinates"":[[-113.9565682,51.1557875],[-113.9565396,51.1558414],[-113.9565394,51.1559673],[-113.9565395,51.1559268],[-113.9565395,51.1558864],[-113.9565394,51.1560212],[-113.9566821,51.1559256],[-113.9566685,51.1558875],[-113.9566693,51.1558428],[-113.9566677,51.1559669],[-113.956648,51.155926],[-113.9566353,51.1557975],[-113.9566684,51.1560088]]}",POINT (-113.95656819279124 51.15578749191703),"{""type"":""MultiPoint"",""coordinates"":[[-113.9489952,51.1668371],[-113.9499194,51.1666674],[-113.9497548,51.1666666],[-113.9498377,51.1666673],[-113.9500011,51.1666674],[-113.9496731,51.1666665]]}",POINT (-113.94899521425576 51.16683709118483),a,141 SKYVIEW PR NE,40
BP2018-03378,Completed,2018-03-29,2018,2018-05-01,2020-07-13,2020,Commercial / Multi Family Project,Building,1606 - Ths Townhouse,Townhouse,Residential,New,New,New,Sunview Custom Homes - Bldg 4 - non stacked 6 units,SKYVIEW EDGE,,SKYVIEW EDGE,6,"$1,000,000",,125 SKYVIEW PR NE,SKR,SKYVIEW RANCH,51.15604803,-113.9561324,7,Titled Parcel;Building;Building;Building;Building;Building;Building,143 SKYVIEW PR NE;125 SKYVIEW PR NE;80 SKYVIEW LI NE;78 SKYVIEW LI NE;72 SKYVIEW LI NE;74 SKYVIEW LI NE;76 SKYVIEW LI NE,"MULTIPOINT (-113.95613238214247 51.15604802658661,-113.9556574413716 51.15599517767658,-113.95565477979258 51.15595328531053,-113.95565434710608 51.15591255344256,-113.95565588199509 51.1557876800214,-113.95565584237475 51.155829014011836,-113.95565532732743 51.155874204343775)","{""type"":""MultiPoint"",""coordinates"":[[-113.9561324,51.156048],[-113.9556574,51.1559952],[-113.9556548,51.1559533],[-113.9556543,51.1559126],[-113.9556559,51.1557877],[-113.9556558,51.155829],[-113.9556553,51.1558742]]}",POINT (-113.95613238214247 51.15604802658661),"{""type"":""MultiPoint"",""coordinates"":[[-113.9366243,51.1532164],[-113.936264,51.1537465],[-113.9363656,51.1535854],[-113.9363688,51.1537281],[-113.9363668,51.1535319],[-113.9363711,51.1536817],[-113.9363678,51.1536339]]}",POINT (-113.93662430241723 51.153216361146576),a,SKYVIEW PR NE,40
BP2018-06969,Completed,2018-06-05,2018,2018-06-19,2018-11-13,2018,Commercial / Multi Family Project,Building,1606 - Ths Townhouse,Townhouse,Residential,New,New,New,New Townhouse - 5 Unit,SHANE HOMES,,,5,"$1,062,161",,846 CORNERSTONE BV NE,CNS,CORNERSTONE,51.15283042,-113.9377697,6,Titled Parcel;Titled Parcel;Titled Parcel;Titled Parcel;Titled Parcel;Building,838 CORNERSTONE BV NE;846 CORNERSTONE BV NE;830 CORNERSTONE BV NE;834 CORNERSTONE BV NE;842 CORNERSTONE BV NE;846 CORNERSTONE BV NE,"MULTIPOINT (-113.93776968841743 51.15283042471921,-113.93776534530684 51.15295627634562,-113.93777059713217 51.15271805561375,-113.93776968949493 51.15277648731739,-113.93776968733987 51.15288436212053,-113.93763447711423 51.15294025016565)","{""type"":""MultiPoint"",""coordinates"":[[-113.9377697,51.1528304],[-113.9377653,51.1529563],[-113.9377706,51.1527181],[-113.9377697,51.1527765],[-113.9377697,51.1528844],[-113.9376345,51.1529403]]}",POINT (-113.93776968841743 51.15283042471921),"{""type"":""MultiPoint"",""coordinates"":[[-113.9535046,51.1354114],[-113.9538314,51.1355638],[-113.9536522,51.1355623],[-113.9538813,51.1355631],[-113.9535411,51.1355644],[-113.9535898,51.1355651],[-113.953633,51.1355402],[-113.9538984,51.1355346],[-113.953608,51.135538],[-113.9536976,51.135553]]}",POINT (-113.95350464386783 51.135411436502075),,CORNERSTONE BV NE,41
BP2018-06970,Completed,2018-06-05,2018,2018-06-19,2019-01-11,2019,Commercial / Multi Family Project,Building,1606 - Ths Townhouse,Townhouse,Residential,New,New,New,New Townhouse - 5 Unit,SHANE HOMES,,,5,"$1,075,774",,826 CORNERSTONE BV NE,CNS,CORNERSTONE,51.15247534,-113.9377698,6,Titled Parcel;Titled Parcel;Titled Parcel;Titled Parcel;Titled Parcel;Building,814 CORNERSTONE BV NE;822 CORNERSTONE BV NE;810 CORNERSTONE BV NE;818 CORNERSTONE BV NE;826 CORNERSTONE BV NE;826 CORNERSTONE BV NE,"MULTIPOINT (-113.93776975149397 51.152475336844475,-113.93776976363353 51.15258321166081,-113.9377697729103 51.152416904666346,-113.93776886420014 51.152529273777624,-113.9377653133244 51.15265063104835,-113.93764148645528 51.15263936410232)","{""type"":""MultiPoint"",""coordinates"":[[-113.9377698,51.1524753],[-113.9377698,51.1525832],[-113.9377698,51.1524169],[-113.9377689,51.1525293],[-113.9377653,51.1526506],[-113.9376415,51.1526394]]}",POINT (-113.93776975149397 51.152475336844475),"{""type"":""MultiPoint"",""coordinates"":[[-114.2095282,51.1106509],[-114.2096745,51.1109439],[-114.2096729,51.1107881],[-114.2096734,51.1108417],[-114.2096745,51.1109411],[-114.2096729,51.1107888],[-114.2096734,51.110843],[-114.2096739,51.1108876],[-114.209674,51.1108914]]}",POINT (-114.20952818480653 51.110650869439795),a,CORNERSTONE BV NE,41
BP2018-13294,Completed,2018-10-03,2018,2018-10-19,2019-05-20,2019,Commercial / Multi Family Project,Building,1606 - Ths Townhouse,Townhouse,Residential,New,New,New,New Townhouse - 5 Unit,SHANE HOMES,,SHANE HOMES,5,"$1,062,150",,806 CORNERSTONE BV NE,CNS,CORNERSTONE,51.15234499,-113.9377707,6,Titled Parcel;Titled Parcel;Titled Parcel;Titled Parcel;Titled Parcel;Building,806 CORNERSTONE BV NE;794 CORNERSTONE BV NE;790 CORNERSTONE BV NE;802 CORNERSTONE BV NE;798 CORNERSTONE BV NE;806 CORNERSTONE BV NE,"MULTIPOINT (-113.93777068438239 51.152344988609485,-113.93777069970042 51.152174186827416,-113.93776982665801 51.15211125938636,-113.93776981958526 51.1522865559586,-113.93777071291845 51.15222812424243,-113.93763714678575 51.15233822925479)","{""type"":""MultiPoint"",""coordinates"":[[-113.9377707,51.152345],[-113.9377707,51.1521742],[-113.9377698,51.1521113],[-113.9377698,51.1522866],[-113.9377707,51.1522281],[-113.9376371,51.1523382]]}",POINT (-113.93777068438239 51.152344988609485),,,,CORNERSTONE BV NE,41
BP2019-05459,Completed,2019-05-09,2019,2019-05-29,2019-11-29,2019,Commercial / Multi Family Project,Building,1706 - Rhs Rowhouse,Unspecified,Residential,New,New,New,5 Unit Rowhouse - Building 4,SHANE HOMES,,SHANE HOMES,5,"$1,071,346",,782 CORNERSTONE BV NE,CNS,CORNERSTONE,51.1518146,-113.937769,10,Titled Parcel;Titled Parcel;Titled Parcel;Titled Parcel;Titled Parcel;Building;Building;Building;Building;Building,770 CORNERSTONE BV NE;782 CORNERSTONE BV NE;778 CORNERSTONE BV NE;786 CORNERSTONE BV NE;774 CORNERSTONE BV NE;770 CORNERSTONE BV NE;782 CORNERSTONE BV NE;786 CORNERSTONE BV NE;778 CORNERSTONE BV NE;774 CORNERSTONE BV NE,"MULTIPOINT (-113.9377689964031 51.151814603188626,-113.93776987333175 51.15198091067176,-113.93776988870178 51.15192697326965,-113.93776898000255 51.15203934239042,-113.93776988977811 51.15187303585946,-113.93764032485763 51.15181496616362,-113.93763782713816 51.15198192808724,-113.93763547622127 51.15203996348681,-113.93763865907121 51.15192675056002,-113.93764024792168 51.15187204988293)","{""type"":""MultiPoint"",""coordinates"":[[-113.937769,51.1518146],[-113.9377699,51.1519809],[-113.9377699,51.151927],[-113.937769,51.1520393],[-113.9377699,51.151873],[-113.9376403,51.151815],[-113.9376378,51.1519819],[-113.9376355,51.15204],[-113.9376387,51.1519268],[-113.9376402,51.151872]]}",POINT (-113.9377689964031 51.151814603188626),"{""type"":""MultiPoint"",""coordinates"":[[-113.9754636,50.8640834],[-113.9746007,50.865126],[-113.9746627,50.8651534],[-113.9745387,50.8650933],[-113.9743169,50.8649934],[-113.9743827,50.8650255],[-113.9744485,50.8650564],[-113.9747275,50.8651861]]}",POINT (-113.97546362605347 50.8640833803443),a,CORNERSTONE BV NE,41
BP2019-11907,Completed,2019-08-30,2019,2019-09-25,2020-03-12,2020,Commercial / Multi Family Project,Building,1706 - Rhs Rowhouse,Unspecified,Residential,New,New,New,5 Unit Row House - with detached garages,SHANE HOMES,,SHANE HOMES,5,"$1,062,303",,750 CORNERSTONE BV NE,CNS,CORNERSTONE,51.15151346,-113.9377735,5,Titled Parcel;Titled Parcel;Titled Parcel;Titled Parcel;Titled Parcel,750 CORNERSTONE BV NE;754 CORNERSTONE BV NE;766 CORNERSTONE BV NE;762 CORNERSTONE BV NE;758 CORNERSTONE BV NE,"MULTIPOINT (-113.93777348938625 51.151513455023114,-113.9377690655711 51.15157188486831,-113.93776902166202 51.15174268665285,-113.93776904307813 51.151684254467376,-113.93776906449412 51.15162582228131)","{""type"":""MultiPoint"",""coordinates"":[[-113.9377735,51.1515135],[-113.9377691,51.1515719],[-113.937769,51.1517427],[-113.937769,51.1516843],[-113.9377691,51.1516258]]}",POINT (-113.93777348938625 51.151513455023114),"{""type"":""MultiPoint"",""coordinates"":[[-113.9470509,51.1181576],[-113.9471235,51.1182128]]}",POINT (-113.94705086508411 51.118157637087535),,CORNERSTONE BV NE,41
BP2018-06326,Completed,2018-05-25,2018,2018-07-12,2019-03-26,2019,Commercial / Multi Family Project,Building,1606 - Ths Townhouse,Townhouse,Residential,New,New,New,4 Unit Rowhouses 9.10.15. and related detached garages 9.10.14.,JAYKAY HOMES,,JAYKAY HOMES,4,"$750,918",,#1 1926 25A ST SW,RIC,RICHMOND,51.03683132,-114.122097,5,Titled Parcel;Building Suite;Building Suite;Building Suite;Building Suite,1926 25A ST SW;#4 1926 25A ST SW;#2 1926 25A ST SW;#1 1926 25A ST SW;#3 1926 25A ST SW,"MULTIPOINT (-114.12209703441714 51.036831324080104,-114.12176095628834 51.03679948240689,-114.12177229027053 51.03685339111573,-114.12205283017381 51.03685158819882,-114.12205349755851 51.03680169439203)","{""type"":""MultiPoint"",""coordinates"":[[-114.122097,51.0368313],[-114.121761,51.0367995],[-114.1217723,51.0368534],[-114.1220528,51.0368516],[-114.1220535,51.0368017]]}",POINT (-114.12209703441714 51.036831324080104),"{""type"":""MultiPoint"",""coordinates"":[[-113.9535072,51.1359149],[-113.9538998,51.1357919],[-113.9538781,51.1357658],[-113.9535919,51.1357628],[-113.9536996,51.1357721],[-113.9535431,51.1357635],[-113.9538318,51.1357651],[-113.9536486,51.1357842],[-113.9536316,51.1357956],[-113.95361,51.135782]]}",POINT (-113.9535071960551 51.13591485472802),,1926 25A ST SW,42
BP2017-15426,Completed,2017-11-23,2017,2017-12-21,2019-03-25,2019,Commercial / Multi Family Project,Building,1606 - Ths Townhouse,Townhouse,Residential,New,New,New,"Stephen Fines Homes 4 Plex: New 3 storey, 4 residential units",TRICOR DESIGN GROUP,,STEPHENS FINE HOMES,4,"$1,173,718",,#1 1934 25A ST SW,RIC,RICHMOND,51.03657842,-114.1220961,7,Titled Parcel;Building;Building;Building Suite;Building Suite;Building Suite;Building Suite,1934 25A ST SW;1934 25A ST SW;1936 25A ST SW;#1 1934 25A ST SW;#2 1936 25A ST SW;#1 1936 25A ST SW;#2 1934 25A ST SW,"MULTIPOINT (-114.12209611312865 51.036578416414045,-114.12188901650217 51.036595758058056,-114.12188428967676 51.036522289761606,-114.12203159742046 51.036590161480945,-114.12180507181496 51.036522372350156,-114.1220208560159 51.03652310017184,-114.12179996219523 51.03658564753528)","{""type"":""MultiPoint"",""coordinates"":[[-114.1220961,51.0365784],[-114.121889,51.0365958],[-114.1218843,51.0365223],[-114.1220316,51.0365902],[-114.1218051,51.0365224],[-114.1220209,51.0365231],[-114.1218,51.0365856]]}",POINT (-114.12209611312865 51.036578416414045),"{""type"":""MultiPoint"",""coordinates"":[[-114.0547582,51.0833534],[-114.0548035,51.0835342]]}",POINT (-114.05475816718206 51.08335338462859),,1934 25A ST SW,42
BP2020-00878,Completed,2020-01-24,2020,2020-02-20,2021-02-02,2021,Commercial / Multi Family Project,Building,1706 - Rhs Rowhouse,Unspecified,Residential,New,New,New,Group C - 4 unit rowhouse and detached garages,TRICOR DESIGN GROUP,,CHANDAN HOMES,4,"$894,279",,1855 12 ST NW,CAP,CAPITOL HILL,51.06835927,-114.0899619,5,Titled Parcel;Building;Building;Building;Building,1851 12 ST NW;1853 12 ST NW;1855 12 ST NW;1301 18 AV NW;1303 18 AV NW,"MULTIPOINT (-114.08996188291577 51.06835927228238,-114.08997064682343 51.06844935130882,-114.08997264588994 51.06850166981632,-114.0900247532781 51.06860510113008,-114.09010968919655 51.06860444237016)","{""type"":""MultiPoint"",""coordinates"":[[-114.0899619,51.0683593],[-114.0899706,51.0684494],[-114.0899726,51.0685017],[-114.0900248,51.0686051],[-114.0901097,51.0686044]]}",POINT (-114.08996188291577 51.06835927228238),"{""type"":""MultiPoint"",""coordinates"":[[-114.1269348,51.0182431],[-114.1269164,51.0183061],[-114.1269345,51.0181308],[-114.1269344,51.0181937],[-114.1268448,51.0182462],[-114.1268449,51.0183014],[-114.1268446,51.018191],[-114.1268475,51.0181311]]}",POINT (-114.12693475354106 51.01824313165481),a,12 ST NW,43
BP2018-11577,Completed,2018-08-29,2018,2018-10-18,2019-09-10,2019,Commercial / Multi Family Project,Building,1606 - Ths Townhouse,Townhouse,Residential,New,New,New,Residential Part 9 - 4 Plex & Garage,SYSTEMIC ARCHITECTURE,,HOMES BY SORENSEN,4,"$709,873",,1304 19 AV NW,CAP,CAPITOL HILL,51.06975715,-114.0899887,5,Titled Parcel;Building;Building;Building;Building,1302 19 AV NW;2011 12 ST NW;2009 12 ST NW;2007 12 ST NW;1304 19 AV NW,"MULTIPOINT (-114.08998874911661 51.06975714960224,-114.08997092371004 51.06993892599642,-114.08996235190926 51.069881848020955,-114.08995740281883 51.06982401212213,-114.09000801252235 51.06975775506107)","{""type"":""MultiPoint"",""coordinates"":[[-114.0899887,51.0697571],[-114.0899709,51.0699389],[-114.0899624,51.0698818],[-114.0899574,51.069824],[-114.090008,51.0697578]]}",POINT (-114.08998874911661 51.06975714960224),"{""type"":""MultiPoint"",""coordinates"":[[-114.1376865,51.173379],[-114.1376866,51.1734194],[-114.1376873,51.1736712],[-114.1376863,51.173334],[-114.1376868,51.1735004],[-114.1376869,51.1735408],[-114.1376867,51.1734599],[-114.1376872,51.1736262],[-114.1408668,51.1730786],[-114.1376871,51.1735813],[-114.1375627,51.1733378],[-114.1375686,51.1734977],[-114.1375687,51.1735433],[-114.137561,51.1733767],[-114.1375691,51.1736666],[-114.1375703,51.1734566],[-114.1375744,51.1736244],[-114.1375683,51.1734143],[-114.1375743,51.1735821],[-114.1375649,51.1732818]]}",POINT (-114.1376864629021 51.17337899681148),,19 AV NW,44
BP2018-01893,Completed,2018-02-22,2018,2018-04-06,2018-12-12,2018,Commercial / Multi Family Project,Building,1706 - Rhs Rowhouse,Unspecified,Residential,New,New,New,New- Part 9 Group C - 4 unit Townhouse,BMP CONSTRUCTION MANAGEMENT,,,4,"$899,610",,1241 19 AV NW,CAP,CAPITOL HILL,51.06952379,-114.0895007,5,Titled Parcel;Building;Building;Building;Building,1239 19 AV NW;1950 12 ST NW;1954 12 ST NW;1952 12 ST NW;1241 19 AV NW,"MULTIPOINT (-114.0895006506877 51.069523792196094,-114.08955690689474 51.06932236191672,-114.08955485032507 51.06943225355105,-114.08955626176639 51.06937992344251,-114.08955778768467 51.06948302510998)","{""type"":""MultiPoint"",""coordinates"":[[-114.0895007,51.0695238],[-114.0895569,51.0693224],[-114.0895549,51.0694323],[-114.0895563,51.0693799],[-114.0895578,51.069483]]}",POINT (-114.0895006506877 51.069523792196094),"{""type"":""MultiPoint"",""coordinates"":[[-113.9366243,51.1532164],[-113.9366638,51.1539781],[-113.9364274,51.1539774],[-113.9368265,51.1539782],[-113.9365154,51.1539787],[-113.9367376,51.153977],[-113.9365882,51.1539793],[-113.9363537,51.153972]]}",POINT (-113.93662430241723 51.153216361146576),a,19 AV NW,44
BP2017-10082,Completed,2017-08-03,2017,2017-08-25,2018-10-24,2018,Commercial / Multi Family Project,Building,1606 - Ths Townhouse,Townhouse,Residential,New,New,New,New - Group C Townhouses - Cranston Building 23,BROOKFIELD RESIDENTIAL (ALBERTA),,BROOKFIELD RESIDENTIAL (ALBERTA),10,"$1,483,998",,103 CRANBROOK WK SE,CRA,CRANSTON,50.86435327,-113.9763855,13,Titled Parcel;Titled Parcel;Titled Parcel;Building;Building;Building;Building;Building;Building;Building;Building;Building;Building,975 CRANSTON AV SE;20821 40 ST SE;1083 CRANSTON AV SE;105 CRANBROOK WK SE;115 CRANBROOK WK SE;107 CRANBROOK WK SE;111 CRANBROOK WK SE;113 CRANBROOK WK SE;119 CRANBROOK WK SE;121 CRANBROOK WK SE;117 CRANBROOK WK SE;103 CRANBROOK WK SE;109 CRANBROOK WK SE,"MULTIPOINT (-113.97638545170372 50.86435327086223,-113.97554903743307 50.86827723773881,-113.97513035489433 50.863997904688006,-113.97710961422456 50.86520885070094,-113.97691054082976 50.86533940039035,-113.97705040083729 50.865245230638294,-113.97697031111173 50.865297662587864,-113.97694492896804 50.865319062793134,-113.97682142742264 50.86539717950797,-113.97677009906504 50.86543106164455,-113.9768716190655 50.86536364773382,-113.97715473486552 50.86517353778721,-113.97701149149778 50.86527340666606)","{""type"":""MultiPoint"",""coordinates"":[[-113.9763855,50.8643533],[-113.975549,50.8682772],[-113.9751304,50.8639979],[-113.9771096,50.8652089],[-113.9769105,50.8653394],[-113.9770504,50.8652452],[-113.9769703,50.8652977],[-113.9769449,50.8653191],[-113.9768214,50.8653972],[-113.9767701,50.8654311],[-113.9768716,50.8653636],[-113.9771547,50.8651735],[-113.9770115,50.8652734]]}",POINT (-113.97638545170372 50.86435327086223),"{""type"":""MultiPoint"",""coordinates"":[[-114.0605102,51.0734259],[-114.0605495,51.0734922]]}",POINT (-114.0605102361531 51.073425940094694),a,CRANBROOK WK SE,45
BP2019-10058,Completed,2019-07-30,2019,2019-09-12,2021-08-04,2021,Commercial / Multi Family Project,Building,1606 - Ths Townhouse,Townhouse,Residential,New,New,New,New - Part 9 Group C - 14 Unit townhouse,MATTAMY HOMES CALGARY,,MATTAMY HOMES CALGARY,14,"$2,562,410",,55 CITYSCAPE RO NE,CSC,CITYSCAPE,51.15327653,-113.9611907,28,Titled Parcel;Titled Parcel;Titled Parcel;Titled Parcel;Titled Parcel;Titled Parcel;Titled Parcel;Titled Parcel;Titled Parcel;Titled Parcel;Titled Parcel;Titled Parcel;Titled Parcel;Titled Parcel;Building;Building;Building;Building;Building;Building;Building;Building;Building;Building;Building;Building;Building;Building,237 CITYSCAPE CO NE;233 CITYSCAPE CO NE;229 CITYSCAPE CO NE;31 CITYSCAPE RO NE;241 CITYSCAPE CO NE;51 CITYSCAPE RO NE;35 CITYSCAPE RO NE;245 CITYSCAPE CO NE;253 CITYSCAPE CO NE;39 CITYSCAPE RO NE;43 CITYSCAPE RO NE;249 CITYSCAPE CO NE;47 CITYSCAPE RO NE;55 CITYSCAPE RO NE;35 CITYSCAPE RO NE;39 CITYSCAPE RO NE;229 CITYSCAPE CO NE;237 CITYSCAPE CO NE;253 CITYSCAPE CO NE;233 CITYSCAPE CO NE;51 CITYSCAPE RO NE;55 CITYSCAPE RO NE;31 CITYSCAPE RO NE;241 CITYSCAPE CO NE;245 CITYSCAPE CO NE;47 CITYSCAPE RO NE;249 CITYSCAPE CO NE;43 CITYSCAPE RO NE,"MULTIPOINT (-113.9611907183663 51.153276533778225,-113.96128533071142 51.1532765651295,-113.96139938672063 51.153272108039175,-113.96139500694062 51.15305635701422,-113.96110083735329 51.15327650392388,-113.96092107933097 51.15305170486364,-113.96128387495885 51.15305182550221,-113.96100629647876 51.15327647244722,-113.96081201169451 51.15327640752171,-113.96119393720635 51.15305179570057,-113.96110399945397 51.15305176582977,-113.96091477164984 51.15327644190192,-113.9610125322454 51.153051735380075,-113.96081220204934 51.15305166843972,-113.96127915288606 51.15312618562864,-113.96118649912754 51.15312615492223,-113.96137509115654 51.15319843052848,-113.96118901138195 51.15319847681283,-113.96082292678733 51.15319857951787,-113.96127826335129 51.153198452453836,-113.96091514168447 51.15312606456935,-113.96081964341904 51.1531260326219,-113.96137653796136 51.15312621782396,-113.96109674337221 51.15319850010073,-113.9610044610608 51.153198532300635,-113.96100400753048 51.153126094228,-113.9609121787569 51.15319855543818,-113.96109288767065 51.15312612382389)","{""type"":""MultiPoint"",""coordinates"":[[-113.9611907,51.1532765],[-113.9612853,51.1532766],[-113.9613994,51.1532721],[-113.961395,51.1530564],[-113.9611008,51.1532765],[-113.9609211,51.1530517],[-113.9612839,51.1530518],[-113.9610063,51.1532765],[-113.960812,51.1532764],[-113.9611939,51.1530518],[-113.961104,51.1530518],[-113.9609148,51.1532764],[-113.9610125,51.1530517],[-113.9608122,51.1530517],[-113.9612792,51.1531262],[-113.9611865,51.1531262],[-113.9613751,51.1531984],[-113.961189,51.1531985],[-113.9608229,51.1531986],[-113.9612783,51.1531985],[-113.9609151,51.1531261],[-113.9608196,51.153126],[-113.9613765,51.1531262],[-113.9610967,51.1531985],[-113.9610045,51.1531985],[-113.961004,51.1531261],[-113.9609122,51.1531986],[-113.9610929,51.1531261]]}",POINT (-113.9611907183663 51.153276533778225),"{""type"":""MultiPoint"",""coordinates"":[[-114.1600456,51.0730579],[-114.1600157,51.073141],[-114.1597917,51.0732537],[-114.1599441,51.0731729],[-114.1598625,51.0732101]]}",POINT (-114.16004558591432 51.07305786111163),a,CITYSCAPE RO NE,46
BP2018-03483,Completed,2018-04-02,2018,2018-04-11,2019-08-14,2019,Commercial / Multi Family Project,Building,1606 - Ths Townhouse,Townhouse,Residential,New,New,New,New - Cityscape - Part 9 Group C - 14 unit Townhouse,MATTAMY HOMES CALGARY,,,14,"$1,579,860",,257 CITYSCAPE CO NE,CSC,CITYSCAPE,51.1530516,-113.9605981,14,Titled Parcel;Titled Parcel;Titled Parcel;Titled Parcel;Titled Parcel;Titled Parcel;Titled Parcel;Titled Parcel;Titled Parcel;Titled Parcel;Titled Parcel;Titled Parcel;Titled Parcel;Titled Parcel,63 CITYSCAPE RO NE;277 CITYSCAPE CO NE;69 CITYSCAPE RO NE;257 CITYSCAPE CO NE;261 CITYSCAPE CO NE;65 CITYSCAPE RO NE;269 CITYSCAPE CO NE;281 CITYSCAPE CO NE;59 CITYSCAPE RO NE;77 CITYSCAPE RO NE;73 CITYSCAPE RO NE;273 CITYSCAPE CO NE;265 CITYSCAPE CO NE;81 CITYSCAPE RO NE,"MULTIPOINT (-113.96059809245284 51.153051596515695,-113.9602260308124 51.15327171496323,-113.96041064113851 51.15305153322502,-113.96069788796639 51.15327636923375,-113.96058856704067 51.15327633245269,-113.96050815470151 51.15305156618679,-113.96040425950771 51.153276270211045,-113.96011136392264 51.15327167591836,-113.9606979502297 51.15305163010884,-113.96023075134266 51.153051472204936,-113.96031767306276 51.153051501724036,-113.96031432131984 51.153276239733,-113.96049723849154 51.15328079642967,-113.96011103534704 51.153055926225996)","{""type"":""MultiPoint"",""coordinates"":[[-113.9605981,51.1530516],[-113.960226,51.1532717],[-113.9604106,51.1530515],[-113.9606979,51.1532764],[-113.9605886,51.1532763],[-113.9605082,51.1530516],[-113.9604043,51.1532763],[-113.9601114,51.1532717],[-113.960698,51.1530516],[-113.9602308,51.1530515],[-113.9603177,51.1530515],[-113.9603143,51.1532762],[-113.9604972,51.1532808],[-113.960111,51.1530559]]}",POINT (-113.96059809245284 51.153051596515695),"{""type"":""MultiPoint"",""coordinates"":[[-113.9725184,50.8622533],[-113.9717864,50.8627078],[-113.9718721,50.8627264],[-113.9717022,50.8626869],[-113.9716165,50.8626674],[-113.9715309,50.8626469],[-113.9719578,50.8627469]]}",POINT (-113.97251836414405 50.862253256144065),a,CITYSCAPE CO NE,46
BP2017-12580,Completed,2017-09-19,2017,2017-10-12,2018-08-21,2018,Commercial / Multi Family Project,Building,1606 - Ths Townhouse,Townhouse,Residential,New,New,New,"New - Group C, 10 Plex - Cityscape Village Homes",MATTAMY HOMES CALGARY,,MATTAMY HOMES CALGARY,10,"$1,744,015",,321 CITYSCAPE CO NE,CSC,CITYSCAPE,51.15328046,-113.9595259,19,Titled Parcel;Titled Parcel;Titled Parcel;Titled Parcel;Titled Parcel;Titled Parcel;Titled Parcel;Titled Parcel;Titled Parcel;Building;Building;Building;Building;Building;Building;Building;Building;Building;Building,135 CITYSCAPE RO NE;101 CITYSCAPE RO NE;317 CITYSCAPE CO NE;93 CITYSCAPE RO NE;321 CITYSCAPE CO NE;131 CITYSCAPE RO NE;313 CITYSCAPE CO NE;127 CITYSCAPE RO NE;139 CITYSCAPE RO NE;313 CITYSCAPE CO NE;317 CITYSCAPE CO NE;131 CITYSCAPE RO NE;135 CITYSCAPE RO NE;309 CITYSCAPE CO NE;93 CITYSCAPE RO NE;101 CITYSCAPE RO NE;139 CITYSCAPE RO NE;321 CITYSCAPE CO NE;127 CITYSCAPE RO NE,"MULTIPOINT (-113.95952588596315 51.153280464372585,-113.95959632321127 51.153055749576524,-113.95987123033724 51.15328058335271,-113.95979444176021 51.153051323056005,-113.95987107569935 51.15334351025902,-113.95952282097986 51.15322203113484,-113.95986969437976 51.153222150648624,-113.95952431579636 51.153163599474276,-113.9595274279185 51.153347886648305,-113.95974078996227 51.15322301430138,-113.95974088405205 51.15327915417169,-113.95962548091144 51.15322188682174,-113.95962557402976 51.15327897958579,-113.95974069503566 51.1531678363138,-113.95974060425512 51.15310789385717,-113.95962530662376 51.15311038917629,-113.95962566674035 51.15333653980656,-113.959740974841 51.153339087637,-113.95962538728337 51.15316537837874)","{""type"":""MultiPoint"",""coordinates"":[[-113.9595259,51.1532805],[-113.9595963,51.1530557],[-113.9598712,51.1532806],[-113.9597944,51.1530513],[-113.9598711,51.1533435],[-113.9595228,51.153222],[-113.9598697,51.1532222],[-113.9595243,51.1531636],[-113.9595274,51.1533479],[-113.9597408,51.153223],[-113.9597409,51.1532792],[-113.9596255,51.1532219],[-113.9596256,51.153279],[-113.9597407,51.1531678],[-113.9597406,51.1531079],[-113.9596253,51.1531104],[-113.9596257,51.1533365],[-113.959741,51.1533391],[-113.9596254,51.1531654]]}",POINT (-113.95952588596315 51.153280464372585),"{""type"":""Point"",""coordinates"":[-114.0695877,51.1144677]}",POINT (-114.06958774281851 51.114467669042845),a,CITYSCAPE CO NE,46
BP2017-03408,Completed,2017-04-06,2017,2017-07-18,2018-02-21,2018,Commercial / Multi Family Project,Building,1606 - Ths Townhouse,Townhouse,Residential,New,New,New,"New - Group C, 8 Plex - Cityscape Phase 5",MATTAMY HOMES CALGARY,,MATTAMY HOMES CALGARY,8,"$1,367,970",,157 CITYSCAPE CO NE,CSC,CITYSCAPE,51.153838,-113.960043,9,Titled Parcel;Titled Parcel;Titled Parcel;Titled Parcel;Titled Parcel;Titled Parcel;Titled Parcel;Titled Parcel;Building,350 CITYSCAPE CO NE;342 CITYSCAPE CO NE;171 CITYSCAPE CO NE;354 CITYSCAPE CO NE;167 CITYSCAPE CO NE;346 CITYSCAPE CO NE;163 CITYSCAPE CO NE;157 CITYSCAPE CO NE;157 CITYSCAPE CO NE,"MULTIPOINT (-113.96004296376601 51.15383799518447,-113.96004970496269 51.15371214357829,-113.9604063163819 51.153712264825714,-113.9600506127878 51.153918903879664,-113.96040142724006 51.15377968490781,-113.96004747014267 51.15378405933459,-113.9603953450639 51.15383811502022,-113.96040265933385 51.1539100340143,-113.96027150535596 51.15389827614168)","{""type"":""MultiPoint"",""coordinates"":[[-113.960043,51.153838],[-113.9600497,51.1537121],[-113.9604063,51.1537123],[-113.9600506,51.1539189],[-113.9604014,51.1537797],[-113.9600475,51.1537841],[-113.9603953,51.1538381],[-113.9604027,51.15391],[-113.9602715,51.1538983]]}",POINT (-113.96004296376601 51.15383799518447),,,,CITYSCAPE CO NE,46
BP2017-11715,Completed,2017-09-05,2017,2017-09-18,2018-05-10,2018,Commercial / Multi Family Project,Building,1606 - Ths Townhouse,Townhouse,Residential,New,New,New,New - Part 9 Group C - 10 Unit Townhouse,MATTAMY HOMES CALGARY,,,10,"$1,619,000",,341 CITYSCAPE CO NE,CSC,CITYSCAPE,51.1534243,-113.9595225,20,Titled Parcel;Titled Parcel;Titled Parcel;Titled Parcel;Titled Parcel;Titled Parcel;Titled Parcel;Titled Parcel;Titled Parcel;Titled Parcel;Building;Building;Building;Building;Building;Building;Building;Building;Building;Building,143 CITYSCAPE RO NE;341 CITYSCAPE CO NE;151 CITYSCAPE RO NE;155 CITYSCAPE RO NE;147 CITYSCAPE RO NE;333 CITYSCAPE CO NE;329 CITYSCAPE CO NE;325 CITYSCAPE CO NE;337 CITYSCAPE CO NE;159 CITYSCAPE RO NE;325 CITYSCAPE CO NE;147 CITYSCAPE RO NE;341 CITYSCAPE CO NE;333 CITYSCAPE CO NE;329 CITYSCAPE CO NE;337 CITYSCAPE CO NE;143 CITYSCAPE RO NE;151 CITYSCAPE RO NE;159 CITYSCAPE RO NE;155 CITYSCAPE RO NE,"MULTIPOINT (-113.959522543964 51.1534242962653,-113.95987560044414 51.15368062051042,-113.95952297703329 51.153550150330204,-113.95952453078992 51.153604088259165,-113.95952460443974 51.15348722393613,-113.95987748596323 51.15355027246243,-113.95987284816495 51.15349183869714,-113.95987628004822 51.153424418133866,-113.95987290404216 51.15360870306463,-113.95952903807878 51.15368050112218,-113.95974113506429 51.15343421527437,-113.95962591987696 51.15348872424782,-113.95974150649153 51.153664447158064,-113.95974132243195 51.15354742992487,-113.95974122999178 51.15348939325944,-113.9597414022365 51.15360356079757,-113.95962582571457 51.15343282709768,-113.95962599922764 51.153545214703634,-113.95962619458325 51.15366533334094,-113.95962610508792 51.15360408740282)","{""type"":""MultiPoint"",""coordinates"":[[-113.9595225,51.1534243],[-113.9598756,51.1536806],[-113.959523,51.1535502],[-113.9595245,51.1536041],[-113.9595246,51.1534872],[-113.9598775,51.1535503],[-113.9598728,51.1534918],[-113.9598763,51.1534244],[-113.9598729,51.1536087],[-113.959529,51.1536805],[-113.9597411,51.1534342],[-113.9596259,51.1534887],[-113.9597415,51.1536644],[-113.9597413,51.1535474],[-113.9597412,51.1534894],[-113.9597414,51.1536036],[-113.9596258,51.1534328],[-113.959626,51.1535452],[-113.9596262,51.1536653],[-113.9596261,51.1536041]]}",POINT (-113.959522543964 51.1534242962653),,,,CITYSCAPE CO NE,46
BP2017-03397,Completed,2017-04-06,2017,2017-06-28,2018-03-01,2018,Commercial / Multi Family Project,Building,1606 - Ths Townhouse,Townhouse,Residential,New,New,New,"New - Group C, 8 Plex - Cityscape Phase 5",MATTAMY HOMES CALGARY,,MATTAMY HOMES CALGARY,8,"$1,425,400",,175 CITYSCAPE CO NE,CSC,CITYSCAPE,51.15342897,-113.9600469,9,Titled Parcel;Titled Parcel;Titled Parcel;Titled Parcel;Titled Parcel;Titled Parcel;Titled Parcel;Titled Parcel;Building,326 CITYSCAPE CO NE;187 CITYSCAPE CO NE;183 CITYSCAPE CO NE;334 CITYSCAPE CO NE;330 CITYSCAPE CO NE;175 CITYSCAPE CO NE;338 CITYSCAPE CO NE;179 CITYSCAPE CO NE;175 CITYSCAPE CO NE,"MULTIPOINT (-113.96004690483524 51.15342897131754,-113.96039787834854 51.153433585447914,-113.96040089662719 51.15351449255795,-113.96005422399668 51.15357730164499,-113.96005004726578 51.153514373261814,-113.96039864478321 51.15364034570844,-113.96005427360558 51.15363573383548,-113.96040091808563 51.15357292473935,-113.96027090687221 51.153629757634384)","{""type"":""MultiPoint"",""coordinates"":[[-113.9600469,51.153429],[-113.9603979,51.1534336],[-113.9604009,51.1535145],[-113.9600542,51.1535773],[-113.96005,51.1535144],[-113.9603986,51.1536403],[-113.9600543,51.1536357],[-113.9604009,51.1535729],[-113.9602709,51.1536298]]}",POINT (-113.96004690483524 51.15342897131754),,,,CITYSCAPE CO NE,46
BP2017-06102,Completed,2017-05-25,2017,2017-07-26,2018-01-17,2018,Commercial / Multi Family Project,Building,1606 - Ths Townhouse,Townhouse,Residential,New,New,New,New - Livingston Townhomes Bldg 4 - Part 9 Group C,HOMES BY AVI (CANADA),,HOMES BY AVI (CANADA),4,"$798,581",,1219 LIVINGSTON WY NE,LIV,LIVINGSTON,51.1855769,-114.0666316,6,Titled Parcel;Titled Parcel;Titled Parcel;Titled Parcel;Building;Building,1219 LIVINGSTON WY NE;1207 LIVINGSTON WY NE;1215 LIVINGSTON WY NE;1211 LIVINGSTON WY NE;1219 LIVINGSTON WY NE;1219 LIVINGSTON WY NE,"MULTIPOINT (-114.0666315825336 51.18557690158521,-114.06654667234758 51.185397159573924,-114.06660557292489 51.18551398977761,-114.0665770939177 51.185464563643876,-114.0667149256465 51.1855426220146,-114.06674951781864 51.185546090218004)","{""type"":""MultiPoint"",""coordinates"":[[-114.0666316,51.1855769],[-114.0665467,51.1853972],[-114.0666056,51.185514],[-114.0665771,51.1854646],[-114.0667149,51.1855426],[-114.0667495,51.1855461]]}",POINT (-114.0666315825336 51.18557690158521),"{""type"":""MultiPoint"",""coordinates"":[[-114.0713338,51.069815],[-114.0712826,51.0700103],[-114.0712805,51.0699693],[-114.0712754,51.0698736],[-114.0712802,51.0699267]]}",POINT (-114.07133382442892 51.06981496986454),a,LIVINGSTON WY NE,47
BP2017-02397,Completed,2017-03-15,2017,2017-04-19,2017-10-10,2017,Commercial / Multi Family Project,Building,1606 - Ths Townhouse,Townhouse,Residential,New,New,New,New Livingston Townhomes Building 2 - Part 9 Group C,HOMES BY AVI (CANADA),,HOMES BY AVI (CANADA),5,"$1,189,018",,1259 LIVINGSTON WY NE,LIV,LIVINGSTON,51.18617467,-114.0666972,6,Titled Parcel;Titled Parcel;Titled Parcel;Titled Parcel;Titled Parcel;Building,1259 LIVINGSTON WY NE;1243 LIVINGSTON WY NE;1255 LIVINGSTON WY NE;1247 LIVINGSTON WY NE;1251 LIVINGSTON WY NE;1259 LIVINGSTON WY NE,"MULTIPOINT (-114.06669722830469 51.186174667006014,-114.06669709122764 51.185940939672065,-114.0666972011873 51.18611623516933,-114.06669714562318 51.18600836101089,-114.06669716625309 51.18606229809444,-114.06681982254574 51.186169589899016)","{""type"":""MultiPoint"",""coordinates"":[[-114.0666972,51.1861747],[-114.0666971,51.1859409],[-114.0666972,51.1861162],[-114.0666971,51.1860084],[-114.0666972,51.1860623],[-114.0668198,51.1861696]]}",POINT (-114.06669722830469 51.186174667006014),"{""type"":""MultiPoint"",""coordinates"":[[-114.0571598,51.0816217],[-114.0572184,51.081723],[-114.0572245,51.0817714],[-114.0572252,51.0817405],[-114.0572247,51.0816393],[-114.0572236,51.081682]]}",POINT (-114.05715979325288 51.08162172257497),a,LIVINGSTON WY NE,47
BP2017-04078,Completed,2017-04-20,2017,2017-07-26,2017-11-20,2017,Commercial / Multi Family Project,Building,1606 - Ths Townhouse,Townhouse,Residential,New,New,New,New - Livingston Townhomes Bldg 3 - Part 9 Group C,HOMES BY AVI (CANADA),,,5,"$946,597",,1239 LIVINGSTON WY NE,LIV,LIVINGSTON,51.18575666,-114.0666853,6,Titled Parcel;Titled Parcel;Titled Parcel;Titled Parcel;Titled Parcel;Building,1231 LIVINGSTON WY NE;1223 LIVINGSTON WY NE;1239 LIVINGSTON WY NE;1227 LIVINGSTON WY NE;1235 LIVINGSTON WY NE;1239 LIVINGSTON WY NE,"MULTIPOINT (-114.06668526754794 51.1857566613298,-114.06665557534134 51.18563981453529,-114.06669686518283 51.1858735184303,-114.06667353189472 51.1857027309196,-114.06669295516585 51.18581059404578,-114.06681070897841 51.1858616502459)","{""type"":""MultiPoint"",""coordinates"":[[-114.0666853,51.1857567],[-114.0666556,51.1856398],[-114.0666969,51.1858735],[-114.0666735,51.1857027],[-114.066693,51.1858106],[-114.0668107,51.1858617]]}",POINT (-114.06668526754794 51.1857566613298),,,,LIVINGSTON WY NE,47
BP2021-21497,Completed,2021-12-21,2021,2022-01-18,2022-09-14,2022,Commercial / Multi Family Project,Building,1606 - Ths Townhouse,Townhouse,Residential,New,New,New,5 Plex Rowhouse,ALLISTON AT HOME,,,5,"$1,047,789",,7 WOLF CREEK DR SE,WWO,WOLF WILLOW,50.87725595,-114.0092259,5,Titled Parcel;Titled Parcel;Titled Parcel;Titled Parcel;Titled Parcel,19 WOLF CREEK DR SE;15 WOLF CREEK DR SE;11 WOLF CREEK DR SE;7 WOLF CREEK DR SE;23 WOLF CREEK DR SE,"MULTIPOINT (-114.00922585618694 50.87725594830684,-114.0092256528077 50.87730539328029,-114.00922544942802 50.87735483825331,-114.0092508728904 50.87744024116597,-114.00922607200013 50.87719751333962)","{""type"":""MultiPoint"",""coordinates"":[[-114.0092259,50.8772559],[-114.0092257,50.8773054],[-114.0092254,50.8773548],[-114.0092509,50.8774402],[-114.0092261,50.8771975]]}",POINT (-114.00922585618694 50.87725594830684),"{""type"":""MultiPoint"",""coordinates"":[[-114.0886707,51.067738],[-114.0887247,51.0676902],[-114.0886183,51.0676885],[-114.0886589,51.0676612],[-114.0886828,51.0676603]]}",POINT (-114.08867066460772 51.06773800083221),a,WOLF CREEK DR SE,48
BP2022-04194,Completed,2022-03-21,2022,2022-04-27,2022-12-12,2022,Commercial / Multi Family Project,Building,1706 - Rhs Rowhouse,Unspecified,Residential,New,New,New,Group C (Division B 9.10.15),ALLISTON AT HOME,,ALLISTON GC,4,"$826,712",,27 WOLF CREEK DR SE,WWO,WOLF WILLOW,50.87698175,-114.009227,4,Titled Parcel;Titled Parcel;Titled Parcel;Titled Parcel,39 WOLF CREEK DR SE;27 WOLF CREEK DR SE;31 WOLF CREEK DR SE;35 WOLF CREEK DR SE,"MULTIPOINT (-114.0092269956355 50.87698175344551,-114.00922633044104 50.87713907836843,-114.00922656135009 50.87708513839512,-114.00922676472746 50.877035693419785)","{""type"":""MultiPoint"",""coordinates"":[[-114.009227,50.8769818],[-114.0092263,50.8771391],[-114.0092266,50.8770851],[-114.0092268,50.8770357]]}",POINT (-114.0092269956355 50.87698175344551),"{""type"":""MultiPoint"",""coordinates"":[[-113.9489952,51.1668371],[-113.9494821,51.1669983],[-113.9493152,51.1669982],[-113.9492324,51.1669981],[-113.9494026,51.1669975],[-113.9491507,51.1669974],[-113.949069,51.1669959]]}",POINT (-113.94899521425576 51.16683709118483),a,WOLF CREEK DR SE,48
BP2022-01725,Completed,2022-02-03,2022,2022-03-10,2023-04-17,2023,Commercial / Multi Family Project,Building,1508 - Apt Fourplex,Apartment,Residential,New,New,New,4 Unit Rowhouse,ALLISTON AT HOME,,,4,"$1,022,392",,43 WOLF CREEK DR SE,WWO,WOLF WILLOW,50.87681544,-114.0092277,4,Titled Parcel;Titled Parcel;Titled Parcel;Titled Parcel,51 WOLF CREEK DR SE;55 WOLF CREEK DR SE;47 WOLF CREEK DR SE;43 WOLF CREEK DR SE,"MULTIPOINT (-114.00922767325953 50.876815438524375,-114.00922790416548 50.87676149854804,-114.00922746988405 50.876864883501575,-114.0092272389771 50.876918823476956)","{""type"":""MultiPoint"",""coordinates"":[[-114.0092277,50.8768154],[-114.0092279,50.8767615],[-114.0092275,50.8768649],[-114.0092272,50.8769188]]}",POINT (-114.00922767325953 50.876815438524375),"{""type"":""MultiPoint"",""coordinates"":[[-114.141477,51.0346507],[-114.1415926,51.0346467],[-114.1415875,51.0345853],[-114.1415875,51.0345853],[-114.1416492,51.034673],[-114.1416492,51.034673],[-114.1415875,51.0345853],[-114.1415508,51.0346731],[-114.1415508,51.0346731],[-114.1416492,51.034673],[-114.1415508,51.0346731]]}",POINT (-114.14147701075206 51.03465073522531),,WOLF CREEK DR SE,48
BP2022-07419,Completed,2022-05-05,2022,2022-05-30,2023-02-23,2023,Commercial / Multi Family Project,Building,1706 - Rhs Rowhouse,Unspecified,Residential,New,New,New,5 Unit Residential Rowhouse - Building 4,ALLISTON AT HOME,,ALLISTON GC,5,"$1,048,346",,75 WOLF CREEK DR SE,WWO,WOLF WILLOW,50.87654574,-114.0092288,5,Titled Parcel;Titled Parcel;Titled Parcel;Titled Parcel;Titled Parcel,71 WOLF CREEK DR SE;67 WOLF CREEK DR SE;75 WOLF CREEK DR SE;63 WOLF CREEK DR SE;59 WOLF CREEK DR SE,"MULTIPOINT (-114.00922878515632 50.8765457386411,-114.00922858178316 50.876595183620594,-114.00922841660925 50.876478313719424,-114.00922837840957 50.87664462859968,-114.00922814750473 50.87669856857709)","{""type"":""MultiPoint"",""coordinates"":[[-114.0092288,50.8765457],[-114.0092286,50.8765952],[-114.0092284,50.8764783],[-114.0092284,50.8766446],[-114.0092281,50.8766986]]}",POINT (-114.00922878515632 50.8765457386411),,,,WOLF CREEK DR SE,48
BP2022-13392,Completed,2022-08-04,2022,2022-08-31,2023-10-06,2023,Commercial / Multi Family Project,Building,1606 - Ths Townhouse,Townhouse,Residential,New,New,New,"A new 5 unit rowhouse, Part 9, Group C occupancy classified under 9.10.2.1.",,TRICO HOMES,TRICO HOMES,5,"$1,066,683",,1142 SAGE HILL GV NW,SGH,SAGE HILL,51.1732644,-114.1395691,10,Titled Parcel;Titled Parcel;Titled Parcel;Titled Parcel;Titled Parcel;Building;Building;Building;Building;Building,1148 SAGE HILL GV NW;1142 SAGE HILL GV NW;1150 SAGE HILL GV NW;1144 SAGE HILL GV NW;1146 SAGE HILL GV NW;1144 SAGE HILL GV NW;1150 SAGE HILL GV NW;1148 SAGE HILL GV NW;1142 SAGE HILL GV NW;1146 SAGE HILL GV NW,"MULTIPOINT (-114.1395690921074 51.173264396818865,-114.13956948560477 51.17339474467791,-114.13958134110537 51.17321493973553,-114.1395693363468 51.17334530238689,-114.13956921422695 51.17330484960302,-114.1396984508769 51.17334443811393,-114.1396999116836 51.17322684419724,-114.13970002897379 51.17326566089105,-114.13968589373441 51.17339127063075,-114.1396947052867 51.17330220073827)","{""type"":""MultiPoint"",""coordinates"":[[-114.1395691,51.1732644],[-114.1395695,51.1733947],[-114.1395813,51.1732149],[-114.1395693,51.1733453],[-114.1395692,51.1733048],[-114.1396985,51.1733444],[-114.1396999,51.1732268],[-114.1397,51.1732657],[-114.1396859,51.1733913],[-114.1396947,51.1733022]]}",POINT (-114.1395690921074 51.173264396818865),"{""type"":""MultiPoint"",""coordinates"":[[-114.14942,51.1754052],[-114.1494205,51.175567],[-114.1494203,51.1755086],[-114.1494202,51.1754592],[-114.1492746,51.175462],[-114.1492767,51.1754056],[-114.1492738,51.1755655],[-114.1492736,51.1755105],[-114.1493346,51.175575],[-114.1493314,51.1754466],[-114.1493331,51.1753966]]}",POINT (-114.14942000019109 51.17540522503194),a,SAGE HILL GV NW,49
BP2022-04943,Completed,2022-03-30,2022,2022-06-17,2023-05-29,2023,Commercial / Multi Family Project,Building,1606 - Ths Townhouse,Townhouse,Residential,New,New,New,Part 9 - Row House - Verona West Block 16,,TRICO HOMES,TRICO HOMES,8,"$1,753,211",,619 SAGE HILL GV NW,SGH,SAGE HILL,51.17315423,-114.1377082,16,Titled Parcel;Titled Parcel;Titled Parcel;Titled Parcel;Titled Parcel;Titled Parcel;Titled Parcel;Titled Parcel;Building;Building;Building;Building;Building;Building;Building;Building,615 SAGE HILL GV NW;605 SAGE HILL GV NW;613 SAGE HILL GV NW;617 SAGE HILL GV NW;611 SAGE HILL GV NW;619 SAGE HILL GV NW;607 SAGE HILL GV NW;609 SAGE HILL GV NW;605 SAGE HILL GV NW;609 SAGE HILL GV NW;619 SAGE HILL GV NW;617 SAGE HILL GV NW;615 SAGE HILL GV NW;613 SAGE HILL GV NW;611 SAGE HILL GV NW;607 SAGE HILL GV NW,"MULTIPOINT (-114.13770817336571 51.17315423276319,-114.13738257488566 51.173145626015966,-114.13764286453056 51.173154309616756,-114.13777348129462 51.17315865064424,-114.13757754231997 51.173149891679586,-114.13784917205328 51.173158561485664,-114.13744692559865 51.17314555043332,-114.13751224779077 51.173149968443425,-114.13738931772156 51.17306632136497,-114.13752009172914 51.17307073440697,-114.13784881233788 51.17307148922422,-114.13778524483409 51.17307042243397,-114.13771805530124 51.17307278488766,-114.13765084536688 51.173068297297185,-114.13758364563779 51.17306723467088,-114.13745833695644 51.173068523636736)","{""type"":""MultiPoint"",""coordinates"":[[-114.1377082,51.1731542],[-114.1373826,51.1731456],[-114.1376429,51.1731543],[-114.1377735,51.1731587],[-114.1375775,51.1731499],[-114.1378492,51.1731586],[-114.1374469,51.1731456],[-114.1375122,51.17315],[-114.1373893,51.1730663],[-114.1375201,51.1730707],[-114.1378488,51.1730715],[-114.1377852,51.1730704],[-114.1377181,51.1730728],[-114.1376508,51.1730683],[-114.1375836,51.1730672],[-114.1374583,51.1730685]]}",POINT (-114.13770817336571 51.17315423276319),"{""type"":""MultiPoint"",""coordinates"":[[-113.9467901,50.876035],[-113.9468873,50.8760809],[-113.9466053,50.8761084],[-113.9467956,50.8760733],[-113.9466745,50.8760861],[-113.9466204,50.8760879],[-113.9468677,50.8760828],[-113.9468452,50.8760671],[-113.9469024,50.8760614],[-113.9469542,50.8760591]]}",POINT (-113.9467900885728 50.876035031449),,SAGE HILL GV NW,49
BP2022-07082,Completed,2022-04-29,2022,2022-07-05,2023-06-26,2023,Commercial / Multi Family Project,Building,1606 - Ths Townhouse,Townhouse,Residential,New,New,New,"BLOCK 13 - A new 9 unit rowhouse, Part 9, Group C occupancy classified under 9.10.2.1.",,TRICO HOMES,TRICO HOMES,9,"$1,914,793",,902 SAGE HILL GV NW,SGH,SAGE HILL,51.17349487,-114.1385221,18,Titled Parcel;Titled Parcel;Titled Parcel;Titled Parcel;Titled Parcel;Titled Parcel;Titled Parcel;Titled Parcel;Titled Parcel;Building;Building;Building;Building;Building;Building;Building;Building;Building,910 SAGE HILL GV NW;912 SAGE HILL GV NW;908 SAGE HILL GV NW;904 SAGE HILL GV NW;906 SAGE HILL GV NW;918 SAGE HILL GV NW;916 SAGE HILL GV NW;902 SAGE HILL GV NW;914 SAGE HILL GV NW;910 SAGE HILL GV NW;918 SAGE HILL GV NW;908 SAGE HILL GV NW;914 SAGE HILL GV NW;916 SAGE HILL GV NW;906 SAGE HILL GV NW;904 SAGE HILL GV NW;912 SAGE HILL GV NW;902 SAGE HILL GV NW,"MULTIPOINT (-114.13852214668607 51.173494874357004,-114.13852228135777 51.173539821895154,-114.13852202548183 51.17345442157238,-114.13852178307422 51.17337351600227,-114.1385219042779 51.173413968787465,-114.13852265844037 51.173665675000116,-114.13852252376769 51.17362072746293,-114.13852632457392 51.173328562926145,-114.13852240256259 51.17358027467919,-114.13840944787862 51.17349553812148,-114.13840812391452 51.17365994038465,-114.13839661532761 51.17345559479882,-114.13840970421978 51.17358116318176,-114.13840983068188 51.17362340487768,-114.1384037670715 51.173417911177964,-114.13840000491315 51.173374523120394,-114.13840050733347 51.17354235723039,-114.13839987846114 51.17333228142263)","{""type"":""MultiPoint"",""coordinates"":[[-114.1385221,51.1734949],[-114.1385223,51.1735398],[-114.138522,51.1734544],[-114.1385218,51.1733735],[-114.1385219,51.173414],[-114.1385227,51.1736657],[-114.1385225,51.1736207],[-114.1385263,51.1733286],[-114.1385224,51.1735803],[-114.1384094,51.1734955],[-114.1384081,51.1736599],[-114.1383966,51.1734556],[-114.1384097,51.1735812],[-114.1384098,51.1736234],[-114.1384038,51.1734179],[-114.1384,51.1733745],[-114.1384005,51.1735424],[-114.1383999,51.1733323]]}",POINT (-114.13852214668607 51.173494874357004),"{""type"":""MultiPoint"",""coordinates"":[[-113.9507778,51.169701],[-113.9507778,51.169755],[-113.9507778,51.1696561],[-113.9507778,51.1695617],[-113.9507778,51.1696111],[-113.9506697,51.1695657],[-113.9506673,51.1696113],[-113.9506575,51.1696555],[-113.950655,51.1697483],[-113.9506599,51.1697027]]}",POINT (-113.95077781704197 51.16970102414746),a,SAGE HILL GV NW,49
BP2022-09405,Completed,2022-06-01,2022,2022-07-04,2023-10-27,2023,Commercial / Multi Family Project,Building,1606 - Ths Townhouse,Townhouse,Residential,New,New,New,"A new 10 unit rowhouse, Part 9, Group C occupancy",,TRICO HOMES,TRICO HOMES,10,"$2,131,457",,1102 SAGE HILL GV NW,SGH,SAGE HILL,51.17357477,-114.1393704,20,Titled Parcel;Titled Parcel;Titled Parcel;Titled Parcel;Titled Parcel;Titled Parcel;Titled Parcel;Titled Parcel;Titled Parcel;Titled Parcel;Building;Building;Building;Building;Building;Building;Building;Building;Building;Building,1116 SAGE HILL GV NW;1120 SAGE HILL GV NW;1110 SAGE HILL GV NW;1104 SAGE HILL GV NW;1108 SAGE HILL GV NW;1106 SAGE HILL GV NW;1114 SAGE HILL GV NW;1118 SAGE HILL GV NW;1112 SAGE HILL GV NW;1102 SAGE HILL GV NW;1104 SAGE HILL GV NW;1102 SAGE HILL GV NW;1118 SAGE HILL GV NW;1108 SAGE HILL GV NW;1116 SAGE HILL GV NW;1106 SAGE HILL GV NW;1112 SAGE HILL GV NW;1110 SAGE HILL GV NW;1120 SAGE HILL GV NW;1114 SAGE HILL GV NW,"MULTIPOINT (-114.13937039631743 51.173574772806404,-114.13937066731128 51.17366466787788,-114.1393700169284 51.17344891970399,-114.13936965109154 51.17332756135265,-114.1393698949825 51.1734084669205,-114.13936977303688 51.17336801413672,-114.13937027437065 51.17353432002379,-114.13937051826449 51.17361522558874,-114.13937013887457 51.173489372487204,-114.1393681149284 51.17327812071304,-114.13924073853742 51.173329000352965,-114.13923515606442 51.17328448180566,-114.13924342118217 51.17361670737658,-114.13923189857302 51.17340892788236,-114.13923784898633 51.17357561383391,-114.13923541049463 51.17336896519858,-114.13923577841622 51.1734911326054,-114.1392392800255 51.173447744919706,-114.13923808967068 51.173655530552956,-114.13924317705047 51.17353564898958)","{""type"":""MultiPoint"",""coordinates"":[[-114.1393704,51.1735748],[-114.1393707,51.1736647],[-114.13937,51.1734489],[-114.1393697,51.1733276],[-114.1393699,51.1734085],[-114.1393698,51.173368],[-114.1393703,51.1735343],[-114.1393705,51.1736152],[-114.1393701,51.1734894],[-114.1393681,51.1732781],[-114.1392407,51.173329],[-114.1392352,51.1732845],[-114.1392434,51.1736167],[-114.1392319,51.1734089],[-114.1392378,51.1735756],[-114.1392354,51.173369],[-114.1392358,51.1734911],[-114.1392393,51.1734477],[-114.1392381,51.1736555],[-114.1392432,51.1735356]]}",POINT (-114.13937039631743 51.173574772806404),"{""type"":""MultiPoint"",""coordinates"":[[-114.2547148,51.1408068],[-114.2556307,51.1409717],[-114.2555138,51.1409434],[-114.2555744,51.1409624],[-114.2554424,51.1409259],[-114.2557021,51.1409906],[-114.2553775,51.1409111]]}",POINT (-114.25471476034885 51.140806772575004),a,SAGE HILL GV NW,49
BP2022-07081,Completed,2022-04-29,2022,2022-07-05,2023-09-13,2023,Commercial / Multi Family Project,Building,1706 - Rhs Rowhouse,Unspecified,Residential,New,New,New,"BLOCK 12 - A new 6 unit rowhouse, Part 9, Group C occupancy classified under 9.10.2.1.",,TRICO HOMES,TRICO HOMES,6,"$1,282,520",,1005 SAGE HILL GV NW,SGH,SAGE HILL,51.17314827,-114.1389464,12,Titled Parcel;Titled Parcel;Titled Parcel;Titled Parcel;Titled Parcel;Titled Parcel;Building;Building;Building;Building;Building;Building,1015 SAGE HILL GV NW;1013 SAGE HILL GV NW;1009 SAGE HILL GV NW;1011 SAGE HILL GV NW;1007 SAGE HILL GV NW;1005 SAGE HILL GV NW;1009 SAGE HILL GV NW;1015 SAGE HILL GV NW;1005 SAGE HILL GV NW;1011 SAGE HILL GV NW;1007 SAGE HILL GV NW;1013 SAGE HILL GV NW,"MULTIPOINT (-114.13894643934151 51.17314827393862,-114.13887216272057 51.173157351668635,-114.1387418731395 51.17316200101981,-114.13880702468069 51.17316192373938,-114.13867673508004 51.17316657301804,-114.13860125798787 51.173171157228914,-114.13872055883415 51.17307388385302,-114.13892031800363 51.17306908014068,-114.13859709366577 51.17308430522554,-114.13879319666758 51.17307151436024,-114.13866245677974 51.17307851941689,-114.13885856316763 51.1730668701096)","{""type"":""MultiPoint"",""coordinates"":[[-114.1389464,51.1731483],[-114.1388722,51.1731574],[-114.1387419,51.173162],[-114.138807,51.1731619],[-114.1386767,51.1731666],[-114.1386013,51.1731712],[-114.1387206,51.1730739],[-114.1389203,51.1730691],[-114.1385971,51.1730843],[-114.1387932,51.1730715],[-114.1386625,51.1730785],[-114.1388586,51.1730669]]}",POINT (-114.13894643934151 51.17314827393862),"{""type"":""MultiPoint"",""coordinates"":[[-113.9397636,51.1642167],[-113.9388932,51.1651218],[-113.9390642,51.1651209],[-113.9389719,51.1651209],[-113.9392201,51.1651181],[-113.9391354,51.1651181],[-113.9388115,51.1651208]]}",POINT (-113.93976364500418 51.16421674389641),a,SAGE HILL GV NW,49
BP2022-13391,Completed,2022-08-04,2022,2022-08-31,2023-11-23,2023,Commercial / Multi Family Project,Building,1606 - Ths Townhouse,Townhouse,Residential,New,New,New,"Block 4 - A new 5 unit rowhouse, Part 9, Group C occupancy classified under 9.10.2.1.",,TRICO HOMES,TRICO HOMES,5,"$1,088,355",,1304 SAGE HILL GV NW,SGH,SAGE HILL,51.17325912,-114.1402224,10,Titled Parcel;Titled Parcel;Titled Parcel;Titled Parcel;Titled Parcel;Building;Building;Building;Building;Building,1306 SAGE HILL GV NW;1304 SAGE HILL GV NW;1312 SAGE HILL GV NW;1308 SAGE HILL GV NW;1310 SAGE HILL GV NW;1308 SAGE HILL GV NW;1306 SAGE HILL GV NW;1310 SAGE HILL GV NW;1304 SAGE HILL GV NW;1312 SAGE HILL GV NW,"MULTIPOINT (-114.14022238281815 51.17325912087805,-114.14022224649499 51.17321417334098,-114.14022277815734 51.17338946873358,-114.14022251914167 51.173304068414765,-114.14022264183315 51.173344521197514,-114.14009970096653 51.17330629213658,-114.14009776419118 51.17326176027463,-114.1401034616615 51.17334395380549,-114.14009400740231 51.173220664596,-114.14010359312977 51.17338733716753)","{""type"":""MultiPoint"",""coordinates"":[[-114.1402224,51.1732591],[-114.1402222,51.1732142],[-114.1402228,51.1733895],[-114.1402225,51.1733041],[-114.1402226,51.1733445],[-114.1400997,51.1733063],[-114.1400978,51.1732618],[-114.1401035,51.173344],[-114.140094,51.1732207],[-114.1401036,51.1733873]]}",POINT (-114.14022238281815 51.17325912087805),,,,SAGE HILL GV NW,49
BP2022-00331,Completed,2022-01-10,2022,2022-03-29,2022-12-22,2022,Commercial / Multi Family Project,Building,1606 - Ths Townhouse,Townhouse,Residential,New,New,New,6 Unit Rowhouse- Part 9,,TRICO HOMES,TRICO HOMES,6,"$1,235,842",,1407 SAGE HILL GV NW,SGH,SAGE HILL,51.17302058,-114.1404866,11,Titled Parcel;Titled Parcel;Titled Parcel;Titled Parcel;Titled Parcel;Titled Parcel;Building;Building;Building;Building;Building,1409 SAGE HILL GV NW;1407 SAGE HILL GV NW;1405 SAGE HILL GV NW;1415 SAGE HILL GV NW;1413 SAGE HILL GV NW;1411 SAGE HILL GV NW;1413 SAGE HILL GV NW;1407 SAGE HILL GV NW;1411 SAGE HILL GV NW;1415 SAGE HILL GV NW;1409 SAGE HILL GV NW,"MULTIPOINT (-114.14048661289648 51.173020581072485,-114.14042123275722 51.17302065956271,-114.1403454850321 51.17302075045375,-114.14068795855529 51.1730203391233,-114.14061737317408 51.17302042398243,-114.14055199303542 51.17302050254573,-114.14055624754333 51.17293355059856,-114.14035830178071 51.17293721325736,-114.14048723183511 51.17293249182177,-114.14068337187737 51.17293225613112,-114.14041460124362 51.17293714570111)","{""type"":""MultiPoint"",""coordinates"":[[-114.1404866,51.1730206],[-114.1404212,51.1730207],[-114.1403455,51.1730208],[-114.140688,51.1730203],[-114.1406174,51.1730204],[-114.140552,51.1730205],[-114.1405562,51.1729336],[-114.1403583,51.1729372],[-114.1404872,51.1729325],[-114.1406834,51.1729323],[-114.1404146,51.1729371]]}",POINT (-114.14048661289648 51.173020581072485),,,,SAGE HILL GV NW,49
BP2022-13396,Completed,2022-08-04,2022,2022-08-31,2023-12-11,2023,Commercial / Multi Family Project,Building,1606 - Ths Townhouse,Townhouse,Residential,New,New,New,"A new 8 unit rowhouse, Part 9, Group C occupancy classified under 9.10.2.1",,TRICO HOMES,TRICO HOMES,6,"$1,280,948",,1205 SAGE HILL GV NW,SGH,SAGE HILL,51.17306198,-114.1396986,12,Titled Parcel;Titled Parcel;Titled Parcel;Titled Parcel;Titled Parcel;Titled Parcel;Building;Building;Building;Building;Building;Building,1211 SAGE HILL GV NW;1213 SAGE HILL GV NW;1215 SAGE HILL GV NW;1207 SAGE HILL GV NW;1205 SAGE HILL GV NW;1209 SAGE HILL GV NW;1215 SAGE HILL GV NW;1205 SAGE HILL GV NW;1211 SAGE HILL GV NW;1213 SAGE HILL GV NW;1207 SAGE HILL GV NW;1209 SAGE HILL GV NW,"MULTIPOINT (-114.1396986127083 51.17306197758119,-114.13976307912469 51.17305291104604,-114.1398386274078 51.17304832600032,-114.13956962333026 51.17307561584219,-114.13949152881223 51.17308469852018,-114.13963411839137 51.17306654934396,-114.13980627630862 51.17296184932692,-114.13948673638734 51.17299876422848,-114.13968099506997 51.17297684070042,-114.13974453833133 51.172969914788105,-114.1395466543721 51.172994126089144,-114.1396120068962 51.17298491474753)","{""type"":""MultiPoint"",""coordinates"":[[-114.1396986,51.173062],[-114.1397631,51.1730529],[-114.1398386,51.1730483],[-114.1395696,51.1730756],[-114.1394915,51.1730847],[-114.1396341,51.1730665],[-114.1398063,51.1729618],[-114.1394867,51.1729988],[-114.139681,51.1729768],[-114.1397445,51.1729699],[-114.1395467,51.1729941],[-114.139612,51.1729849]]}",POINT (-114.1396986127083 51.17306197758119),,,,SAGE HILL GV NW,49
BP2022-04937,Completed,2022-03-30,2022,2022-06-17,2023-08-24,2023,Commercial / Multi Family Project,Building,1606 - Ths Townhouse,Townhouse,Residential,New,New,New,Part 9 - Row House - Verona West Block 14,,TRICO HOMES,TRICO HOMES,9,"$1,929,698",,819 SAGE HILL GV NW,SGH,SAGE HILL,51.17316721,-114.1381416,18,Titled Parcel;Titled Parcel;Titled Parcel;Titled Parcel;Titled Parcel;Titled Parcel;Titled Parcel;Titled Parcel;Titled Parcel;Building;Building;Building;Building;Building;Building;Building;Building;Building,811 SAGE HILL GV NW;821 SAGE HILL GV NW;805 SAGE HILL GV NW;817 SAGE HILL GV NW;819 SAGE HILL GV NW;815 SAGE HILL GV NW;809 SAGE HILL GV NW;813 SAGE HILL GV NW;807 SAGE HILL GV NW;815 SAGE HILL GV NW;819 SAGE HILL GV NW;805 SAGE HILL GV NW;811 SAGE HILL GV NW;813 SAGE HILL GV NW;807 SAGE HILL GV NW;821 SAGE HILL GV NW;817 SAGE HILL GV NW;809 SAGE HILL GV NW,"MULTIPOINT (-114.13814158002656 51.17316720612894,-114.1384980528566 51.173175774218876,-114.13793524383905 51.17316295480944,-114.13833757723138 51.17317146931013,-114.13840290038901 51.17317139205182,-114.13827225407344 51.17317154653197,-114.13807625775063 51.17316278847028,-114.13820691747888 51.17316712896318,-114.13801093460424 51.1731628655462,-114.13828472484583 51.173085816527575,-114.13841549215614 51.17308794523346,-114.13795780662151 51.17308049412336,-114.13814851601714 51.17308597744429,-114.13821752507742 51.17308475426541,-114.13802136732646 51.17307927748468,-114.13848087239612 51.173087867864034,-114.13834646601522 51.17308346019131,-114.13808675778482 51.173082625338225)","{""type"":""MultiPoint"",""coordinates"":[[-114.1381416,51.1731672],[-114.1384981,51.1731758],[-114.1379352,51.173163],[-114.1383376,51.1731715],[-114.1384029,51.1731714],[-114.1382723,51.1731715],[-114.1380763,51.1731628],[-114.1382069,51.1731671],[-114.1380109,51.1731629],[-114.1382847,51.1730858],[-114.1384155,51.1730879],[-114.1379578,51.1730805],[-114.1381485,51.173086],[-114.1382175,51.1730848],[-114.1380214,51.1730793],[-114.1384809,51.1730879],[-114.1383465,51.1730835],[-114.1380868,51.1730826]]}",POINT (-114.13814158002656 51.17316720612894),,,,SAGE HILL GV NW,49
BP2020-09920,Completed,2020-07-23,2020,2020-11-04,2021-10-13,2021,Commercial / Multi Family Project,Building,1706 - Rhs Rowhouse,Unspecified,Residential,New,New,New,Four unit townhouse with secondary suites Building 5.,TRUMAN HOMES 1995,,TRUMAN HOMES 1995,4,"$985,627",,3028B 85 ST SW,SPH,SPRINGBANK HILL,51.02650111,-114.2104158,12,Titled Parcel;Titled Parcel;Titled Parcel;Titled Parcel;Building;Building;Building;Building;Building Suite;Building Suite;Building Suite;Building Suite,3020 85 ST SW;3012 85 ST SW;3016 85 ST SW;3024 85 ST SW;3012 85 ST SW;3020 85 ST SW;3024 85 ST SW;3016 85 ST SW;3020B 85 ST SW;3028B 85 ST SW;3016B 85 ST SW;3032B 85 ST SW,"MULTIPOINT (-114.21041576386718 51.02650110601974,-114.21049131077565 51.026613342142134,-114.21044954996727 51.026554983824454,-114.21038653332788 51.0264427251166,-114.21036267611811 51.02664240397019,-114.21030179856106 51.02652715676293,-114.21025817677321 51.026470150191216,-114.21033508746483 51.02658774186636,-114.21039591232184 51.026489778687406,-114.21036013034998 51.02639174668963,-114.21044832974123 51.02657198568403,-114.2103467261937 51.02630257427891)","{""type"":""MultiPoint"",""coordinates"":[[-114.2104158,51.0265011],[-114.2104913,51.0266133],[-114.2104495,51.026555],[-114.2103865,51.0264427],[-114.2103627,51.0266424],[-114.2103018,51.0265272],[-114.2102582,51.0264702],[-114.2103351,51.0265877],[-114.2103959,51.0264898],[-114.2103601,51.0263917],[-114.2104483,51.026572],[-114.2103467,51.0263026]]}",POINT (-114.21041576386718 51.02650110601974),"{""type"":""MultiPoint"",""coordinates"":[[-113.9103886,50.8962745],[-113.9103862,50.8963735],[-113.9103908,50.8963345],[-113.9103902,50.8962369]]}",POINT (-113.91038863413625 50.896274516281586),a,85 ST SW,50
BP2020-15148,Completed,2020-10-16,2020,2021-01-26,2022-03-22,2022,Commercial / Multi Family Project,Building,1606 - Ths Townhouse,Townhouse,Residential,New,New,New,New four unit town house with secondary suites.,TRUMAN HOMES 1995,,TRUMAN HOMES 1995,8,"$966,738",,2976B 85 ST SW,SPH,SPRINGBANK HILL,51.02720169,-114.2107565,12,Titled Parcel;Titled Parcel;Titled Parcel;Titled Parcel;Building;Building;Building;Building;Building Suite;Building Suite;Building Suite;Building Suite,2976 85 ST SW;2968 85 ST SW;2964 85 ST SW;2972 85 ST SW;2976 85 ST SW;2972 85 ST SW;2964 85 ST SW;2968 85 ST SW;2976B 85 ST SW;2964B 85 ST SW;2968B 85 ST SW;2972B 85 ST SW,"MULTIPOINT (-114.21075648620074 51.02720169435945,-114.21075632178957 51.02733204636009,-114.21075627928563 51.027394974844576,-114.21075637042166 51.0272736127502,-114.21066452476381 51.0272046829594,-114.21066370426061 51.02727211672374,-114.21066594075343 51.02739127212775,-114.21066567070969 51.027331697391915,-114.21075717151957 51.027214503549736,-114.21075845783274 51.027391276119175,-114.21075885259498 51.02733686930377,-114.21076043181463 51.027267024912035)","{""type"":""MultiPoint"",""coordinates"":[[-114.2107565,51.0272017],[-114.2107563,51.027332],[-114.2107563,51.027395],[-114.2107564,51.0272736],[-114.2106645,51.0272047],[-114.2106637,51.0272721],[-114.2106659,51.0273913],[-114.2106657,51.0273317],[-114.2107572,51.0272145],[-114.2107585,51.0273913],[-114.2107589,51.0273369],[-114.2107604,51.027267]]}",POINT (-114.21075648620074 51.02720169435945),"{""type"":""MultiPoint"",""coordinates"":[[-113.9507779,51.1711034],[-113.9507779,51.1710045],[-113.9507779,51.1711528],[-113.9507779,51.1710584]]}",POINT (-113.95077792569184 51.17110339234715),a,85 ST SW,50
BP2020-04852,Completed,2020-04-27,2020,2020-10-14,2021-06-18,2021,Commercial / Multi Family Project,Building,1606 - Ths Townhouse,Townhouse,Residential,New,New,New,New 4-Unit town house.,TRUMAN HOMES 1995,,,4,"$665,000",,3060 85 ST SW,SPH,SPRINGBANK HILL,51.02589451,-114.2102975,4,Titled Parcel;Titled Parcel;Titled Parcel;Titled Parcel,3060 85 ST SW;3064 85 ST SW;3072 85 ST SW;3068 85 ST SW,"MULTIPOINT (-114.21029746770162 51.02589450919193,-114.21030030475866 51.025831575662835,-114.2103155131543 51.02571468121901,-114.21030041098699 51.02577314193477)","{""type"":""MultiPoint"",""coordinates"":[[-114.2102975,51.0258945],[-114.2103003,51.0258316],[-114.2103155,51.0257147],[-114.2103004,51.0257731]]}",POINT (-114.21029746770162 51.02589450919193),"{""type"":""MultiPoint"",""coordinates"":[[-113.951931,51.17016],[-113.9518567,51.1701599],[-113.9521273,51.1701601],[-113.951992,51.17016],[-113.952053,51.17016],[-113.952113,51.1700629],[-113.9520486,51.1700629],[-113.9519872,51.170064],[-113.9518623,51.1700634],[-113.9519257,51.1700634]]}",POINT (-113.95193096557631 51.170159970179974),a,85 ST SW,50
BP2020-14410,Completed,2020-10-05,2020,2021-01-20,2021-11-30,2021,Commercial / Multi Family Project,Building,1706 - Rhs Rowhouse,Unspecified,Residential,New,New,New,Partial Permit - Timberline Building 4,TRUMAN HOMES 1995,,TRUMAN HOMES 1995,8,"$966,738",,2996B 85 ST SW,SPH,SPRINGBANK HILL,51.02677941,-114.2106243,12,Titled Parcel;Titled Parcel;Titled Parcel;Titled Parcel;Building;Building;Building;Building;Building Suite;Building Suite;Building Suite;Building Suite,3000 85 ST SW;2996 85 ST SW;3004 85 ST SW;3008 85 ST SW;3008 85 ST SW;2996 85 ST SW;3004 85 ST SW;3000 85 ST SW;3000B 85 ST SW;3004B 85 ST SW;3008B 85 ST SW;2996B 85 ST SW,"MULTIPOINT (-114.2106242935689 51.02677941335082,-114.21068015915309 51.02684224106355,-114.21058223919974 51.02672555049788,-114.21053791838506 51.026671691712565,-114.21040720765659 51.026701926000015,-114.21052416031017 51.02687582930384,-114.21045572197639 51.02675321519719,-114.21049215245452 51.026805479055724,-114.21061457282923 51.02678283799444,-114.21058032637947 51.02671867676795,-114.21053487925862 51.0266773697349,-114.21062841201184 51.026842037679195)","{""type"":""MultiPoint"",""coordinates"":[[-114.2106243,51.0267794],[-114.2106802,51.0268422],[-114.2105822,51.0267256],[-114.2105379,51.0266717],[-114.2104072,51.0267019],[-114.2105242,51.0268758],[-114.2104557,51.0267532],[-114.2104922,51.0268055],[-114.2106146,51.0267828],[-114.2105803,51.0267187],[-114.2105349,51.0266774],[-114.2106284,51.026842]]}",POINT (-114.2106242935689 51.02677941335082),"{""type"":""MultiPoint"",""coordinates"":[[-114.190415,51.0886769],[-114.1903493,51.0886348],[-114.1903517,51.0884256],[-114.190348,51.08853],[-114.1903492,51.0884764],[-114.1903494,51.0885872]]}",POINT (-114.19041502528367 51.088676870274554),a,85 ST SW,50
BP2020-15153,Completed,2020-10-16,2020,2021-01-26,2022-01-28,2022,Commercial / Multi Family Project,Building,1706 - Rhs Rowhouse,Unspecified,Residential,New,New,New,Partial permit for new four unit townhouse with secondary suites.,TRUMAN HOMES 1995,,TRUMAN HOMES 1995,4,"$966,738",,2992B 85 ST SW,SPH,SPRINGBANK HILL,51.02712078,-114.2107598,12,Titled Parcel;Titled Parcel;Titled Parcel;Titled Parcel;Building;Building;Building;Building;Building Suite;Building Suite;Building Suite;Building Suite,2980 85 ST SW;2984 85 ST SW;2992 85 ST SW;2988 85 ST SW;2992 85 ST SW;2984 85 ST SW;2988 85 ST SW;2980 85 ST SW;2984B 85 ST SW;2980B 85 ST SW;2988B 85 ST SW;2992B 85 ST SW,"MULTIPOINT (-114.21075983989249 51.027120780355446,-114.21075208072175 51.027044381278316,-114.21071081180334 51.02691859887195,-114.21073919999839 51.026985970981784,-114.21061576614348 51.02693606652987,-114.21065480768237 51.027061115822924,-114.21063718538257 51.027000727322516,-114.21067243430693 51.02712244823845,-114.2107580844014 51.02705430415027,-114.21075947926238 51.027107269377126,-114.21073782189036 51.026983851880466,-114.21070433944043 51.02693420779836)","{""type"":""MultiPoint"",""coordinates"":[[-114.2107598,51.0271208],[-114.2107521,51.0270444],[-114.2107108,51.0269186],[-114.2107392,51.026986],[-114.2106158,51.0269361],[-114.2106548,51.0270611],[-114.2106372,51.0270007],[-114.2106724,51.0271224],[-114.2107581,51.0270543],[-114.2107595,51.0271073],[-114.2107378,51.0269839],[-114.2107043,51.0269342]]}",POINT (-114.21075983989249 51.027120780355446),"{""type"":""MultiPoint"",""coordinates"":[[-114.0783911,51.0034751],[-114.0783742,51.0035912],[-114.078267,51.003593],[-114.0782697,51.0036615],[-114.0783624,51.0036606],[-114.0783648,51.0035186],[-114.0782589,51.0035136]]}",POINT (-114.07839112143307 51.00347510505276),,85 ST SW,50
BP2020-09922,Completed,2020-07-23,2020,2020-11-04,2022-01-17,2022,Commercial / Multi Family Project,Building,1706 - Rhs Rowhouse,Unspecified,Residential,New,New,New,Four-unit townhouse Building 6.,TRUMAN HOMES 1995,,TRUMAN HOMES 1995,4,"$985,627",,3028B 85 ST SW,SPH,SPRINGBANK HILL,51.02632144,-114.2103459,6,Titled Parcel;Titled Parcel;Building;Building;Building Suite;Building Suite,3032 85 ST SW;3028 85 ST SW;3032 85 ST SW;3028 85 ST SW;3032B 85 ST SW;3028B 85 ST SW,"MULTIPOINT (-114.21034588498523 51.026321436339146,-114.21036258534066 51.02637983980967,-114.21022832127072 51.02633343348197,-114.21023803505372 51.02639466333755,-114.2103467261937 51.02630257427891,-114.21036013034998 51.02639174668963)","{""type"":""MultiPoint"",""coordinates"":[[-114.2103459,51.0263214],[-114.2103626,51.0263798],[-114.2102283,51.0263334],[-114.210238,51.0263947],[-114.2103467,51.0263026],[-114.2103601,51.0263917]]}",POINT (-114.21034588498523 51.026321436339146),"{""type"":""MultiPoint"",""coordinates"":[[-114.0981649,51.0238805],[-114.0981658,51.0236849],[-114.0982638,51.0236543],[-114.0982423,51.0236541],[-114.09809,51.0236542],[-114.0982606,51.0237157],[-114.098086,51.0237156],[-114.0980677,51.023654],[-114.0982455,51.0237155],[-114.098072,51.0237156]]}",POINT (-114.09816494758515 51.023880459962434),a,85 ST SW,50
BP2020-04854,Completed,2020-04-27,2020,2020-07-09,2021-02-23,2021,Commercial / Multi Family Project,Building,1606 - Ths Townhouse,Townhouse,Residential,New,New,New,"New 4-unit town house (units 3092, 3096, 3100, 3104)",TRUMAN HOMES 1995,,,4,"$665,000",,3092 85 ST SW,SPH,SPRINGBANK HILL,51.02542669,-114.2104945,4,Titled Parcel;Titled Parcel;Titled Parcel;Titled Parcel,3092 85 ST SW;3104 85 ST SW;3100 85 ST SW;3096 85 ST SW,"MULTIPOINT (-114.21049453221381 51.0254266860934,-114.21067012206052 51.02522859461898,-114.21059137388454 51.02531863431202,-114.2105437798716 51.025372658723384)","{""type"":""MultiPoint"",""coordinates"":[[-114.2104945,51.0254267],[-114.2106701,51.0252286],[-114.2105914,51.0253186],[-114.2105438,51.0253727]]}",POINT (-114.21049453221381 51.0254266860934),"{""type"":""MultiPoint"",""coordinates"":[[-113.943355,50.8765593],[-113.9435091,50.8771971],[-113.9436483,50.8772171],[-113.9437498,50.8771991],[-113.9433963,50.8772822],[-113.9434482,50.8772727],[-113.9434053,50.8772603],[-113.9434226,50.8772579],[-113.9433203,50.8772774],[-113.943664,50.8772143],[-113.9436377,50.8772385],[-113.9435625,50.8772318],[-113.9436911,50.8772295],[-113.9435106,50.8772418]]}",POINT (-113.94335500418644 50.87655932977655),a,85 ST SW,50
BP2020-04853,Completed,2020-04-27,2020,2020-10-14,2021-06-18,2021,Commercial / Multi Family Project,Building,1706 - Rhs Rowhouse,Unspecified,Residential,New,New,New,"New 4-unit town house (units 3076, 3080, 3084, 3088)",TRUMAN HOMES 1995,,,4,"$665,000",,3076 85 ST SW,SPH,SPRINGBANK HILL,51.02559323,-114.2103654,4,Titled Parcel;Titled Parcel;Titled Parcel;Titled Parcel,3080 85 ST SW;3084 85 ST SW;3088 85 ST SW;3076 85 ST SW,"MULTIPOINT (-114.21036543973413 51.02559322939141,-114.2104065768273 51.0255392166807,-114.21044656735774 51.02548071113198,-114.21033765100739 51.02565171294992)","{""type"":""MultiPoint"",""coordinates"":[[-114.2103654,51.0255932],[-114.2104066,51.0255392],[-114.2104466,51.0254807],[-114.2103377,51.0256517]]}",POINT (-114.21036543973413 51.02559322939141),,,,85 ST SW,50
BP2020-14965,Completed,2020-10-14,2020,2021-01-26,2022-03-01,2022,Commercial / Multi Family Project,Building,1606 - Ths Townhouse,Townhouse,Residential,New,New,New,New 4-unit townhouse with secondary suites.,TRUMAN HOMES 1995,,TRUMAN HOMES 1995,8,"$966,738",,2948B 85 ST SW,SPH,SPRINGBANK HILL,51.02751634,-114.2107562,12,Titled Parcel;Titled Parcel;Titled Parcel;Titled Parcel;Building;Building;Building;Building;Building Suite;Building Suite;Building Suite;Building Suite,2956 85 ST SW;2952 85 ST SW;2948 85 ST SW;2960 85 ST SW;2956 85 ST SW;2948 85 ST SW;2952 85 ST SW;2960 85 ST SW;2956B 85 ST SW;2952B 85 ST SW;2960B 85 ST SW;2948B 85 ST SW,"MULTIPOINT (-114.21075617389482 51.02751633696214,-114.21075612526313 51.02757477056958,-114.21075278179062 51.02767366409287,-114.21075623678185 51.027457903328404,-114.21067099175066 51.02751808174158,-114.21067263222852 51.02763153869936,-114.21067125051516 51.02757516632892,-114.21067075238406 51.02746527625036,-114.21075821882005 51.02754289805134,-114.21075826089175 51.02755217542044,-114.2107545542795 51.02748296984808,-114.21075062426983 51.0276128431856)","{""type"":""MultiPoint"",""coordinates"":[[-114.2107562,51.0275163],[-114.2107561,51.0275748],[-114.2107528,51.0276737],[-114.2107562,51.0274579],[-114.210671,51.0275181],[-114.2106726,51.0276315],[-114.2106713,51.0275752],[-114.2106708,51.0274653],[-114.2107582,51.0275429],[-114.2107583,51.0275522],[-114.2107546,51.027483],[-114.2107506,51.0276128]]}",POINT (-114.21075617389482 51.02751633696214),,,,85 ST SW,50
BP2020-09921,Completed,2020-07-23,2020,2020-10-19,2022-02-14,2022,Commercial / Multi Family Project,Building,1706 - Rhs Rowhouse,Unspecified,Residential,New,New,New,Four unit town house units #2044/48/52/56,TRUMAN HOMES 1995,,TRUMAN HOMES 1995,4,"$941,549",,3052 85 ST SW,SPH,SPRINGBANK HILL,51.02607877,-114.2103148,8,Titled Parcel;Titled Parcel;Titled Parcel;Titled Parcel;Building;Building;Building;Building,3048 85 ST SW;3044 85 ST SW;3052 85 ST SW;3056 85 ST SW;3052 85 ST SW;3056 85 ST SW;3044 85 ST SW;3048 85 ST SW,"MULTIPOINT (-114.21031478011312 51.02607876841612,-114.21032167302214 51.02613718954471,-114.21030811529826 51.02602034687606,-114.21030120208583 51.02595743089472,-114.21018073364064 51.026026689092575,-114.21016912760908 51.025963080341285,-114.21019446873107 51.026144996789895,-114.2101894787666 51.02608494508215)","{""type"":""MultiPoint"",""coordinates"":[[-114.2103148,51.0260788],[-114.2103217,51.0261372],[-114.2103081,51.0260203],[-114.2103012,51.0259574],[-114.2101807,51.0260267],[-114.2101691,51.0259631],[-114.2101945,51.026145],[-114.2101895,51.0260849]]}",POINT (-114.21031478011312 51.02607876841612),,,,85 ST SW,50
BP2018-02164,Completed,2018-02-28,2018,2018-04-18,2018-07-19,2018,Commercial / Multi Family Project,Building,1706 - Rhs Rowhouse,Unspecified,Residential,New,New,New,,JAYMAN BUILT,,JAYMAN BUILT,4,"$726,482",,253 SETON CI SE,SET,SETON,50.86984958,-113.9568664,5,Titled Parcel;Titled Parcel;Titled Parcel;Titled Parcel;Building,253 SETON CI SE;265 SETON CI SE;257 SETON CI SE;261 SETON CI SE;253 SETON CI SE,"MULTIPOINT (-113.95686638524833 50.86984957501252,-113.95673838196129 50.86969220256504,-113.95682450548837 50.86980011450569,-113.95678566615055 50.86975065510907,-113.95698830621255 50.869808949222616)","{""type"":""MultiPoint"",""coordinates"":[[-113.9568664,50.8698496],[-113.9567384,50.8696922],[-113.9568245,50.8698001],[-113.9567857,50.8697507],[-113.9569883,50.8698089]]}",POINT (-113.95686638524833 50.86984957501252),"{""type"":""MultiPoint"",""coordinates"":[[-114.0743037,50.8590504],[-114.0742255,50.8590504],[-114.0741324,50.8590505],[-114.0743968,50.8590503]]}",POINT (-114.07430365655762 50.85905037372088),a,SETON CI SE,51
BP2018-03346,Completed,2018-03-28,2018,2018-04-19,2018-08-27,2018,Commercial / Multi Family Project,Building,1706 - Rhs Rowhouse,Unspecified,Residential,New,New,New,Seton Rowhouses - Building #03 - 4-Plex,JAYMAN BUILT,,,4,"$701,996",,237 SETON CI SE,SET,SETON,50.87001594,-113.9570009,5,Titled Parcel;Titled Parcel;Titled Parcel;Titled Parcel;Building,241 SETON CI SE;237 SETON CI SE;249 SETON CI SE;245 SETON CI SE;237 SETON CI SE,"MULTIPOINT (-113.95700093066583 50.87001593972939,-113.95704466782587 50.870069895856524,-113.95691480633393 50.86990802792272,-113.95696207675483 50.86996648038798,-113.95715368761701 50.87003080243771)","{""type"":""MultiPoint"",""coordinates"":[[-113.9570009,50.8700159],[-113.9570447,50.8700699],[-113.9569148,50.869908],[-113.9569621,50.8699665],[-113.9571537,50.8700308]]}",POINT (-113.95700093066583 50.87001593972939),"{""type"":""MultiPoint"",""coordinates"":[[-114.1042027,51.1803266],[-114.1039679,51.1800436],[-114.1039348,51.1799987],[-114.1040066,51.180093],[-114.104119,51.1802322],[-114.1038941,51.1799448],[-114.104164,51.1802772],[-114.1040446,51.1801379],[-114.1040821,51.1801828],[-114.1038499,51.1800342],[-114.1040751,51.1802995],[-114.1038096,51.1799801],[-114.1041185,51.1803536],[-114.1038867,51.1800823],[-114.1040368,51.1802565],[-114.1039505,51.1801705],[-114.1039285,51.1801354],[-114.1039935,51.1802085]]}",POINT (-114.10420274743572 51.18032656107085),a,SETON CI SE,51
BP2018-03350,Completed,2018-03-28,2018,2018-04-19,2018-10-24,2018,Commercial / Multi Family Project,Building,1706 - Rhs Rowhouse,Unspecified,Residential,New,New,New,Seton Rowhouses - Bldg. #05 4-Plex,JAYMAN BUILT,,,4,"$701,996",,205 SETON CI SE,SET,SETON,50.87045658,-113.9573472,5,Titled Parcel;Titled Parcel;Titled Parcel;Titled Parcel;Building,209 SETON CI SE;205 SETON CI SE;217 SETON CI SE;213 SETON CI SE;205 SETON CI SE,"MULTIPOINT (-113.95734717127245 50.87045657694038,-113.95739454224038 50.87051502926159,-113.95726291658927 50.87035316108386,-113.95730737894282 50.87040711737485,-113.95750822969062 50.87046835864538)","{""type"":""MultiPoint"",""coordinates"":[[-113.9573472,50.8704566],[-113.9573945,50.870515],[-113.9572629,50.8703532],[-113.9573074,50.8704071],[-113.9575082,50.8704684]]}",POINT (-113.95734717127245 50.87045657694038),,,,SETON CI SE,51
BP2018-03347,Completed,2018-03-28,2018,2018-04-19,2018-09-26,2018,Commercial / Multi Family Project,Building,1706 - Rhs Rowhouse,Unspecified,Residential,New,New,New,Seton Rowhouses - Building #04 - 4-Plex,JAYMAN BUILT,,,4,"$726,482",,221 SETON CI SE,SET,SETON,50.87012835,-113.9570938,5,Titled Parcel;Titled Parcel;Titled Parcel;Titled Parcel;Building,233 SETON CI SE;229 SETON CI SE;221 SETON CI SE;225 SETON CI SE;221 SETON CI SE,"MULTIPOINT (-113.95709384234846 50.870128348967455,-113.95713660950229 50.87018679970436,-113.9572201390324 50.87029021538933,-113.95717544957371 50.87023625898068,-113.95733377729157 50.870250332375996)","{""type"":""MultiPoint"",""coordinates"":[[-113.9570938,50.8701283],[-113.9571366,50.8701868],[-113.9572201,50.8702902],[-113.9571754,50.8702363],[-113.9573338,50.8702503]]}",POINT (-113.95709384234846 50.870128348967455),,,,SETON CI SE,51
BP2019-06543,Completed,2019-05-29,2019,2019-06-10,2020-07-30,2020,Commercial / Multi Family Project,Building,1606 - Ths Townhouse,Townhouse,Residential,New,New,New,Emerald Sky West -  Building #7000 8 Unit Rowhouse,CARLISLE DEVELOPMENTS,,,8,"$1,302,079",,301 KINCORA GLEN RD NW,KCA,KINCORA,51.16568158,-114.1433974,16,Titled Parcel;Titled Parcel;Titled Parcel;Titled Parcel;Titled Parcel;Titled Parcel;Titled Parcel;Titled Parcel;Building;Building;Building;Building;Building;Building;Building;Building,311 KINCORA GLEN RD NW;301 KINCORA GLEN RD NW;303 KINCORA GLEN RD NW;313 KINCORA GLEN RD NW;305 KINCORA GLEN RD NW;309 KINCORA GLEN RD NW;315 KINCORA GLEN RD NW;307 KINCORA GLEN RD NW;307 KINCORA GLEN RD NW;313 KINCORA GLEN RD NW;305 KINCORA GLEN RD NW;303 KINCORA GLEN RD NW;309 KINCORA GLEN RD NW;301 KINCORA GLEN RD NW;311 KINCORA GLEN RD NW;315 KINCORA GLEN RD NW,"MULTIPOINT (-114.1433974313275 51.165681579722396,-114.1431678491413 51.165533533297605,-114.14321994730503 51.165569427737665,-114.14344168066864 51.16571298890739,-114.14326431117442 51.16559634207398,-114.14335305300104 51.165654665454596,-114.14349270690704 51.16574888453937,-114.14330868902402 51.165627751152286,-114.14323463654716 51.16567270869687,-114.14336191174172 51.16575421388724,-114.14319316649059 51.1656476336658,-114.14314456742761 51.16562436525356,-114.14327325821849 51.16570138302235,-114.1430973926325 51.16559929716848,-114.14331901732878 51.16573093855692,-114.14340624396074 51.1657846700912)","{""type"":""MultiPoint"",""coordinates"":[[-114.1433974,51.1656816],[-114.1431678,51.1655335],[-114.1432199,51.1655694],[-114.1434417,51.165713],[-114.1432643,51.1655963],[-114.1433531,51.1656547],[-114.1434927,51.1657489],[-114.1433087,51.1656278],[-114.1432346,51.1656727],[-114.1433619,51.1657542],[-114.1431932,51.1656476],[-114.1431446,51.1656244],[-114.1432733,51.1657014],[-114.1430974,51.1655993],[-114.143319,51.1657309],[-114.1434062,51.1657847]]}",POINT (-114.1433974313275 51.165681579722396),"{""type"":""MultiPoint"",""coordinates"":[[-113.9507778,51.1694089],[-113.9507778,51.1693594],[-113.9507778,51.1695033],[-113.9507778,51.1694538],[-113.950665,51.1695048],[-113.9506699,51.1694561],[-113.9506675,51.1693647],[-113.9506675,51.1694074]]}",POINT (-113.95077779917007 51.1694088640653),a,KINCORA GLEN RD NW,52
BP2019-06551,Completed,2019-05-29,2019,2019-06-10,2020-04-28,2020,Commercial / Multi Family Project,Building,1606 - Ths Townhouse,Townhouse,Residential,New,New,New,Emerald Sky West - Building #8000 4 Unit Rowhouse,CARLISLE DEVELOPMENTS,,,4,"$663,608",,265 KINCORA GLEN RD NW,KCA,KINCORA,51.16539895,-114.1429513,8,Titled Parcel;Titled Parcel;Titled Parcel;Titled Parcel;Building;Building;Building;Building,269 KINCORA GLEN RD NW;271 KINCORA GLEN RD NW;267 KINCORA GLEN RD NW;265 KINCORA GLEN RD NW;265 KINCORA GLEN RD NW;267 KINCORA GLEN RD NW;269 KINCORA GLEN RD NW;271 KINCORA GLEN RD NW,"MULTIPOINT (-114.1429512781704 51.16539895484958,-114.14300530661218 51.165430352251036,-114.142903554701 51.16537204449771,-114.14282712266754 51.165331684850706,-114.14276707353397 51.165392410658455,-114.14281566897004 51.165419275053644,-114.14286000094887 51.16544524567975,-114.1429071837641 51.16547300172743)","{""type"":""MultiPoint"",""coordinates"":[[-114.1429513,51.165399],[-114.1430053,51.1654304],[-114.1429036,51.165372],[-114.1428271,51.1653317],[-114.1427671,51.1653924],[-114.1428157,51.1654193],[-114.14286,51.1654452],[-114.1429072,51.165473]]}",POINT (-114.1429512781704 51.16539895484958),,,,KINCORA GLEN RD NW,52
BP2018-12851,Completed,2018-09-24,2018,2018-12-19,2020-01-15,2020,Commercial / Multi Family Project,Building,1606 - Ths Townhouse,Townhouse,Residential,New,New,New,Emerald Sky Townhouse Building 9000,CARLISLE GROUP,,,6,"$848,501",,251 KINCORA GLEN RD NW,KCA,KINCORA,51.1651884,-114.1423759,12,Titled Parcel;Titled Parcel;Titled Parcel;Titled Parcel;Titled Parcel;Titled Parcel;Building;Building;Building;Building;Building;Building,251 KINCORA GLEN RD NW;261 KINCORA GLEN RD NW;255 KINCORA GLEN RD NW;253 KINCORA GLEN RD NW;257 KINCORA GLEN RD NW;259 KINCORA GLEN RD NW;251 KINCORA GLEN RD NW;255 KINCORA GLEN RD NW;259 KINCORA GLEN RD NW;253 KINCORA GLEN RD NW;257 KINCORA GLEN RD NW;261 KINCORA GLEN RD NW,"MULTIPOINT (-114.1423759293381 51.165188401991465,-114.14270619709865 51.16528238988465,-114.14250846583852 51.1652197040508,-114.14244857411347 51.165206292663925,-114.14256739965178 51.16523311657439,-114.14262521784187 51.1652510252047,-114.14233564459028 51.16526013370475,-114.14246130759678 51.16528330863477,-114.14257698770074 51.16531009141778,-114.14240275661857 51.16527350939199,-114.14251986691082 51.16529580470387,-114.14263412836881 51.165326175990046)","{""type"":""MultiPoint"",""coordinates"":[[-114.1423759,51.1651884],[-114.1427062,51.1652824],[-114.1425085,51.1652197],[-114.1424486,51.1652063],[-114.1425674,51.1652331],[-114.1426252,51.165251],[-114.1423356,51.1652601],[-114.1424613,51.1652833],[-114.142577,51.1653101],[-114.1424028,51.1652735],[-114.1425199,51.1652958],[-114.1426341,51.1653262]]}",POINT (-114.1423759293381 51.165188401991465),,,,KINCORA GLEN RD NW,52
BP2017-06483,Completed,2017-06-01,2017,2017-06-27,2018-08-07,2018,Commercial / Multi Family Project,Building,1508 - Apt Fourplex,Apartment,Residential,New,New,New,Stealth Homes Multifamily 4-plex -Kensington,STEALTH HOMES,,,4,"$1,251,763",,#1 1714 KENSINGTON RD NW,HIL,HILLHURST,51.05262477,-114.0986471,7,Titled Parcel;Building;Building;Building Suite;Building Suite;Building Suite;Building Suite,1714 KENSINGTON RD NW;1716 KENSINGTON RD NW;1714 KENSINGTON RD NW;#2 1716 KENSINGTON RD NW;#2 1714 KENSINGTON RD NW;#1 1714 KENSINGTON RD NW;#1 1716 KENSINGTON RD NW,"MULTIPOINT (-114.09864707691756 51.05262476566273,-114.09874708013807 51.05276122613185,-114.09866650730261 51.052760943573865,-114.09878536807715 51.052797467313276,-114.09862810130474 51.05279664720933,-114.09869536460518 51.05266172660225,-114.09872989846627 51.052663126803786)","{""type"":""MultiPoint"",""coordinates"":[[-114.0986471,51.0526248],[-114.0987471,51.0527612],[-114.0986665,51.0527609],[-114.0987854,51.0527975],[-114.0986281,51.0527966],[-114.0986954,51.0526617],[-114.0987299,51.0526631]]}",POINT (-114.09864707691756 51.05262476566273),"{""type"":""MultiPoint"",""coordinates"":[[-114.1311058,51.1746046],[-114.1317859,51.1742892],[-114.1311843,51.1745776],[-114.1310254,51.1746362],[-114.1312627,51.174546],[-114.1313168,51.1745979],[-114.1311354,51.1746559],[-114.1310696,51.1746824],[-114.1312227,51.1746309]]}",POINT (-114.13110578926815 51.17460463871295),a,1714 KENSINGTON RD NW,53
BP2017-14928,Completed,2017-11-09,2017,2018-02-15,2019-03-19,2019,Commercial / Multi Family Project,Building,1606 - Ths Townhouse,Townhouse,Residential,New,New,New,Part 9 Residential 2 Storey Semi-Detached Dwelling & Garage,TRU BUILDING SOLUTIONS,,TRU BUILDING SOLUTIONS,4,"$838,500",,#1 1706 KENSINGTON RD NW,HIL,HILLHURST,51.05262513,-114.0982183,7,Titled Parcel;Building;Building;Building Suite;Building Suite;Building Suite;Building Suite,1706 KENSINGTON RD NW;1706 KENSINGTON RD NW;1708 KENSINGTON RD NW;#2 1708 KENSINGTON RD NW;#1 1708 KENSINGTON RD NW;#1 1706 KENSINGTON RD NW;#2 1706 KENSINGTON RD NW,"MULTIPOINT (-114.09821825893064 51.052625126780725,-114.09823669749949 51.052771760644625,-114.0983129346432 51.05277217300185,-114.09832737798516 51.05281687573654,-114.0983237696666 51.05272269344011,-114.09822977946834 51.052710879062,-114.0982345556497 51.052824568079515)","{""type"":""MultiPoint"",""coordinates"":[[-114.0982183,51.0526251],[-114.0982367,51.0527718],[-114.0983129,51.0527722],[-114.0983274,51.0528169],[-114.0983238,51.0527227],[-114.0982298,51.0527109],[-114.0982346,51.0528246]]}",POINT (-114.09821825893064 51.052625126780725),"{""type"":""MultiPoint"",""coordinates"":[[-114.1326665,51.1743916],[-114.1328339,51.1743959],[-114.132747,51.174396],[-114.1324991,51.1743828],[-114.132586,51.1743872],[-114.1326773,51.174345],[-114.1325969,51.1743451],[-114.1328429,51.1743496],[-114.1325146,51.1743398],[-114.1327577,51.1743479]]}",POINT (-114.13266649534123 51.17439162523691),a,1706 KENSINGTON RD NW,53
BP2018-06248,Completed,2018-05-24,2018,2018-07-04,2019-10-09,2019,Commercial / Multi Family Project,Building,1606 - Ths Townhouse,Townhouse,Residential,New,New,New,,RNDSQR CONSTRUCTION,,,4,"$948,049",,1750 50 AV SW,ALT,ALTADORE,51.00883174,-114.1031777,5,Titled Parcel;Building;Building;Building;Building,1748 50 AV SW;5020 17 ST SW;5018 17 ST SW;5016 17 ST SW;1750 50 AV SW,"MULTIPOINT (-114.10317774453463 51.00883174420729,-114.10320649451708 51.00893831077522,-114.10320709870072 51.008998667700986,-114.10321048142453 51.00903969412065,-114.1032091760689 51.008875280978565)","{""type"":""MultiPoint"",""coordinates"":[[-114.1031777,51.0088317],[-114.1032065,51.0089383],[-114.1032071,51.0089987],[-114.1032105,51.0090397],[-114.1032092,51.0088753]]}",POINT (-114.10317774453463 51.00883174420729),"{""type"":""MultiPoint"",""coordinates"":[[-114.139922,51.0366618],[-114.1400459,51.0366823],[-114.1400459,51.0366823]]}",POINT (-114.13992196614109 51.0366618164248),a,50 AV SW,54
BP2017-13702,Completed,2017-10-12,2017,2017-11-16,2018-04-13,2018,Commercial / Multi Family Project,Building,1606 - Ths Townhouse,Townhouse,Residential,New,New,New,Cornerstone Row Houses - Building 1,JAYMAN BUILT,,,5,"$860,600",,1621 CORNERSTONE BV NE,CNS,CORNERSTONE,51.16293955,-113.9384626,5,Titled Parcel;Titled Parcel;Titled Parcel;Titled Parcel;Titled Parcel,1633 CORNERSTONE BV NE;1629 CORNERSTONE BV NE;1625 CORNERSTONE BV NE;1621 CORNERSTONE BV NE;1637 CORNERSTONE BV NE,"MULTIPOINT (-113.93846260454293 51.16293955059963,-113.93846261911993 51.16288561329878,-113.93846263369682 51.16283167599744,-113.9384672186348 51.162759761996355,-113.93846259230205 51.163002477452494)","{""type"":""MultiPoint"",""coordinates"":[[-113.9384626,51.1629396],[-113.9384626,51.1628856],[-113.9384626,51.1628317],[-113.9384672,51.1627598],[-113.9384626,51.1630025]]}",POINT (-113.93846260454293 51.16293955059963),"{""type"":""MultiPoint"",""coordinates"":[[-114.1386029,51.0236642],[-114.1385612,51.0234672],[-114.1385279,51.023426],[-114.1385973,51.0235136],[-114.1386352,51.0235601],[-114.138518,51.0235056],[-114.1385846,51.0235979],[-114.1385513,51.0235509],[-114.1384589,51.0234296]]}",POINT (-114.13860286863867 51.02366419376301),a,CORNERSTONE BV NE,55
BP2017-13711,Completed,2017-10-12,2017,2017-11-23,2018-09-10,2018,Commercial / Multi Family Project,Building,1706 - Rhs Rowhouse,Unspecified,Residential,New,New,New,Cornerstone Row Houses - Building 4,JAYMAN BUILT,,,6,"$1,005,714",,1701 CORNERSTONE BV NE,CNS,CORNERSTONE,51.16371715,-113.9384625,7,Titled Parcel;Titled Parcel;Titled Parcel;Titled Parcel;Titled Parcel;Titled Parcel;Building,1685 CORNERSTONE BV NE;1697 CORNERSTONE BV NE;1693 CORNERSTONE BV NE;1681 CORNERSTONE BV NE;1701 CORNERSTONE BV NE;1689 CORNERSTONE BV NE;1701 CORNERSTONE BV NE,"MULTIPOINT (-113.93846248493102 51.16371714667889,-113.93846244951271 51.163883453336126,-113.93846246409113 51.16382951604403,-113.93846249119251 51.163658714605745,-113.93846394680847 51.16395087574774,-113.93846248465007 51.16377108397955,-113.93858898411595 51.16393490409511)","{""type"":""MultiPoint"",""coordinates"":[[-113.9384625,51.1637171],[-113.9384624,51.1638835],[-113.9384625,51.1638295],[-113.9384625,51.1636587],[-113.9384639,51.1639509],[-113.9384625,51.1637711],[-113.938589,51.1639349]]}",POINT (-113.93846248493102 51.16371714667889),"{""type"":""MultiPoint"",""coordinates"":[[-114.0571717,51.0542616],[-114.0570975,51.0542122],[-114.0571964,51.0542098],[-114.0571917,51.0541189],[-114.0570989,51.0541175]]}",POINT (-114.05717169054859 51.05426157064858),a,CORNERSTONE BV NE,55
BP2017-13705,Completed,2017-10-12,2017,2017-11-21,2018-05-15,2018,Commercial / Multi Family Project,Building,1706 - Rhs Rowhouse,Unspecified,Residential,New,New,New,Cornerstone Row Houses - Building 2,JAYMAN BUILT,,,5,"$842,181",,1657 CORNERSTONE BV NE,CNS,CORNERSTONE,51.16329913,-113.9384626,6,Titled Parcel;Titled Parcel;Titled Parcel;Titled Parcel;Titled Parcel;Building,1657 CORNERSTONE BV NE;1645 CORNERSTONE BV NE;1641 CORNERSTONE BV NE;1653 CORNERSTONE BV NE;1649 CORNERSTONE BV NE;1657 CORNERSTONE BV NE,"MULTIPOINT (-113.93846255501795 51.16329913261756,-113.93846258211698 51.1631283311637,-113.93846259435809 51.16306540431219,-113.93846256725934 51.1632362057679,-113.93846256753964 51.163182268462286,-113.93859480002173 51.1632911474696)","{""type"":""MultiPoint"",""coordinates"":[[-113.9384626,51.1632991],[-113.9384626,51.1631283],[-113.9384626,51.1630654],[-113.9384626,51.1632362],[-113.9384626,51.1631823],[-113.9385948,51.1632911]]}",POINT (-113.93846255501795 51.16329913261756),"{""type"":""MultiPoint"",""coordinates"":[[-114.0650792,50.8637981],[-114.0651977,50.8636873],[-114.0651961,50.8635373],[-114.0651977,50.8637833],[-114.0651965,50.8635863],[-114.0651974,50.8636331],[-114.0651991,50.8637361]]}",POINT (-114.06507922226038 50.86379811607197),a,CORNERSTONE BV NE,55
BP2017-13709,Completed,2017-10-12,2017,2017-11-21,2018-06-29,2018,Commercial / Multi Family Project,Building,1706 - Rhs Rowhouse,Unspecified,Residential,New,New,New,Cornerstone Row Houses - Building 3,JAYMAN BUILT,,,5,"$860,548",,1677 CORNERSTONE BV NE,CNS,CORNERSTONE,51.16342499,-113.9384625,6,Titled Parcel;Titled Parcel;Titled Parcel;Titled Parcel;Titled Parcel;Building,1665 CORNERSTONE BV NE;1673 CORNERSTONE BV NE;1669 CORNERSTONE BV NE;1677 CORNERSTONE BV NE;1661 CORNERSTONE BV NE;1677 CORNERSTONE BV NE,"MULTIPOINT (-113.93846253053485 51.16342498631483,-113.93846251567638 51.163532860913534,-113.93846253025426 51.16347892361819,-113.93846250343451 51.16359578775998,-113.93846253679592 51.16336655423874,-113.93859733611957 51.16358853212414)","{""type"":""MultiPoint"",""coordinates"":[[-113.9384625,51.163425],[-113.9384625,51.1635329],[-113.9384625,51.1634789],[-113.9384625,51.1635958],[-113.9384625,51.1633666],[-113.9385973,51.1635885]]}",POINT (-113.93846253053485 51.16342498631483),"{""type"":""MultiPoint"",""coordinates"":[[-113.9563764,51.1674648],[-113.9565071,51.1674649],[-113.9567031,51.167465],[-113.9565724,51.1674649],[-113.9567685,51.167465],[-113.9569108,51.167465],[-113.9564417,51.1674649],[-113.9566378,51.1674649],[-113.9562977,51.1674648],[-113.9568339,51.167465],[-113.9566375,51.1673802],[-113.9563707,51.1673776],[-113.9567574,51.1673814],[-113.9565032,51.1673789],[-113.9568973,51.1673828],[-113.9564396,51.1673783],[-113.9567011,51.1673808],[-113.9563071,51.1673769],[-113.9565613,51.1673795],[-113.9568337,51.1673822]]}",POINT (-113.95637636516626 51.16746484970225),a,CORNERSTONE BV NE,55
BP2019-06630,Completed,2019-05-30,2019,2019-07-03,2020-02-03,2020,Commercial / Multi Family Project,Building,1606 - Ths Townhouse,Townhouse,Residential,New,New,New,,EAGLE CREST CONSTRUCTION,,EAGLE CREST CONSTRUCTION,4,"$791,581",,2111 5 ST NW,MOP,MOUNT PLEASANT,51.07092793,-114.0741632,1,Titled Parcel,2111 5 ST NW,POINT (-114.07416321637929 51.07092793129232),"{""type"":""Point"",""coordinates"":[-114.0741632,51.0709279]}",POINT (-114.07416321637929 51.07092793129232),"{""type"":""MultiPoint"",""coordinates"":[[-113.9567619,51.1521962],[-113.9566597,51.1521872],[-113.956478,51.1521647],[-113.9565746,51.1521782]]}",POINT (-113.9567619135189 51.152196232604425),a,5 ST NW,56
BP2021-06988,Completed,2021-04-27,2021,2021-08-11,2022-12-08,2022,Commercial / Multi Family Project,Building,1706 - Rhs Rowhouse,Unspecified,Residential,New,New,New,3 Plex Rowhouse,FORMED ALLIANCE ARCHITECTURE STUDIO,,EAGLE CREST CONSTRUCTION,3,"$650,073",,603B 20 AV NW,MOP,MOUNT PLEASANT,51.070429,-114.0741746,8,Titled Parcel;Building;Building;Building;Building;Building Suite;Building Suite;Building Suite,601 20 AV NW;2017 5 ST NW;603 20 AV NW;601 20 AV NW;2015 5 ST NW;2015B 5 ST NW;603B 20 AV NW;2017R 5 ST NW,"MULTIPOINT (-114.07417464709748 51.07042899599599,-114.07423072390147 51.070331817758024,-114.07423387208691 51.070382113102404,-114.07423548689904 51.070330142650235,-114.07422757470195 51.070280884145426,-114.0741908378818 51.0702658587163,-114.07420037052279 51.070409445064584,-114.07428679227485 51.07035430132814)","{""type"":""MultiPoint"",""coordinates"":[[-114.0741746,51.070429],[-114.0742307,51.0703318],[-114.0742339,51.0703821],[-114.0742355,51.0703301],[-114.0742276,51.0702809],[-114.0741908,51.0702659],[-114.0742004,51.0704094],[-114.0742868,51.0703543]]}",POINT (-114.07417464709748 51.07042899599599),,,,20 AV NW,56
BP2018-03387,Completed,2018-03-29,2018,2018-07-04,2019-10-18,2019,Commercial / Multi Family Project,Building,1606 - Ths Townhouse,Townhouse,Residential,New,New,New,"Constructed Concept Developments 4 Plex: 3 storey, 4 residential units",CONSTRUCTED CONCEPT DEVELOPMENTS,,,4,"$876,033",,1941 46 ST NW,MON,MONTGOMERY,51.07305786,-114.1600456,5,Titled Parcel;Building;Building;Building;Building,1937 46 ST NW;1941 46 ST NW;4703 19 AV NW;1943 46 ST NW;1945 46 ST NW,"MULTIPOINT (-114.16004558591432 51.07305786111163,-114.16001570737585 51.073141038725794,-114.15979168103802 51.07325370736749,-114.15994408517632 51.073172924305105,-114.15986252116656 51.07321012735666)","{""type"":""MultiPoint"",""coordinates"":[[-114.1600456,51.0730579],[-114.1600157,51.073141],[-114.1597917,51.0732537],[-114.1599441,51.0731729],[-114.1598625,51.0732101]]}",POINT (-114.16004558591432 51.07305786111163),"{""type"":""MultiPoint"",""coordinates"":[[-114.0993716,51.0105026],[-114.1003098,51.0102981],[-114.1000179,51.010298],[-114.100208,51.0102981],[-114.099935,51.010298],[-114.1001137,51.0102981]]}",POINT (-114.09937157915235 51.01050264917064),,46 ST NW,57
BP2020-11999,Completed,2020-08-28,2020,2020-09-11,2021-02-18,2021,Commercial / Multi Family Project,Building,1706 - Rhs Rowhouse,Unspecified,Residential,New,New,New,New three unit townhouse.,LOOK MASTER BUILDER CALGARY,,,3,"$876,439",,59 WOLF CREEK AV SE,WWO,WOLF WILLOW,50.87492328,-114.005431,4,Titled Parcel;Titled Parcel;Titled Parcel;Building,63 WOLF CREEK AV SE;59 WOLF CREEK AV SE;67 WOLF CREEK AV SE;59 WOLF CREEK AV SE,"MULTIPOINT (-114.00543097931083 50.8749232830834,-114.00534430598067 50.87492328708375,-114.00551765264098 50.87492327901869,-114.0053541848476 50.874832361811954)","{""type"":""MultiPoint"",""coordinates"":[[-114.005431,50.8749233],[-114.0053443,50.8749233],[-114.0055177,50.8749233],[-114.0053542,50.8748324]]}",POINT (-114.00543097931083 50.8749232830834),"{""type"":""MultiPoint"",""coordinates"":[[-113.9541278,51.151948],[-113.9543467,51.1519481],[-113.9542603,51.1519481],[-113.9544452,51.1519481]]}",POINT (-113.95412782614996 51.151948016188115),a,WOLF CREEK AV SE,58
BP2020-11994,Completed,2020-08-28,2020,2020-09-11,2021-03-18,2021,Commercial / Multi Family Project,Building,1706 - Rhs Rowhouse,Unspecified,Residential,New,New,New,New 4-unit townhouse.,LOOK MASTER BUILDER CALGARY,,,4,"$1,172,738",,43 WOLF CREEK AV SE,WWO,WOLF WILLOW,50.87492329,-114.0052491,4,Titled Parcel;Titled Parcel;Titled Parcel;Titled Parcel,55 WOLF CREEK AV SE;43 WOLF CREEK AV SE;51 WOLF CREEK AV SE;47 WOLF CREEK AV SE,"MULTIPOINT (-114.0052491074049 50.87492329140342,-114.00499762686857 50.87492330244102,-114.00516244828343 50.87492329526812,-114.00508430019882 50.87492329869807)","{""type"":""MultiPoint"",""coordinates"":[[-114.0052491,50.8749233],[-114.0049976,50.8749233],[-114.0051624,50.8749233],[-114.0050843,50.8749233]]}",POINT (-114.0052491074049 50.87492329140342),"{""type"":""MultiPoint"",""coordinates"":[[-114.0197962,50.9628522],[-114.0197273,50.9630425],[-114.019197,50.9629855],[-114.0195586,50.9630606],[-114.0193115,50.963034]]}",POINT (-114.01979620647018 50.96285221571192),a,WOLF CREEK AV SE,58
BP2021-06138,Completed,2021-04-15,2021,2021-09-07,2021-11-29,2021,Commercial / Multi Family Project,Building,1706 - Rhs Rowhouse,Unspecified,Residential,New,New,New,4 unit rowhouse,LOOK MASTER BUILDER CALGARY,,,4,"$1,172,738",,87 WOLF CREEK AV SE,WWO,WOLF WILLOW,50.87492326,-114.0059595,4,Titled Parcel;Titled Parcel;Titled Parcel;Titled Parcel,87 WOLF CREEK AV SE;99 WOLF CREEK AV SE;95 WOLF CREEK AV SE;91 WOLF CREEK AV SE,"MULTIPOINT (-114.0059595303282 50.874923257295585,-114.00623202559419 50.87492324306567,-114.00612433753389 50.87492324876524,-114.00604618944946 50.87492325283916)","{""type"":""MultiPoint"",""coordinates"":[[-114.0059595,50.8749233],[-114.006232,50.8749232],[-114.0061243,50.8749232],[-114.0060462,50.8749233]]}",POINT (-114.0059595303282 50.874923257295585),"{""type"":""MultiPoint"",""coordinates"":[[-113.9576801,51.1560441],[-113.9573712,51.156044],[-113.9575978,51.1560441],[-113.9574644,51.156044],[-113.9572725,51.156044],[-113.9572637,51.1560072],[-113.9576003,51.1560008],[-113.9573715,51.1560019],[-113.9574907,51.155999],[-113.9577034,51.1560038]]}",POINT (-113.95768011044326 51.156044101971716),a,WOLF CREEK AV SE,58
BP2021-06176,Completed,2021-04-16,2021,2021-09-07,2021-11-25,2021,Commercial / Multi Family Project,Building,1706 - Rhs Rowhouse,Unspecified,Residential,New,New,New,4 Unit Rowhouse,LOOK MASTER BUILDER CALGARY,,,4,"$1,172,738",,71 WOLF CREEK AV SE,WWO,WOLF WILLOW,50.87492327,-114.0056128,4,Titled Parcel;Titled Parcel;Titled Parcel;Titled Parcel,71 WOLF CREEK AV SE;75 WOLF CREEK AV SE;83 WOLF CREEK AV SE;79 WOLF CREEK AV SE,"MULTIPOINT (-114.00561283700793 50.87492327448069,-114.00569951033802 50.874923270280945,-114.00586433175258 50.874923262117,-114.00577765842253 50.87492326643912)","{""type"":""MultiPoint"",""coordinates"":[[-114.0056128,50.8749233],[-114.0056995,50.8749233],[-114.0058643,50.8749233],[-114.0057777,50.8749233]]}",POINT (-114.00561283700793 50.87492327448069),"{""type"":""MultiPoint"",""coordinates"":[[-113.9725184,50.8622533],[-113.9724723,50.8621358],[-113.9725102,50.8620831],[-113.9725855,50.8619789],[-113.9725477,50.862031]]}",POINT (-113.97251836414405 50.862253256144065),a,WOLF CREEK AV SE,58
BP2021-07376,Completed,2021-05-03,2021,2021-05-21,2022-03-21,2022,Commercial / Multi Family Project,Building,1706 - Rhs Rowhouse,Unspecified,Residential,New,New,New,4 Unit Rowhouse,LOOK MASTER BUILDER CALGARY,,,4,"$1,299,208",,151 WOLF CREEK AV SE,WWO,WOLF WILLOW,50.87492766,-114.0075166,9,Titled Parcel;Titled Parcel;Titled Parcel;Titled Parcel;Titled Parcel;Building;Building;Building;Building,151 WOLF CREEK AV SE;143 WOLF CREEK AV SE;155 WOLF CREEK AV SE;2107 194 AV SE;147 WOLF CREEK AV SE;147 WOLF CREEK AV SE;155 WOLF CREEK AV SE;151 WOLF CREEK AV SE;143 WOLF CREEK AV SE,"MULTIPOINT (-114.00751655348192 50.87492766241767,-114.00735158996495 50.87492767292347,-114.00760336890727 50.874927656795144,-114.00902373445453 50.877516673876805,-114.00743840539035 50.874927667423634,-114.00743465430071 50.874838477912725,-114.0076027007358 50.874838107488934,-114.0075147346286 50.874838472784894,-114.00734781056703 50.874838123811706)","{""type"":""MultiPoint"",""coordinates"":[[-114.0075166,50.8749277],[-114.0073516,50.8749277],[-114.0076034,50.8749277],[-114.0090237,50.8775167],[-114.0074384,50.8749277],[-114.0074347,50.8748385],[-114.0076027,50.8748381],[-114.0075147,50.8748385],[-114.0073478,50.8748381]]}",POINT (-114.00751655348192 50.87492766241767),"{""type"":""MultiPoint"",""coordinates"":[[-113.9627728,51.167912],[-113.9628354,51.1677697],[-113.9628334,51.1677694],[-113.9628334,51.1677694],[-113.9628334,51.1677694],[-113.9627453,51.1677455],[-113.9628334,51.1677694],[-113.9629163,51.1677475]]}",POINT (-113.96277277135272 51.16791204236309),a,WOLF CREEK AV SE,58
BP2021-07374,Completed,2021-05-03,2021,2021-05-21,2022-03-16,2022,Commercial / Multi Family Project,Building,1706 - Rhs Rowhouse,Unspecified,Residential,New,New,New,4 Unit Rowhouse,LOOK MASTER BUILDER CALGARY,,,4,"$1,299,208",,135 WOLF CREEK AV SE,WWO,WOLF WILLOW,50.87492768,-114.0072561,9,Titled Parcel;Titled Parcel;Titled Parcel;Titled Parcel;Titled Parcel;Building;Building;Building;Building,139 WOLF CREEK AV SE;131 WOLF CREEK AV SE;2107 194 AV SE;127 WOLF CREEK AV SE;135 WOLF CREEK AV SE;139 WOLF CREEK AV SE;131 WOLF CREEK AV SE;127 WOLF CREEK AV SE;135 WOLF CREEK AV SE,"MULTIPOINT (-114.00725612141449 50.87492767889694,-114.00709115789736 50.87492768903469,-114.00902373445453 50.877516673876805,-114.00700434247186 50.874927694276266,-114.00716930598902 50.874927684261195,-114.00725161787302 50.874840179546176,-114.0070912440805 50.874840189398846,-114.00700388888629 50.87484019467287,-114.0071710970719 50.874840184520565)","{""type"":""MultiPoint"",""coordinates"":[[-114.0072561,50.8749277],[-114.0070912,50.8749277],[-114.0090237,50.8775167],[-114.0070043,50.8749277],[-114.0071693,50.8749277],[-114.0072516,50.8748402],[-114.0070912,50.8748402],[-114.0070039,50.8748402],[-114.0071711,50.8748402]]}",POINT (-114.00725612141449 50.87492767889694),"{""type"":""MultiPoint"",""coordinates"":[[-113.9483823,50.8643982],[-113.9482715,50.8643981],[-113.9482738,50.8646094],[-113.9483778,50.8646094]]}",POINT (-113.94838232416227 50.86439818632428),,WOLF CREEK AV SE,58
BP2022-01744,Completed,2022-02-04,2022,2022-04-21,2023-06-09,2023,Commercial / Multi Family Project,Building,1706 - Rhs Rowhouse,Unspecified,Residential,New,New,New,New 4 unit townhouse.,LOOK MASTER BUILDER CALGARY,,LOOK MASTER BUILDER CALGARY,4,"$1,299,208",,179 WOLF CREEK AV SE,WWO,WOLF WILLOW,50.8749276,-114.0083754,4,Titled Parcel;Titled Parcel;Titled Parcel;Titled Parcel,191 WOLF CREEK AV SE;187 WOLF CREEK AV SE;183 WOLF CREEK AV SE;179 WOLF CREEK AV SE,"MULTIPOINT (-114.00837540100682 50.87492760395512,-114.00828859979048 50.874927610150806,-114.00821045169913 50.874927615673634,-114.00812377836142 50.87492762173777)","{""type"":""MultiPoint"",""coordinates"":[[-114.0083754,50.8749276],[-114.0082886,50.8749276],[-114.0082105,50.8749276],[-114.0081238,50.8749276]]}",POINT (-114.00837540100682 50.87492760395512),"{""type"":""MultiPoint"",""coordinates"":[[-114.142417,51.0402523],[-114.1423004,51.0402305],[-114.1422974,51.0402757],[-114.1421724,51.0402281],[-114.1421725,51.0402747],[-114.14229,51.0401992],[-114.1421857,51.0403045],[-114.1421863,51.0401991],[-114.1422894,51.0403038]]}",POINT (-114.14241695755409 51.040252256928085),,WOLF CREEK AV SE,58
BP2021-07372,Completed,2021-05-03,2021,2021-09-10,2022-03-15,2022,Commercial / Multi Family Project,Building,1706 - Rhs Rowhouse,Unspecified,Residential,New,New,New,5 Unit Rowhouse,LOOK MASTER BUILDER CALGARY,,,5,"$1,619,970",,119 WOLF CREEK AV SE,WWO,WOLF WILLOW,50.87492322,-114.0065748,11,Titled Parcel;Titled Parcel;Titled Parcel;Titled Parcel;Titled Parcel;Titled Parcel;Building;Building;Building;Building;Building,107 WOLF CREEK AV SE;111 WOLF CREEK AV SE;2107 194 AV SE;119 WOLF CREEK AV SE;115 WOLF CREEK AV SE;123 WOLF CREEK AV SE;107 WOLF CREEK AV SE;115 WOLF CREEK AV SE;111 WOLF CREEK AV SE;123 WOLF CREEK AV SE;119 WOLF CREEK AV SE,"MULTIPOINT (-114.00657475467463 50.87492322426492,-114.00666576167097 50.87492321910356,-114.00902373445453 50.877516673876805,-114.00682205783949 50.87492321007383,-114.00674390975523 50.87492321461485,-114.00690885971251 50.874927699966584,-114.00658690577983 50.87484108198685,-114.00674523370714 50.874842367504755,-114.00666606260725 50.87484150901316,-114.00690219741495 50.87484235832915,-114.00682029830139 50.874841931623244)","{""type"":""MultiPoint"",""coordinates"":[[-114.0065748,50.8749232],[-114.0066658,50.8749232],[-114.0090237,50.8775167],[-114.0068221,50.8749232],[-114.0067439,50.8749232],[-114.0069089,50.8749277],[-114.0065869,50.8748411],[-114.0067452,50.8748424],[-114.0066661,50.8748415],[-114.0069022,50.8748424],[-114.0068203,50.8748419]]}",POINT (-114.00657475467463 50.87492322426492),"{""type"":""MultiPoint"",""coordinates"":[[-114.1396677,51.1777905],[-114.1394867,51.1778904],[-114.1392876,51.1778892],[-114.1394193,51.1778905],[-114.1393527,51.1778815],[-114.1390932,51.1778947],[-114.139551,51.1778946],[-114.1396153,51.177894],[-114.1391583,51.1778951],[-114.1392256,51.1778902]]}",POINT (-114.13966772345606 51.17779051074637),a,WOLF CREEK AV SE,58
BP2020-04185,Completed,2020-04-08,2020,2020-04-30,2020-10-05,2020,Commercial / Multi Family Project,Building,1706 - Rhs Rowhouse,Unspecified,Residential,New,New,New,4 plex rowhouse,ALLISTON AT HOME,,ALLISTON GC,4,"$847,999",,29 WOLF CREEK MR SE,WWO,WOLF WILLOW,50.87568294,-114.0053238,4,Titled Parcel;Titled Parcel;Titled Parcel;Titled Parcel,41 WOLF CREEK MR SE;37 WOLF CREEK MR SE;29 WOLF CREEK MR SE;33 WOLF CREEK MR SE,"MULTIPOINT (-114.00532383247656 50.8756829426219,-114.00532125195052 50.87560652778403,-114.00532172225692 50.87549415282617,-114.00532147263912 50.87554809280731)","{""type"":""MultiPoint"",""coordinates"":[[-114.0053238,50.8756829],[-114.0053213,50.8756065],[-114.0053217,50.8754942],[-114.0053215,50.8755481]]}",POINT (-114.00532383247656 50.8756829426219),,,,WOLF CREEK MR SE,58
BP2022-01803,Completed,2022-02-04,2022,2022-04-27,2023-06-09,2023,Commercial / Multi Family Project,Building,1606 - Ths Townhouse,Townhouse,Residential,New,New,New,New 5-unit townhouse. (Units 190-194),LOOK MASTER BUILDER CALGARY,,LOOK MASTER BUILDER CALGARY,5,"$1,616,642",,159 WOLF CREEK AV SE,WWO,WOLF WILLOW,50.87492764,-114.0078638,5,Titled Parcel;Titled Parcel;Titled Parcel;Titled Parcel;Titled Parcel,167 WOLF CREEK AV SE;171 WOLF CREEK AV SE;175 WOLF CREEK AV SE;163 WOLF CREEK AV SE;159 WOLF CREEK AV SE,"MULTIPOINT (-114.00786375834814 50.874927639544026,-114.0079419064396 50.8749276342533,-114.00802857977737 50.87492762832421,-114.00778562446541 50.87492764478149,-114.00769882324889 50.87492765053862)","{""type"":""MultiPoint"",""coordinates"":[[-114.0078638,50.8749276],[-114.0079419,50.8749276],[-114.0080286,50.8749276],[-114.0077856,50.8749276],[-114.0076988,50.8749277]]}",POINT (-114.00786375834814 50.874927639544026),,,,WOLF CREEK AV SE,58
BP2022-01808,Completed,2022-02-04,2022,2022-04-21,2023-06-09,2023,Commercial / Multi Family Project,Building,1606 - Ths Townhouse,Townhouse,Residential,New,New,New,New 5-unit townhouse (199-203),LOOK MASTER BUILDER CALGARY,,LOOK MASTER BUILDER CALGARY,5,"$1,616,642",,195 WOLF CREEK AV SE,WWO,WOLF WILLOW,50.87492758,-114.0086358,5,Titled Parcel;Titled Parcel;Titled Parcel;Titled Parcel;Titled Parcel,203 WOLF CREEK AV SE;211 WOLF CREEK AV SE;207 WOLF CREEK AV SE;199 WOLF CREEK AV SE;195 WOLF CREEK AV SE,"MULTIPOINT (-114.00863584728187 50.87492758497763,-114.00880481766377 50.874927572354764,-114.00871399537309 50.87492757917001,-114.00855769919063 50.87492759073293,-114.00847088376563 50.874927597065216)","{""type"":""MultiPoint"",""coordinates"":[[-114.0086358,50.8749276],[-114.0088048,50.8749276],[-114.008714,50.8749276],[-114.0085577,50.8749276],[-114.0084709,50.8749276]]}",POINT (-114.00863584728187 50.87492758497763),,,,WOLF CREEK AV SE,58
BP2020-10574,Completed,2020-08-05,2020,2020-09-03,2021-02-18,2021,Commercial / Multi Family Project,Building,1706 - Rhs Rowhouse,Unspecified,Residential,New,New,New,4 plex rowhouse,LOOK MASTER BUILDER CALGARY,,,4,"$1,172,738",,27 WOLF CREEK AV SE,WWO,WOLF WILLOW,50.87492332,-114.0046421,4,Titled Parcel;Titled Parcel;Titled Parcel;Titled Parcel,27 WOLF CREEK AV SE;35 WOLF CREEK AV SE;39 WOLF CREEK AV SE;31 WOLF CREEK AV SE,"MULTIPOINT (-114.00464212412699 50.8749233171199,-114.00481575496244 50.87492331008586,-114.00490242829272 50.87492330647795,-114.00473760687775 50.874923313283716)","{""type"":""MultiPoint"",""coordinates"":[[-114.0046421,50.8749233],[-114.0048158,50.8749233],[-114.0049024,50.8749233],[-114.0047376,50.8749233]]}",POINT (-114.00464212412699 50.8749233171199),,,,WOLF CREEK AV SE,58
BP2021-02698,Completed,2021-02-23,2021,2021-03-25,2021-10-13,2021,Commercial / Multi Family Project,Building,1706 - Rhs Rowhouse,Unspecified,Residential,New,New,New,Group C  Residential - 5 unit Townhouse,KN ARCHITECTURE,,ALLISTON AT HOME,5,"$1,088,755",,21 WOLF CREEK MR SE,WWO,WOLF WILLOW,50.87536829,-114.0053222,10,Titled Parcel;Titled Parcel;Titled Parcel;Titled Parcel;Titled Parcel;Building;Building;Building;Building;Building,21 WOLF CREEK MR SE;17 WOLF CREEK MR SE;25 WOLF CREEK MR SE;13 WOLF CREEK MR SE;9 WOLF CREEK MR SE;25 WOLF CREEK MR SE;21 WOLF CREEK MR SE;9 WOLF CREEK MR SE;17 WOLF CREEK MR SE;13 WOLF CREEK MR SE,"MULTIPOINT (-114.00532224786075 50.875368292870824,-114.005322469059 50.87531435288931,-114.00532198505918 50.87543122284884,-114.00532270446557 50.875260412906655,-114.00532207159723 50.875192987969896,-114.00549121198407 50.87542236885563,-114.00548782406659 50.87536957077343,-114.0054849915277 50.875206159761596,-114.00548555827908 50.875313554219595,-114.005486120475 50.87526109757046)","{""type"":""MultiPoint"",""coordinates"":[[-114.0053222,50.8753683],[-114.0053225,50.8753144],[-114.005322,50.8754312],[-114.0053227,50.8752604],[-114.0053221,50.875193],[-114.0054912,50.8754224],[-114.0054878,50.8753696],[-114.005485,50.8752062],[-114.0054856,50.8753136],[-114.0054861,50.8752611]]}",POINT (-114.00532224786075 50.875368292870824),,,,WOLF CREEK MR SE,58
BP2022-20438,Completed,2022-12-23,2022,2023-02-01,2023-10-19,2023,Commercial / Multi Family Project,Building,1606 - Ths Townhouse,Townhouse,Residential,New,New,New,4 Unit Residential Rowhouse - Building 2,ALLISTON AT HOME,,ALLISTON GC,4,"$734,397",,351 WOLF CREEK MR SE,WWO,WOLF WILLOW,50.87560191,-114.0075373,4,Titled Parcel;Titled Parcel;Titled Parcel;Titled Parcel,355 WOLF CREEK MR SE;359 WOLF CREEK MR SE;363 WOLF CREEK MR SE;351 WOLF CREEK MR SE,"MULTIPOINT (-114.00753727912308 50.87560191073358,-114.00753748428167 50.87555246574848,-114.00753773061643 50.87549403076531,-114.0075383002858 50.87567832562328)","{""type"":""MultiPoint"",""coordinates"":[[-114.0075373,50.8756019],[-114.0075375,50.8755525],[-114.0075377,50.875494],[-114.0075383,50.8756783]]}",POINT (-114.00753727912308 50.87560191073358),"{""type"":""Point"",""coordinates"":[-114.0972599,51.0337361]}",POINT (-114.09725990157767 51.03373607007681),,WOLF CREEK MR SE,58
BP2022-11266,Completed,2022-06-28,2022,2022-07-27,2023-06-20,2023,Commercial / Multi Family Project,Building,1606 - Ths Townhouse,Townhouse,Residential,New,New,New,5 Unit Residential Rowhouse - Phase 3 Building 1,ALLISTON AT HOME,,ALLISTON GC,5,"$917,160",,383 WOLF CREEK MR SE,WWO,WOLF WILLOW,50.87542661,-114.007538,5,Titled Parcel;Titled Parcel;Titled Parcel;Titled Parcel;Titled Parcel,367 WOLF CREEK MR SE;383 WOLF CREEK MR SE;379 WOLF CREEK MR SE;371 WOLF CREEK MR SE;375 WOLF CREEK MR SE,"MULTIPOINT (-114.00753800391819 50.8754266057847,-114.00753621997745 50.875201856017696,-114.00753866056435 50.87526928082568,-114.00753825025164 50.87536817080026,-114.00753845540821 50.87531872581318)","{""type"":""MultiPoint"",""coordinates"":[[-114.007538,50.8754266],[-114.0075362,50.8752019],[-114.0075387,50.8752693],[-114.0075383,50.8753682],[-114.0075385,50.8753187]]}",POINT (-114.00753800391819 50.8754266057847),,,,WOLF CREEK MR SE,58
BP2020-09496,Completed,2020-07-16,2020,2020-08-10,2021-08-11,2021,Commercial / Multi Family Project,Building,1706 - Rhs Rowhouse,Unspecified,Residential,New,New,New,New 4 Unit Rowhouse,,SHEMSHO CONSTRUCTION,SHEMSHO CONSTRUCTION,4,"$913,065",,1511 24 AV SW,BNK,BANKVIEW,51.03205778,-114.096803,5,Titled Parcel;Building;Building;Building;Building,1515 24 AV SW;2502 15 ST SW;1511 24 AV SW;1513 24 AV SW;1509 24 AV SW,"MULTIPOINT (-114.09680295311928 51.03205778370287,-114.09688967149678 51.03200734224165,-114.09670970927247 51.03200754523984,-114.0967989988225 51.03200739040967,-114.09661845175492 51.0320074409259)","{""type"":""MultiPoint"",""coordinates"":[[-114.096803,51.0320578],[-114.0968897,51.0320073],[-114.0967097,51.0320075],[-114.096799,51.0320074],[-114.0966185,51.0320074]]}",POINT (-114.09680295311928 51.03205778370287),"{""type"":""MultiPoint"",""coordinates"":[[-114.0742778,50.8750886],[-114.0740997,50.8750527],[-114.074196,50.8750751],[-114.0743741,50.875111]]}",POINT (-114.07427776245778 50.87508856727561),a,24 AV SW,59
BP2020-00718,Completed,2020-01-21,2020,2020-02-11,2021-10-05,2021,Commercial / Multi Family Project,Building,1706 - Rhs Rowhouse,Unspecified,Residential,New,New,New,4 Unit Rowhouse,JOHN TRINH & ASSOCIATES,,GREEN CEDAR HOMES,4,"$1,007,018",,1510 25 AV SW,BNK,BANKVIEW,51.03154108,-114.0965552,5,Titled Parcel;Building;Building;Building;Building,1508 25 AV SW;1516 25 AV SW;1510 25 AV SW;1512 25 AV SW;1514 25 AV SW,"MULTIPOINT (-114.09655519506877 51.03154107770797,-114.09691852948261 51.03156417729363,-114.09656660333427 51.03156310217414,-114.09671113827706 51.03156389062215,-114.09677617579015 51.03156338729588)","{""type"":""MultiPoint"",""coordinates"":[[-114.0965552,51.0315411],[-114.0969185,51.0315642],[-114.0965666,51.0315631],[-114.0967111,51.0315639],[-114.0967762,51.0315634]]}",POINT (-114.09655519506877 51.03154107770797),"{""type"":""MultiPoint"",""coordinates"":[[-114.1010521,51.022143],[-114.1012906,51.0222287],[-114.1012516,51.0221865],[-114.1014345,51.0221887],[-114.1011475,51.0221855],[-114.1011484,51.022186],[-114.1012516,51.022186],[-114.1011493,51.0221855],[-114.1013421,51.0221864],[-114.1013412,51.0221864],[-114.1013421,51.0221853],[-114.1012516,51.0221848]]}",POINT (-114.1010520570059 51.02214297355511),a,25 AV SW,59
BP2018-06718,Completed,2018-05-31,2018,2018-07-05,2020-01-31,2020,Commercial / Multi Family Project,Building,1606 - Ths Townhouse,Townhouse,Residential,New,New,New,new townhouses,JF HOMES HOLDING LTD.,,,6,"$1,126,157",,3414 15 ST SW,SOC,SOUTH CALGARY,51.02377357,-114.0969773,7,Titled Parcel;Building;Building;Building;Building;Building;Building,3410 15 ST SW;3416 15 ST SW;3414 15 ST SW;3418 15 ST SW;3422 15 ST SW;3424 15 ST SW;3420 15 ST SW,"MULTIPOINT (-114.09697727571724 51.023773573742666,-114.09688565925573 51.023627700847584,-114.0969501442112 51.02362729676619,-114.09682172947988 51.023627753832436,-114.09669218868821 51.02362822067905,-114.09662372387386 51.02362720752542,-114.09675497665617 51.02362745851873)","{""type"":""MultiPoint"",""coordinates"":[[-114.0969773,51.0237736],[-114.0968857,51.0236277],[-114.0969501,51.0236273],[-114.0968217,51.0236278],[-114.0966922,51.0236282],[-114.0966237,51.0236272],[-114.096755,51.0236275]]}",POINT (-114.09697727571724 51.023773573742666),"{""type"":""MultiPoint"",""coordinates"":[[-114.0904945,51.1871925],[-114.0907893,51.1872057],[-114.090596,51.1871969],[-114.0906854,51.1872013]]}",POINT (-114.09049450060854 51.187192476153974),a,15 ST SW,60
BP2018-06716,Completed,2018-05-31,2018,2018-07-05,2019-10-25,2019,Commercial / Multi Family Project,Building,1606 - Ths Townhouse,Townhouse,Residential,New,New,New,new townhouses,JF HOMES HOLDING LTD.,,,6,"$1,120,872",,1539 33 AV SW,SOC,SOUTH CALGARY,51.02377357,-114.0969773,7,Titled Parcel;Building;Building;Building;Building;Building;Building,3410 15 ST SW;1543 33 AV SW;1539 33 AV SW;1537 33 AV SW;1545 33 AV SW;3406 15 ST SW;1541 33 AV SW,"MULTIPOINT (-114.09697727571724 51.023773573742666,-114.09682216871342 51.02383861747124,-114.09669544891675 51.023838722393265,-114.0966247345821 51.023839131484856,-114.09688836592714 51.0238389132073,-114.09695115565766 51.0238388611319,-114.09675484614887 51.02383867323039)","{""type"":""MultiPoint"",""coordinates"":[[-114.0969773,51.0237736],[-114.0968222,51.0238386],[-114.0966954,51.0238387],[-114.0966247,51.0238391],[-114.0968884,51.0238389],[-114.0969512,51.0238389],[-114.0967548,51.0238387]]}",POINT (-114.09697727571724 51.023773573742666),,,,33 AV SW,60
BP2017-16328,Completed,2017-12-15,2017,2018-05-11,2019-10-01,2019,Commercial / Multi Family Project,Building,1508 - Apt Fourplex,Apartment,Residential,New,New,New,New Building,SNG-DEVELOPMENT GROUP,,,4,"$960,000",,#1 1536 34 AV SW,SOC,SOUTH CALGARY,51.02331537,-114.0966428,5,Titled Parcel;Building;Building;Building;Building,1536 34 AV SW;#2 1536 34 AV SW;#1 1536 34 AV SW;#1 1538 34 AV SW;#2 1538 34 AV SW,"MULTIPOINT (-114.09664277476332 51.02331537265878,-114.09668634503318 51.0234571681994,-114.09663715090564 51.02338020253221,-114.09672625547141 51.02338131546301,-114.09675369128647 51.02342767096765)","{""type"":""MultiPoint"",""coordinates"":[[-114.0966428,51.0233154],[-114.0966863,51.0234572],[-114.0966372,51.0233802],[-114.0967263,51.0233813],[-114.0967537,51.0234277]]}",POINT (-114.09664277476332 51.02331537265878),"{""type"":""MultiPoint"",""coordinates"":[[-114.0103977,50.8636675],[-114.0103925,50.8638804],[-114.0104345,50.8640053],[-114.0104006,50.8639139],[-114.0104503,50.8640456],[-114.0104215,50.8639582]]}",POINT (-114.01039768440589 50.863667460551916),a,1536 34 AV SW,60
BP2020-17263,Completed,2020-11-25,2020,2021-01-28,2021-12-03,2021,Commercial / Multi Family Project,Building,1606 - Ths Townhouse,Townhouse,Residential,New,New,New,New - Part 9 Group C- Altadore Townhouses,MODERN OFFICE OF DESIGN & ARCHITECTURE,,RNDSQR CONSTRUCTION,6,"$2,024,960",,2208R 49 AV SW,ALT,ALTADORE,51.01004852,-114.114283,13,Titled Parcel;Building;Building;Building;Building;Building;Building;Building Suite;Building Suite;Building Suite;Building Suite;Building Suite;Building Suite,2212 49 AV SW;2204 49 AV SW;2202 49 AV SW;2208 49 AV SW;4929 21A ST SW;2206 49 AV SW;4927 21A ST SW;4927R 21A ST SW;2202R 49 AV SW;4929R 21A ST SW;2208R 49 AV SW;2206R 49 AV SW;2204R 49 AV SW,"MULTIPOINT (-114.11428298474716 51.01004851693228,-114.1139943196482 51.01009962717768,-114.11389985741684 51.01010006989619,-114.11415364083763 51.0100962982435,-114.11394589878142 51.010187136075,-114.11407705154551 51.01009813504024,-114.11394546400355 51.01023650842637,-114.11399223127636 51.01026500539516,-114.11389256514607 51.010130687240114,-114.11399774071174 51.010204696508296,-114.11418403621776 51.01014277273033,-114.11411872235703 51.010105483957986,-114.1141262781123 51.010112614472)","{""type"":""MultiPoint"",""coordinates"":[[-114.114283,51.0100485],[-114.1139943,51.0100996],[-114.1138999,51.0101001],[-114.1141536,51.0100963],[-114.1139459,51.0101871],[-114.1140771,51.0100981],[-114.1139455,51.0102365],[-114.1139922,51.010265],[-114.1138926,51.0101307],[-114.1139977,51.0102047],[-114.114184,51.0101428],[-114.1141187,51.0101055],[-114.1141263,51.0101126]]}",POINT (-114.11428298474716 51.01004851693228),"{""type"":""MultiPoint"",""coordinates"":[[-113.9505799,51.1349113],[-113.9509738,51.1348467],[-113.9508868,51.1348473],[-113.9512384,51.1348474],[-113.9510626,51.134848],[-113.9511496,51.1348456],[-113.9507999,51.1348449],[-113.9507139,51.1348484]]}",POINT (-113.95057985596397 51.134911314776296),,49 AV SW,61
BP2023-00808,Completed,2023-01-23,2023,2023-02-13,2023-10-17,2023,Commercial / Multi Family Project,Building,1706 - Rhs Rowhouse,Unspecified,Residential,New,New,New,"New 4-Unit Rowhouse (Blk 18, Lots 72-75)",MATTAMY HOMES CALGARY,,MATTAMY (ABERDEEN HEIGHTS),4,"$865,931",,248 CARRINGHAM WY NW,CAR,CARRINGTON,51.1846069,-114.0918935,4,Titled Parcel;Titled Parcel;Titled Parcel;Titled Parcel,260 CARRINGHAM WY NW;248 CARRINGHAM WY NW;256 CARRINGHAM WY NW;252 CARRINGHAM WY NW,"MULTIPOINT (-114.09189349364415 51.18460689958271,-114.09218906586516 51.18460666707222,-114.09199816832101 51.184606817326255,-114.0920839763811 51.1846067498259)","{""type"":""MultiPoint"",""coordinates"":[[-114.0918935,51.1846069],[-114.0921891,51.1846067],[-114.0919982,51.1846068],[-114.092084,51.1846067]]}",POINT (-114.09189349364415 51.18460689958271),"{""type"":""MultiPoint"",""coordinates"":[[-113.9620183,51.1470291],[-113.9621188,51.1470291],[-113.9619319,51.147029],[-113.9618337,51.147029],[-113.9620217,51.1469636],[-113.9621153,51.1469641],[-113.9618449,51.1469625],[-113.9619366,51.1469631]]}",POINT (-113.96201832702755 51.14702905395874),a,CARRINGHAM WY NW,62
BP2022-17989,Completed,2022-10-25,2022,2022-11-14,2023-05-29,2023,Commercial / Multi Family Project,Building,1706 - Rhs Rowhouse,Unspecified,Residential,New,New,New,New 4 Unit Rowhouse,MATTAMY HOMES CALGARY,,MATTAMY (ABERDEEN HEIGHTS),4,"$865,931",,216 CARRINGHAM WY NW,CAR,CARRINGTON,51.18461058,-114.0929248,4,Titled Parcel;Titled Parcel;Titled Parcel;Titled Parcel,220 CARRINGHAM WY NW;224 CARRINGHAM WY NW;228 CARRINGHAM WY NW;216 CARRINGHAM WY NW,"MULTIPOINT (-114.09292483001082 51.18461057980377,-114.09283903624936 51.18461064790943,-114.09273391815073 51.184610731269586,-114.09303016266446 51.184610496101506)","{""type"":""MultiPoint"",""coordinates"":[[-114.0929248,51.1846106],[-114.092839,51.1846106],[-114.0927339,51.1846107],[-114.0930302,51.1846105]]}",POINT (-114.09292483001082 51.18461057980377),"{""type"":""MultiPoint"",""coordinates"":[[-114.2060746,51.0632544],[-114.205254,51.0627749],[-114.2054033,51.0628628],[-114.2054035,51.0629121],[-114.2054039,51.0630043],[-114.2054046,51.0629567],[-114.2054031,51.062814]]}",POINT (-114.20607461388994 51.0632544242),a,CARRINGHAM WY NW,62
BP2022-18445,Completed,2022-11-03,2022,2022-11-18,2023-08-30,2023,Commercial / Multi Family Project,Building,1706 - Rhs Rowhouse,Unspecified,Residential,New,New,New,"New 4-Unit Rowhouse (Blk 18, Lots 60-63)",MATTAMY HOMES CALGARY,,MATTAMY (ABERDEEN HEIGHTS),4,"$865,931",,200 CARRINGHAM WY NW,CAR,CARRINGTON,51.18461024,-114.0933457,4,Titled Parcel;Titled Parcel;Titled Parcel;Titled Parcel,204 CARRINGHAM WY NW;212 CARRINGHAM WY NW;200 CARRINGHAM WY NW;208 CARRINGHAM WY NW,"MULTIPOINT (-114.09334571720679 51.18461024477955,-114.09315481965409 51.18461039692071,-114.09345082099875 51.18461016088118,-114.09325992344698 51.18461031319382)","{""type"":""MultiPoint"",""coordinates"":[[-114.0933457,51.1846102],[-114.0931548,51.1846104],[-114.0934508,51.1846102],[-114.0932599,51.1846103]]}",POINT (-114.09334571720679 51.18461024477955),"{""type"":""Point"",""coordinates"":[-114.1119759,51.0521359]}",POINT (-114.1119759075041 51.052135941716244),,CARRINGHAM WY NW,62
BP2022-19889,Completed,2022-12-09,2022,2022-12-27,2023-08-17,2023,Commercial / Multi Family Project,Building,1706 - Rhs Rowhouse,Unspecified,Residential,New,New,New,"New 4-Unit Rowhouse (Blk 18, Lots 68-71)",MATTAMY HOMES CALGARY,,MATTAMY (ABERDEEN HEIGHTS),4,"$895,516",,240 CARRINGHAM WY NW,CAR,CARRINGTON,51.18461083,-114.0926095,8,Titled Parcel;Titled Parcel;Titled Parcel;Titled Parcel;Building;Building;Building;Building,232 CARRINGHAM WY NW;240 CARRINGHAM WY NW;236 CARRINGHAM WY NW;244 CARRINGHAM WY NW;236 CARRINGHAM WY NW;244 CARRINGHAM WY NW;232 CARRINGHAM WY NW;240 CARRINGHAM WY NW,"MULTIPOINT (-114.0926095043221 51.184610829809486,-114.09241860676302 51.1846109807495,-114.09250441482982 51.184610912940805,-114.09231348866237 51.184611063731936,-114.0924656999595 51.18450636846376,-114.09231404020409 51.18450765685566,-114.0924808809325 51.18450158303083,-114.09245353226846 51.184501604644105)","{""type"":""MultiPoint"",""coordinates"":[[-114.0926095,51.1846108],[-114.0924186,51.184611],[-114.0925044,51.1846109],[-114.0923135,51.1846111],[-114.0924657,51.1845064],[-114.092314,51.1845077],[-114.0924809,51.1845016],[-114.0924535,51.1845016]]}",POINT (-114.0926095043221 51.184610829809486),,,,CARRINGHAM WY NW,62
BP2019-15763,Completed,2019-11-20,2019,2019-12-09,2020-11-09,2020,Commercial / Multi Family Project,Building,1706 - Rhs Rowhouse,Unspecified,Residential,New,New,New,New 4-plex.,DESIGNHAUS STUDIO,,WESTMOUNT PROJECTS,4,"$761,818",,2617 12 AV SE,ALB,ALBERT PARK/RADISSON HEIGHTS,51.04186074,-113.9993181,5,Titled Parcel;Building;Building;Building;Building,2613 12 AV SE;#1 2615 12 AV SE;#3 2615 12 AV SE;#2 2615 12 AV SE;2617 12 AV SE,"MULTIPOINT (-113.99931807046046 51.041860736256105,-113.99929448585937 51.041793735602255,-113.99924412231138 51.041683134544776,-113.9992446776561 51.04173130156308,-113.9991954520959 51.04179230559421)","{""type"":""MultiPoint"",""coordinates"":[[-113.9993181,51.0418607],[-113.9992945,51.0417937],[-113.9992441,51.0416831],[-113.9992447,51.0417313],[-113.9991955,51.0417923]]}",POINT (-113.99931807046046 51.041860736256105),"{""type"":""MultiPoint"",""coordinates"":[[-114.0916635,51.1812405],[-114.0913796,51.1813081],[-114.0912826,51.1813082],[-114.0914661,51.1813081],[-114.0915584,51.1812148]]}",POINT (-114.09166354951887 51.18124050401972),a,12 AV SE,63
BP2021-02323,Completed,2021-02-16,2021,2021-03-12,2022-06-08,2022,Commercial / Multi Family Project,Building,1706 - Rhs Rowhouse,Unspecified,Residential,New,New,New,4 Plex Rowhouse,,PE COMFORT HOMES,PE COMFORT HOMES,4,"$885,130",,4102 19 ST SW,ALT,ALTADORE,51.01801258,-114.1056709,5,Titled Parcel;Building;Building;Building;Building,1961 40 AV SW;1967 40 AV SW;4102 19 ST SW;1963 40 AV SW;1965 40 AV SW,"MULTIPOINT (-114.10567090136958 51.01801258114138,-114.10596152751137 51.01797089307535,-114.10604862387966 51.01797081406613,-114.10578615182504 51.01797105196992,-114.10587323220159 51.017970208974816)","{""type"":""MultiPoint"",""coordinates"":[[-114.1056709,51.0180126],[-114.1059615,51.0179709],[-114.1060486,51.0179708],[-114.1057862,51.0179711],[-114.1058732,51.0179702]]}",POINT (-114.10567090136958 51.01801258114138),"{""type"":""MultiPoint"",""coordinates"":[[-113.9394462,51.1509929],[-113.9443814,51.1540608],[-113.9385786,51.1515201],[-113.9385776,51.1514648],[-113.9385789,51.1512443],[-113.9385778,51.1513543],[-113.9385775,51.1515741],[-113.9385789,51.1512996],[-113.9385787,51.1514102]]}",POINT (-113.93944616876155 51.15099293784519),,19 ST SW,64
BP2022-09494,Completed,2022-06-02,2022,2023-02-09,2023-07-27,2023,Commercial / Multi Family Project,Building,1706 - Rhs Rowhouse,Unspecified,Residential,New,New,New,"A new 4 unit rowhouse, Part 9, Group C occupancy",CNJ DEVELOPMENTS,,,4,"$1,204,913",,1968B 40 AV SW,ALT,ALTADORE,51.01822386,-114.1056516,3,Titled Parcel;Building;Building Suite,1960 40 AV SW;1968 40 AV SW;1968B 40 AV SW,"MULTIPOINT (-114.10565157061757 51.01822385838888,-114.10604459566746 51.018273027068716,-114.10601354275798 51.01825573194396)","{""type"":""MultiPoint"",""coordinates"":[[-114.1056516,51.0182239],[-114.1060446,51.018273],[-114.1060135,51.0182557]]}",POINT (-114.10565157061757 51.01822385838888),"{""type"":""MultiPoint"",""coordinates"":[[-113.9505799,51.1349113],[-113.9520145,51.1344078],[-113.9520158,51.1345743],[-113.9520114,51.1344648],[-113.9520112,51.1346285],[-113.9520127,51.1346818],[-113.9520159,51.13452]]}",POINT (-113.95057985596397 51.134911314776296),,40 AV SW,64
BP2020-15418,Completed,2020-10-21,2020,2021-01-14,2022-03-30,2022,Commercial / Multi Family Project,Building,1706 - Rhs Rowhouse,Unspecified,Residential,New,New,New,New 5 Unit Rowhouse 912 14 Street S.E. (East Unit),PROFESSIONAL CUSTOM HOMES,,PEAK CONTRACTING SERVICES,5,"$1,894,907",,#5B 1506 10 AV SE,ING,INGLEWOOD,51.0386837,-114.0292341,11,Titled Parcel;Building;Building;Building;Building;Building;Building Suite;Building Suite;Building Suite;Building Suite;Building Suite,912 14 ST SE;#3 1506 10 AV SE;#4 1506 10 AV SE;#5 1506 10 AV SE;#2 1506 10 AV SE;#1 1506 10 AV SE;#5B 1506 10 AV SE;#2B 1506 10 AV SE;#3B 1506 10 AV SE;#1B 1506 10 AV SE;#4B 1506 10 AV SE,"MULTIPOINT (-114.02923407216294 51.03868370383763,-114.02910959430199 51.03836704424505,-114.02906052959405 51.03834326959487,-114.0290077058488 51.03832782035926,-114.02916242036038 51.03838605337221,-114.02921242362156 51.03840566549381,-114.02906029758587 51.03826869973252,-114.02921311616402 51.03832788606312,-114.02915934825613 51.038307564691166,-114.02926350571565 51.03834963762538,-114.02910954474402 51.038287952496795)","{""type"":""MultiPoint"",""coordinates"":[[-114.0292341,51.0386837],[-114.0291096,51.038367],[-114.0290605,51.0383433],[-114.0290077,51.0383278],[-114.0291624,51.0383861],[-114.0292124,51.0384057],[-114.0290603,51.0382687],[-114.0292131,51.0383279],[-114.0291593,51.0383076],[-114.0292635,51.0383496],[-114.0291095,51.038288]]}",POINT (-114.02923407216294 51.03868370383763),"{""type"":""MultiPoint"",""coordinates"":[[-114.0780972,50.8767627],[-114.0780972,50.8767088],[-114.0782039,50.8765828],[-114.0780973,50.8768256]]}",POINT (-114.07809724182272 50.87676270864957),a,1506 10 AV SE,65
BP2020-15417,Completed,2020-10-21,2020,2021-01-14,2022-03-30,2022,Commercial / Multi Family Project,Building,1706 - Rhs Rowhouse,Unspecified,Residential,New,New,New,New 6 Unit Rowhouse 912 14 Street S.E. (West Unit),PROFESSIONAL CUSTOM HOMES,,PEAK CONTRACTING SERVICES,6,"$2,037,202",,914B 14 ST SE,ING,INGLEWOOD,51.0386837,-114.0292341,13,Titled Parcel;Building;Building;Building;Building;Building;Building;Building Suite;Building Suite;Building Suite;Building Suite;Building Suite;Building Suite,912 14 ST SE;1502 10 AV SE;922 14 ST SE;914 14 ST SE;918 14 ST SE;916 14 ST SE;920 14 ST SE;922B 14 ST SE;914B 14 ST SE;918B 14 ST SE;920B 14 ST SE;1502B 10 AV SE;916B 14 ST SE,"MULTIPOINT (-114.02923407216294 51.03868370383763,-114.02937364402766 51.03842418890519,-114.02935007968833 51.03845511055146,-114.02922472746913 51.03858477405604,-114.02928598454973 51.038519349353486,-114.02925677514806 51.03855265467666,-114.02931709031762 51.038486043547124,-114.02944184125397 51.038488385479646,-114.02931529222082 51.03861924501792,-114.02937925762156 51.038552623951695,-114.0294101791823 51.0385212150028,-114.02947148287997 51.038462388661905,-114.02934713888698 51.03858498610556)","{""type"":""MultiPoint"",""coordinates"":[[-114.0292341,51.0386837],[-114.0293736,51.0384242],[-114.0293501,51.0384551],[-114.0292247,51.0385848],[-114.029286,51.0385193],[-114.0292568,51.0385527],[-114.0293171,51.038486],[-114.0294418,51.0384884],[-114.0293153,51.0386192],[-114.0293793,51.0385526],[-114.0294102,51.0385212],[-114.0294715,51.0384624],[-114.0293471,51.038585]]}",POINT (-114.02923407216294 51.03868370383763),,,,14 ST SE,65
BP2020-12141,Completed,2020-08-31,2020,2021-09-16,2022-11-08,2022,Commercial / Multi Family Project,Building,1706 - Rhs Rowhouse,Unspecified,Residential,New,New,New,New 5 Unit Rowhouse (Cornerstone - Building 3),,STEALTH HOMES,STEALTH HOMES,5,"$1,101,932",,1367 CORNERSTONE BV NE,CNS,CORNERSTONE,51.15903359,-113.9384632,5,Titled Parcel;Titled Parcel;Titled Parcel;Titled Parcel;Titled Parcel,1367 CORNERSTONE BV NE;1359 CORNERSTONE BV NE;1351 CORNERSTONE BV NE;1355 CORNERSTONE BV NE;1363 CORNERSTONE BV NE,"MULTIPOINT (-113.93846322629082 51.15903358954192,-113.93846323880034 51.15891672530096,-113.93846325130954 51.158799861057645,-113.93846325935075 51.15885829318711,-113.93846323852515 51.15897066264613)","{""type"":""MultiPoint"",""coordinates"":[[-113.9384632,51.1590336],[-113.9384632,51.1589167],[-113.9384633,51.1587999],[-113.9384633,51.1588583],[-113.9384632,51.1589707]]}",POINT (-113.93846322629082 51.15903358954192),"{""type"":""MultiPoint"",""coordinates"":[[-114.1335408,51.0363636],[-114.1335859,51.0363922],[-114.1337455,51.0363939],[-114.1338224,51.0363953],[-114.1336644,51.0363928]]}",POINT (-114.13354078296588 51.036363630403116),a,CORNERSTONE BV NE,66
BP2021-11966,Completed,2021-07-06,2021,2021-12-22,2023-11-02,2023,Commercial / Multi Family Project,Building,1706 - Rhs Rowhouse,Unspecified,Residential,New,New,New,New 5 Unit Rowhouse (Cornerstone - Building 4),,STEALTH HOMES,STEALTH HOMES,5,"$1,098,023",,1387B CORNERSTONE BV NE,CNS,CORNERSTONE,51.15910101,-113.9384632,15,Titled Parcel;Titled Parcel;Titled Parcel;Titled Parcel;Titled Parcel;Building;Building;Building;Building;Building;Building Suite;Building Suite;Building Suite;Building Suite;Building Suite,1371 CORNERSTONE BV NE;1375 CORNERSTONE BV NE;1387 CORNERSTONE BV NE;1383 CORNERSTONE BV NE;1379 CORNERSTONE BV NE;1387 CORNERSTONE BV NE;1371 CORNERSTONE BV NE;1375 CORNERSTONE BV NE;1383 CORNERSTONE BV NE;1379 CORNERSTONE BV NE;1371B CORNERSTONE BV NE;1375B CORNERSTONE BV NE;1383B CORNERSTONE BV NE;1387B CORNERSTONE BV NE;1379B CORNERSTONE BV NE,"MULTIPOINT (-113.93846320807683 51.15910101121255,-113.93846321013814 51.15916393811447,-113.93846316876048 51.15933473967721,-113.93846319529122 51.15927181279219,-113.93846319556678 51.15921787544981,-113.93857662166953 51.159334439720354,-113.93857579232898 51.15909772626661,-113.93857066192112 51.159160956118434,-113.93857404607243 51.15927160136457,-113.9385714759081 51.15921544225188,-113.93849339083368 51.159097853772195,-113.93859587905592 51.15916155367893,-113.93860192082577 51.15927331502428,-113.93849296046834 51.15933550147818,-113.93857900979148 51.15921548216599)","{""type"":""MultiPoint"",""coordinates"":[[-113.9384632,51.159101],[-113.9384632,51.1591639],[-113.9384632,51.1593347],[-113.9384632,51.1592718],[-113.9384632,51.1592179],[-113.9385766,51.1593344],[-113.9385758,51.1590977],[-113.9385707,51.159161],[-113.938574,51.1592716],[-113.9385715,51.1592154],[-113.9384934,51.1590979],[-113.9385959,51.1591616],[-113.9386019,51.1592733],[-113.938493,51.1593355],[-113.938579,51.1592155]]}",POINT (-113.93846320807683 51.15910101121255),"{""type"":""MultiPoint"",""coordinates"":[[-113.9505799,51.1349113],[-113.9507384,51.1344319],[-113.9507345,51.1344884],[-113.9507364,51.1345425],[-113.95074,51.1346537],[-113.9507363,51.1345996]]}",POINT (-113.95057985596397 51.134911314776296),a,CORNERSTONE BV NE,66
BP2020-00527,Completed,2020-01-15,2020,2020-07-30,2021-02-16,2021,Commercial / Multi Family Project,Building,1706 - Rhs Rowhouse,Unspecified,Residential,New,New,New,New 5 Unit Rowhouse (Cornerstone - Building 2),,STEALTH HOMES,STEALTH HOMES,5,"$1,067,051",,1331 CORNERSTONE BV NE,CNS,CORNERSTONE,51.15855714,-113.9384633,5,Titled Parcel;Titled Parcel;Titled Parcel;Titled Parcel;Titled Parcel,1335 CORNERSTONE BV NE;1343 CORNERSTONE BV NE;1339 CORNERSTONE BV NE;1331 CORNERSTONE BV NE;1347 CORNERSTONE BV NE,"MULTIPOINT (-113.93846330258155 51.15855714301964,-113.93846328773625 51.158665017708636,-113.93846328801109 51.15861108036063,-113.93846331481508 51.15849421611869,-113.93846327550244 51.15872794460773)","{""type"":""MultiPoint"",""coordinates"":[[-113.9384633,51.1585571],[-113.9384633,51.158665],[-113.9384633,51.1586111],[-113.9384633,51.1584942],[-113.9384633,51.1587279]]}",POINT (-113.93846330258155 51.15855714301964),"{""type"":""MultiPoint"",""coordinates"":[[-114.2547148,51.1408068],[-114.2558882,51.1410351],[-114.2560137,51.1410661],[-114.2559552,51.1410485],[-114.2558211,51.1410189],[-114.2560807,51.1410822]]}",POINT (-114.25471476034885 51.140806772575004),a,CORNERSTONE BV NE,66
BP2019-10623,Completed,2019-08-08,2019,2019-10-08,2020-03-30,2020,Commercial / Multi Family Project,Building,1706 - Rhs Rowhouse,Unspecified,Residential,New,New,New,5 Unit Row House - Luxuria Homes,STEALTH HOMES,,,6,"$1,063,911",,1311 CORNERSTONE BV NE,CNS,CORNERSTONE,51.15818408,-113.93847,5,Titled Parcel;Titled Parcel;Titled Parcel;Titled Parcel;Titled Parcel,1311 CORNERSTONE BV NE;1323 CORNERSTONE BV NE;1319 CORNERSTONE BV NE;1315 CORNERSTONE BV NE;1327 CORNERSTONE BV NE,"MULTIPOINT (-113.93847004603097 51.15818407989161,-113.9384633309656 51.15836386753116,-113.93846333124007 51.15830993018036,-113.93846335178944 51.15825149806042,-113.93846331873226 51.15842679443352)","{""type"":""MultiPoint"",""coordinates"":[[-113.93847,51.1581841],[-113.9384633,51.1583639],[-113.9384633,51.1583099],[-113.9384634,51.1582515],[-113.9384633,51.1584268]]}",POINT (-113.93847004603097 51.15818407989161),"{""type"":""MultiPoint"",""coordinates"":[[-113.9504318,50.8756635],[-113.9502393,50.8756814],[-113.9501751,50.8756859],[-113.9505745,50.8756501],[-113.9503676,50.875668],[-113.9503035,50.875677],[-113.950496,50.8756591],[-113.9501042,50.8756949],[-113.9505705,50.8757219],[-113.950505,50.8757238],[-113.9501787,50.875756],[-113.9504404,50.8757304],[-113.950117,50.8757617],[-113.9502449,50.8757489],[-113.9503742,50.8757366],[-113.9503103,50.8757432]]}",POINT (-113.95043182984837 50.87566354986175),a,CORNERSTONE BV NE,66
BP2022-11265,Completed,2022-06-28,2022,2022-07-11,2023-09-08,2023,Commercial / Multi Family Project,Building,1706 - Rhs Rowhouse,Unspecified,Residential,New,New,New,New 5 Unit Rowhouse (9A-01 / Bldg B),,0,,5,"$779,066",,1468 CORNERSTONE BV NE,CNS,CORNERSTONE,51.16073225,-113.9377683,5,Titled Parcel;Titled Parcel;Titled Parcel;Titled Parcel;Titled Parcel,1480 CORNERSTONE BV NE;1484 CORNERSTONE BV NE;1468 CORNERSTONE BV NE;1472 CORNERSTONE BV NE;1476 CORNERSTONE BV NE,"MULTIPOINT (-113.93776832190034 51.16073224803983,-113.93777053895217 51.16079517610257,-113.93776835155325 51.16056144651164,-113.93776834441867 51.160619878615556,-113.9377683290351 51.16067381593704)","{""type"":""MultiPoint"",""coordinates"":[[-113.9377683,51.1607322],[-113.9377705,51.1607952],[-113.9377684,51.1605614],[-113.9377683,51.1606199],[-113.9377683,51.1606738]]}",POINT (-113.93776832190034 51.16073224803983),"{""type"":""MultiPoint"",""coordinates"":[[-114.0791961,50.9234783],[-114.0801346,50.9244957],[-114.0802024,50.9245308],[-114.0800593,50.9244681],[-114.0799839,50.9244396]]}",POINT (-114.07919611969263 50.92347828818411),a,CORNERSTONE BV NE,67
BP2021-16823,Completed,2021-09-25,2021,2022-01-14,2023-08-24,2023,Commercial / Multi Family Project,Building,1706 - Rhs Rowhouse,Unspecified,Residential,New,New,New,New 5 Unit Rowhouse (Cornerstone - Building 6),,STEALTH HOMES,STEALTH HOMES,5,"$1,087,858",,1427 CORNERSTONE BV NE,CNS,CORNERSTONE,51.15976174,-113.9384631,5,Titled Parcel;Titled Parcel;Titled Parcel;Titled Parcel;Titled Parcel,1415 CORNERSTONE BV NE;1423 CORNERSTONE BV NE;1427 CORNERSTONE BV NE;1411 CORNERSTONE BV NE;1419 CORNERSTONE BV NE,"MULTIPOINT (-113.93846311534878 51.15976174358847,-113.93846310050024 51.159869618255115,-113.93846308826444 51.15993254514118,-113.93846312160461 51.159703311475596,-113.93846310077652 51.15981568091828)","{""type"":""MultiPoint"",""coordinates"":[[-113.9384631,51.1597617],[-113.9384631,51.1598696],[-113.9384631,51.1599325],[-113.9384631,51.1597033],[-113.9384631,51.1598157]]}",POINT (-113.93846311534878 51.15976174358847),,,,CORNERSTONE BV NE,67
BP2022-11267,Completed,2022-06-28,2022,2022-07-11,2023-12-08,2023,Commercial / Multi Family Project,Building,1706 - Rhs Rowhouse,Unspecified,Residential,New,New,New,New 6 Unit Rowhouse (9A-02 / Bldg A),,0,,6,"$922,887",,1444 CORNERSTONE BV NE,CNS,CORNERSTONE,51.16020635,-113.9377593,6,Titled Parcel;Titled Parcel;Titled Parcel;Titled Parcel;Titled Parcel;Titled Parcel,1444 CORNERSTONE BV NE;1456 CORNERSTONE BV NE;1464 CORNERSTONE BV NE;1460 CORNERSTONE BV NE;1452 CORNERSTONE BV NE;1448 CORNERSTONE BV NE,"MULTIPOINT (-113.9377592651406 51.160206354241176,-113.93776837900386 51.16038165542192,-113.93776835648622 51.16049402485079,-113.93776836362063 51.16043559274562,-113.93776839438698 51.160327718097726,-113.93776839547381 51.160273780765415)","{""type"":""MultiPoint"",""coordinates"":[[-113.9377593,51.1602064],[-113.9377684,51.1603817],[-113.9377684,51.160494],[-113.9377684,51.1604356],[-113.9377684,51.1603277],[-113.9377684,51.1602738]]}",POINT (-113.9377592651406 51.160206354241176),,,,CORNERSTONE BV NE,67
BP2020-12629,Completed,2020-09-09,2020,2020-09-29,2021-07-20,2021,Commercial / Multi Family Project,Building,1606 - Ths Townhouse,Townhouse,Residential,New,New,New,"New 6 Unit townhouse (Regatta, Building #12)",BROOKFIELD RESIDENTIAL (ALBERTA),,BROOKFIELD RESIDENTIAL (ALBERTA),6,"$886,082",,232 AUBURN MEADOWS MR SE,AUB,AUBURN BAY,50.89351567,-113.94597,13,Titled Parcel;Titled Parcel;Titled Parcel;Titled Parcel;Titled Parcel;Titled Parcel;Building;Building;Building;Building;Building;Building;Building,224 AUBURN MEADOWS MR SE;228 AUBURN MEADOWS MR SE;222 AUBURN MEADOWS MR SE;226 AUBURN MEADOWS MR SE;230 AUBURN MEADOWS MR SE;232 AUBURN MEADOWS MR SE;236 AUBURN MEADOWS MR SE;230 AUBURN MEADOWS MR SE;222 AUBURN MEADOWS MR SE;228 AUBURN MEADOWS MR SE;224 AUBURN MEADOWS MR SE;226 AUBURN MEADOWS MR SE;232 AUBURN MEADOWS MR SE,"MULTIPOINT (-113.94597001606337 50.89351567364603,-113.94612594795088 50.893515745706566,-113.9458871745832 50.89351563527793,-113.94604799622144 50.8935157097089,-113.94620392810926 50.893515781665286,-113.94628214991248 50.893515817683095,-113.94635631545304 50.89347084800537,-113.94619964545788 50.89347000277511,-113.94588938225957 50.89346273033986,-113.9461229296259 50.89347068659445,-113.94596385055632 50.89346347503865,-113.94604056389603 50.89346493992505,-113.94627637384725 50.893470757306034)","{""type"":""MultiPoint"",""coordinates"":[[-113.94597,50.8935157],[-113.9461259,50.8935157],[-113.9458872,50.8935156],[-113.946048,50.8935157],[-113.9462039,50.8935158],[-113.9462821,50.8935158],[-113.9463563,50.8934708],[-113.9461996,50.89347],[-113.9458894,50.8934627],[-113.9461229,50.8934707],[-113.9459639,50.8934635],[-113.9460406,50.8934649],[-113.9462764,50.8934708]]}",POINT (-113.94597001606337 50.89351567364603),"{""type"":""MultiPoint"",""coordinates"":[[-114.1399158,51.0287104],[-114.140041,51.0286168],[-114.140176,51.0286178],[-114.1399837,51.0286164],[-114.14021,51.0286181]]}",POINT (-114.13991577287679 51.02871038355032),a,AUBURN MEADOWS MR SE,68
BP2018-10905,Completed,2018-08-16,2018,2018-09-10,2020-02-13,2020,Commercial / Multi Family Project,Building,1606 - Ths Townhouse,Townhouse,Residential,New,New,New,Regatta Building 06 - 6-Plex,BROOKFIELD RESIDENTIAL (ALBERTA),,,6,"$134,000",,233 AUBURN MEADOWS DR SE,AUB,AUBURN BAY,50.89372238,-113.9458285,12,Titled Parcel;Titled Parcel;Titled Parcel;Titled Parcel;Titled Parcel;Titled Parcel;Building;Building;Building;Building;Building;Building,233 AUBURN MEADOWS DR SE;249 AUBURN MEADOWS DR SE;253 AUBURN MEADOWS DR SE;237 AUBURN MEADOWS DR SE;245 AUBURN MEADOWS DR SE;241 AUBURN MEADOWS DR SE;241 AUBURN MEADOWS DR SE;237 AUBURN MEADOWS DR SE;253 AUBURN MEADOWS DR SE;249 AUBURN MEADOWS DR SE;245 AUBURN MEADOWS DR SE;233 AUBURN MEADOWS DR SE,"MULTIPOINT (-113.94582851357245 50.8937223773315,-113.94614526850052 50.89372252387843,-113.94622812456251 50.89372256207005,-113.94591136963375 50.89372241574792,-113.94606730221145 50.893722487887,-113.94598933592252 50.893722451843495,-113.94598421833629 50.89366133567593,-113.94590523962336 50.893664148927584,-113.94622190119877 50.89367095678944,-113.94614368133375 50.89366901485904,-113.94606695179023 50.89366897943788,-113.94583077018375 50.89366411439838)","{""type"":""MultiPoint"",""coordinates"":[[-113.9458285,50.8937224],[-113.9461453,50.8937225],[-113.9462281,50.8937226],[-113.9459114,50.8937224],[-113.9460673,50.8937225],[-113.9459893,50.8937225],[-113.9459842,50.8936613],[-113.9459052,50.8936641],[-113.9462219,50.893671],[-113.9461437,50.893669],[-113.946067,50.893669],[-113.9458308,50.8936641]]}",POINT (-113.94582851357245 50.8937223773315),"{""type"":""MultiPoint"",""coordinates"":[[-114.0736785,51.1807543],[-114.0747271,51.180291],[-114.0747246,51.1803478],[-114.0747194,51.1804012],[-114.0747182,51.1804564]]}",POINT (-114.07367847894845 51.180754293317186),a,AUBURN MEADOWS DR SE,68
BP2021-09536,Completed,2021-06-01,2021,2021-07-12,2022-05-25,2022,Commercial / Multi Family Project,Building,1606 - Ths Townhouse,Townhouse,Residential,New,New,New,"New 8 Unit townhouse (Regatta, Building #8)",BROOKFIELD RESIDENTIAL (ALBERTA),,BROOKFIELD RESIDENTIAL (ALBERTA),8,"$1,266,392",,79 AUBURN MEADOWS ST SE,AUB,AUBURN BAY,50.89311528,-113.9452417,16,Titled Parcel;Titled Parcel;Titled Parcel;Titled Parcel;Titled Parcel;Titled Parcel;Titled Parcel;Titled Parcel;Building;Building;Building;Building;Building;Building;Building;Building,79 AUBURN MEADOWS ST SE;87 AUBURN MEADOWS ST SE;91 AUBURN MEADOWS ST SE;89 AUBURN MEADOWS ST SE;85 AUBURN MEADOWS ST SE;93 AUBURN MEADOWS ST SE;81 AUBURN MEADOWS ST SE;83 AUBURN MEADOWS ST SE;85 AUBURN MEADOWS ST SE;91 AUBURN MEADOWS ST SE;79 AUBURN MEADOWS ST SE;89 AUBURN MEADOWS ST SE;81 AUBURN MEADOWS ST SE;93 AUBURN MEADOWS ST SE;87 AUBURN MEADOWS ST SE;83 AUBURN MEADOWS ST SE,"MULTIPOINT (-113.94524174168517 50.89311528074584,-113.94524150450302 50.89331755492317,-113.94524138854631 50.89341644451841,-113.94524144652475 50.893366999720996,-113.94524156248113 50.893268110124914,-113.94524132529692 50.89347038429692,-113.94524167843686 50.89316922052714,-113.94524162045909 50.89321866532623,-113.94532262582646 50.89326892125572,-113.9453250502514 50.89341992688668,-113.94532025485286 50.89312083738558,-113.94532422885153 50.89336877358348,-113.94532104991035 50.89317020167493,-113.94532579196621 50.89346629748913,-113.94532339458638 50.89331646955788,-113.9453218044423 50.89321775896121)","{""type"":""MultiPoint"",""coordinates"":[[-113.9452417,50.8931153],[-113.9452415,50.8933176],[-113.9452414,50.8934164],[-113.9452414,50.893367],[-113.9452416,50.8932681],[-113.9452413,50.8934704],[-113.9452417,50.8931692],[-113.9452416,50.8932187],[-113.9453226,50.8932689],[-113.9453251,50.8934199],[-113.9453203,50.8931208],[-113.9453242,50.8933688],[-113.945321,50.8931702],[-113.9453258,50.8934663],[-113.9453234,50.8933165],[-113.9453218,50.8932178]]}",POINT (-113.94524174168517 50.89311528074584),"{""type"":""MultiPoint"",""coordinates"":[[-113.9503758,51.1351629],[-113.9504657,51.135163],[-113.9505441,51.135163],[-113.950634,51.135163]]}",POINT (-113.95037581955968 51.13516293765255),a,AUBURN MEADOWS ST SE,68
BP2018-07136,Completed,2018-06-07,2018,2018-06-12,2020-02-13,2020,Commercial / Multi Family Project,Building,1606 - Ths Townhouse,Townhouse,Residential,New,New,New,Auburn Bay Phase 38 - Bldg. #4 New Townhouse,BROOKFIELD RESIDENTIAL (ALBERTA),,,8,"$1,567,694",,90 AUBURN MEADOWS VW SE,AUB,AUBURN BAY,50.89313851,-113.946882,16,Titled Parcel;Titled Parcel;Titled Parcel;Titled Parcel;Titled Parcel;Titled Parcel;Titled Parcel;Titled Parcel;Building;Building;Building;Building;Building;Building;Building;Building,62 AUBURN MEADOWS VW SE;82 AUBURN MEADOWS VW SE;78 AUBURN MEADOWS VW SE;90 AUBURN MEADOWS VW SE;66 AUBURN MEADOWS VW SE;70 AUBURN MEADOWS VW SE;86 AUBURN MEADOWS VW SE;74 AUBURN MEADOWS VW SE;90 AUBURN MEADOWS VW SE;74 AUBURN MEADOWS VW SE;66 AUBURN MEADOWS VW SE;82 AUBURN MEADOWS VW SE;70 AUBURN MEADOWS VW SE;78 AUBURN MEADOWS VW SE;86 AUBURN MEADOWS VW SE;62 AUBURN MEADOWS VW SE,"MULTIPOINT (-113.94688198612556 50.89313851347754,-113.94680823092699 50.89338570402392,-113.94682263860945 50.89334076074688,-113.94677850460434 50.89348907510824,-113.94686587683333 50.8931924459574,-113.94685146412259 50.89324188422277,-113.94679383230981 50.89343514228697,-113.94683705138128 50.89329132248593,-113.94671770696505 50.893478969622485,-113.94676456994773 50.89328109483357,-113.9467947679009 50.89318786464838,-113.94675844013842 50.893383847374295,-113.94677666045153 50.89323637525396,-113.94675699634035 50.893328657301566,-113.946740333662 50.893431405036466,-113.94681136426792 50.89314315610782)","{""type"":""MultiPoint"",""coordinates"":[[-113.946882,50.8931385],[-113.9468082,50.8933857],[-113.9468226,50.8933408],[-113.9467785,50.8934891],[-113.9468659,50.8931924],[-113.9468515,50.8932419],[-113.9467938,50.8934351],[-113.9468371,50.8932913],[-113.9467177,50.893479],[-113.9467646,50.8932811],[-113.9467948,50.8931879],[-113.9467584,50.8933838],[-113.9467767,50.8932364],[-113.946757,50.8933287],[-113.9467403,50.8934314],[-113.9468114,50.8931432]]}",POINT (-113.94688198612556 50.89313851347754),"{""type"":""MultiPoint"",""coordinates"":[[-113.9522956,51.1561859],[-113.9524068,51.1560241],[-113.9523288,51.1561364],[-113.9522561,51.1562443],[-113.9523608,51.156087],[-113.9523625,51.1561525],[-113.9523352,51.1562053],[-113.9524102,51.1560969],[-113.9522989,51.1562524],[-113.9524443,51.1560527]]}",POINT (-113.95229555634384 51.15618586304097),a,AUBURN MEADOWS VW SE,68
BP2019-04497,Completed,2019-04-23,2019,2019-05-06,2020-03-20,2020,Commercial / Multi Family Project,Building,1606 - Ths Townhouse,Townhouse,Residential,New,New,New,Regatta - Auburn Bay Phase 38 - Building 11,BROOKFIELD RESIDENTIAL (ALBERTA),,BROOKFIELD RESIDENTIAL (ALBERTA),5,"$761,133",,244 AUBURN MEADOWS MR SE,AUB,AUBURN BAY,50.89316533,-113.9465484,10,Titled Parcel;Titled Parcel;Titled Parcel;Titled Parcel;Titled Parcel;Building;Building;Building;Building;Building,250 AUBURN MEADOWS MR SE;248 AUBURN MEADOWS MR SE;244 AUBURN MEADOWS MR SE;252 AUBURN MEADOWS MR SE;246 AUBURN MEADOWS MR SE;244 AUBURN MEADOWS MR SE;246 AUBURN MEADOWS MR SE;250 AUBURN MEADOWS MR SE;248 AUBURN MEADOWS MR SE;252 AUBURN MEADOWS MR SE,"MULTIPOINT (-113.94654844565179 50.893165331150215,-113.94653403261343 50.89321476937653,-113.94650431094216 50.89331364541219,-113.94656375930212 50.89311139834968,-113.94651962469221 50.893259712618864,-113.94642325178702 50.89329670710087,-113.94643796076703 50.89324962439638,-113.94646402654061 50.893153299851136,-113.94644818210239 50.89319896162385,-113.94647649204244 50.893104067509356)","{""type"":""MultiPoint"",""coordinates"":[[-113.9465484,50.8931653],[-113.946534,50.8932148],[-113.9465043,50.8933136],[-113.9465638,50.8931114],[-113.9465196,50.8932597],[-113.9464233,50.8932967],[-113.946438,50.8932496],[-113.946464,50.8931533],[-113.9464482,50.893199],[-113.9464765,50.8931041]]}",POINT (-113.94654844565179 50.893165331150215),"{""type"":""MultiPoint"",""coordinates"":[[-114.0646358,50.8602473],[-114.0639978,50.8591506],[-114.0641646,50.8591284],[-114.0643359,50.8591083],[-114.0642503,50.859119],[-114.0640834,50.8591391]]}",POINT (-114.06463582177199 50.86024730573181),a,AUBURN MEADOWS MR SE,68
BP2021-13799,Completed,2021-08-06,2021,2021-08-18,2022-07-15,2022,Commercial / Multi Family Project,Building,1606 - Ths Townhouse,Townhouse,Residential,New,New,New,"New 6 Unit townhouse (Regatta, Building 5)",,0,,6,"$1,046,775",,261 AUBURN MEADOWS DR SE,AUB,AUBURN BAY,50.89372273,-113.9465859,12,Titled Parcel;Titled Parcel;Titled Parcel;Titled Parcel;Titled Parcel;Titled Parcel;Building;Building;Building;Building;Building;Building,273 AUBURN MEADOWS DR SE;281 AUBURN MEADOWS DR SE;277 AUBURN MEADOWS DR SE;269 AUBURN MEADOWS DR SE;261 AUBURN MEADOWS DR SE;265 AUBURN MEADOWS DR SE;269 AUBURN MEADOWS DR SE;265 AUBURN MEADOWS DR SE;261 AUBURN MEADOWS DR SE;281 AUBURN MEADOWS DR SE;277 AUBURN MEADOWS DR SE;273 AUBURN MEADOWS DR SE,"MULTIPOINT (-113.94658593084223 50.8937227263218,-113.94675107439006 50.89372280176143,-113.94666389713238 50.89372276196688,-113.94650796455225 50.89372269062464,-113.9463471422 50.89372261682708,-113.94642999826243 50.893722654875425,-113.94650321808932 50.893672038972326,-113.94642950090856 50.89367295810632,-113.94635127829454 50.893673398655196,-113.9467401645636 50.89366691514631,-113.94666119131833 50.89366497321896,-113.94658295450533 50.893665413916565)","{""type"":""MultiPoint"",""coordinates"":[[-113.9465859,50.8937227],[-113.9467511,50.8937228],[-113.9466639,50.8937228],[-113.946508,50.8937227],[-113.9463471,50.8937226],[-113.94643,50.8937227],[-113.9465032,50.893672],[-113.9464295,50.893673],[-113.9463513,50.8936734],[-113.9467402,50.8936669],[-113.9466612,50.893665],[-113.946583,50.8936654]]}",POINT (-113.94658593084223 50.8937227263218),"{""type"":""MultiPoint"",""coordinates"":[[-114.2053154,51.0328614],[-114.2068366,51.0331883],[-114.2068105,51.0330951],[-114.2068258,51.0331446],[-114.2067983,51.0330505],[-114.2067875,51.0330038]]}",POINT (-114.20531543665655 51.032861449377684),a,AUBURN MEADOWS DR SE,68
BP2020-00183,Completed,2020-01-07,2020,2020-03-09,2021-03-24,2021,Commercial / Multi Family Project,Building,1606 - Ths Townhouse,Townhouse,Residential,New,New,New,The Regatta Townhouse Building #10,BROOKFIELD RESIDENTIAL (ALBERTA),,BROOKFIELD RESIDENTIAL (ALBERTA),6,"$1,052,580",,276 AUBURN MEADOWS MR SE,AUB,AUBURN BAY,50.89304817,-113.945909,12,Titled Parcel;Titled Parcel;Titled Parcel;Titled Parcel;Titled Parcel;Titled Parcel;Building;Building;Building;Building;Building;Building,274 AUBURN MEADOWS MR SE;266 AUBURN MEADOWS MR SE;272 AUBURN MEADOWS MR SE;268 AUBURN MEADOWS MR SE;270 AUBURN MEADOWS MR SE;276 AUBURN MEADOWS MR SE;276 AUBURN MEADOWS MR SE;270 AUBURN MEADOWS MR SE;274 AUBURN MEADOWS MR SE;272 AUBURN MEADOWS MR SE;266 AUBURN MEADOWS MR SE;268 AUBURN MEADOWS MR SE,"MULTIPOINT (-113.94590902343505 50.89304816705345,-113.94623009492258 50.893048315370834,-113.94598698859811 50.893048203150244,-113.9461429047105 50.89304827518108,-113.94606493954711 50.89304823918841,-113.94582616857002 50.89304812863572,-113.94582624772244 50.89310242808269,-113.94606224052954 50.89309600164454,-113.94590522287622 50.893101871364806,-113.94598326195592 50.893099525156664,-113.9462155007946 50.8930942833476,-113.94613933939722 50.89309543491145)","{""type"":""MultiPoint"",""coordinates"":[[-113.945909,50.8930482],[-113.9462301,50.8930483],[-113.945987,50.8930482],[-113.9461429,50.8930483],[-113.9460649,50.8930482],[-113.9458262,50.8930481],[-113.9458262,50.8931024],[-113.9460622,50.893096],[-113.9459052,50.8931019],[-113.9459833,50.8930995],[-113.9462155,50.8930943],[-113.9461393,50.8930954]]}",POINT (-113.94590902343505 50.89304816705345),"{""type"":""MultiPoint"",""coordinates"":[[-113.9331869,50.894498],[-113.9346767,50.8944421],[-113.9346791,50.894375]]}",POINT (-113.93318689375285 50.8944979542591),,AUBURN MEADOWS MR SE,68
BP2021-03575,Completed,2021-03-10,2021,2021-03-23,2021-12-02,2021,Commercial / Multi Family Project,Building,1606 - Ths Townhouse,Townhouse,Residential,New,New,New,"New 5 Unit townhouse (Regatta, Building #9)",BROOKFIELD RESIDENTIAL (ALBERTA),,BROOKFIELD RESIDENTIAL (ALBERTA),5,"$744,539",,214 AUBURN MEADOWS MR SE,AUB,AUBURN BAY,50.89325028,-113.9455555,10,Titled Parcel;Titled Parcel;Titled Parcel;Titled Parcel;Titled Parcel;Building;Building;Building;Building;Building,206 AUBURN MEADOWS MR SE;210 AUBURN MEADOWS MR SE;208 AUBURN MEADOWS MR SE;214 AUBURN MEADOWS MR SE;212 AUBURN MEADOWS MR SE;210 AUBURN MEADOWS MR SE;206 AUBURN MEADOWS MR SE;208 AUBURN MEADOWS MR SE;212 AUBURN MEADOWS MR SE;214 AUBURN MEADOWS MR SE,"MULTIPOINT (-113.9455555208521 50.89325027702411,-113.94555540032009 50.89335366160264,-113.94555545796592 50.89330421680443,-113.94555527978736 50.89345704617934,-113.94555534267408 50.89340310640042,-113.9456339808307 50.893350587693085,-113.94563362307389 50.89325497022433,-113.94563379484498 50.893302778955594,-113.94563417439575 50.89340409607347,-113.94563434700511 50.893451185606445)","{""type"":""MultiPoint"",""coordinates"":[[-113.9455555,50.8932503],[-113.9455554,50.8933537],[-113.9455555,50.8933042],[-113.9455553,50.893457],[-113.9455553,50.8934031],[-113.945634,50.8933506],[-113.9456336,50.893255],[-113.9456338,50.8933028],[-113.9456342,50.8934041],[-113.9456343,50.8934512]]}",POINT (-113.9455555208521 50.89325027702411),,,,AUBURN MEADOWS MR SE,68
BP2021-01670,Completed,2021-02-02,2021,2021-02-22,2021-11-08,2021,Commercial / Multi Family Project,Building,1706 - Rhs Rowhouse,Unspecified,Residential,New,New,New,"New 6 Unit townhouse (Regatta, Building #7)",BROOKFIELD RESIDENTIAL (ALBERTA),,BROOKFIELD RESIDENTIAL (ALBERTA),6,"$1,076,851",,205 AUBURN MEADOWS DR SE,AUB,AUBURN BAY,50.89372219,-113.9454281,12,Titled Parcel;Titled Parcel;Titled Parcel;Titled Parcel;Titled Parcel;Titled Parcel;Building;Building;Building;Building;Building;Building,213 AUBURN MEADOWS DR SE;205 AUBURN MEADOWS DR SE;217 AUBURN MEADOWS DR SE;209 AUBURN MEADOWS DR SE;225 AUBURN MEADOWS DR SE;221 AUBURN MEADOWS DR SE;225 AUBURN MEADOWS DR SE;209 AUBURN MEADOWS DR SE;205 AUBURN MEADOWS DR SE;221 AUBURN MEADOWS DR SE;213 AUBURN MEADOWS DR SE;217 AUBURN MEADOWS DR SE,"MULTIPOINT (-113.94542809236266 50.8937221908464,-113.94526293460612 50.89372211352869,-113.94550605865042 50.89372222726471,-113.94535012607506 50.893722154376015,-113.94566688099911 50.8937223022209,-113.94558402493836 50.893722263630956,-113.9456577826837 50.89366213712287,-113.945347116145 50.8936705505528,-113.9452689604568 50.8936745234651,-113.9455802975764 50.893663997913336,-113.94542234507456 50.89366535358437,-113.94550507199214 50.89366634516535)","{""type"":""MultiPoint"",""coordinates"":[[-113.9454281,50.8937222],[-113.9452629,50.8937221],[-113.9455061,50.8937222],[-113.9453501,50.8937222],[-113.9456669,50.8937223],[-113.945584,50.8937223],[-113.9456578,50.8936621],[-113.9453471,50.8936706],[-113.945269,50.8936745],[-113.9455803,50.893664],[-113.9454223,50.8936654],[-113.9455051,50.8936663]]}",POINT (-113.94542809236266 50.8937221908464),,,,AUBURN MEADOWS DR SE,68
BP2017-13451,Completed,2017-10-06,2017,2017-11-21,2018-12-13,2018,Commercial / Multi Family Project,Building,1606 - Ths Townhouse,Townhouse,Residential,New,New,New,9.10.15. - 5 Unit Townhouse - Building B,HABITAT FOR HUMANITY,,,5,"$1,452,320",,#2 6324 BOWWOOD DR NW,BOW,BOWNESS,51.08478712,-114.1801533,7,Titled Parcel;Building;Building Suite;Building Suite;Building Suite;Building Suite;Building Suite,6328 BOWWOOD DR NW;6324 BOWWOOD DR NW;#2 6324 BOWWOOD DR NW;#1 6324 BOWWOOD DR NW;#3 6324 BOWWOOD DR NW;#4 6324 BOWWOOD DR NW;#5 6324 BOWWOOD DR NW,"MULTIPOINT (-114.18015325743954 51.08478711763439,-114.1798608741836 51.084827140374124,-114.17994554606364 51.08478419223706,-114.17988470211377 51.08475517728218,-114.17989045224128 51.0848356530433,-114.17983622306699 51.084874553909785,-114.17978263731034 51.08484381070863)","{""type"":""MultiPoint"",""coordinates"":[[-114.1801533,51.0847871],[-114.1798609,51.0848271],[-114.1799455,51.0847842],[-114.1798847,51.0847552],[-114.1798905,51.0848357],[-114.1798362,51.0848746],[-114.1797826,51.0848438]]}",POINT (-114.18015325743954 51.08478711763439),"{""type"":""MultiPoint"",""coordinates"":[[-114.0791961,50.9234783],[-114.0804223,50.9246296],[-114.0804901,50.9246581],[-114.0802762,50.9245679],[-114.080347,50.9246002]]}",POINT (-114.07919611969263 50.92347828818411),a,6324 BOWWOOD DR NW,69
BP2017-13452,Completed,2017-10-06,2017,2017-11-21,2019-04-15,2019,Commercial / Multi Family Project,Building,1606 - Ths Townhouse,Townhouse,Residential,New,New,New,9.10.15. - 5 Unit Townhouse - Building A,HABITAT FOR HUMANITY,,,5,"$1,452,320",,#1 6328 BOWWOOD DR NW,BOW,BOWNESS,51.08478712,-114.1801533,7,Titled Parcel;Building;Building Suite;Building Suite;Building Suite;Building Suite;Building Suite,6328 BOWWOOD DR NW;6328 BOWWOOD DR NW;#4 6328 BOWWOOD DR NW;#5 6328 BOWWOOD DR NW;#2 6328 BOWWOOD DR NW;#3 6328 BOWWOOD DR NW;#1 6328 BOWWOOD DR NW,"MULTIPOINT (-114.18015325743954 51.08478711763439,-114.18003755439968 51.08490678669427,-114.17995605781901 51.084925745542925,-114.18002142215666 51.084953620799986,-114.1801162459192 51.084863847643184,-114.17999757842364 51.084881731080095,-114.18004269320376 51.08482971025185)","{""type"":""MultiPoint"",""coordinates"":[[-114.1801533,51.0847871],[-114.1800376,51.0849068],[-114.1799561,51.0849257],[-114.1800214,51.0849536],[-114.1801162,51.0848638],[-114.1799976,51.0848817],[-114.1800427,51.0848297]]}",POINT (-114.18015325743954 51.08478711763439),,,,6328 BOWWOOD DR NW,69
BP2021-03540,Completed,2021-03-09,2021,2021-05-03,2021-10-26,2021,Commercial / Multi Family Project,Building,1706 - Rhs Rowhouse,Unspecified,Residential,New,New,New,Part 9 Rowhouse 4 units,,GOVIND HOMES,GOVIND HOMES,4,"$893,588",,2176 11 ST NW,CAP,CAPITOL HILL,51.07104481,-114.0871687,5,Titled Parcel;Building;Building;Building;Building,2170 11 ST NW;2174 11 ST NW;1139 21 AV NW;2172 11 ST NW;2176 11 ST NW,"MULTIPOINT (-114.08716866605579 51.07104481289808,-114.08709935611273 51.071170423620636,-114.0870993911723 51.07128032260658,-114.08709924952011 51.07111363580073,-114.08709955214194 51.07122164675262)","{""type"":""MultiPoint"",""coordinates"":[[-114.0871687,51.0710448],[-114.0870994,51.0711704],[-114.0870994,51.0712803],[-114.0870992,51.0711136],[-114.0870996,51.0712216]]}",POINT (-114.08716866605579 51.07104481289808),"{""type"":""MultiPoint"",""coordinates"":[[-114.063094,50.8639446],[-114.0630908,50.8638171],[-114.0630893,50.8638552],[-114.0630924,50.8639018]]}",POINT (-114.06309397901678 50.86394460158152),a,11 ST NW,70
BP2020-06934,Completed,2020-06-03,2020,2020-10-21,2021-10-07,2021,Commercial / Multi Family Project,Building,1706 - Rhs Rowhouse,Unspecified,Residential,New,New,New,New 4 Unit Rowhouse (Building A),FORMED ALLIANCE ARCHITECTURE STUDIO,,EAGLE CREST CONSTRUCTION,4,"$796,588",,2007B 22 AV NW,BNF,BANFF TRAIL,51.07195028,-114.1064614,9,Titled Parcel;Building;Building;Building;Building;Building Suite;Building Suite;Building Suite;Building Suite,2251 19 ST NW;2259 19 ST NW;2005 22 AV NW;2003 22 AV NW;2007 22 AV NW;2003B 22 AV NW;2007B 22 AV NW;2259B 19 ST NW;2005B 22 AV NW,"MULTIPOINT (-114.10646141977023 51.071950278970206,-114.10651266446295 51.072182337201326,-114.10669723358623 51.07218179132466,-114.10659954862847 51.07218225800751,-114.1067769386871 51.0721809634168,-114.10659590033005 51.07223394308386,-114.10675486884496 51.07222629162963,-114.10649959686286 51.07223332067053,-114.1066778157458 51.07222626308152)","{""type"":""MultiPoint"",""coordinates"":[[-114.1064614,51.0719503],[-114.1065127,51.0721823],[-114.1066972,51.0721818],[-114.1065995,51.0721823],[-114.1067769,51.072181],[-114.1065959,51.0722339],[-114.1067549,51.0722263],[-114.1064996,51.0722333],[-114.1066778,51.0722263]]}",POINT (-114.10646141977023 51.071950278970206),"{""type"":""MultiPoint"",""coordinates"":[[-114.1071055,51.1812903],[-114.1070545,51.1814207],[-114.107087,51.1813353],[-114.1070724,51.1813712],[-114.1069879,51.1812731],[-114.1069722,51.181318],[-114.106945,51.1813516],[-114.1069383,51.1813901]]}",POINT (-114.10710548414441 51.181290313888184),a,22 AV NW,71
BP2020-07225,Completed,2020-06-08,2020,2021-02-04,2021-12-23,2021,Commercial / Multi Family Project,Building,1706 - Rhs Rowhouse,Unspecified,Residential,New,New,New,New 4 Unit Building (Building B),FORMED ALLIANCE ARCHITECTURE STUDIO,,EAGLE CREST CONSTRUCTION,3,"$711,576",,2257R 19 ST NW,BNF,BANFF TRAIL,51.07195028,-114.1064614,7,Titled Parcel;Building;Building;Building;Building Suite;Building Suite;Building Suite,2251 19 ST NW;2257 19 ST NW;2255 19 ST NW;2253 19 ST NW;2253R 19 ST NW;2255R 19 ST NW;2257R 19 ST NW,"MULTIPOINT (-114.10646141977023 51.071950278970206,-114.10655862239423 51.07210037223876,-114.10655972821378 51.07205997154597,-114.10655783320891 51.072017685752414,-114.1066357605771 51.072031962247166,-114.10663580135883 51.072049707866036,-114.10663769122984 51.07208972825992)","{""type"":""MultiPoint"",""coordinates"":[[-114.1064614,51.0719503],[-114.1065586,51.0721004],[-114.1065597,51.07206],[-114.1065578,51.0720177],[-114.1066358,51.072032],[-114.1066358,51.0720497],[-114.1066377,51.0720897]]}",POINT (-114.10646141977023 51.071950278970206),"{""type"":""MultiPoint"",""coordinates"":[[-114.0669053,51.1837699],[-114.0671205,51.1836799],[-114.0669274,51.1836777],[-114.0670552,51.1836788],[-114.0669927,51.1836788],[-114.0672009,51.1836787]]}",POINT (-114.06690533489345 51.18376985225311),a,19 ST NW,71
BP2017-11739,Completed,2017-09-05,2017,2017-10-18,2018-06-06,2018,Commercial / Multi Family Project,Building,1606 - Ths Townhouse,Townhouse,Residential,New,New,New,New 6 unit townhouse,GABLECRAFT HOMES,,EXCEL HOMES LIMITED PARTNERSHIP,6,"$992,170",,206 SHERWOOD LN NW,SHW,SHERWOOD,51.16076347,-114.1476712,12,Titled Parcel;Titled Parcel;Titled Parcel;Titled Parcel;Titled Parcel;Titled Parcel;Building;Building;Building;Building;Building;Building,85 SHERWOOD LN NW;83 SHERWOOD LN NW;208 SHERWOOD LN NW;210 SHERWOOD LN NW;81 SHERWOOD LN NW;206 SHERWOOD LN NW;81 SHERWOOD LN NW;83 SHERWOOD LN NW;206 SHERWOOD LN NW;85 SHERWOOD LN NW;210 SHERWOOD LN NW;208 SHERWOOD LN NW,"MULTIPOINT (-114.14767116928395 51.160763470668115,-114.14774576762233 51.16077236603659,-114.14768974215424 51.1609207645191,-114.14761891782871 51.160911864352734,-114.14781010129234 51.16078576910751,-114.14775842205067 51.16092966735117,-114.14780402210388 51.16081160379421,-114.14771942432246 51.16080077035556,-114.14776609628662 51.16091531931002,-114.14765968287936 51.16078833231091,-114.1476156531569 51.16089235213807,-114.14768627741549 51.16090576531801)","{""type"":""MultiPoint"",""coordinates"":[[-114.1476712,51.1607635],[-114.1477458,51.1607724],[-114.1476897,51.1609208],[-114.1476189,51.1609119],[-114.1478101,51.1607858],[-114.1477584,51.1609297],[-114.147804,51.1608116],[-114.1477194,51.1608008],[-114.1477661,51.1609153],[-114.1476597,51.1607883],[-114.1476157,51.1608924],[-114.1476863,51.1609058]]}",POINT (-114.14767116928395 51.160763470668115),"{""type"":""MultiPoint"",""coordinates"":[[-114.0462251,51.1532648],[-114.0457668,51.1532204],[-114.0460754,51.1531689],[-114.0458689,51.1532033],[-114.0459778,51.1531861]]}",POINT (-114.04622514179053 51.15326484878419),a,SHERWOOD LN NW,72
BP2017-15465,Completed,2017-11-23,2017,2017-11-28,2019-04-11,2019,Commercial / Multi Family Project,Building,1606 - Ths Townhouse,Townhouse,Residential,New,New,New,New 5-Unit townhouse,GABLECRAFT HOMES,,EXCEL HOMES LIMITED PARTNERSHIP,5,"$826,505",,986 SHERWOOD BV NW,SHW,SHERWOOD,51.16045808,-114.1474714,10,Titled Parcel;Titled Parcel;Titled Parcel;Titled Parcel;Titled Parcel;Building;Building;Building;Building;Building,986 SHERWOOD BV NW;990 SHERWOOD BV NW;988 SHERWOOD BV NW;992 SHERWOOD BV NW;994 SHERWOOD BV NW;988 SHERWOOD BV NW;992 SHERWOOD BV NW;990 SHERWOOD BV NW;986 SHERWOOD BV NW;994 SHERWOOD BV NW,"MULTIPOINT (-114.14747140441821 51.16045807762,-114.14733717697158 51.16042678329195,-114.14740020908643 51.160440188228094,-114.14727434502508 51.1604088832896,-114.14717477185967 51.16038203992246,-114.1473735585094 51.16048433357821,-114.14724792713315 51.16045879062658,-114.14729758116246 51.16046422972674,-114.14743783832596 51.16049894152323,-114.14716729794206 51.160432417832496)","{""type"":""MultiPoint"",""coordinates"":[[-114.1474714,51.1604581],[-114.1473372,51.1604268],[-114.1474002,51.1604402],[-114.1472743,51.1604089],[-114.1471748,51.160382],[-114.1473736,51.1604843],[-114.1472479,51.1604588],[-114.1472976,51.1604642],[-114.1474378,51.1604989],[-114.1471673,51.1604324]]}",POINT (-114.14747140441821 51.16045807762),"{""type"":""MultiPoint"",""coordinates"":[[-113.9581227,51.1560488],[-113.9580571,51.1559563],[-113.9580496,51.1559064],[-113.9580513,51.1560206],[-113.9580497,51.1557928],[-113.9580562,51.1558535]]}",POINT (-113.95812266245606 51.15604875601888),a,SHERWOOD BV NW,72
BP2019-10494,Completed,2019-08-06,2019,2019-08-22,2020-09-29,2020,Commercial / Multi Family Project,Building,1706 - Rhs Rowhouse,Unspecified,Residential,New,New,New,"9.10.15. 4 Unit Rowhouse, 9.10.14. Garage",CALTON DEVELOPMENTS,,CALTON DEVELOPMENTS,4,"$683,071",,2123 12 ST NW,CAP,CAPITOL HILL,51.07106067,-114.0899677,5,Titled Parcel;Building;Building;Building;Building,2115 12 ST NW;2123 12 ST NW;2119 12 ST NW;1301 21 AV NW;2127 12 ST NW,"MULTIPOINT (-114.08996774788913 51.071060671635664,-114.0900195695863 51.071191881282715,-114.09002211959336 51.0711382827606,-114.09002697938055 51.07128971042043,-114.09001569580533 51.07124714391708)","{""type"":""MultiPoint"",""coordinates"":[[-114.0899677,51.0710607],[-114.0900196,51.0711919],[-114.0900221,51.0711383],[-114.090027,51.0712897],[-114.0900157,51.0712471]]}",POINT (-114.08996774788913 51.071060671635664),"{""type"":""MultiPoint"",""coordinates"":[[-114.0455924,51.1531887],[-114.0452563,51.1533248],[-114.0453788,51.1532991],[-114.0454628,51.1532833],[-114.0451565,51.1533434]]}",POINT (-114.04559242616159 51.15318868579078),a,12 ST NW,73
BP2018-15433,Completed,2018-11-23,2018,2019-03-05,2020-07-31,2020,Commercial / Multi Family Project,Building,1606 - Ths Townhouse,Townhouse,Residential,New,New,New,New Building,JACKSON MCCORMICK DESIGN GROUP,,,7,"$1,584,886",,#22 1426 23 AV NW,CAP,CAPITOL HILL,51.07331876,-114.0935569,8,Titled Parcel;Building;Building;Building;Building;Building;Building;Building,1426 23 AV NW;#26 1426 23 AV NW;#22 1426 23 AV NW;#28 1426 23 AV NW;#30 1426 23 AV NW;#32 1426 23 AV NW;#34 1426 23 AV NW;#24 1426 23 AV NW,"MULTIPOINT (-114.09355694574674 51.073318762116195,-114.09414924602073 51.07357458270228,-114.09402012158219 51.07357468662128,-114.09421116222039 51.07357500927533,-114.09427459001695 51.073574958142984,-114.09433499171689 51.07357443296451,-114.09439313980842 51.07357438602812,-114.09408657354025 51.07357415670513)","{""type"":""MultiPoint"",""coordinates"":[[-114.0935569,51.0733188],[-114.0941492,51.0735746],[-114.0940201,51.0735747],[-114.0942112,51.073575],[-114.0942746,51.073575],[-114.094335,51.0735744],[-114.0943931,51.0735744],[-114.0940866,51.0735742]]}",POINT (-114.09355694574674 51.073318762116195),"{""type"":""MultiPoint"",""coordinates"":[[-114.1022351,51.0235803],[-114.1023136,51.0237238],[-114.1023144,51.0236658],[-114.1023157,51.0238368],[-114.1023053,51.0237827],[-114.1022679,51.0237903],[-114.1022678,51.0237359],[-114.1022639,51.0236818],[-114.1022651,51.0238224]]}",POINT (-114.10223513956322 51.02358030705838),a,1426 23 AV NW,74
BP2018-15439,Completed,2018-11-23,2018,2019-03-06,2020-01-15,2020,Commercial / Multi Family Project,Building,1606 - Ths Townhouse,Townhouse,Residential,New,New,New,,JACKSON MCCORMICK DESIGN GROUP,,,5,"$1,160,884",,1444 23 AV NW,CAP,CAPITOL HILL,51.07331876,-114.0935569,6,Titled Parcel;Building;Building;Building;Building;Building,1426 23 AV NW;1448 23 AV NW;1450 23 AV NW;1452 23 AV NW;1444 23 AV NW;1446 23 AV NW,"MULTIPOINT (-114.09355694574674 51.073318762116195,-114.0942527771514 51.073380825372006,-114.09433441305372 51.07338105618548,-114.09439953985192 51.0733815969339,-114.09411166754899 51.07338123571434,-114.09417585256388 51.073381777345524)","{""type"":""MultiPoint"",""coordinates"":[[-114.0935569,51.0733188],[-114.0942528,51.0733808],[-114.0943344,51.0733811],[-114.0943995,51.0733816],[-114.0941117,51.0733812],[-114.0941759,51.0733818]]}",POINT (-114.09355694574674 51.073318762116195),"{""type"":""MultiPoint"",""coordinates"":[[-113.9927206,51.0285557],[-113.9925085,51.0284498],[-113.9924276,51.0283633],[-113.9924395,51.0284392],[-113.9925064,51.0284485],[-113.9925085,51.0284485],[-113.9924541,51.0285176],[-113.9924428,51.0284831],[-113.9924382,51.0284026],[-113.9925085,51.0284485],[-113.9925085,51.0284498],[-113.9925085,51.0284485]]}",POINT (-113.99272061682905 51.02855568545816),a,23 AV NW,74
BP2018-15438,Completed,2018-11-23,2018,2019-03-06,2020-05-29,2020,Commercial / Multi Family Project,Building,1606 - Ths Townhouse,Townhouse,Residential,New,New,New,,JACKSON MCCORMICK DESIGN GROUP,,,5,"$1,160,884",,1430 23 AV NW,CAP,CAPITOL HILL,51.07331876,-114.0935569,6,Titled Parcel;Building;Building;Building;Building;Building,1426 23 AV NW;1434 23 AV NW;1438 23 AV NW;1432 23 AV NW;1436 23 AV NW;1430 23 AV NW,"MULTIPOINT (-114.09355694574674 51.073318762116195,-114.0938728689544 51.0733814277103,-114.09401114136962 51.07338221556677,-114.09379405839671 51.07338119430774,-114.09395167771075 51.073380771081744,-114.09372373873855 51.073381250704934)","{""type"":""MultiPoint"",""coordinates"":[[-114.0935569,51.0733188],[-114.0938729,51.0733814],[-114.0940111,51.0733822],[-114.0937941,51.0733812],[-114.0939517,51.0733808],[-114.0937237,51.0733813]]}",POINT (-114.09355694574674 51.073318762116195),"{""type"":""MultiPoint"",""coordinates"":[[-114.2717642,51.0848123],[-114.2718827,51.0849516],[-114.2718745,51.0849081],[-114.2718934,51.0850745],[-114.2718987,51.0851672],[-114.2718774,51.0850073],[-114.2718974,51.0851131]]}",POINT (-114.2717642026094 51.08481233033486),a,23 AV NW,74
BP2018-15437,Completed,2018-11-23,2018,2019-03-06,2020-09-09,2020,Commercial / Multi Family Project,Building,1606 - Ths Townhouse,Townhouse,Residential,New,New,New,New Building,JACKSON MCCORMICK DESIGN GROUP,,,7,"$1,584,886",,#4 1426 23 AV NW,CAP,CAPITOL HILL,51.07331876,-114.0935569,8,Titled Parcel;Building;Building;Building;Building;Building;Building;Building,1426 23 AV NW;#6 1426 23 AV NW;#10 1426 23 AV NW;#12 1426 23 AV NW;#8 1426 23 AV NW;#16 1426 23 AV NW;#14 1426 23 AV NW;#4 1426 23 AV NW,"MULTIPOINT (-114.09355694574674 51.073318762116195,-114.09361463838088 51.07357405911866,-114.09373846980824 51.07357443634542,-114.09380189664165 51.07357390901667,-114.09367731085725 51.07357448536885,-114.09392498412842 51.073573333735524,-114.09386305655552 51.07357433638092,-114.09354742725344 51.073573160013204)","{""type"":""MultiPoint"",""coordinates"":[[-114.0935569,51.0733188],[-114.0936146,51.0735741],[-114.0937385,51.0735744],[-114.0938019,51.0735739],[-114.0936773,51.0735745],[-114.093925,51.0735733],[-114.0938631,51.0735743],[-114.0935474,51.0735732]]}",POINT (-114.09355694574674 51.073318762116195),,,,1426 23 AV NW,74
BP2022-13798,Completed,2022-08-11,2022,2022-10-07,2023-05-04,2023,Commercial / Multi Family Project,Building,1606 - Ths Townhouse,Townhouse,Residential,New,New,New,"A new 4 unit rowhouse, Part 9, Group C occupancy classified under 9.10.2.1.",KILLARNEY23,,PEN LAKE VENTURES,4,"$759,053",,3218B 26 AV SW,KIL,KILLARNEY/GLENGARRY,51.0301608,-114.1334516,9,Titled Parcel;Building;Building;Building;Building;Building Suite;Building Suite;Building Suite;Building Suite,3216 26 AV SW;3222 26 AV SW;3218 26 AV SW;2640 32 ST SW;3220 26 AV SW;3222B 26 AV SW;2640B 32 ST SW;3220B 26 AV SW;3218B 26 AV SW,"MULTIPOINT (-114.13345159104892 51.030160800740525,-114.13375736381853 51.030217572112065,-114.13358079551557 51.03022061483147,-114.13385190664094 51.030240873202864,-114.13366795852946 51.03022086577027,-114.1337729810882 51.03017039395227,-114.13385846383231 51.030171356863384,-114.13368974977976 51.0301690688127,-114.13359863892606 51.030169173004)","{""type"":""MultiPoint"",""coordinates"":[[-114.1334516,51.0301608],[-114.1337574,51.0302176],[-114.1335808,51.0302206],[-114.1338519,51.0302409],[-114.133668,51.0302209],[-114.133773,51.0301704],[-114.1338585,51.0301714],[-114.1336897,51.0301691],[-114.1335986,51.0301692]]}",POINT (-114.13345159104892 51.030160800740525),"{""type"":""MultiPoint"",""coordinates"":[[-114.1065715,51.1807514],[-114.1065496,51.1813439],[-114.1063646,51.1813454],[-114.1062999,51.1813466],[-114.1064174,51.1813461],[-114.1061784,51.1813492],[-114.1061154,51.1813492],[-114.1064877,51.1813453],[-114.1062397,51.1813481]]}",POINT (-114.10657146512145 51.180751429981186),a,26 AV SW,75
BP2018-09391,Completed,2018-07-18,2018,2018-09-13,2019-09-20,2019,Commercial / Multi Family Project,Building,1606 - Ths Townhouse,Townhouse,Residential,New,New,New,4 Units Rowhouse (Ross on 8th) and a Det. Garage (new),WEST RIDGE FINE HOMES,,,4,"$830,000",,4007 8 AV SW,RCK,ROSSCARROCK,51.04490471,-114.144201,5,Titled Parcel;Building;Building;Building;Building,903 39 ST SW;4015 8 AV SW;905 39 ST SW;4011 8 AV SW;4007 8 AV SW,"MULTIPOINT (-114.14420096003859 51.044904706287305,-114.14443586005521 51.0448765300712,-114.14439950679902 51.04486646153372,-114.14441276669639 51.04488399312098,-114.14438870293229 51.04487747832124)","{""type"":""MultiPoint"",""coordinates"":[[-114.144201,51.0449047],[-114.1444359,51.0448765],[-114.1443995,51.0448665],[-114.1444128,51.044884],[-114.1443887,51.0448775]]}",POINT (-114.14420096003859 51.044904706287305),"{""type"":""MultiPoint"",""coordinates"":[[-114.0753786,51.1799037],[-114.0753688,51.18007],[-114.0753776,51.1799666],[-114.0753734,51.1800161]]}",POINT (-114.07537859536413 51.179903700243855),a,8 AV SW,76
BP2017-06045,Completed,2017-05-25,2017,2017-06-15,2018-04-11,2018,Commercial / Multi Family Project,Building,1606 - Ths Townhouse,Townhouse,Residential,New,New,New,"8-Plex Multi-family Verona -1, Block 5, Townhouse",CLEM LAU ARCHITECTS & DESIGNERS,,,8,"$1,582,197",,421 SAGE HILL GV NW,SGH,SAGE HILL,51.17280528,-114.1363052,16,Titled Parcel;Titled Parcel;Titled Parcel;Titled Parcel;Titled Parcel;Titled Parcel;Titled Parcel;Titled Parcel;Building;Building;Building;Building;Building;Building;Building;Building,435 SAGE HILL GV NW;433 SAGE HILL GV NW;431 SAGE HILL GV NW;427 SAGE HILL GV NW;421 SAGE HILL GV NW;423 SAGE HILL GV NW;425 SAGE HILL GV NW;429 SAGE HILL GV NW;421 SAGE HILL GV NW;435 SAGE HILL GV NW;425 SAGE HILL GV NW;427 SAGE HILL GV NW;433 SAGE HILL GV NW;429 SAGE HILL GV NW;431 SAGE HILL GV NW;423 SAGE HILL GV NW,"MULTIPOINT (-114.13630515191034 51.17280528371089,-114.13626377808235 51.17276038420426,-114.13622151561934 51.17272447525792,-114.13613681822513 51.1726571522899,-114.13600056610728 51.17254494149763,-114.13605213645101 51.17258533447135,-114.13609447015517 51.17262124339674,-114.13617918066089 51.172693061150824,-114.13613887379158 51.17249565279783,-114.13643564745595 51.17273984955965,-114.13622385024671 51.17256557341847,-114.13626372965349 51.17259839273846,-114.1363915533617 51.17270356524987,-114.13630833959276 51.1726350990044,-114.13635181714467 51.17267087166067,-114.13618043025163 51.172529854584326)","{""type"":""MultiPoint"",""coordinates"":[[-114.1363052,51.1728053],[-114.1362638,51.1727604],[-114.1362215,51.1727245],[-114.1361368,51.1726572],[-114.1360006,51.1725449],[-114.1360521,51.1725853],[-114.1360945,51.1726212],[-114.1361792,51.1726931],[-114.1361389,51.1724957],[-114.1364356,51.1727398],[-114.1362239,51.1725656],[-114.1362637,51.1725984],[-114.1363916,51.1727036],[-114.1363083,51.1726351],[-114.1363518,51.1726709],[-114.1361804,51.1725299]]}",POINT (-114.13630515191034 51.17280528371089),"{""type"":""MultiPoint"",""coordinates"":[[-114.1064745,51.0727279],[-114.1065517,51.0725534],[-114.1065473,51.0725987],[-114.1065616,51.0726508],[-114.1065635,51.0724977],[-114.1065616,51.0726508],[-114.1065473,51.0725987],[-114.1065635,51.0724977],[-114.1065517,51.0725534]]}",POINT (-114.10647450513312 51.07272787554869),a,SAGE HILL GV NW,77
BP2017-08449,Completed,2017-07-06,2017,2017-07-21,2018-05-25,2018,Commercial / Multi Family Project,Building,1606 - Ths Townhouse,Townhouse,Residential,New,New,New,"6-Plex Multi-family Verona -1, Block 17 Townhouse",TRICO HOMES,,TRICO HOMES,6,"$1,215,866",,410 SAGE HILL GV NW,SGH,SAGE HILL,51.1727612,-114.1355623,12,Titled Parcel;Titled Parcel;Titled Parcel;Titled Parcel;Titled Parcel;Titled Parcel;Building;Building;Building;Building;Building;Building,412 SAGE HILL GV NW;414 SAGE HILL GV NW;410 SAGE HILL GV NW;420 SAGE HILL GV NW;418 SAGE HILL GV NW;416 SAGE HILL GV NW;410 SAGE HILL GV NW;414 SAGE HILL GV NW;412 SAGE HILL GV NW;416 SAGE HILL GV NW;420 SAGE HILL GV NW;418 SAGE HILL GV NW,"MULTIPOINT (-114.13556234680476 51.17276119906427,-114.13562360260364 51.17278360192145,-114.1354762101358 51.17273433021881,-114.13582190914266 51.17286877250283,-114.13574512877835 51.172823913912616,-114.13568485957093 51.17280150997496,-114.13542723499489 51.172818223374556,-114.13554468560659 51.172863430601204,-114.13548633249523 51.17284097040427,-114.13560514325923 51.17288669738828,-114.13572504230552 51.17293284549724,-114.13566678922518 51.172910421232636)","{""type"":""MultiPoint"",""coordinates"":[[-114.1355623,51.1727612],[-114.1356236,51.1727836],[-114.1354762,51.1727343],[-114.1358219,51.1728688],[-114.1357451,51.1728239],[-114.1356849,51.1728015],[-114.1354272,51.1728182],[-114.1355447,51.1728634],[-114.1354863,51.172841],[-114.1356051,51.1728867],[-114.135725,51.1729328],[-114.1356668,51.1729104]]}",POINT (-114.13556234680476 51.17276119906427),"{""type"":""MultiPoint"",""coordinates"":[[-114.0741492,50.8754527],[-114.0740548,50.8754303],[-114.0742279,50.8754662],[-114.0743212,50.8754841],[-114.07406,50.8754204],[-114.0742329,50.8754568],[-114.0743266,50.8754767],[-114.0741551,50.8754408]]}",POINT (-114.07414919658517 50.875452743886356),,SAGE HILL GV NW,77
BP2017-14274,Completed,2017-10-24,2017,2017-11-15,2018-07-24,2018,Commercial / Multi Family Project,Building,1706 - Rhs Rowhouse,Unspecified,Residential,New,New,New,New - Part 9 Group C - 5 unit Townhouse,TRICO HOMES,,,5,"$914,594",,310 SAGE HILL GV NW,SGH,SAGE HILL,51.17247822,-114.1353982,10,Titled Parcel;Titled Parcel;Titled Parcel;Titled Parcel;Titled Parcel;Building;Building;Building;Building;Building,308 SAGE HILL GV NW;304 SAGE HILL GV NW;306 SAGE HILL GV NW;302 SAGE HILL GV NW;310 SAGE HILL GV NW;310 SAGE HILL GV NW;302 SAGE HILL GV NW;304 SAGE HILL GV NW;308 SAGE HILL GV NW;306 SAGE HILL GV NW,"MULTIPOINT (-114.13539819676613 51.17247821862115,-114.13540895875002 51.172388310756226,-114.13540357061329 51.172433264697254,-114.13541476157377 51.172343356334615,-114.13539207817274 51.17252766817672,-114.13523400225462 51.17250690537469,-114.13526174438657 51.172335865266504,-114.1352549739054 51.17237760254355,-114.135240562087 51.172466471826745,-114.13524768372866 51.17242255867632)","{""type"":""MultiPoint"",""coordinates"":[[-114.1353982,51.1724782],[-114.135409,51.1723883],[-114.1354036,51.1724333],[-114.1354148,51.1723434],[-114.1353921,51.1725277],[-114.135234,51.1725069],[-114.1352617,51.1723359],[-114.135255,51.1723776],[-114.1352406,51.1724665],[-114.1352477,51.1724226]]}",POINT (-114.13539819676613 51.17247821862115),"{""type"":""MultiPoint"",""coordinates"":[[-113.9623052,51.1289781],[-113.962053,51.1293111],[-113.9621918,51.1293121],[-113.9621649,51.1293116],[-113.9620664,51.1293394],[-113.9620345,51.1293621],[-113.9620087,51.1293556],[-113.962054,51.1293543]]}",POINT (-113.96230519363854 51.12897805158412),a,SAGE HILL GV NW,77
BP2018-09066,Completed,2018-07-11,2018,2018-07-31,2019-10-11,2019,Commercial / Multi Family Project,Building,1606 - Ths Townhouse,Townhouse,Residential,New,New,New,6 PLEX non-stacked bldg (Block 12) at Verona (new),TRICO HOMES,,TRICO HOMES,6,"$1,161,926",,162 SAGE HILL GV NW,SGH,SAGE HILL,51.17192631,-114.1345724,12,Titled Parcel;Titled Parcel;Titled Parcel;Titled Parcel;Titled Parcel;Titled Parcel;Building;Building;Building;Building;Building;Building,162 SAGE HILL GV NW;170 SAGE HILL GV NW;168 SAGE HILL GV NW;164 SAGE HILL GV NW;166 SAGE HILL GV NW;172 SAGE HILL GV NW;166 SAGE HILL GV NW;170 SAGE HILL GV NW;172 SAGE HILL GV NW;164 SAGE HILL GV NW;162 SAGE HILL GV NW;168 SAGE HILL GV NW,"MULTIPOINT (-114.13457236687633 51.171926314663416,-114.13456613920889 51.171742036219676,-114.1345662569446 51.17178248902289,-114.1345665185805 51.1718723841401,-114.13456638776238 51.17182743658166,-114.13456566519865 51.17169708905499,-114.13441606630316 51.171831681648484,-114.1344152350357 51.17174249735868,-114.13441483891675 51.17169969860449,-114.13441648202966 51.17187630525614,-114.1344168747022 51.1719179173935,-114.13441565070819 51.17178710298802)","{""type"":""MultiPoint"",""coordinates"":[[-114.1345724,51.1719263],[-114.1345661,51.171742],[-114.1345663,51.1717825],[-114.1345665,51.1718724],[-114.1345664,51.1718274],[-114.1345657,51.1716971],[-114.1344161,51.1718317],[-114.1344152,51.1717425],[-114.1344148,51.1716997],[-114.1344165,51.1718763],[-114.1344169,51.1719179],[-114.1344157,51.1717871]]}",POINT (-114.13457236687633 51.171926314663416),"{""type"":""MultiPoint"",""coordinates"":[[-114.0623867,50.8655212],[-114.0619318,50.8655214],[-114.0622025,50.8655213],[-114.0620293,50.8655214],[-114.0622891,50.8655212],[-114.0621159,50.8655213]]}",POINT (-114.06238665077679 50.86552117374948),a,SAGE HILL GV NW,77
BP2018-05800,Completed,2018-05-16,2018,2018-05-24,2019-02-19,2019,Commercial / Multi Family Project,Building,1606 - Ths Townhouse,Townhouse,Residential,New,New,New,New - Verona - Part 9 Group C - 6 unit Townhouse,CLEM LAU ARCHITECTS & DESIGNERS,,,6,"$1,044,995",,146 SAGE HILL GV NW,SGH,SAGE HILL,51.17208363,-114.1345728,12,Titled Parcel;Titled Parcel;Titled Parcel;Titled Parcel;Titled Parcel;Titled Parcel;Building;Building;Building;Building;Building;Building,152 SAGE HILL GV NW;148 SAGE HILL GV NW;146 SAGE HILL GV NW;154 SAGE HILL GV NW;150 SAGE HILL GV NW;156 SAGE HILL GV NW;154 SAGE HILL GV NW;146 SAGE HILL GV NW;156 SAGE HILL GV NW;148 SAGE HILL GV NW;152 SAGE HILL GV NW;150 SAGE HILL GV NW,"MULTIPOINT (-114.13457282476317 51.17208363111369,-114.13457307333205 51.17216903147064,-114.13457323032355 51.17222296853754,-114.13457269393794 51.172038683556906,-114.13457295558875 51.17212857867014,-114.13457255003057 51.17198924124404,-114.13441797634212 51.172036155568094,-114.13441963892996 51.17221453312675,-114.13441758016533 51.17199333883704,-114.13441922432054 51.17217029607067,-114.1344184299503 51.17208397041786,-114.13441880555652 51.17212462968195)","{""type"":""MultiPoint"",""coordinates"":[[-114.1345728,51.1720836],[-114.1345731,51.172169],[-114.1345732,51.172223],[-114.1345727,51.1720387],[-114.134573,51.1721286],[-114.1345726,51.1719892],[-114.134418,51.1720362],[-114.1344196,51.1722145],[-114.1344176,51.1719933],[-114.1344192,51.1721703],[-114.1344184,51.172084],[-114.1344188,51.1721246]]}",POINT (-114.13457282476317 51.17208363111369),"{""type"":""MultiPoint"",""coordinates"":[[-114.1347583,51.1721329],[-114.134759,51.1723981],[-114.1347588,51.1723127],[-114.1347589,51.1723576],[-114.1347585,51.1722228],[-114.1347619,51.172452],[-114.1347584,51.1721823],[-114.1347586,51.1722677],[-114.134916,51.1722642],[-114.1349135,51.1721343],[-114.1349169,51.1723098],[-114.1349194,51.1724405],[-114.1349144,51.1721772],[-114.1349152,51.1722228],[-114.1349178,51.1723534],[-114.1349186,51.1723977]]}",POINT (-114.13475825178725 51.172132860155),a,SAGE HILL GV NW,77
BP2017-16454,Completed,2017-12-19,2017,2018-03-01,2018-10-31,2018,Commercial / Multi Family Project,Building,1606 - Ths Townhouse,Townhouse,Residential,New,New,New,"Verona Townhouses Block 7, 8-Plex",TRICO HOMES,,,8,"$1,452,567",,241 SAGE HILL GV NW,SGH,SAGE HILL,51.17213667,-114.1353545,16,Titled Parcel;Titled Parcel;Titled Parcel;Titled Parcel;Titled Parcel;Titled Parcel;Titled Parcel;Titled Parcel;Building;Building;Building;Building;Building;Building;Building;Building,249 SAGE HILL GV NW;245 SAGE HILL GV NW;251 SAGE HILL GV NW;255 SAGE HILL GV NW;253 SAGE HILL GV NW;247 SAGE HILL GV NW;241 SAGE HILL GV NW;243 SAGE HILL GV NW;243 SAGE HILL GV NW;249 SAGE HILL GV NW;241 SAGE HILL GV NW;255 SAGE HILL GV NW;247 SAGE HILL GV NW;253 SAGE HILL GV NW;251 SAGE HILL GV NW;245 SAGE HILL GV NW,"MULTIPOINT (-114.13535446844604 51.17213666665714,-114.13525262559678 51.17207835241969,-114.1354054108486 51.1721680711035,-114.13551634768329 51.17223086944442,-114.13545631155218 51.17219498080515,-114.13530352611266 51.17210526218838,-114.13513681441333 51.17201106468694,-114.13520168339682 51.172046947906175,-114.13530929441494 51.17197519483009,-114.13546166429265 51.17206476110013,-114.13525951683219 51.17194592850518,-114.13561553885565 51.172155215391015,-114.13540955164518 51.17203413113277,-114.13556520224245 51.172125626221444,-114.13551427837288 51.172095687118194,-114.13536026097115 51.17200515195276)","{""type"":""MultiPoint"",""coordinates"":[[-114.1353545,51.1721367],[-114.1352526,51.1720784],[-114.1354054,51.1721681],[-114.1355163,51.1722309],[-114.1354563,51.172195],[-114.1353035,51.1721053],[-114.1351368,51.1720111],[-114.1352017,51.1720469],[-114.1353093,51.1719752],[-114.1354617,51.1720648],[-114.1352595,51.1719459],[-114.1356155,51.1721552],[-114.1354096,51.1720341],[-114.1355652,51.1721256],[-114.1355143,51.1720957],[-114.1353603,51.1720052]]}",POINT (-114.13535446844604 51.17213666665714),"{""type"":""MultiPoint"",""coordinates"":[[-114.1096592,51.1873918],[-114.1095097,51.1874504],[-114.1097439,51.1873648],[-114.1094103,51.1874865],[-114.1095846,51.1874234],[-114.1097282,51.1874728],[-114.1098067,51.1874424],[-114.109656,51.1874992],[-114.1095034,51.1875566],[-114.1095792,51.1875274],[-114.1097896,51.1873891],[-114.109475,51.1875674],[-114.1097165,51.1874189],[-114.1095149,51.1874931],[-114.1096374,51.187444]]}",POINT (-114.10965918092901 51.18739183288556),a,SAGE HILL GV NW,77
BP2017-14278,Completed,2017-10-24,2017,2017-11-22,2018-09-19,2018,Commercial / Multi Family Project,Building,1606 - Ths Townhouse,Townhouse,Residential,New,New,New,"8-Plex Multi-family Verona -1, Block 6, Townhouse",TRICO HOMES,,,8,"$1,452,567",,401 SAGE HILL GV NW,SGH,SAGE HILL,51.17243276,-114.1358388,16,Titled Parcel;Titled Parcel;Titled Parcel;Titled Parcel;Titled Parcel;Titled Parcel;Titled Parcel;Titled Parcel;Building;Building;Building;Building;Building;Building;Building;Building,411 SAGE HILL GV NW;407 SAGE HILL GV NW;405 SAGE HILL GV NW;413 SAGE HILL GV NW;403 SAGE HILL GV NW;415 SAGE HILL GV NW;409 SAGE HILL GV NW;401 SAGE HILL GV NW;403 SAGE HILL GV NW;405 SAGE HILL GV NW;411 SAGE HILL GV NW;401 SAGE HILL GV NW;407 SAGE HILL GV NW;409 SAGE HILL GV NW;415 SAGE HILL GV NW;413 SAGE HILL GV NW,"MULTIPOINT (-114.13583883215992 51.172432760133944,-114.13574238022134 51.17236994529536,-114.13569415435036 51.1723385378459,-114.13588708573792 51.17246866226161,-114.13564592854488 51.17230713037635,-114.13594090207573 51.17250455790566,-114.13579060615787 51.1724013527247,-114.13558603521305 51.1722712416385,-114.13575122570101 51.17224120480245,-114.13580161269348 51.172273256967316,-114.1359511551065 51.17236836343533,-114.13570151216514 51.17220959232211,-114.13584841804557 51.17230302093624,-114.13590214328751 51.17233719071294,-114.13604849124957 51.17243026913009,-114.13600012398602 51.17239950022883)","{""type"":""MultiPoint"",""coordinates"":[[-114.1358388,51.1724328],[-114.1357424,51.1723699],[-114.1356942,51.1723385],[-114.1358871,51.1724687],[-114.1356459,51.1723071],[-114.1359409,51.1725046],[-114.1357906,51.1724014],[-114.135586,51.1722712],[-114.1357512,51.1722412],[-114.1358016,51.1722733],[-114.1359512,51.1723684],[-114.1357015,51.1722096],[-114.1358484,51.172303],[-114.1359021,51.1723372],[-114.1360485,51.1724303],[-114.1360001,51.1723995]]}",POINT (-114.13583883215992 51.172432760133944),"{""type"":""MultiPoint"",""coordinates"":[[-114.0650702,50.8641487],[-114.065197,50.8641381],[-114.0651968,50.8639811],[-114.0651991,50.8640225],[-114.0651981,50.8640996],[-114.0651978,50.8638705],[-114.0651969,50.8640618],[-114.0651978,50.863909],[-114.0651968,50.8639462]]}",POINT (-114.06507020690486 50.8641487316446),a,SAGE HILL GV NW,77
BP2018-09068,Completed,2018-07-11,2018,2018-07-28,2020-04-17,2020,Commercial / Multi Family Project,Building,1606 - Ths Townhouse,Townhouse,Residential,New,New,New,New- Part 9 Group C -  - Verona 1 - 12 unit townhouse,TRICO HOMES,,TRICO HOMES,6,"$1,160,605",,102 SAGE HILL GV NW,SGH,SAGE HILL,51.17263145,-114.135045,12,Titled Parcel;Titled Parcel;Titled Parcel;Titled Parcel;Titled Parcel;Titled Parcel;Building;Building;Building;Building;Building;Building,106 SAGE HILL GV NW;108 SAGE HILL GV NW;104 SAGE HILL GV NW;110 SAGE HILL GV NW;112 SAGE HILL GV NW;102 SAGE HILL GV NW;110 SAGE HILL GV NW;102 SAGE HILL GV NW;104 SAGE HILL GV NW;106 SAGE HILL GV NW;108 SAGE HILL GV NW;112 SAGE HILL GV NW,"MULTIPOINT (-114.13504500529262 51.1726314490332,-114.13497709694435 51.17262253785892,-114.13511292796699 51.17264036015149,-114.13490917432222 51.17261362666169,-114.13483201512291 51.17260023129997,-114.1351996254194 51.17265374430578,-114.13487372622286 51.17270244823516,-114.13514994597536 51.17274144073596,-114.13508120573226 51.17273173950365,-114.13501246551793 51.1727220382309,-114.134939748246 51.17271176617436,-114.1348103079046 51.17269349582969)","{""type"":""MultiPoint"",""coordinates"":[[-114.135045,51.1726314],[-114.1349771,51.1726225],[-114.1351129,51.1726404],[-114.1349092,51.1726136],[-114.134832,51.1726002],[-114.1351996,51.1726537],[-114.1348737,51.1727024],[-114.1351499,51.1727414],[-114.1350812,51.1727317],[-114.1350125,51.172722],[-114.1349397,51.1727118],[-114.1348103,51.1726935]]}",POINT (-114.13504500529262 51.1726314490332),,,,SAGE HILL GV NW,77
BP2018-04141,Completed,2018-04-16,2018,2018-05-08,2020-01-29,2020,Commercial / Multi Family Project,Building,1606 - Ths Townhouse,Townhouse,Residential,New,New,New,New - Part 9 Group C - 8 unit Townhouse,TRICO HOMES,,,8,"$1,453,754",,201 SAGE HILL GV NW,SGH,SAGE HILL,51.1715352,-114.1346288,16,Titled Parcel;Titled Parcel;Titled Parcel;Titled Parcel;Titled Parcel;Titled Parcel;Titled Parcel;Titled Parcel;Building;Building;Building;Building;Building;Building;Building;Building,211 SAGE HILL GV NW;207 SAGE HILL GV NW;205 SAGE HILL GV NW;215 SAGE HILL GV NW;213 SAGE HILL GV NW;201 SAGE HILL GV NW;209 SAGE HILL GV NW;203 SAGE HILL GV NW;215 SAGE HILL GV NW;203 SAGE HILL GV NW;213 SAGE HILL GV NW;211 SAGE HILL GV NW;205 SAGE HILL GV NW;201 SAGE HILL GV NW;209 SAGE HILL GV NW;207 SAGE HILL GV NW,"MULTIPOINT (-114.13462875625873 51.1715352047118,-114.13455589038574 51.1714633722005,-114.13451756283338 51.17142745810595,-114.13471470416215 51.17161601165617,-114.1346660544104 51.17157111995424,-114.13443577557936 51.17135114100479,-114.13459421799767 51.17149928628222,-114.13447927823945 51.17139154394929,-114.13482831101724 51.17156051419481,-114.13459907850519 51.17134162209493,-114.13479036834632 51.17152428511259,-114.13475344386562 51.17148903470522,-114.1346364616468 51.171377321501105,-114.13455855504672 51.17130291479168,-114.13471522880704 51.17145252723615,-114.1346738018164 51.17141297599691)","{""type"":""MultiPoint"",""coordinates"":[[-114.1346288,51.1715352],[-114.1345559,51.1714634],[-114.1345176,51.1714275],[-114.1347147,51.171616],[-114.1346661,51.1715711],[-114.1344358,51.1713511],[-114.1345942,51.1714993],[-114.1344793,51.1713915],[-114.1348283,51.1715605],[-114.1345991,51.1713416],[-114.1347904,51.1715243],[-114.1347534,51.171489],[-114.1346365,51.1713773],[-114.1345586,51.1713029],[-114.1347152,51.1714525],[-114.1346738,51.171413]]}",POINT (-114.13462875625873 51.1715352047118),,,,SAGE HILL GV NW,77
BP2018-04142,Completed,2018-04-16,2018,2018-05-08,2018-12-13,2018,Commercial / Multi Family Project,Building,1606 - Ths Townhouse,Townhouse,Residential,New,New,New,New - Part 9 Group C - 8 unit Townhouse,TRICO HOMES,,,8,"$1,481,400",,133 SAGE HILL GV NW,SGH,SAGE HILL,51.17213286,-114.1347583,16,Titled Parcel;Titled Parcel;Titled Parcel;Titled Parcel;Titled Parcel;Titled Parcel;Titled Parcel;Titled Parcel;Building;Building;Building;Building;Building;Building;Building;Building,147 SAGE HILL GV NW;135 SAGE HILL GV NW;139 SAGE HILL GV NW;137 SAGE HILL GV NW;143 SAGE HILL GV NW;133 SAGE HILL GV NW;145 SAGE HILL GV NW;141 SAGE HILL GV NW;141 SAGE HILL GV NW;147 SAGE HILL GV NW;139 SAGE HILL GV NW;133 SAGE HILL GV NW;145 SAGE HILL GV NW;143 SAGE HILL GV NW;137 SAGE HILL GV NW;135 SAGE HILL GV NW,"MULTIPOINT (-114.13475825178725 51.172132860155,-114.13475902472791 51.172398050728724,-114.13475877581352 51.172312650375794,-114.13475890682095 51.17235759793012,-114.13475851379971 51.1722227552661,-114.13476192752714 51.17245198463054,-114.13475839589393 51.17218230246627,-114.13475864480645 51.17226770282111,-114.13491604821982 51.172264177301194,-114.13491353864924 51.17213433526112,-114.13491692499464 51.172309816190435,-114.1349194369199 51.17244045829296,-114.13491436433506 51.172177169473414,-114.13491524115888 51.17222282634238,-114.13491776716424 51.172353396514325,-114.1349186113554 51.1723976690302)","{""type"":""MultiPoint"",""coordinates"":[[-114.1347583,51.1721329],[-114.134759,51.1723981],[-114.1347588,51.1723127],[-114.1347589,51.1723576],[-114.1347585,51.1722228],[-114.1347619,51.172452],[-114.1347584,51.1721823],[-114.1347586,51.1722677],[-114.134916,51.1722642],[-114.1349135,51.1721343],[-114.1349169,51.1723098],[-114.1349194,51.1724405],[-114.1349144,51.1721772],[-114.1349152,51.1722228],[-114.1349178,51.1723534],[-114.1349186,51.1723977]]}",POINT (-114.13475825178725 51.172132860155),,,,SAGE HILL GV NW,77
BP2018-05804,Completed,2018-05-16,2018,2018-05-24,2018-12-19,2018,Commercial / Multi Family Project,Building,1606 - Ths Townhouse,Townhouse,Residential,New,New,New,New - Verona - Part 9 Group C - 6 unit Townhouse,CLEM LAU ARCHITECTS & DESIGNERS,,,6,"$1,044,995",,130 SAGE HILL GV NW,SGH,SAGE HILL,51.1722814,-114.1345734,12,Titled Parcel;Titled Parcel;Titled Parcel;Titled Parcel;Titled Parcel;Titled Parcel;Building;Building;Building;Building;Building;Building,140 SAGE HILL GV NW;134 SAGE HILL GV NW;136 SAGE HILL GV NW;138 SAGE HILL GV NW;132 SAGE HILL GV NW;130 SAGE HILL GV NW;130 SAGE HILL GV NW;134 SAGE HILL GV NW;132 SAGE HILL GV NW;138 SAGE HILL GV NW;136 SAGE HILL GV NW;140 SAGE HILL GV NW,"MULTIPOINT (-114.13457340039821 51.172281400359445,-114.13457380474604 51.17242523255038,-114.13457367391825 51.172380284996244,-114.13457354309081 51.172335337441744,-114.13457392249133 51.172465685348826,-114.13457407948546 51.17251962241297,-114.13442237940936 51.17250788566882,-114.13442156860927 51.17242083188711,-114.13442198322362 51.17246506894126,-114.13442075574784 51.17233306793271,-114.13442115193106 51.17237588466124,-114.13442034113609 51.172288830877534)","{""type"":""MultiPoint"",""coordinates"":[[-114.1345734,51.1722814],[-114.1345738,51.1724252],[-114.1345737,51.1723803],[-114.1345735,51.1723353],[-114.1345739,51.1724657],[-114.1345741,51.1725196],[-114.1344224,51.1725079],[-114.1344216,51.1724208],[-114.134422,51.1724651],[-114.1344208,51.1723331],[-114.1344212,51.1723759],[-114.1344203,51.1722888]]}",POINT (-114.13457340039821 51.172281400359445),,,,SAGE HILL GV NW,77
BP2019-08833,Completed,2019-07-09,2019,2019-07-17,2019-12-11,2019,Commercial / Multi Family Project,Building,1606 - Ths Townhouse,Townhouse,Residential,New,New,New,4 plex row house,TRUMAN HOMES 1995,,TRUMAN HOMES 1995,4,"$670,000",,1254 CARRINGTON BV NW,CAR,CARRINGTON,51.1791206,-114.0895653,4,Titled Parcel;Titled Parcel;Titled Parcel;Titled Parcel,1266 CARRINGTON BV NW;1262 CARRINGTON BV NW;1258 CARRINGTON BV NW;1254 CARRINGTON BV NW,"MULTIPOINT (-114.08956526774864 51.179120600948,-114.08946675668194 51.17906224438863,-114.0893975512095 51.17902633917696,-114.08928199003233 51.17898147977939)","{""type"":""MultiPoint"",""coordinates"":[[-114.0895653,51.1791206],[-114.0894668,51.1790622],[-114.0893976,51.1790263],[-114.089282,51.1789815]]}",POINT (-114.08956526774864 51.179120600948),"{""type"":""MultiPoint"",""coordinates"":[[-113.9514323,51.1700699],[-113.9524004,51.169274],[-113.9523379,51.169271],[-113.952459,51.1692734],[-113.9522698,51.1692721]]}",POINT (-113.95143225852655 51.170069868811844),a,CARRINGTON BV NW,78
BP2019-09573,Completed,2019-07-22,2019,2019-08-12,2020-01-27,2020,Commercial / Multi Family Project,Building,1508 - Apt Fourplex,Apartment,Residential,New,New,New,4 plex row house,TRUMAN HOMES 1995,,TRUMAN HOMES 1995,4,"$746,958",,1285 CARRINGTON BV NW,CAR,CARRINGTON,51.17936282,-114.0902132,4,Titled Parcel;Titled Parcel;Titled Parcel;Titled Parcel,1293 CARRINGTON BV NW;1297 CARRINGTON BV NW;1289 CARRINGTON BV NW;1285 CARRINGTON BV NW,"MULTIPOINT (-114.09021315146099 51.17936282043001,-114.09024188405087 51.17942123019912,-114.09018771166154 51.179313397642474,-114.09016281216257 51.179254984905214)","{""type"":""MultiPoint"",""coordinates"":[[-114.0902132,51.1793628],[-114.0902419,51.1794212],[-114.0901877,51.1793134],[-114.0901628,51.179255]]}",POINT (-114.09021315146099 51.17936282043001),"{""type"":""MultiPoint"",""coordinates"":[[-114.2000431,51.0332572],[-114.1996303,51.0341981],[-114.199629,51.0343062],[-114.1996288,51.0342484],[-114.1996292,51.0343555]]}",POINT (-114.20004307600422 51.033257152777),a,CARRINGTON BV NW,78
BP2018-16593,Completed,2018-12-21,2018,2019-01-11,2019-08-14,2019,Commercial / Multi Family Project,Building,1606 - Ths Townhouse,Townhouse,Residential,New,New,New,,TRICOR DESIGN GROUP,,,5,"$930,000",,1233 CARRINGTON BV NW,CAR,CARRINGTON,51.17866703,-114.0890354,6,Titled Parcel;Titled Parcel;Titled Parcel;Titled Parcel;Titled Parcel;Building,1225 CARRINGTON BV NW;1217 CARRINGTON BV NW;1221 CARRINGTON BV NW;1233 CARRINGTON BV NW;1229 CARRINGTON BV NW;1233 CARRINGTON BV NW,"MULTIPOINT (-114.0890354184077 51.17866703419596,-114.08885425904495 51.1786536876238,-114.08894910350234 51.17865811032063,-114.0892066926848 51.178693872317346,-114.08912078942137 51.17867595872658,-114.08923151331888 51.17859367408642)","{""type"":""MultiPoint"",""coordinates"":[[-114.0890354,51.178667],[-114.0888543,51.1786537],[-114.0889491,51.1786581],[-114.0892067,51.1786939],[-114.0891208,51.178676],[-114.0892315,51.1785937]]}",POINT (-114.0890354184077 51.17866703419596),"{""type"":""MultiPoint"",""coordinates"":[[-114.06624,51.1839231],[-114.0660846,51.1839915],[-114.0660841,51.1840432],[-114.0660806,51.1839519],[-114.0660854,51.1841246],[-114.0660847,51.1840764]]}",POINT (-114.0662399845312 51.18392305264949),a,CARRINGTON BV NW,78
BP2019-08835,Completed,2019-07-09,2019,2019-07-17,2019-12-02,2019,Commercial / Multi Family Project,Building,1706 - Rhs Rowhouse,Unspecified,Residential,New,New,New,4 plex row house,TRUMAN HOMES 1995,,TRUMAN HOMES 1995,4,"$670,000",,1222 CARRINGTON BV NW,CAR,CARRINGTON,51.17893666,-114.0891127,4,Titled Parcel;Titled Parcel;Titled Parcel;Titled Parcel,1246 CARRINGTON BV NW;1222 CARRINGTON BV NW;1238 CARRINGTON BV NW;1230 CARRINGTON BV NW,"MULTIPOINT (-114.08911271086586 51.17893666119398,-114.08876174288713 51.178900969870575,-114.08898146129548 51.17891428726681,-114.08889524605246 51.17890536327622)","{""type"":""MultiPoint"",""coordinates"":[[-114.0891127,51.1789367],[-114.0887617,51.178901],[-114.0889815,51.1789143],[-114.0888952,51.1789054]]}",POINT (-114.08911271086586 51.17893666119398),"{""type"":""MultiPoint"",""coordinates"":[[-113.9324612,51.1532095],[-113.9320093,51.1534918],[-113.9320066,51.1534353],[-113.9320068,51.1533253],[-113.9320064,51.1535442],[-113.9320067,51.1533806]]}",POINT (-113.93246117296273 51.153209536773105),a,CARRINGTON BV NW,78
BP2018-16594,Completed,2018-12-21,2018,2019-01-10,2019-08-01,2019,Commercial / Multi Family Project,Building,1606 - Ths Townhouse,Townhouse,Residential,New,New,New,,TRICOR DESIGN GROUP,,,4,"$744,000",,1213 CARRINGTON BV NW,CAR,CARRINGTON,51.17865383,-114.0886638,5,Titled Parcel;Titled Parcel;Titled Parcel;Titled Parcel;Building,1209 CARRINGTON BV NW;1213 CARRINGTON BV NW;1205 CARRINGTON BV NW;1201 CARRINGTON BV NW;1213 CARRINGTON BV NW,"MULTIPOINT (-114.08866377221992 51.178653832132426,-114.08875513267047 51.17865376286254,-114.08857493751391 51.17865839418301,-114.08847862860053 51.17865846705447,-114.08874669910593 51.17855929830635)","{""type"":""MultiPoint"",""coordinates"":[[-114.0886638,51.1786538],[-114.0887551,51.1786538],[-114.0885749,51.1786584],[-114.0884786,51.1786585],[-114.0887467,51.1785593]]}",POINT (-114.08866377221992 51.178653832132426),,,,CARRINGTON BV NW,78
BP2019-09569,Completed,2019-07-22,2019,2019-08-16,2019-12-16,2019,Commercial / Multi Family Project,Building,1508 - Apt Fourplex,Apartment,Residential,New,New,New,4 plex row house,TRUMAN HOMES 1995,,TRUMAN HOMES 1995,4,"$746,958",,1257 CARRINGTON BV NW,CAR,CARRINGTON,51.17890915,-114.089816,4,Titled Parcel;Titled Parcel;Titled Parcel;Titled Parcel,1257 CARRINGTON BV NW;1261 CARRINGTON BV NW;1269 CARRINGTON BV NW;1265 CARRINGTON BV NW,"MULTIPOINT (-114.08981595801481 51.178909154868975,-114.08986741249598 51.17895855776163,-114.08998122227545 51.179043870803284,-114.08992242509807 51.17899896836885)","{""type"":""MultiPoint"",""coordinates"":[[-114.089816,51.1789092],[-114.0898674,51.1789586],[-114.0899812,51.1790439],[-114.0899224,51.178999]]}",POINT (-114.08981595801481 51.178909154868975),,,,CARRINGTON BV NW,78
BP2019-08831,Completed,2019-07-09,2019,2019-08-01,2020-05-28,2020,Commercial / Multi Family Project,Building,1606 - Ths Townhouse,Townhouse,Residential,New,New,New,4 plex row house,TRUMAN HOMES 1995,,TRUMAN HOMES 1995,4,"$670,000",,1274 CARRINGTON BV NW,CAR,CARRINGTON,51.17921041,-114.089679,4,Titled Parcel;Titled Parcel;Titled Parcel;Titled Parcel,1274 CARRINGTON BV NW;1298 CARRINGTON BV NW;1282 CARRINGTON BV NW;1290 CARRINGTON BV NW,"MULTIPOINT (-114.08967898597618 51.17921040911505,-114.08982923918602 51.1794215477434,-114.0897463540081 51.17928676844197,-114.08978170467438 51.179336183720736)","{""type"":""MultiPoint"",""coordinates"":[[-114.089679,51.1792104],[-114.0898292,51.1794215],[-114.0897464,51.1792868],[-114.0897817,51.1793362]]}",POINT (-114.08967898597618 51.17921040911505),,,,CARRINGTON BV NW,78
BP2018-15305,Completed,2018-11-21,2018,2019-01-08,2019-05-31,2019,Commercial / Multi Family Project,Building,1606 - Ths Townhouse,Townhouse,Residential,New,New,New,,TRICOR DESIGN GROUP,,TRUMAN HOMES 1995,4,"$744,000",,1249 CARRINGTON BV NW,CAR,CARRINGTON,51.17878351,-114.0895494,5,Titled Parcel;Titled Parcel;Titled Parcel;Titled Parcel;Building,1249 CARRINGTON BV NW;1237 CARRINGTON BV NW;1241 CARRINGTON BV NW;1245 CARRINGTON BV NW;1249 CARRINGTON BV NW,"MULTIPOINT (-114.08954938300549 51.17878350581185,-114.08929089408812 51.17871178714383,-114.08938103954044 51.178734192133014,-114.08946151698352 51.17875660444554,-114.08960699359346 51.178696182374246)","{""type"":""MultiPoint"",""coordinates"":[[-114.0895494,51.1787835],[-114.0892909,51.1787118],[-114.089381,51.1787342],[-114.0894615,51.1787566],[-114.089607,51.1786962]]}",POINT (-114.08954938300549 51.17878350581185),,,,CARRINGTON BV NW,78
BP2019-09578,Completed,2019-07-22,2019,2019-08-16,2019-12-30,2019,Commercial / Multi Family Project,Building,1507 - Apt Triplex,Apartment,Residential,New,New,New,3 plex row house,TRUMAN HOMES 1995,,TRUMAN HOMES 1995,3,"$558,996",,1273 CARRINGTON BV NW,CAR,CARRINGTON,51.17920108,-114.0901247,3,Titled Parcel;Titled Parcel;Titled Parcel,1281 CARRINGTON BV NW;1277 CARRINGTON BV NW;1273 CARRINGTON BV NW,"MULTIPOINT (-114.0901246777885 51.17920107712136,-114.09008228149595 51.17914717260611,-114.09003699074708 51.179097765066295)","{""type"":""MultiPoint"",""coordinates"":[[-114.0901247,51.1792011],[-114.0900823,51.1791472],[-114.090037,51.1790978]]}",POINT (-114.0901246777885 51.17920107712136),,,,CARRINGTON BV NW,78
BP2018-06485,Completed,2018-05-29,2018,2018-07-18,2020-05-12,2020,Commercial / Multi Family Project,Building,1606 - Ths Townhouse,Townhouse,Residential,New,New,New,Part 9 (9.10.15) - Residential 2 Storey Rowhouse,JG DESIGN,,MAGNAT DEVELOPMENTS,4,"$750,000",,1910 48 ST NW,MON,MONTGOMERY,51.07495007,-114.1633837,5,Titled Parcel;Building;Building;Building;Building,4840 BOWNESS RD NW;1910 48 ST NW;4842 BOWNESS RD NW;1918 48 ST NW;1914 48 ST NW,"MULTIPOINT (-114.1633836981166 51.07495006920374,-114.16333330876276 51.075038607192894,-114.16339171750884 51.0750067110469,-114.16321176452978 51.075101507026424,-114.16327205602035 51.07506931165223)","{""type"":""MultiPoint"",""coordinates"":[[-114.1633837,51.0749501],[-114.1633333,51.0750386],[-114.1633917,51.0750067],[-114.1632118,51.0751015],[-114.1632721,51.0750693]]}",POINT (-114.1633836981166 51.07495006920374),"{""type"":""MultiPoint"",""coordinates"":[[-114.1624664,51.073904],[-114.1625802,51.0737593],[-114.1624512,51.0738535],[-114.1626512,51.0737374],[-114.162523,51.0737982]]}",POINT (-114.16246637479715 51.0739040481948),a,48 ST NW,79
BP2022-08620,Completed,2022-05-20,2022,2022-07-26,2023-05-26,2023,Commercial / Multi Family Project,Building,1606 - Ths Townhouse,Townhouse,Residential,New,New,New,new 4 unit townhouse (front/back),K5 DESIGNS,,GILL BROTHERS PLUMBING & HEATING,4,"$1,656,997",,#1 4823 BOWNESS RD NW,MON,MONTGOMERY,51.07443346,-114.1631697,5,Titled Parcel;Building;Building;Building;Building,4823 BOWNESS RD NW;#2 4823 BOWNESS RD NW;#2 4821 BOWNESS RD NW;#1 4823 BOWNESS RD NW;#1 4821 BOWNESS RD NW,"MULTIPOINT (-114.16316967322295 51.07443346069739,-114.16338057852909 51.07431947346717,-114.16332946704699 51.07427970255862,-114.16327741587868 51.07437431988963,-114.16323102246528 51.07433305904911)","{""type"":""MultiPoint"",""coordinates"":[[-114.1631697,51.0744335],[-114.1633806,51.0743195],[-114.1633295,51.0742797],[-114.1632774,51.0743743],[-114.163231,51.0743331]]}",POINT (-114.16316967322295 51.07443346069739),"{""type"":""MultiPoint"",""coordinates"":[[-113.9735731,50.8645819],[-113.9735696,50.864466],[-113.9736101,50.8645269],[-113.973702,50.8642753],[-113.9735455,50.8645069],[-113.9736628,50.8644508],[-113.9737885,50.8641611],[-113.9735966,50.864426],[-113.9737284,50.8642384],[-113.9736494,50.864352],[-113.9737594,50.8642004],[-113.9736729,50.8643134],[-113.9736432,50.8644793],[-113.973827,50.8642254],[-113.9736207,50.864386],[-113.9737198,50.8643752],[-113.9736914,50.8644041],[-113.9737734,50.8643021],[-113.9738628,50.864176]]}",POINT (-113.97357306787708 50.86458191330598),a,4823 BOWNESS RD NW,79
BP2017-08627,Completed,2017-07-10,2017,2017-09-01,2018-11-22,2018,Commercial / Multi Family Project,Building,1606 - Ths Townhouse,Townhouse,Residential,New,New,New,9.10.15. - 4 Unit Row House,TRICOR DESIGN GROUP,,,4,"$803,000",,1881 47 ST NW,MON,MONTGOMERY,51.07390405,-114.1624664,5,Titled Parcel;Building;Building;Building;Building,4803 BOWNESS RD NW;1883 47 ST NW;4801 BOWNESS RD NW;1881 47 ST NW;1885 47 ST NW,"MULTIPOINT (-114.16246637479715 51.0739040481948,-114.16258015297102 51.07375933571292,-114.16245120056443 51.07385352921366,-114.16265122397047 51.073737364922714,-114.16252302544865 51.073798223662834)","{""type"":""MultiPoint"",""coordinates"":[[-114.1624664,51.073904],[-114.1625802,51.0737593],[-114.1624512,51.0738535],[-114.1626512,51.0737374],[-114.162523,51.0737982]]}",POINT (-114.16246637479715 51.0739040481948),,,,47 ST NW,79
BP2017-12835,Completed,2017-09-22,2017,2017-12-28,2018-11-16,2018,Commercial / Multi Family Project,Building,1508 - Apt Fourplex,Apartment,Residential,New,New,New,9.10.15 - 4 units non-stacked townhouses,PIONEER BUILDERS,,,4,"$900,000",,#1 4811 BOWNESS RD NW,MON,MONTGOMERY,51.0741149,-114.1627585,7,Titled Parcel;Building;Building;Building Suite;Building Suite;Building Suite;Building Suite,4811 BOWNESS RD NW;4809 BOWNESS RD NW;4811 BOWNESS RD NW;#1 4811 BOWNESS RD NW;#1 4809 BOWNESS RD NW;#2 4811 BOWNESS RD NW;#2 4809 BOWNESS RD NW,"MULTIPOINT (-114.16275847119618 51.07411489973532,-114.16284083641106 51.07400125417341,-114.16288911030371 51.07403775700183,-114.16279911336217 51.07407891133331,-114.16276173516268 51.07405280336607,-114.1629240018466 51.07403027390261,-114.16285867931542 51.07397446699488)","{""type"":""MultiPoint"",""coordinates"":[[-114.1627585,51.0741149],[-114.1628408,51.0740013],[-114.1628891,51.0740378],[-114.1627991,51.0740789],[-114.1627617,51.0740528],[-114.162924,51.0740303],[-114.1628587,51.0739745]]}",POINT (-114.16275847119618 51.07411489973532),,,,4811 BOWNESS RD NW,79
BP2022-04059,Completed,2022-03-18,2022,2022-05-16,2023-05-19,2023,Commercial / Multi Family Project,Building,1606 - Ths Townhouse,Townhouse,Residential,New,New,New,Part 9 - Row House - Ambleton - Building 2,TRUMAN HOMES 1995,,TRUMAN HOMES 1995,5,"$1,167,492",,#4 90 AMBLESIDE PA NW,ABT,AMBLETON,51.18345672,-114.1165833,6,Titled Parcel;Building;Building;Building;Building;Building,2000 144 AV NW;#5 90 AMBLESIDE PA NW;#2 90 AMBLESIDE PA NW;#4 90 AMBLESIDE PA NW;#3 90 AMBLESIDE PA NW;#1 90 AMBLESIDE PA NW,"MULTIPOINT (-114.11658334324612 51.18345671866443,-114.10998739045728 51.1865222745212,-114.10999040086696 51.18635672972671,-114.10999105768416 51.18647041953752,-114.10999054099226 51.18641560194559,-114.10998629267807 51.186301439065346)","{""type"":""MultiPoint"",""coordinates"":[[-114.1165833,51.1834567],[-114.1099874,51.1865223],[-114.1099904,51.1863567],[-114.1099911,51.1864704],[-114.1099905,51.1864156],[-114.1099863,51.1863014]]}",POINT (-114.11658334324612 51.18345671866443),"{""type"":""MultiPoint"",""coordinates"":[[-113.9325147,51.1532096],[-113.9328159,51.1540053],[-113.9327326,51.15401],[-113.9325549,51.1540099],[-113.9326324,51.1540099]]}",POINT (-113.93251473268153 51.15320956768469),a,90 AMBLESIDE PA NW,80
BP2022-07291,Completed,2022-05-03,2022,2022-06-13,2023-11-07,2023,Commercial / Multi Family Project,Building,1606 - Ths Townhouse,Townhouse,Residential,New,New,New,"Seton West - Building 2: 4 storeys, 64 residential units",LOGEL HOMES,,LOGEL HOMES,64,"$10,680,668",,#2302 200 SETON CI SE,SET,SETON,50.8703796,-113.9558397,66,Titled Parcel;Building;Building Suite;Building Suite;Building Suite;Building Suite;Building Suite;Building Suite;Building Suite;Building Suite;Building Suite;Building Suite;Building Suite;Building Suite;Building Suite;Building Suite;Building Suite;Building Suite;Building Suite;Building Suite;Building Suite;Building Suite;Building Suite;Building Suite;Building Suite;Building Suite;Building Suite;Building Suite;Building Suite;Building Suite;Building Suite;Building Suite;Building Suite;Building Suite;Building Suite;Building Suite;Building Suite;Building Suite;Building Suite;Building Suite;Building Suite;Building Suite;Building Suite;Building Suite;Building Suite;Building Suite;Building Suite;Building Suite;Building Suite;Building Suite;Building Suite;Building Suite;Building Suite;Building Suite;Building Suite;Building Suite;Building Suite;Building Suite;Building Suite;Building Suite;Building Suite;Building Suite;Building Suite;Building Suite;Building Suite;Building Suite,#2000 200 SETON CI SE;#2000 200 SETON CI SE;#2209 200 SETON CI SE;#2402 200 SETON CI SE;#2415 200 SETON CI SE;#2406 200 SETON CI SE;#2416 200 SETON CI SE;#2303 200 SETON CI SE;#2104 200 SETON CI SE;#2103 200 SETON CI SE;#2214 200 SETON CI SE;#2112 200 SETON CI SE;#2312 200 SETON CI SE;#2410 200 SETON CI SE;#2211 200 SETON CI SE;#2113 200 SETON CI SE;#2206 200 SETON CI SE;#2310 200 SETON CI SE;#2215 200 SETON CI SE;#2413 200 SETON CI SE;#2110 200 SETON CI SE;#2305 200 SETON CI SE;#2212 200 SETON CI SE;#2309 200 SETON CI SE;#2307 200 SETON CI SE;#2301 200 SETON CI SE;#2202 200 SETON CI SE;#2308 200 SETON CI SE;#2414 200 SETON CI SE;#2409 200 SETON CI SE;#2207 200 SETON CI SE;#2316 200 SETON CI SE;#2311 200 SETON CI SE;#2401 200 SETON CI SE;#2105 200 SETON CI SE;#2314 200 SETON CI SE;#2302 200 SETON CI SE;#2204 200 SETON CI SE;#2213 200 SETON CI SE;#2408 200 SETON CI SE;#2405 200 SETON CI SE;#2304 200 SETON CI SE;#2412 200 SETON CI SE;#2407 200 SETON CI SE;#2107 200 SETON CI SE;#2111 200 SETON CI SE;#2411 200 SETON CI SE;#2208 200 SETON CI SE;#2403 200 SETON CI SE;#2108 200 SETON CI SE;#2210 200 SETON CI SE;#2306 200 SETON CI SE;#2313 200 SETON CI SE;#2404 200 SETON CI SE;#2315 200 SETON CI SE;#2101 200 SETON CI SE;#2205 200 SETON CI SE;#2102 200 SETON CI SE;#2201 200 SETON CI SE;#2203 200 SETON CI SE;#2115 200 SETON CI SE;#2116 200 SETON CI SE;#2106 200 SETON CI SE;#2216 200 SETON CI SE;#2109 200 SETON CI SE;#2114 200 SETON CI SE,"MULTIPOINT (-113.95583965570069 50.87037960132043,-113.95596933829182 50.87066848113387,-113.95604080902217 50.870675870883915,-113.95622907471463 50.870900493922804,-113.95575048096838 50.87049449575268,-113.95599898606369 50.87079258132368,-113.95568510799684 50.87052946004509,-113.95617376702852 50.87092845904834,-113.95608133733742 50.87086320183906,-113.95617376702852 50.87092845904834,-113.95581887700594 50.87046271502891,-113.95578602691339 50.870615658505145,-113.95578602691339 50.870615658505145,-113.95585836029693 50.87067229593038,-113.95596847421771 50.870620501161696,-113.95589012105451 50.87055939349796,-113.95599898606369 50.87079258132368,-113.95585836029693 50.87067229593038,-113.95575048096838 50.87049449575268,-113.95589012105451 50.87055939349796,-113.95585836029693 50.87067229593038,-113.95614325584373 50.870770034750755,-113.95578602691339 50.870615658505145,-113.95604080902217 50.870675870883915,-113.95609000424533 50.870726754837065,-113.95628440071286 50.87086806973647,-113.95622907471463 50.870900493922804,-113.95592667253327 50.87072957907223,-113.95581887700594 50.87046271502891,-113.95604080902217 50.870675870883915,-113.95609000424533 50.870726754837065,-113.95568510799684 50.87052946004509,-113.95596847421771 50.870620501161696,-113.95628440071286 50.87086806973647,-113.95614325584373 50.870770034750755,-113.95581887700594 50.87046271502891,-113.95622907471463 50.870900493922804,-113.95608133733742 50.87086320183906,-113.95589012105451 50.87055939349796,-113.95592667253327 50.87072957907223,-113.95614325584373 50.870770034750755,-113.95608133733742 50.87086320183906,-113.95578602691339 50.870615658505145,-113.95609000424533 50.870726754837065,-113.95609000424533 50.870726754837065,-113.95596847421771 50.870620501161696,-113.95596847421771 50.870620501161696,-113.95592667253327 50.87072957907223,-113.95617376702852 50.87092845904834,-113.95592667253327 50.87072957907223,-113.95585836029693 50.87067229593038,-113.95599898606369 50.87079258132368,-113.95589012105451 50.87055939349796,-113.95608133733742 50.87086320183906,-113.95575048096838 50.87049449575268,-113.95628440071286 50.87086806973647,-113.95614325584373 50.870770034750755,-113.95622907471463 50.870900493922804,-113.95628440071286 50.87086806973647,-113.95617376702852 50.87092845904834,-113.95575048096838 50.87049449575268,-113.95568510799684 50.87052946004509,-113.95599898606369 50.87079258132368,-113.95568510799684 50.87052946004509,-113.95604080902217 50.870675870883915,-113.95581887700594 50.87046271502891)","{""type"":""MultiPoint"",""coordinates"":[[-113.9558397,50.8703796],[-113.9559693,50.8706685],[-113.9560408,50.8706759],[-113.9562291,50.8709005],[-113.9557505,50.8704945],[-113.955999,50.8707926],[-113.9556851,50.8705295],[-113.9561738,50.8709285],[-113.9560813,50.8708632],[-113.9561738,50.8709285],[-113.9558189,50.8704627],[-113.955786,50.8706157],[-113.955786,50.8706157],[-113.9558584,50.8706723],[-113.9559685,50.8706205],[-113.9558901,50.8705594],[-113.955999,50.8707926],[-113.9558584,50.8706723],[-113.9557505,50.8704945],[-113.9558901,50.8705594],[-113.9558584,50.8706723],[-113.9561433,50.87077],[-113.955786,50.8706157],[-113.9560408,50.8706759],[-113.95609,50.8707268],[-113.9562844,50.8708681],[-113.9562291,50.8709005],[-113.9559267,50.8707296],[-113.9558189,50.8704627],[-113.9560408,50.8706759],[-113.95609,50.8707268],[-113.9556851,50.8705295],[-113.9559685,50.8706205],[-113.9562844,50.8708681],[-113.9561433,50.87077],[-113.9558189,50.8704627],[-113.9562291,50.8709005],[-113.9560813,50.8708632],[-113.9558901,50.8705594],[-113.9559267,50.8707296],[-113.9561433,50.87077],[-113.9560813,50.8708632],[-113.955786,50.8706157],[-113.95609,50.8707268],[-113.95609,50.8707268],[-113.9559685,50.8706205],[-113.9559685,50.8706205],[-113.9559267,50.8707296],[-113.9561738,50.8709285],[-113.9559267,50.8707296],[-113.9558584,50.8706723],[-113.955999,50.8707926],[-113.9558901,50.8705594],[-113.9560813,50.8708632],[-113.9557505,50.8704945],[-113.9562844,50.8708681],[-113.9561433,50.87077],[-113.9562291,50.8709005],[-113.9562844,50.8708681],[-113.9561738,50.8709285],[-113.9557505,50.8704945],[-113.9556851,50.8705295],[-113.955999,50.8707926],[-113.9556851,50.8705295],[-113.9560408,50.8706759],[-113.9558189,50.8704627]]}",POINT (-113.95583965570069 50.87037960132043),"{""type"":""MultiPoint"",""coordinates"":[[-114.0041385,50.9574284],[-114.0039245,50.9573526],[-114.0041821,50.9573517],[-114.0040088,50.9573536],[-114.0040932,50.9573507],[-114.0043568,50.9573526],[-114.0042679,50.9573517]]}",POINT (-114.00413851737105 50.95742843701837),,200 SETON CI SE,81
BP2018-02467,Completed,2018-03-07,2018,2018-03-28,2018-10-29,2018,Commercial / Multi Family Project,Building,1706 - Rhs Rowhouse,Unspecified,Residential,New,New,New,5 unit rowhouse (not stacked),HOMES BY AVI (CANADA),,HOMES BY AVI (CANADA),5,"$774,924",,9021 46 ST NE,SAD,SADDLE RIDGE,51.13431003,-113.9660509,5,Titled Parcel;Titled Parcel;Titled Parcel;Titled Parcel;Titled Parcel,9025 46 ST NE;9021 46 ST NE;9037 46 ST NE;9029 46 ST NE;9033 46 ST NE,"MULTIPOINT (-113.96605086254701 51.13431003103904,-113.96604990522145 51.134251598394265,-113.96604975360358 51.13445835903044,-113.96604982941274 51.134354978713276,-113.96604879298032 51.13440442118356)","{""type"":""MultiPoint"",""coordinates"":[[-113.9660509,51.13431],[-113.9660499,51.1342516],[-113.9660498,51.1344584],[-113.9660498,51.134355],[-113.9660488,51.1344044]]}",POINT (-113.96605086254701 51.13431003103904),"{""type"":""MultiPoint"",""coordinates"":[[-114.1995103,51.0337488],[-114.1994988,51.0346639],[-114.2007004,51.0343483],[-114.2007014,51.0342048],[-114.2006995,51.034146],[-114.2006984,51.0342894]]}",POINT (-114.19951028818622 51.033748778665924),a,46 ST NE,82
BP2018-03121,Completed,2018-03-22,2018,2018-04-03,2018-11-20,2018,Commercial / Multi Family Project,Building,1706 - Rhs Rowhouse,Unspecified,Residential,New,New,New,New - Part 9 Group C - 4 unit Townhouse,HOMES BY AVI (CANADA),,HOMES BY AVI (CANADA),4,"$632,794",,9041 46 ST NE,SAD,SADDLE RIDGE,51.13468759,-113.9660496,5,Titled Parcel;Titled Parcel;Titled Parcel;Titled Parcel;Building,9053 46 ST NE;9049 46 ST NE;9041 46 ST NE;9045 46 ST NE;9041 46 ST NE,"MULTIPOINT (-113.96604958550341 51.134687593640216,-113.96604963164877 51.13462466649334,-113.96604871057636 51.13451679109248,-113.96604966790574 51.1345752237346,-113.96617045296382 51.134527631861395)","{""type"":""MultiPoint"",""coordinates"":[[-113.9660496,51.1346876],[-113.9660496,51.1346247],[-113.9660487,51.1345168],[-113.9660497,51.1345752],[-113.9661705,51.1345276]]}",POINT (-113.96604958550341 51.134687593640216),"{""type"":""MultiPoint"",""coordinates"":[[-114.0224271,50.8569143],[-114.0226072,50.8569052],[-114.0225199,50.8569053],[-114.0212495,50.8564875],[-114.0229524,50.8569052],[-114.0226877,50.8569007],[-114.0228558,50.8569007],[-114.0227682,50.8569007],[-114.0226043,50.8568579],[-114.0228418,50.856855],[-114.022687,50.8568569],[-114.022935,50.8568588],[-114.0225209,50.8568579],[-114.0224186,50.856857],[-114.0227606,50.8568583]]}",POINT (-114.02242711915875 50.85691426503843),a,46 ST NE,82
BP2018-01699,Completed,2018-02-16,2018,2018-03-28,2019-10-08,2019,Commercial / Multi Family Project,Building,1606 - Ths Townhouse,Townhouse,Residential,New,New,New,4 unit row house - not stacked,HOMES BY AVI (CANADA),,,4,"$679,765",,9005 46 ST NE,SAD,SADDLE RIDGE,51.13408979,-113.966051,4,Titled Parcel;Titled Parcel;Titled Parcel;Titled Parcel,9009 46 ST NE;9017 46 ST NE;9013 46 ST NE;9005 46 ST NE,"MULTIPOINT (-113.96605102404682 51.134089786007664,-113.96605094824103 51.13419316632956,-113.96604998762173 51.13413922848022,-113.966053320014 51.134017869912036)","{""type"":""MultiPoint"",""coordinates"":[[-113.966051,51.1340898],[-113.9660509,51.1341932],[-113.96605,51.1341392],[-113.9660533,51.1340179]]}",POINT (-113.96605102404682 51.134089786007664),"{""type"":""MultiPoint"",""coordinates"":[[-113.9365355,51.1534411],[-113.9366243,51.1532164],[-113.9366403,51.1535078],[-113.9365574,51.1535099],[-113.9367912,51.1535093],[-113.9371077,51.1535123],[-113.9367185,51.1535121],[-113.9369443,51.1535115],[-113.9368706,51.1535107],[-113.9370271,51.1535115]]}",POINT (-113.93653548550314 51.153441052150946),a,46 ST NE,82
BP2021-13536,Completed,2021-08-03,2021,2021-09-03,2022-09-14,2022,Commercial / Multi Family Project,Building,1706 - Rhs Rowhouse,Unspecified,Residential,New,New,New,4 unit rowhouse w/ detached garage,,SUNDER CUSTOM HOMES,SUNDER CUSTOM HOMES,4,"$856,201",,2646 21 AV SW,RIC,RICHMOND,51.0348169,-114.1216404,5,Titled Parcel;Building;Building;Building;Building,2640 21 AV SW;2648 21 AV SW;2040 25A ST SW;2644 21 AV SW;2646 21 AV SW,"MULTIPOINT (-114.12164040250013 51.03481690036504,-114.12194672907805 51.034855785445224,-114.12203242399674 51.034858347973646,-114.12176400275959 51.0348554455702,-114.12185473789026 51.03485535100054)","{""type"":""MultiPoint"",""coordinates"":[[-114.1216404,51.0348169],[-114.1219467,51.0348558],[-114.1220324,51.0348583],[-114.121764,51.0348554],[-114.1218547,51.0348554]]}",POINT (-114.12164040250013 51.03481690036504),"{""type"":""MultiPoint"",""coordinates"":[[-114.144201,51.0449047],[-114.1444359,51.0448765],[-114.1443995,51.0448665],[-114.1444128,51.044884],[-114.1443887,51.0448775]]}",POINT (-114.14420096003859 51.044904706287305),a,21 AV SW,83
BP2020-16129,Completed,2020-11-03,2020,2020-11-26,2021-03-15,2021,Commercial / Multi Family Project,Building,1606 - Ths Townhouse,Townhouse,Residential,New,New,New,New 3 Unit Rowhouse (Seton - Building 5),,JAYMAN BUILT,JAYMAN BUILT,3,"$571,772",,3860 202 AV SE,SET,SETON,50.8672391,-113.9485522,3,Titled Parcel;Titled Parcel;Titled Parcel,3860 202 AV SE;3864 202 AV SE;3868 202 AV SE,"MULTIPOINT (-113.94855216423164 50.867239104693844,-113.94846466568522 50.86726603612032,-113.94837716703803 50.86729296748105)","{""type"":""MultiPoint"",""coordinates"":[[-113.9485522,50.8672391],[-113.9484647,50.867266],[-113.9483772,50.867293]]}",POINT (-113.94855216423164 50.867239104693844),"{""type"":""Point"",""coordinates"":[-114.055536,51.0649781]}",POINT (-114.05553597071624 51.06497809464968),a,202 AV SE,84
BP2020-14662,Completed,2020-10-08,2020,2021-02-10,2023-07-12,2023,Commercial / Multi Family Project,Building,1606 - Ths Townhouse,Townhouse,Residential,New,New,New,New 4 Unit Rowhouse (Seton - Building 6),,JAYMAN BUILT,JAYMAN BUILT,4,"$827,981",,3872B 202 AV SE,SET,SETON,50.86732439,-113.9482801,12,Titled Parcel;Titled Parcel;Titled Parcel;Titled Parcel;Building;Building;Building;Building;Building Suite;Building Suite;Building Suite;Building Suite,3872 202 AV SE;3876 202 AV SE;3880 202 AV SE;3884 202 AV SE;3872 202 AV SE;3876 202 AV SE;3880 202 AV SE;3884 202 AV SE;3872B 202 AV SE;3880B 202 AV SE;3884B 202 AV SE;3876B 202 AV SE,"MULTIPOINT (-113.94828008818558 50.86732438953572,-113.94819258932289 50.86735132075775,-113.9481146704917 50.86737376116875,-113.94800714955335 50.86740517835394,-113.94834014643192 50.867394592136804,-113.94824803653525 50.86741595654413,-113.9481709517171 50.8674420832656,-113.94806567852824 50.86747057974974,-113.94837918347433 50.8674481269263,-113.94821336499625 50.86749990784312,-113.94810734668367 50.86752126596758,-113.94829458187124 50.86747567981606)","{""type"":""MultiPoint"",""coordinates"":[[-113.9482801,50.8673244],[-113.9481926,50.8673513],[-113.9481147,50.8673738],[-113.9480071,50.8674052],[-113.9483401,50.8673946],[-113.948248,50.867416],[-113.948171,50.8674421],[-113.9480657,50.8674706],[-113.9483792,50.8674481],[-113.9482134,50.8674999],[-113.9481073,50.8675213],[-113.9482946,50.8674757]]}",POINT (-113.94828008818558 50.86732438953572),"{""type"":""MultiPoint"",""coordinates"":[[-113.943355,50.8765593],[-113.9440227,50.876856],[-113.9440142,50.8768351],[-113.9437317,50.8768334],[-113.9438024,50.8768944],[-113.9441484,50.8767587],[-113.9438501,50.8768864],[-113.9440586,50.876848],[-113.9438048,50.8768732],[-113.9438282,50.8768692],[-113.9440726,50.8767721],[-113.9440348,50.8768316],[-113.9442196,50.8768223],[-113.9440107,50.8768582],[-113.9439358,50.8767971],[-113.9438617,50.8768106],[-113.9442233,50.8767993]]}",POINT (-113.94335500418644 50.87655932977655),a,202 AV SE,84
BP2017-10976,Completed,2017-08-21,2017,2017-09-14,2018-09-12,2018,Commercial / Multi Family Project,Building,1606 - Ths Townhouse,Townhouse,Residential,New,New,New,9.10.15. - 4 Unit Townhouse - Building 3,GRAVITY ARCHITECTURE,,,5,"$883,867",,1381 LEGACY CI SE,LEG,LEGACY,50.85984713,-114.0030834,6,Titled Parcel;Titled Parcel;Titled Parcel;Titled Parcel;Titled Parcel;Building,1369 LEGACY CI SE;1365 LEGACY CI SE;1377 LEGACY CI SE;1373 LEGACY CI SE;1381 LEGACY CI SE;1381 LEGACY CI SE,"MULTIPOINT (-114.00308342497875 50.859847126028924,-114.00301689008022 50.85980667268099,-114.00320258799238 50.85991005295435,-114.00314274366833 50.859878589514004,-114.00328075674734 50.85995500087883,-114.00317942728249 50.860002803614215)","{""type"":""MultiPoint"",""coordinates"":[[-114.0030834,50.8598471],[-114.0030169,50.8598067],[-114.0032026,50.8599101],[-114.0031427,50.8598786],[-114.0032808,50.859955],[-114.0031794,50.8600028]]}",POINT (-114.00308342497875 50.859847126028924),"{""type"":""MultiPoint"",""coordinates"":[[-114.2152038,51.0880495],[-114.21391,51.0882749],[-114.2140882,51.0882727],[-114.2140036,51.0882728],[-114.2139158,51.0882292]]}",POINT (-114.21520376644062 51.08804954183255),a,LEGACY CI SE,85
BP2017-06557,Completed,2017-06-02,2017,2017-06-19,2018-02-13,2018,Commercial / Multi Family Project,Building,1606 - Ths Townhouse,Townhouse,Residential,New,New,New,9.10.15. - 4 Unit Townhouse - Building 2,GRAVITY ARCHITECTURE,,,4,"$726,749",,1403 LEGACY CI SE,LEG,LEGACY,50.86008984,-114.0035705,5,Titled Parcel;Titled Parcel;Titled Parcel;Titled Parcel;Building,1391 LEGACY CI SE;1395 LEGACY CI SE;1403 LEGACY CI SE;1399 LEGACY CI SE;1403 LEGACY CI SE,"MULTIPOINT (-114.00357054679394 50.86008984265795,-114.0036502637644 50.86012580026739,-114.0037857201784 50.86018423107441,-114.00371417080618 50.8601527683076,-114.00370254556603 50.86025433790801)","{""type"":""MultiPoint"",""coordinates"":[[-114.0035705,50.8600898],[-114.0036503,50.8601258],[-114.0037857,50.8601842],[-114.0037142,50.8601528],[-114.0037025,50.8602543]]}",POINT (-114.00357054679394 50.86008984265795),"{""type"":""MultiPoint"",""coordinates"":[[-113.94597,50.8935157],[-113.9461259,50.8935157],[-113.9458872,50.8935156],[-113.946048,50.8935157],[-113.9462039,50.8935158],[-113.9462821,50.8935158],[-113.9463563,50.8934708],[-113.9461996,50.89347],[-113.9458894,50.8934627],[-113.9461229,50.8934707],[-113.9459639,50.8934635],[-113.9460406,50.8934649],[-113.9462764,50.8934708]]}",POINT (-113.94597001606337 50.89351567364603),a,LEGACY CI SE,85
BP2017-12269,Completed,2017-09-14,2017,2017-09-27,2018-10-09,2018,Commercial / Multi Family Project,Building,1606 - Ths Townhouse,Townhouse,Residential,New,New,New,9.10.15. - 5 Unit Townhouse - Building 4,GRAVITY ARCHITECTURE,,,5,"$876,917",,1361 LEGACY CI SE,LEG,LEGACY,50.85961789,-114.0026847,6,Titled Parcel;Titled Parcel;Titled Parcel;Titled Parcel;Titled Parcel;Building,1345 LEGACY CI SE;1349 LEGACY CI SE;1361 LEGACY CI SE;1353 LEGACY CI SE;1357 LEGACY CI SE;1361 LEGACY CI SE,"MULTIPOINT (-114.002684729436 50.85961789038571,-114.00276470112595 50.859662838616565,-114.00294305437092 50.85976621947914,-114.00282100809503 50.85969430233746,-114.00287788358152 50.85973026102671,-114.00284301828998 50.859826230337596)","{""type"":""MultiPoint"",""coordinates"":[[-114.0026847,50.8596179],[-114.0027647,50.8596628],[-114.0029431,50.8597662],[-114.002821,50.8596943],[-114.0028779,50.8597303],[-114.002843,50.8598262]]}",POINT (-114.002684729436 50.85961789038571),"{""type"":""MultiPoint"",""coordinates"":[[-113.9762047,50.8655085],[-113.9759055,50.8654065],[-113.9760595,50.8654927],[-113.9760017,50.8654551],[-113.9759513,50.8654351],[-113.9758484,50.8653708],[-113.9761159,50.8655307]]}",POINT (-113.97620466654206 50.865508450625846),a,LEGACY CI SE,85
BP2017-15634,Completed,2017-11-29,2017,2018-01-04,2018-11-29,2018,Commercial / Multi Family Project,Building,1706 - Rhs Rowhouse,Unspecified,Residential,New,New,New,Unit Rowhouse 9.10.15. and related detached garages 9.10.14.,GRAVITY ARCHITECTURE,,,5,"$884,264",,1305 LEGACY CI SE,LEG,LEGACY,50.85926729,-114.0021924,10,Titled Parcel;Titled Parcel;Titled Parcel;Titled Parcel;Titled Parcel;Building;Building;Building;Building;Building,1321 LEGACY CI SE;1309 LEGACY CI SE;1317 LEGACY CI SE;1305 LEGACY CI SE;1313 LEGACY CI SE;1313 LEGACY CI SE;1317 LEGACY CI SE;1309 LEGACY CI SE;1321 LEGACY CI SE;1305 LEGACY CI SE,"MULTIPOINT (-114.00219242761139 50.85926728989694,-114.0020414057462 50.859150422373204,-114.00213788246138 50.859226835818056,-114.0019890480782 50.85910547317548,-114.00208931727285 50.85918638160651,-114.00198861352756 50.8592411685489,-114.00203430947504 50.859281505981755,-114.00194652537039 50.8591985385826,-114.00208723499837 50.8593142377104,-114.00189962233664 50.85916048459962)","{""type"":""MultiPoint"",""coordinates"":[[-114.0021924,50.8592673],[-114.0020414,50.8591504],[-114.0021379,50.8592268],[-114.001989,50.8591055],[-114.0020893,50.8591864],[-114.0019886,50.8592412],[-114.0020343,50.8592815],[-114.0019465,50.8591985],[-114.0020872,50.8593142],[-114.0018996,50.8591605]]}",POINT (-114.00219242761139 50.85926728989694),"{""type"":""MultiPoint"",""coordinates"":[[-114.0768116,51.1824378],[-114.0768115,51.1823839],[-114.0768112,51.1821861],[-114.0768113,51.1822895],[-114.0768114,51.1823344],[-114.0768113,51.1822445],[-114.0766902,51.1822435],[-114.0766893,51.1823823],[-114.0766887,51.1823384],[-114.0766934,51.1824283],[-114.0766885,51.1821936],[-114.0766886,51.1822906]]}",POINT (-114.07681157707643 51.18243781397646),a,LEGACY CI SE,85
BP2017-06556,Completed,2017-06-02,2017,2017-06-19,2019-04-24,2019,Commercial / Multi Family Project,Building,1606 - Ths Townhouse,Townhouse,Residential,New,New,New,9.10.15. - 5 Unit Townhouse - Building 1,GRAVITY ARCHITECTURE,,,5,"$906,828",,1423 LEGACY CI SE,LEG,LEGACY,50.86033255,-114.0041539,6,Titled Parcel;Titled Parcel;Titled Parcel;Titled Parcel;Titled Parcel;Building,1423 LEGACY CI SE;1419 LEGACY CI SE;1415 LEGACY CI SE;1411 LEGACY CI SE;1407 LEGACY CI SE;1423 LEGACY CI SE,"MULTIPOINT (-114.00415389364933 50.86033255385898,-114.00407004287989 50.86030109174826,-114.00400367808788 50.86027412398793,-114.00393775370517 50.86024715617488,-114.00386505358827 50.86021569353971,-114.00406164230891 50.86039748301877)","{""type"":""MultiPoint"",""coordinates"":[[-114.0041539,50.8603326],[-114.00407,50.8603011],[-114.0040037,50.8602741],[-114.0039378,50.8602472],[-114.0038651,50.8602157],[-114.0040616,50.8603975]]}",POINT (-114.00415389364933 50.86033255385898),"{""type"":""MultiPoint"",""coordinates"":[[-114.0670013,51.184889],[-114.0668553,51.1848803],[-114.066878,51.1848967],[-114.066815,51.1848518],[-114.0666809,51.184757],[-114.0667297,51.1847884],[-114.0667934,51.1848344],[-114.0667093,51.1847716],[-114.0667513,51.1848058]]}",POINT (-114.06700127458481 51.184888992410706),a,LEGACY CI SE,85
BP2018-03634,Completed,2018-04-04,2018,2018-04-27,2019-05-15,2019,Commercial / Multi Family Project,Building,1606 - Ths Townhouse,Townhouse,Residential,New,New,New,Unit Rowhouse 9.10.15. and related detached garages 9.10.14.,GRAVITY ARCHITECTURE,,,4,"$702,911",,1217 LEGACY CI SE,LEG,LEGACY,50.85813007,-114.0008804,8,Titled Parcel;Titled Parcel;Titled Parcel;Titled Parcel;Building;Building;Building;Building,1217 LEGACY CI SE;1225 LEGACY CI SE;1221 LEGACY CI SE;1229 LEGACY CI SE;1225 LEGACY CI SE;1229 LEGACY CI SE;1221 LEGACY CI SE;1217 LEGACY CI SE,"MULTIPOINT (-114.00088036995136 50.85813006951062,-114.0009833198173 50.85821996890687,-114.00093789568103 50.85817951418271,-114.00103380064111 50.85826491857923,-114.00088960485583 50.85826352631399,-114.00093169115449 50.85830348663187,-114.00084330012626 50.858222810849405,-114.00079159809155 50.858182275203326)","{""type"":""MultiPoint"",""coordinates"":[[-114.0008804,50.8581301],[-114.0009833,50.85822],[-114.0009379,50.8581795],[-114.0010338,50.8582649],[-114.0008896,50.8582635],[-114.0009317,50.8583035],[-114.0008433,50.8582228],[-114.0007916,50.8581823]]}",POINT (-114.00088036995136 50.85813006951062),"{""type"":""MultiPoint"",""coordinates"":[[-114.0713828,51.0837894],[-114.0713011,51.0838933],[-114.0713011,51.0838534],[-114.0713041,51.0839896],[-114.0713022,51.0839456],[-114.0713042,51.0840324],[-114.0712499,51.0840441],[-114.0712503,51.0840018],[-114.0712498,51.0839584],[-114.0712492,51.0838689],[-114.0712497,51.0839132]]}",POINT (-114.07138280372034 51.08378940514851),a,LEGACY CI SE,85
BP2018-01154,Completed,2018-02-02,2018,2018-02-26,2018-12-10,2018,Commercial / Multi Family Project,Building,1706 - Rhs Rowhouse,Unspecified,Residential,New,New,New,4 Unit Rowhouses 9.10.15. and related detached garages 9.10.14.,GRAVITY ARCHITECTURE,,STEPPER HOMES,4,"$702,722",,1265 LEGACY CI SE,LEG,LEGACY,50.85866047,-114.001483,8,Titled Parcel;Titled Parcel;Titled Parcel;Titled Parcel;Building;Building;Building;Building,1265 LEGACY CI SE;1261 LEGACY CI SE;1257 LEGACY CI SE;1253 LEGACY CI SE;1257 LEGACY CI SE;1253 LEGACY CI SE;1261 LEGACY CI SE;1265 LEGACY CI SE,"MULTIPOINT (-114.00148297615763 50.85866047467686,-114.00143250867873 50.85861552520166,-114.00138708376953 50.85857507065508,-114.00133661660348 50.85853461614839,-114.00129699035324 50.85861556274633,-114.0012443786671 50.858583208232965,-114.00133156375122 50.8586640815009,-114.00137184689648 50.858703789957275)","{""type"":""MultiPoint"",""coordinates"":[[-114.001483,50.8586605],[-114.0014325,50.8586155],[-114.0013871,50.8585751],[-114.0013366,50.8585346],[-114.001297,50.8586156],[-114.0012444,50.8585832],[-114.0013316,50.8586641],[-114.0013718,50.8587038]]}",POINT (-114.00148297615763 50.85866047467686),"{""type"":""MultiPoint"",""coordinates"":[[-113.9344742,50.8941571],[-113.9346796,50.8940511],[-113.9346795,50.894121]]}",POINT (-113.93447415779895 50.89415706509929),,LEGACY CI SE,85
BP2017-16359,Completed,2017-12-15,2017,2018-01-16,2018-11-29,2018,Commercial / Multi Family Project,Building,1706 - Rhs Rowhouse,Unspecified,Residential,New,New,New,Unit Rowhouse 9.10.15. and related detached garages 9.10.14.,GRAVITY ARCHITECTURE,,,4,"$702,800",,1297 LEGACY CI SE,LEG,LEGACY,50.85893017,-114.0017858,8,Titled Parcel;Titled Parcel;Titled Parcel;Titled Parcel;Building;Building;Building;Building,1289 LEGACY CI SE;1297 LEGACY CI SE;1301 LEGACY CI SE;1293 LEGACY CI SE;1289 LEGACY CI SE;1301 LEGACY CI SE;1293 LEGACY CI SE;1297 LEGACY CI SE,"MULTIPOINT (-114.00178581147658 50.858930171062,-114.00188170532125 50.85901557475095,-114.00193244335254 50.859056029014106,-114.00183627963476 50.85897512038198,-114.00168794836675 50.85897552717231,-114.0018262566355 50.85910187982803,-114.00172283448107 50.85901206210609,-114.00178296156379 50.85906306158929)","{""type"":""MultiPoint"",""coordinates"":[[-114.0017858,50.8589302],[-114.0018817,50.8590156],[-114.0019324,50.859056],[-114.0018363,50.8589751],[-114.0016879,50.8589755],[-114.0018263,50.8591019],[-114.0017228,50.8590121],[-114.001783,50.8590631]]}",POINT (-114.00178581147658 50.858930171062),,,,LEGACY CI SE,85
BP2018-02087,Completed,2018-02-27,2018,2018-03-27,2019-06-13,2019,Commercial / Multi Family Project,Building,1606 - Ths Townhouse,Townhouse,Residential,New,New,New,5 Unit Rowhouse 9.10.15. and related detached garages 9.10.14.,GRAVITY ARCHITECTURE,,STEPPER HOMES,5,"$884,013",,1249 LEGACY CI SE,LEG,LEGACY,50.85835931,-114.0011398,10,Titled Parcel;Titled Parcel;Titled Parcel;Titled Parcel;Titled Parcel;Building;Building;Building;Building;Building,1237 LEGACY CI SE;1241 LEGACY CI SE;1249 LEGACY CI SE;1245 LEGACY CI SE;1233 LEGACY CI SE;1237 LEGACY CI SE;1245 LEGACY CI SE;1233 LEGACY CI SE;1241 LEGACY CI SE;1249 LEGACY CI SE,"MULTIPOINT (-114.00113977659817 50.858359312819324,-114.00118520108377 50.85839976746366,-114.0012810927436 50.85848517165388,-114.00123062564799 50.85844022209004,-114.00108930977426 50.858314363193394,-114.00104143103779 50.85840053298685,-114.0011316265323 50.858477603600754,-114.00099783902583 50.85836343154895,-114.00108652891365 50.85844620188464,-114.00118423833467 50.85852231944484)","{""type"":""MultiPoint"",""coordinates"":[[-114.0011398,50.8583593],[-114.0011852,50.8583998],[-114.0012811,50.8584852],[-114.0012306,50.8584402],[-114.0010893,50.8583144],[-114.0010414,50.8584005],[-114.0011316,50.8584776],[-114.0009978,50.8583634],[-114.0010865,50.8584462],[-114.0011842,50.8585223]]}",POINT (-114.00113977659817 50.858359312819324),,,,LEGACY CI SE,85
BP2017-15633,Completed,2017-11-29,2017,2018-01-02,2018-11-29,2018,Commercial / Multi Family Project,Building,1706 - Rhs Rowhouse,Unspecified,Residential,New,New,New,4 Unit Rowhouse 9.10.15. and related detached garages 9.10.14.,GRAVITY ARCHITECTURE,,,4,"$710,272",,1325 LEGACY CI SE,LEG,LEGACY,50.85935719,-114.0023092,8,Titled Parcel;Titled Parcel;Titled Parcel;Titled Parcel;Building;Building;Building;Building,1329 LEGACY CI SE;1325 LEGACY CI SE;1333 LEGACY CI SE;1337 LEGACY CI SE;1325 LEGACY CI SE;1329 LEGACY CI SE;1337 LEGACY CI SE;1333 LEGACY CI SE,"MULTIPOINT (-114.0023092314155 50.859357187845035,-114.0022531236196 50.859316733851536,-114.00236055232544 50.85939314689822,-114.0024311775309 50.85944708556785,-114.002163001874 50.85937360642303,-114.00220749039939 50.85940632926267,-114.00231612677983 50.85948676086506,-114.00226160983964 50.85944971406249)","{""type"":""MultiPoint"",""coordinates"":[[-114.0023092,50.8593572],[-114.0022531,50.8593167],[-114.0023606,50.8593931],[-114.0024312,50.8594471],[-114.002163,50.8593736],[-114.0022075,50.8594063],[-114.0023161,50.8594868],[-114.0022616,50.8594497]]}",POINT (-114.0023092314155 50.859357187845035),,,,LEGACY CI SE,85
BP2018-00464,Completed,2018-01-16,2018,2018-02-14,2018-11-29,2018,Commercial / Multi Family Project,Building,1606 - Ths Townhouse,Townhouse,Residential,New,New,New,Unit Rowhouse 9.10.15. and related detached garages 9.10.14.,GRAVITY ARCHITECTURE,,STEPPER HOMES,5,"$884,000",,1269 LEGACY CI SE,LEG,LEGACY,50.85888073,-114.0017303,5,Titled Parcel;Titled Parcel;Titled Parcel;Titled Parcel;Titled Parcel,1285 LEGACY CI SE;1281 LEGACY CI SE;1273 LEGACY CI SE;1277 LEGACY CI SE;1269 LEGACY CI SE,"MULTIPOINT (-114.00173028667194 50.858880726784555,-114.00167981871755 50.858835777417994,-114.00158896812187 50.858754868502466,-114.00163439338041 50.85879532296922,-114.00153850043918 50.858709919073824)","{""type"":""MultiPoint"",""coordinates"":[[-114.0017303,50.8588807],[-114.0016798,50.8588358],[-114.001589,50.8587549],[-114.0016344,50.8587953],[-114.0015385,50.8587099]]}",POINT (-114.00173028667194 50.858880726784555),,,,LEGACY CI SE,85
BP2022-13163,Completed,2022-07-31,2022,2022-09-23,2023-07-21,2023,Commercial / Multi Family Project,Building,1606 - Ths Townhouse,Townhouse,Residential,New,New,New,"3 Unit Rowhouse, Developed Basements",INTEGER HOMES,,INTEGER HOMES,3,"$435,798",,822 CENTRE AV NE,BRD,BRIDGELAND/RIVERSIDE,51.052478,-114.044845,4,Titled Parcel;Building;Building;Building,818 CENTRE AV NE;820 CENTRE AV NE;101 7A ST NE;822 CENTRE AV NE,"MULTIPOINT (-114.0448450442697 51.05247799551613,-114.04473284311288 51.05252855175549,-114.04458001431824 51.0525280168222,-114.04465784902656 51.05252947041443)","{""type"":""MultiPoint"",""coordinates"":[[-114.044845,51.052478],[-114.0447328,51.0525286],[-114.04458,51.052528],[-114.0446578,51.0525295]]}",POINT (-114.0448450442697 51.05247799551613),"{""type"":""MultiPoint"",""coordinates"":[[-114.214682,51.0879786],[-114.214375,51.0880107],[-114.2145373,51.0880135],[-114.2144598,51.088016],[-114.214613,51.0880191]]}",POINT (-114.21468198148796 51.08797858365661),a,CENTRE AV NE,86
BP2021-06302,Completed,2021-04-19,2021,2021-06-02,2023-05-19,2023,Commercial / Multi Family Project,Building,1606 - Ths Townhouse,Townhouse,Residential,New,New,New,"Bow 17 Developments - Block 1 Building: 3 storey, 8 residential units,",FORMED ALLIANCE ARCHITECTURE STUDIO,,ONYX HOMES,8,"$1,399,486",,#110 6527 36 AV NW,BOW,BOWNESS,51.08558538,-114.1842037,5,Titled Parcel;Building;Building;Building;Building,6527 36 AV NW;#140 6527 36 AV NW;#120 6527 36 AV NW;#110 6527 36 AV NW;#130 6527 36 AV NW,"MULTIPOINT (-114.18420368106706 51.085585382567295,-114.1841122338369 51.08555331658746,-114.1839154045613 51.08555281730749,-114.1838318194275 51.085552481299246,-114.18403116058856 51.0855529318177)","{""type"":""MultiPoint"",""coordinates"":[[-114.1842037,51.0855854],[-114.1841122,51.0855533],[-114.1839154,51.0855528],[-114.1838318,51.0855525],[-114.1840312,51.0855529]]}",POINT (-114.18420368106706 51.085585382567295),"{""type"":""MultiPoint"",""coordinates"":[[-114.0738813,51.1818329],[-114.0738028,51.181833],[-114.0737039,51.181833],[-114.0739704,51.1818329]]}",POINT (-114.07388125409734 51.181832908269826),a,6527 36 AV NW,87
BP2021-05904,Completed,2021-04-13,2021,2021-05-19,2023-07-19,2023,Commercial / Multi Family Project,Building,1706 - Rhs Rowhouse,Unspecified,Residential,New,New,New,"Bow 17 Developments - Block 3 Building: 3 storey, 10 residential units",FORMED ALLIANCE ARCHITECTURE STUDIO,,ONYX HOMES,10,"$1,712,578",,#310 6527 36 AV NW,BOW,BOWNESS,51.08558538,-114.1842037,6,Titled Parcel;Building;Building;Building;Building;Building,6527 36 AV NW;#320 6527 36 AV NW;#330 6527 36 AV NW;#310 6527 36 AV NW;#350 6527 36 AV NW;#340 6527 36 AV NW,"MULTIPOINT (-114.18420368106706 51.085585382567295,-114.18441838308816 51.085270648026174,-114.18441911305828 51.08520655045517,-114.18441873292943 51.0853227336807,-114.18442006880203 51.08509872672211,-114.18442043613352 51.0851516214218)","{""type"":""MultiPoint"",""coordinates"":[[-114.1842037,51.0855854],[-114.1844184,51.0852706],[-114.1844191,51.0852066],[-114.1844187,51.0853227],[-114.1844201,51.0850987],[-114.1844204,51.0851516]]}",POINT (-114.18420368106706 51.085585382567295),"{""type"":""MultiPoint"",""coordinates"":[[-114.0115663,50.8634246],[-114.0106831,50.8640153],[-114.0110969,50.8640121],[-114.0108883,50.8640185],[-114.0108167,50.8640164],[-114.0109571,50.8640189],[-114.0107536,50.8640132],[-114.0110259,50.8640114]]}",POINT (-114.01156629611489 50.8634246202348),a,6527 36 AV NW,87
BP2021-06301,Completed,2021-04-19,2021,2021-06-02,2023-05-23,2023,Commercial / Multi Family Project,Building,1606 - Ths Townhouse,Townhouse,Residential,New,New,New,"Bow 17 Developments - Block 2 Building: 3 storey, 6 residential units",FORMED ALLIANCE ARCHITECTURE STUDIO,,ONYX HOMES,6,"$1,092,490",,#215 6527 36 AV NW,BOW,BOWNESS,51.08558538,-114.1842037,18,Titled Parcel;Building;Building;Building;Building;Building;Building;Building;Building;Building;Building;Building;Building;Building;Building;Building;Building;Building,6527 36 AV NW;#415 6527 36 AV NW;#125 6527 36 AV NW;#315 6527 36 AV NW;#205 6527 36 AV NW;#215 6527 36 AV NW;#135 6527 36 AV NW;#445 6527 36 AV NW;#105 6527 36 AV NW;#425 6527 36 AV NW;#115 6527 36 AV NW;#435 6527 36 AV NW;#355 6527 36 AV NW;#345 6527 36 AV NW;#325 6527 36 AV NW;#225 6527 36 AV NW;#335 6527 36 AV NW;#455 6527 36 AV NW,"MULTIPOINT (-114.18420368106706 51.085585382567295,-114.18394909130662 51.085305017725,-114.18399936921372 51.08555527422311,-114.18441641299492 51.0853028521678,-114.1842859954982 51.085553276558834,-114.18436699252318 51.085552438675656,-114.18408246050386 51.08555704923786,-114.18394216076156 51.085126637416145,-114.18380260224687 51.08555249127654,-114.1839466124623 51.08525221624445,-114.18388531864609 51.08555331411475,-114.1839423701889 51.08517944246842,-114.18441779999019 51.08508093073371,-114.18441574338007 51.085134449544945,-114.18441451872975 51.0852536186778,-114.18448368653335 51.08555153542488,-114.18441424635381 51.08518511774435,-114.18394139314479 51.085077042557494)","{""type"":""MultiPoint"",""coordinates"":[[-114.1842037,51.0855854],[-114.1839491,51.085305],[-114.1839994,51.0855553],[-114.1844164,51.0853029],[-114.184286,51.0855533],[-114.184367,51.0855524],[-114.1840825,51.085557],[-114.1839422,51.0851266],[-114.1838026,51.0855525],[-114.1839466,51.0852522],[-114.1838853,51.0855533],[-114.1839424,51.0851794],[-114.1844178,51.0850809],[-114.1844157,51.0851344],[-114.1844145,51.0852536],[-114.1844837,51.0855515],[-114.1844142,51.0851851],[-114.1839414,51.085077]]}",POINT (-114.18420368106706 51.085585382567295),"{""type"":""MultiPoint"",""coordinates"":[[-114.1479453,51.079834],[-114.1492235,51.0795496],[-114.149146,51.0794562],[-114.1492237,51.0795495],[-114.1493182,51.0796064],[-114.1492437,51.0796262],[-114.1492237,51.0795495],[-114.149145,51.0794562],[-114.1492237,51.0795495],[-114.1491576,51.0795603],[-114.1492237,51.0795495],[-114.149146,51.0794556],[-114.1491586,51.0795609],[-114.1493192,51.079607]]}",POINT (-114.14794527308224 51.079834047672215),a,6527 36 AV NW,87
BP2019-06488,Completed,2019-05-28,2019,2019-08-09,2023-05-26,2023,Commercial / Multi Family Project,Building,1606 - Ths Townhouse,Townhouse,Residential,New,New,New,New - 17 Unit Townhouse Project - Bow 17,FORMED ALLIANCE ARCHITECTURE STUDIO,,,10,"$1,601,797",,#410 6527 36 AV NW,BOW,BOWNESS,51.08558538,-114.1842037,6,Titled Parcel;Building;Building;Building;Building;Building,6527 36 AV NW;#410 6527 36 AV NW;#450 6527 36 AV NW;#420 6527 36 AV NW;#440 6527 36 AV NW;#430 6527 36 AV NW,"MULTIPOINT (-114.18420368106706 51.085585382567295,-114.18394903383808 51.08532291626828,-114.18394739111653 51.08509586650109,-114.18394825030823 51.085269312039074,-114.18394775020757 51.08514681944403,-114.18394820673912 51.085200747817346)","{""type"":""MultiPoint"",""coordinates"":[[-114.1842037,51.0855854],[-114.183949,51.0853229],[-114.1839474,51.0850959],[-114.1839483,51.0852693],[-114.1839478,51.0851468],[-114.1839482,51.0852007]]}",POINT (-114.18420368106706 51.085585382567295),"{""type"":""MultiPoint"",""coordinates"":[[-114.0115663,50.8634246],[-114.0103977,50.8636675],[-114.0103385,50.8636347],[-114.0103805,50.8637737],[-114.0103303,50.8635882],[-114.0103602,50.8637125]]}",POINT (-114.01156629611489 50.8634246202348),a,6527 36 AV NW,87
BP2018-13540,Completed,2018-10-10,2018,2018-12-06,2019-11-04,2019,Commercial / Multi Family Project,Building,1606 - Ths Townhouse,Townhouse,Residential,New,New,New,Partial Permit - 32-18 Eagle Crest Construction - New Build,JOHN TRINH & ASSOCIATES,,,4,"$740,007",,1101 8 AV NE,REN,RENFREW,51.05950644,-114.0362621,5,Titled Parcel;Building;Building;Building;Building,1107 8 AV NE;1107 8 AV NE;1105 8 AV NE;1101 8 AV NE;1103 8 AV NE,"MULTIPOINT (-114.03626206408359 51.059506436428066,-114.03630904421533 51.059458039222086,-114.03638829727204 51.059452782566076,-114.03654851364816 51.059440362739444,-114.03647812227297 51.0594494193866)","{""type"":""MultiPoint"",""coordinates"":[[-114.0362621,51.0595064],[-114.036309,51.059458],[-114.0363883,51.0594528],[-114.0365485,51.0594404],[-114.0364781,51.0594494]]}",POINT (-114.03626206408359 51.059506436428066),"{""type"":""MultiPoint"",""coordinates"":[[-114.0485763,51.1867095],[-114.0486548,51.1867094],[-114.0484862,51.1867095],[-114.0487448,51.1867094]]}",POINT (-114.0485762731173 51.18670947990972),a,8 AV NE,88
BP2018-10117,Completed,2018-07-31,2018,2018-08-15,2019-04-30,2019,Commercial / Multi Family Project,Building,1706 - Rhs Rowhouse,Unspecified,Residential,New,New,New,New - Savana - Part 9 Group C - 6 Unit Townhouse,HOMES BY AVI (CANADA),,HOMES BY AVI (CANADA),6,"$915,734",,51 SAVANNA PA NE,SAD,SADDLE RIDGE,51.13477786,-113.967333,7,Titled Parcel;Titled Parcel;Titled Parcel;Titled Parcel;Titled Parcel;Titled Parcel;Building,51 SAVANNA PA NE;71 SAVANNA PA NE;63 SAVANNA PA NE;67 SAVANNA PA NE;55 SAVANNA PA NE;59 SAVANNA PA NE;51 SAVANNA PA NE,"MULTIPOINT (-113.96733296998136 51.134777855074546,-113.96733154611093 51.135034058103415,-113.96732834701805 51.13493067688116,-113.96733252403423 51.134984615610904,-113.96733404007232 51.134840782531874,-113.96733541973606 51.13489022568406,-113.96747195554423 51.13479417396574)","{""type"":""MultiPoint"",""coordinates"":[[-113.967333,51.1347779],[-113.9673315,51.1350341],[-113.9673283,51.1349307],[-113.9673325,51.1349846],[-113.967334,51.1348408],[-113.9673354,51.1348902],[-113.967472,51.1347942]]}",POINT (-113.96733296998136 51.134777855074546),"{""type"":""MultiPoint"",""coordinates"":[[-114.0225991,50.8563569],[-114.0225136,50.8563569],[-114.0222588,50.8563659],[-114.0223526,50.8563569],[-114.0224331,50.8563569],[-114.022595,50.8564372],[-114.02235,50.8564429],[-114.0225131,50.8564415],[-114.0224289,50.8564396],[-114.0222711,50.8564425]]}",POINT (-114.02259913542385 50.856356850348995),a,SAVANNA PA NE,89
BP2018-10118,Completed,2018-07-31,2018,2018-08-15,2019-03-22,2019,Commercial / Multi Family Project,Building,1706 - Rhs Rowhouse,Unspecified,Residential,New,New,New,New - Savana - Part 9 Group C - 5 Unit Townhouse,HOMES BY AVI (CANADA),,HOMES BY AVI (CALGARY),5,"$763,771",,75 SAVANNA PA NE,SAD,SADDLE RIDGE,51.13524082,-113.967332,6,Titled Parcel;Titled Parcel;Titled Parcel;Titled Parcel;Titled Parcel;Building,87 SAVANNA PA NE;91 SAVANNA PA NE;83 SAVANNA PA NE;79 SAVANNA PA NE;75 SAVANNA PA NE;75 SAVANNA PA NE,"MULTIPOINT (-113.96733204319452 51.13524081889405,-113.96732715498793 51.13530374468207,-113.9673296030054 51.135195870245305,-113.96733160970317 51.13514642804154,-113.96732988711338 51.135096984795695,-113.96744870540043 51.13510326569207)","{""type"":""MultiPoint"",""coordinates"":[[-113.967332,51.1352408],[-113.9673272,51.1353037],[-113.9673296,51.1351959],[-113.9673316,51.1351464],[-113.9673299,51.135097],[-113.9674487,51.1351033]]}",POINT (-113.96733204319452 51.13524081889405),,,,SAVANNA PA NE,89
BP2022-02812,Completed,2022-02-24,2022,2022-05-19,2023-06-20,2023,Commercial / Multi Family Project,Building,1606 - Ths Townhouse,Townhouse,Residential,New,New,New,"A new 4 unit rowhouse, and 4 car low hazard storage garage.",KEN HOMES,,KEN HOMES,4,"$937,717",,5120 21 ST SW,NGM,NORTH GLENMORE PARK,51.00814516,-114.1117151,5,Titled Parcel;Building;Building;Building;Building,5116 21 ST SW;5120 21 ST SW;5122 21 ST SW;5118 21 ST SW;2144 51 AV SW,"MULTIPOINT (-114.11171509502252 51.00814516438391,-114.11166069182518 51.00802096845228,-114.11165503256461 51.007948803798584,-114.11166238623115 51.008073853787245,-114.11166349674443 51.00788354778869)","{""type"":""MultiPoint"",""coordinates"":[[-114.1117151,51.0081452],[-114.1116607,51.008021],[-114.111655,51.0079488],[-114.1116624,51.0080739],[-114.1116635,51.0078835]]}",POINT (-114.11171509502252 51.00814516438391),"{""type"":""MultiPoint"",""coordinates"":[[-114.0092259,50.8772559],[-114.0092257,50.8773054],[-114.0092254,50.8773548],[-114.0092509,50.8774402],[-114.0092261,50.8771975]]}",POINT (-114.00922585618694 50.87725594830684),a,21 ST SW,90
BP2018-12239,Completed,2018-09-12,2018,2018-10-19,2020-09-15,2020,Commercial / Multi Family Project,Building,1606 - Ths Townhouse,Townhouse,Residential,New,New,New,,MILLENIUM PLUS HOMES RENOVATION,,,4,"$772,375",,2841 36 ST SW,KIL,KILLARNEY/GLENGARRY,51.02871038,-114.1399158,5,Titled Parcel;Building;Building;Building;Building,2839 36 ST SW;3702 28 AV SW;3704 28 AV SW;2841 36 ST SW;3706 28 AV SW,"MULTIPOINT (-114.13991577287679 51.02871038355032,-114.1400410268781 51.02861684786052,-114.14017604544695 51.028617818697676,-114.13998368926448 51.028616440097615,-114.14021003175769 51.02861806559953)","{""type"":""MultiPoint"",""coordinates"":[[-114.1399158,51.0287104],[-114.140041,51.0286168],[-114.140176,51.0286178],[-114.1399837,51.0286164],[-114.14021,51.0286181]]}",POINT (-114.13991577287679 51.02871038355032),"{""type"":""MultiPoint"",""coordinates"":[[-114.0657647,50.8632763],[-114.0661193,50.8633602],[-114.0660413,50.8633608],[-114.0658788,50.8633621],[-114.0659549,50.8633609],[-114.0658046,50.8633627]]}",POINT (-114.06576470666337 50.86327631100642),a,36 ST SW,91
BP2022-11035,Completed,2022-06-23,2022,2022-10-12,2023-11-28,2023,Commercial / Multi Family Project,Building,1606 - Ths Townhouse,Townhouse,Residential,New,New,New,"A new, two storey, 4 unit rowhouse, Part 9, Group C occupancy",YOUR PROPERTY,,YOUR PROPERTY,4,"$797,115",,2707 2 ST NW,MOP,MOUNT PLEASANT,51.07644706,-114.0676397,5,Titled Parcel;Building;Building;Building;Building,2713 2 ST NW;2707 2 ST NW;402 26 AV NW;2709 2 ST NW;2705 2 ST NW,"MULTIPOINT (-114.06763974574925 51.07644706233239,-114.06770837150765 51.07631962078553,-114.06771613114392 51.076209726374564,-114.06770617958882 51.07637242746738,-114.06771621863597 51.07626966954764)","{""type"":""MultiPoint"",""coordinates"":[[-114.0676397,51.0764471],[-114.0677084,51.0763196],[-114.0677161,51.0762097],[-114.0677062,51.0763724],[-114.0677162,51.0762697]]}",POINT (-114.06763974574925 51.07644706233239),"{""type"":""MultiPoint"",""coordinates"":[[-114.0646831,51.0777298],[-114.0647714,51.0777029],[-114.064773,51.0775925],[-114.064774,51.0775261],[-114.0647727,51.0776149],[-114.0647747,51.0774718]]}",POINT (-114.06468307129447 51.0777297656008),a,2 ST NW,92
BP2019-08807,Completed,2019-07-08,2019,2019-10-16,2022-04-04,2022,Commercial / Multi Family Project,Building,1706 - Rhs Rowhouse,Unspecified,Residential,New,New,New,Group C Residential Townhome and Detached Garage,GOLDMARK HOMES,,,5,"$1,308,400",,516 32 ST NW,PKD,PARKDALE,51.05727863,-114.1332092,6,Titled Parcel;Building;Building;Building;Building;Building,522 32 ST NW;518 32 ST NW;512 32 ST NW;514 32 ST NW;510 32 ST NW;516 32 ST NW,"MULTIPOINT (-114.1332091748967 51.05727862702647,-114.13324450125126 51.057186801734105,-114.13336178093284 51.05701702299956,-114.13333256053677 51.05705932599314,-114.13339299007072 51.05697185899816,-114.13330218947314 51.05710330237902)","{""type"":""MultiPoint"",""coordinates"":[[-114.1332092,51.0572786],[-114.1332445,51.0571868],[-114.1333618,51.057017],[-114.1333326,51.0570593],[-114.133393,51.0569719],[-114.1333022,51.0571033]]}",POINT (-114.1332091748967 51.05727862702647),"{""type"":""MultiPoint"",""coordinates"":[[-114.1671457,51.1746935],[-114.1671694,51.1746486],[-114.1671169,51.1747385],[-114.1671931,51.1746081],[-114.167219,51.1745631],[-114.1671061,51.1746899],[-114.1671658,51.1745656],[-114.167126,51.1746458],[-114.1670805,51.1747305],[-114.1671444,51.1746071]]}",POINT (-114.16714572201712 51.1746935443184),a,32 ST NW,93
BP2022-10715,Completed,2022-06-20,2022,2022-07-18,2023-08-30,2023,Commercial / Multi Family Project,Building,1706 - Rhs Rowhouse,Unspecified,Residential,New,New,New,"Group C (Division B, 9.10.15)",PARTNERS DEVELOPMENT GROUP,,PARTNERS DEVELOPMENT GROUP,3,"$448,123",,101 HOMESTEAD BV NE,HSD,HOMESTEAD,51.11476694,-113.9140665,3,Titled Parcel;Titled Parcel;Titled Parcel,101 HOMESTEAD BV NE;109 HOMESTEAD BV NE;105 HOMESTEAD BV NE,"MULTIPOINT (-113.91406648582502 51.11476694199996,-113.91423862866387 51.11476706837081,-113.91414590890018 51.114767000336286)","{""type"":""MultiPoint"",""coordinates"":[[-113.9140665,51.1147669],[-113.9142386,51.1147671],[-113.9141459,51.114767]]}",POINT (-113.91406648582502 51.11476694199996),"{""type"":""MultiPoint"",""coordinates"":[[-113.9354336,51.0431869],[-113.9355541,51.0413127],[-113.9355542,51.0412371],[-113.9355564,51.0412763],[-113.9355551,51.0413586],[-113.9355554,51.0411985]]}",POINT (-113.93543364911616 51.0431868697876),a,HOMESTEAD BV NE,94
BP2021-04130,Completed,2021-03-18,2021,2021-04-28,2021-10-26,2021,Commercial / Multi Family Project,Building,1706 - Rhs Rowhouse,Unspecified,Residential,New,New,New,Part 9 Rowhouse - 3 units,PARTNERS DEVELOPMENT GROUP,,PARTNERS DEVELOPMENT GROUP,3,"$457,108",,18 HOMESTEAD BV NE,HSD,HOMESTEAD,51.11501731,-113.9122556,3,Titled Parcel;Titled Parcel;Titled Parcel,14 HOMESTEAD BV NE;10 HOMESTEAD BV NE;18 HOMESTEAD BV NE,"MULTIPOINT (-113.91225557439854 51.115017306796695,-113.91215095127916 51.11501273343529,-113.91233826853058 51.11501736881492)","{""type"":""MultiPoint"",""coordinates"":[[-113.9122556,51.1150173],[-113.912151,51.1150127],[-113.9123383,51.1150174]]}",POINT (-113.91225557439854 51.115017306796695),"{""type"":""MultiPoint"",""coordinates"":[[-114.1332128,51.1740854],[-114.1332077,51.1741393],[-114.1332179,51.1740359],[-114.1332022,51.1741932],[-114.1332234,51.173982]]}",POINT (-114.13321276785447 51.17408536022648),a,HOMESTEAD BV NE,94
BP2022-16316,Completed,2022-09-23,2022,2022-10-26,2023-10-25,2023,Commercial / Multi Family Project,Building,1706 - Rhs Rowhouse,Unspecified,Residential,New,New,New,"3-Unit Rowhouse (Journey by Partners, Building B)",PARTNERS DEVELOPMENT GROUP,,PARTNERS DEVELOPMENT GROUP,3,"$457,055",,134 HOMESTEAD BV NE,HSD,HOMESTEAD,51.11501912,-113.9147107,6,Titled Parcel;Titled Parcel;Titled Parcel;Building;Building;Building,134 HOMESTEAD BV NE;130 HOMESTEAD BV NE;126 HOMESTEAD BV NE;134 HOMESTEAD BV NE;126 HOMESTEAD BV NE;130 HOMESTEAD BV NE,"MULTIPOINT (-113.91471067618104 51.11501912314886,-113.9146271251066 51.11501906218267,-113.91454477374019 51.11501900203347,-113.91464064982802 51.11508138814577,-113.9146134421339 51.115081368282915,-113.9146255249209 51.11508137710468)","{""type"":""MultiPoint"",""coordinates"":[[-113.9147107,51.1150191],[-113.9146271,51.1150191],[-113.9145448,51.115019],[-113.9146406,51.1150814],[-113.9146134,51.1150814],[-113.9146255,51.1150814]]}",POINT (-113.91471067618104 51.11501912314886),"{""type"":""MultiPoint"",""coordinates"":[[-114.2547148,51.1408068],[-114.2557241,51.1406752],[-114.2557281,51.1406249],[-114.2557073,51.1407677],[-114.2557344,51.1405909],[-114.2557114,51.140716],[-114.2557385,51.1405446]]}",POINT (-114.25471476034885 51.140806772575004),a,HOMESTEAD BV NE,94
BP2022-01650,Completed,2022-02-03,2022,2022-02-23,2023-01-23,2023,Commercial / Multi Family Project,Building,1507 - Apt Triplex,Apartment,Residential,New,New,New,"Group C (Division B, 9.10.15)",PARTNERS DEVELOPMENT GROUP,,,3,"$783,790",,74 HOMESTEAD BV NE,HSD,HOMESTEAD,51.11501821,-113.9134742,3,Titled Parcel;Titled Parcel;Titled Parcel,74 HOMESTEAD BV NE;70 HOMESTEAD BV NE;78 HOMESTEAD BV NE,"MULTIPOINT (-113.91347416315591 51.115018214784875,-113.91339146901986 51.11501815356989,-113.91355684301 51.11501827593083)","{""type"":""MultiPoint"",""coordinates"":[[-113.9134742,51.1150182],[-113.9133915,51.1150182],[-113.9135568,51.1150183]]}",POINT (-113.91347416315591 51.115018214784875),"{""type"":""MultiPoint"",""coordinates"":[[-114.0935569,51.0733188],[-114.0936146,51.0735741],[-114.0937385,51.0735744],[-114.0938019,51.0735739],[-114.0936773,51.0735745],[-114.093925,51.0735733],[-114.0938631,51.0735743],[-114.0935474,51.0735732]]}",POINT (-114.09355694574674 51.073318762116195),a,HOMESTEAD BV NE,94
BP2022-01653,Completed,2022-02-03,2022,2022-02-25,2023-06-02,2023,Commercial / Multi Family Project,Building,1508 - Apt Fourplex,Apartment,Residential,New,New,New,"Group C (Division B, 9.10.15)",PARTNERS DEVELOPMENT GROUP,,,4,"$616,593",,89 HOMESTEAD BV NE,HSD,HOMESTEAD,51.11476682,-113.9138968,4,Titled Parcel;Titled Parcel;Titled Parcel;Titled Parcel,93 HOMESTEAD BV NE;85 HOMESTEAD BV NE;89 HOMESTEAD BV NE;97 HOMESTEAD BV NE,"MULTIPOINT (-113.91389675667193 51.11476681715292,-113.91373572535355 51.114766698475975,-113.91381841904152 51.11476675944731,-113.91397943607832 51.11476687799988)","{""type"":""MultiPoint"",""coordinates"":[[-113.9138968,51.1147668],[-113.9137357,51.1147667],[-113.9138184,51.1147668],[-113.9139794,51.1147669]]}",POINT (-113.91389675667193 51.11476681715292),"{""type"":""MultiPoint"",""coordinates"":[[-113.9517441,51.1694857],[-113.951744,51.1694407],[-113.9517441,51.1695216],[-113.9517441,51.1695621],[-113.9517441,51.1696834],[-113.9517441,51.169598],[-113.9517441,51.1696385],[-113.9518904,51.1694444],[-113.9518873,51.1696377],[-113.9518912,51.1695639],[-113.9518884,51.1695229],[-113.9518873,51.1696787],[-113.9518913,51.1694854],[-113.9518902,51.1696008]]}",POINT (-113.95174407706922 51.16948567771907),a,HOMESTEAD BV NE,94
BP2021-05047,Completed,2021-03-31,2021,2021-04-22,2021-12-01,2021,Commercial / Multi Family Project,Building,1706 - Rhs Rowhouse,Unspecified,Residential,New,New,New,,PARTNERS DEVELOPMENT GROUP,,,3,"$457,008",,17 HOMESTEAD BV NE,HSD,HOMESTEAD,51.11476552,-113.9121462,3,Titled Parcel;Titled Parcel;Titled Parcel,9 HOMESTEAD BV NE;17 HOMESTEAD BV NE;13 HOMESTEAD BV NE,"MULTIPOINT (-113.91214623561339 51.11476551515633,-113.91232566233772 51.11476564981501,-113.91224298293716 51.114765587798814)","{""type"":""MultiPoint"",""coordinates"":[[-113.9121462,51.1147655],[-113.9123257,51.1147656],[-113.912243,51.1147656]]}",POINT (-113.91214623561339 51.11476551515633),"{""type"":""MultiPoint"",""coordinates"":[[-114.0736785,51.1807543],[-114.0738015,51.1809703],[-114.0738041,51.180911],[-114.073804,51.1808592],[-114.0738031,51.181134],[-114.0738029,51.1810254],[-114.0738039,51.1808033],[-114.0738017,51.181078]]}",POINT (-114.07367847894845 51.180754293317186),a,HOMESTEAD BV NE,94
BP2022-10775,Completed,2022-06-20,2022,2022-07-14,2023-09-28,2023,Commercial / Multi Family Project,Building,1606 - Ths Townhouse,Townhouse,Residential,New,New,New,"Group C (Division B, 9.10.15)",PARTNERS DEVELOPMENT GROUP,,PARTNERS DEVELOPMENT GROUP,4,"$593,207",,110 HOMESTEAD BV NE,HSD,HOMESTEAD,51.11501877,-113.9142271,4,Titled Parcel;Titled Parcel;Titled Parcel;Titled Parcel,110 HOMESTEAD BV NE;114 HOMESTEAD BV NE;118 HOMESTEAD BV NE;122 HOMESTEAD BV NE,"MULTIPOINT (-113.91422706542754 51.115018769436794,-113.91430648893474 51.11501882766427,-113.91437830001108 51.11501888026443,-113.9144577235188 51.11501893838919)","{""type"":""MultiPoint"",""coordinates"":[[-113.9142271,51.1150188],[-113.9143065,51.1150188],[-113.9143783,51.1150189],[-113.9144577,51.1150189]]}",POINT (-113.91422706542754 51.115018769436794),"{""type"":""MultiPoint"",""coordinates"":[[-114.2152038,51.0880495],[-114.2155272,51.0888416],[-114.2151391,51.0888081],[-114.215442,51.0888418],[-114.2152807,51.0888398],[-114.2155833,51.0888153],[-114.2153641,51.0888408],[-114.21519,51.0888423]]}",POINT (-114.21520376644062 51.08804954183255),a,HOMESTEAD BV NE,94
BP2021-06600,Completed,2021-04-22,2021,2021-06-01,2022-02-04,2022,Commercial / Multi Family Project,Building,1706 - Rhs Rowhouse,Unspecified,Residential,New,New,New,Part 9 Rowhouse,PARTNERS DEVELOPMENT GROUP,,PARTNERS DEVELOPMENT GROUP,4,"$593,183",,34 HOMESTEAD BV NE,HSD,HOMESTEAD,51.11501743,-113.9124253,4,Titled Parcel;Titled Parcel;Titled Parcel;Titled Parcel,22 HOMESTEAD BV NE;26 HOMESTEAD BV NE;30 HOMESTEAD BV NE;34 HOMESTEAD BV NE,"MULTIPOINT (-113.91242531874416 51.11501743403689,-113.9125047422453 51.115017493488054,-113.91257653903392 51.11501754718394,-113.91265596253557 51.115017606532405)","{""type"":""MultiPoint"",""coordinates"":[[-113.9124253,51.1150174],[-113.9125047,51.1150175],[-113.9125765,51.1150175],[-113.912656,51.1150176]]}",POINT (-113.91242531874416 51.11501743403689),"{""type"":""MultiPoint"",""coordinates"":[[-113.9543573,51.1359601],[-113.9530146,51.1357675],[-113.952993,51.1357861],[-113.9530622,51.1357668],[-113.9532868,51.1357876],[-113.953263,51.1357833],[-113.9531983,51.135769],[-113.9533038,51.1357662],[-113.9533515,51.1357719],[-113.953246,51.1357633]]}",POINT (-113.95435725745374 51.135960137507844),a,HOMESTEAD BV NE,94
BP2021-13299,Completed,2021-07-28,2021,2021-09-10,2022-06-28,2022,Commercial / Multi Family Project,Building,1706 - Rhs Rowhouse,Unspecified,Residential,New,New,New,Rowhouse,PARTNERS DEVELOPMENT GROUP,,PARTNERS DEVELOPMENT GROUP,4,"$616,405",,49 HOMESTEAD BV NE,HSD,HOMESTEAD,51.11476614,-113.9129872,4,Titled Parcel;Titled Parcel;Titled Parcel;Titled Parcel,49 HOMESTEAD BV NE;45 HOMESTEAD BV NE;37 HOMESTEAD BV NE;41 HOMESTEAD BV NE,"MULTIPOINT (-113.91298718324572 51.11476614390395,-113.91290448956066 51.11476608234482,-113.91274345824904 51.1147659623015,-113.91282615193354 51.114766023974504)","{""type"":""MultiPoint"",""coordinates"":[[-113.9129872,51.1147661],[-113.9129045,51.1147661],[-113.9127435,51.114766],[-113.9128262,51.114766]]}",POINT (-113.91298718324572 51.11476614390395),"{""type"":""MultiPoint"",""coordinates"":[[-114.0234873,50.8640476],[-114.0236692,50.8641962]]}",POINT (-114.02348731206524 50.86404763610495),a,HOMESTEAD BV NE,94
BP2020-16862,Completed,2020-11-17,2020,2021-02-03,2021-05-27,2021,Commercial / Multi Family Project,Building,1606 - Ths Townhouse,Townhouse,Residential,New,New,New,Unit Rowhouse 9.10.15 Residential Group,PARTNERS DEVELOPMENT GROUP,,,4,"$664,256",,146 HOMESTEAD BV NE,HSD,HOMESTEAD,51.11501937,-113.9150498,13,Titled Parcel;Titled Parcel;Titled Parcel;Titled Parcel;Titled Parcel;Building;Building;Building;Building;Building Suite;Building Suite;Building Suite;Building Suite,150 HOMESTEAD BV NE;7111 84 ST NE;142 HOMESTEAD BV NE;138 HOMESTEAD BV NE;146 HOMESTEAD BV NE;146 HOMESTEAD BV NE;150 HOMESTEAD BV NE;138 HOMESTEAD BV NE;142 HOMESTEAD BV NE;146R HOMESTEAD BV NE;142R HOMESTEAD BV NE;150R HOMESTEAD BV NE;138R HOMESTEAD BV NE,"MULTIPOINT (-113.91504976500617 51.115019369965076,-113.91213142161415 51.11528690236703,-113.91487713563023 51.11501924443435,-113.91479694088045 51.11501918603253,-113.91495101763238 51.11501929819025,-113.91495115245455 51.11507811741377,-113.91503201857257 51.11507817619763,-113.91480378816598 51.11507801014673,-113.91487331329903 51.115078537227674,-113.91497642089996 51.11512311987817,-113.91485013751677 51.11511502722731,-113.91500420187207 51.11513764034039,-113.91482864602442 51.11513651476262)","{""type"":""MultiPoint"",""coordinates"":[[-113.9150498,51.1150194],[-113.9121314,51.1152869],[-113.9148771,51.1150192],[-113.9147969,51.1150192],[-113.914951,51.1150193],[-113.9149512,51.1150781],[-113.915032,51.1150782],[-113.9148038,51.115078],[-113.9148733,51.1150785],[-113.9149764,51.1151231],[-113.9148501,51.115115],[-113.9150042,51.1151376],[-113.9148286,51.1151365]]}",POINT (-113.91504976500617 51.115019369965076),"{""type"":""MultiPoint"",""coordinates"":[[-113.9331869,50.894498],[-113.9354638,50.8931538],[-113.9354639,50.8930839]]}",POINT (-113.93318689375285 50.8944979542591),,HOMESTEAD BV NE,94
BP2021-07301,Completed,2021-04-30,2021,2021-06-15,2022-02-23,2022,Commercial / Multi Family Project,Building,1706 - Rhs Rowhouse,Unspecified,Residential,New,New,New,"4 -Unit Residential Rowhouse - Building P; located at 21, 25, 29, 33 HOMESTEAD BV NE",PARTNERS DEVELOPMENT GROUP,,PARTNERS DEVELOPMENT GROUP,4,"$651,632",,29 HOMESTEAD BV NE,HSD,HOMESTEAD,51.11476584,-113.9125737,8,Titled Parcel;Titled Parcel;Titled Parcel;Titled Parcel;Building;Building;Building;Building,29 HOMESTEAD BV NE;25 HOMESTEAD BV NE;33 HOMESTEAD BV NE;21 HOMESTEAD BV NE;25 HOMESTEAD BV NE;29 HOMESTEAD BV NE;33 HOMESTEAD BV NE;21 HOMESTEAD BV NE,"MULTIPOINT (-113.91257372910549 51.11476583553422,-113.91249540576163 51.11476577695302,-113.91265642278938 51.11476589732724,-113.91241271207832 51.11476571504614,-113.91249598544488 51.11470083632134,-113.9125755355347 51.114701641958334,-113.91264856221635 51.114700572826195,-113.9124205785877 51.11469928759419)","{""type"":""MultiPoint"",""coordinates"":[[-113.9125737,51.1147658],[-113.9124954,51.1147658],[-113.9126564,51.1147659],[-113.9124127,51.1147657],[-113.912496,51.1147008],[-113.9125755,51.1147016],[-113.9126486,51.1147006],[-113.9124206,51.1146993]]}",POINT (-113.91257372910549 51.11476583553422),"{""type"":""Point"",""coordinates"":[-114.0603255,51.0725585]}",POINT (-114.06032547490109 51.07255853046032),,HOMESTEAD BV NE,94
BP2021-13091,Completed,2021-07-23,2021,2021-09-09,2022-04-25,2022,Commercial / Multi Family Project,Building,1706 - Rhs Rowhouse,Unspecified,Residential,New,New,New,4 Plex Rowhouse,PARTNERS DEVELOPMENT GROUP,,PARTNERS DEVELOPMENT GROUP,4,"$593,201",,50 HOMESTEAD BV NE,HSD,HOMESTEAD,51.11501773,-113.9128224,4,Titled Parcel;Titled Parcel;Titled Parcel;Titled Parcel,42 HOMESTEAD BV NE;38 HOMESTEAD BV NE;50 HOMESTEAD BV NE;46 HOMESTEAD BV NE,"MULTIPOINT (-113.91282243625255 51.11501773075329,-113.91274301275033 51.11501767151789,-113.91297367082711 51.115017843397446,-113.91289424732437 51.115017784264765)","{""type"":""MultiPoint"",""coordinates"":[[-113.9128224,51.1150177],[-113.912743,51.1150177],[-113.9129737,51.1150178],[-113.9128942,51.1150178]]}",POINT (-113.91282243625255 51.11501773075329),,,,HOMESTEAD BV NE,94
BP2022-01652,Completed,2022-02-03,2022,2022-02-23,2023-04-24,2023,Commercial / Multi Family Project,Building,1507 - Apt Triplex,Apartment,Residential,New,New,New,"Group C (Division B, 9.10.15)",PARTNERS DEVELOPMENT GROUP,,,3,"$457,055",,86 HOMESTEAD BV NE,HSD,HOMESTEAD,51.11501846,-113.9138093,3,Titled Parcel;Titled Parcel;Titled Parcel,90 HOMESTEAD BV NE;86 HOMESTEAD BV NE;82 HOMESTEAD BV NE,"MULTIPOINT (-113.91380926722003 51.11501846224968,-113.9137265730828 51.11501840127166,-113.9136438932281 51.11501834024571)","{""type"":""MultiPoint"",""coordinates"":[[-113.9138093,51.1150185],[-113.9137266,51.1150184],[-113.9136439,51.1150183]]}",POINT (-113.91380926722003 51.11501846224968),,,,HOMESTEAD BV NE,94
BP2021-13300,Completed,2021-07-28,2021,2021-09-10,2022-09-02,2022,Commercial / Multi Family Project,Building,1706 - Rhs Rowhouse,Unspecified,Residential,New,New,New,4 Plex Rowhouse,PARTNERS DEVELOPMENT GROUP,,PARTNERS DEVELOPMENT GROUP,4,"$616,405",,66 HOMESTEAD BV NE,HSD,HOMESTEAD,51.11501791,-113.9130607,4,Titled Parcel;Titled Parcel;Titled Parcel;Titled Parcel,54 HOMESTEAD BV NE;58 HOMESTEAD BV NE;66 HOMESTEAD BV NE;62 HOMESTEAD BV NE,"MULTIPOINT (-113.91306070676082 51.11501790813582,-113.91314340089569 51.11501796958469,-113.91330443308493 51.115018089077694,-113.91322173894947 51.11501802774269)","{""type"":""MultiPoint"",""coordinates"":[[-113.9130607,51.1150179],[-113.9131434,51.115018],[-113.9133044,51.1150181],[-113.9132217,51.115018]]}",POINT (-113.91306070676082 51.11501790813582),,,,HOMESTEAD BV NE,94
BP2022-01651,Completed,2022-02-03,2022,2022-02-23,2023-01-05,2023,Commercial / Multi Family Project,Building,1508 - Apt Fourplex,Apartment,Residential,New,New,New,"Group C (Division B, 9.10.15)",PARTNERS DEVELOPMENT GROUP,,,4,"$616,593",,77 HOMESTEAD BV NE,HSD,HOMESTEAD,51.11476657,-113.913566,4,Titled Parcel;Titled Parcel;Titled Parcel;Titled Parcel,77 HOMESTEAD BV NE;69 HOMESTEAD BV NE;81 HOMESTEAD BV NE;73 HOMESTEAD BV NE,"MULTIPOINT (-113.91356599620282 51.11476657314886,-113.91340497916883 51.114766454027034,-113.91364868989021 51.11476663424022,-113.9134876585735 51.11476651522169)","{""type"":""MultiPoint"",""coordinates"":[[-113.913566,51.1147666],[-113.913405,51.1147665],[-113.9136487,51.1147666],[-113.9134877,51.1147665]]}",POINT (-113.91356599620282 51.11476657314886),,,,HOMESTEAD BV NE,94
BP2022-08198,Completed,2022-05-17,2022,2022-07-09,2023-06-29,2023,Commercial / Multi Family Project,Building,1706 - Rhs Rowhouse,Unspecified,Residential,New,New,New,"A new 4 unit rowhouse, Part 9, Group C occupancy",PARTNERS DEVELOPMENT GROUP,,PARTNERS DEVELOPMENT GROUP,4,"$616,572",,94 HOMESTEAD BV NE,HSD,HOMESTEAD,51.11501853,-113.9138963,4,Titled Parcel;Titled Parcel;Titled Parcel;Titled Parcel,94 HOMESTEAD BV NE;102 HOMESTEAD BV NE;98 HOMESTEAD BV NE;106 HOMESTEAD BV NE,"MULTIPOINT (-113.9138963031568 51.11501852636615,-113.91405733535117 51.115018644822385,-113.91397899729462 51.11501858722414,-113.91414002948954 51.115018705566506)","{""type"":""MultiPoint"",""coordinates"":[[-113.9138963,51.1150185],[-113.9140573,51.1150186],[-113.913979,51.1150186],[-113.91414,51.1150187]]}",POINT (-113.9138963031568 51.11501852636615),,,,HOMESTEAD BV NE,94
BP2019-00195,Completed,2019-01-08,2019,2019-02-22,2020-01-29,2020,Commercial / Multi Family Project,Building,1706 - Rhs Rowhouse,Unspecified,Residential,New,New,New,,SARINA DEVELOPMENTS,,,4,"$774,900",,3311 33 ST SW,KIL,KILLARNEY/GLENGARRY,51.02470663,-114.135087,5,Titled Parcel;Building;Building;Building;Building,3305 33 ST SW;3307 33 ST SW;3309 33 ST SW;3404 RICHMOND RD SW;3311 33 ST SW,"MULTIPOINT (-114.135086999642 51.02470662932466,-114.13506660181882 51.02463317052797,-114.13503117687512 51.02458811878315,-114.13501446622524 51.02444428379931,-114.13499665663264 51.02454534039388)","{""type"":""MultiPoint"",""coordinates"":[[-114.135087,51.0247066],[-114.1350666,51.0246332],[-114.1350312,51.0245881],[-114.1350145,51.0244443],[-114.1349967,51.0245453]]}",POINT (-114.135086999642 51.02470662932466),"{""type"":""MultiPoint"",""coordinates"":[[-113.9354336,51.0431869],[-113.9359487,51.041356],[-113.9359424,51.0412337],[-113.9359446,51.0412694],[-113.9359436,51.0411966],[-113.9359468,51.0413101]]}",POINT (-113.93543364911616 51.0431868697876),a,33 ST SW,95
BP2019-12457,Completed,2019-09-11,2019,2019-09-24,2020-08-11,2020,Commercial / Multi Family Project,Building,1606 - Ths Townhouse,Townhouse,Residential,New,New,New,Group C Residential 4 plex,JOHN TRINH & ASSOCIATES,,SHEMSHO CONSTRUCTION,4,"$1,006,087",,#3 3355 SPRUCE DR SW,SPR,SPRUCE CLIFF,51.04545892,-114.1355637,5,Titled Parcel;Building;Building;Building;Building,3355 SPRUCE DR SW;#1 3355 SPRUCE DR SW;#4 3355 SPRUCE DR SW;#2 3355 SPRUCE DR SW;#3 3355 SPRUCE DR SW,"MULTIPOINT (-114.13556366635622 51.04545892261928,-114.13568625288201 51.04548339427256,-114.1359850726221 51.0454776891059,-114.13578698816872 51.04548220750633,-114.13588942638403 51.04547815993698)","{""type"":""MultiPoint"",""coordinates"":[[-114.1355637,51.0454589],[-114.1356863,51.0454834],[-114.1359851,51.0454777],[-114.135787,51.0454822],[-114.1358894,51.0454782]]}",POINT (-114.13556366635622 51.04545892261928),,,,3355 SPRUCE DR SW,96
BP2017-16318,Completed,2017-12-15,2017,2018-03-26,2019-01-30,2019,Commercial / Multi Family Project,Building,1606 - Ths Townhouse,Townhouse,Residential,New,New,New,Nolan Park Townhouses - Bldg. #04 - 5-Plex,CARDEL LIFESTYLES,,CARDEL LIFESTYLES,5,"$973,193",,315 NOLANCREST HT NW,NOL,NOLAN HILL,51.1751407,-114.168765,10,Titled Parcel;Titled Parcel;Titled Parcel;Titled Parcel;Titled Parcel;Building;Building;Building;Building;Building,319 NOLANCREST HT NW;315 NOLANCREST HT NW;313 NOLANCREST HT NW;321 NOLANCREST HT NW;317 NOLANCREST HT NW;315 NOLANCREST HT NW;319 NOLANCREST HT NW;313 NOLANCREST HT NW;317 NOLANCREST HT NW;321 NOLANCREST HT NW,"MULTIPOINT (-114.16876501997228 51.17514069670556,-114.16873320839868 51.17524861706459,-114.16871432798902 51.17530258152968,-114.16878335682904 51.175086733014886,-114.16874628265126 51.175194660970455,-114.16861128621275 51.17524660838068,-114.16863951917561 51.17513767739523,-114.16859284053562 51.1752943334592,-114.16862252335387 51.17519080310283,-114.16865077055724 51.17508187209306)","{""type"":""MultiPoint"",""coordinates"":[[-114.168765,51.1751407],[-114.1687332,51.1752486],[-114.1687143,51.1753026],[-114.1687834,51.1750867],[-114.1687463,51.1751947],[-114.1686113,51.1752466],[-114.1686395,51.1751377],[-114.1685928,51.1752943],[-114.1686225,51.1751908],[-114.1686508,51.1750819]]}",POINT (-114.16876501997228 51.17514069670556),"{""type"":""MultiPoint"",""coordinates"":[[-114.0659819,50.8655237],[-114.0656135,50.8655239],[-114.0657111,50.8655238],[-114.0657977,50.8655238],[-114.0658843,50.8655237]]}",POINT (-114.06598185166399 50.865523691802586),a,NOLANCREST HT NW,97
BP2017-16571,Completed,2017-12-21,2017,2018-03-22,2019-04-05,2019,Commercial / Multi Family Project,Building,1606 - Ths Townhouse,Townhouse,Residential,New,New,New,Nolan Park Townhouse - Bldg. #07,CARDEL LIFESTYLES,,CARDEL LIFESTYLES,8,"$1,721,800",,#1001 355 NOLANCREST HT NW,NOL,NOLAN HILL,51.17487777,-114.1671878,8,Titled Parcel;Titled Parcel;Titled Parcel;Titled Parcel;Titled Parcel;Titled Parcel;Titled Parcel;Titled Parcel,#1005 355 NOLANCREST HT NW;#1003 355 NOLANCREST HT NW;#1009 355 NOLANCREST HT NW;#1013 355 NOLANCREST HT NW;#1011 355 NOLANCREST HT NW;#1007 355 NOLANCREST HT NW;#1015 355 NOLANCREST HT NW;#1001 355 NOLANCREST HT NW,"MULTIPOINT (-114.1671877887491 51.17487776978456,-114.16715151703309 51.17483287391147,-114.16726027518993 51.17496756157753,-114.16733373633065 51.175061846700146,-114.16729683509658 51.175016951773756,-114.16722403193428 51.174922665686864,-114.16737009618008 51.17511123715889,-114.16711299823919 51.17478348646645)","{""type"":""MultiPoint"",""coordinates"":[[-114.1671878,51.1748778],[-114.1671515,51.1748329],[-114.1672603,51.1749676],[-114.1673337,51.1750618],[-114.1672968,51.175017],[-114.167224,51.1749227],[-114.1673701,51.1751112],[-114.167113,51.1747835]]}",POINT (-114.1671877887491 51.17487776978456),"{""type"":""MultiPoint"",""coordinates"":[[-114.0229384,50.8646995],[-114.0246818,50.86392]]}",POINT (-114.02293844973785 50.86469952115577),a,355 NOLANCREST HT NW,97
BP2017-03721,Completed,2017-04-13,2017,2017-04-25,2018-01-19,2018,Commercial / Multi Family Project,Building,1606 - Ths Townhouse,Townhouse,Residential,New,New,New,,NORR ARCHITECT PLANNERS,,,5,"$1,014,166",,#1501 355 NOLANCREST HT NW,NOL,NOLAN HILL,51.1751415,-114.1682072,6,Titled Parcel;Titled Parcel;Titled Parcel;Titled Parcel;Titled Parcel;Building,#1507 355 NOLANCREST HT NW;#1509 355 NOLANCREST HT NW;#1501 355 NOLANCREST HT NW;#1503 355 NOLANCREST HT NW;#1505 355 NOLANCREST HT NW;#1501 355 NOLANCREST HT NW,"MULTIPOINT (-114.16820724762619 51.175141499954655,-114.16829312572314 51.17514587122446,-114.16796158924919 51.17514185288429,-114.16804606381216 51.17514173158054,-114.16812666286981 51.17514161578508,-114.16795137504485 51.17524326056426)","{""type"":""MultiPoint"",""coordinates"":[[-114.1682072,51.1751415],[-114.1682931,51.1751459],[-114.1679616,51.1751419],[-114.1680461,51.1751417],[-114.1681267,51.1751416],[-114.1679514,51.1752433]]}",POINT (-114.16820724762619 51.175141499954655),"{""type"":""MultiPoint"",""coordinates"":[[-113.9655156,51.1328086],[-113.9655511,51.1329435],[-113.9655511,51.132885],[-113.9654081,51.1328277]]}",POINT (-113.96551560176573 51.13280861190987),,355 NOLANCREST HT NW,97
BP2017-10984,Completed,2017-08-21,2017,2017-08-25,2018-09-21,2018,Commercial / Multi Family Project,Building,1606 - Ths Townhouse,Townhouse,Residential,New,New,New,"Nolan Park Multifamily Building #6: 3 storey, 6 row townhouse",NORR ARCHITECTS ENGINEERS PLANNERS,,,6,"$1,284,600",,#1101 355 NOLANCREST HT NW,NOL,NOLAN HILL,51.17513349,-114.1675256,12,Titled Parcel;Titled Parcel;Titled Parcel;Titled Parcel;Titled Parcel;Titled Parcel;Building;Building;Building;Building;Building;Building,#1103 355 NOLANCREST HT NW;#1105 355 NOLANCREST HT NW;#1109 355 NOLANCREST HT NW;#1111 355 NOLANCREST HT NW;#1107 355 NOLANCREST HT NW;#1101 355 NOLANCREST HT NW;#1111 355 NOLANCREST HT NW;#1105 355 NOLANCREST HT NW;#1103 355 NOLANCREST HT NW;#1109 355 NOLANCREST HT NW;#1107 355 NOLANCREST HT NW;#1101 355 NOLANCREST HT NW,"MULTIPOINT (-114.16752564103389 51.175133488387814,-114.16760624007934 51.17513337295088,-114.1677674401792 51.1751376366774,-114.16785205774283 51.17513751530866,-114.16768685542773 51.17513775220489,-114.1674384779421 51.17513361316352,-114.16783730533625 51.17524553680092,-114.16760131373447 51.175245875105865,-114.16751965115292 51.17524458969397,-114.16775566213869 51.1752456538941,-114.16768183126587 51.1752429460079,-114.16743912849634 51.17524610732997)","{""type"":""MultiPoint"",""coordinates"":[[-114.1675256,51.1751335],[-114.1676062,51.1751334],[-114.1677674,51.1751376],[-114.1678521,51.1751375],[-114.1676869,51.1751378],[-114.1674385,51.1751336],[-114.1678373,51.1752455],[-114.1676013,51.1752459],[-114.1675197,51.1752446],[-114.1677557,51.1752457],[-114.1676818,51.1752429],[-114.1674391,51.1752461]]}",POINT (-114.16752564103389 51.175133488387814),,,,355 NOLANCREST HT NW,97
BP2017-16327,Completed,2017-12-15,2017,2018-01-03,2019-05-24,2019,Commercial / Multi Family Project,Building,1606 - Ths Townhouse,Townhouse,Residential,New,New,New,New - Nolan Park - Part 9 Group C - 5 Unit Townhouse,CARDEL LIFESTYLES,,CARDEL LIFESTYLES,5,"$853,071",,#801 355 NOLANCREST HT NW,NOL,NOLAN HILL,51.17469354,-114.1671457,10,Titled Parcel;Titled Parcel;Titled Parcel;Titled Parcel;Titled Parcel;Building;Building;Building;Building;Building,#807 355 NOLANCREST HT NW;#805 355 NOLANCREST HT NW;#809 355 NOLANCREST HT NW;#803 355 NOLANCREST HT NW;#801 355 NOLANCREST HT NW;#807 355 NOLANCREST HT NW;#801 355 NOLANCREST HT NW;#805 355 NOLANCREST HT NW;#809 355 NOLANCREST HT NW;#803 355 NOLANCREST HT NW,"MULTIPOINT (-114.16714572201712 51.1746935443184,-114.16716938431661 51.17464856280943,-114.16711689714373 51.174738533196596,-114.16719313432829 51.17460807594013,-114.16721899882694 51.17456309127331,-114.16710608171608 51.174689924221845,-114.16716575244908 51.17456564847822,-114.16712595747991 51.174645802136254,-114.1670804583663 51.174730458695855,-114.1671444369481 51.17460707576598)","{""type"":""MultiPoint"",""coordinates"":[[-114.1671457,51.1746935],[-114.1671694,51.1746486],[-114.1671169,51.1747385],[-114.1671931,51.1746081],[-114.167219,51.1745631],[-114.1671061,51.1746899],[-114.1671658,51.1745656],[-114.167126,51.1746458],[-114.1670805,51.1747305],[-114.1671444,51.1746071]]}",POINT (-114.16714572201712 51.1746935443184),,,,355 NOLANCREST HT NW,97
BP2019-12476,Completed,2019-09-11,2019,2020-01-31,2020-12-31,2020,Commercial / Multi Family Project,Building,1706 - Rhs Rowhouse,Unspecified,Residential,New,New,New,Unit Rowhouse & Detached Garage 9.10.15 Residential Group C,,0,,4,"$800,000",,2787 19 AV SW,KIL,KILLARNEY/GLENGARRY,51.03611197,-114.1264281,4,Building;Building;Building;Building,2002 27 ST SW;2789 19 AV SW;2787 19 AV SW;2785 19 AV SW,"MULTIPOINT (-114.12642807518182 51.03611197108021,-114.12634131428413 51.03611158844658,-114.12625604788255 51.03611025122045,-114.12616777564703 51.03610987009069)","{""type"":""MultiPoint"",""coordinates"":[[-114.1264281,51.036112],[-114.1263413,51.0361116],[-114.126256,51.0361103],[-114.1261678,51.0361099]]}",POINT (-114.12642807518182 51.03611197108021),"{""type"":""MultiPoint"",""coordinates"":[[-114.0664588,50.8655234],[-114.0662746,50.8655235],[-114.0663612,50.8655235],[-114.066188,50.8655236],[-114.0660904,50.8655236],[-114.0661019,50.8655934]]}",POINT (-114.06645875712316 50.86552342123977),a,19 AV SW,98
BP2017-09485,Completed,2017-07-25,2017,2017-09-18,2018-06-05,2018,Commercial / Multi Family Project,Building,1606 - Ths Townhouse,Townhouse,Residential,New,New,New,3 Unit Townhouse - Group C Part 9,MILLENIUM PLUS HOMES RENOVATION,,,3,"$593,421",,2786 19 AV SW,KIL,KILLARNEY/GLENGARRY,51.036363,-114.1260132,4,Titled Parcel;Building;Building;Building,2780 19 AV SW;2790 19 AV SW;2786 19 AV SW;2788 19 AV SW,"MULTIPOINT (-114.12601317845653 51.03636299947799,-114.12641837361535 51.036397918575496,-114.12614939387664 51.03639749902707,-114.12622861732548 51.036399553048334)","{""type"":""MultiPoint"",""coordinates"":[[-114.1260132,51.036363],[-114.1264184,51.0363979],[-114.1261494,51.0363975],[-114.1262286,51.0363996]]}",POINT (-114.12601317845653 51.03636299947799),"{""type"":""MultiPoint"",""coordinates"":[[-114.0971193,51.057503],[-114.0972503,51.0574573],[-114.097281,51.057457],[-114.0972706,51.057457],[-114.0972598,51.0574576]]}",POINT (-114.097119338002 51.05750296799492),,19 AV SW,98
BP2022-13456,Completed,2022-08-05,2022,2023-03-29,2023-11-21,2023,Commercial / Multi Family Project,Building,1606 - Ths Townhouse,Townhouse,Residential,New,New,New,Part 9.10.15. - Row House - RK22 Phase 2 BLDG B,FORMED ALLIANCE ARCHITECTURE STUDIO,,KALAMOIR,4,"$697,842",,#6B 2015 22 ST SW,RIC,RICHMOND,51.03547649,-114.1138641,9,Titled Parcel;Building;Building;Building;Building;Building Suite;Building Suite;Building Suite;Building Suite,2015A 22 ST SW;#6 2015 22 ST SW;#8 2015 22 ST SW;#9 2015 22 ST SW;#7 2015 22 ST SW;#7B 2015 22 ST SW;#6B 2015 22 ST SW;#8B 2015 22 ST SW;#9B 2015 22 ST SW,"MULTIPOINT (-114.1138641330695 51.03547649230485,-114.11391560994072 51.0353801798859,-114.11391691074942 51.035521110945915,-114.113917085692 51.03559246242856,-114.11391768554742 51.035453318478105,-114.11388251153075 51.035418391615906,-114.11387851377069 51.0354044793766,-114.11388339317013 51.03554540694935,-114.11388739530689 51.03556109915459)","{""type"":""MultiPoint"",""coordinates"":[[-114.1138641,51.0354765],[-114.1139156,51.0353802],[-114.1139169,51.0355211],[-114.1139171,51.0355925],[-114.1139177,51.0354533],[-114.1138825,51.0354184],[-114.1138785,51.0354045],[-114.1138834,51.0355454],[-114.1138874,51.0355611]]}",POINT (-114.1138641330695 51.03547649230485),"{""type"":""MultiPoint"",""coordinates"":[[-114.0800868,51.1843189],[-114.0801907,51.1843999],[-114.0801889,51.1844475],[-114.0801987,51.1846104],[-114.080191,51.1845557],[-114.080189,51.1844974]]}",POINT (-114.0800868086966 51.18431892252621),a,2015 22 ST SW,99
BP2021-21361,Completed,2021-12-17,2021,2023-02-06,2023-08-31,2023,Commercial / Multi Family Project,Building,1706 - Rhs Rowhouse,Unspecified,Residential,New,New,New,Part 9 Rowhouse,FORMED ALLIANCE ARCHITECTURE STUDIO,,KALAMOIR,2,"$345,496",,#1B 2015 22 ST SW,RIC,RICHMOND,51.03524516,-114.1138572,5,Titled Parcel;Building;Building;Building Suite;Building Suite,2015 22 ST SW;#1 2015 22 ST SW;#2 2015 22 ST SW;#1B 2015 22 ST SW;#2B 2015 22 ST SW,"MULTIPOINT (-114.11385724996954 51.03524515675245,-114.11390963236967 51.03527986008784,-114.11390717063479 51.035200420053854,-114.11387234011013 51.03524738948828,-114.11387174109443 51.035235676425835)","{""type"":""MultiPoint"",""coordinates"":[[-114.1138572,51.0352452],[-114.1139096,51.0352799],[-114.1139072,51.0352004],[-114.1138723,51.0352474],[-114.1138717,51.0352357]]}",POINT (-114.11385724996954 51.03524515675245),"{""type"":""MultiPoint"",""coordinates"":[[-114.0591071,50.8622146],[-114.0591077,50.8622775],[-114.0591072,50.8623899],[-114.059107,50.8624438],[-114.0591068,50.8625067],[-114.0591074,50.8623359]]}",POINT (-114.05910706125762 50.86221455543048),a,2015 22 ST SW,99
BP2021-21145,Completed,2021-12-14,2021,2023-01-02,2023-08-31,2023,Commercial / Multi Family Project,Building,1606 - Ths Townhouse,Townhouse,Residential,New,New,New,Part 9 Rowhouse,FORMED ALLIANCE ARCHITECTURE STUDIO,,KALAMOIR,3,"$627,472",,#3B 2015 22 ST SW,RIC,RICHMOND,51.03524516,-114.1138572,7,Titled Parcel;Building;Building;Building;Building Suite;Building Suite;Building Suite,2015 22 ST SW;#4 2015 22 ST SW;#3 2015 22 ST SW;#5 2015 22 ST SW;#3B 2015 22 ST SW;#5B 2015 22 ST SW;#4B 2015 22 ST SW,"MULTIPOINT (-114.11385724996954 51.03524515675245,-114.11414386941837 51.03523212071462,-114.11414864956323 51.03528590172858,-114.11414721527086 51.035177972173535,-114.11408535210431 51.03526547589121,-114.11408460582778 51.0351996177006,-114.11408637400405 51.03521132063101)","{""type"":""MultiPoint"",""coordinates"":[[-114.1138572,51.0352452],[-114.1141439,51.0352321],[-114.1141486,51.0352859],[-114.1141472,51.035178],[-114.1140854,51.0352655],[-114.1140846,51.0351996],[-114.1140864,51.0352113]]}",POINT (-114.11385724996954 51.03524515675245),"{""type"":""MultiPoint"",""coordinates"":[[-114.1319202,51.1754667],[-114.1320161,51.1754666],[-114.1322033,51.1752462],[-114.1321075,51.1752463],[-114.1319201,51.1752465],[-114.1321076,51.1754665],[-114.132016,51.1752464],[-114.1322045,51.1754664],[-114.13211,51.1754124],[-114.1322014,51.175313],[-114.1319243,51.1753139],[-114.1320113,51.1753108],[-114.1319217,51.175409],[-114.1320211,51.1754137],[-114.1322017,51.1754111],[-114.1321078,51.1753113]]}",POINT (-114.13192022635006 51.17546671873539),a,2015 22 ST SW,99
BP2019-05647,Completed,2019-05-13,2019,2019-06-19,2020-05-20,2020,Commercial / Multi Family Project,Building,1606 - Ths Townhouse,Townhouse,Residential,New,New,New,New - Group C ¿ Fourplex with detached garages,TRICOR DESIGNS,,,4,"$737,740",,#1 1722 32 ST SW,SHG,SHAGANAPPI,51.03879946,-114.1338796,5,Titled Parcel;Building;Building;Building;Building,1722 32 ST SW;#2 1724 32 ST SW;#2 1722 32 ST SW;#1 1724 32 ST SW;#1 1722 32 ST SW,"MULTIPOINT (-114.13387964438093 51.03879946475595,-114.13364483443095 51.0387265749322,-114.13364388463887 51.038792938333394,-114.13378064485482 51.03872499018457,-114.13377969114066 51.03878992422161)","{""type"":""MultiPoint"",""coordinates"":[[-114.1338796,51.0387995],[-114.1336448,51.0387266],[-114.1336439,51.0387929],[-114.1337806,51.038725],[-114.1337797,51.0387899]]}",POINT (-114.13387964438093 51.03879946475595),"{""type"":""MultiPoint"",""coordinates"":[[-113.9366243,51.1532164],[-113.9373142,51.1535352],[-113.9373174,51.153633],[-113.9373094,51.1537293],[-113.9373162,51.1536844],[-113.9373152,51.1535816]]}",POINT (-113.93662430241723 51.153216361146576),a,1722 32 ST SW,100
BP2019-05646,Completed,2019-05-13,2019,2019-06-19,2020-05-20,2020,Commercial / Multi Family Project,Building,1606 - Ths Townhouse,Townhouse,Residential,New,New,New,New - Group C - Fourplex with detached garages,TRICOR DESIGNS,,,4,"$737,740",,#1 1718 32 ST SW,SHG,SHAGANAPPI,51.03892981,-114.133887,5,Titled Parcel;Building;Building;Building;Building,1718 32 ST SW;#1 1720 32 ST SW;#1 1718 32 ST SW;#2 1718 32 ST SW;#2 1720 32 ST SW,"MULTIPOINT (-114.13388700684747 51.03892980765678,-114.13378555325795 51.0388598487555,-114.13378235077325 51.03892621473501,-114.13364087490326 51.03892637659291,-114.13364069630889 51.03886429360322)","{""type"":""MultiPoint"",""coordinates"":[[-114.133887,51.0389298],[-114.1337856,51.0388598],[-114.1337824,51.0389262],[-114.1336409,51.0389264],[-114.1336407,51.0388643]]}",POINT (-114.13388700684747 51.03892980765678),,,,1718 32 ST SW,100
BP2017-12944,Completed,2017-09-26,2017,2017-10-02,2020-04-06,2020,Commercial / Multi Family Project,Building,1508 - Apt Fourplex,Apartment,Residential,New,New,New,"M1924B 4-plex: 2 storey, 4 residential units and a detached 4 single car garage",MILLENIUM PLUS HOMES RENOVATION,,,4,"$772,838",,#1 1922 36 ST SW,KIL,KILLARNEY/GLENGARRY,51.03693195,-114.1395524,7,Titled Parcel;Building;Building;Building Suite;Building Suite;Building Suite;Building Suite,1924 36 ST SW;1922 36 ST SW;1924 36 ST SW;#1 1922 36 ST SW;#2 1924 36 ST SW;#2 1922 36 ST SW;#1 1924 36 ST SW,"MULTIPOINT (-114.13955242188557 51.03693195079424,-114.13936384143994 51.03698392082309,-114.13936592439258 51.03692254531184,-114.13943325892599 51.03698193219869,-114.1392429432692 51.03692127151722,-114.1392569571566 51.03698245704218,-114.1394481627838 51.036921503292675)","{""type"":""MultiPoint"",""coordinates"":[[-114.1395524,51.036932],[-114.1393638,51.0369839],[-114.1393659,51.0369225],[-114.1394333,51.0369819],[-114.1392429,51.0369213],[-114.139257,51.0369825],[-114.1394482,51.0369215]]}",POINT (-114.13955242188557 51.03693195079424),"{""type"":""MultiPoint"",""coordinates"":[[-114.0425157,51.1511807],[-114.0424028,51.151374],[-114.0424854,51.1512346],[-114.0424586,51.1512796],[-114.0424317,51.1513245],[-114.0422925,51.1513421],[-114.0423182,51.1512945],[-114.0423711,51.1512069],[-114.0423393,51.1512526],[-114.0423952,51.1511603]]}",POINT (-114.04251573471804 51.15118067617423),a,1922 36 ST SW,101
BP2019-13734,Completed,2019-10-07,2019,2019-11-18,2021-05-04,2021,Commercial / Multi Family Project,Building,1606 - Ths Townhouse,Townhouse,Residential,New,New,New,Four plex,JG DESIGN,,MAGNAT DEVELOPMENTS,4,"$821,439",,1931A 36 ST SW,KIL,KILLARNEY/GLENGARRY,51.03666182,-114.139922,3,Titled Parcel;Building;Entryway,1931 36 ST SW;1931 36 ST SW;1931A 36 ST SW,"MULTIPOINT (-114.13992196614109 51.0366618164248,-114.14004586007111 51.03668232647822,-114.14004586007111 51.03668232647822)","{""type"":""MultiPoint"",""coordinates"":[[-114.139922,51.0366618],[-114.1400459,51.0366823],[-114.1400459,51.0366823]]}",POINT (-114.13992196614109 51.0366618164248),"{""type"":""MultiPoint"",""coordinates"":[[-113.9547033,50.8779577],[-113.9547808,50.8784778],[-113.9546906,50.8783856],[-113.9547929,50.8785914],[-113.9546821,50.878473],[-113.9546817,50.8783444],[-113.9546906,50.878426],[-113.9547785,50.8783147],[-113.9547766,50.8783338],[-113.9546858,50.8785468],[-113.9546923,50.8785931],[-113.9546836,50.8783076],[-113.9547826,50.8784974],[-113.9547812,50.878395],[-113.9547761,50.8784148],[-113.9547854,50.8785611],[-113.9546915,50.8785111]]}",POINT (-113.95470333693055 50.87795773388517),a,36 ST SW,101
BP2020-13130,Completed,2020-09-15,2020,2020-09-30,2022-08-30,2022,Commercial / Multi Family Project,Building,1606 - Ths Townhouse,Townhouse,Residential,New,New,New,4plex townhouse,JOHN TRINH & ASSOCIATES,,GREEN CEDAR HOMES,4,"$718,470",,#3 4320 BOWNESS RD NW,MON,MONTGOMERY,51.06849317,-114.1547584,6,Titled Parcel;Building;Building Suite;Building Suite;Building Suite;Building Suite,4320 BOWNESS RD NW;4320 BOWNESS RD NW;#1 4320 BOWNESS RD NW;#2 4320 BOWNESS RD NW;#3 4320 BOWNESS RD NW;#4 4320 BOWNESS RD NW,"MULTIPOINT (-114.15475843894355 51.06849316919913,-114.15464007114892 51.06855281969571,-114.15466068823481 51.06850997446502,-114.15457118733045 51.0685576663505,-114.15471461097228 51.06854974547607,-114.15462417034183 51.06859803196587)","{""type"":""MultiPoint"",""coordinates"":[[-114.1547584,51.0684932],[-114.1546401,51.0685528],[-114.1546607,51.06851],[-114.1545712,51.0685577],[-114.1547146,51.0685497],[-114.1546242,51.068598]]}",POINT (-114.15475843894355 51.06849316919913),"{""type"":""MultiPoint"",""coordinates"":[[-114.2049543,51.0796896],[-114.2059841,51.0798046],[-114.2048837,51.0795227],[-114.2049476,51.0794559],[-114.2047875,51.0796333],[-114.2048477,51.0795737],[-114.2049825,51.0794035]]}",POINT (-114.20495432860241 51.07968957218524),a,4320 BOWNESS RD NW,102
BP2020-10693,Completed,2020-08-06,2020,2020-08-21,2022-08-04,2022,Commercial / Multi Family Project,Building,1606 - Ths Townhouse,Townhouse,Residential,New,New,New,4-plex,JOHN TRINH & ASSOCIATES,,GREEN CEDAR HOMES,4,"$717,803",,#4 4316 BOWNESS RD NW,MON,MONTGOMERY,51.06839052,-114.1546185,6,Titled Parcel;Building;Building Suite;Building Suite;Building Suite;Building Suite,4316 BOWNESS RD NW;4316 BOWNESS RD NW;#3 4316 BOWNESS RD NW;#2 4316 BOWNESS RD NW;#1 4316 BOWNESS RD NW;#4 4316 BOWNESS RD NW,"MULTIPOINT (-114.15461845663165 51.06839052121605,-114.15449393863936 51.06845421607691,-114.15455510180895 51.06845747040819,-114.15440789860645 51.068465746677894,-114.15449984884366 51.06841663130645,-114.15446390616124 51.068506108371416)","{""type"":""MultiPoint"",""coordinates"":[[-114.1546185,51.0683905],[-114.1544939,51.0684542],[-114.1545551,51.0684575],[-114.1544079,51.0684657],[-114.1544998,51.0684166],[-114.1544639,51.0685061]]}",POINT (-114.15461845663165 51.06839052121605),"{""type"":""MultiPoint"",""coordinates"":[[-113.9539349,51.1552067],[-113.9533626,51.1551654]]}",POINT (-113.95393489075505 51.155206657812485),a,4316 BOWNESS RD NW,102
BP2018-12773,Completed,2018-09-21,2018,2018-11-09,2021-05-26,2021,Commercial / Multi Family Project,Building,1606 - Ths Townhouse,Townhouse,Residential,New,New,New,Bowness Fourplex (new) + garage (new),ARCHI DESIGN,,,4,"$700,000",,1911 42 ST NW,MON,MONTGOMERY,51.06810333,-114.1542594,5,Titled Parcel;Building;Building;Building;Building,4304 BOWNESS RD NW;4302 BOWNESS RD NW;1915 42 ST NW;1911 42 ST NW;1913 42 ST NW,"MULTIPOINT (-114.15425943459869 51.06810332501558,-114.1541755703119 51.06808673278223,-114.15394152035793 51.06820263982819,-114.15410658303219 51.06811608523266,-114.15400595658468 51.06816473527362)","{""type"":""MultiPoint"",""coordinates"":[[-114.1542594,51.0681033],[-114.1541756,51.0680867],[-114.1539415,51.0682026],[-114.1541066,51.0681161],[-114.154006,51.0681647]]}",POINT (-114.15425943459869 51.06810332501558),,,,42 ST NW,102
BP2021-03129,Completed,2021-03-02,2021,2021-03-23,2022-05-17,2022,Commercial / Multi Family Project,Building,1706 - Rhs Rowhouse,Unspecified,Residential,New,New,New,4 Plex Rowhouse,,2117663 ALBERTA,2117663 ALBERTA,4,"$808,100",,1927 42 ST NW,MON,MONTGOMERY,51.0682839,-114.1536668,5,Titled Parcel;Building;Building;Building;Building,1921 42 ST NW;1925 42 ST NW;1927 42 ST NW;1923 42 ST NW;4301 19 AV NW,"MULTIPOINT (-114.15366677664696 51.068283899647405,-114.15359998858592 51.068404557322644,-114.15354344801077 51.06843138495668,-114.1536565231724 51.068375940718056,-114.1534831465704 51.06846000645198)","{""type"":""MultiPoint"",""coordinates"":[[-114.1536668,51.0682839],[-114.1536,51.0684046],[-114.1535434,51.0684314],[-114.1536565,51.0683759],[-114.1534831,51.06846]]}",POINT (-114.15366677664696 51.068283899647405),,,,42 ST NW,102
BP2020-05502,Completed,2020-05-08,2020,2020-09-28,2021-12-31,2021,Commercial / Multi Family Project,Building,1508 - Apt Fourplex,Apartment,Residential,New,New,New,Tuexdo Stacks - 4 plex,HEIRLOOM HOMES,,HEIRLOOM HOMES,4,"$501,395",,#4 232 20 AV NE,TUX,TUXEDO PARK,51.07073923,-114.0581394,6,Titled Parcel;Building;Building Suite;Building Suite;Building Suite;Building Suite,232 20 AV NE;232 20 AV NE;#2 232 20 AV NE;#4 232 20 AV NE;#1 232 20 AV NE;#3 232 20 AV NE,"MULTIPOINT (-114.0581393974071 51.0707392253865,-114.05814114312176 51.07084566249175,-114.05816820592482 51.070967018881326,-114.05810285033645 51.07096303298963,-114.05816848148717 51.07075430461426,-114.05810090541604 51.07075441013689)","{""type"":""MultiPoint"",""coordinates"":[[-114.0581394,51.0707392],[-114.0581411,51.0708457],[-114.0581682,51.070967],[-114.0581029,51.070963],[-114.0581685,51.0707543],[-114.0581009,51.0707544]]}",POINT (-114.0581393974071 51.0707392253865),"{""type"":""MultiPoint"",""coordinates"":[[-114.0422807,51.1525472],[-114.0417999,51.1519036],[-114.0417148,51.1518917],[-114.0419814,51.1519249],[-114.0416297,51.1518822],[-114.0418925,51.1519166]]}",POINT (-114.04228072763124 51.152547175676844),a,232 20 AV NE,103
BP2021-08823,Completed,2021-05-21,2021,2021-08-17,2022-06-28,2022,Commercial / Multi Family Project,Building,1706 - Rhs Rowhouse,Unspecified,Residential,New,New,New,4 unit townhouse.,,JERRY HOMES,JERRY HOMES,4,"$887,942",,3103 KILDARE CR SW,KIL,KILLARNEY/GLENGARRY,51.02684449,-114.1403455,5,Titled Parcel;Building;Building;Building;Building,3711 30 AV SW;3707 30 AV SW;3105 KILDARE CR SW;3103 KILDARE CR SW;3709 30 AV SW,"MULTIPOINT (-114.14034546498262 51.026844492102256,-114.14014384518337 51.0268177827418,-114.1400245121919 51.02675993280366,-114.14002468444865 51.02681710751143,-114.14021768900025 51.026818512232744)","{""type"":""MultiPoint"",""coordinates"":[[-114.1403455,51.0268445],[-114.1401438,51.0268178],[-114.1400245,51.0267599],[-114.1400247,51.0268171],[-114.1402177,51.0268185]]}",POINT (-114.14034546498262 51.026844492102256),"{""type"":""MultiPoint"",""coordinates"":[[-113.9539349,51.1552067],[-113.9537954,51.1555493],[-113.9538567,51.1555565],[-113.9537266,51.1555402],[-113.9537744,51.155577],[-113.9536464,51.1555278]]}",POINT (-113.95393489075505 51.155206657812485),a,KILDARE CR SW,104
BP2018-02009,Completed,2018-02-26,2018,2018-06-21,2020-07-30,2020,Commercial / Multi Family Project,Building,1508 - Apt Fourplex,Apartment,Residential,New,New,New,New - Part 9 Group C - 4 unit condo complex,CLEM LAU ARCHITECTS & DESIGNERS,,,4,"$972,742",,#1 643 3 AV NW,SSD,SUNNYSIDE,51.05943689,-114.0775596,5,Titled Parcel;Building;Building;Building;Building,643 3 AV NW;#1 645 3 AV NW;#2 643 3 AV NW;#1 643 3 AV NW;#2 645 3 AV NW,"MULTIPOINT (-114.07755960486712 51.05943688667037,-114.0775669643636 51.059401947766,-114.07738525005709 51.05933048312851,-114.07753818834261 51.05941708755323,-114.07744198134773 51.05928708817536)","{""type"":""MultiPoint"",""coordinates"":[[-114.0775596,51.0594369],[-114.077567,51.0594019],[-114.0773853,51.0593305],[-114.0775382,51.0594171],[-114.077442,51.0592871]]}",POINT (-114.07755960486712 51.05943688667037),"{""type"":""MultiPoint"",""coordinates"":[[-113.9377697,51.1528304],[-113.9377653,51.1529563],[-113.9377706,51.1527181],[-113.9377697,51.1527765],[-113.9377697,51.1528844],[-113.9376345,51.1529403]]}",POINT (-113.93776968841743 51.15283042471921),a,643 3 AV NW,105
BP2019-01240,Completed,2019-02-05,2019,2019-04-03,2020-03-18,2020,Commercial / Multi Family Project,Building,1606 - Ths Townhouse,Townhouse,Residential,New,New,New,Oldstreet -4 plex non-stacked townhouse,BMP CONSTRUCTION MANAGEMENT,,BMP CONSTRUCTION MANAGEMENT,4,"$963,760",,2106 49 AV SW,ALT,ALTADORE,51.0100531,-114.1094966,5,Titled Parcel;Building;Building;Building;Building,2102 49 AV SW;2108 49 AV SW;4929 20 ST SW;2106 49 AV SW;2110 49 AV SW,"MULTIPOINT (-114.10949657929051 51.01005310021835,-114.1097126557762 51.01006075461374,-114.10954148660369 51.01006756764909,-114.10963046307413 51.010061299227196,-114.10979634805499 51.01006161993044)","{""type"":""MultiPoint"",""coordinates"":[[-114.1094966,51.0100531],[-114.1097127,51.0100608],[-114.1095415,51.0100676],[-114.1096305,51.0100613],[-114.1097963,51.0100616]]}",POINT (-114.10949657929051 51.01005310021835),"{""type"":""Point"",""coordinates"":[-114.0229384,50.8646995]}",POINT (-114.02293844973785 50.86469952115577),,49 AV SW,106
BP2022-08655,Completed,2022-05-23,2022,2022-08-26,2023-06-29,2023,Commercial / Multi Family Project,Building,1706 - Rhs Rowhouse,Unspecified,Residential,New,New,New,"A new 3 unit rowhouse, Part 9, Group C occupancy classified under 9.10.2.1.",,0,,3,"$1,017,183",,831B 21 AV SE,RAM,RAMSAY,51.03425713,-114.0412329,7,Titled Parcel;Building;Building;Building;Building Suite;Building Suite;Building Suite,2109 8 ST SE;2103 8 ST SE;2105 8 ST SE;831 21 AV SE;831B 21 AV SE;2105B 8 ST SE;2103B 8 ST SE,"MULTIPOINT (-114.0412329056774 51.034257131414456,-114.0413211751514 51.034403480331825,-114.04132113524159 51.03435860351624,-114.04132320099275 51.03443698441186,-114.04129560534788 51.03446069114543,-114.04133150996235 51.034337294141096,-114.04126314636032 51.034402422064424)","{""type"":""MultiPoint"",""coordinates"":[[-114.0412329,51.0342571],[-114.0413212,51.0344035],[-114.0413211,51.0343586],[-114.0413232,51.034437],[-114.0412956,51.0344607],[-114.0413315,51.0343373],[-114.0412631,51.0344024]]}",POINT (-114.0412329056774 51.034257131414456),"{""type"":""MultiPoint"",""coordinates"":[[-113.9332435,51.1537763],[-113.9332435,51.1537224],[-113.9332435,51.1536685],[-113.9332435,51.15361],[-113.9332435,51.1538303],[-113.9333239,51.153664],[-113.9333353,51.1536117],[-113.9333312,51.1538329],[-113.9333333,51.1537199],[-113.9333237,51.1537746]]}",POINT (-113.93324352554373 51.1537763285336),a,21 AV SE,107
BP2022-15786,Completed,2022-09-15,2022,2022-10-11,2023-07-10,2023,Commercial / Multi Family Project,Building,1606 - Ths Townhouse,Townhouse,Residential,New,New,New,5 Unit Residential Rowhouse,,HOMES BY AVI (CANADA),HOMES BY AVI (CANADA),5,"$739,463",,25 SAVANNA MR NE,SAD,SADDLE RIDGE,51.1367868,-113.9533994,5,Titled Parcel;Titled Parcel;Titled Parcel;Titled Parcel;Titled Parcel,13 SAVANNA MR NE;9 SAVANNA MR NE;25 SAVANNA MR NE;17 SAVANNA MR NE;21 SAVANNA MR NE,"MULTIPOINT (-113.95339942460441 51.136786802262485,-113.95339961654908 51.13672387519932,-113.95339926624294 51.13694412004548,-113.95339937483382 51.13683624499474,-113.95339932506307 51.136885687726576)","{""type"":""MultiPoint"",""coordinates"":[[-113.9533994,51.1367868],[-113.9533996,51.1367239],[-113.9533993,51.1369441],[-113.9533994,51.1368362],[-113.9533993,51.1368857]]}",POINT (-113.95339942460441 51.136786802262485),"{""type"":""MultiPoint"",""coordinates"":[[-113.9505258,51.1349113],[-113.9502851,51.1342245],[-113.9502822,51.134117],[-113.950282,51.1342883],[-113.9502851,51.1341722],[-113.9502774,51.1343396]]}",POINT (-113.95052583159456 51.134911291936405),a,SAVANNA MR NE,108
BP2022-15914,Completed,2022-09-16,2022,2022-10-24,2023-05-26,2023,Commercial / Multi Family Project,Building,1606 - Ths Townhouse,Townhouse,Residential,New,New,New,5 Unit Residential Rowhouse,,HOMES BY AVI (CANADA),HOMES BY AVI (CANADA),5,"$825,190",,41 SAVANNA MR NE,SAD,SADDLE RIDGE,51.13700705,-113.9533992,10,Titled Parcel;Titled Parcel;Titled Parcel;Titled Parcel;Titled Parcel;Building;Building;Building;Building;Building,29 SAVANNA MR NE;45 SAVANNA MR NE;33 SAVANNA MR NE;37 SAVANNA MR NE;41 SAVANNA MR NE;45 SAVANNA MR NE;29 SAVANNA MR NE;37 SAVANNA MR NE;33 SAVANNA MR NE;41 SAVANNA MR NE,"MULTIPOINT (-113.95339920289794 51.13700704715748,-113.95339899023809 51.1372183024571,-113.9533991440774 51.13706547947517,-113.95339909430601 51.13711492220506,-113.95339904453448 51.13716436493452,-113.9535212967197 51.137112624546894,-113.9535212967197 51.137112624546894,-113.9535212967197 51.137112624546894,-113.9535212967197 51.137112624546894,-113.9535212967197 51.137112624546894)","{""type"":""MultiPoint"",""coordinates"":[[-113.9533992,51.137007],[-113.953399,51.1372183],[-113.9533991,51.1370655],[-113.9533991,51.1371149],[-113.953399,51.1371644],[-113.9535213,51.1371126],[-113.9535213,51.1371126],[-113.9535213,51.1371126],[-113.9535213,51.1371126],[-113.9535213,51.1371126]]}",POINT (-113.95339920289794 51.13700704715748),,,,SAVANNA MR NE,108
BP2022-01962,Completed,2022-02-08,2022,2022-03-10,2023-01-27,2023,Commercial / Multi Family Project,Building,1606 - Ths Townhouse,Townhouse,Residential,New,New,New,4 Unit Rowhouse,OPTIMA DEVELOPMENTS,,OPTIMA DEVELOPMENTS,4,"$1,247,180",,2141B 26 AV SW,RIC,RICHMOND,51.03002178,-114.1117208,9,Titled Parcel;Building;Building;Building;Building;Building Suite;Building Suite;Building Suite;Building Suite,2710 21 ST SW;2708 21 ST SW;2706 21 ST SW;2704 21 ST SW;2141 26 AV SW;2706B 21 ST SW;2704B 21 ST SW;2708B 26 AV SW;2141B 26 AV SW,"MULTIPOINT (-114.1117208177545 51.030021779459695,-114.1116243068696 51.03010613269536,-114.11162351693942 51.030151181133114,-114.11162275676342 51.03020861743008,-114.11162198512423 51.03025534693448,-114.11167178767757 51.030139061771315,-114.11167093465643 51.0301874994086,-114.11167167720093 51.03009308824832,-114.11167093737153 51.03024202229465)","{""type"":""MultiPoint"",""coordinates"":[[-114.1117208,51.0300218],[-114.1116243,51.0301061],[-114.1116235,51.0301512],[-114.1116228,51.0302086],[-114.111622,51.0302553],[-114.1116718,51.0301391],[-114.1116709,51.0301875],[-114.1116717,51.0300931],[-114.1116709,51.030242]]}",POINT (-114.1117208177545 51.030021779459695),"{""type"":""MultiPoint"",""coordinates"":[[-113.9505799,51.1349113],[-113.951387,51.1343286],[-113.9513811,51.134164],[-113.9513827,51.1341098],[-113.9513856,51.134223],[-113.951384,51.1342754]]}",POINT (-113.95057985596397 51.134911314776296),a,26 AV SW,109
BP2021-19883,Completed,2021-11-19,2021,2022-01-04,2023-07-19,2023,Commercial / Multi Family Project,Building,1606 - Ths Townhouse,Townhouse,Residential,New,New,New,New 7 Unit townhouse,APARTMENT BUILDING,,TAMSON DEVELOPMENTS,7,"$1,957,955",,5109 19 ST SW,NGM,NORTH GLENMORE PARK,51.00858142,-114.1066379,8,Titled Parcel;Building;Building;Building;Building;Building;Building;Building,5101 19 ST SW;5109 19 ST SW;5113 19 ST SW;5105 19 ST SW;5107 19 ST SW;2003 50 AV SW;5111 19 ST SW;5103 19 ST SW,"MULTIPOINT (-114.10663789038293 51.00858141834218,-114.1067415253241 51.008388088129564,-114.10674131705456 51.00829734535361,-114.10674280235966 51.008472644950615,-114.10674162947991 51.008433468506794,-114.1067441062774 51.0085627034987,-114.1067414211892 51.008342716741765,-114.10674290336011 51.008516649891824)","{""type"":""MultiPoint"",""coordinates"":[[-114.1066379,51.0085814],[-114.1067415,51.0083881],[-114.1067413,51.0082973],[-114.1067428,51.0084726],[-114.1067416,51.0084335],[-114.1067441,51.0085627],[-114.1067414,51.0083427],[-114.1067429,51.0085166]]}",POINT (-114.10663789038293 51.00858141834218),"{""type"":""MultiPoint"",""coordinates"":[[-114.1165833,51.1834567],[-114.1099874,51.1865223],[-114.1099904,51.1863567],[-114.1099911,51.1864704],[-114.1099905,51.1864156],[-114.1099863,51.1863014]]}",POINT (-114.11658334324612 51.18345671866443),a,19 ST SW,110
BP2018-02112,Completed,2018-02-27,2018,2018-05-15,2020-10-08,2020,Commercial / Multi Family Project,Building,1606 - Ths Townhouse,Townhouse,Residential,New,New,New,4 Unit Rowhouses 9.10.15,K5 DESIGNS,,HADDAD HOMES,4,"$1,400,000",,941 38 ST SW,RCK,ROSSCARROCK,51.04349509,-114.1427585,5,Titled Parcel;Building;Building;Building;Building,943 38 ST SW;951 38 ST SW;947 38 ST SW;941 38 ST SW;945 38 ST SW,"MULTIPOINT (-114.14275847971872 51.04349508793213,-114.14280610146461 51.04338132751327,-114.14281239971625 51.0434679000121,-114.14280374815169 51.0435992057462,-114.14280422457337 51.04350833686528)","{""type"":""MultiPoint"",""coordinates"":[[-114.1427585,51.0434951],[-114.1428061,51.0433813],[-114.1428124,51.0434679],[-114.1428037,51.0435992],[-114.1428042,51.0435083]]}",POINT (-114.14275847971872 51.04349508793213),"{""type"":""MultiPoint"",""coordinates"":[[-113.9505799,51.1349113],[-113.9511292,51.1339263],[-113.9512166,51.1339278],[-113.951482,51.1339286],[-113.9513901,51.1339271],[-113.951305,51.133925]]}",POINT (-113.95057985596397 51.134911314776296),a,38 ST SW,111
BP2019-14349,Completed,2019-10-20,2019,2019-12-17,2021-03-09,2021,Commercial / Multi Family Project,Building,1606 - Ths Townhouse,Townhouse,Residential,New,New,New,9.10.14. 4 Unit Townhouse,ASCEND HOMES,,ASCEND HOMES,4,"$1,054,483",,#1 940 38 ST SW,RCK,ROSSCARROCK,51.04358989,-114.1424235,3,Titled Parcel;Building;Building,940 38 ST SW;#2 940 38 ST SW;#1 940 38 ST SW,"MULTIPOINT (-114.14242346899876 51.04358988892194,-114.142134274533 51.04359589551323,-114.14236059890565 51.0435770742283)","{""type"":""MultiPoint"",""coordinates"":[[-114.1424235,51.0435899],[-114.1421343,51.0435959],[-114.1423606,51.0435771]]}",POINT (-114.14242346899876 51.04358988892194),"{""type"":""MultiPoint"",""coordinates"":[[-113.9439216,51.164466],[-113.9440814,51.1642234],[-113.9439856,51.1645857],[-113.9439878,51.1646385],[-113.9439865,51.1645329],[-113.9439877,51.1647513],[-113.9439861,51.1648012],[-113.943987,51.164698],[-113.9439842,51.1644787],[-113.9439876,51.164865]]}",POINT (-113.9439215959347 51.164466023534885),a,940 38 ST SW,111
BP2019-16349,Completed,2019-12-02,2019,2020-02-07,2020-09-29,2020,Commercial / Multi Family Project,Building,1706 - Rhs Rowhouse,Unspecified,Residential,New,New,New,6 plex townhouse,TRICOR DESIGN GROUP,,,6,"$2,157,772",,1705 42 AV SW,ALT,ALTADORE,51.01593995,-114.1011421,8,Titled Parcel;Building;Building;Building;Building;Building;Building;Building,1711 42 AV SW;4305 16 ST SW;4303 16 ST SW;1705 42 AV SW;4303 16 ST SW;1709 42 AV SW;1707 42 AV SW;1703 42 AV SW,"MULTIPOINT (-114.10114208543617 51.01593994980968,-114.10074156492999 51.015800801366545,-114.10074228806172 51.01587144243929,-114.10094074482868 51.01592431088166,-114.10083215759597 51.01583100980091,-114.10108724263117 51.01592597320814,-114.10101539714687 51.01592496555394,-114.10082479245162 51.01592441098633)","{""type"":""MultiPoint"",""coordinates"":[[-114.1011421,51.0159399],[-114.1007416,51.0158008],[-114.1007423,51.0158714],[-114.1009407,51.0159243],[-114.1008322,51.015831],[-114.1010872,51.015926],[-114.1010154,51.015925],[-114.1008248,51.0159244]]}",POINT (-114.10114208543617 51.01593994980968),"{""type"":""MultiPoint"",""coordinates"":[[-113.9568999,50.8717914],[-113.9567526,50.871891],[-113.9566905,50.8719148],[-113.9569293,50.8718292],[-113.9568428,50.8718625],[-113.9566097,50.8719468]]}",POINT (-113.95689985679562 50.871791427969676),a,42 AV SW,112
BP2019-12551,Completed,2019-09-12,2019,2019-11-06,2021-01-12,2021,Commercial / Multi Family Project,Building,1606 - Ths Townhouse,Townhouse,Residential,New,New,New,"Casa Bianca 4 Plex: 3 storey, 4 residential units",RENOVA HOMES & RENOVATIONS,,RENOVA HOMES & RENOVATIONS,4,"$650,547",,417 7 ST NW,SSD,SUNNYSIDE,51.05826548,-114.0815959,5,Titled Parcel;Building;Building;Building;Building,419 7 ST NW;805 4 AV NW;417 7 ST NW;415 7 ST NW;413 7 ST NW,"MULTIPOINT (-114.08159589474286 51.05826547614632,-114.08168202372605 51.05820770202798,-114.08159616564107 51.05820858904665,-114.08151773917876 51.05814430438196,-114.08146693003636 51.058104740113144)","{""type"":""MultiPoint"",""coordinates"":[[-114.0815959,51.0582655],[-114.081682,51.0582077],[-114.0815962,51.0582086],[-114.0815177,51.0581443],[-114.0814669,51.0581047]]}",POINT (-114.08159589474286 51.05826547614632),"{""type"":""MultiPoint"",""coordinates"":[[-113.9758368,50.8657196],[-113.9758401,50.8656404],[-113.9757838,50.8656101],[-113.9756936,50.8655544],[-113.9756507,50.8655241],[-113.9757341,50.8655858]]}",POINT (-113.97583680973342 50.86571964029992),a,7 ST NW,113
BP2020-01188,Completed,2020-01-31,2020,2020-02-12,2022-04-20,2022,Commercial / Multi Family Project,Building,1606 - Ths Townhouse,Townhouse,Residential,New,New,New,4 plex townhouse,CAMBRIDGE HOMES,,CAMBRIDGE HOMES,4,"$723,497",,1757 45 ST NW,MON,MONTGOMERY,51.07070183,-114.1605748,5,Titled Parcel;Building;Building;Building;Building,1751 45 ST NW;4603 17 AV NW;1755 45 ST NW;1757 45 ST NW;1759 45 ST NW,"MULTIPOINT (-114.16057484450076 51.0707018343491,-114.16043701340612 51.07088863178531,-114.16055897432639 51.070775059275825,-114.16048737029563 51.07081103549145,-114.16037568160796 51.07084176273811)","{""type"":""MultiPoint"",""coordinates"":[[-114.1605748,51.0707018],[-114.160437,51.0708886],[-114.160559,51.0707751],[-114.1604874,51.070811],[-114.1603757,51.0708418]]}",POINT (-114.16057484450076 51.0707018343491),"{""type"":""MultiPoint"",""coordinates"":[[-114.2052685,51.0624917],[-114.2052686,51.0623928],[-114.2052687,51.0622939],[-114.2052685,51.0624378],[-114.2052686,51.0623479],[-114.2054014,51.0624388],[-114.2054008,51.0622985],[-114.2054012,51.0623942],[-114.2054026,51.0624882],[-114.205402,51.0623484]]}",POINT (-114.20526851697777 51.062491716540464),a,45 ST NW,114
BP2021-05271,Completed,2021-04-05,2021,2021-05-27,2022-03-18,2022,Commercial / Multi Family Project,Building,1606 - Ths Townhouse,Townhouse,Residential,New,New,New,4 Plex Townhouse,TRICOR DESIGN GROUP,,,4,"$1,219,588",,#3 4612 17 AV NW,MON,MONTGOMERY,51.07126854,-114.1603163,5,Titled Parcel;Building;Building;Building;Building,4612 17 AV NW;#3 4612 17 AV NW;#1 4612 17 AV NW;#4 4612 17 AV NW;#2 4612 17 AV NW,"MULTIPOINT (-114.16031627169444 51.07126854032222,-114.16024709585578 51.07133030450446,-114.1601997880177 51.07129529153662,-114.1601425317474 51.071387532381436,-114.16009332823288 51.07135311528787)","{""type"":""MultiPoint"",""coordinates"":[[-114.1603163,51.0712685],[-114.1602471,51.0713303],[-114.1601998,51.0712953],[-114.1601425,51.0713875],[-114.1600933,51.0713531]]}",POINT (-114.16031627169444 51.07126854032222),"{""type"":""MultiPoint"",""coordinates"":[[-114.0229384,50.8646995],[-114.025249,50.8644734]]}",POINT (-114.02293844973785 50.86469952115577),,4612 17 AV NW,114
BP2021-12339,Completed,2021-07-13,2021,2021-09-22,2022-08-29,2022,Commercial / Multi Family Project,Building,1706 - Rhs Rowhouse,Unspecified,Residential,New,New,New,"Appar Homes - Residential 4 Plex: 3 storey, 4 residential units",TRICOR DESIGN GROUP,,,4,"$1,689,098",,1340B 20 AV NW,CAP,CAPITOL HILL,51.07093316,-114.0920888,9,Titled Parcel;Building;Building;Building;Building;Building Suite;Building Suite;Building Suite;Building Suite,2108 13 ST NW;2106 13 ST NW;1340 20 AV NW;2102 13 ST NW;2104 13 ST NW;1340B 20 AV NW;2106B 13 ST NW;2102B 13 ST NW;2104B 13 ST NW,"MULTIPOINT (-114.09208879697401 51.07093316431531,-114.09201144915926 51.07084098195918,-114.09201226804349 51.0706782858107,-114.09201350137764 51.070731800496056,-114.0920113430271 51.07078745739793,-114.09207710605972 51.07067184308615,-114.09207831045806 51.07081859891227,-114.0920771819783 51.070710103169645,-114.09207820394563 51.070764921526326)","{""type"":""MultiPoint"",""coordinates"":[[-114.0920888,51.0709332],[-114.0920114,51.070841],[-114.0920123,51.0706783],[-114.0920135,51.0707318],[-114.0920113,51.0707875],[-114.0920771,51.0706718],[-114.0920783,51.0708186],[-114.0920772,51.0707101],[-114.0920782,51.0707649]]}",POINT (-114.09208879697401 51.07093316431531),"{""type"":""MultiPoint"",""coordinates"":[[-114.0129456,50.86471],[-114.012942,50.8645392],[-114.0129454,50.864782],[-114.0129457,50.8646561],[-114.0129452,50.8646022]]}",POINT (-114.012945569666 50.86471004722991),a,20 AV NW,115
BP2022-01414,Completed,2022-01-31,2022,2022-02-22,2023-07-31,2023,Commercial / Multi Family Project,Building,1606 - Ths Townhouse,Townhouse,Residential,New,New,New,6 Unit Residential Rowhouse - Building 10,NORR ARCHITECTS ENGINEERS PLANNERS,,JAYMAN BUILT MULTI FAMILY,6,"$1,318,612",,191 LES JARDINS PA SE,DDG,DOUGLASDALE/GLEN,50.95756328,-114.004243,7,Titled Parcel;Building;Building;Building;Building;Building;Building,193 LES JARDINS PA SE;183 LES JARDINS PA SE;189 LES JARDINS PA SE;181 LES JARDINS PA SE;187 LES JARDINS PA SE;185 LES JARDINS PA SE;191 LES JARDINS PA SE,"MULTIPOINT (-114.00424304909579 50.95756328128834,-114.00434478720713 50.95765136926339,-114.00414142666693 50.9576513766509,-114.00441409216201 50.95764946081288,-114.00421222628171 50.95765042119314,-114.00428453486818 50.9576513714891,-114.0040691182498 50.95765233211832)","{""type"":""MultiPoint"",""coordinates"":[[-114.004243,50.9575633],[-114.0043448,50.9576514],[-114.0041414,50.9576514],[-114.0044141,50.9576495],[-114.0042122,50.9576504],[-114.0042845,50.9576514],[-114.0040691,50.9576523]]}",POINT (-114.00424304909579 50.95756328128834),"{""type"":""MultiPoint"",""coordinates"":[[-114.0219901,50.8567211],[-114.0221471,50.8566986],[-114.0218161,50.8567481],[-114.0219049,50.8567346],[-114.0220686,50.8567121],[-114.0222418,50.8566851],[-114.021871,50.8566317],[-114.0217809,50.8566422],[-114.0219462,50.8566203],[-114.0221852,50.856587],[-114.0221085,50.8565955],[-114.0220289,50.856607]]}",POINT (-114.02199014992159 50.85672106266789),a,LES JARDINS PA SE,116
BP2021-12129,Completed,2021-07-08,2021,2021-10-06,2023-12-08,2023,Commercial / Multi Family Project,Building,1606 - Ths Townhouse,Townhouse,Residential,New,New,New,6-unit Townhouse (Les Jardins Bldg 16).,NORR ARCHITECTS ENGINEERS PLANNERS,,JAYMAN BUILT MULTI FAMILY,6,"$1,407,365",,150 LES JARDINS PA SE,DDG,DOUGLASDALE/GLEN,50.95742842,-114.0047142,7,Titled Parcel;Building;Building;Building;Building;Building;Building,172 LES JARDINS PA SE;170 LES JARDINS PA SE;158 LES JARDINS PA SE;166 LES JARDINS PA SE;150 LES JARDINS PA SE;162 LES JARDINS PA SE;154 LES JARDINS PA SE,"MULTIPOINT (-114.00471416429555 50.95742841520367,-114.00449841374281 50.957350715291426,-114.00475601871516 50.95735546072651,-114.00458428664975 50.957350711952635,-114.00492925900161 50.95735450061791,-114.00466412449245 50.95735165272802,-114.00484791245714 50.95735450402255)","{""type"":""MultiPoint"",""coordinates"":[[-114.0047142,50.9574284],[-114.0044984,50.9573507],[-114.004756,50.9573555],[-114.0045843,50.9573507],[-114.0049293,50.9573545],[-114.0046641,50.9573517],[-114.0048479,50.9573545]]}",POINT (-114.00471416429555 50.95742841520367),"{""type"":""MultiPoint"",""coordinates"":[[-113.945909,50.8930482],[-113.9462301,50.8930483],[-113.945987,50.8930482],[-113.9461429,50.8930483],[-113.9460649,50.8930482],[-113.9458262,50.8930481],[-113.9458262,50.8931024],[-113.9460622,50.893096],[-113.9459052,50.8931019],[-113.9459833,50.8930995],[-113.9462155,50.8930943],[-113.9461393,50.8930954]]}",POINT (-113.94590902343505 50.89304816705345),a,LES JARDINS PA SE,116
BP2021-12160,Completed,2021-07-09,2021,2021-10-06,2023-06-27,2023,Commercial / Multi Family Project,Building,1606 - Ths Townhouse,Townhouse,Residential,New,New,New,4-Unit townhouse (Les Jardins Bldg. 17).,NORR ARCHITECTS ENGINEERS PLANNERS,,JAYMAN BUILT MULTI FAMILY,4,"$939,206",,116 LES JARDINS PA SE,DDG,DOUGLASDALE/GLEN,50.95723062,-114.0051233,5,Titled Parcel;Building;Building;Building;Building,130 LES JARDINS PA SE;124 LES JARDINS PA SE;128 LES JARDINS PA SE;120 LES JARDINS PA SE;116 LES JARDINS PA SE,"MULTIPOINT (-114.00512330991027 50.957230620871435,-114.00500003783051 50.957164209065034,-114.00500004324176 50.95721463323727,-114.00500003190895 50.95710902925188,-114.00500002588512 50.95705289651212)","{""type"":""MultiPoint"",""coordinates"":[[-114.0051233,50.9572306],[-114.005,50.9571642],[-114.005,50.9572146],[-114.005,50.957109],[-114.005,50.9570529]]}",POINT (-114.00512330991027 50.957230620871435),"{""type"":""MultiPoint"",""coordinates"":[[-113.9267393,51.1285566],[-113.9260572,51.1287677],[-113.9259948,51.1287695],[-113.9262651,51.1287691],[-113.9259287,51.1287695],[-113.9261347,51.1287702],[-113.926198,51.1287696]]}",POINT (-113.92673931910272 51.12855664859142),a,LES JARDINS PA SE,116
BP2021-12109,Completed,2021-07-08,2021,2021-10-06,2023-06-27,2023,Commercial / Multi Family Project,Building,1606 - Ths Townhouse,Townhouse,Residential,New,New,New,8 unit townhouse (Les Jardins Bldg 9).,NORR ARCHITECTS ENGINEERS PLANNERS,,JAYMAN BUILT MULTI FAMILY,8,"$1,754,036",,151 LES JARDINS PA SE,DDG,DOUGLASDALE/GLEN,50.95755878,-114.0045138,9,Titled Parcel;Building;Building;Building;Building;Building;Building;Building;Building,167 LES JARDINS PA SE;161 LES JARDINS PA SE;157 LES JARDINS PA SE;163 LES JARDINS PA SE;151 LES JARDINS PA SE;153 LES JARDINS PA SE;159 LES JARDINS PA SE;155 LES JARDINS PA SE;165 LES JARDINS PA SE,"MULTIPOINT (-114.00451379223983 50.95755877620539,-114.00467770522154 50.95765135640516,-114.00482082755798 50.95765039765972,-114.0046099232138 50.957652312026006,-114.0050256965857 50.95764753923635,-114.00495338839437 50.95765039211328,-114.00474701045401 50.95765230653505,-114.00488409749438 50.95765039503123,-114.00453912332583 50.957650408946876)","{""type"":""MultiPoint"",""coordinates"":[[-114.0045138,50.9575588],[-114.0046777,50.9576514],[-114.0048208,50.9576504],[-114.0046099,50.9576523],[-114.0050257,50.9576475],[-114.0049534,50.9576504],[-114.004747,50.9576523],[-114.0048841,50.9576504],[-114.0045391,50.9576504]]}",POINT (-114.00451379223983 50.95755877620539),"{""type"":""Point"",""coordinates"":[-114.10166,51.0500826]}",POINT (-114.10166001588435 51.05008258650966),,LES JARDINS PA SE,116
BP2022-04876,Completed,2022-03-30,2022,2022-05-13,2023-06-20,2023,Commercial / Multi Family Project,Building,1606 - Ths Townhouse,Townhouse,Residential,New,New,New,New 4-plex.,TRICOR DESIGN GROUP,,,4,"$1,262,771",,#1 4411 17 AV NW,MON,MONTGOMERY,51.06874636,-114.1574271,5,Titled Parcel;Building;Building;Building;Building,4411 17 AV NW;#1 4411 17 AV NW;#4 4411 17 AV NW;#3 4411 17 AV NW;#2 4411 17 AV NW,"MULTIPOINT (-114.15742713122278 51.068746360697105,-114.15761679883599 51.068642184154186,-114.15761679883599 51.068642184154186,-114.15761679883599 51.068642184154186,-114.15761679883599 51.068642184154186)","{""type"":""MultiPoint"",""coordinates"":[[-114.1574271,51.0687464],[-114.1576168,51.0686422],[-114.1576168,51.0686422],[-114.1576168,51.0686422],[-114.1576168,51.0686422]]}",POINT (-114.15742713122278 51.068746360697105),"{""type"":""MultiPoint"",""coordinates"":[[-114.0227992,50.856667],[-114.0223762,50.856676],[-114.0226255,50.8566715],[-114.0224645,50.8566715],[-114.022545,50.8566715],[-114.0227129,50.856667],[-114.0227935,50.8565541],[-114.0223725,50.8565518],[-114.0227071,50.8565527],[-114.0224606,50.8565556],[-114.0225417,50.8565528],[-114.0226236,50.8565532]]}",POINT (-114.02279915265932 50.85666696729548),a,4411 17 AV NW,117
BP2020-10190,Completed,2020-07-28,2020,2020-09-02,2021-07-05,2021,Commercial / Multi Family Project,Building,1508 - Apt Fourplex,Apartment,Residential,New,New,New,Part 9 Residential 2 Storey - Fourplex w/ Detached 4 Car Garage,TRICOR DESIGN GROUP,,AAD CRYSTAL HOMES,4,"$1,699,411",,#1 4414 17 AV NW,MON,MONTGOMERY,51.06902069,-114.1573209,5,Titled Parcel;Building;Building;Building;Building,4416 17 AV NW;#2 4414 17 AV NW;#2 4416 17 AV NW;#1 4414 17 AV NW;#1 4416 17 AV NW,"MULTIPOINT (-114.15732089414509 51.06902068965069,-114.15703286441077 51.069079842601845,-114.15709819114691 51.06914100167255,-114.15719303473884 51.068998755971066,-114.15726873259386 51.06905514544852)","{""type"":""MultiPoint"",""coordinates"":[[-114.1573209,51.0690207],[-114.1570329,51.0690798],[-114.1570982,51.069141],[-114.157193,51.0689988],[-114.1572687,51.0690551]]}",POINT (-114.15732089414509 51.06902068965069),"{""type"":""MultiPoint"",""coordinates"":[[-114.0758846,50.8590539],[-114.0760491,50.8591145],[-114.0761355,50.8591144],[-114.0763929,50.8591142],[-114.0764781,50.8591142],[-114.0763054,50.8591139],[-114.0762264,50.859114]]}",POINT (-114.07588457281499 50.859053851593266),a,4414 17 AV NW,117
BP2018-07434,Completed,2018-06-12,2018,2018-09-18,2020-02-27,2020,Commercial / Multi Family Project,Building,1606 - Ths Townhouse,Townhouse,Residential,New,New,New,"40 Street SW 6-plex: 3 storey, 6 residential units",MAX TAYEFI ARCHITECT,,,6,"$1,451,655",,1640 40 ST SW,RCK,ROSSCARROCK,51.03819702,-114.1452823,7,Titled Parcel;Building;Building;Building;Building;Building;Building,1644 40 ST SW;1640 40 ST SW;4020 16A AV SW;4024 16A AV SW;4026 16A AV SW;4028 16A AV SW;4022 16A AV SW,"MULTIPOINT (-114.14528230236404 51.03819701815517,-114.14525393939476 51.038255486778326,-114.14482972216616 51.03819797541939,-114.14502594510566 51.038214857566615,-114.14507045595848 51.03821338194505,-114.14518513771684 51.038213239538536,-114.14491427041679 51.038214519631694)","{""type"":""MultiPoint"",""coordinates"":[[-114.1452823,51.038197],[-114.1452539,51.0382555],[-114.1448297,51.038198],[-114.1450259,51.0382149],[-114.1450705,51.0382134],[-114.1451851,51.0382132],[-114.1449143,51.0382145]]}",POINT (-114.14528230236404 51.03819701815517),"{""type"":""MultiPoint"",""coordinates"":[[-113.9771055,50.8649557],[-113.9767723,50.8648133],[-113.9768302,50.8648467],[-113.9768813,50.8648733],[-113.9770376,50.8649709],[-113.9769797,50.8649395],[-113.9769293,50.8649048]]}",POINT (-113.97710550486093 50.86495574511783),a,40 ST SW,118
BP2019-00829,Completed,2019-01-25,2019,2019-03-29,2020-03-20,2020,Commercial / Multi Family Project,Building,1606 - Ths Townhouse,Townhouse,Residential,New,New,New,Part 9 (9.10.15) - Residential 3 Storey Townhouse (Building #2 - 8 Units),TRUMAN HOMES 1995,,,8,"$2,373,186",,7840 8A AV SW,WSP,WEST SPRINGS,51.06201534,-114.1996306,9,Titled Parcel;Building;Building;Building;Building;Building;Building;Building;Building,841 77 ST SW;#203 830 78 ST SW;#202 830 78 ST SW;#207 830 78 ST SW;#201 830 78 ST SW;#204 830 78 ST SW;#206 830 78 ST SW;7840 8A AV SW;#205 830 78 ST SW,"MULTIPOINT (-114.19963058792676 51.06201534391765,-114.20004457231362 51.06238955235365,-114.20004363400969 51.06243665108752,-114.2000424900214 51.06217120467238,-114.20003935460669 51.06249302393687,-114.20003864733542 51.06232890887094,-114.20004269605269 51.06221901163737,-114.20004110472321 51.06211127259605,-114.20004067882932 51.06227396024223)","{""type"":""MultiPoint"",""coordinates"":[[-114.1996306,51.0620153],[-114.2000446,51.0623896],[-114.2000436,51.0624367],[-114.2000425,51.0621712],[-114.2000394,51.062493],[-114.2000386,51.0623289],[-114.2000427,51.062219],[-114.2000411,51.0621113],[-114.2000407,51.062274]]}",POINT (-114.19963058792676 51.06201534391765),"{""type"":""MultiPoint"",""coordinates"":[[-113.9458285,50.8937224],[-113.9461453,50.8937225],[-113.9462281,50.8937226],[-113.9459114,50.8937224],[-113.9460673,50.8937225],[-113.9459893,50.8937225],[-113.9459842,50.8936613],[-113.9459052,50.8936641],[-113.9462219,50.893671],[-113.9461437,50.893669],[-113.946067,50.893669],[-113.9458308,50.8936641]]}",POINT (-113.94582851357245 50.8937223773315),a,8A AV SW,119
BP2019-00830,Completed,2019-01-25,2019,2019-03-29,2020-01-21,2020,Commercial / Multi Family Project,Building,1606 - Ths Townhouse,Townhouse,Residential,New,New,New,Part 9 (9.10.15) - Residential 3 Storey Townhouse (Building #4 - 8 Units),TRUMAN HOMES 1995,,,8,"$2,373,186",,838 78 ST SW,WSP,WEST SPRINGS,51.06201534,-114.1996306,9,Titled Parcel;Building;Building;Building;Building;Building;Building;Building;Building,841 77 ST SW;7880 8A AV SW;836 78 ST SW;840 78 ST SW;838 78 ST SW;834 78 ST SW;844 78 ST SW;846 78 ST SW;842 78 ST SW,"MULTIPOINT (-114.19963058792676 51.06201534391765,-114.20065259847921 51.06211379346532,-114.2006551104455 51.06243417369296,-114.20065465390542 51.06232856327821,-114.20065602768402 51.06238564562491,-114.20065535721457 51.06249125797321,-114.2006513492417 51.06222082718736,-114.20065338925467 51.06216801808472,-114.20064762584477 51.06227363917902)","{""type"":""MultiPoint"",""coordinates"":[[-114.1996306,51.0620153],[-114.2006526,51.0621138],[-114.2006551,51.0624342],[-114.2006547,51.0623286],[-114.200656,51.0623856],[-114.2006554,51.0624913],[-114.2006513,51.0622208],[-114.2006534,51.062168],[-114.2006476,51.0622736]]}",POINT (-114.19963058792676 51.06201534391765),"{""type"":""MultiPoint"",""coordinates"":[[-114.004243,50.9575633],[-114.0043448,50.9576514],[-114.0041414,50.9576514],[-114.0044141,50.9576495],[-114.0042122,50.9576504],[-114.0042845,50.9576514],[-114.0040691,50.9576523]]}",POINT (-114.00424304909579 50.95756328128834),a,78 ST SW,119
BP2022-16733,Completed,2022-09-29,2022,2022-10-21,2023-08-22,2023,Commercial / Multi Family Project,Building,1706 - Rhs Rowhouse,Unspecified,Residential,New,New,New,4 Unit Residential Rowhouse - Blk 35 Lot 8-11,MATTAMY HOMES CALGARY,,MATTAMY HOMES CALGARY,4,"$834,684",,11149 CITYSCAPE DR NE,CSC,CITYSCAPE,51.15212407,-113.9560914,4,Titled Parcel;Titled Parcel;Titled Parcel;Titled Parcel,11161 CITYSCAPE DR NE;11153 CITYSCAPE DR NE;11149 CITYSCAPE DR NE;11157 CITYSCAPE DR NE,"MULTIPOINT (-113.9560913919129 51.152124066295315,-113.95627309069516 51.15214211349283,-113.95636975053087 51.15215113915306,-113.95618805167538 51.15213309210572)","{""type"":""MultiPoint"",""coordinates"":[[-113.9560914,51.1521241],[-113.9562731,51.1521421],[-113.9563698,51.1521511],[-113.9561881,51.1521331]]}",POINT (-113.9560913919129 51.152124066295315),"{""type"":""MultiPoint"",""coordinates"":[[-113.9354518,51.0426879],[-113.9355404,51.0409198],[-113.9355459,51.0410762],[-113.9355468,51.0411142],[-113.9355413,51.040959],[-113.9355413,51.0409971],[-113.935545,51.0410381]]}",POINT (-113.93545182538885 51.04268794942332),a,CITYSCAPE DR NE,120
BP2022-12672,Completed,2022-07-21,2022,2022-08-08,2023-06-26,2023,Commercial / Multi Family Project,Building,1706 - Rhs Rowhouse,Unspecified,Residential,New,New,New,3 unit rowhouse,MATTAMY HOMES CALGARY,,MATTAMY HOMES CALGARY,3,"$633,177",,11117 CITYSCAPE DR NE,CSC,CITYSCAPE,51.15220527,-113.9568823,3,Titled Parcel;Titled Parcel;Titled Parcel,11129 CITYSCAPE DR NE;11117 CITYSCAPE DR NE;11125 CITYSCAPE DR NE,"MULTIPOINT (-113.95688231543637 51.15220526661448,-113.95718372897937 51.15221886167957,-113.95698599374228 51.152214294352206)","{""type"":""MultiPoint"",""coordinates"":[[-113.9568823,51.1522053],[-113.9571837,51.1522189],[-113.956986,51.1522143]]}",POINT (-113.95688231543637 51.15220526661448),"{""type"":""MultiPoint"",""coordinates"":[[-113.9526356,51.1340492],[-113.9526356,51.1341031],[-113.9526357,51.1339907],[-113.9526388,51.1338649],[-113.9526357,51.1339368],[-113.9526355,51.134166],[-113.9527469,51.1340511],[-113.9527486,51.1338836],[-113.9527439,51.1339911],[-113.9527459,51.1341542],[-113.9527483,51.1341009],[-113.9527485,51.1339398]]}",POINT (-113.9526356224575 51.134049164239954),a,CITYSCAPE DR NE,120
BP2023-01267,Completed,2023-02-01,2023,2023-03-07,2023-08-29,2023,Commercial / Multi Family Project,Building,1706 - Rhs Rowhouse,Unspecified,Residential,New,New,New,4 Unit Residential Rowhouse - Blk 35 Lot 12-15,MATTAMY HOMES CALGARY,,MATTAMY HOMES CALGARY,4,"$830,167",,11165 CITYSCAPE DR NE,CSC,CITYSCAPE,51.15209702,-113.9558865,4,Titled Parcel;Titled Parcel;Titled Parcel;Titled Parcel,11169 CITYSCAPE DR NE;11165 CITYSCAPE DR NE;9 CITYSPRING LI NE;11173 CITYSCAPE DR NE,"MULTIPOINT (-113.95588651747559 51.15209702051027,-113.95598315857174 51.15211054126677,-113.95563658866504 51.151966577258996,-113.95580146432054 51.1520879988367)","{""type"":""MultiPoint"",""coordinates"":[[-113.9558865,51.152097],[-113.9559832,51.1521105],[-113.9556366,51.1519666],[-113.9558015,51.152088]]}",POINT (-113.95588651747559 51.15209702051027),"{""type"":""MultiPoint"",""coordinates"":[[-113.9611907,51.1532765],[-113.9612853,51.1532766],[-113.9613994,51.1532721],[-113.961395,51.1530564],[-113.9611008,51.1532765],[-113.9609211,51.1530517],[-113.9612839,51.1530518],[-113.9610063,51.1532765],[-113.960812,51.1532764],[-113.9611939,51.1530518],[-113.961104,51.1530518],[-113.9609148,51.1532764],[-113.9610125,51.1530517],[-113.9608122,51.1530517],[-113.9612792,51.1531262],[-113.9611865,51.1531262],[-113.9613751,51.1531984],[-113.961189,51.1531985],[-113.9608229,51.1531986],[-113.9612783,51.1531985],[-113.9609151,51.1531261],[-113.9608196,51.153126],[-113.9613765,51.1531262],[-113.9610967,51.1531985],[-113.9610045,51.1531985],[-113.961004,51.1531261],[-113.9609122,51.1531986],[-113.9610929,51.1531261]]}",POINT (-113.9611907183663 51.153276533778225),a,CITYSCAPE DR NE,120
BP2022-16651,Completed,2022-09-28,2022,2022-10-20,2023-07-24,2023,Commercial / Multi Family Project,Building,1606 - Ths Townhouse,Townhouse,Residential,New,New,New,4 Unit Residential Rowhouse - Blk 35 Lot 4-7,MATTAMY HOMES CALGARY,,MATTAMY HOMES CALGARY,4,"$831,983",,11145 CITYSCAPE DR NE,CSC,CITYSCAPE,51.15219623,-113.9567619,4,Titled Parcel;Titled Parcel;Titled Parcel;Titled Parcel,11133 CITYSCAPE DR NE;11137 CITYSCAPE DR NE;11145 CITYSCAPE DR NE;11141 CITYSCAPE DR NE,"MULTIPOINT (-113.9567619135189 51.152196232604425,-113.95665967896271 51.15218720520298,-113.95647798408024 51.15216466382387,-113.9565746254908 51.15217818409164)","{""type"":""MultiPoint"",""coordinates"":[[-113.9567619,51.1521962],[-113.9566597,51.1521872],[-113.956478,51.1521647],[-113.9565746,51.1521782]]}",POINT (-113.9567619135189 51.152196232604425),"{""type"":""MultiPoint"",""coordinates"":[[-113.9623052,51.1289781],[-113.9619096,51.1290352],[-113.9620072,51.1290887],[-113.961684,51.129077],[-113.9621595,51.1290862],[-113.9616634,51.1290867],[-113.9621997,51.1290758],[-113.9621801,51.1290875],[-113.9616232,51.1290763],[-113.9618167,51.1290887],[-113.9620288,51.1290758],[-113.9616428,51.1290867],[-113.9618342,51.129088],[-113.9619886,51.1290881],[-113.9617941,51.1290763],[-113.9618559,51.1290764],[-113.9621399,51.1290758],[-113.961967,51.1290771]]}",POINT (-113.96230519363854 51.12897805158412),a,CITYSCAPE DR NE,120
BP2023-02088,Completed,2023-02-21,2023,2023-03-15,2023-09-08,2023,Commercial / Multi Family Project,Building,1606 - Ths Townhouse,Townhouse,Residential,New,New,New,"A new, two storey, 4 unit rowhouse, Part 9, Group C occupancy",MATTAMY HOMES CALGARY,,MATTAMY HOMES CALGARY,4,"$834,684",,11237 CITYSCAPE DR NE,CSC,CITYSCAPE,51.15196171,-113.954654,4,Titled Parcel;Titled Parcel;Titled Parcel;Titled Parcel,11233 CITYSCAPE DR NE;11225 CITYSCAPE DR NE;11237 CITYSCAPE DR NE;11229 CITYSCAPE DR NE,"MULTIPOINT (-113.95465404768018 51.151961705715486,-113.95483169025341 51.15197525879621,-113.95455577339402 51.15195267800992,-113.95473418776072 51.15196623153858)","{""type"":""MultiPoint"",""coordinates"":[[-113.954654,51.1519617],[-113.9548317,51.1519753],[-113.9545558,51.1519527],[-113.9547342,51.1519662]]}",POINT (-113.95465404768018 51.151961705715486),"{""type"":""MultiPoint"",""coordinates"":[[-114.1051999,51.1807796],[-114.1048716,51.1803528],[-114.1052083,51.180636],[-114.1049005,51.180404],[-114.1050854,51.1805596],[-114.105031,51.1805168],[-114.1049669,51.180472],[-114.1049322,51.1804431],[-114.1051381,51.1806015],[-114.1048477,51.1803086]]}",POINT (-114.10519988542508 51.18077963983314),a,CITYSCAPE DR NE,120
BP2023-01668,Completed,2023-02-10,2023,2023-03-23,2023-09-20,2023,Commercial / Multi Family Project,Building,1706 - Rhs Rowhouse,Unspecified,Residential,New,New,New,4 Unit Residential Rowhouse - Blk 36 Lot 9-12,MATTAMY HOMES CALGARY,,MATTAMY HOMES CALGARY,4,"$828,817",,11221 CITYSCAPE DR NE,CSC,CITYSCAPE,51.15199781,-113.955037,4,Titled Parcel;Titled Parcel;Titled Parcel;Titled Parcel,11217 CITYSCAPE DR NE;11221 CITYSCAPE DR NE;11213 CITYSCAPE DR NE;10 CITYSPRING LI NE,"MULTIPOINT (-113.9550369967116 51.15199781181162,-113.95494035175054 51.151988785055494,-113.95512204519176 51.152011328823285,-113.9553472397782 51.15193949846074)","{""type"":""MultiPoint"",""coordinates"":[[-113.955037,51.1519978],[-113.9549404,51.1519888],[-113.955122,51.1520113],[-113.9553472,51.1519395]]}",POINT (-113.9550369967116 51.15199781181162),,,,CITYSCAPE DR NE,120
BP2023-02041,Completed,2023-02-18,2023,2023-03-20,2023-11-21,2023,Commercial / Multi Family Project,Building,1606 - Ths Townhouse,Townhouse,Residential,New,New,New,new 4-unit townhouse where no unit is located above another.,MATTAMY HOMES CALGARY,,MATTAMY HOMES CALGARY,4,"$834,684",,11257 CITYSCAPE DR NE,CSC,CITYSCAPE,51.15194802,-113.9541278,4,Titled Parcel;Titled Parcel;Titled Parcel;Titled Parcel,11257 CITYSCAPE DR NE;11245 CITYSCAPE DR NE;11249 CITYSCAPE DR NE;11241 CITYSCAPE DR NE,"MULTIPOINT (-113.95412782614996 51.151948016188115,-113.95434674757915 51.151948101833895,-113.95426028533528 51.15194806805736,-113.95444523077664 51.15194814022858)","{""type"":""MultiPoint"",""coordinates"":[[-113.9541278,51.151948],[-113.9543467,51.1519481],[-113.9542603,51.1519481],[-113.9544452,51.1519481]]}",POINT (-113.95412782614996 51.151948016188115),,,,CITYSCAPE DR NE,120
BP2017-08492,Completed,2017-07-06,2017,2017-09-12,2018-10-30,2018,Commercial / Multi Family Project,Building,1606 - Ths Townhouse,Townhouse,Residential,New,New,New,3 storey 4-plex,CUBIT DESIGN GROUP,,MJ HOMES,4,"$793,802",,#1 2412 17A ST SW,BNK,BANKVIEW,51.03278044,-114.1032493,5,Titled Parcel;Building;Building;Building;Building,2412 17A ST SW;#1 2412 17A ST SW;#2 2410 17A ST SW;#1 2410 17A ST SW;#2 2412 17A ST SW,"MULTIPOINT (-114.10324926172457 51.03278043653604,-114.10317938018757 51.03279602355913,-114.10300446636381 51.03284969386231,-114.1031760599142 51.032828848084165,-114.10300844325224 51.032772153724515)","{""type"":""MultiPoint"",""coordinates"":[[-114.1032493,51.0327804],[-114.1031794,51.032796],[-114.1030045,51.0328497],[-114.1031761,51.0328288],[-114.1030084,51.0327722]]}",POINT (-114.10324926172457 51.03278043653604),"{""type"":""MultiPoint"",""coordinates"":[[-113.9354518,51.0426879],[-113.9359148,51.0409842],[-113.9359147,51.0410228],[-113.9359137,51.0411019],[-113.9359347,51.0409069],[-113.9359215,51.0409467],[-113.9359156,51.0410615]]}",POINT (-113.93545182538885 51.04268794942332),a,2412 17A ST SW,121
BP2017-11463,Completed,2017-08-30,2017,2017-10-16,2018-07-30,2018,Commercial / Multi Family Project,Building,1606 - Ths Townhouse,Townhouse,Residential,New,New,New,Part 9 Residential 2 Storey 4-Plex & Garage,MILLENIUM PLUS HOMES RENOVATION,,MILLENIUM PLUS HOMES RENOVATION,4,"$761,397",,1940 32 ST SW,KIL,KILLARNEY/GLENGARRY,51.03636363,-114.1335408,5,Titled Parcel;Building;Building;Building;Building,3214 19 AV SW;3216 19 AV SW;3220 19 AV SW;1940 32 ST SW;3218 19 AV SW,"MULTIPOINT (-114.13354078296588 51.036363630403116,-114.13358589211595 51.03639221120853,-114.13374547342518 51.03639392553347,-114.13382244237968 51.036395266796895,-114.13366437034519 51.03639283167085)","{""type"":""MultiPoint"",""coordinates"":[[-114.1335408,51.0363636],[-114.1335859,51.0363922],[-114.1337455,51.0363939],[-114.1338224,51.0363953],[-114.1336644,51.0363928]]}",POINT (-114.13354078296588 51.036363630403116),"{""type"":""MultiPoint"",""coordinates"":[[-113.9630506,51.1679121],[-113.9631168,51.1677717],[-113.9631169,51.167772],[-113.9631169,51.167772],[-113.9630297,51.1677466],[-113.963169,51.1677514],[-113.9631169,51.167772],[-113.9631169,51.167772]]}",POINT (-113.96305057842679 51.16791213043406),a,32 ST SW,122
BP2018-02621,Completed,2018-03-12,2018,2018-04-25,2021-03-24,2021,Commercial / Multi Family Project,Building,1606 - Ths Townhouse,Townhouse,Residential,New,New,New,Part 9 (9.10.15) - Residential 3 Storey Rowhouses (2-7 Unit Row Houses & 1-5 Unit Rowhouse),CYNC ARCHITECTURE,,,19,"$3,271,000",,#1 5115 4A ST SW,WND,WINDSOR PARK,51.00860646,-114.0742909,20,Titled Parcel;Building;Building;Building;Building;Building;Building;Building;Building;Building;Building;Building;Building;Building;Building;Building;Building;Building;Building;Building,501 50 AV SW;511 50 AV SW;503 50 AV SW;5109 4A ST SW;5111 4A ST SW;513 50 AV SW;#1 5115 4A ST SW;#4 5115 4A ST SW;#5 5115 4A ST SW;5113 4A ST SW;#3 5115 4A ST SW;515 50 AV SW;#7 5115 4A ST SW;5107 4A ST SW;505 50 AV SW;#6 5115 4A ST SW;507 50 AV SW;#2 5115 4A ST SW;5105 4A ST SW;509 50 AV SW,"MULTIPOINT (-114.07429091296672 51.00860646172929,-114.07471540080776 51.00853162974794,-114.07446686325984 51.00853330768017,-114.07421934952426 51.008408641914926,-114.07421324580396 51.008369827874944,-114.07478898284182 51.00853006339972,-114.07445812412054 51.00834379048043,-114.07464633336156 51.00834519866124,-114.07471027066335 51.00834515779816,-114.07421560626729 51.00833100845866,-114.07458118729238 51.00834675953553,-114.07486017828965 51.00853305635805,-114.07484539945398 51.0083458264631,-114.07422182814369 51.00845278920297,-114.07452960386149 51.008533267678665,-114.07477782732639 51.008345114583896,-114.07459596262781 51.00853247019126,-114.07451603390162 51.00834375356438,-114.07422189009438 51.00849160707986,-114.07466231202042 51.00853471122137)","{""type"":""MultiPoint"",""coordinates"":[[-114.0742909,51.0086065],[-114.0747154,51.0085316],[-114.0744669,51.0085333],[-114.0742193,51.0084086],[-114.0742132,51.0083698],[-114.074789,51.0085301],[-114.0744581,51.0083438],[-114.0746463,51.0083452],[-114.0747103,51.0083452],[-114.0742156,51.008331],[-114.0745812,51.0083468],[-114.0748602,51.0085331],[-114.0748454,51.0083458],[-114.0742218,51.0084528],[-114.0745296,51.0085333],[-114.0747778,51.0083451],[-114.074596,51.0085325],[-114.074516,51.0083438],[-114.0742219,51.0084916],[-114.0746623,51.0085347]]}",POINT (-114.07429091296672 51.00860646172929),"{""type"":""MultiPoint"",""coordinates"":[[-114.0768121,51.182748],[-114.0768117,51.1824962],[-114.0768118,51.1825502],[-114.0768118,51.1825996],[-114.076812,51.1826895],[-114.0768119,51.1826446],[-114.076635,51.1826988],[-114.0766347,51.1825535],[-114.0766348,51.1825975],[-114.0766349,51.1826415],[-114.0766367,51.1824935],[-114.0766372,51.1827414]]}",POINT (-114.07681209251277 51.182747952134186),a,5115 4A ST SW,123
BP2021-01645,Completed,2021-02-01,2021,2021-02-24,2021-08-24,2021,Commercial / Multi Family Project,Building,1706 - Rhs Rowhouse,Unspecified,Residential,New,New,New,Part 9 Townhomes,,BAYWEST HOMES,BAYWEST HOMES,4,"$711,674",,733 MARINE DR SE,MAH,MAHOGANY,50.89099172,-113.9255162,8,Titled Parcel;Titled Parcel;Titled Parcel;Titled Parcel;Building;Building;Building;Building,729 MARINE DR SE;737 MARINE DR SE;733 MARINE DR SE;725 MARINE DR SE;733 MARINE DR SE;725 MARINE DR SE;737 MARINE DR SE;729 MARINE DR SE,"MULTIPOINT (-113.92551620697479 50.890991719188534,-113.9255172817737 50.89087035524378,-113.925516300169 50.890933284426225,-113.92551609227381 50.891063638895204,-113.9255948371519 50.89093796434274,-113.92559464901183 50.89105605650191,-113.92559494004406 50.890873380444695,-113.92559474790872 50.89099398080496)","{""type"":""MultiPoint"",""coordinates"":[[-113.9255162,50.8909917],[-113.9255173,50.8908704],[-113.9255163,50.8909333],[-113.9255161,50.8910636],[-113.9255948,50.890938],[-113.9255946,50.8910561],[-113.9255949,50.8908734],[-113.9255947,50.890994]]}",POINT (-113.92551620697479 50.890991719188534),"{""type"":""Point"",""coordinates"":[-114.0847054,51.0683587]}",POINT (-114.08470537735887 51.068358704455804),a,MARINE DR SE,124
BP2019-10504,Completed,2019-08-07,2019,2019-08-16,2020-10-01,2020,Commercial / Multi Family Project,Building,1706 - Rhs Rowhouse,Unspecified,Residential,New,New,New,5 Unit Rowhouse,,BAYWEST HOMES,BAYWEST HOMES,5,"$952,147",,717 MARINE DR SE,MAH,MAHOGANY,50.89114455,-113.9255151,10,Titled Parcel;Titled Parcel;Titled Parcel;Titled Parcel;Titled Parcel;Building;Building;Building;Building;Building,721 MARINE DR SE;709 MARINE DR SE;717 MARINE DR SE;705 MARINE DR SE;713 MARINE DR SE;721 MARINE DR SE;705 MARINE DR SE;709 MARINE DR SE;713 MARINE DR SE;717 MARINE DR SE,"MULTIPOINT (-113.9255150819874 50.89114454800187,-113.92551750300373 50.89131985400367,-113.92551679380482 50.891211973885866,-113.92552003205914 50.89139177539292,-113.92551758902866 50.89126591422614,-113.9256965605034 50.89115457958628,-113.92571476821223 50.89138692801216,-113.9257010097462 50.89132410632268,-113.92569957303678 50.891262272380494,-113.92569307659512 50.891218091522624)","{""type"":""MultiPoint"",""coordinates"":[[-113.9255151,50.8911445],[-113.9255175,50.8913199],[-113.9255168,50.891212],[-113.92552,50.8913918],[-113.9255176,50.8912659],[-113.9256966,50.8911546],[-113.9257148,50.8913869],[-113.925701,50.8913241],[-113.9256996,50.8912623],[-113.9256931,50.8912181]]}",POINT (-113.9255150819874 50.89114454800187),"{""type"":""MultiPoint"",""coordinates"":[[-114.0768108,51.1819793],[-114.0768109,51.1820243],[-114.0768107,51.181876],[-114.076811,51.1820737],[-114.0768108,51.1819344],[-114.0768111,51.1821277]]}",POINT (-114.07681082944674 51.18197934883404),a,MARINE DR SE,124
BP2019-16031,Completed,2019-11-27,2019,2019-12-10,2020-06-18,2020,Commercial / Multi Family Project,Building,1706 - Rhs Rowhouse,Unspecified,Residential,New,New,New,4 Unit Rowhouse and Detached Garages,,BAYWEST HOMES,BAYWEST HOMES,4,"$741,974",,773 MARINE DR SE,MAH,MAHOGANY,50.89027252,-113.9255191,4,Titled Parcel;Titled Parcel;Titled Parcel;Titled Parcel,773 MARINE DR SE;765 MARINE DR SE;769 MARINE DR SE;761 MARINE DR SE,"MULTIPOINT (-113.9255191164203 50.8902725231974,-113.92551893004303 50.89038939273476,-113.92551813483149 50.89033545238637,-113.92551705287998 50.89046131132443)","{""type"":""MultiPoint"",""coordinates"":[[-113.9255191,50.8902725],[-113.9255189,50.8903894],[-113.9255181,50.8903355],[-113.9255171,50.8904613]]}",POINT (-113.9255191164203 50.8902725231974),"{""type"":""MultiPoint"",""coordinates"":[[-114.1018899,51.0225063],[-114.1012906,51.0222287]]}",POINT (-114.10188990201569 51.02250633111815),a,MARINE DR SE,124
BP2020-15859,Completed,2020-10-29,2020,2020-12-17,2021-06-18,2021,Commercial / Multi Family Project,Building,1706 - Rhs Rowhouse,Unspecified,Residential,New,New,New,Mahogany 101 Building 9 (5 units),,BAYWEST HOMES,BAYWEST HOMES,5,"$894,189",,741 MARINE DR SE,MAH,MAHOGANY,50.89071753,-113.9255166,5,Titled Parcel;Titled Parcel;Titled Parcel;Titled Parcel;Titled Parcel,745 MARINE DR SE;749 MARINE DR SE;753 MARINE DR SE;741 MARINE DR SE;757 MARINE DR SE,"MULTIPOINT (-113.92551658741382 50.89071752526247,-113.92551579936855 50.89065908993515,-113.9255158782247 50.89060964513348,-113.9255155986428 50.89078494942842,-113.92551686699133 50.89054222096548)","{""type"":""MultiPoint"",""coordinates"":[[-113.9255166,50.8907175],[-113.9255158,50.8906591],[-113.9255159,50.8906096],[-113.9255156,50.8907849],[-113.9255169,50.8905422]]}",POINT (-113.92551658741382 50.89071752526247),,,,MARINE DR SE,124
BP2019-11769,Completed,2019-08-28,2019,2019-09-24,2020-10-27,2020,Commercial / Multi Family Project,Building,1706 - Rhs Rowhouse,Unspecified,Residential,New,New,New,4 unit rowhouse and detached garage,SAVILLE HOMES,,SAVILLE HOMES,4,"$1,034,164",,2404 28 AV SW,RIC,RICHMOND,51.02897177,-114.1145178,2,Titled Parcel;Building,2847 22 ST SW;2404 28 AV SW,"MULTIPOINT (-114.11451778965923 51.028971765079795,-114.11459936685499 51.028783232746434)","{""type"":""MultiPoint"",""coordinates"":[[-114.1145178,51.0289718],[-114.1145994,51.0287832]]}",POINT (-114.11451778965923 51.028971765079795),"{""type"":""MultiPoint"",""coordinates"":[[-114.0908409,51.1813086],[-114.0903714,51.1810842],[-114.0903598,51.1809988],[-114.090685,51.1813042],[-114.0904089,51.181183],[-114.0905163,51.1812729]]}",POINT (-114.09084092002117 51.181308567039174),a,28 AV SW,125
BP2018-08436,Completed,2018-06-28,2018,2018-08-14,2019-05-22,2019,Commercial / Multi Family Project,Building,1606 - Ths Townhouse,Townhouse,Residential,New,New,New,,BMP CONSTRUCTION MANAGEMENT,,,4,"$1,306,032",,2405 28 AV SW,RIC,RICHMOND,51.02846379,-114.1145744,5,Titled Parcel;Building;Building;Building;Building,2403 28 AV SW;2911 22 ST SW;2405 28 AV SW;2905 22 ST SW;2909 22 ST SW,"MULTIPOINT (-114.11457440156798 51.02846378806362,-114.11454998919177 51.0282644190717,-114.11464536772519 51.028400862050816,-114.11456455056552 51.02835955244071,-114.11455917162984 51.02831721593399)","{""type"":""MultiPoint"",""coordinates"":[[-114.1145744,51.0284638],[-114.11455,51.0282644],[-114.1146454,51.0284009],[-114.1145646,51.0283596],[-114.1145592,51.0283172]]}",POINT (-114.11457440156798 51.02846378806362),,,,28 AV SW,125
BP2018-10733,Completed,2018-08-13,2018,2018-10-24,2019-10-23,2019,Commercial / Multi Family Project,Building,1606 - Ths Townhouse,Townhouse,Residential,New,New,New,The Townhousev by NDM - 4 units non stacked row houses,MEIGA DEVELOPMENT CORPORATION,,,4,"$1,700,000",,1540 30 AV SW,SOC,SOUTH CALGARY,51.02687066,-114.0968429,5,Titled Parcel;Building;Building;Building;Building,1540 30 AV SW;1542 30 AV SW;1540 30 AV SW;1536 30 AV SW;1538 30 AV SW,"MULTIPOINT (-114.09684289706614 51.026870659476366,-114.09694018520752 51.02691693902403,-114.09683307604219 51.026918924663896,-114.09662247299488 51.02692024966965,-114.09673472034723 51.02692129850973)","{""type"":""MultiPoint"",""coordinates"":[[-114.0968429,51.0268707],[-114.0969402,51.0269169],[-114.0968331,51.0269189],[-114.0966225,51.0269202],[-114.0967347,51.0269213]]}",POINT (-114.09684289706614 51.026870659476366),"{""type"":""MultiPoint"",""coordinates"":[[-114.0711263,50.8753512],[-114.0711259,50.8752883],[-114.0711273,50.8754591],[-114.0711267,50.8754052],[-114.0711284,50.8755086],[-114.0711262,50.875576],[-114.0712416,50.8752854],[-114.0712504,50.8755719],[-114.0712481,50.8753973],[-114.0712482,50.8755106],[-114.0712438,50.8753467],[-114.0712439,50.8754533]]}",POINT (-114.07112629625506 50.87535123997074),a,30 AV SW,126
BP2019-16108,Completed,2019-11-28,2019,2020-03-05,2020-11-10,2020,Commercial / Multi Family Project,Building,1706 - Rhs Rowhouse,Unspecified,Residential,New,New,New,CH Park 7 Rowhouse - 2 townhouses,EAGLE CREST CONSTRUCTION,,EAGLE CREST CONSTRUCTION,7,"$1,091,265",,1521 20 AV NW,CAP,CAPITOL HILL,51.07041308,-114.0960314,3,Titled Parcel;Building;Building,1523 20 AV NW;1521 20 AV NW;1525 20 AV NW,"MULTIPOINT (-114.09603135593196 51.07041308462559,-114.0959477697648 51.070329710900666,-114.09613489816529 51.07032829860698)","{""type"":""MultiPoint"",""coordinates"":[[-114.0960314,51.0704131],[-114.0959478,51.0703297],[-114.0961349,51.0703283]]}",POINT (-114.09603135593196 51.07041308462559),"{""type"":""MultiPoint"",""coordinates"":[[-113.9100963,51.0356232],[-113.9116261,51.035103],[-113.9098025,51.0348499],[-113.9098039,51.0347271],[-113.9098028,51.0346872],[-113.9098026,51.0348063],[-113.909804,51.0346436],[-113.9098027,51.0347671]]}",POINT (-113.91009625619327 51.03562323661307),a,20 AV NW,127
BP2018-02245,Completed,2018-03-02,2018,2018-04-16,2018-11-19,2018,Commercial / Multi Family Project,Building,1507 - Apt Triplex,Apartment,Residential,New,New,New,New Tri-plex - Homes By Avi,HOMES BY AVI (CANADA),,HOMES BY AVI (CANADA),3,"$548,080",,8912 46 ST NE,SAD,SADDLE RIDGE,51.13280861,-113.9655156,4,Titled Parcel;Titled Parcel;Titled Parcel;Building,8912 46 ST NE;8920 46 ST NE;8916 46 ST NE;8912 46 ST NE,"MULTIPOINT (-113.96551560176573 51.13280861190987,-113.9655510778976 51.132943466320725,-113.9655511356611 51.13288503395706,-113.96540807224707 51.132827736987565)","{""type"":""MultiPoint"",""coordinates"":[[-113.9655156,51.1328086],[-113.9655511,51.1329435],[-113.9655511,51.132885],[-113.9654081,51.1328277]]}",POINT (-113.96551560176573 51.13280861190987),"{""type"":""MultiPoint"",""coordinates"":[[-114.0419234,51.1507494],[-114.0422196,51.1508257],[-114.0422993,51.1508436],[-114.0421459,51.1508122],[-114.0419986,51.1507763],[-114.0420723,51.1507943],[-114.0422693,51.1507465],[-114.0421134,51.1507123],[-114.0422012,51.1507323],[-114.0420438,51.1506962],[-114.0423419,51.1507636],[-114.0419727,51.1506781]]}",POINT (-114.0419233966291 51.15074939064039),a,46 ST NE,128
BP2020-08100,Completed,2020-06-22,2020,2020-07-29,2021-03-08,2021,Commercial / Multi Family Project,Building,1606 - Ths Townhouse,Townhouse,Residential,New,New,New,New - Part 9 Group C - Fourplex,TRICOR DESIGN GROUP,,CHANDAN HOMES,4,"$1,288,048",,#2 2412 24A ST SW,RIC,RICHMOND,51.03270236,-114.1191665,5,Titled Parcel;Building;Building;Building;Building,2412 24A ST SW;#2 2410 24A ST SW;#2 2412 24A ST SW;#1 2410 24A ST SW;#1 2412 24A ST SW,"MULTIPOINT (-114.11916647720606 51.032702361999135,-114.11881497279201 51.03274157361059,-114.11881453400262 51.032714937410766,-114.11912050689222 51.03273341453164,-114.1191200920882 51.032721764231106)","{""type"":""MultiPoint"",""coordinates"":[[-114.1191665,51.0327024],[-114.118815,51.0327416],[-114.1188145,51.0327149],[-114.1191205,51.0327334],[-114.1191201,51.0327218]]}",POINT (-114.11916647720606 51.032702361999135),"{""type"":""MultiPoint"",""coordinates"":[[-114.0429095,51.151239],[-114.0427785,51.1512078]]}",POINT (-114.04290950077629 51.15123896459085),a,2412 24A ST SW,129
BP2020-04404,Completed,2020-04-15,2020,2020-07-15,2021-01-06,2021,Commercial / Multi Family Project,Building,1706 - Rhs Rowhouse,Unspecified,Residential,New,New,New,"New 5 Unit Rowhouse, Building 15",,HOMES BY AVI (CANADA),HOMES BY AVI (CANADA),5,"$864,834",,196 LIVINGSTON VW NE,LIV,LIVINGSTON,51.18999906,-114.067818,5,Titled Parcel;Titled Parcel;Titled Parcel;Titled Parcel;Titled Parcel,204 LIVINGSTON VW NE;196 LIVINGSTON VW NE;208 LIVINGSTON VW NE;212 LIVINGSTON VW NE;216 LIVINGSTON VW NE,"MULTIPOINT (-114.06781798465201 51.189999060451385,-114.06791845151089 51.1899990021784,-114.06773073598701 51.189999110987536,-114.06764350162719 51.18999916145035,-114.06754303476738 51.189999219487255)","{""type"":""MultiPoint"",""coordinates"":[[-114.067818,51.1899991],[-114.0679185,51.189999],[-114.0677307,51.1899991],[-114.0676435,51.1899992],[-114.067543,51.1899992]]}",POINT (-114.06781798465201 51.189999060451385),"{""type"":""MultiPoint"",""coordinates"":[[-113.9512743,51.169899],[-113.9512743,51.1698226],[-113.9512743,51.1698585],[-113.9512743,51.169935],[-113.9512743,51.1697731],[-113.9512743,51.1699844],[-113.9514293,51.1698575],[-113.9514245,51.169936],[-113.9514294,51.1697778],[-113.9514254,51.1699764],[-113.9514274,51.1698979],[-113.9514303,51.1698212]]}",POINT (-113.95127428888551 51.16989900186441),a,LIVINGSTON VW NE,130
BP2020-08835,Completed,2020-07-06,2020,2020-08-14,2021-01-28,2021,Commercial / Multi Family Project,Building,1706 - Rhs Rowhouse,Unspecified,Residential,New,New,New,"New 4 Unit Rowhouse, Building 16",,HOMES BY AVI (CANADA),HOMES BY AVI (CANADA),4,"$714,405",,228 LIVINGSTON VW NE,LIV,LIVINGSTON,51.18999939,-114.0672416,8,Titled Parcel;Titled Parcel;Titled Parcel;Titled Parcel;Building;Building;Building;Building,228 LIVINGSTON VW NE;220 LIVINGSTON VW NE;224 LIVINGSTON VW NE;232 LIVINGSTON VW NE;220 LIVINGSTON VW NE;224 LIVINGSTON VW NE;232 LIVINGSTON VW NE;228 LIVINGSTON VW NE,"MULTIPOINT (-114.067241634186 51.18999939308038,-114.0674293354075 51.18999928506415,-114.067328868547 51.189999342917154,-114.06714115301946 51.189999450780434,-114.06742446001627 51.190059994032865,-114.06733154628762 51.19006004753557,-114.06714298525246 51.19005930188485,-114.06724136365186 51.19005924539165)","{""type"":""MultiPoint"",""coordinates"":[[-114.0672416,51.1899994],[-114.0674293,51.1899993],[-114.0673289,51.1899993],[-114.0671412,51.1899995],[-114.0674245,51.19006],[-114.0673315,51.19006],[-114.067143,51.1900593],[-114.0672414,51.1900592]]}",POINT (-114.067241634186 51.18999939308038),"{""type"":""MultiPoint"",""coordinates"":[[-114.0899152,51.1856153],[-114.0898772,51.1856737],[-114.0901441,51.1854892],[-114.0899487,51.1855658],[-114.0900465,51.1856485],[-114.0901114,51.1855571],[-114.0900888,51.1855952],[-114.0900148,51.185697]]}",POINT (-114.08991521583249 51.185615262620566),,LIVINGSTON VW NE,130
BP2020-03044,Completed,2020-03-12,2020,2020-03-18,2021-01-18,2021,Commercial / Multi Family Project,Building,1706 - Rhs Rowhouse,Unspecified,Residential,New,New,New,,,HOMES BY AVI (CANADA),HOMES BY AVI (CANADA),5,"$871,863",,176 LIVINGSTON VW NE,LIV,LIVINGSTON,51.18999888,-114.0681326,5,Titled Parcel;Titled Parcel;Titled Parcel;Titled Parcel;Titled Parcel,188 LIVINGSTON VW NE;176 LIVINGSTON VW NE;192 LIVINGSTON VW NE;180 LIVINGSTON VW NE;184 LIVINGSTON VW NE,"MULTIPOINT (-114.0681326177271 51.189998877669375,-114.06840798246306 51.189998717005565,-114.06803213656352 51.18999893613456,-114.06830708644367 51.18999877594939,-114.06821985208552 51.18999882684191)","{""type"":""MultiPoint"",""coordinates"":[[-114.0681326,51.1899989],[-114.068408,51.1899987],[-114.0680321,51.1899989],[-114.0683071,51.1899988],[-114.0682199,51.1899988]]}",POINT (-114.0681326177271 51.189998877669375),"{""type"":""MultiPoint"",""coordinates"":[[-114.0895021,50.8779996],[-114.0895061,50.8778918],[-114.0896457,50.8778726],[-114.0896429,50.878023]]}",POINT (-114.0895021379798 50.87799963552549),,LIVINGSTON VW NE,130
BP2020-09532,Completed,2020-07-17,2020,2020-07-31,2021-03-23,2021,Commercial / Multi Family Project,Building,1706 - Rhs Rowhouse,Unspecified,Residential,New,New,New,"New 4 Unit Rowhouse, Building 17",,HOMES BY AVI (CANADA),HOMES BY AVI (CANADA),4,"$720,803",,236 LIVINGSTON VW NE,LIV,LIVINGSTON,51.18999952,-114.0670275,1,Titled Parcel,236 LIVINGSTON VW NE,POINT (-114.06702745365807 51.18999951596681),"{""type"":""Point"",""coordinates"":[-114.0670275,51.1899995]}",POINT (-114.06702745365807 51.18999951596681),,,,LIVINGSTON VW NE,130
BP2021-03052,Completed,2021-03-01,2021,2021-05-20,2023-04-04,2023,Commercial / Multi Family Project,Building,1606 - Ths Townhouse,Townhouse,Residential,New,New,New,The scope of this building permit includes a new 3 unit / triplex (approx. 233 m2) w/detached garages; located at 2202 24A ST SW.,MARKO CILIC,,MARKO CILIC,3,"$1,068,984",,2202 24A ST SW,RIC,RICHMOND,51.03461308,-114.1187765,5,Titled Parcel;Building;Building;Building;Building,2515 21 AV SW;2202 24A ST SW;2523 21 AV SW;2519 21 AV SW;2515 21 AV SW,"MULTIPOINT (-114.11877647265037 51.03461308178747,-114.11916477917606 51.034597484830066,-114.11898371822933 51.03460122924785,-114.11887621165478 51.03460490758106,-114.11899269863619 51.034572677639645)","{""type"":""MultiPoint"",""coordinates"":[[-114.1187765,51.0346131],[-114.1191648,51.0345975],[-114.1189837,51.0346012],[-114.1188762,51.0346049],[-114.1189927,51.0345727]]}",POINT (-114.11877647265037 51.03461308178747),"{""type"":""MultiPoint"",""coordinates"":[[-114.1070938,51.1809937],[-114.1070414,51.1809712],[-114.1069897,51.1809533],[-114.1071469,51.1810116],[-114.1069195,51.1809219],[-114.1072083,51.1810385],[-114.1071028,51.1810413],[-114.1070555,51.1810197],[-114.106943,51.180977],[-114.1068975,51.1809613],[-114.1071559,51.1810686],[-114.1069998,51.1809976]]}",POINT (-114.10709384091926 51.180993670204764),a,24A ST SW,131
BP2018-16214,Completed,2018-12-13,2018,2019-05-07,2020-10-22,2020,Commercial / Multi Family Project,Building,1606 - Ths Townhouse,Townhouse,Residential,New,New,New,Halden Townhouse - 3 storey 6 units townhouse,TARAPOINT CONSTRUCTION MANAGEMENT,,,6,"$1,273,187",,2826 15 ST SW,SOC,SOUTH CALGARY,51.02870908,-114.0968243,7,Titled Parcel;Building;Building;Building;Building;Building;Building,1540 28 AV SW;2828 15 ST SW;2822 15 ST SW;2826 15 ST SW;2820 15 ST SW;2830 15 ST SW;2824 15 ST SW,"MULTIPOINT (-114.09682426099441 51.02870908123073,-114.09688547621383 51.02878486811613,-114.09687893048252 51.02889999641292,-114.09688103946199 51.02882435482173,-114.09687901576982 51.028940908740765,-114.09688690798538 51.02874681327329,-114.09688185414878 51.028859558047685)","{""type"":""MultiPoint"",""coordinates"":[[-114.0968243,51.0287091],[-114.0968855,51.0287849],[-114.0968789,51.0289],[-114.096881,51.0288244],[-114.096879,51.0289409],[-114.0968869,51.0287468],[-114.0968819,51.0288596]]}",POINT (-114.09682426099441 51.02870908123073),"{""type"":""MultiPoint"",""coordinates"":[[-114.0422807,51.1525472],[-114.0414816,51.1523287],[-114.0418038,51.1523615],[-114.0416381,51.1523444],[-114.041881,51.1523736],[-114.0415701,51.1523359],[-114.0417278,51.1523565]]}",POINT (-114.04228072763124 51.152547175676844),a,15 ST SW,132
BP2019-13622,Completed,2019-10-03,2019,2019-10-21,2021-02-12,2021,Commercial / Multi Family Project,Building,1606 - Ths Townhouse,Townhouse,Residential,New,New,New,3 unit rowhouse and detached storage garage,MILLENIUM PLUS HOMES RENOVATION,,MPH,3,"$603,270",,#3 1524 28 AV SW,SOC,SOUTH CALGARY,51.02871133,-114.0961154,4,Titled Parcel;Building;Building;Building,1524 28 AV SW;#1 1524 28 AV SW;#3 1524 28 AV SW;#2 1524 28 AV SW,"MULTIPOINT (-114.09611544304792 51.02871132945242,-114.09607189987533 51.0287634878872,-114.09607141622256 51.02890880775939,-114.09606735995642 51.0288361558519)","{""type"":""MultiPoint"",""coordinates"":[[-114.0961154,51.0287113],[-114.0960719,51.0287635],[-114.0960714,51.0289088],[-114.0960674,51.0288362]]}",POINT (-114.09611544304792 51.02871132945242),,,,1524 28 AV SW,132
BP2018-01560,Completed,2018-02-14,2018,2018-07-24,2019-05-17,2019,Commercial / Multi Family Project,Building,1606 - Ths Townhouse,Townhouse,Residential,New,New,New,CB05 - 4 unit row house,BMP CONSTRUCTION MANAGEMENT,,,4,"$1,144,118",,#1 1818 5 ST SW,CLI,CLIFF BUNGALOW,51.03641649,-114.0740085,5,Titled Parcel;Building;Building;Building;Building,1818 5 ST SW;#1 1818 5 ST SW;#2 1818 5 ST SW;#4 1818 5 ST SW;#3 1818 5 ST SW,"MULTIPOINT (-114.07400853491221 51.03641649124643,-114.07392776502736 51.03639990234309,-114.07383761054514 51.0363994648998,-114.0736712489588 51.03640046886054,-114.07375386244175 51.036401864104505)","{""type"":""MultiPoint"",""coordinates"":[[-114.0740085,51.0364165],[-114.0739278,51.0363999],[-114.0738376,51.0363995],[-114.0736712,51.0364005],[-114.0737539,51.0364019]]}",POINT (-114.07400853491221 51.03641649124643),"{""type"":""MultiPoint"",""coordinates"":[[-113.9366243,51.1532164],[-113.9372652,51.1539797],[-113.9369522,51.1539789],[-113.9371139,51.1539796],[-113.9371933,51.1539784],[-113.9373436,51.1539815],[-113.9370345,51.1539801]]}",POINT (-113.93662430241723 51.153216361146576),a,1818 5 ST SW,133
BP2020-10896,Completed,2020-08-10,2020,2020-10-23,2021-08-30,2021,Commercial / Multi Family Project,Building,1706 - Rhs Rowhouse,Unspecified,Residential,New,New,New,Group C Residential Rowhouse,FORMED ALLIANCE ARCHITECTURE STUDIO,,KALAMOIR,4,"$844,615",,2717B 28 AV SW,KIL,KILLARNEY/GLENGARRY,51.02839811,-114.1259814,9,Titled Parcel;Building;Building;Building;Building;Building Suite;Building Suite;Building Suite;Building Suite,2715 28 AV SW;2717 28 AV SW;2721 28 AV SW;3002 27 ST SW;2719 28 AV SW;3002B 27 ST SW;2721B 28 AV SW;2719B 28 AV SW;2717B 28 AV SW,"MULTIPOINT (-114.12598137344497 51.028398109357724,-114.1261216036686 51.02835522976091,-114.12630406552356 51.02835682166634,-114.1263964709139 51.028357018422746,-114.12621306899355 51.02835572433902,-114.12640057702335 51.02839913102078,-114.12628855474787 51.028398541938934,-114.12621160120047 51.0283979148814,-114.12613114361275 51.02839833436762)","{""type"":""MultiPoint"",""coordinates"":[[-114.1259814,51.0283981],[-114.1261216,51.0283552],[-114.1263041,51.0283568],[-114.1263965,51.028357],[-114.1262131,51.0283557],[-114.1264006,51.0283991],[-114.1262886,51.0283985],[-114.1262116,51.0283979],[-114.1261311,51.0283983]]}",POINT (-114.12598137344497 51.028398109357724),"{""type"":""MultiPoint"",""coordinates"":[[-114.0758846,50.8590539],[-114.0760819,50.8593829],[-114.0760796,50.8593146],[-114.0761994,50.8593148],[-114.0762024,50.8593828],[-114.0763166,50.8593824],[-114.0763171,50.8593148]]}",POINT (-114.07588457281499 50.859053851593266),a,28 AV SW,134
BP2019-13572,Completed,2019-10-03,2019,2019-11-20,2021-09-07,2021,Commercial / Multi Family Project,Building,1706 - Rhs Rowhouse,Unspecified,Residential,New,New,New,,TRICOR DESIGN GROUP,,,4,"$1,304,608",,3003 26A ST SW,KIL,KILLARNEY/GLENGARRY,51.02840279,-114.1258085,5,Titled Parcel;Building;Building;Building;Building,2713 28 AV SW;2711 28 AV SW;3001 26A ST SW;2709 28 AV SW;3003 26A ST SW,"MULTIPOINT (-114.1258084939426 51.028402790477315,-114.12566271081938 51.02835871769344,-114.12540434210788 51.02835869856562,-114.12558489246027 51.028349281185555,-114.12540095359554 51.028323318495026)","{""type"":""MultiPoint"",""coordinates"":[[-114.1258085,51.0284028],[-114.1256627,51.0283587],[-114.1254043,51.0283587],[-114.1255849,51.0283493],[-114.125401,51.0283233]]}",POINT (-114.1258084939426 51.028402790477315),"{""type"":""MultiPoint"",""coordinates"":[[-113.9410672,51.157718],[-113.9412333,51.1576078],[-113.9413733,51.1575413],[-113.9411294,51.1575447],[-113.9411274,51.157609],[-113.9413695,51.1576126],[-113.9412428,51.15754]]}",POINT (-113.94106718814992 51.15771796004619),a,26A ST SW,134
BP2019-05233,Completed,2019-05-07,2019,2019-12-11,2020-12-08,2020,Commercial / Multi Family Project,Building,1706 - Rhs Rowhouse,Unspecified,Residential,New,New,New,Unit Rowhouse 9.10.15 Residential Group C,RIVERVIEW CUSTOM HOMES,,,5,"$441,232",,5110 20 ST SW,NGM,NORTH GLENMORE PARK,51.00851628,-114.1090274,6,Titled Parcel;Building;Building;Building;Building;Building,5102 20 ST SW;5108 20 ST SW;5110 20 ST SW;5106 20 ST SW;5104 20 ST SW;2043 50 AV SW,"MULTIPOINT (-114.10902744323181 51.00851628459118,-114.1089600351094 51.0083669550961,-114.10895990303058 51.008310580229164,-114.10895904899999 51.00842654036116,-114.10895919361009 51.00848826414182,-114.10894463273314 51.008550001633665)","{""type"":""MultiPoint"",""coordinates"":[[-114.1090274,51.0085163],[-114.10896,51.008367],[-114.1089599,51.0083106],[-114.108959,51.0084265],[-114.1089592,51.0084883],[-114.1089446,51.00855]]}",POINT (-114.10902744323181 51.00851628459118),"{""type"":""MultiPoint"",""coordinates"":[[-114.1109474,51.1870985],[-114.1109471,51.1872558],[-114.1109393,51.1870355],[-114.1109474,51.1873142],[-114.1109473,51.1871524],[-114.1109472,51.1872063]]}",POINT (-114.11094736514407 51.1870984592287),a,20 ST SW,135
BP2021-12338,Completed,2021-07-13,2021,2021-08-19,2022-09-28,2022,Commercial / Multi Family Project,Building,1606 - Ths Townhouse,Townhouse,Residential,New,New,New,CH Park 8 4-Plex Townhouses c/w Secondary Suites,FORMED ALLIANCE ARCHITECTURE STUDIO,,,8,"$1,740,706",,#7B 1313B 20 AV NW,CAP,CAPITOL HILL,51.07041526,-114.0906781,6,Titled Parcel;Building;Building Suite;Building Suite;Building Suite;Building Suite,1313 20 AV NW;1313 20 AV NW;#5B 1313B 20 AV NW;#8B 1313B 20 AV NW;#6B 1313B 20 AV NW;#7B 1313B 20 AV NW,"MULTIPOINT (-114.09067809627712 51.07041525600255,-114.0905774265263 51.07022977773505,-114.09050212273168 51.07023242508981,-114.09071448207656 51.07023333026813,-114.09052476675257 51.07023240755726,-114.09067484433807 51.07023336101984)","{""type"":""MultiPoint"",""coordinates"":[[-114.0906781,51.0704153],[-114.0905774,51.0702298],[-114.0905021,51.0702324],[-114.0907145,51.0702333],[-114.0905248,51.0702324],[-114.0906748,51.0702334]]}",POINT (-114.09067809627712 51.07041525600255),"{""type"":""MultiPoint"",""coordinates"":[[-113.9505799,51.1349113],[-113.9515021,51.1348309],[-113.9515881,51.1348274],[-113.9516751,51.1348197],[-113.951762,51.1348114],[-113.9518499,51.1348067],[-113.9514152,51.1348404]]}",POINT (-113.95057985596397 51.134911314776296),a,1313B 20 AV NW,136
BP2017-16573,Completed,2017-12-21,2017,2020-06-18,2020-06-12,2020,Commercial / Multi Family Project,Building,1606 - Ths Townhouse,Townhouse,Residential,New,New,New,WALDEN PL - BDG 13 (new),CARDEL LIFESTYLES,,CARDEL LIFESTYLES,7,"$1,797,572",,55 WALGROVE PZ SE,WAL,WALDEN,50.86518906,-114.0249661,7,Titled Parcel;Titled Parcel;Titled Parcel;Titled Parcel;Titled Parcel;Titled Parcel;Titled Parcel,55 WALGROVE PZ SE;59 WALGROVE PZ SE;61 WALGROVE PZ SE;57 WALGROVE PZ SE;67 WALGROVE PZ SE;63 WALGROVE PZ SE;65 WALGROVE PZ SE,"MULTIPOINT (-114.02496609682795 50.865189060693886,-114.02504715645016 50.86508565819877,-114.02508768733297 50.86503620443203,-114.02500804365346 50.86513061664161,-114.02523164165054 50.864892333218805,-114.02512963870215 50.864986750344954,-114.02517299876803 50.864941790944336)","{""type"":""MultiPoint"",""coordinates"":[[-114.0249661,50.8651891],[-114.0250472,50.8650857],[-114.0250877,50.8650362],[-114.025008,50.8651306],[-114.0252316,50.8648923],[-114.0251296,50.8649868],[-114.025173,50.8649418]]}",POINT (-114.02496609682795 50.865189060693886),"{""type"":""MultiPoint"",""coordinates"":[[-113.9757473,50.8657915],[-113.9756164,50.8657833],[-113.9756694,50.8658122],[-113.9754659,50.8656927],[-113.9754073,50.8656602],[-113.9755268,50.8657145],[-113.9755623,50.8657523]]}",POINT (-113.97574728917986 50.86579154181557),a,WALGROVE PZ SE,137
BP2017-16329,Completed,2017-12-15,2017,2018-02-12,2020-08-20,2020,Commercial / Multi Family Project,Building,1606 - Ths Townhouse,Townhouse,Residential,New,New,New,Walden Place - Bldg 12 (new),CARDEL LIFESTYLES,,CARDEL LIFESTYLES,7,"$1,797,572",,37 WALGROVE PZ SE,WAL,WALDEN,50.86534187,-114.0250631,14,Titled Parcel;Titled Parcel;Titled Parcel;Titled Parcel;Titled Parcel;Titled Parcel;Titled Parcel;Building;Building;Building;Building;Building;Building;Building,47 WALGROVE PZ SE;43 WALGROVE PZ SE;41 WALGROVE PZ SE;39 WALGROVE PZ SE;45 WALGROVE PZ SE;37 WALGROVE PZ SE;49 WALGROVE PZ SE;49 WALGROVE PZ SE;43 WALGROVE PZ SE;41 WALGROVE PZ SE;47 WALGROVE PZ SE;39 WALGROVE PZ SE;37 WALGROVE PZ SE;45 WALGROVE PZ SE,"MULTIPOINT (-114.02506307641015 50.86534187009753,-114.02520858981511 50.8654002738322,-114.02528135497235 50.86543172313216,-114.02535410358362 50.86545867738484,-114.02513584137861 50.86537331948855,-114.02543948619186 50.865494618849844,-114.02498676008477 50.86531042142129,-114.0249456414529 50.86535057061499,-114.02516369228469 50.865439956437626,-114.02523587448452 50.865470390020185,-114.02502684611756 50.86538480517325,-114.02530355299946 50.86549987159325,-114.02539227051653 50.865529348551924,-114.02509902610132 50.86541143606663)","{""type"":""MultiPoint"",""coordinates"":[[-114.0250631,50.8653419],[-114.0252086,50.8654003],[-114.0252814,50.8654317],[-114.0253541,50.8654587],[-114.0251358,50.8653733],[-114.0254395,50.8654946],[-114.0249868,50.8653104],[-114.0249456,50.8653506],[-114.0251637,50.86544],[-114.0252359,50.8654704],[-114.0250268,50.8653848],[-114.0253036,50.8654999],[-114.0253923,50.8655293],[-114.025099,50.8654114]]}",POINT (-114.02506307641015 50.86534187009753),,,,WALGROVE PZ SE,137
BP2017-16321,Completed,2017-12-15,2017,2018-02-12,2019-11-13,2019,Commercial / Multi Family Project,Building,1606 - Ths Townhouse,Townhouse,Residential,New,New,New,Walden Place - Bldg 11 (new),CARDEL LIFESTYLES,,CARDEL LIFESTYLES,6,"$1,541,758",,21 WALGROVE PZ SE,WAL,WALDEN,50.86564738,-114.0257498,12,Titled Parcel;Titled Parcel;Titled Parcel;Titled Parcel;Titled Parcel;Titled Parcel;Building;Building;Building;Building;Building;Building,27 WALGROVE PZ SE;23 WALGROVE PZ SE;25 WALGROVE PZ SE;21 WALGROVE PZ SE;31 WALGROVE PZ SE;29 WALGROVE PZ SE;31 WALGROVE PZ SE;29 WALGROVE PZ SE;21 WALGROVE PZ SE;25 WALGROVE PZ SE;23 WALGROVE PZ SE;27 WALGROVE PZ SE,"MULTIPOINT (-114.02574976986838 50.865647380991014,-114.02588155540514 50.86571927192693,-114.02581566258608 50.865683326477686,-114.02595402817809 50.86575971088097,-114.02561364947456 50.86557099585149,-114.0256838630461 50.86561143547002,-114.02556220500857 50.8656139883694,-114.02563589930297 50.865654885744675,-114.02588705278055 50.86579564084498,-114.02576523990541 50.86572431408594,-114.02582539469456 50.865762355505474,-114.0257005719089 50.86569387917774)","{""type"":""MultiPoint"",""coordinates"":[[-114.0257498,50.8656474],[-114.0258816,50.8657193],[-114.0258157,50.8656833],[-114.025954,50.8657597],[-114.0256136,50.865571],[-114.0256839,50.8656114],[-114.0255622,50.865614],[-114.0256359,50.8656549],[-114.0258871,50.8657956],[-114.0257652,50.8657243],[-114.0258254,50.8657624],[-114.0257006,50.8656939]]}",POINT (-114.02574976986838 50.865647380991014),,,,WALGROVE PZ SE,137
BP2017-11804,Completed,2017-09-06,2017,2017-10-24,2018-07-27,2018,Commercial / Multi Family Project,Building,1706 - Rhs Rowhouse,Unspecified,Residential,New,New,New,9.10.15. - 3 Unit Rowhouse with Secondary Suites,INTEGER HOMES,,INTEGER HOMES,3,"$925,000",,#1 2001 33 ST SW,KIL,KILLARNEY/GLENGARRY,51.03614094,-114.1356624,7,Titled Parcel;Building Suite;Building Suite;Building Suite;Building Suite;Building Suite;Building Suite,2001 33 ST SW;#1 3435 19 AV SW;#2 3431 19 AV SW;#2 2001 33 ST SW;#2 3435 19 AV SW;#1 2001 33 ST SW;#1 3431 19 AV SW,"MULTIPOINT (-114.13566238884198 51.03614093803075,-114.13592410991762 51.036146243541296,-114.13586156564195 51.0361383962938,-114.13575253655176 51.03613901742423,-114.13597048334897 51.03613869214592,-114.13570389396965 51.03614585218779,-114.13581989666001 51.03614571743507)","{""type"":""MultiPoint"",""coordinates"":[[-114.1356624,51.0361409],[-114.1359241,51.0361462],[-114.1358616,51.0361384],[-114.1357525,51.036139],[-114.1359705,51.0361387],[-114.1357039,51.0361459],[-114.1358199,51.0361457]]}",POINT (-114.13566238884198 51.03614093803075),"{""type"":""MultiPoint"",""coordinates"":[[-114.1354356,51.1692734],[-114.1356207,51.1691881],[-114.1356751,51.1690625],[-114.1356022,51.1692311],[-114.1356934,51.1690201],[-114.135657,51.1691044],[-114.1355828,51.169276],[-114.1356379,51.1691483]]}",POINT (-114.13543559863827 51.16927340312412),a,2001 33 ST SW,138
BP2023-03026,Completed,2023-03-10,2023,2023-04-14,2023-12-22,2023,Commercial / Multi Family Project,Building,1606 - Ths Townhouse,Townhouse,Residential,New,New,New,"A new, two storey, 6 unit rowhouse, Part 9, Group C occupancy",NORR ARCHITECTS ENGINEERS PLANNERS,,,6,"$1,341,370",,406 SHAWNEE SQ SW,SHS,SHAWNEE SLOPES,50.92187523,-114.0832925,7,Titled Parcel;Building;Building;Building;Building;Building;Building,418 SHAWNEE SQ SW;410 SHAWNEE SQ SW;412 SHAWNEE SQ SW;406 SHAWNEE SQ SW;408 SHAWNEE SQ SW;414 SHAWNEE SQ SW;416 SHAWNEE SQ SW,"MULTIPOINT (-114.08329246451027 50.92187523171529,-114.08336098765443 50.9216822590218,-114.08335925897215 50.92176550696458,-114.08336087395413 50.92161862841055,-114.08336096002448 50.9216667963698,-114.08335928660165 50.92178096961633,-114.08336043391228 50.92183402733593)","{""type"":""MultiPoint"",""coordinates"":[[-114.0832925,50.9218752],[-114.083361,50.9216823],[-114.0833593,50.9217655],[-114.0833609,50.9216186],[-114.083361,50.9216668],[-114.0833593,50.921781],[-114.0833604,50.921834]]}",POINT (-114.08329246451027 50.92187523171529),"{""type"":""MultiPoint"",""coordinates"":[[-114.1463388,51.0802631],[-114.146851,51.0804173],[-114.1467936,51.0804306],[-114.1466276,51.0804594],[-114.1469053,51.080402],[-114.1470684,51.080377],[-114.1467212,51.0804498],[-114.1469868,51.0803847]]}",POINT (-114.14633875071046 51.08026307964108),a,SHAWNEE SQ SW,139
BP2017-10552,Completed,2017-08-14,2017,2017-10-17,2018-10-23,2018,Commercial / Multi Family Project,Building,1606 - Ths Townhouse,Townhouse,Residential,New,New,New,Part 9 Residential 2 Storey 4-Plex & Garage,MILLENIUM PLUS HOMES RENOVATION,,MILLENIUM PLUS HOMES RENOVATION,4,"$773,233",,#1 307 2 AV NE,CRE,CRESCENT HEIGHTS,51.05426157,-114.0571717,5,Titled Parcel;Building;Building;Building;Building,305 2 AV NE;#1 309 2 AV NE;#1 307 2 AV NE;#2 307 2 AV NE;#2 309 2 AV NE,"MULTIPOINT (-114.05717169054859 51.05426157064858,-114.05709748786532 51.054212190431926,-114.05719635979546 51.054209813755676,-114.05719171202075 51.054118911987416,-114.05709888338829 51.05411752800512)","{""type"":""MultiPoint"",""coordinates"":[[-114.0571717,51.0542616],[-114.0570975,51.0542122],[-114.0571964,51.0542098],[-114.0571917,51.0541189],[-114.0570989,51.0541175]]}",POINT (-114.05717169054859 51.05426157064858),"{""type"":""MultiPoint"",""coordinates"":[[-113.962834,51.1658535],[-113.9623356,51.1658533],[-113.9627364,51.1658534],[-113.9625745,51.1658579],[-113.9624126,51.1658578],[-113.9626555,51.1658534],[-113.9624935,51.1658578],[-113.9625662,51.1657986],[-113.9623271,51.1657976],[-113.9624118,51.1657995],[-113.9624905,51.1657986],[-113.9628166,51.1657968],[-113.9626577,51.1657982],[-113.9627439,51.1657953]]}",POINT (-113.96283397946448 51.165853456114334),a,307 2 AV NE,140
BP2017-10554,Completed,2017-08-14,2017,2017-10-17,2018-10-12,2018,Commercial / Multi Family Project,Building,1606 - Ths Townhouse,Townhouse,Residential,New,New,New,Part 9 Residential 2 Storey Semi-Detached Dwelling & Garage,MILLENIUM PLUS HOMES RENOVATION,,MILLENIUM PLUS HOMES RENOVATION,2,"$385,940",,#2 311 2 AV NE,CRE,CRESCENT HEIGHTS,51.05426157,-114.0571717,3,Titled Parcel;Building;Building,305 2 AV NE;#2 311 2 AV NE;#1 311 2 AV NE,"MULTIPOINT (-114.05717169054859 51.05426157064858,-114.056995471243 51.05411614911021,-114.05699256066183 51.0542084389886)","{""type"":""MultiPoint"",""coordinates"":[[-114.0571717,51.0542616],[-114.0569955,51.0541161],[-114.0569926,51.0542084]]}",POINT (-114.05717169054859 51.05426157064858),"{""type"":""MultiPoint"",""coordinates"":[[-114.2119668,51.0627989],[-114.2121581,51.0627986],[-114.2116749,51.0627994],[-114.212465,51.062798],[-114.2122538,51.0627984],[-114.2123494,51.0627982],[-114.2117756,51.0627992],[-114.2120625,51.0627987],[-114.2118712,51.0627991],[-114.2122521,51.0627558],[-114.2123487,51.0627537],[-114.2118717,51.0627584],[-114.2120589,51.0627561],[-114.211772,51.0627605],[-114.2116754,51.0627625],[-114.2121615,51.062756],[-114.2124454,51.0627535],[-114.2119713,51.0627544]]}",POINT (-114.21196684181803 51.0627988972652),a,311 2 AV NE,140
BP2017-12799,Completed,2017-09-22,2017,2017-10-12,2018-07-27,2018,Commercial / Multi Family Project,Building,1606 - Ths Townhouse,Townhouse,Residential,New,New,New,"New Three Plex Project: New 2 storey, 3 residential units c/w undeveloped basement",K HICKERSON CONTRACTING,,K HICKERSON CONTRACTING,3,"$500,000",,#1 409 22 AV NE,WIN,WINSTON HEIGHTS/MOUNTVIEW,51.07232261,-114.0556784,4,Titled Parcel;Building;Building;Building,409 22 AV NE;#2 409 22 AV NE;#3 409 22 AV NE;#1 409 22 AV NE,"MULTIPOINT (-114.05567836238272 51.07232260931199,-114.05566925428761 51.07218810988745,-114.05567462025537 51.072129314749596,-114.05566116292383 51.07224691531184)","{""type"":""MultiPoint"",""coordinates"":[[-114.0556784,51.0723226],[-114.0556693,51.0721881],[-114.0556746,51.0721293],[-114.0556612,51.0722469]]}",POINT (-114.05567836238272 51.07232260931199),"{""type"":""MultiPoint"",""coordinates"":[[-114.1147473,50.9065002],[-114.1149552,50.9064294]]}",POINT (-114.11474731175042 50.90650016198865),a,409 22 AV NE,141
BP2020-11869,Completed,2020-08-26,2020,2020-10-09,2022-01-27,2022,Commercial / Multi Family Project,Building,1706 - Rhs Rowhouse,Unspecified,Residential,New,New,New,7 Plex Rowhouse,TRICOR DESIGN GROUP,,CHANDAN HOMES,7,"$1,675,545",,1701 31 AV SW,SOC,SOUTH CALGARY,51.02543881,-114.0997828,8,Titled Parcel;Building;Building;Building;Building;Building;Building;Building,3213 16 ST SW;1705 31 AV SW;1703 31 AV SW;3207 16 ST SW;3211 16 ST SW;1701 31 AV SW;3209 16 ST SW;3205 16 ST SW,"MULTIPOINT (-114.09978278443 51.02543881368306,-114.10013049313982 51.02568063763003,-114.10006338599224 51.02569591478255,-114.09994174406148 51.025600403730344,-114.09994681780697 51.02550715754281,-114.09995778670381 51.02569600515427,-114.09994692318278 51.0255561606649,-114.09993807600232 51.025651306919166)","{""type"":""MultiPoint"",""coordinates"":[[-114.0997828,51.0254388],[-114.1001305,51.0256806],[-114.1000634,51.0256959],[-114.0999417,51.0256004],[-114.0999468,51.0255072],[-114.0999578,51.025696],[-114.0999469,51.0255562],[-114.0999381,51.0256513]]}",POINT (-114.09978278443 51.02543881368306),"{""type"":""MultiPoint"",""coordinates"":[[-113.9100112,51.0358614],[-113.909249,51.0359329],[-113.9089291,51.0359355],[-113.9091826,51.0359338],[-113.9091253,51.0359338],[-113.9090649,51.0359347],[-113.9090031,51.0359346],[-113.9093185,51.0359349]]}",POINT (-113.9100112316933 51.035861399531875),a,31 AV SW,142
BP2018-09233,Completed,2018-07-16,2018,2018-10-03,2021-09-02,2021,Commercial / Multi Family Project,Building,1606 - Ths Townhouse,Townhouse,Residential,New,New,New,3 Plex Residential - New Build,,0,,3,"$433,137",,#1 430 2 AV NE,CRE,CRESCENT HEIGHTS,51.05448924,-114.0526329,5,Titled Parcel;Building;Building Suite;Building Suite;Building Suite,430 2 AV NE;430 2 AV NE;#3 430 2 AV NE;#2 430 2 AV NE;#1 430 2 AV NE,"MULTIPOINT (-114.05263285756529 51.05448923661128,-114.05263070288379 51.05458913133529,-114.05263184397563 51.05458913082148,-114.05262957605558 51.054589131842654,-114.05262957605558 51.054589131842654)","{""type"":""MultiPoint"",""coordinates"":[[-114.0526329,51.0544892],[-114.0526307,51.0545891],[-114.0526318,51.0545891],[-114.0526296,51.0545891],[-114.0526296,51.0545891]]}",POINT (-114.05263285756529 51.05448923661128),"{""type"":""MultiPoint"",""coordinates"":[[-114.0115133,50.8609748],[-114.0114484,50.8609749],[-114.0113058,50.8609749],[-114.0113835,50.8609749],[-114.0117508,50.8609748],[-114.0116432,50.8609748],[-114.0115783,50.8609748]]}",POINT (-114.01151333225252 50.86097484621438),a,430 2 AV NE,143
BP2021-09908,Completed,2021-06-04,2021,2021-07-06,2023-07-31,2023,Commercial / Multi Family Project,Building,1606 - Ths Townhouse,Townhouse,Residential,New,New,New,"Part 9, 6 Unit Rowhouse building",KNIGHTSBRIDGE CUSTOM HOME BUILDERS,,KNIGHTSBRIDGE CUSTOM HOME BUILDERS,6,"$1,735,458",,2222 5 ST SW,CLI,CLIFF BUNGALOW,51.03258709,-114.0736427,7,Titled Parcel;Building;Building;Building;Building;Building;Building,2214 5 ST SW;2222 5 ST SW;2218 5 ST SW;2220 5 ST SW;2216 5 ST SW;2224 5 ST SW;538 23 AV SW,"MULTIPOINT (-114.0736427339521 51.03258708863986,-114.0736838827589 51.03270610501635,-114.07368744405821 51.03280314715585,-114.0736851081766 51.032759620244256,-114.07368638383409 51.0328538050825,-114.07368380468222 51.03265686818714,-114.07368372546534 51.03260691217796)","{""type"":""MultiPoint"",""coordinates"":[[-114.0736427,51.0325871],[-114.0736839,51.0327061],[-114.0736874,51.0328031],[-114.0736851,51.0327596],[-114.0736864,51.0328538],[-114.0736838,51.0326569],[-114.0736837,51.0326069]]}",POINT (-114.0736427339521 51.03258708863986),"{""type"":""MultiPoint"",""coordinates"":[[-113.9443814,51.1540608],[-113.9392212,51.1515441],[-113.9391361,51.151544],[-113.9389678,51.1515439],[-113.939311,51.1515441],[-113.9390491,51.151544],[-113.9388789,51.1515439],[-113.9393999,51.1515436]]}",POINT (-113.9443814206454 51.154060830990325),a,5 ST SW,144
BP2019-05827,Completed,2019-05-16,2019,2019-10-16,2020-07-13,2020,Commercial / Multi Family Project,Building,1606 - Ths Townhouse,Townhouse,Residential,New,New,New,Parkhill Place Building F (3-Unit Townhouse),ARCHI DESIGN,,,3,"$734,557",,3810 PARKHILL PL SW,PKH,PARKHILL,51.02126211,-114.062263,4,Titled Parcel;Titled Parcel;Titled Parcel;Building,#3 3810 PARKHILL PL SW;#1 3810 PARKHILL PL SW;#2 3810 PARKHILL PL SW;3810 PARKHILL PL SW,"MULTIPOINT (-114.06226297084787 51.02126211076505,-114.06226284292829 51.02134751365188,-114.06226290277164 51.02130705965341,-114.06211483238677 51.021324174067225)","{""type"":""MultiPoint"",""coordinates"":[[-114.062263,51.0212621],[-114.0622628,51.0213475],[-114.0622629,51.0213071],[-114.0621148,51.0213242]]}",POINT (-114.06226297084787 51.02126211076505),"{""type"":""MultiPoint"",""coordinates"":[[-113.9280558,50.9137649],[-113.928903,50.9140142],[-113.9290107,50.9140546],[-113.928946,50.9140303],[-113.9286691,50.9139263],[-113.9288435,50.9139918],[-113.9287802,50.913968],[-113.9287308,50.9139495]]}",POINT (-113.92805577745433 50.913764867338436),a,PARKHILL PL SW,145
BP2019-03956,Completed,2019-04-12,2019,2019-05-23,2020-08-14,2020,Commercial / Multi Family Project,Building,1508 - Apt Fourplex,Apartment,Residential,New,New,New,Sunnyside Rowhouse (non-stacked 4-plex),K5 DESIGNS,,,4,"$1,400,000",,#1 721 1 AV NW,SSD,SUNNYSIDE,51.05698719,-114.0775523,5,Titled Parcel;Building;Building;Building;Building,721 1 AV NW;#1 723 1 AV NW;#1 721 1 AV NW;#2 723 1 AV NW;#2 721 1 AV NW,"MULTIPOINT (-114.07755228858565 51.05698719448348,-114.07758953591203 51.056929240036354,-114.07750628451839 51.05697781276399,-114.07747076398279 51.0568568167556,-114.07738207408529 51.05690311860157)","{""type"":""MultiPoint"",""coordinates"":[[-114.0775523,51.0569872],[-114.0775895,51.0569292],[-114.0775063,51.0569778],[-114.0774708,51.0568568],[-114.0773821,51.0569031]]}",POINT (-114.07755228858565 51.05698719448348),"{""type"":""MultiPoint"",""coordinates"":[[-114.2152038,51.0880495],[-114.2147101,51.0885577],[-114.2150183,51.0885549],[-114.214634,51.0885567],[-114.2150962,51.0885547],[-114.2149476,51.0885573],[-114.2147881,51.0885564],[-114.2148624,51.0885563]]}",POINT (-114.21520376644062 51.08804954183255),a,721 1 AV NW,146
BP2019-15061,Completed,2019-11-04,2019,2019-12-11,2022-06-20,2022,Commercial / Multi Family Project,Building,1706 - Rhs Rowhouse,Unspecified,Residential,New,New,New,4 unit rowhouse with detached garages,,PALECO,PALECO,4,"$926,474",,702 1 AV NW,SSD,SUNNYSIDE,51.0575628,-114.0771525,5,Titled Parcel;Building;Building;Building;Building,201 6 ST NW;203 6 ST NW;702 1 AV NW;207 6 ST NW;205 6 ST NW,"MULTIPOINT (-114.07715245848355 51.057562800854264,-114.07728303468532 51.05757893204149,-114.07725144551463 51.05753162207359,-114.07740610942405 51.057655919430196,-114.07734518152043 51.05761938960157)","{""type"":""MultiPoint"",""coordinates"":[[-114.0771525,51.0575628],[-114.077283,51.0575789],[-114.0772514,51.0575316],[-114.0774061,51.0576559],[-114.0773452,51.0576194]]}",POINT (-114.07715245848355 51.057562800854264),,,,1 AV NW,146
BP2020-09480,Completed,2020-07-16,2020,2020-09-30,2022-03-02,2022,Commercial / Multi Family Project,Building,1606 - Ths Townhouse,Townhouse,Residential,New,New,New,175- KBM Group Ltd. 2302- 5 ST NW,KESHVANI GROUP,,,4,"$1,082,625",,540 22 AV NW,MOP,MOUNT PLEASANT,51.07250584,-114.0738198,2,Titled Parcel;Building,2302 5 ST NW;540 22 AV NW,"MULTIPOINT (-114.07381983957832 51.07250583972525,-114.07375928607654 51.072463994973006)","{""type"":""MultiPoint"",""coordinates"":[[-114.0738198,51.0725058],[-114.0737593,51.072464]]}",POINT (-114.07381983957832 51.07250583972525),"{""type"":""MultiPoint"",""coordinates"":[[-114.0214141,50.8568605],[-114.0213013,50.8565863],[-114.0213539,50.8566987],[-114.021375,50.8567526],[-114.0213945,50.8568066],[-114.0213306,50.8566448],[-114.0214336,50.8569145],[-114.0214553,50.8569729],[-114.0214417,50.856731],[-114.021384,50.8565753],[-114.0214244,50.8566726],[-114.0214975,50.8568928],[-114.0214841,50.8568344],[-114.0215129,50.8569512],[-114.0214667,50.8567906],[-114.0214052,50.8566252]]}",POINT (-114.02141407472597 50.85686051515714),a,22 AV NW,147
BP2019-03183,Completed,2019-03-28,2019,2019-05-31,2020-06-24,2020,Commercial / Multi Family Project,Building,1606 - Ths Townhouse,Townhouse,Residential,New,New,New,SY Residence -non-stacked townhouse (4 units),,0,,4,"$839,384",,96 23 ST NW,WHL,WEST HILLHURST,51.05218708,-114.1152285,6,Titled Parcel;Building;Building;Building;Building;Building,90 23 ST NW;96 23 ST NW;98 23 ST NW;94 23 ST NW;2340 WESTMOUNT RD NW;92 23 ST NW,"MULTIPOINT (-114.11522846199571 51.05218707847238,-114.11516352083474 51.052301258046555,-114.1151641311723 51.05231731309427,-114.1151638789828 51.05221563056126,-114.11519564918213 51.052350544019035,-114.11516326068713 51.052196366189186)","{""type"":""MultiPoint"",""coordinates"":[[-114.1152285,51.0521871],[-114.1151635,51.0523013],[-114.1151641,51.0523173],[-114.1151639,51.0522156],[-114.1151956,51.0523505],[-114.1151633,51.0521964]]}",POINT (-114.11522846199571 51.05218707847238),"{""type"":""MultiPoint"",""coordinates"":[[-113.9751304,50.8639979],[-113.9763855,50.8643533],[-113.975549,50.8682772],[-113.9774092,50.8658943],[-113.97731,50.8658169],[-113.9775293,50.8659999],[-113.977336,50.8658508],[-113.9773709,50.8658779],[-113.9774966,50.8659692],[-113.9774599,50.86594],[-113.9774391,50.86592]]}",POINT (-113.97513035489433 50.863997904688006),a,23 ST NW,148
BP2022-02344,Completed,2022-02-15,2022,2022-03-09,2023-08-18,2023,Commercial / Multi Family Project,Building,1507 - Apt Triplex,Apartment,Residential,New,New,New,"Group C (Division B, 9.10.15)",VERDEEP UBHI,,VERDEEP UBHI,3,"$826,606",,307 18 ST NW,WHL,WEST HILLHURST,51.05467993,-114.1026885,4,Titled Parcel;Building;Building;Building,1902 2 AV NW;1904 2 AV NW;305 18 ST NW;307 18 ST NW,"MULTIPOINT (-114.10268845177094 51.054679931441626,-114.1026934722621 51.05473137520209,-114.10268377348724 51.05481546457873,-114.10268727500032 51.05484438143332)","{""type"":""MultiPoint"",""coordinates"":[[-114.1026885,51.0546799],[-114.1026935,51.0547314],[-114.1026838,51.0548155],[-114.1026873,51.0548444]]}",POINT (-114.10268845177094 51.054679931441626),"{""type"":""MultiPoint"",""coordinates"":[[-113.946882,50.8931385],[-113.9468082,50.8933857],[-113.9468226,50.8933408],[-113.9467785,50.8934891],[-113.9468659,50.8931924],[-113.9468515,50.8932419],[-113.9467938,50.8934351],[-113.9468371,50.8932913],[-113.9467177,50.893479],[-113.9467646,50.8932811],[-113.9467948,50.8931879],[-113.9467584,50.8933838],[-113.9467767,50.8932364],[-113.946757,50.8933287],[-113.9467403,50.8934314],[-113.9468114,50.8931432]]}",POINT (-113.94688198612556 50.89313851347754),a,18 ST NW,149
BP2018-14002,Completed,2018-10-19,2018,2018-11-30,2019-11-25,2019,Commercial / Multi Family Project,Building,1508 - Apt Fourplex,Apartment,Residential,New,New,New,Stone West Homes - 4 units non stacked townhouse,STONE WEST HOMES,,,4,"$770,573",,2105 6 ST NW,MOP,MOUNT PLEASANT,51.07065657,-114.0767564,5,Titled Parcel;Building;Building;Building;Building,702 20 AV NW;2107 6 ST NW;700 20 AV NW;2109 6 ST NW;2105 6 ST NW,"MULTIPOINT (-114.07675635665183 51.0706565666048,-114.07662015144804 51.07078788751654,-114.07665379583109 51.0706835939939,-114.07662451132067 51.07087046399131,-114.07661830351655 51.070766196595)","{""type"":""MultiPoint"",""coordinates"":[[-114.0767564,51.0706566],[-114.0766202,51.0707879],[-114.0766538,51.0706836],[-114.0766245,51.0708705],[-114.0766183,51.0707662]]}",POINT (-114.07675635665183 51.0706565666048),"{""type"":""MultiPoint"",""coordinates"":[[-113.9354336,51.0431869],[-113.9359568,51.0415686],[-113.9359571,51.041659],[-113.9359591,51.0416885],[-113.935958,51.0415344],[-113.9359593,51.0414566],[-113.9359591,51.0417242],[-113.9359591,51.0416107],[-113.9359592,51.0414951]]}",POINT (-113.93543364911616 51.0431868697876),a,6 ST NW,150
BP2019-01385,Completed,2019-02-08,2019,2019-04-16,2020-02-12,2020,Commercial / Multi Family Project,Building,1606 - Ths Townhouse,Townhouse,Residential,New,New,New,"9.10.15. Rowhouses,9.10.14 Garage",NEW CENTURY DESIGN,,,4,"$672,500",,2106 6 ST NW,MOP,MOUNT PLEASANT,51.0706524,-114.0762472,5,Titled Parcel;Building;Building;Building;Building,640 20 AV NW;2106 6 ST NW;2104 6 ST NW;2108 6 ST NW;638 20 AV NW,"MULTIPOINT (-114.07624723207297 51.07065240493278,-114.07622006952383 51.07080303598751,-114.07621997984945 51.070748441631736,-114.07621958210342 51.0708537651505,-114.0762240710498 51.07069395242579)","{""type"":""MultiPoint"",""coordinates"":[[-114.0762472,51.0706524],[-114.0762201,51.070803],[-114.07622,51.0707484],[-114.0762196,51.0708538],[-114.0762241,51.070694]]}",POINT (-114.07624723207297 51.07065240493278),,,,6 ST NW,150
BP2018-11571,Completed,2018-08-29,2018,2018-10-16,2019-07-02,2019,Commercial / Multi Family Project,Building,1507 - Apt Triplex,Apartment,Residential,New,New,New,New Building,TRICOR DESIGN GROUP,,,3,"$700,000",,#1 2222 24A ST SW,RIC,RICHMOND,51.03401936,-114.1191706,4,Titled Parcel;Building;Building;Building,2222 24A ST SW;#1 2222 24A ST SW;#2 2222 24A ST SW;#3 2222 24A ST SW,"MULTIPOINT (-114.11917062474949 51.03401935683024,-114.11904808926874 51.03398846706387,-114.11892588300049 51.03399144123615,-114.11883624735916 51.03399153241453)","{""type"":""MultiPoint"",""coordinates"":[[-114.1191706,51.0340194],[-114.1190481,51.0339885],[-114.1189259,51.0339914],[-114.1188362,51.0339915]]}",POINT (-114.11917062474949 51.03401935683024),"{""type"":""MultiPoint"",""coordinates"":[[-114.1147473,50.9065002],[-114.1150794,50.9060813]]}",POINT (-114.11474731175042 50.90650016198865),a,2222 24A ST SW,151
BP2021-19010,Completed,2021-11-03,2021,2021-11-18,2023-10-19,2023,Commercial / Multi Family Project,Building,1606 - Ths Townhouse,Townhouse,Residential,New,New,New,New 6 Unit Rowhouse (Bldg #1),GRAVITY ARCHITECTURE,,STREETSIDE DEVELOPMENT,6,"$1,319,086",,4 CREEKSIDE BV SW,PCK,PINE CREEK,50.86287982,-114.0591041,6,Titled Parcel;Titled Parcel;Titled Parcel;Titled Parcel;Titled Parcel;Titled Parcel,4 CREEKSIDE BV SW;28 CREEKSIDE BV SW;8 CREEKSIDE BV SW;24 CREEKSIDE BV SW;12 CREEKSIDE BV SW;20 CREEKSIDE BV SW,"MULTIPOINT (-114.05910412381037 50.862879818102954,-114.05910631416327 50.86257865146679,-114.05910546759495 50.86280789729806,-114.05910610962565 50.862641581681785,-114.05910567781697 50.862749462089845,-114.05910589372154 50.86269552188606)","{""type"":""MultiPoint"",""coordinates"":[[-114.0591041,50.8628798],[-114.0591063,50.8625787],[-114.0591055,50.8628079],[-114.0591061,50.8626416],[-114.0591057,50.8627495],[-114.0591059,50.8626955]]}",POINT (-114.05910412381037 50.862879818102954),"{""type"":""MultiPoint"",""coordinates"":[[-113.9100963,51.0356232],[-113.9116261,51.035103],[-113.9098011,51.0355898],[-113.9098014,51.0354278],[-113.9098015,51.0353922],[-113.9098027,51.0353493],[-113.9098023,51.0355449],[-113.9098024,51.0354657],[-113.9098016,51.0353037],[-113.9098012,51.0355056]]}",POINT (-113.91009625619327 51.03562323661307),a,CREEKSIDE BV SW,152
BP2018-02073,Completed,2018-02-27,2018,2018-09-13,2021-07-02,2021,Commercial / Multi Family Project,Building,1606 - Ths Townhouse,Townhouse,Residential,New,New,New,Bankview Rowhouse - 5-Plex,SUPERIOR DRAFTING & DESIGN,,,5,"$1,224,349",,2320 16A ST SW,BNK,BANKVIEW,51.03346627,-114.1002486,6,Titled Parcel;Building;Building;Building;Building;Building,2318 16A ST SW;2328 16A ST SW;2320 16A ST SW;2322 16A ST SW;2326 16A ST SW;2324 16A ST SW,"MULTIPOINT (-114.10024862412199 51.03346627026605,-114.1001689221735 51.0333848914403,-114.10016538490125 51.033562765731155,-114.10016529271417 51.03352000155413,-114.10016313285226 51.03343076212414,-114.10016420610609 51.033472284875025)","{""type"":""MultiPoint"",""coordinates"":[[-114.1002486,51.0334663],[-114.1001689,51.0333849],[-114.1001654,51.0335628],[-114.1001653,51.03352],[-114.1001631,51.0334308],[-114.1001642,51.0334723]]}",POINT (-114.10024862412199 51.03346627026605),"{""type"":""MultiPoint"",""coordinates"":[[-114.0045138,50.9575588],[-114.0046777,50.9576514],[-114.0048208,50.9576504],[-114.0046099,50.9576523],[-114.0050257,50.9576475],[-114.0049534,50.9576504],[-114.004747,50.9576523],[-114.0048841,50.9576504],[-114.0045391,50.9576504]]}",POINT (-114.00451379223983 50.95755877620539),a,16A ST SW,153
BP2018-16620,Completed,2018-12-24,2018,2019-12-17,2021-01-07,2021,Commercial / Multi Family Project,Building,1706 - Rhs Rowhouse,Unspecified,Residential,New,New,New,4 Unit Row House,,0,,4,"$715,000",,1104 40 ST SW,RCK,ROSSCARROCK,51.04313237,-114.1452992,5,Titled Parcel;Building;Building;Building;Building,1102 40 ST SW;1104 40 ST SW;4013 10 AV SW;4015 10 AV SW;4011 10 AV SW,"MULTIPOINT (-114.1452992357753 51.043132367303954,-114.14522836079698 51.04311802685722,-114.14504683030201 51.04312294492532,-114.14513806909142 51.04312371265569,-114.14495697749327 51.04312305639945)","{""type"":""MultiPoint"",""coordinates"":[[-114.1452992,51.0431324],[-114.1452284,51.043118],[-114.1450468,51.0431229],[-114.1451381,51.0431237],[-114.144957,51.0431231]]}",POINT (-114.1452992357753 51.043132367303954),"{""type"":""MultiPoint"",""coordinates"":[[-114.1353545,51.1721367],[-114.1352526,51.1720784],[-114.1354054,51.1721681],[-114.1355163,51.1722309],[-114.1354563,51.172195],[-114.1353035,51.1721053],[-114.1351368,51.1720111],[-114.1352017,51.1720469],[-114.1353093,51.1719752],[-114.1354617,51.1720648],[-114.1352595,51.1719459],[-114.1356155,51.1721552],[-114.1354096,51.1720341],[-114.1355652,51.1721256],[-114.1355143,51.1720957],[-114.1353603,51.1720052]]}",POINT (-114.13535446844604 51.17213666665714),a,40 ST SW,154
BP2018-02387,Completed,2018-03-06,2018,2018-06-12,2019-04-04,2019,Commercial / Multi Family Project,Building,1706 - Rhs Rowhouse,Unspecified,Residential,New,New,New,New Building,RANGER HOMES,,,6,"$2,209,358",,3902 15A ST SW,ALT,ALTADORE,51.01995135,-114.0988577,7,Titled Parcel;Building;Building;Building;Building;Building;Building,3904 15A ST SW;1589 38 AV SW;1581 38 AV SW;1587 38 AV SW;1585 38 AV SW;3902 15A ST SW;1583 38 AV SW,"MULTIPOINT (-114.09885774271955 51.01995134533878,-114.09874114221087 51.020026814187155,-114.09842627003727 51.02002975877378,-114.09866949288032 51.020027171369414,-114.0985832323097 51.02002665084737,-114.09881605778841 51.02000742284736,-114.0985063961339 51.020027605630325)","{""type"":""MultiPoint"",""coordinates"":[[-114.0988577,51.0199513],[-114.0987411,51.0200268],[-114.0984263,51.0200298],[-114.0986695,51.0200272],[-114.0985832,51.0200267],[-114.0988161,51.0200074],[-114.0985064,51.0200276]]}",POINT (-114.09885774271955 51.01995134533878),"{""type"":""MultiPoint"",""coordinates"":[[-114.1358388,51.1724328],[-114.1357424,51.1723699],[-114.1356942,51.1723385],[-114.1358871,51.1724687],[-114.1356459,51.1723071],[-114.1359409,51.1725046],[-114.1357906,51.1724014],[-114.135586,51.1722712],[-114.1357512,51.1722412],[-114.1358016,51.1722733],[-114.1359512,51.1723684],[-114.1357015,51.1722096],[-114.1358484,51.172303],[-114.1359021,51.1723372],[-114.1360485,51.1724303],[-114.1360001,51.1723995]]}",POINT (-114.13583883215992 51.172432760133944),a,15A ST SW,155
BP2017-13729,Completed,2017-10-12,2017,2018-11-08,2020-09-25,2020,Commercial / Multi Family Project,Building,1606 - Ths Townhouse,Townhouse,Residential,New,New,New,Bridgeland Townhouse - Building 2,KRIEHL DESIGN,,,6,"$666,210",,#1 505 6 ST NE,BRD,BRIDGELAND/RIVERSIDE,51.0563511,-114.0485216,7,Titled Parcel;Building;Building;Building;Building;Building;Building,505 6 ST NE;#6 505 6 ST NE;#2 505 6 ST NE;#5 505 6 ST NE;#4 505 6 ST NE;#1 505 6 ST NE;#3 505 6 ST NE,"MULTIPOINT (-114.04852164468036 51.05635109588952,-114.04880877216782 51.05666647041407,-114.04880222964637 51.05649461675657,-114.04880590470736 51.056625442550775,-114.0488020759145 51.056579057218094,-114.04880218902247 51.05645596998632,-114.04881170582723 51.056539813089316)","{""type"":""MultiPoint"",""coordinates"":[[-114.0485216,51.0563511],[-114.0488088,51.0566665],[-114.0488022,51.0564946],[-114.0488059,51.0566254],[-114.0488021,51.0565791],[-114.0488022,51.056456],[-114.0488117,51.0565398]]}",POINT (-114.04852164468036 51.05635109588952),"{""type"":""MultiPoint"",""coordinates"":[[-113.9440814,51.1642234],[-113.9434962,51.1651075],[-113.9430468,51.1651105],[-113.9433691,51.1651082],[-113.9432318,51.1651088],[-113.9431779,51.1651095],[-113.9433067,51.1651085],[-113.943431,51.1651082],[-113.9431172,51.1651095]]}",POINT (-113.9440813638201 51.16422338218834),a,505 6 ST NE,156
BP2018-15792,Completed,2018-12-03,2018,2019-09-06,2020-09-29,2020,Commercial / Multi Family Project,Building,1606 - Ths Townhouse,Townhouse,Residential,New,New,New,New Bridgeland - Group C - 6 Unit Rowhouse,KRIEHL DESIGN,,,6,"$1,500,000",,656 4 AV NE,BRD,BRIDGELAND/RIVERSIDE,51.0563511,-114.0485216,7,Titled Parcel;Building;Building;Building;Building;Building;Building,505 6 ST NE;660 4 AV NE;650 4 AV NE;656 4 AV NE;658 4 AV NE;654 4 AV NE;652 4 AV NE,"MULTIPOINT (-114.04852164468036 51.05635109588952,-114.04855145627153 51.05622778056825,-114.04889348242914 51.05622793466377,-114.04868591141633 51.05622891128586,-114.04861797063549 51.05622834624304,-114.04874958597108 51.05622829142602,-114.04882366065101 51.056229150491056)","{""type"":""MultiPoint"",""coordinates"":[[-114.0485216,51.0563511],[-114.0485515,51.0562278],[-114.0488935,51.0562279],[-114.0486859,51.0562289],[-114.048618,51.0562283],[-114.0487496,51.0562283],[-114.0488237,51.0562292]]}",POINT (-114.04852164468036 51.05635109588952),,,,4 AV NE,156
BP2018-03382,Completed,2018-03-29,2018,2018-05-11,2019-02-06,2019,Commercial / Multi Family Project,Building,1606 - Ths Townhouse,Townhouse,Residential,New,New,New,Altadore 48 - 4 units non stacked townhouses,RNDSQR,,RNDSQR CONSTRUCTION,4,"$860,520",,1703 48 AV SW,ALT,ALTADORE,51.01049694,-114.1007915,5,Titled Parcel;Building;Building;Building;Building,1701 48 AV SW;4909 16 ST SW;1703 48 AV SW;4907 16 ST SW;4905 16 ST SW,"MULTIPOINT (-114.10079150693446 51.01049693810219,-114.1007873558593 51.010317433575466,-114.10083574310038 51.010465813246526,-114.10078519758954 51.010367032103666,-114.10078467939223 51.01039093639976)","{""type"":""MultiPoint"",""coordinates"":[[-114.1007915,51.0104969],[-114.1007874,51.0103174],[-114.1008357,51.0104658],[-114.1007852,51.010367],[-114.1007847,51.0103909]]}",POINT (-114.10079150693446 51.01049693810219),"{""type"":""MultiPoint"",""coordinates"":[[-113.9356883,51.1514224],[-113.936394,51.1513487],[-113.9359027,51.1513491],[-113.9360627,51.1513492],[-113.9362306,51.1513493],[-113.9362998,51.1513494],[-113.9359776,51.1513499],[-113.9361466,51.15135],[-113.9358216,51.1513491]]}",POINT (-113.93568834933828 51.1514224315255),a,48 AV SW,157
BP2019-15181,Completed,2019-11-06,2019,2020-01-16,2020-12-28,2020,Commercial / Multi Family Project,Building,1706 - Rhs Rowhouse,Unspecified,Residential,New,New,New,3 Unit Rowhouse,,0,,3,"$597,760",,5036 22 ST SW,ALT,ALTADORE,51.0088392,-114.1144772,4,Titled Parcel;Building;Building;Building,2276 50 AV SW;2278 50 AV SW;2280 50 AV SW;5036 22 ST SW,"MULTIPOINT (-114.11447717077928 51.00883919991132,-114.11460973351335 51.00889640685735,-114.11472614223268 51.00889778492545,-114.11483783285132 51.008898565198535)","{""type"":""MultiPoint"",""coordinates"":[[-114.1144772,51.0088392],[-114.1146097,51.0088964],[-114.1147261,51.0088978],[-114.1148378,51.0088986]]}",POINT (-114.11447717077928 51.00883919991132),"{""type"":""MultiPoint"",""coordinates"":[[-114.0902132,51.1793628],[-114.0902419,51.1794212],[-114.0901877,51.1793134],[-114.0901628,51.179255]]}",POINT (-114.09021315146099 51.17936282043001),,22 ST SW,158
BP2023-01020,Completed,2023-01-26,2023,2023-04-25,2023-09-27,2023,Commercial / Multi Family Project,Building,1706 - Rhs Rowhouse,Unspecified,Residential,New,New,New,Altadore Rowhouse Development,RICK BALBI ARCHITECT,,PROFESSIONAL CUSTOM HOMES,4,"$778,805",,2049B 43 AV SW,ALT,ALTADORE,51.01474159,-114.1091543,9,Titled Parcel;Building;Building;Building;Building;Building Suite;Building Suite;Building Suite;Building Suite,4410 20 ST SW;2049 43 AV SW;4404 20 ST SW;4408 20 ST SW;4406 20 ST SW;4404B 20 ST SW;4408B 20 ST SW;4406B 20 ST SW;2049B 43 AV SW,"MULTIPOINT (-114.10915429856335 51.01474159409426,-114.10906082239607 51.014996343936815,-114.10906355812693 51.01494749989538,-114.10906327872735 51.01482838553683,-114.10906341167914 51.014885065992274,-114.10912431654954 51.014961476221686,-114.10911170933167 51.01481193397116,-114.10911561713853 51.01486782879078,-114.10911493470411 51.01497783739696)","{""type"":""MultiPoint"",""coordinates"":[[-114.1091543,51.0147416],[-114.1090608,51.0149963],[-114.1090636,51.0149475],[-114.1090633,51.0148284],[-114.1090634,51.0148851],[-114.1091243,51.0149615],[-114.1091117,51.0148119],[-114.1091156,51.0148678],[-114.1091149,51.0149778]]}",POINT (-114.10915429856335 51.01474159409426),"{""type"":""MultiPoint"",""coordinates"":[[-114.2152038,51.0880495],[-114.2142336,51.0888172],[-114.2138543,51.0887836],[-114.2139104,51.0888159],[-114.2143258,51.0888189],[-114.2143816,51.0887941],[-114.2141551,51.0888173],[-114.2140841,51.0888184],[-114.213998,51.0888157]]}",POINT (-114.21520376644062 51.08804954183255),a,43 AV SW,159
BP2020-11144,Completed,2020-08-13,2020,2020-09-21,2021-11-08,2021,Commercial / Multi Family Project,Building,1606 - Ths Townhouse,Townhouse,Residential,New,New,New,New 3-unit townhouse.,PROFESSIONAL CUSTOM HOMES,,PEAK CONTRACTING SERVICES,3,"$1,098,327",,#1 136 21 AV NE,UND,Undefined,51.07164371,-114.0603565,5,Titled Parcel;Building;Building Suite;Building Suite;Building Suite,136 21 AV NE;136 21 AV NE;#1 136 21 AV NE;#3 136 21 AV NE;#2 136 21 AV NE,"MULTIPOINT (-114.06035651901111 51.071643714413895,-114.06036036582368 51.07180380086892,-114.06039926327283 51.07167248632233,-114.06040908615245 51.07181948069542,-114.06030478315583 51.071744965049646)","{""type"":""MultiPoint"",""coordinates"":[[-114.0603565,51.0716437],[-114.0603604,51.0718038],[-114.0603993,51.0716725],[-114.0604091,51.0718195],[-114.0603048,51.071745]]}",POINT (-114.06035651901111 51.071643714413895),"{""type"":""MultiPoint"",""coordinates"":[[-114.2097527,51.0352718],[-114.2102908,51.0346056],[-114.2102832,51.0346253],[-114.2102829,51.0345587],[-114.2102845,51.0344933],[-114.2102837,51.0345242],[-114.2102834,51.0346556],[-114.2102846,51.0347228],[-114.2102845,51.0346907],[-114.210284,51.0345902]]}",POINT (-114.20975266063019 51.035271815776106),a,136 21 AV NE,160
BP2020-18794,Completed,2020-12-26,2020,2021-03-02,2021-10-25,2021,Commercial / Multi Family Project,Building,1706 - Rhs Rowhouse,Unspecified,Residential,New,New,New,New - Part 9 Group C - 4 unit townhouse,SINCLAIR SIGNATURE HOMES,,SINCLAIR SIGNATURE HOMES,4,"$1,194,297",,1743B 33 AV SW,SOC,SOUTH CALGARY,51.02359409,-114.1018972,9,Titled Parcel;Building;Building;Building;Building;Building Suite;Building Suite;Building Suite;Building Suite,3418 17 ST SW;3414 17 ST SW;3406 17 ST SW;1743 33 AV SW;3410 17 ST SW;3414B 17 ST SW;3406B 17 ST SW;1743B 33 AV SW;3410B 17 ST SW,"MULTIPOINT (-114.10189716132192 51.02359408690239,-114.10182887429123 51.023680762846425,-114.10183053037251 51.023792558164054,-114.10183111148399 51.02384309813531,-114.10182991081886 51.02372447019777,-114.1019043104967 51.023682189390726,-114.10190407801407 51.023790705088715,-114.10190371331937 51.0238454171369,-114.10190395221302 51.02373332350649)","{""type"":""MultiPoint"",""coordinates"":[[-114.1018972,51.0235941],[-114.1018289,51.0236808],[-114.1018305,51.0237926],[-114.1018311,51.0238431],[-114.1018299,51.0237245],[-114.1019043,51.0236822],[-114.1019041,51.0237907],[-114.1019037,51.0238454],[-114.101904,51.0237333]]}",POINT (-114.10189716132192 51.02359408690239),"{""type"":""MultiPoint"",""coordinates"":[[-113.9731339,50.8645728],[-113.9732197,50.8646447],[-113.9734827,50.8647799],[-113.9736119,50.8648503],[-113.9735473,50.8648103],[-113.9733399,50.8647104],[-113.973158,50.8646076],[-113.973418,50.8647456],[-113.9732858,50.8646742]]}",POINT (-113.97313387858063 50.864572823031075),a,33 AV SW,161
BP2022-13350,Completed,2022-08-03,2022,2022-10-11,2023-10-12,2023,Commercial / Multi Family Project,Building,1606 - Ths Townhouse,Townhouse,Residential,New,New,New,"A new, two storey, 4 unit rowhouse, Part 9, Group C occupancy",OPTIMA DEVELOPMENTS,,OPTIMA DEVELOPMENTS,4,"$1,235,815",,3417B 17 ST SW,SOC,SOUTH CALGARY,51.02358031,-114.1022351,9,Titled Parcel;Building;Building;Building;Building;Building Suite;Building Suite;Building Suite;Building Suite,3419 17 ST SW;3415 17 ST SW;3417 17 ST SW;1801 33 AV SW;3413 17 ST SW;3413B 17 ST SW;3415B 17 ST SW;3417B 17 ST SW;1801B 33 AV SW,"MULTIPOINT (-114.10223513956322 51.02358030705838,-114.10231361088115 51.023723804986545,-114.10231442404206 51.02366582925714,-114.10231565560522 51.02383678660597,-114.1023052592381 51.023782686291995,-114.10226788716926 51.023790279398526,-114.1022677674462 51.02373586443483,-114.10226387104758 51.02368175842778,-114.1022651212173 51.02382238428197)","{""type"":""MultiPoint"",""coordinates"":[[-114.1022351,51.0235803],[-114.1023136,51.0237238],[-114.1023144,51.0236658],[-114.1023157,51.0238368],[-114.1023053,51.0237827],[-114.1022679,51.0237903],[-114.1022678,51.0237359],[-114.1022639,51.0236818],[-114.1022651,51.0238224]]}",POINT (-114.10223513956322 51.02358030705838),"{""type"":""MultiPoint"",""coordinates"":[[-114.0788263,50.9238741],[-114.0788192,50.9239457],[-114.0789975,50.9240323],[-114.0789373,50.9240019],[-114.0788698,50.923967]]}",POINT (-114.0788263224694 50.92387409497097),,17 ST SW,161
BP2020-16259,Completed,2020-11-05,2020,2021-01-22,2022-05-20,2022,Commercial / Multi Family Project,Building,1706 - Rhs Rowhouse,Unspecified,Residential,New,New,New,5 Plex Rowhouse,SUNSTAR HOMES CORNERSTONE DEVELOPMENTS LTD.,,SUNSTAR HOMES,5,"$1,247,756",,648 CORNERSTONE BV NE,CNS,CORNERSTONE,51.14997174,-113.9377702,5,Titled Parcel;Titled Parcel;Titled Parcel;Titled Parcel;Titled Parcel,648 CORNERSTONE BV NE;656 CORNERSTONE BV NE;664 CORNERSTONE BV NE;652 CORNERSTONE BV NE;660 CORNERSTONE BV NE,"MULTIPOINT (-113.93777017423653 51.14997174196151,-113.93777150354659 51.15008860709626,-113.93776634379554 51.150205468776456,-113.9377701467796 51.15003466894666,-113.93777014463132 51.150142543800655)","{""type"":""MultiPoint"",""coordinates"":[[-113.9377702,51.1499717],[-113.9377715,51.1500886],[-113.9377663,51.1502055],[-113.9377701,51.1500347],[-113.9377701,51.1501425]]}",POINT (-113.93777017423653 51.14997174196151),"{""type"":""MultiPoint"",""coordinates"":[[-114.1071406,51.1807065],[-114.1069921,51.1806429],[-114.1073384,51.1807986],[-114.1072876,51.1807758],[-114.1069444,51.1806187],[-114.1070937,51.1806875],[-114.1070429,51.1806647],[-114.1071891,51.1807312],[-114.1072391,51.1807535]]}",POINT (-114.10714061702356 51.18070647495299),a,CORNERSTONE BV NE,162
BP2022-07688,Completed,2022-05-10,2022,2023-01-25,2023-08-30,2023,Commercial / Multi Family Project,Building,1706 - Rhs Rowhouse,Unspecified,Residential,New,New,New,5 Plex Rowhouse (Building 4),SEIKA ARCHITECTURE,,,5,"$1,172,304",,624 CORNERSTONE BV NE,CNS,CORNERSTONE,51.14944136,-113.9377703,5,Titled Parcel;Titled Parcel;Titled Parcel;Titled Parcel;Titled Parcel,612 CORNERSTONE BV NE;624 CORNERSTONE BV NE;620 CORNERSTONE BV NE;616 CORNERSTONE BV NE;608 CORNERSTONE BV NE,"MULTIPOINT (-113.93777025864102 51.14944135726715,-113.93777160720295 51.149607665069034,-113.93777025649425 51.149549232132145,-113.93777025756768 51.14949529469989,-113.93777027180391 51.14937843026797)","{""type"":""MultiPoint"",""coordinates"":[[-113.9377703,51.1494414],[-113.9377716,51.1496077],[-113.9377703,51.1495492],[-113.9377703,51.1494953],[-113.9377703,51.1493784]]}",POINT (-113.93777025864102 51.14944135726715),"{""type"":""Point"",""coordinates"":[-114.0244868,50.8641477]}",POINT (-114.02448681639788 50.864147660352806),a,CORNERSTONE BV NE,162
BP2021-17672,Completed,2021-10-12,2021,2022-03-04,2023-06-29,2023,Commercial / Multi Family Project,Building,1706 - Rhs Rowhouse,Unspecified,Residential,New,New,New,5 Plex Rowhouse,SEIKA ARCHITECTURE,,,4,"$2,273",,644 CORNERSTONE BV NE,CNS,CORNERSTONE,51.14967509,-113.9377716,5,Titled Parcel;Titled Parcel;Titled Parcel;Titled Parcel;Titled Parcel,628 CORNERSTONE BV NE;640 CORNERSTONE BV NE;632 CORNERSTONE BV NE;644 CORNERSTONE BV NE;636 CORNERSTONE BV NE,"MULTIPOINT (-113.93777157370386 51.14967508684086,-113.93777020056399 51.14984588797396,-113.93777018841855 51.149738013106855,-113.93777018740032 51.14990881496807,-113.93777020163778 51.14979195054446)","{""type"":""MultiPoint"",""coordinates"":[[-113.9377716,51.1496751],[-113.9377702,51.1498459],[-113.9377702,51.149738],[-113.9377702,51.1499088],[-113.9377702,51.149792]]}",POINT (-113.93777157370386 51.14967508684086),,,,CORNERSTONE BV NE,162
BP2020-07483,Completed,2020-06-11,2020,2020-07-14,2021-09-16,2021,Commercial / Multi Family Project,Building,1706 - Rhs Rowhouse,Unspecified,Residential,New,New,New,5 plex row house,SUNSTAR HOMES CORNERSTONE DEVELOPMENTS LTD.,,SUNSTAR HOMES,5,"$1,289,369",,680 CORNERSTONE BV NE,CNS,CORNERSTONE,51.15050212,-113.9377602,10,Titled Parcel;Titled Parcel;Titled Parcel;Titled Parcel;Titled Parcel;Building;Building;Building;Building;Building,684 CORNERSTONE BV NE;676 CORNERSTONE BV NE;672 CORNERSTONE BV NE;680 CORNERSTONE BV NE;668 CORNERSTONE BV NE;684 CORNERSTONE BV NE;680 CORNERSTONE BV NE;676 CORNERSTONE BV NE;668 CORNERSTONE BV NE;672 CORNERSTONE BV NE,"MULTIPOINT (-113.9377602418155 51.15050212136796,-113.93775807527291 51.15038076101049,-113.93776379361653 51.150326826627975,-113.93775644476285 51.150434697567505,-113.93776678800594 51.15026839601001,-113.93766929668112 51.15050025704906,-113.93766938607462 51.150433896085936,-113.93767513639594 51.15037752555156,-113.93767301371687 51.15026621555362,-113.93767407739459 51.150325439413756)","{""type"":""MultiPoint"",""coordinates"":[[-113.9377602,51.1505021],[-113.9377581,51.1503808],[-113.9377638,51.1503268],[-113.9377564,51.1504347],[-113.9377668,51.1502684],[-113.9376693,51.1505003],[-113.9376694,51.1504339],[-113.9376751,51.1503775],[-113.937673,51.1502662],[-113.9376741,51.1503254]]}",POINT (-113.9377602418155 51.15050212136796),"{""type"":""MultiPoint"",""coordinates"":[[-113.9530915,50.8646294],[-113.9527525,50.8646858],[-113.9529806,50.8647222],[-113.9528111,50.864719],[-113.9526368,50.8647261],[-113.9528885,50.8647123],[-113.9526972,50.8647166],[-113.9525829,50.8647241],[-113.9526016,50.8647071],[-113.95262,50.8647075],[-113.9525232,50.8647126],[-113.9529058,50.8647126],[-113.9528703,50.864731],[-113.952922,50.8647314]]}",POINT (-113.95309148581782 50.86462941917464),a,CORNERSTONE BV NE,162
BP2018-15129,Completed,2018-11-16,2018,2019-03-28,2020-03-31,2020,Commercial / Multi Family Project,Building,1606 - Ths Townhouse,Townhouse,Residential,New,New,New,New 3 storey residential building,GRAVITY ARCHITECTURE,,,8,"$1,292,514",,#101 8485 64 AV NW,SIL,SILVER SPRINGS,51.11065087,-114.2095282,9,Titled Parcel;Building;Building;Building;Building;Building;Building;Building;Building,8485 64 AV NW;#108 8485 64 AV NW;#101 8485 64 AV NW;#103 8485 64 AV NW;#107 8485 64 AV NW;#102 8485 64 AV NW;#104 8485 64 AV NW;#106 8485 64 AV NW;#105 8485 64 AV NW,"MULTIPOINT (-114.20952818480653 51.110650869439795,-114.20967449077553 51.11094391229823,-114.2096728859269 51.110788079706595,-114.20967344291186 51.11084173789011,-114.20967446359961 51.11094106263001,-114.20967288918114 51.11078879887225,-114.2096734487695 51.11084303238828,-114.20967390734414 51.11088756625969,-114.20967395323478 51.110891395765506)","{""type"":""MultiPoint"",""coordinates"":[[-114.2095282,51.1106509],[-114.2096745,51.1109439],[-114.2096729,51.1107881],[-114.2096734,51.1108417],[-114.2096745,51.1109411],[-114.2096729,51.1107888],[-114.2096734,51.110843],[-114.2096739,51.1108876],[-114.209674,51.1108914]]}",POINT (-114.20952818480653 51.110650869439795),"{""type"":""MultiPoint"",""coordinates"":[[-114.2117738,51.0624352],[-114.2116732,51.0624353],[-114.212252,51.0624343],[-114.2123476,51.0624341],[-114.2119651,51.0624348],[-114.2118695,51.062435],[-114.2121564,51.0624345],[-114.2124654,51.0624339],[-114.2120607,51.0624346],[-114.2120663,51.0623908],[-114.2117643,51.0623913],[-114.2122535,51.0623923],[-114.2124407,51.0623939],[-114.2119606,51.062391],[-114.2118639,51.0623911],[-114.2116767,51.0623915],[-114.2123441,51.0623903],[-114.2121508,51.0623906]]}",POINT (-114.21177382978976 51.06243516350943),a,8485 64 AV NW,163
BP2019-02591,Completed,2019-03-14,2019,2019-03-28,2022-10-18,2022,Commercial / Multi Family Project,Building,1606 - Ths Townhouse,Townhouse,Residential,New,New,New,New 3 storey residential building,GRAVITY ARCHITECTURE,,,8,"$1,292,536",,#301 8485 64 AV NW,SIL,SILVER SPRINGS,51.11065087,-114.2095282,9,Titled Parcel;Building;Building;Building;Building;Building;Building;Building;Building,8485 64 AV NW;#305 8485 64 AV NW;#304 8485 64 AV NW;#301 8485 64 AV NW;#308 8485 64 AV NW;#303 8485 64 AV NW;#306 8485 64 AV NW;#302 8485 64 AV NW;#307 8485 64 AV NW,"MULTIPOINT (-114.20952818480653 51.110650869439795,-114.21012514583971 51.110891116278346,-114.21012451381546 51.110839921394266,-114.21012389966096 51.11078951756627,-114.21012579638608 51.110943246051605,-114.21012451304091 51.11083975059244,-114.21012514151856 51.11089016338391,-114.21012388293418 51.110788978217705,-114.21012577350359 51.110941349277965)","{""type"":""MultiPoint"",""coordinates"":[[-114.2095282,51.1106509],[-114.2101251,51.1108911],[-114.2101245,51.1108399],[-114.2101239,51.1107895],[-114.2101258,51.1109432],[-114.2101245,51.1108398],[-114.2101251,51.1108902],[-114.2101239,51.110789],[-114.2101258,51.1109413]]}",POINT (-114.20952818480653 51.110650869439795),"{""type"":""MultiPoint"",""coordinates"":[[-114.0118093,50.8618783],[-114.0118095,50.8617929],[-114.0118091,50.8619637],[-114.0118088,50.8620446],[-114.0118089,50.8620042],[-114.0118094,50.8618379],[-114.0118092,50.8619188],[-114.0118087,50.8620851],[-114.0118086,50.86213],[-114.0117152,50.862125],[-114.0117169,50.8619618],[-114.0117133,50.8620029],[-114.0117025,50.8618385],[-114.0117151,50.8620828],[-114.0117133,50.8620417],[-114.0117061,50.8617974],[-114.0117151,50.8618796],[-114.0117151,50.8619184]]}",POINT (-114.01180929821777 50.86187831333507),a,8485 64 AV NW,163
BP2019-02590,Completed,2019-03-14,2019,2019-03-28,2023-02-10,2023,Commercial / Multi Family Project,Building,1606 - Ths Townhouse,Townhouse,Residential,New,New,New,New 3 storey residential building,GRAVITY ARCHITECTURE,,,8,"$1,292,536",,#401 8485 64 AV NW,SIL,SILVER SPRINGS,51.11065087,-114.2095282,9,Titled Parcel;Building;Building;Building;Building;Building;Building;Building;Building,8485 64 AV NW;#402 8485 64 AV NW;#401 8485 64 AV NW;#406 8485 64 AV NW;#404 8485 64 AV NW;#403 8485 64 AV NW;#407 8485 64 AV NW;#408 8485 64 AV NW;#405 8485 64 AV NW,"MULTIPOINT (-114.20952818480653 51.110650869439795,-114.21027024158018 51.11078743860669,-114.21027017646122 51.11078567675364,-114.21027380390781 51.11088954556234,-114.21027209596015 51.11084046517987,-114.21027212876446 51.11084140004381,-114.21027572272219 51.11094418116482,-114.2102757234157 51.11094433398752,-114.2102737550276 51.110888215182996)","{""type"":""MultiPoint"",""coordinates"":[[-114.2095282,51.1106509],[-114.2102702,51.1107874],[-114.2102702,51.1107857],[-114.2102738,51.1108895],[-114.2102721,51.1108405],[-114.2102721,51.1108414],[-114.2102757,51.1109442],[-114.2102757,51.1109443],[-114.2102738,51.1108882]]}",POINT (-114.20952818480653 51.110650869439795),,,,8485 64 AV NW,163
BP2019-00532,Completed,2019-01-17,2019,2019-03-28,2020-12-08,2020,Commercial / Multi Family Project,Building,1606 - Ths Townhouse,Townhouse,Residential,New,New,New,New 3 storey building,GRAVITY ARCHITECTURE,,,8,"$1,292,536",,#204 8485 64 AV NW,SIL,SILVER SPRINGS,51.11065087,-114.2095282,9,Titled Parcel;Building;Building;Building;Building;Building;Building;Building;Building,8485 64 AV NW;#208 8485 64 AV NW;#206 8485 64 AV NW;#205 8485 64 AV NW;#204 8485 64 AV NW;#202 8485 64 AV NW;#201 8485 64 AV NW;#203 8485 64 AV NW;#207 8485 64 AV NW,"MULTIPOINT (-114.20952818480653 51.110650869439795,-114.20982865377056 51.11094378859978,-114.20982840561378 51.11088898817896,-114.209828413389 51.1108907051869,-114.20982820398696 51.11084446283666,-114.20982796291474 51.11079122660017,-114.20982796360678 51.11079137942287,-114.20982820398696 51.11084446283666,-114.20982865637588 51.11094436393228)","{""type"":""MultiPoint"",""coordinates"":[[-114.2095282,51.1106509],[-114.2098287,51.1109438],[-114.2098284,51.110889],[-114.2098284,51.1108907],[-114.2098282,51.1108445],[-114.209828,51.1107912],[-114.209828,51.1107914],[-114.2098282,51.1108445],[-114.2098287,51.1109444]]}",POINT (-114.20952818480653 51.110650869439795),,,,8485 64 AV NW,163
BP2020-01960,Completed,2020-02-18,2020,2020-02-21,2021-07-16,2021,Commercial / Multi Family Project,Building,1606 - Ths Townhouse,Townhouse,Residential,New,New,New,8B Radisson -  Habitat for Humanity 4 unit rowhouse,HABITAT FOR HUMANITY,,,4,"$875,000",,#3 1313 36 ST SE,ALB,ALBERT PARK/RADISSON HEIGHTS,51.04207958,-113.9818678,6,Titled Parcel;Building;Building Suite;Building Suite;Building Suite;Building Suite,1305 36 ST SE;1313 36 ST SE;#2 1313 36 ST SE;#1 1313 36 ST SE;#4 1313 36 ST SE;#3 1313 36 ST SE,"MULTIPOINT (-113.98186783556261 51.04207958030707,-113.98203326602756 51.041999696079856,-113.98197510146396 51.04203357843387,-113.98187819438328 51.04202714477612,-113.98214375209089 51.0420336043217,-113.98205999031369 51.04203288130546)","{""type"":""MultiPoint"",""coordinates"":[[-113.9818678,51.0420796],[-113.9820333,51.0419997],[-113.9819751,51.0420336],[-113.9818782,51.0420271],[-113.9821438,51.0420336],[-113.98206,51.0420329]]}",POINT (-113.98186783556261 51.04207958030707),"{""type"":""MultiPoint"",""coordinates"":[[-113.9541004,50.8677583],[-113.9542958,50.8676051],[-113.9541695,50.867645],[-113.9545439,50.8675267],[-113.9543567,50.8675859],[-113.9544165,50.8675674],[-113.9541097,50.8676643],[-113.9542326,50.8676251],[-113.9540454,50.8676849],[-113.9544774,50.8675481]]}",POINT (-113.95410037890485 50.867758343744306),a,1313 36 ST SE,164
BP2019-12584,Completed,2019-09-13,2019,2019-10-24,2020-12-17,2020,Commercial / Multi Family Project,Building,1606 - Ths Townhouse,Townhouse,Residential,New,New,New,4 Unit Residential 2 Storey Rowhouse,HABITAT FOR HUMANITY,,HABITAT FOR HUMANITY,4,"$875,000",,#3 1305 36 ST SE,ALB,ALBERT PARK/RADISSON HEIGHTS,51.04207958,-113.9818678,6,Titled Parcel;Building;Building Suite;Building Suite;Building Suite;Building Suite,1305 36 ST SE;1305 36 ST SE;#3 1305 36 ST SE;#1 1305 36 ST SE;#2 1305 36 ST SE;#4 1305 36 ST SE,"MULTIPOINT (-113.98186783556261 51.04207958030707,-113.98203164477701 51.04217273029278,-113.9820599546254 51.04212528680905,-113.98188565552313 51.04212846926119,-113.98197563655448 51.042124554657256,-113.98214711068077 51.042125300154595)","{""type"":""MultiPoint"",""coordinates"":[[-113.9818678,51.0420796],[-113.9820316,51.0421727],[-113.98206,51.0421253],[-113.9818857,51.0421285],[-113.9819756,51.0421246],[-113.9821471,51.0421253]]}",POINT (-113.98186783556261 51.04207958030707),"{""type"":""MultiPoint"",""coordinates"":[[-113.9331869,50.894498],[-113.9361248,50.8933012],[-113.9361202,50.8933683]]}",POINT (-113.93318689375285 50.8944979542591),,1305 36 ST SE,164
BP2018-12267,Completed,2018-09-12,2018,2018-12-03,2019-09-17,2019,Commercial / Multi Family Project,Building,1706 - Rhs Rowhouse,Unspecified,Residential,New,New,New,Three Unit Townhouses & Secondary Suites,EAGLE CREST CONSTRUCTION,,EAGLE CREST CONSTRUCTION,3,"$816,631",,2836 4 ST NW,MOP,MOUNT PLEASANT,51.07773493,-114.0712567,4,Titled Parcel;Building;Building;Building,469 28 AV NW;2836 4 ST NW;2838 4 ST NW;471 28 AV NW,"MULTIPOINT (-114.0712566953203 51.0777349334223,-114.0712891758004 51.077549330592426,-114.07128961438914 51.07761186256477,-114.07128558412417 51.07767302183985)","{""type"":""MultiPoint"",""coordinates"":[[-114.0712567,51.0777349],[-114.0712892,51.0775493],[-114.0712896,51.0776119],[-114.0712856,51.077673]]}",POINT (-114.0712566953203 51.0777349334223),"{""type"":""MultiPoint"",""coordinates"":[[-114.0791961,50.9234783],[-114.0796073,50.924282],[-114.0795365,50.9242506],[-114.0793874,50.9241898],[-114.0794567,50.9242193]]}",POINT (-114.07919611969263 50.92347828818411),,4 ST NW,165
BP2020-12029,Completed,2020-08-28,2020,2020-10-09,2021-06-16,2021,Commercial / Multi Family Project,Building,1706 - Rhs Rowhouse,Unspecified,Residential,New,New,New,"New 4 Unit Rowhouse, Renfrew",WESTMOUNT PROJECTS,,WESTMOUNT PROJECTS,4,"$793,339",,641 12 AV NE,REN,RENFREW,51.06296753,-114.0485073,5,Titled Parcel;Building;Building;Building;Building,1215 6 ST NE;1217 6 ST NE;641 12 AV NE;1219 6 ST NE;1221 6 ST NE,"MULTIPOINT (-114.04850733275055 51.0629675288511,-114.04853612331766 51.06294150069271,-114.04858389914963 51.063144279609986,-114.04853957389803 51.06299430479012,-114.04854302522901 51.063047819073354)","{""type"":""MultiPoint"",""coordinates"":[[-114.0485073,51.0629675],[-114.0485361,51.0629415],[-114.0485839,51.0631443],[-114.0485396,51.0629943],[-114.048543,51.0630478]]}",POINT (-114.04850733275055 51.0629675288511),"{""type"":""MultiPoint"",""coordinates"":[[-113.9470509,51.1181576],[-113.9504229,51.1179436],[-113.9503521,51.1179637],[-113.9505562,51.1179638],[-113.9504135,51.1179613],[-113.9504237,51.1179427],[-113.9504229,51.1179441],[-113.9504787,51.1179673],[-113.9504244,51.1179436],[-113.9502831,51.1179648],[-113.9504237,51.1179431]]}",POINT (-113.94705086508411 51.118157637087535),a,12 AV NE,166
BP2022-03966,Completed,2022-03-16,2022,2022-08-02,2023-11-16,2023,Commercial / Multi Family Project,Building,1706 - Rhs Rowhouse,Unspecified,Residential,New,New,New,"2 Unit Residential Rowhouse - Building A, Garage",FORMED ALLIANCE ARCHITECTURE STUDIO,,EAGLE CREST CONSTRUCTION,2,"$454,100",,#1B 462 20 AV NW,MOP,MOUNT PLEASANT,51.07072771,-114.0708638,5,Titled Parcel;Building;Building;Building Suite;Building Suite,462 20 AV NW;#1 462 20 AV NW;#2 462 20 AV NW;#2B 462 20 AV NW;#1B 462 20 AV NW,"MULTIPOINT (-114.07086376390569 51.07072770979296,-114.07081736495763 51.07076680712101,-114.07091071740572 51.07076210286058,-114.07087383251157 51.07073375375339,-114.07085498368409 51.070733765179256)","{""type"":""MultiPoint"",""coordinates"":[[-114.0708638,51.0707277],[-114.0708174,51.0707668],[-114.0709107,51.0707621],[-114.0708738,51.0707338],[-114.070855,51.0707338]]}",POINT (-114.07086376390569 51.07072770979296),"{""type"":""MultiPoint"",""coordinates"":[[-114.0717153,51.0722105],[-114.0720603,51.0720574],[-114.0718405,51.0720571],[-114.07191,51.0720571],[-114.0717628,51.0720571],[-114.0719863,51.0720575],[-114.0717892,51.0720809],[-114.0718874,51.0720809],[-114.0718126,51.0720809],[-114.0719629,51.0720808],[-114.0720339,51.0720808]]}",POINT (-114.07171525224756 51.07221048990934),a,462 20 AV NW,167
BP2022-03967,Completed,2022-03-16,2022,2022-09-07,2023-11-16,2023,Commercial / Multi Family Project,Building,1706 - Rhs Rowhouse,Unspecified,Residential,New,New,New,2 Unit Residential Rowhouse - Building B,FORMED ALLIANCE ARCHITECTURE STUDIO,,EAGLE CREST CONSTRUCTION,2,"$490,003",,#3R 462 20 AV NW,MOP,MOUNT PLEASANT,51.07072771,-114.0708638,5,Titled Parcel;Building;Building;Building Suite;Building Suite,462 20 AV NW;#3 462 20 AV NW;#4 462 20 AV NW;#3R 462 20 AV NW;#4R 462 20 AV NW,"MULTIPOINT (-114.07086376390569 51.07072770979296,-114.07091504749242 51.07091586895161,-114.07081678158231 51.07091747474743,-114.07087169659589 51.070951494429025,-114.07085695469645 51.07094995713796)","{""type"":""MultiPoint"",""coordinates"":[[-114.0708638,51.0707277],[-114.070915,51.0709159],[-114.0708168,51.0709175],[-114.0708717,51.0709515],[-114.070857,51.07095]]}",POINT (-114.07086376390569 51.07072770979296),,,,462 20 AV NW,167
BP2018-14748,Completed,2018-11-06,2018,2019-05-07,2019-10-25,2019,Commercial / Multi Family Project,Building,1606 - Ths Townhouse,Townhouse,Residential,New,New,New,New Rowhouse,APLIN MARTIN CONSULTANTS,,,15,"$771,962",,#1 908 36 ST SE,FLN,FOREST LAWN,51.0449652,-113.9813485,19,Titled Parcel;Titled Parcel;Titled Parcel;Building;Building;Building;Building;Building;Building;Building;Building;Building;Building;Building;Building;Building;Building;Building;Building,902 36 ST SE;912 36 ST SE;908 36 ST SE;#1 908 36 ST SE;#8 908 36 ST SE;#6 908 36 ST SE;#5 908 36 ST SE;#2 908 36 ST SE;#100 908 36 ST SE;#7 908 36 ST SE;#12 908 36 ST SE;#14 908 36 ST SE;#15 908 36 ST SE;#13 908 36 ST SE;#10 908 36 ST SE;#9 908 36 ST SE;#11 908 36 ST SE;#4 908 36 ST SE;#3 908 36 ST SE,"MULTIPOINT (-113.98134853232294 51.04496520352852,-113.98134815413637 51.04466404741217,-113.98134828356874 51.04480338829649,-113.98114529725655 51.0449796174204,-113.98096431631448 51.044662457273546,-113.98103143043596 51.04479304405895,-113.9810348109685 51.0448261088456,-113.98104719715718 51.04498139051079,-113.98127264316558 51.044984995774875,-113.98103935761894 51.04476236338621,-113.9811952261436 51.04465726262812,-113.98129409433275 51.044658698871146,-113.98134615826542 51.044662518839,-113.98124352488581 51.04466202595786,-113.98106354189494 51.04466175421329,-113.98101525840583 51.04465460853233,-113.98111335621509 51.04465677297149,-113.98102762532616 51.04485678963806,-113.98103703938851 51.0448867629354)","{""type"":""MultiPoint"",""coordinates"":[[-113.9813485,51.0449652],[-113.9813482,51.044664],[-113.9813483,51.0448034],[-113.9811453,51.0449796],[-113.9809643,51.0446625],[-113.9810314,51.044793],[-113.9810348,51.0448261],[-113.9810472,51.0449814],[-113.9812726,51.044985],[-113.9810394,51.0447624],[-113.9811952,51.0446573],[-113.9812941,51.0446587],[-113.9813462,51.0446625],[-113.9812435,51.044662],[-113.9810635,51.0446618],[-113.9810153,51.0446546],[-113.9811134,51.0446568],[-113.9810276,51.0448568],[-113.981037,51.0448868]]}",POINT (-113.98134853232294 51.04496520352852),"{""type"":""MultiPoint"",""coordinates"":[[-114.2159599,51.1306366],[-114.2147357,51.1298156],[-114.2146902,51.1297866],[-114.2146004,51.1298663],[-114.2147337,51.129748],[-114.214709,51.1299125],[-114.2147948,51.1298328],[-114.2148828,51.1297502],[-114.2146566,51.1299522],[-114.2145547,51.1299078],[-114.2146428,51.129827],[-114.2147479,51.1298732],[-114.2148377,51.1297913],[-114.2147772,51.1297047]]}",POINT (-114.21595991895694 51.13063659822156),a,908 36 ST SE,168
BP2017-02943,Completed,2017-03-28,2017,2017-05-18,2018-01-19,2018,Commercial / Multi Family Project,Building,1508 - Apt Fourplex,Apartment,Residential,New,New,New,2 new semi-detached residential units c/w a 4 car detached garage,RNDSQR,,,4,"$815,400",,#1 1616 15 AV SW,SNA,SUNALTA,51.0396712,-114.0978888,5,Titled Parcel;Building;Building;Building;Building,1616 15 AV SW;#2 1618 15 AV SW;#1 1616 15 AV SW;#1 1618 15 AV SW;#2 1616 15 AV SW,"MULTIPOINT (-114.09788883253475 51.039671197031396,-114.09797858818477 51.039837728737645,-114.09792557998708 51.03973293477564,-114.09794708867507 51.039735766500904,-114.09789331474889 51.03983590335719)","{""type"":""MultiPoint"",""coordinates"":[[-114.0978888,51.0396712],[-114.0979786,51.0398377],[-114.0979256,51.0397329],[-114.0979471,51.0397358],[-114.0978933,51.0398359]]}",POINT (-114.09788883253475 51.039671197031396),"{""type"":""MultiPoint"",""coordinates"":[[-114.2053366,51.0328614],[-114.2054211,51.0324697],[-114.205423,51.0325591]]}",POINT (-114.205336579627 51.032861412231576),,1616 15 AV SW,169
BP2017-11516,Completed,2017-08-30,2017,2017-11-13,2018-08-28,2018,Commercial / Multi Family Project,Building,1606 - Ths Townhouse,Townhouse,Residential,New,New,New,New - Part 9 Group C - 5 unit Townhouse,SARINA DEVELOPMENTS,,SARINA DEVELOPMENTS,5,"$944,080",,2104 RICHMOND RD SW,RIC,RICHMOND,51.03512416,-114.1109906,6,Titled Parcel;Building;Building;Building;Building;Building,2102 RICHMOND RD SW;2135 20 AV SW;2139 20 AV SW;2137 20 AV SW;2104 RICHMOND RD SW;2133 20 AV SW,"MULTIPOINT (-114.11099064582845 51.03512416136965,-114.11073552845939 51.03517007131009,-114.11087753437863 51.03515780949794,-114.1108045496025 51.035163937809685,-114.11096793502736 51.035100989376936,-114.1106625579242 51.035176208509405)","{""type"":""MultiPoint"",""coordinates"":[[-114.1109906,51.0351242],[-114.1107355,51.0351701],[-114.1108775,51.0351578],[-114.1108045,51.0351639],[-114.1109679,51.035101],[-114.1106626,51.0351762]]}",POINT (-114.11099064582845 51.03512416136965),"{""type"":""MultiPoint"",""coordinates"":[[-113.947131,50.8759992],[-113.9471054,50.8763922],[-113.9467813,50.876403],[-113.9468708,50.8764111],[-113.9468219,50.8764192],[-113.9467114,50.8764277],[-113.9470002,50.8763998],[-113.9470814,50.8763746],[-113.9471558,50.8763865],[-113.9470626,50.8763765],[-113.947049,50.8763969],[-113.946767,50.8764254],[-113.9467994,50.8764025]]}",POINT (-113.9471310333783 50.875999227016266),a,RICHMOND RD SW,170
BP2022-16554,Completed,2022-09-27,2022,2022-10-28,2023-09-22,2023,Commercial / Multi Family Project,Building,1606 - Ths Townhouse,Townhouse,Residential,New,New,New,4 Unit Residential Rowhouse,QAA DESIGNS,,INVESTA CUSTOM HOMES,4,"$708,885",,#1 913 38 ST SW,RCK,ROSSCARROCK,51.04459894,-114.1427665,5,Titled Parcel;Building;Building;Building;Building,913 38 ST SW;#4 913 38 ST SW;#3 913 38 ST SW;#2 913 38 ST SW;#1 913 38 ST SW,"MULTIPOINT (-114.14276645013092 51.044598937350756,-114.14305231883822 51.044566791108075,-114.14289499665301 51.044566983554546,-114.14305385519478 51.04462112321077,-114.14290064251868 51.0446221736498)","{""type"":""MultiPoint"",""coordinates"":[[-114.1427665,51.0445989],[-114.1430523,51.0445668],[-114.142895,51.044567],[-114.1430539,51.0446211],[-114.1429006,51.0446222]]}",POINT (-114.14276645013092 51.044598937350756),"{""type"":""MultiPoint"",""coordinates"":[[-113.9471222,50.8759992],[-113.9482053,50.8760369],[-113.9482668,50.8762282],[-113.9482712,50.876261],[-113.9482322,50.8762172],[-113.9482444,50.8760798],[-113.9482299,50.8762049],[-113.9482347,50.8760122],[-113.9482458,50.8761611],[-113.9482008,50.8760255],[-113.94826,50.876193],[-113.9482384,50.8760484],[-113.9482152,50.8759794]]}",POINT (-113.94712222375914 50.875999222394036),a,913 38 ST SW,171
BP2017-11167,Completed,2017-08-24,2017,2017-10-11,2018-07-20,2018,Commercial / Multi Family Project,Building,1606 - Ths Townhouse,Townhouse,Residential,New,New,New,"4-unit Townhouse: 2 storey, 4 residential units and a detached 4 single car garage",SINCLAIR SIGNATURE HOMES,,SINCLAIR SIGNATURE HOMES,4,"$900,000",,5103 6 ST SW,WND,WINDSOR PARK,51.00858534,-114.0790805,5,Titled Parcel;Building;Building;Building;Building,701 50 AV SW;703 50 AV SW;5107 6 ST SW;5105 6 ST SW;5103 6 ST SW,"MULTIPOINT (-114.07908047827272 51.008585338803506,-114.0791206964701 51.00854697910965,-114.0791250691924 51.00845374302755,-114.0791084756646 51.0084495650204,-114.07911308727454 51.008505127795715)","{""type"":""MultiPoint"",""coordinates"":[[-114.0790805,51.0085853],[-114.0791207,51.008547],[-114.0791251,51.0084537],[-114.0791085,51.0084496],[-114.0791131,51.0085051]]}",POINT (-114.07908047827272 51.008585338803506),"{""type"":""MultiPoint"",""coordinates"":[[-113.9471291,50.8759992],[-113.947801,50.8763744],[-113.9474347,50.8764223],[-113.9477167,50.8763968],[-113.9477363,50.8763953],[-113.9473633,50.8764133],[-113.9474122,50.8764047],[-113.9474182,50.876045],[-113.9476942,50.8763792],[-113.9474686,50.8764005],[-113.947452,50.8764204],[-113.9475212,50.8763967],[-113.9477498,50.8763744],[-113.9476415,50.8763872]]}",POINT (-113.9471290725279 50.87599922549623),a,6 ST SW,172
BP2021-13915,Completed,2021-08-09,2021,2021-09-22,2022-10-14,2022,Commercial / Multi Family Project,Building,1706 - Rhs Rowhouse,Unspecified,Residential,New,New,New,4 unit rowhouse w/ detached garage,GOALDEX,,GOALDEX,4,"$770,100",,5117 6 ST SW,WND,WINDSOR PARK,51.00820329,-114.0790508,6,Titled Parcel;Building;Building;Building;Building;Building,5115 6 ST SW;5121 6 ST SW;704 51 AV SW;5117 6 ST SW;5119 6 ST SW;702 51 AV SW,"MULTIPOINT (-114.0790507740658 51.008203292784245,-114.07913781973265 51.00803341670183,-114.07913823749206 51.00801932941544,-114.07914097590562 51.008129677251766,-114.07913989172677 51.008078714858165,-114.07913673448886 51.007981825022654)","{""type"":""MultiPoint"",""coordinates"":[[-114.0790508,51.0082033],[-114.0791378,51.0080334],[-114.0791382,51.0080193],[-114.079141,51.0081297],[-114.0791399,51.0080787],[-114.0791367,51.0079818]]}",POINT (-114.0790507740658 51.008203292784245),,,,6 ST SW,172
BP2022-05153,Completed,2022-04-01,2022,2022-05-25,2023-04-14,2023,Commercial / Multi Family Project,Building,1606 - Ths Townhouse,Townhouse,Residential,New,New,New,9.10.15. - Row House with 9.10.14. Garage,JOHN TRINH & ASSOCIATES,,PARAMOUNT HOMES CONSTRUCTION,4,"$797,367",,204B 12 AV NE,CRE,CRESCENT HEIGHTS,51.06373094,-114.0597605,9,Titled Parcel;Building;Building;Building;Building;Building Suite;Building Suite;Building Suite;Building Suite,1310 1 ST NE;1306 1 ST NE;1308 1 ST NE;204 12 AV NE;1304 1 ST NE;1306R 1 ST NE;1304R 1 ST NE;204B 12 AV NE;1308R 1 ST NE,"MULTIPOINT (-114.05976046213193 51.06373093736452,-114.05968707959163 51.06358994436796,-114.05968714177399 51.063638299958626,-114.05968857232354 51.063486022616246,-114.05969028043751 51.06353849465222,-114.05963480585396 51.06357761919269,-114.05963638832328 51.06353234623128,-114.05964445350166 51.06345825795719,-114.05963648880001 51.06361054762313)","{""type"":""MultiPoint"",""coordinates"":[[-114.0597605,51.0637309],[-114.0596871,51.0635899],[-114.0596871,51.0636383],[-114.0596886,51.063486],[-114.0596903,51.0635385],[-114.0596348,51.0635776],[-114.0596364,51.0635323],[-114.0596445,51.0634583],[-114.0596365,51.0636105]]}",POINT (-114.05976046213193 51.06373093736452),"{""type"":""MultiPoint"",""coordinates"":[[-114.1898084,51.0185085],[-114.1897351,51.0185895],[-114.1900003,51.0185807],[-114.1899582,51.018664]]}",POINT (-114.18980839695449 51.01850852201506),,12 AV NE,173
BP2018-04869,Completed,2018-05-01,2018,2018-06-20,2019-02-21,2019,Commercial / Multi Family Project,Building,1606 - Ths Townhouse,Townhouse,Residential,New,New,New,Bridgeland Tri-Plex - Residential,K HICKERSON CONTRACTING,,,3,"$711,555",,#1 532 4 AV NE,BRD,BRIDGELAND/RIVERSIDE,51.05619883,-114.0505351,4,Titled Parcel;Building;Building;Building,532 4 AV NE;#1 532 4 AV NE;#2 532 4 AV NE;#3 532 4 AV NE,"MULTIPOINT (-114.0505351413024 51.056198828946414,-114.05051182619819 51.05623128290906,-114.05050763434494 51.056285393820694,-114.05050344280465 51.05633980139215)","{""type"":""MultiPoint"",""coordinates"":[[-114.0505351,51.0561988],[-114.0505118,51.0562313],[-114.0505076,51.0562854],[-114.0505034,51.0563398]]}",POINT (-114.0505351413024 51.056198828946414),"{""type"":""MultiPoint"",""coordinates"":[[-113.9554732,50.8686444],[-113.9556488,50.869176],[-113.9556848,50.8690863],[-113.9555276,50.8691357],[-113.955502,50.8692161],[-113.9557555,50.8690654],[-113.9556178,50.8691814],[-113.9558051,50.869123],[-113.9554502,50.8691623],[-113.9557329,50.8691434],[-113.9556802,50.8691643],[-113.9556442,50.8691001],[-113.9555607,50.8691961],[-113.955572,50.869121]]}",POINT (-113.95547323868676 50.8686443911938),a,532 4 AV NE,174
BP2020-11585,Completed,2020-08-21,2020,2020-10-14,2021-06-09,2021,Commercial / Multi Family Project,Building,1706 - Rhs Rowhouse,Unspecified,Residential,New,New,New,Part 9 Rowhouse,SINCLAIR SIGNATURE HOMES,,SINCLAIR SIGNATURE HOMES,4,"$773,169",,3237B KINSALE RD SW,KIL,KILLARNEY/GLENGARRY,51.0240208,-114.137322,10,Titled Parcel;Building;Building;Building;Building;Building;Building Suite;Building Suite;Building Suite;Building Suite,3235 KINSALE RD SW;3237 KINSALE RD SW;3235 KINSALE RD SW;3241 KINSALE RD SW;3504 RICHMOND RD SW;3239 KINSALE RD SW;3504B RICHMOND RD SW;3241B KINSALE RD SW;3239B KINSALE RD SW;3237B KINSALE RD SW,"MULTIPOINT (-114.13732201609437 51.02402080184876,-114.13732498610086 51.02394533822508,-114.13732181886553 51.02387202137778,-114.13725456302467 51.02385123513239,-114.13722500547965 51.02380489161723,-114.13729204224728 51.02390113827225,-114.1372464489458 51.02382111095075,-114.1372840900293 51.02387273993931,-114.13731201372839 51.02392087432316,-114.13733991805151 51.02396725571749)","{""type"":""MultiPoint"",""coordinates"":[[-114.137322,51.0240208],[-114.137325,51.0239453],[-114.1373218,51.023872],[-114.1372546,51.0238512],[-114.137225,51.0238049],[-114.137292,51.0239011],[-114.1372464,51.0238211],[-114.1372841,51.0238727],[-114.137312,51.0239209],[-114.1373399,51.0239673]]}",POINT (-114.13732201609437 51.02402080184876),"{""type"":""MultiPoint"",""coordinates"":[[-114.0878222,50.879237],[-114.0878219,50.8791022],[-114.0877311,50.8790989],[-114.0877347,50.8792374]]}",POINT (-114.08782217957311 50.879237035439516),,KINSALE RD SW,175
BP2019-05469,Completed,2019-05-10,2019,2019-07-23,2022-05-06,2022,Commercial / Multi Family Project,Building,1606 - Ths Townhouse,Townhouse,Residential,New,New,New,Panatella Phase 2  Buildings 2 & 7 non stacked townhouse,SEIKA ARCHITECTURE,,EAGLE CREST CONSTRUCTION,19,"$2,770,000",,#210 101 PANATELLA SQ NW,PAN,PANORAMA HILLS,51.16957287,-114.0711645,20,Titled Parcel;Building;Building;Building;Building;Building;Building;Building;Building;Building;Building;Building;Building;Building;Building;Building;Building;Building;Building;Building,101 PANATELLA SQ NW;#208 101 PANATELLA SQ NW;#210 101 PANATELLA SQ NW;#204 101 PANATELLA SQ NW;#206 101 PANATELLA SQ NW;#201 101 PANATELLA SQ NW;#205 101 PANATELLA SQ NW;#304 101 PANATELLA SQ NW;#211 101 PANATELLA SQ NW;#203 101 PANATELLA SQ NW;#202 101 PANATELLA SQ NW;#306 101 PANATELLA SQ NW;#209 101 PANATELLA SQ NW;#207 101 PANATELLA SQ NW;#303 101 PANATELLA SQ NW;#308 101 PANATELLA SQ NW;#307 101 PANATELLA SQ NW;#305 101 PANATELLA SQ NW;#302 101 PANATELLA SQ NW;#301 101 PANATELLA SQ NW,"MULTIPOINT (-114.07116445317675 51.16957287057059,-114.07064700174963 51.169491451274546,-114.07051818207876 51.16949188857515,-114.07094719618446 51.16949126961209,-114.07078320028255 51.16949136894956,-114.07113106722342 51.16949079838058,-114.07086491995307 51.16949167905978,-114.0707507489573 51.1697953609311,-114.0704347476047 51.169492289428916,-114.07100054652365 51.16949159682821,-114.07108113437302 51.16949047813718,-114.07075259849543 51.1698920423267,-114.07056584084164 51.169491859838395,-114.07070033668839 51.16949105947354,-114.07075180216644 51.16974541440338,-114.07075273606361 51.16998194664225,-114.07075153263537 51.16994306760573,-114.07075081609551 51.16983923884062,-114.07075001594943 51.16969011182578,-114.07074996190686 51.169654791950585)","{""type"":""MultiPoint"",""coordinates"":[[-114.0711645,51.1695729],[-114.070647,51.1694915],[-114.0705182,51.1694919],[-114.0709472,51.1694913],[-114.0707832,51.1694914],[-114.0711311,51.1694908],[-114.0708649,51.1694917],[-114.0707507,51.1697954],[-114.0704347,51.1694923],[-114.0710005,51.1694916],[-114.0710811,51.1694905],[-114.0707526,51.169892],[-114.0705658,51.1694919],[-114.0707003,51.1694911],[-114.0707518,51.1697454],[-114.0707527,51.1699819],[-114.0707515,51.1699431],[-114.0707508,51.1698392],[-114.07075,51.1696901],[-114.07075,51.1696548]]}",POINT (-114.07116445317675 51.16957287057059),"{""type"":""MultiPoint"",""coordinates"":[[-113.9655331,51.1361348],[-113.9652065,51.1362654],[-113.9653002,51.1362949],[-113.964994,51.1362249],[-113.9650839,51.136281],[-113.9654288,51.1362436],[-113.9650893,51.1362292],[-113.9651943,51.1362949],[-113.9654121,51.136304],[-113.9651913,51.1362881],[-113.9652103,51.1362335],[-113.9650802,51.1362877],[-113.9652956,51.1362939],[-113.9649728,51.1362729],[-113.9653025,51.1362397],[-113.9654067,51.1363006],[-113.9649736,51.1362843]]}",POINT (-113.96553311419335 51.136134767081586),a,101 PANATELLA SQ NW,176
BP2021-08535,Completed,2021-05-18,2021,2021-06-08,2022-05-04,2022,Commercial / Multi Family Project,Building,1706 - Rhs Rowhouse,Unspecified,Residential,New,New,New,New 5 unit townhouse.,PROFESSIONAL CUSTOM HOMES,,,5,"$1,573,958",,2183 49 AV SW,ALT,ALTADORE,51.00983992,-114.1115264,6,Titled Parcel;Building;Building;Building;Building;Building,2175 49 AV SW;2183 49 AV SW;2179 49 AV SW;5004 21 ST SW;2177 49 AV SW;2181 49 AV SW,"MULTIPOINT (-114.11152635037547 51.00983992045278,-114.11193336275755 51.00980092011846,-114.11175883307787 51.00980230079847,-114.11203218473742 51.009800420870754,-114.11166449883345 51.00980239098585,-114.11184160774575 51.00980100797805)","{""type"":""MultiPoint"",""coordinates"":[[-114.1115264,51.0098399],[-114.1119334,51.0098009],[-114.1117588,51.0098023],[-114.1120322,51.0098004],[-114.1116645,51.0098024],[-114.1118416,51.009801]]}",POINT (-114.11152635037547 51.00983992045278),"{""type"":""MultiPoint"",""coordinates"":[[-113.9547033,50.8779577],[-113.954605,50.8787586],[-113.9544759,50.87876],[-113.9547054,50.8787551],[-113.9543714,50.8788227],[-113.9542977,50.8787584],[-113.9544916,50.8788218],[-113.9542894,50.8788241],[-113.954627,50.8788222],[-113.9546907,50.8788222],[-113.9545638,50.8788232],[-113.9543526,50.8787604],[-113.9547436,50.8787465],[-113.9544368,50.878758],[-113.9547771,50.8788237],[-113.9545723,50.8787608],[-113.9544323,50.8788232]]}",POINT (-113.95470333693055 50.87795773388517),a,49 AV SW,177
BP2021-12922,Completed,2021-07-21,2021,2021-10-22,2022-09-28,2022,Commercial / Multi Family Project,Building,1706 - Rhs Rowhouse,Unspecified,Residential,New,New,New,Banff Trail Avas 6-Unit Townhouse w/ Secondary Suites (West Building),PROFESSIONAL CUSTOM HOMES,,,6,"$1,815,306",,2032B 18 AV NW,BNF,BANFF TRAIL,51.06913075,-114.1078405,13,Titled Parcel;Building;Building;Building;Building;Building;Building;Building Suite;Building Suite;Building Suite;Building Suite;Building Suite;Building Suite,1916 20 ST NW;2032 18 AV NW;1906 20 ST NW;1904 20 ST NW;1912 20 ST NW;1908 20 ST NW;1910 20 ST NW;2032B 18 AV NW;1910B 20 ST NW;1912B 20 ST NW;1908B 20 ST NW;1906B 20 ST NW;1904B 20 ST NW,"MULTIPOINT (-114.10784050067701 51.06913074509619,-114.10770555007052 51.06890214460294,-114.10770660852847 51.068970896845144,-114.10770562188569 51.06893308708059,-114.10770683726783 51.06906945070232,-114.1077066710389 51.068997829925316,-114.107705858572 51.06903506600633,-114.10777922557732 51.06891238788405,-114.1077867644437 51.06902525559236,-114.10778775744645 51.069059631284865,-114.10778577010615 51.06899030456015,-114.10778569159758 51.06895650336475,-114.10778561175285 51.06892212682967)","{""type"":""MultiPoint"",""coordinates"":[[-114.1078405,51.0691307],[-114.1077056,51.0689021],[-114.1077066,51.0689709],[-114.1077056,51.0689331],[-114.1077068,51.0690695],[-114.1077067,51.0689978],[-114.1077059,51.0690351],[-114.1077792,51.0689124],[-114.1077868,51.0690253],[-114.1077878,51.0690596],[-114.1077858,51.0689903],[-114.1077857,51.0689565],[-114.1077856,51.0689221]]}",POINT (-114.10784050067701 51.06913074509619),"{""type"":""MultiPoint"",""coordinates"":[[-114.1006364,51.0379562],[-114.1006776,51.0383645]]}",POINT (-114.10063644907422 51.03795616419287),,18 AV NW,178
BP2021-12809,Completed,2021-07-20,2021,2021-10-22,2022-09-28,2022,Commercial / Multi Family Project,Building,1706 - Rhs Rowhouse,Unspecified,Residential,New,New,New,Banff Trail Avas 7-Unit Townhouse w/ Secondary Suites (East Building),PROFESSIONAL CUSTOM HOMES,,,7,"$2,115,498",,2016B 18 AV NW,BNF,BANFF TRAIL,51.06913075,-114.1078405,15,Titled Parcel;Building;Building;Building;Building;Building;Building;Building;Building Suite;Building Suite;Building Suite;Building Suite;Building Suite;Building Suite;Building Suite,1916 20 ST NW;2024 18 AV NW;2016 18 AV NW;2028 18 AV NW;2022 18 AV NW;2020 18 AV NW;2018 18 AV NW;2026 18 AV NW;2016B 18 AV NW;2020B 18 AV NW;2028B 18 AV NW;2026B 18 AV NW;2022B 18 AV NW;2024B 18 AV NW;2018B 18 AV NW,"MULTIPOINT (-114.10784050067701 51.06913074509619,-114.10743978791969 51.06894299562896,-114.10721393767354 51.06894258269356,-114.10754906684093 51.068942895143,-114.10738198808788 51.06894304873671,-114.1073271117696 51.068942478842615,-114.10727076727834 51.06894253055921,-114.1074922372362 51.06894294741265,-114.1071944086065 51.06889486530147,-114.10730611156612 51.06889415152027,-114.10753000542033 51.068893945787885,-114.10747561570784 51.06889399580513,-114.10736294252571 51.06889471063938,-114.10741927198322 51.06889435324238,-114.10725025295274 51.06889450843075)","{""type"":""MultiPoint"",""coordinates"":[[-114.1078405,51.0691307],[-114.1074398,51.068943],[-114.1072139,51.0689426],[-114.1075491,51.0689429],[-114.107382,51.068943],[-114.1073271,51.0689425],[-114.1072708,51.0689425],[-114.1074922,51.0689429],[-114.1071944,51.0688949],[-114.1073061,51.0688942],[-114.10753,51.0688939],[-114.1074756,51.068894],[-114.1073629,51.0688947],[-114.1074193,51.0688944],[-114.1072503,51.0688945]]}",POINT (-114.10784050067701 51.06913074509619),,,,18 AV NW,178
BP2019-08956,Completed,2019-07-10,2019,2019-08-08,2020-08-14,2020,Commercial / Multi Family Project,Building,1508 - Apt Fourplex,Apartment,Residential,New,New,New,New - Group C Part 9 - 4 plex,URBAN INDIGO FINE HOMES,,URBAN INDIGO FINE HOMES,4,"$802,300",,2109 17 ST NW,CAP,CAPITOL HILL,51.07077637,-114.1022734,5,Titled Parcel;Building;Building;Building;Building,2103 17 ST NW;1804 20 AV NW;2105 17 ST NW;2109 17 ST NW;2113 17 ST NW,"MULTIPOINT (-114.10227339362392 51.07077636787496,-114.10232003903097 51.070712221536546,-114.10230503243179 51.070759331686695,-114.10231538815496 51.07082254715372,-114.10232873306525 51.07088246977406)","{""type"":""MultiPoint"",""coordinates"":[[-114.1022734,51.0707764],[-114.10232,51.0707122],[-114.102305,51.0707593],[-114.1023154,51.0708225],[-114.1023287,51.0708825]]}",POINT (-114.10227339362392 51.07077636787496),"{""type"":""MultiPoint"",""coordinates"":[[-114.0644804,51.1841892],[-114.06448,51.1840814],[-114.0644802,51.1841353],[-114.0644808,51.1843061],[-114.0644806,51.1842477],[-114.0644798,51.1840184],[-114.0643765,51.1842473],[-114.0643689,51.1841903],[-114.0643581,51.1840809],[-114.064349,51.1840285],[-114.064369,51.1843016],[-114.0643582,51.184136]]}",POINT (-114.06448040590249 51.184189226380894),,17 ST NW,179
BP2018-09760,Completed,2018-07-25,2018,2018-08-27,2019-07-23,2019,Commercial / Multi Family Project,Building,1508 - Apt Fourplex,Apartment,Residential,New,New,New,,STONE WEST HOMES,,STONE WEST HOMES,4,"$700,000",,1613 6 AV NW,HIL,HILLHURST,51.05750297,-114.0971193,5,Titled Parcel;Building;Building;Building;Building,1611 6 AV NW;1613 6 AV NW;1625 6 AV NW;1621 6 AV NW;1617 6 AV NW,"MULTIPOINT (-114.097119338002 51.05750296799492,-114.09725033365955 51.05745733516084,-114.0972810017446 51.05745701298101,-114.09727061717794 51.057457021623,-114.09725977738981 51.05745762396412)","{""type"":""MultiPoint"",""coordinates"":[[-114.0971193,51.057503],[-114.0972503,51.0574573],[-114.097281,51.057457],[-114.0972706,51.057457],[-114.0972598,51.0574576]]}",POINT (-114.097119338002 51.05750296799492),"{""type"":""MultiPoint"",""coordinates"":[[-113.9754636,50.8640834],[-113.975608,50.8650857]]}",POINT (-113.97546362605347 50.8640833803443),,6 AV NW,180
BP2018-02855,Completed,2018-03-16,2018,2018-04-30,2019-01-08,2019,Commercial / Multi Family Project,Building,1606 - Ths Townhouse,Townhouse,Residential,New,New,New,New - Part 9 Group C - 4 Unit Townhouse,TRICOR DESIGN GROUP,,,4,"$1,001,326",,2002 26A ST SW,KIL,KILLARNEY/GLENGARRY,51.03614871,-114.1246486,5,Titled Parcel;Building;Building;Building;Building,2725 19 AV SW;2733 19 AV SW;2002 26A ST SW;2731 19 AV SW;2735 19 AV SW,"MULTIPOINT (-114.12464860575378 51.03614870880514,-114.12475260317284 51.03614323994958,-114.1249517571599 51.036131996771914,-114.12467260353925 51.036143981568344,-114.1248751370902 51.036143495647735)","{""type"":""MultiPoint"",""coordinates"":[[-114.1246486,51.0361487],[-114.1247526,51.0361432],[-114.1249518,51.036132],[-114.1246726,51.036144],[-114.1248751,51.0361435]]}",POINT (-114.12464860575378 51.03614870880514),"{""type"":""MultiPoint"",""coordinates"":[[-114.2544316,51.1409647],[-114.2544386,51.1412597]]}",POINT (-114.25443159575836 51.14096470693745),,26A ST SW,181
BP2019-11441,Completed,2019-08-22,2019,2019-09-12,2021-03-04,2021,Commercial / Multi Family Project,Building,1706 - Rhs Rowhouse,Unspecified,Residential,New,New,New,Group C 4 Plex Rowhouse,WILLIX DEVELOPMENTS,,WILLIX DEVELOPMENTS,4,"$882,900",,1822 38 AV SW,ALT,ALTADORE,51.02035629,-114.1035811,5,Titled Parcel;Building;Building;Building;Building,3823 17 ST SW;1822 38 AV SW;3825 17 ST SW;1824 38 AV SW;1826 38 AV SW,"MULTIPOINT (-114.1035811008716 51.02035628878104,-114.10368513049579 51.020264968298854,-114.10359888041417 51.02028217031421,-114.1037732129263 51.02026412598123,-114.10384804252477 51.02026443707668)","{""type"":""MultiPoint"",""coordinates"":[[-114.1035811,51.0203563],[-114.1036851,51.020265],[-114.1035989,51.0202822],[-114.1037732,51.0202641],[-114.103848,51.0202644]]}",POINT (-114.1035811008716 51.02035628878104),"{""type"":""MultiPoint"",""coordinates"":[[-114.194669,51.0795274],[-114.1944597,51.0787416]]}",POINT (-114.19466895720187 51.079527357193484),,38 AV SW,182
BP2018-00508,Completed,2018-01-17,2018,2018-07-03,2018-12-05,2018,Commercial / Multi Family Project,Building,1606 - Ths Townhouse,Townhouse,Residential,New,New,New,Part 9 Residential 2 Storey Rowhouse w/ Secondary Suites & 4-Vehicle Garage,STONE WEST HOMES,,,4,"$789,959",,2305 19 ST NW,BNF,BANFF TRAIL,51.07272788,-114.1064745,9,Titled Parcel;Building;Building;Building;Building;Building Suite;Building Suite;Building Suite;Building Suite,2319 19 ST NW;2307 19 ST NW;2311 19 ST NW;2315 19 ST NW;2004 22 AV NW;2317 19 ST NW;2313 19 ST NW;2305 19 ST NW;2309 19 ST NW,"MULTIPOINT (-114.10647450513312 51.07272787554869,-114.10655171487156 51.07255341414462,-114.1065472813206 51.07259872623937,-114.10656157022125 51.072650799497616,-114.1065634732356 51.07249773924593,-114.10656157022125 51.072650799497616,-114.1065472813206 51.07259872623937,-114.1065634732356 51.07249773924593,-114.10655171487156 51.07255341414462)","{""type"":""MultiPoint"",""coordinates"":[[-114.1064745,51.0727279],[-114.1065517,51.0725534],[-114.1065473,51.0725987],[-114.1065616,51.0726508],[-114.1065635,51.0724977],[-114.1065616,51.0726508],[-114.1065473,51.0725987],[-114.1065635,51.0724977],[-114.1065517,51.0725534]]}",POINT (-114.10647450513312 51.07272787554869),,,,19 ST NW,183
BP2020-08017,Completed,2020-06-19,2020,2020-08-18,2021-06-18,2021,Commercial / Multi Family Project,Building,1706 - Rhs Rowhouse,Unspecified,Residential,New,New,New,New - Part 9 Group C - Rowhouse,,MAXVIEW HOMES,MAXVIEW HOMES,4,"$893,997",,2307 1 ST NW,TUX,TUXEDO PARK,51.07282169,-114.0641527,5,Titled Parcel;Building;Building;Building;Building,2311 1 ST NW;2309 1 ST NW;202 22 AV NW;2307 1 ST NW;2305 1 ST NW,"MULTIPOINT (-114.06415273267582 51.07282168873103,-114.06423149154071 51.07273384317402,-114.06422393366616 51.0725929968474,-114.06423049904514 51.07268689056349,-114.06423043485805 51.07264052177247)","{""type"":""MultiPoint"",""coordinates"":[[-114.0641527,51.0728217],[-114.0642315,51.0727338],[-114.0642239,51.072593],[-114.0642305,51.0726869],[-114.0642304,51.0726405]]}",POINT (-114.06415273267582 51.07282168873103),,,,1 ST NW,184
BP2021-15269,Completed,2021-08-31,2021,2022-03-22,2023-03-29,2023,Commercial / Multi Family Project,Building,1606 - Ths Townhouse,Townhouse,Residential,New,New,New,4 unit live/work townhouse.,YOUR PROPERTY,,YOUR PROPERTY,4,"$1,167,258",,1050 1 AV NE,BRD,BRIDGELAND/RIVERSIDE,51.05334778,-114.0384672,6,Titled Parcel;Building;Building;Building;Building;Building,1058 1 AV NE;202 9A ST NE;1050 1 AV NE;1054 1 AV NE;1052 1 AV NE;1056 1 AV NE,"MULTIPOINT (-114.03846716295358 51.05334777653581,-114.03871020124468 51.05342385720847,-114.03879442764146 51.05340873554438,-114.03865630225746 51.05340914089496,-114.03873385115635 51.05340839604502,-114.03857988044714 51.05341023592053)","{""type"":""MultiPoint"",""coordinates"":[[-114.0384672,51.0533478],[-114.0387102,51.0534239],[-114.0387944,51.0534087],[-114.0386563,51.0534091],[-114.0387339,51.0534084],[-114.0385799,51.0534102]]}",POINT (-114.03846716295358 51.05334777653581),,,,1 AV NE,185
BP2017-06746,Completed,2017-06-06,2017,2018-01-08,2018-06-25,2018,Commercial / Multi Family Project,Building,1606 - Ths Townhouse,Townhouse,Residential,New,New,New,"4-plex Infill Townhouse, Stone West Homes",STONE WEST HOMES,,,4,"$848,982",,1703 24 AV NW,CAP,CAPITOL HILL,51.07415856,-114.0998816,5,Titled Parcel;Building;Building;Building;Building,1701 24 AV NW;1703 24 AV NW;2417 16 ST NW;2415 16 ST NW;2419 16 ST NW,"MULTIPOINT (-114.09988164565003 51.074158560426596,-114.09987885151381 51.07412005098007,-114.09990044102102 51.073980647380836,-114.09988672221209 51.07391834256731,-114.09988470015614 51.07403298982013)","{""type"":""MultiPoint"",""coordinates"":[[-114.0998816,51.0741586],[-114.0998789,51.0741201],[-114.0999004,51.0739806],[-114.0998867,51.0739183],[-114.0998847,51.074033]]}",POINT (-114.09988164565003 51.074158560426596),,,,24 AV NW,186
BP2018-16275,Completed,2018-12-14,2018,2019-01-09,2019-10-28,2019,Commercial / Multi Family Project,Building,1508 - Apt Fourplex,Apartment,Residential,New,New,New,New Residential 4 unit building.,TRICOR DESIGN GROUP,,,4,"$935,933",,#1 1914 1 ST NW,TUX,TUXEDO PARK,51.06935187,-114.0637905,5,Titled Parcel;Building;Building;Building;Building,1914 1 ST NW;#1 1916 1 ST NW;#2 1916 1 ST NW;#2 1914 1 ST NW;#1 1914 1 ST NW,"MULTIPOINT (-114.06379051751772 51.06935186527005,-114.06374756756722 51.069412227539146,-114.06358074585684 51.069434675763915,-114.06358376400053 51.06932563809863,-114.0637350982181 51.0693506728994)","{""type"":""MultiPoint"",""coordinates"":[[-114.0637905,51.0693519],[-114.0637476,51.0694122],[-114.0635807,51.0694347],[-114.0635838,51.0693256],[-114.0637351,51.0693507]]}",POINT (-114.06379051751772 51.06935186527005),,,,1914 1 ST NW,187
BP2020-17160,Completed,2020-11-23,2020,2021-04-13,2022-10-13,2022,Commercial / Multi Family Project,Building,1706 - Rhs Rowhouse,Unspecified,Residential,New,New,New,540 12 AV NE - Row houses with secondary suites,,SUNSTAR HOMES,SUNSTAR HOMES,4,"$926,222",,#4 1301 5 ST NE,REN,RENFREW,51.0636497,-114.0509673,9,Titled Parcel;Building;Building;Building;Building;Building Suite;Building Suite;Building Suite;Building Suite,1301 5 ST NE;#104 1301 5 ST NE;#102 1301 5 ST NE;540 12 AV NE;#103 1301 5 ST NE;#1 1301 5 ST NE;#3 1301 5 ST NE;#4 1301 5 ST NE;#2 1301 5 ST NE,"MULTIPOINT (-114.05096730876207 51.06364969975104,-114.05103087148332 51.06359003431994,-114.05102793376966 51.063487283277645,-114.05103297038107 51.06343590491589,-114.05103139193041 51.06354436639308,-114.05095712847901 51.06346020121478,-114.05095496783487 51.063558315794175,-114.0509544654968 51.0636075526254,-114.05095435896268 51.06351050880997)","{""type"":""MultiPoint"",""coordinates"":[[-114.0509673,51.0636497],[-114.0510309,51.06359],[-114.0510279,51.0634873],[-114.051033,51.0634359],[-114.0510314,51.0635444],[-114.0509571,51.0634602],[-114.050955,51.0635583],[-114.0509545,51.0636076],[-114.0509544,51.0635105]]}",POINT (-114.05096730876207 51.06364969975104),,,,1301 5 ST NE,188
BP2022-02400,Completed,2022-02-16,2022,2022-07-29,2023-09-07,2023,Commercial / Multi Family Project,Building,1606 - Ths Townhouse,Townhouse,Residential,New,New,New,"Group C (Division B, 9.10.15)",OPTIMA DEVELOPMENTS,,OPTIMA DEVELOPMENTS,4,"$868,048",,4656B 85 ST NW,BOW,BOWNESS,51.0939736,-114.2103399,9,Titled Parcel;Building;Building;Building;Building;Building Suite;Building Suite;Building Suite;Building Suite,8541 46 AV NW;4658 85 ST NW;8543 46 AV NW;8545 46 AV NW;4656 85 ST NW;4656B 85 ST NW;8543B 46 AV NW;8545B 46 AV NW;4658B 85 ST NW,"MULTIPOINT (-114.21033994903415 51.093973598856415,-114.2106509868187 51.09394778691387,-114.21046614815138 51.09392982580041,-114.2105515544267 51.09392857529421,-114.21065178840554 51.09386656380348,-114.21069944283433 51.09387013673347,-114.21043264356993 51.093970861019734,-114.21051688262311 51.09397034080287,-114.21067875675301 51.09392029141785)","{""type"":""MultiPoint"",""coordinates"":[[-114.2103399,51.0939736],[-114.210651,51.0939478],[-114.2104661,51.0939298],[-114.2105516,51.0939286],[-114.2106518,51.0938666],[-114.2106994,51.0938701],[-114.2104326,51.0939709],[-114.2105169,51.0939703],[-114.2106788,51.0939203]]}",POINT (-114.21033994903415 51.093973598856415),,,,85 ST NW,189
BP2018-03969,Completed,2018-04-12,2018,2018-07-03,2019-08-13,2019,Commercial / Multi Family Project,Building,1606 - Ths Townhouse,Townhouse,Residential,New,New,New,Part 9 Residential 2 Storey 4-Plex & Garage,MP REAL ESTATE VENTURES INC.,,,4,"$878,217",,2002 31 ST SW,KIL,KILLARNEY/GLENGARRY,51.0361541,-114.132023,5,Titled Parcel;Building;Building;Building;Building,3121 19 AV SW;2002 31 ST SW;3123 19 AV SW;3127 19 AV SW;3125 19 AV SW,"MULTIPOINT (-114.13202297248557 51.03615409568836,-114.1324106613938 51.03610892409277,-114.13217252946828 51.03611067695312,-114.13232249875628 51.03611199955198,-114.13224232378516 51.0361111913239)","{""type"":""MultiPoint"",""coordinates"":[[-114.132023,51.0361541],[-114.1324107,51.0361089],[-114.1321725,51.0361107],[-114.1323225,51.036112],[-114.1322423,51.0361112]]}",POINT (-114.13202297248557 51.03615409568836),,,,31 ST SW,190
BP2022-03449,Completed,2022-03-08,2022,2022-05-06,2023-07-18,2023,Commercial / Multi Family Project,Building,1606 - Ths Townhouse,Townhouse,Residential,New,New,New,Group C (Division B 9.10.15),TRICOR DESIGN GROUP,,CHANDAN HOMES,4,"$1,289,814",,#3 1536 29 AV SW,SOC,SOUTH CALGARY,51.02779063,-114.0966812,5,Titled Parcel;Building;Building;Building;Building,1536 29 AV SW;#4 1536 29 AV SW;#2 1536 29 AV SW;#1 1536 29 AV SW;#3 1536 29 AV SW,"MULTIPOINT (-114.09668117597154 51.027790634881484,-114.09672689866235 51.027957671769094,-114.09663755468158 51.02796218662593,-114.09663658151618 51.0278712380114,-114.09672906973096 51.027870667058174)","{""type"":""MultiPoint"",""coordinates"":[[-114.0966812,51.0277906],[-114.0967269,51.0279577],[-114.0966376,51.0279622],[-114.0966366,51.0278712],[-114.0967291,51.0278707]]}",POINT (-114.09668117597154 51.027790634881484),,,,1536 29 AV SW,191
BP2021-00020,Completed,2021-01-04,2021,2021-05-10,2022-06-24,2022,Commercial / Multi Family Project,Building,1706 - Rhs Rowhouse,Unspecified,Residential,New,New,New,Banff Trail 4 Unit Townhome with 4 secondary suites,DISTRICT HOMES / ELECTRIM DEVELOPMENT,,DISTRICT HOMES / ELECTRIM DEVELOPMENT,4,"$1,060,836",,1809B 19 ST NW,BNF,BANFF TRAIL,51.06824203,-114.1064631,10,Titled Parcel;Building;Building;Building;Building;Building;Building Suite;Building Suite;Building Suite;Building Suite,1813 19 ST NW;1807 19 ST NW;1809 19 ST NW;1805 19 ST NW;2004 17 AV NW;2004 17 AV NW;1809B 19 ST NW;1805B 19 ST NW;1807B 19 ST NW;2004B 17 AV NW,"MULTIPOINT (-114.1064630713103 51.06824202742904,-114.10655813637673 51.06811081704815,-114.10655824943038 51.06816005353253,-114.10655800693411 51.06805444275633,-114.10657290583555 51.0680372498574,-114.10655790370645 51.06800948535943,-114.10646800402297 51.06815323166977,-114.1064677573805 51.068045724070345,-114.10646787852572 51.06809852945892,-114.1064680318387 51.06799744014024)","{""type"":""MultiPoint"",""coordinates"":[[-114.1064631,51.068242],[-114.1065581,51.0681108],[-114.1065582,51.0681601],[-114.106558,51.0680544],[-114.1065729,51.0680372],[-114.1065579,51.0680095],[-114.106468,51.0681532],[-114.1064678,51.0680457],[-114.1064679,51.0680985],[-114.106468,51.0679974]]}",POINT (-114.1064630713103 51.06824202742904),,,,19 ST NW,192
BP2020-01146,Completed,2020-01-30,2020,2020-03-05,2021-09-03,2021,Commercial / Multi Family Project,Building,1706 - Rhs Rowhouse,Unspecified,Residential,New,New,New,"The scope of this building permit is a new four (4) unit rowhouse complex (approx. 200 m2) w/ detached garages; located at 438 10 Ave, 1103, 1105, and 1107 4 Street NE.",CASABELLA ENTERPRISES 2012,,CASABELLA ENTERPRISES 2012,4,"$935,423",,1105 4 ST NE,REN,RENFREW,51.06162591,-114.0534469,5,Titled Parcel;Building;Building;Building;Building,440 10 AV NE;438 10 AV NE;1105 4 ST NE;1103 4 ST NE;1107 4 ST NE,"MULTIPOINT (-114.05344691089113 51.06162590844523,-114.05350328344234 51.06165786803675,-114.05347509924692 51.06176134347822,-114.05346374504308 51.061737804627775,-114.05348764748675 51.061843045188255)","{""type"":""MultiPoint"",""coordinates"":[[-114.0534469,51.0616259],[-114.0535033,51.0616579],[-114.0534751,51.0617613],[-114.0534637,51.0617378],[-114.0534876,51.061843]]}",POINT (-114.05344691089113 51.06162590844523),,,,4 ST NE,193
BP2021-19199,Completed,2021-11-05,2021,2022-01-14,2023-01-11,2023,Commercial / Multi Family Project,Building,1606 - Ths Townhouse,Townhouse,Residential,New,New,New,"4-Unit Residential Rowhouse; located at 1803, 1805, 1807 50 ST NW & 5104 17 AV NW",TRICOR DESIGN GROUP,,CHANDAN HOMES,4,"$902,493",,1807 50 ST NW,MON,MONTGOMERY,51.07597119,-114.1660115,5,Titled Parcel;Building;Building;Building;Building,1809 50 ST NW;1805 50 ST NW;1803 50 ST NW;5104 17 AV NW;1807 50 ST NW,"MULTIPOINT (-114.16601151973045 51.07597119216368,-114.16617090469143 51.07595942295763,-114.16617090469143 51.07595942295763,-114.16617427244994 51.075959418170655,-114.16617761833922 51.0759572918472)","{""type"":""MultiPoint"",""coordinates"":[[-114.1660115,51.0759712],[-114.1661709,51.0759594],[-114.1661709,51.0759594],[-114.1661743,51.0759594],[-114.1661776,51.0759573]]}",POINT (-114.16601151973045 51.07597119216368),,,,50 ST NW,194
BP2019-11164,Completed,2019-08-17,2019,2019-09-11,2020-11-16,2020,Commercial / Multi Family Project,Building,1706 - Rhs Rowhouse,Unspecified,Residential,New,New,New,4 plex and detached garage,MILLENIUM PLUS HOMES RENOVATION,,925357 ALBERTA,4,"$780,399",,#1 338 3 AV NE,CRE,CRESCENT HEIGHTS,51.05539054,-114.0556049,5,Titled Parcel;Building;Building;Building;Building,336 3 AV NE;#1 336 3 AV NE;#2 338 3 AV NE;#2 336 3 AV NE;#1 338 3 AV NE,"MULTIPOINT (-114.05560485031127 51.05539053616259,-114.0555953905775 51.055471609933576,-114.05550586630531 51.05556382405027,-114.0555983259192 51.05556437342965,-114.0555133003076 51.05547046230636)","{""type"":""MultiPoint"",""coordinates"":[[-114.0556049,51.0553905],[-114.0555954,51.0554716],[-114.0555059,51.0555638],[-114.0555983,51.0555644],[-114.0555133,51.0554705]]}",POINT (-114.05560485031127 51.05539053616259),,,,338 3 AV NE,195
BP2018-15370,Completed,2018-11-22,2018,2019-03-18,2020-07-21,2020,Commercial / Multi Family Project,Building,1706 - Rhs Rowhouse,Unspecified,Residential,New,New,New,Crescent Heights 6 Ave Non-stacked townhouses,SUNSTAR HOMES,,,4,"$880,000",,622 2 ST NE,CRE,CRESCENT HEIGHTS,51.05777192,-114.0574388,5,Titled Parcel;Building;Building;Building;Building,620 2 ST NE;307 6 AV NE;305 6 AV NE;303 6 AV NE;622 2 ST NE,"MULTIPOINT (-114.05743879647551 51.05777192400289,-114.05710965445277 51.05774883787614,-114.05718695535776 51.05774956420913,-114.05729927308454 51.05774798994388,-114.05737777033005 51.0577471873129)","{""type"":""MultiPoint"",""coordinates"":[[-114.0574388,51.0577719],[-114.0571097,51.0577488],[-114.057187,51.0577496],[-114.0572993,51.057748],[-114.0573778,51.0577472]]}",POINT (-114.05743879647551 51.05777192400289),,,,2 ST NE,196
BP2019-05034,Completed,2019-05-02,2019,2019-06-03,2020-06-23,2020,Commercial / Multi Family Project,Building,1606 - Ths Townhouse,Townhouse,Residential,New,New,New,New four plex,TRICOR DESIGN GROUP,,CHANDAN HOMES,4,"$802,100",,#2 4506 17 AV NW,MON,MONTGOMERY,51.06985072,-114.1584414,5,Titled Parcel;Building;Building;Building;Building,4504 17 AV NW;#2 4506 17 AV NW;#1 4506 17 AV NW;1802 44 ST NW;1806 44 ST NW,"MULTIPOINT (-114.15844141976785 51.069850723751856,-114.15828800404158 51.07000061909776,-114.15839500845982 51.06993957792576,-114.15834955234367 51.06989444827917,-114.15823349405267 51.069957398492356)","{""type"":""MultiPoint"",""coordinates"":[[-114.1584414,51.0698507],[-114.158288,51.0700006],[-114.158395,51.0699396],[-114.1583496,51.0698944],[-114.1582335,51.0699574]]}",POINT (-114.15844141976785 51.069850723751856),,,,4506 17 AV NW,197
BP2018-03968,Completed,2018-04-12,2018,2018-07-05,2020-02-06,2020,Commercial / Multi Family Project,Building,1606 - Ths Townhouse,Townhouse,Residential,New,New,New,Part 9 Residential 2 Storey 4-Plex & Garage,MP REAL ESTATE VENTURES INC.,,,4,"$878,217",,2202 36 ST SW,KIL,KILLARNEY/GLENGARRY,51.03450471,-114.1395553,5,Titled Parcel;Building;Building;Building;Building,2204 36 ST SW;3621 21 AV SW;2202 36 ST SW;3625 21 AV SW;3623 21 AV SW,"MULTIPOINT (-114.13955529718802 51.03450471417651,-114.13924631917222 51.0345843184156,-114.13951792753413 51.03458518113629,-114.13938212691178 51.03458593649816,-114.13930101260542 51.034584846561394)","{""type"":""MultiPoint"",""coordinates"":[[-114.1395553,51.0345047],[-114.1392463,51.0345843],[-114.1395179,51.0345852],[-114.1393821,51.0345859],[-114.139301,51.0345848]]}",POINT (-114.13955529718802 51.03450471417651),,,,36 ST SW,198
BP2019-00202,Completed,2019-01-08,2019,2019-03-01,2020-03-02,2020,Commercial / Multi Family Project,Building,1706 - Rhs Rowhouse,Unspecified,Residential,New,New,New,New Building - 4 plex with detached garage,WILLIX DEVELOPMENTS,,,4,"$934,345",,1842 38 AV SW,ALT,ALTADORE,51.02035532,-114.1046685,5,Titled Parcel;Building;Building;Building;Building,3822 18 ST SW;1842 38 AV SW;1844 38 AV SW;3824 18 ST SW;1846 38 AV SW,"MULTIPOINT (-114.10466845746143 51.02035531990268,-114.10439289585086 51.02026405049778,-114.1044728414657 51.0202639790522,-114.10464559688597 51.02027999708124,-114.10455505332243 51.020263905524295)","{""type"":""MultiPoint"",""coordinates"":[[-114.1046685,51.0203553],[-114.1043929,51.0202641],[-114.1044728,51.020264],[-114.1046456,51.02028],[-114.1045551,51.0202639]]}",POINT (-114.10466845746143 51.02035531990268),,,,38 AV SW,199
BP2020-15028,Completed,2020-10-15,2020,2021-01-06,2022-05-17,2022,Commercial / Multi Family Project,Building,1606 - Ths Townhouse,Townhouse,Residential,New,New,New,Part 9 Townhome 4 units,,SUNSTAR HOMES,SUNSTAR HOMES,4,"$916,863",,#1B 2636 MORLEY TR NW,BNF,BANFF TRAIL,51.07679899,-114.1101075,6,Titled Parcel;Building;Building;Building;Building;Building Suite,2636 MORLEY TR NW;#1 2636 MORLEY TR NW;#3 2636 MORLEY TR NW;#4 2636 MORLEY TR NW;#2 2636 MORLEY TR NW;#1B 2636 MORLEY TR NW,"MULTIPOINT (-114.11010753869154 51.07679898832125,-114.1100862549386 51.07682633701324,-114.10998450298652 51.07690920981993,-114.10994155224047 51.07694682710972,-114.11003651725589 51.07686634299623,-114.11005520299018 51.07678450127728)","{""type"":""MultiPoint"",""coordinates"":[[-114.1101075,51.076799],[-114.1100863,51.0768263],[-114.1099845,51.0769092],[-114.1099416,51.0769468],[-114.1100365,51.0768663],[-114.1100552,51.0767845]]}",POINT (-114.11010753869154 51.07679898832125),,,,2636 MORLEY TR NW,200
BP2017-13343,Completed,2017-10-04,2017,2017-11-16,2018-07-13,2018,Commercial / Multi Family Project,Building,1706 - Rhs Rowhouse,Unspecified,Residential,New,New,New,"4-Plex Infill RHS Rowhouse, Baywest Homes",BAYWEST HOMES,,BAYWEST HOMES,4,"$975,000",,2704 MORLEY TR NW,BNF,BANFF TRAIL,51.07697628,-114.110478,2,Titled Parcel;Building,2702 MORLEY TR NW;2704 MORLEY TR NW,"MULTIPOINT (-114.11047800889196 51.07697628401411,-114.11042267059862 51.07699547533865)","{""type"":""MultiPoint"",""coordinates"":[[-114.110478,51.0769763],[-114.1104227,51.0769955]]}",POINT (-114.11047800889196 51.07697628401411),,,,MORLEY TR NW,200
BP2021-17179,Completed,2021-10-01,2021,2021-10-26,2023-01-12,2023,Commercial / Multi Family Project,Building,1606 - Ths Townhouse,Townhouse,Residential,New,New,New,"Building D, Stacked Townhouse",GRAVITY ARCHITECTURE,,ROHIT COMMUNITIES CALGARY,9,"$1,699,095",,#308 10060 46 ST NE,SAD,SADDLE RIDGE,51.13594569,-113.9645452,11,Titled Parcel;Building;Building Suite;Building Suite;Building Suite;Building Suite;Building Suite;Building Suite;Building Suite;Building Suite;Building Suite,#300 10060 46 ST NE;#300 10060 46 ST NE;#302 10060 46 ST NE;#304 10060 46 ST NE;#307 10060 46 ST NE;#305 10060 46 ST NE;#308 10060 46 ST NE;#309 10060 46 ST NE;#301 10060 46 ST NE;#306 10060 46 ST NE;#303 10060 46 ST NE,"MULTIPOINT (-113.96454517662849 51.1359456903403,-113.96465054303627 51.13583146451298,-113.96473121321965 51.135892528199385,-113.96469039302679 51.13587039249615,-113.96470408792872 51.135768364754256,-113.96473123931239 51.13585827785996,-113.96473133525922 51.135732333696694,-113.96468937850692 51.13572055366056,-113.96470339588488 51.13592641057134,-113.96470290158835 51.13582508872547,-113.96469038513506 51.1358807395147)","{""type"":""MultiPoint"",""coordinates"":[[-113.9645452,51.1359457],[-113.9646505,51.1358315],[-113.9647312,51.1358925],[-113.9646904,51.1358704],[-113.9647041,51.1357684],[-113.9647312,51.1358583],[-113.9647313,51.1357323],[-113.9646894,51.1357206],[-113.9647034,51.1359264],[-113.9647029,51.1358251],[-113.9646904,51.1358807]]}",POINT (-113.96454517662849 51.1359456903403),,,,10060 46 ST NE,201
BP2022-00585,Completed,2022-01-14,2022,2022-02-15,2023-06-06,2023,Commercial / Multi Family Project,Building,1606 - Ths Townhouse,Townhouse,Residential,New,New,New,12 Unit Townhouse,GRAVITY ARCHITECTURE,,ROHIT COMMUNITIES CALGARY,12,"$2,096,673",,#410 10060 46 ST NE,SAD,SADDLE RIDGE,51.13559505,-113.964401,14,Titled Parcel;Building;Building Suite;Building Suite;Building Suite;Building Suite;Building Suite;Building Suite;Building Suite;Building Suite;Building Suite;Building Suite;Building Suite;Building Suite,#400 10060 46 ST NE;#400 10060 46 ST NE;#409 10060 46 ST NE;#406 10060 46 ST NE;#402 10060 46 ST NE;#405 10060 46 ST NE;#412 10060 46 ST NE;#401 10060 46 ST NE;#410 10060 46 ST NE;#408 10060 46 ST NE;#404 10060 46 ST NE;#407 10060 46 ST NE;#411 10060 46 ST NE;#403 10060 46 ST NE,"MULTIPOINT (-113.96440103029836 51.13559505244299,-113.96426726507083 51.135737155094084,-113.96423420016339 51.13566445514078,-113.96422391773606 51.13576843461504,-113.96419625982072 51.135835982940065,-113.96419628649687 51.13580148988155,-113.9642240411067 51.13560878847485,-113.96422383961719 51.13586952255954,-113.96423458030682 51.13565327220356,-113.96420016959055 51.13567657169017,-113.96423445697233 51.13581291834256,-113.96422433430536 51.1357101192547,-113.9642005673921 51.13564256418233,-113.96423444815227 51.135824335122415)","{""type"":""MultiPoint"",""coordinates"":[[-113.964401,51.1355951],[-113.9642673,51.1357372],[-113.9642342,51.1356645],[-113.9642239,51.1357684],[-113.9641963,51.135836],[-113.9641963,51.1358015],[-113.964224,51.1356088],[-113.9642238,51.1358695],[-113.9642346,51.1356533],[-113.9642002,51.1356766],[-113.9642345,51.1358129],[-113.9642243,51.1357101],[-113.9642006,51.1356426],[-113.9642344,51.1358243]]}",POINT (-113.96440103029836 51.13559505244299),,,,10060 46 ST NE,201
BP2022-01536,Completed,2022-02-01,2022,2022-03-07,2023-06-13,2023,Commercial / Multi Family Project,Building,1508 - Apt Fourplex,Apartment,Residential,New,New,New,4 Unit Rowhouse - detached garage,TRICOR DESIGN GROUP,,CHANDAN HOMES,4,"$1,459,501",,3719 16 ST SW,ALT,ALTADORE,51.021532,-114.1006704,5,Titled Parcel;Building;Building;Building;Building,3715 16 ST SW;3719 16 ST SW;3717 16 ST SW;1704 37 AV SW;3721 16 ST SW,"MULTIPOINT (-114.10067035958042 51.021531997915055,-114.10074809497961 51.02141211524234,-114.10074809805799 51.02141353562366,-114.10074809961668 51.021414254804085,-114.10074809497961 51.02141211524234)","{""type"":""MultiPoint"",""coordinates"":[[-114.1006704,51.021532],[-114.1007481,51.0214121],[-114.1007481,51.0214135],[-114.1007481,51.0214143],[-114.1007481,51.0214121]]}",POINT (-114.10067035958042 51.021531997915055),,,,16 ST SW,202
BP2021-03601,Completed,2021-03-10,2021,2021-03-31,2021-11-12,2021,Commercial / Multi Family Project,Building,1706 - Rhs Rowhouse,Unspecified,Residential,New,New,New,4 Plex Rowhouse,,JAYMAN BUILT,JAYMAN BUILT,4,"$767,170",,3814 202 AV SE,SET,SETON,50.86689795,-113.949618,4,Titled Parcel;Titled Parcel;Titled Parcel;Titled Parcel,3818 202 AV SE;3826 202 AV SE;3822 202 AV SE;3814 202 AV SE,"MULTIPOINT (-113.94961801254071 50.86689794928283,-113.94945258356178 50.86694732281023,-113.94954009514908 50.86692039064753,-113.94970550973404 50.866871016989684)","{""type"":""MultiPoint"",""coordinates"":[[-113.949618,50.8668979],[-113.9494526,50.8669473],[-113.9495401,50.8669204],[-113.9497055,50.866871]]}",POINT (-113.94961801254071 50.86689794928283),,,,202 AV SE,203
BP2020-04801,Completed,2020-04-24,2020,2020-06-02,2021-01-14,2021,Commercial / Multi Family Project,Building,1706 - Rhs Rowhouse,Unspecified,Residential,New,New,New,4 Unit Rowhouse,,BAYWEST HOMES,BAYWEST HOMES,4,"$471,101",,1431A 10 AV SE,ING,INGLEWOOD,51.03858448,-114.0305665,4,Titled Parcel;Titled Parcel;Titled Parcel;Titled Parcel,1431A 10 AV SE;1431B 10 AV SE;1429 10 AV SE;1433 10 AV SE,"MULTIPOINT (-114.03056646046059 51.038584475797805,-114.03051092217609 51.03856201595267,-114.03063675956354 51.03861142661947,-114.03044060896218 51.038535065058774)","{""type"":""MultiPoint"",""coordinates"":[[-114.0305665,51.0385845],[-114.0305109,51.038562],[-114.0306368,51.0386114],[-114.0304406,51.0385351]]}",POINT (-114.03056646046059 51.038584475797805),,,,10 AV SE,204
BP2018-01127,Completed,2018-02-02,2018,2018-03-22,2019-05-27,2019,Commercial / Multi Family Project,Building,1606 - Ths Townhouse,Townhouse,Residential,New,New,New,4-plex c/w detached garage,,CALGARY TECHNOLOGY HOMES,CALGARY TECHNOLOGY HOMES,4,"$1,151,238",,#1 1816 17 ST SW,BNK,BANKVIEW,51.03728675,-114.1014138,6,Titled Parcel;Titled Parcel;Building;Building;Building;Building,1814 17 ST SW;1816 17 ST SW;#2 1816 17 ST SW;#1 1814 17 ST SW;#2 1814 17 ST SW;#1 1816 17 ST SW,"MULTIPOINT (-114.10141381840555 51.037286753947264,-114.10141381141915 51.03721823409755,-114.10106263509584 51.037207984332646,-114.10134008606911 51.03728564024684,-114.1010816708815 51.0372870506794,-114.10134938109141 51.03722616500683)","{""type"":""MultiPoint"",""coordinates"":[[-114.1014138,51.0372868],[-114.1014138,51.0372182],[-114.1010626,51.037208],[-114.1013401,51.0372856],[-114.1010817,51.0372871],[-114.1013494,51.0372262]]}",POINT (-114.10141381840555 51.037286753947264),,,,1816 17 ST SW,205
BP2020-10686,Completed,2020-08-06,2020,2020-12-17,2021-09-01,2021,Commercial / Multi Family Project,Building,1706 - Rhs Rowhouse,Unspecified,Residential,New,New,New,Rowhouse,JOHN TRINH & ASSOCIATES,,GREEN CEDAR HOMES,4,"$898,546",,301 7 AV NE,CRE,CRESCENT HEIGHTS,51.05846412,-114.0574644,2,Titled Parcel;Building,712 2 ST NE;301 7 AV NE,"MULTIPOINT (-114.05746440241332 51.05846411934036,-114.05739014152292 51.058707974807724)","{""type"":""MultiPoint"",""coordinates"":[[-114.0574644,51.0584641],[-114.0573901,51.058708]]}",POINT (-114.05746440241332 51.05846411934036),,,,7 AV NE,206
BP2017-02237,Completed,2017-03-10,2017,2017-04-28,2018-04-02,2018,Commercial / Multi Family Project,Building,1508 - Apt Fourplex,Apartment,Residential,New,New,New,"Sunlata 16, 4-plex (Pie)",RNDSQR,,,4,"$1,067,611",,1610 16 AV SW,SNA,SUNALTA,51.0387407,-114.0979564,5,Titled Parcel;Building;Building;Building;Building,1614Q 16 AV SW;1616 16 AV SW;1614 16 AV SW;1610 16 AV SW;1612 16 AV SW,"MULTIPOINT (-114.0979563549623 51.03874070192044,-114.09795860102669 51.03889299530673,-114.0979729223619 51.038800928314764,-114.09783806703264 51.038897851845846,-114.09789104314588 51.03879172849664)","{""type"":""MultiPoint"",""coordinates"":[[-114.0979564,51.0387407],[-114.0979586,51.038893],[-114.0979729,51.0388009],[-114.0978381,51.0388979],[-114.097891,51.0387917]]}",POINT (-114.0979563549623 51.03874070192044),,,,16 AV SW,207
BP2018-14237,Completed,2018-10-25,2018,2019-02-15,2020-12-29,2020,Commercial / Multi Family Project,Building,1606 - Ths Townhouse,Townhouse,Residential,New,New,New,Part 9 Group C (9.10.15/9.10.14) 5 Unit Rowhouse,CAMBRIDGE HOMES,,CAMBRIDGE HOMES,5,"$1,232,218",,2828 1 ST NW,TUX,TUXEDO PARK,51.07772977,-114.0646831,6,Titled Parcel;Building;Building;Building;Building;Building,139 28 AV NW;2828 1 ST NW;2824 1 ST NW;2822 1 ST NW;2826 1 ST NW;2820 1 ST NW,"MULTIPOINT (-114.06468307129447 51.0777297656008,-114.06477142693323 51.07770290045701,-114.06477301386951 51.07759253323545,-114.06477396290002 51.07752611692813,-114.06477268830449 51.07761488176877,-114.06477472909587 51.07747184578392)","{""type"":""MultiPoint"",""coordinates"":[[-114.0646831,51.0777298],[-114.0647714,51.0777029],[-114.064773,51.0775925],[-114.064774,51.0775261],[-114.0647727,51.0776149],[-114.0647747,51.0774718]]}",POINT (-114.06468307129447 51.0777297656008),,,,1 ST NW,208
BP2022-01946,Completed,2022-02-08,2022,2022-05-06,2022-09-06,2022,Commercial / Multi Family Project,Building,1606 - Ths Townhouse,Townhouse,Residential,New,New,New,3 unit Rowhouse,,CARDEL HOMES,CARDEL HOMES,3,"$771,776",,819 SHAWNEE TC SW,SHS,SHAWNEE SLOPES,50.9237967,-114.0865605,3,Titled Parcel;Titled Parcel;Titled Parcel,819 SHAWNEE TC SW;815 SHAWNEE TC SW;811 SHAWNEE TC SW,"MULTIPOINT (-114.08656047381608 50.92379669861852,-114.08666791059795 50.923792123968134,-114.0867787409385 50.92379204165823)","{""type"":""MultiPoint"",""coordinates"":[[-114.0865605,50.9237967],[-114.0866679,50.9237921],[-114.0867787,50.923792]]}",POINT (-114.08656047381608 50.92379669861852),,,,SHAWNEE TC SW,209
BP2018-02546,Completed,2018-03-09,2018,2018-04-10,2019-01-14,2019,Commercial / Multi Family Project,Building,1706 - Rhs Rowhouse,Unspecified,Residential,New,New,New,4 Unit Rowhouses 9.10.15. and related detached garages 9.10.14.,BMP CONSTRUCTION MANAGEMENT,,,4,"$924,593",,2401 32 AV SW,RIC,RICHMOND,51.02478236,-114.1146915,5,Titled Parcel;Building;Building;Building;Building,2403 32 AV SW;3303 22 ST SW;2401 32 AV SW;3305 22 ST SW;3307 22 ST SW,"MULTIPOINT (-114.11469153591193 51.02478236448108,-114.11460123045151 51.024734843265215,-114.11460078131066 51.02474346489289,-114.11460121065797 51.024726815422056,-114.11460213677879 51.02472086328761)","{""type"":""MultiPoint"",""coordinates"":[[-114.1146915,51.0247824],[-114.1146012,51.0247348],[-114.1146008,51.0247435],[-114.1146012,51.0247268],[-114.1146021,51.0247209]]}",POINT (-114.11469153591193 51.02478236448108),,,,32 AV SW,210
BP2019-03406,Completed,2019-04-02,2019,2019-04-23,2020-04-13,2020,Commercial / Multi Family Project,Building,1706 - Rhs Rowhouse,Unspecified,Residential,New,New,New,Highland Park Rowhouse (non-stacked 4-plex),AMAYA ARCHITECTURAL DESIGN,,,4,"$840,566",,3807A 2 ST NW,HPK,HIGHLAND PARK,51.08630471,-114.0668365,5,Titled Parcel;Building;Building;Building;Building,3809 2 ST NW;3807A 2 ST NW;3809A 2 ST NW;3809B 2 ST NW;3807B 2 ST NW,"MULTIPOINT (-114.06683645526677 51.086304705880075,-114.06687122876012 51.08624771845699,-114.06686937040313 51.086265564015044,-114.06686937897082 51.086271506182065,-114.06686747259029 51.086256045039825)","{""type"":""MultiPoint"",""coordinates"":[[-114.0668365,51.0863047],[-114.0668712,51.0862477],[-114.0668694,51.0862656],[-114.0668694,51.0862715],[-114.0668675,51.086256]]}",POINT (-114.06683645526677 51.086304705880075),,,,2 ST NW,211
BP2019-07616,Completed,2019-06-17,2019,2019-10-08,2021-03-25,2021,Commercial / Multi Family Project,Building,1706 - Rhs Rowhouse,Unspecified,Residential,New,New,New,6 Unit Residential Row TownHouse - Aldebaran Enterprises,ALDEBARAN ENTERPRISES,,,6,"$1,750,862",,2100 17A ST SW,BNK,BANKVIEW,51.0363678,-114.102732,7,Titled Parcel;Building;Building;Building;Building;Building;Building,2104 17A ST SW;2110 17A ST SW;2100 17A ST SW;2108 17A ST SW;2102 17A ST SW;2104 17A ST SW;2106 17A ST SW,"MULTIPOINT (-114.10273200943176 51.0363678033187,-114.10250736348372 51.03624688168074,-114.1025063327703 51.036451803913316,-114.10250596760412 51.03628629396525,-114.10250404496033 51.03641007550561,-114.10250394882624 51.03636650227679,-114.10250768098288 51.0363261619996)","{""type"":""MultiPoint"",""coordinates"":[[-114.102732,51.0363678],[-114.1025074,51.0362469],[-114.1025063,51.0364518],[-114.102506,51.0362863],[-114.102504,51.0364101],[-114.1025039,51.0363665],[-114.1025077,51.0363262]]}",POINT (-114.10273200943176 51.0363678033187),,,,17A ST SW,212
BP2018-12392,Completed,2018-09-14,2018,2018-09-24,2020-08-28,2020,Commercial / Multi Family Project,Building,1606 - Ths Townhouse,Townhouse,Residential,New,New,New,"M2436 4 Plex: 3 storey, 4 residential units",MP REAL ESTATE VENTURES INC.,,,4,"$781,775",,#1 2436 29 ST SW,KIL,KILLARNEY/GLENGARRY,51.03191838,-114.1293794,5,Titled Parcel;Building;Building;Building;Building,2436 29 ST SW;#1 2436 29 ST SW;#2 2438 29 ST SW;#2 2436 29 ST SW;#1 2438 29 ST SW,"MULTIPOINT (-114.1293793929644 51.03191838291196,-114.12932255128644 51.03193879863643,-114.12913526224709 51.031867456254105,-114.12913517226205 51.03194280850202,-114.12931651551554 51.03186521515915)","{""type"":""MultiPoint"",""coordinates"":[[-114.1293794,51.0319184],[-114.1293226,51.0319388],[-114.1291353,51.0318675],[-114.1291352,51.0319428],[-114.1293165,51.0318652]]}",POINT (-114.1293793929644 51.03191838291196),,,,2436 29 ST SW,213
BP2019-08097,Completed,2019-06-24,2019,2019-08-14,2019-07-10,2019,Commercial / Multi Family Project,Building,1606 - Ths Townhouse,Townhouse,Residential,New,New,New,4 plex home,QAA DESIGNS,,,4,"$400,000",,1814 42 ST SE,FLN,FOREST LAWN,51.03720985,-113.9726862,5,Titled Parcel;Building;Building;Building;Building,1814 42 ST SE;#1 1812 42 ST SE;#1 1814 42 ST SE;#2 1814 42 ST SE;#2 1812 42 ST SE,"MULTIPOINT (-113.97268622449282 51.03720985041713,-113.97259635930496 51.03724973485804,-113.97259637120919 51.037229552883645,-113.97256223718412 51.037228870644235,-113.97255796202495 51.03724905161768)","{""type"":""MultiPoint"",""coordinates"":[[-113.9726862,51.0372099],[-113.9725964,51.0372497],[-113.9725964,51.0372296],[-113.9725622,51.0372289],[-113.972558,51.0372491]]}",POINT (-113.97268622449282 51.03720985041713),,,,42 ST SE,214
BP2018-03804,Completed,2018-04-09,2018,2018-07-04,2020-07-15,2020,Commercial / Multi Family Project,Building,1606 - Ths Townhouse,Townhouse,Residential,New,New,New,"Edmonton Trail Townhouses East Block: 3 storey, 9 residential units",CLEM LAU ARCHITECTS & DESIGNERS,,,9,"$1,543,511",,#101 408 27 AV NE,WIN,WINSTON HEIGHTS/MOUNTVIEW,51.07706496,-114.055071,10,Titled Parcel;Building;Building;Building;Building;Building;Building;Building;Building;Building,408 27 AV NE;#101 408 27 AV NE;#109 408 27 AV NE;#103 408 27 AV NE;#111 408 27 AV NE;#113 408 27 AV NE;#105 408 27 AV NE;#117 408 27 AV NE;#115 408 27 AV NE;#107 408 27 AV NE,"MULTIPOINT (-114.05507099026217 51.077064957204286,-114.0548663167967 51.07708483973337,-114.05486398967469 51.07722878364181,-114.05486573176881 51.07712109540286,-114.05486337837708 51.077266963114994,-114.05486280642467 51.077302211932626,-114.05486513267147 51.0771575218827,-114.05486166310199 51.077373203999585,-114.05486220769485 51.07733895305008,-114.05486453512535 51.07719526085541)","{""type"":""MultiPoint"",""coordinates"":[[-114.055071,51.077065],[-114.0548663,51.0770848],[-114.054864,51.0772288],[-114.0548657,51.0771211],[-114.0548634,51.077267],[-114.0548628,51.0773022],[-114.0548651,51.0771575],[-114.0548617,51.0773732],[-114.0548622,51.077339],[-114.0548645,51.0771953]]}",POINT (-114.05507099026217 51.077064957204286),,,,408 27 AV NE,215
BP2018-03799,Completed,2018-04-09,2018,2018-07-04,2020-07-21,2020,Commercial / Multi Family Project,Building,1606 - Ths Townhouse,Townhouse,Residential,New,New,New,"Edmonton Trail Townhouses East Block: 3 storey, 8 residential units",CLEM LAU ARCHITECTS & DESIGNERS,,,8,"$1,652,818",,2802 EDMONTON TR NE,WIN,WINSTON HEIGHTS/MOUNTVIEW,51.07706496,-114.055071,9,Titled Parcel;Building;Building;Building;Building;Building;Building;Building;Building,408 27 AV NE;2810 EDMONTON TR NE;2802 EDMONTON TR NE;2806 EDMONTON TR NE;2812 EDMONTON TR NE;406 27 AV NE;2808 EDMONTON TR NE;2814 EDMONTON TR NE;2804 EDMONTON TR NE,"MULTIPOINT (-114.05507099026217 51.077064957204286,-114.05524749016384 51.07726998255304,-114.05524326253182 51.07712320998495,-114.05524536124419 51.077195899576125,-114.05524860692336 51.07730899725195,-114.05524227997545 51.07708903167124,-114.05524641855179 51.077232927583566,-114.05525016967259 51.07736301552151,-114.05524436386816 51.077161262796)","{""type"":""MultiPoint"",""coordinates"":[[-114.055071,51.077065],[-114.0552475,51.07727],[-114.0552433,51.0771232],[-114.0552454,51.0771959],[-114.0552486,51.077309],[-114.0552423,51.077089],[-114.0552464,51.0772329],[-114.0552502,51.077363],[-114.0552444,51.0771613]]}",POINT (-114.05507099026217 51.077064957204286),,,,EDMONTON TR NE,215
BP2021-20311,Completed,2021-11-26,2021,2022-02-18,2023-10-27,2023,Commercial / Multi Family Project,Building,1706 - Rhs Rowhouse,Unspecified,Residential,New,New,New,New 4-plex with Secondary Suites.,TRICOR DESIGN GROUP,,CHANDAN HOMES,4,"$799,400",,#3B 202 25 AV NW,TUX,TUXEDO PARK,51.07528421,-114.0653281,9,Titled Parcel;Building;Building;Building;Building;Building Suite;Building Suite;Building Suite;Building Suite,202 25 AV NW;#3 202 25 AV NW;#1 202 25 AV NW;#2 202 25 AV NW;#4 202 25 AV NW;#4B 202 25 AV NW;#3B 202 25 AV NW;#1B 202 25 AV NW;#2B 202 25 AV NW,"MULTIPOINT (-114.06532813415014 51.07528421256819,-114.06525696755423 51.07542481505932,-114.06525595697198 51.07532520090323,-114.06525594371384 51.07537664888879,-114.06525703236902 51.07547089615747,-114.06518479863043 51.07546172202698,-114.06518377995206 51.07540702035095,-114.0651798777411 51.07531098570159,-114.0651855850617 51.07535112147156)","{""type"":""MultiPoint"",""coordinates"":[[-114.0653281,51.0752842],[-114.065257,51.0754248],[-114.065256,51.0753252],[-114.0652559,51.0753766],[-114.065257,51.0754709],[-114.0651848,51.0754617],[-114.0651838,51.075407],[-114.0651799,51.075311],[-114.0651856,51.0753511]]}",POINT (-114.06532813415014 51.07528421256819),,,,202 25 AV NW,216
BP2018-03489,Completed,2018-04-02,2018,2018-12-13,2020-03-19,2020,Commercial / Multi Family Project,Building,1508 - Apt Fourplex,Apartment,Residential,New,New,New,Part 9 Residential 2 Storey 4-Plex & Garage,SUPERIOR DRAFTING & DESIGN,,,4,"$764,100",,#1 139 24 AV NE,TUX,TUXEDO PARK,51.07407011,-114.0603696,5,Titled Parcel;Building Suite;Building Suite;Building Suite;Building Suite,137 24 AV NE;#2 137 24 AV NE;#2 139 24 AV NE;#1 139 24 AV NE;#1 137 24 AV NE,"MULTIPOINT (-114.06036962126691 51.07407010604526,-114.06028879244043 51.0739010966585,-114.06037261289056 51.07390176358711,-114.06037273374703 51.07399464499041,-114.06028891436729 51.07399493096835)","{""type"":""MultiPoint"",""coordinates"":[[-114.0603696,51.0740701],[-114.0602888,51.0739011],[-114.0603726,51.0739018],[-114.0603727,51.0739946],[-114.0602889,51.0739949]]}",POINT (-114.06036962126691 51.07407010604526),,,,139 24 AV NE,217
BP2019-11075,Completed,2019-08-16,2019,2019-09-04,2020-10-14,2020,Commercial / Multi Family Project,Building,1706 - Rhs Rowhouse,Unspecified,Residential,New,New,New,3 plex rowhouse,BERESINA HOMES,,,3,"$900,000",,523 8 ST NE,BRD,BRIDGELAND/RIVERSIDE,51.0570093,-114.0435687,4,Titled Parcel;Building;Building;Building,829 5 AV NE;523 8 ST NE;833 5 AV NE;831 5 AV NE,"MULTIPOINT (-114.0435686778202 51.05700929616565,-114.04321961400787 51.05699427808255,-114.04331928236738 51.05701282292819,-114.04341715072371 51.05701315519568)","{""type"":""MultiPoint"",""coordinates"":[[-114.0435687,51.0570093],[-114.0432196,51.0569943],[-114.0433193,51.0570128],[-114.0434172,51.0570132]]}",POINT (-114.0435686778202 51.05700929616565),,,,8 ST NE,218
BP2020-16509,Completed,2020-11-10,2020,2021-03-10,2023-03-22,2023,Commercial / Multi Family Project,Building,1706 - Rhs Rowhouse,Unspecified,Residential,New,New,New,4 Plex townhouse,,0,,4,"$837,660",,#4 4423 BOWNESS RD NW,MON,MONTGOMERY,51.06964625,-114.156745,6,Titled Parcel;Building;Building Suite;Building Suite;Building Suite;Building Suite,4423 BOWNESS RD NW;4423 BOWNESS RD NW;#2 4423 BOWNESS RD NW;#3 4423 BOWNESS RD NW;#1 4423 BOWNESS RD NW;#4 4423 BOWNESS RD NW,"MULTIPOINT (-114.1567450063336 51.06964624753384,-114.15694248223686 51.06954580134955,-114.1569225390438 51.06950896135521,-114.15687573589787 51.06962616897482,-114.15680855951125 51.06957511669051,-114.15700389567262 51.069567725674176)","{""type"":""MultiPoint"",""coordinates"":[[-114.156745,51.0696462],[-114.1569425,51.0695458],[-114.1569225,51.069509],[-114.1568757,51.0696262],[-114.1568086,51.0695751],[-114.1570039,51.0695677]]}",POINT (-114.1567450063336 51.06964624753384),,,,4423 BOWNESS RD NW,219
BP2018-08382,Completed,2018-06-27,2018,2018-08-20,2019-04-24,2019,Commercial / Multi Family Project,Building,1606 - Ths Townhouse,Townhouse,Residential,New,New,New,4 Unit Rowhouses - New Build,URBAN INDIGO FINE HOMES,,,4,"$1,000,000",,2242 26A ST SW,KIL,KILLARNEY/GLENGARRY,51.0333615,-114.1250098,5,Titled Parcel;Building;Building;Building;Building,2240 26A ST SW;2636 23 AV SW;2634 23 AV SW;2242 26A ST SW;2632 23 AV SW,"MULTIPOINT (-114.12500977558074 51.03336149963574,-114.12485660173729 51.03331026894889,-114.12475135495374 51.03331002175137,-114.1249392063335 51.03330982107912,-114.12467553576387 51.0333101026597)","{""type"":""MultiPoint"",""coordinates"":[[-114.1250098,51.0333615],[-114.1248566,51.0333103],[-114.1247514,51.03331],[-114.1249392,51.0333098],[-114.1246755,51.0333101]]}",POINT (-114.12500977558074 51.03336149963574),,,,26A ST SW,220
BP2019-13761,Completed,2019-10-07,2019,2019-12-20,2020-10-30,2020,Commercial / Multi Family Project,Building,1706 - Rhs Rowhouse,Unspecified,Residential,New,New,New,Part 9 - Custom Rowhouse Development c/w secondary suite,,STONE WEST HOMES,STONE WEST HOMES,6,"$937,892",,#2B 460 19 AV NE,WIN,WINSTON HEIGHTS/MOUNTVIEW,51.0698338,-114.0528002,7,Titled Parcel;Building;Building;Building;Building;Building Suite;Building Suite,460 19 AV NE;#2 460 19 AV NE;#4 460 19 AV NE;#3 460 19 AV NE;#1 460 19 AV NE;#3B 460 19 AV NE;#2B 460 19 AV NE,"MULTIPOINT (-114.05280024842114 51.0698337996709,-114.05275222764655 51.069914791532746,-114.05273066173173 51.07002215619782,-114.05274994891865 51.06996870376102,-114.05272926768508 51.069862661660665,-114.05267107116904 51.06996682452169,-114.05267125802948 51.06991774969333)","{""type"":""MultiPoint"",""coordinates"":[[-114.0528002,51.0698338],[-114.0527522,51.0699148],[-114.0527307,51.0700222],[-114.0527499,51.0699687],[-114.0527293,51.0698627],[-114.0526711,51.0699668],[-114.0526713,51.0699177]]}",POINT (-114.05280024842114 51.0698337996709),,,,460 19 AV NE,221
BP2019-15066,Completed,2019-11-04,2019,2019-11-15,2020-11-13,2020,Commercial / Multi Family Project,Building,1606 - Ths Townhouse,Townhouse,Residential,New,New,New,4 plex rowhouse and accessory buildings,,SHEMSHO CONSTRUCTION,SHEMSHO CONSTRUCTION,4,"$852,257",,2808 ERLTON ST SW,ERL,ERLTON,51.0285844,-114.0620188,4,Titled Parcel;Building;Building;Building,55 28 AV SW;53 28 AV SW;2810 ERLTON ST SW;2808 ERLTON ST SW,"MULTIPOINT (-114.06201875856794 51.028584404041226,-114.06197319284776 51.02854889169563,-114.06197339939894 51.02844721740897,-114.06197325332056 51.02849802760595)","{""type"":""MultiPoint"",""coordinates"":[[-114.0620188,51.0285844],[-114.0619732,51.0285489],[-114.0619734,51.0284472],[-114.0619733,51.028498]]}",POINT (-114.06201875856794 51.028584404041226),,,,ERLTON ST SW,222
BP2019-06913,Completed,2019-06-05,2019,2019-07-12,2022-07-15,2022,Commercial / Multi Family Project,Building,1606 - Ths Townhouse,Townhouse,Residential,New,New,New,Arrive At Crestmont - Building L,GRAVITY ARCHITECTURE,,PARTNERS DEVELOPMENT GROUP,6,"$1,162,075",,51 CRESTRIDGE CM SW,CRM,CRESTMONT,51.08086775,-114.2590511,13,Titled Parcel;Titled Parcel;Titled Parcel;Titled Parcel;Titled Parcel;Titled Parcel;Titled Parcel;Building;Building;Building;Building;Building;Building,12111 TRANS CANADA HI SW;53 CRESTRIDGE CM SW;59 CRESTRIDGE CM SW;57 CRESTRIDGE CM SW;55 CRESTRIDGE CM SW;51 CRESTRIDGE CM SW;61 CRESTRIDGE CM SW;53 CRESTRIDGE CM SW;55 CRESTRIDGE CM SW;61 CRESTRIDGE CM SW;59 CRESTRIDGE CM SW;51 CRESTRIDGE CM SW;57 CRESTRIDGE CM SW,"MULTIPOINT (-114.25905112326005 51.08086774593192,-114.27027116024365 51.08655080164845,-114.27031929101662 51.086712504781985,-114.27030010724977 51.08665861100004,-114.27028406366242 51.086604709955076,-114.27022748831943 51.08648797476991,-114.27025624112511 51.08677557836507,-114.2700930468917 51.08656405951927,-114.27009939482048 51.086617326742676,-114.27012752756936 51.08677899524347,-114.27012119068578 51.086727633811584,-114.27007763225049 51.08651271905385,-114.27011176136894 51.08666486261824)","{""type"":""MultiPoint"",""coordinates"":[[-114.2590511,51.0808677],[-114.2702712,51.0865508],[-114.2703193,51.0867125],[-114.2703001,51.0866586],[-114.2702841,51.0866047],[-114.2702275,51.086488],[-114.2702562,51.0867756],[-114.270093,51.0865641],[-114.2700994,51.0866173],[-114.2701275,51.086779],[-114.2701212,51.0867276],[-114.2700776,51.0865127],[-114.2701118,51.0866649]]}",POINT (-114.25905112326005 51.08086774593192),,,,CRESTRIDGE CM SW,223
